AXFMSFP Flymaster Live, V1.0, S/N 710885
HFFXA010
HFPLTPILOT:peter thompson
HFGTYGLIDERTYPE: 
HFGIDGLIDERID:
HFDTM100GPSDATUM:WGS-1984
HFCIDCOMPETITIONID:483
HFCCLCOMPETITIONCLASS:
HOSITSITE:Chelan Butte-US
HFGPS:UBLOXNEO6
HFPRSPRESSALTSENSOR:NA
HFRFWFIRMWAREVERSION:203f
HFRHWHARDWAREVERSION:1.0R2
HFFTYFRTYPE:FLYMASTER,LIVE
HFDTE260625
B1840454748245N12002364WA0110901124
B1840464748245N12002367WA0110801124
B1840474748245N12002370WA0110801124
B1840484748245N12002372WA0110801125
B1840494748245N12002374WA0110801124
B1840504748244N12002376WA0110701123
B1840514748244N12002380WA0110701122
B1840524748243N12002384WA0110601121
B1840534748242N12002388WA0110601119
B1840544748241N12002393WA0110501118
B1840554748239N12002396WA0110501118
B1840564748237N12002400WA0110401118
B1840574748236N12002403WA0110401118
B1840584748235N12002404WA0110401120
B1840594748234N12002405WA0110401121
B1841004748232N12002406WA0110401121
B1841014748231N12002407WA0110401121
B1841024748229N12002409WA0110401119
B1841034748227N12002410WA0110301118
B1841044748225N12002412WA0110301117
B1841054748223N12002414WA0110301117
B1841064748221N12002416WA0110301117
B1841074748220N12002418WA0110301117
B1841084748219N12002420WA0110301117
B1841094748217N12002420WA0110301116
B1841104748215N12002421WA0110301115
B1841114748213N12002423WA0110201114
B1841124748211N12002426WA0110201115
B1841134748210N12002430WA0110201116
B1841144748209N12002433WA0110201119
B1841154748210N12002435WA0110301121
B1841164748209N12002438WA0110401123
B1841174748208N12002440WA0110501125
B1841184748207N12002442WA0110501124
B1841194748205N12002445WA0110501122
B1841204748202N12002448WA0110501121
B1841214748200N12002450WA0110501120
B1841224748198N12002451WA0110401119
B1841234748196N12002452WA0110401119
B1841244748194N12002453WA0110401119
B1841254748192N12002455WA0110401117
B1841264748190N12002457WA0110301116
B1841274748187N12002460WA0110201114
B1841284748185N12002462WA0110101113
B1841294748182N12002464WA0110101112
B1841304748180N12002466WA0110001112
B1841314748178N12002468WA0109901111
B1841324748176N12002471WA0109801110
B1841334748174N12002474WA0109801108
B1841344748173N12002478WA0109601106
B1841354748172N12002483WA0109501104
B1841364748171N12002488WA0109401102
B1841374748170N12002492WA0109301101
B1841384748170N12002497WA0109101100
B1841394748169N12002501WA0109001100
B1841404748169N12002506WA0108901099
B1841414748169N12002511WA0108901100
B1841424748170N12002515WA0108901100
B1841434748171N12002519WA0108901101
B1841444748172N12002523WA0108801101
B1841454748173N12002528WA0108801101
B1841464748174N12002533WA0108801102
B1841474748174N12002538WA0108701102
B1841484748174N12002543WA0108701102
B1841494748174N12002548WA0108701103
B1841504748175N12002555WA0108701103
B1841514748176N12002560WA0108701105
B1841524748176N12002565WA0108801106
B1841534748177N12002569WA0108801107
B1841544748177N12002574WA0108801107
B1841554748177N12002579WA0108801106
B1841564748177N12002585WA0108801105
B1841574748178N12002591WA0108801106
B1841584748178N12002595WA0108901107
B1841594748178N12002599WA0108901109
B1842004748178N12002602WA0109001111
B1842014748179N12002605WA0109101112
B1842024748179N12002610WA0109201113
B1842034748180N12002614WA0109201115
B1842044748179N12002619WA0109401118
B1842054748179N12002622WA0109501121
B1842064748179N12002625WA0109701125
B1842074748179N12002627WA0109901128
B1842084748180N12002629WA0110101130
B1842094748180N12002631WA0110301131
B1842104748178N12002632WA0110401131
B1842114748176N12002630WA0110501131
B1842124748173N12002623WA0110601130
B1842134748172N12002613WA0110601128
B1842144748171N12002602WA0110701128
B1842154748171N12002593WA0110701129
B1842164748170N12002585WA0110801131
B1842174748168N12002579WA0110801130
B1842184748165N12002573WA0110901129
B1842194748162N12002566WA0110901128
B1842204748158N12002560WA0110901129
B1842214748154N12002554WA0110901130
B1842224748150N12002551WA0111001133
B1842234748147N12002550WA0111101135
B1842244748143N12002549WA0111201138
B1842254748140N12002550WA0111301140
B1842264748138N12002553WA0111501143
B1842274748137N12002556WA0111601146
B1842284748139N12002560WA0111801148
B1842294748142N12002564WA0112001151
B1842304748147N12002567WA0112201153
B1842314748152N12002568WA0112401157
B1842324748157N12002570WA0112701160
B1842334748161N12002571WA0112901163
B1842344748164N12002574WA0113201165
B1842354748167N12002580WA0113301166
B1842364748168N12002586WA0113501167
B1842374748167N12002592WA0113701169
B1842384748165N12002596WA0113901171
B1842394748163N12002598WA0114101172
B1842404748160N12002598WA0114301172
B1842414748157N12002598WA0114401171
B1842424748154N12002596WA0114501169
B1842434748150N12002593WA0114501167
B1842444748146N12002587WA0114501165
B1842454748142N12002579WA0114501163
B1842464748140N12002570WA0114501162
B1842474748139N12002559WA0114501161
B1842484748140N12002549WA0114401160
B1842494748142N12002539WA0114401159
B1842504748145N12002529WA0114301158
B1842514748149N12002521WA0114301158
B1842524748155N12002514WA0114301158
B1842534748161N12002508WA0114301159
B1842544748167N12002505WA0114301160
B1842554748173N12002502WA0114301161
B1842564748180N12002500WA0114301162
B1842574748186N12002498WA0114301162
B1842584748192N12002496WA0114401164
B1842594748198N12002492WA0114501166
B1843004748203N12002488WA0114501168
B1843014748209N12002486WA0114601171
B1843024748214N12002486WA0114801173
B1843034748219N12002488WA0114901174
B1843044748223N12002493WA0115001175
B1843054748225N12002499WA0115101177
B1843064748224N12002504WA0115201179
B1843074748222N12002507WA0115301182
B1843084748218N12002508WA0115501183
B1843094748214N12002507WA0115601183
B1843104748211N12002506WA0115701182
B1843114748208N12002506WA0115701182
B1843124748205N12002506WA0115801183
B1843134748203N12002507WA0115901182
B1843144748202N12002509WA0115901181
B1843154748202N12002513WA0115901179
B1843164748203N12002516WA0115901178
B1843174748203N12002520WA0115901177
B1843184748203N12002523WA0115901177
B1843194748203N12002527WA0115901177
B1843204748203N12002530WA0115901178
B1843214748204N12002535WA0115901178
B1843224748205N12002539WA0115901178
B1843234748205N12002543WA0115901178
B1843244748205N12002548WA0115901176
B1843254748205N12002553WA0115801174
B1843264748205N12002559WA0115701172
B1843274748205N12002565WA0115701172
B1843284748205N12002571WA0115701173
B1843294748205N12002577WA0115701174
B1843304748205N12002583WA0115701175
B1843314748205N12002588WA0115701176
B1843324748204N12002594WA0115701175
B1843334748203N12002599WA0115701175
B1843344748202N12002604WA0115701174
B1843354748202N12002609WA0115701174
B1843364748203N12002614WA0115601174
B1843374748203N12002618WA0115601173
B1843384748204N12002622WA0115601172
B1843394748205N12002627WA0115501170
B1843404748205N12002632WA0115401168
B1843414748205N12002638WA0115301165
B1843424748205N12002645WA0115101162
B1843434748204N12002653WA0115001160
B1843444748203N12002660WA0114801159
B1843454748201N12002665WA0114701158
B1843464748199N12002671WA0114601158
B1843474748196N12002676WA0114501158
B1843484748194N12002681WA0114401158
B1843494748192N12002686WA0114401160
B1843504748190N12002692WA0114401162
B1843514748189N12002698WA0114401163
B1843524748189N12002704WA0114401164
B1843534748188N12002710WA0114501166
B1843544748187N12002716WA0114601168
B1843554748186N12002722WA0114601171
B1843564748185N12002728WA0114801173
B1843574748185N12002734WA0114901175
B1843584748184N12002739WA0115001177
B1843594748184N12002744WA0115101179
B1844004748184N12002749WA0115301181
B1844014748183N12002752WA0115401182
B1844024748183N12002756WA0115601182
B1844034748183N12002761WA0115601181
B1844044748183N12002766WA0115701181
B1844054748183N12002771WA0115801180
B1844064748182N12002775WA0115801181
B1844074748181N12002779WA0115901181
B1844084748181N12002784WA0116001182
B1844094748180N12002789WA0116001182
B1844104748181N12002795WA0116101182
B1844114748181N12002800WA0116101184
B1844124748183N12002805WA0116201185
B1844134748185N12002809WA0116301188
B1844144748188N12002812WA0116501191
B1844154748192N12002815WA0116601193
B1844164748196N12002818WA0116801196
B1844174748200N12002821WA0117001200
B1844184748204N12002824WA0117201203
B1844194748207N12002828WA0117401207
B1844204748210N12002832WA0117701211
B1844214748211N12002836WA0117901213
B1844224748212N12002841WA0118101214
B1844234748213N12002846WA0118301216
B1844244748213N12002851WA0118501218
B1844254748212N12002855WA0118701221
B1844264748210N12002858WA0118901224
B1844274748208N12002859WA0119101227
B1844284748206N12002858WA0119401229
B1844294748203N12002855WA0119601232
B1844304748201N12002851WA0119901235
B1844314748200N12002844WA0120101238
B1844324748201N12002835WA0120401240
B1844334748202N12002824WA0120501240
B1844344748205N12002813WA0120701242
B1844354748210N12002802WA0120901243
B1844364748216N12002794WA0121101246
B1844374748223N12002789WA0121301250
B1844384748230N12002786WA0121601253
B1844394748237N12002785WA0121801256
B1844404748243N12002786WA0122101260
B1844414748248N12002788WA0122401263
B1844424748253N12002792WA0122701265
B1844434748256N12002796WA0122901267
B1844444748258N12002801WA0123201269
B1844454748259N12002806WA0123401271
B1844464748259N12002810WA0123701274
B1844474748257N12002813WA0123901276
B1844484748256N12002815WA0124101279
B1844494748253N12002815WA0124301282
B1844504748250N12002813WA0124601285
B1844514748247N12002809WA0124801287
B1844524748245N12002802WA0125101288
B1844534748245N12002792WA0125301290
B1844544748247N12002782WA0125501293
B1844554748251N12002773WA0125701297
B1844564748257N12002765WA0126001300
B1844574748263N12002759WA0126201303
B1844584748270N12002755WA0126501306
B1844594748277N12002753WA0126801309
B1845004748283N12002754WA0127101311
B1845014748289N12002757WA0127301313
B1845024748294N12002762WA0127501313
B1845034748298N12002767WA0127701314
B1845044748300N12002773WA0127901317
B1845054748301N12002778WA0128101318
B1845064748301N12002782WA0128301320
B1845074748300N12002786WA0128501322
B1845084748299N12002789WA0128701324
B1845094748297N12002792WA0128901325
B1845104748294N12002794WA0129101328
B1845114748291N12002793WA0129201329
B1845124748287N12002790WA0129501331
B1845134748284N12002784WA0129601332
B1845144748282N12002777WA0129701333
B1845154748280N12002769WA0129901334
B1845164748280N12002762WA0130101336
B1845174748280N12002754WA0130201339
B1845184748280N12002747WA0130401340
B1845194748279N12002739WA0130601341
B1845204748278N12002731WA0130701341
B1845214748277N12002724WA0130801341
B1845224748274N12002717WA0131001342
B1845234748272N12002711WA0131101342
B1845244748269N12002707WA0131201342
B1845254748265N12002703WA0131201343
B1845264748262N12002699WA0131401345
B1845274748260N12002694WA0131501348
B1845284748258N12002690WA0131701350
B1845294748256N12002687WA0131801352
B1845304748253N12002684WA0132001353
B1845314748250N12002683WA0132101355
B1845324748248N12002682WA0132301358
B1845334748246N12002681WA0132401361
B1845344748244N12002681WA0132701363
B1845354748243N12002682WA0132801364
B1845364748240N12002684WA0133101366
B1845374748237N12002684WA0133201367
B1845384748234N12002684WA0133401369
B1845394748230N12002682WA0133501370
B1845404748226N12002679WA0133701370
B1845414748223N12002674WA0133801369
B1845424748219N12002667WA0133901368
B1845434748216N12002659WA0133901366
B1845444748214N12002650WA0134001365
B1845454748213N12002640WA0134001365
B1845464748214N12002631WA0134001366
B1845474748217N12002624WA0134101369
B1845484748222N12002618WA0134201372
B1845494748227N12002614WA0134301375
B1845504748232N12002612WA0134501378
B1845514748238N12002612WA0134601381
B1845524748243N12002612WA0134901384
B1845534748248N12002613WA0135101387
B1845544748253N12002616WA0135301391
B1845554748257N12002621WA0135501394
B1845564748259N12002628WA0135801397
B1845574748259N12002635WA0136001400
B1845584748258N12002641WA0136301402
B1845594748255N12002645WA0136401404
B1846004748252N12002646WA0136701404
B1846014748248N12002646WA0136801402
B1846024748243N12002645WA0136901400
B1846034748239N12002641WA0136901398
B1846044748235N12002637WA0136901395
B1846054748232N12002631WA0136901393
B1846064748230N12002624WA0136801390
B1846074748229N12002616WA0136801388
B1846084748227N12002609WA0136701387
B1846094748226N12002602WA0136601386
B1846104748225N12002596WA0136501385
B1846114748226N12002590WA0136501385
B1846124748227N12002583WA0136401383
B1846134748229N12002576WA0136401381
B1846144748233N12002568WA0136201378
B1846154748237N12002561WA0136101376
B1846164748241N12002553WA0135901375
B1846174748246N12002546WA0135801374
B1846184748250N12002540WA0135701374
B1846194748255N12002535WA0135601372
B1846204748260N12002528WA0135501369
B1846214748267N12002520WA0135301366
B1846224748273N12002511WA0135201365
B1846234748279N12002502WA0135101366
B1846244748284N12002493WA0135001369
B1846254748289N12002487WA0135001372
B1846264748295N12002481WA0135101375
B1846274748302N12002477WA0135101375
B1846284748309N12002472WA0135101376
B1846294748315N12002468WA0135201378
B1846304748321N12002463WA0135301381
B1846314748326N12002459WA0135401385
B1846324748332N12002456WA0135501387
B1846334748337N12002455WA0135601390
B1846344748343N12002455WA0135801391
B1846354748349N12002456WA0136001394
B1846364748355N12002456WA0136201398
B1846374748360N12002457WA0136401401
B1846384748365N12002460WA0136601404
B1846394748369N12002465WA0136701405
B1846404748373N12002470WA0137001408
B1846414748376N12002475WA0137201411
B1846424748380N12002480WA0137501416
B1846434748383N12002484WA0137701420
B1846444748384N12002489WA0138101424
B1846454748385N12002493WA0138301428
B1846464748384N12002498WA0138701432
B1846474748383N12002503WA0139001436
B1846484748382N12002507WA0139401441
B1846494748381N12002510WA0139701445
B1846504748379N12002512WA0140101448
B1846514748376N12002513WA0140301450
B1846524748373N12002513WA0140701451
B1846534748369N12002512WA0140901453
B1846544748366N12002510WA0141201454
B1846554748363N12002506WA0141401455
B1846564748360N12002501WA0141601455
B1846574748358N12002494WA0141701454
B1846584748356N12002486WA0141801453
B1846594748354N12002478WA0141901452
B1847004748353N12002471WA0142001452
B1847014748353N12002464WA0142001452
B1847024748353N12002458WA0142201453
B1847034748353N12002451WA0142201453
B1847044748354N12002443WA0142301453
B1847054748356N12002434WA0142301452
B1847064748359N12002425WA0142301452
B1847074748362N12002416WA0142301452
B1847084748366N12002408WA0142401453
B1847094748369N12002401WA0142501454
B1847104748372N12002395WA0142501455
B1847114748375N12002387WA0142601455
B1847124748377N12002379WA0142601455
B1847134748379N12002370WA0142601454
B1847144748381N12002361WA0142701454
B1847154748383N12002351WA0142701455
B1847164748385N12002342WA0142701456
B1847174748386N12002333WA0142801456
B1847184748387N12002323WA0142801456
B1847194748389N12002313WA0142801456
B1847204748392N12002302WA0142801457
B1847214748397N12002292WA0142901458
B1847224748402N12002282WA0143001461
B1847234748408N12002274WA0143001463
B1847244748414N12002267WA0143201465
B1847254748420N12002260WA0143301467
B1847264748426N12002253WA0143401469
B1847274748433N12002247WA0143501471
B1847284748440N12002242WA0143701474
B1847294748447N12002240WA0143801475
B1847304748453N12002241WA0144001476
B1847314748460N12002244WA0144101477
B1847324748465N12002249WA0144201478
B1847334748468N12002253WA0144301481
B1847344748470N12002258WA0144501483
B1847354748469N12002263WA0144701486
B1847364748468N12002267WA0144901488
B1847374748467N12002269WA0145101492
B1847384748466N12002269WA0145401495
B1847394748464N12002267WA0145501498
B1847404748462N12002264WA0145701498
B1847414748460N12002260WA0145901498
B1847424748458N12002256WA0146001498
B1847434748457N12002251WA0146201500
B1847444748457N12002246WA0146401502
B1847454748456N12002241WA0146501503
B1847464748455N12002234WA0146601503
B1847474748453N12002227WA0146701503
B1847484748452N12002219WA0146801504
B1847494748452N12002210WA0146901505
B1847504748454N12002200WA0147001507
B1847514748457N12002190WA0147201509
B1847524748461N12002180WA0147301511
B1847534748465N12002169WA0147501513
B1847544748470N12002160WA0147701516
B1847554748477N12002153WA0147801519
B1847564748484N12002149WA0148001521
B1847574748492N12002148WA0148101521
B1847584748499N12002150WA0148301522
B1847594748504N12002154WA0148401523
B1848004748508N12002159WA0148601524
B1848014748510N12002165WA0148701525
B1848024748512N12002171WA0148901527
B1848034748514N12002176WA0149001531
B1848044748515N12002181WA0149301534
B1848054748516N12002186WA0149401537
B1848064748516N12002191WA0149701539
B1848074748515N12002195WA0149801540
B1848084748513N12002199WA0150001540
B1848094748511N12002202WA0150101540
B1848104748508N12002203WA0150201541
B1848114748506N12002203WA0150301541
B1848124748503N12002200WA0150401540
B1848134748501N12002196WA0150401540
B1848144748499N12002192WA0150501541
B1848154748498N12002186WA0150601542
B1848164748496N12002180WA0150701544
B1848174748495N12002174WA0150801545
B1848184748494N12002167WA0150901547
B1848194748495N12002159WA0151001550
B1848204748499N12002151WA0151201553
B1848214748504N12002142WA0151401555
B1848224748509N12002133WA0151601557
B1848234748514N12002125WA0151701559
B1848244748519N12002117WA0151901561
B1848254748526N12002110WA0152001563
B1848264748533N12002104WA0152201564
B1848274748540N12002099WA0152301565
B1848284748548N12002095WA0152501567
B1848294748556N12002094WA0152601569
B1848304748563N12002094WA0152901571
B1848314748569N12002097WA0153001572
B1848324748574N12002102WA0153201573
B1848334748577N12002108WA0153301574
B1848344748578N12002114WA0153501575
B1848354748579N12002120WA0153601577
B1848364748577N12002123WA0153801579
B1848374748576N12002125WA0153901581
B1848384748573N12002124WA0154001582
B1848394748571N12002122WA0154101582
B1848404748569N12002118WA0154301582
B1848414748567N12002112WA0154401582
B1848424748565N12002105WA0154401583
B1848434748564N12002098WA0154601585
B1848444748563N12002092WA0154801587
B1848454748564N12002084WA0154901589
B1848464748565N12002076WA0155101591
B1848474748568N12002067WA0155201593
B1848484748571N12002058WA0155301594
B1848494748575N12002048WA0155501595
B1848504748580N12002038WA0155601595
B1848514748586N12002030WA0155701596
B1848524748594N12002023WA0155801597
B1848534748601N12002018WA0155901598
B1848544748608N12002017WA0156101600
B1848554748614N12002019WA0156201601
B1848564748619N12002022WA0156301602
B1848574748622N12002027WA0156401603
B1848584748624N12002032WA0156601604
B1848594748625N12002038WA0156701606
B1849004748626N12002042WA0156801609
B1849014748626N12002045WA0157001612
B1849024748624N12002046WA0157101614
B1849034748622N12002046WA0157301615
B1849044748619N12002044WA0157501617
B1849054748617N12002040WA0157601620
B1849064748614N12002035WA0157801622
B1849074748612N12002028WA0158001625
B1849084748612N12002020WA0158101627
B1849094748613N12002012WA0158401630
B1849104748617N12002003WA0158501630
B1849114748623N12001993WA0158701630
B1849124748630N12001983WA0158801630
B1849134748637N12001975WA0158901631
B1849144748644N12001967WA0159001633
B1849154748650N12001962WA0159201636
B1849164748657N12001958WA0159301637
B1849174748665N12001957WA0159501638
B1849184748672N12001958WA0159701638
B1849194748678N12001960WA0159801639
B1849204748683N12001964WA0159901640
B1849214748688N12001969WA0160001642
B1849224748691N12001974WA0160201644
B1849234748693N12001978WA0160301646
B1849244748693N12001981WA0160401647
B1849254748692N12001982WA0160601649
B1849264748690N12001981WA0160701649
B1849274748688N12001979WA0160901650
B1849284748685N12001975WA0161001653
B1849294748683N12001970WA0161201656
B1849304748681N12001964WA0161401658
B1849314748679N12001957WA0161501659
B1849324748677N12001951WA0161601660
B1849334748674N12001947WA0161801661
B1849344748672N12001945WA0161901663
B1849354748670N12001944WA0162001664
B1849364748668N12001945WA0162101665
B1849374748667N12001946WA0162301666
B1849384748666N12001948WA0162401666
B1849394748664N12001951WA0162501665
B1849404748662N12001953WA0162501664
B1849414748659N12001957WA0162601663
B1849424748657N12001961WA0162601662
B1849434748654N12001966WA0162501660
B1849444748651N12001971WA0162501657
B1849454748648N12001975WA0162401655
B1849464748644N12001979WA0162301653
B1849474748641N12001982WA0162201652
B1849484748637N12001985WA0162101652
B1849494748635N12001989WA0162001651
B1849504748632N12001992WA0162001649
B1849514748629N12001996WA0161901648
B1849524748625N12001999WA0161801646
B1849534748622N12002003WA0161701645
B1849544748619N12002006WA0161601643
B1849554748616N12002010WA0161401641
B1849564748613N12002013WA0161301639
B1849574748610N12002016WA0161201637
B1849584748606N12002019WA0161101635
B1849594748604N12002021WA0160901634
B1850004748601N12002024WA0160801632
B1850014748598N12002026WA0160601630
B1850024748596N12002029WA0160501627
B1850034748593N12002032WA0160301624
B1850044748590N12002035WA0160101620
B1850054748586N12002040WA0159801616
B1850064748582N12002044WA0159501611
B1850074748577N12002049WA0159201607
B1850084748573N12002053WA0158901604
B1850094748568N12002057WA0158601601
B1850104748564N12002061WA0158301598
B1850114748560N12002065WA0158001596
B1850124748556N12002070WA0157801593
B1850134748552N12002074WA0157501591
B1850144748548N12002079WA0157201587
B1850154748543N12002083WA0156901584
B1850164748538N12002088WA0156601581
B1850174748533N12002093WA0156301577
B1850184748528N12002098WA0156001575
B1850194748523N12002102WA0155701572
B1850204748518N12002107WA0155501570
B1850214748514N12002111WA0155201567
B1850224748509N12002115WA0155001564
B1850234748504N12002119WA0154601561
B1850244748499N12002123WA0154401557
B1850254748494N12002128WA0154001553
B1850264748488N12002132WA0153701549
B1850274748483N12002137WA0153301546
B1850284748478N12002141WA0153101543
B1850294748473N12002146WA0152701540
B1850304748468N12002150WA0152501537
B1850314748462N12002154WA0152101534
B1850324748457N12002158WA0151901531
B1850334748451N12002162WA0151501528
B1850344748445N12002166WA0151301525
B1850354748439N12002171WA0150901522
B1850364748434N12002175WA0150701519
B1850374748429N12002179WA0150401517
B1850384748423N12002183WA0150201515
B1850394748418N12002187WA0149901513
B1850404748413N12002192WA0149701510
B1850414748408N12002197WA0149301507
B1850424748402N12002201WA0149101504
B1850434748396N12002206WA0148801502
B1850444748391N12002211WA0148601500
B1850454748386N12002215WA0148301498
B1850464748380N12002219WA0148101497
B1850474748375N12002223WA0147801495
B1850484748369N12002227WA0147701493
B1850494748365N12002230WA0147501494
B1850504748361N12002233WA0147401497
B1850514748359N12002237WA0147401499
B1850524748356N12002240WA0147401500
B1850534748353N12002243WA0147401501
B1850544748349N12002246WA0147401500
B1850554748344N12002248WA0147301499
B1850564748339N12002251WA0147201497
B1850574748334N12002255WA0147101496
B1850584748328N12002258WA0147001495
B1850594748323N12002261WA0147001496
B1851004748319N12002264WA0146901498
B1851014748316N12002267WA0147001501
B1851024748314N12002270WA0147101504
B1851034748311N12002272WA0147201506
B1851044748309N12002274WA0147301508
B1851054748306N12002276WA0147401508
B1851064748303N12002278WA0147501509
B1851074748300N12002280WA0147601512
B1851084748297N12002281WA0147701515
B1851094748294N12002282WA0148001519
B1851104748292N12002283WA0148101523
B1851114748289N12002284WA0148401527
B1851124748286N12002285WA0148601530
B1851134748283N12002284WA0148901532
B1851144748279N12002283WA0149101534
B1851154748275N12002280WA0149301536
B1851164748270N12002276WA0149501538
B1851174748266N12002270WA0149701540
B1851184748263N12002264WA0149901542
B1851194748259N12002258WA0150101543
B1851204748255N12002252WA0150301545
B1851214748252N12002245WA0150501546
B1851224748248N12002239WA0150701548
B1851234748245N12002231WA0150901550
B1851244748243N12002223WA0151101554
B1851254748243N12002213WA0151301557
B1851264748243N12002202WA0151501560
B1851274748245N12002192WA0151801562
B1851284748249N12002183WA0152001565
B1851294748253N12002176WA0152301568
B1851304748258N12002171WA0152401570
B1851314748263N12002168WA0152701571
B1851324748268N12002167WA0152901574
B1851334748272N12002168WA0153101576
B1851344748276N12002170WA0153301578
B1851354748279N12002173WA0153501579
B1851364748281N12002176WA0153701581
B1851374748282N12002181WA0153901583
B1851384748282N12002185WA0154101585
B1851394748281N12002187WA0154301587
B1851404748279N12002188WA0154501589
B1851414748276N12002187WA0154701590
B1851424748272N12002185WA0154801590
B1851434748268N12002181WA0155001590
B1851444748265N12002175WA0155101591
B1851454748262N12002168WA0155201591
B1851464748259N12002160WA0155301592
B1851474748257N12002149WA0155501592
B1851484748256N12002138WA0155601592
B1851494748256N12002126WA0155701595
B1851504748257N12002115WA0155801598
B1851514748260N12002107WA0156001602
B1851524748263N12002100WA0156201606
B1851534748267N12002094WA0156401608
B1851544748272N12002089WA0156601609
B1851554748278N12002083WA0156801609
B1851564748284N12002076WA0156901609
B1851574748290N12002069WA0157001610
B1851584748296N12002063WA0157101612
B1851594748302N12002059WA0157301615
B1852004748308N12002057WA0157401617
B1852014748314N12002057WA0157601620
B1852024748319N12002058WA0157701622
B1852034748323N12002060WA0158001625
B1852044748326N12002063WA0158201628
B1852054748327N12002067WA0158501631
B1852064748325N12002070WA0158601633
B1852074748322N12002073WA0158901635
B1852084748318N12002073WA0159101638
B1852094748314N12002071WA0159401640
B1852104748310N12002066WA0159501643
B1852114748306N12002059WA0159801645
B1852124748304N12002049WA0160001646
B1852134748303N12002038WA0160201647
B1852144748303N12002026WA0160401648
B1852154748306N12002015WA0160601649
B1852164748310N12002005WA0160701651
B1852174748315N12001999WA0160901653
B1852184748322N12001995WA0161001655
B1852194748328N12001994WA0161201657
B1852204748333N12001995WA0161401660
B1852214748337N12001996WA0161701662
B1852224748341N12001998WA0161801665
B1852234748345N12002000WA0162101666
B1852244748348N12002004WA0162201668
B1852254748351N12002008WA0162401670
B1852264748352N12002012WA0162601673
B1852274748352N12002016WA0162801675
B1852284748351N12002019WA0163001678
B1852294748349N12002021WA0163301680
B1852304748345N12002022WA0163401682
B1852314748342N12002020WA0163701683
B1852324748338N12002017WA0163801685
B1852334748334N12002013WA0164101686
B1852344748331N12002007WA0164201688
B1852354748329N12002000WA0164401689
B1852364748328N12001991WA0164501689
B1852374748328N12001981WA0164701689
B1852384748329N12001970WA0164801689
B1852394748332N12001959WA0164801689
B1852404748336N12001949WA0164901689
B1852414748341N12001941WA0165001689
B1852424748347N12001934WA0165101691
B1852434748352N12001929WA0165201692
B1852444748358N12001925WA0165201692
B1852454748365N12001922WA0165301692
B1852464748371N12001919WA0165401692
B1852474748377N12001917WA0165401693
B1852484748383N12001915WA0165501693
B1852494748388N12001912WA0165601695
B1852504748394N12001908WA0165701696
B1852514748400N12001905WA0165801697
B1852524748406N12001903WA0165801699
B1852534748412N12001899WA0166001700
B1852544748418N12001895WA0166001702
B1852554748423N12001890WA0166201704
B1852564748429N12001884WA0166301707
B1852574748435N12001879WA0166501709
B1852584748440N12001874WA0166601711
B1852594748446N12001869WA0166801714
B1853004748452N12001865WA0166901716
B1853014748457N12001864WA0167201718
B1853024748462N12001864WA0167301720
B1853034748465N12001868WA0167501722
B1853044748467N12001872WA0167701723
B1853054748466N12001877WA0167901724
B1853064748464N12001880WA0168001724
B1853074748460N12001881WA0168201725
B1853084748455N12001879WA0168301726
B1853094748451N12001874WA0168401727
B1853104748447N12001865WA0168501728
B1853114748445N12001855WA0168601729
B1853124748444N12001843WA0168701730
B1853134748443N12001831WA0168801731
B1853144748443N12001820WA0168901732
B1853154748444N12001809WA0169001734
B1853164748447N12001798WA0169101734
B1853174748450N12001786WA0169301735
B1853184748454N12001775WA0169301736
B1853194748459N12001764WA0169401737
B1853204748464N12001754WA0169501738
B1853214748471N12001746WA0169701740
B1853224748477N12001739WA0169801743
B1853234748483N12001734WA0170001746
B1853244748489N12001732WA0170101749
B1853254748496N12001731WA0170301751
B1853264748501N12001732WA0170401753
B1853274748506N12001734WA0170701756
B1853284748508N12001738WA0170901759
B1853294748508N12001741WA0171201762
B1853304748504N12001743WA0171301765
B1853314748500N12001740WA0171601768
B1853324748495N12001733WA0171801772
B1853334748493N12001723WA0172201775
B1853344748492N12001712WA0172401778
B1853354748494N12001700WA0172701780
B1853364748496N12001689WA0172901783
B1853374748499N12001678WA0173201786
B1853384748503N12001667WA0173501789
B1853394748508N12001658WA0173801792
B1853404748514N12001652WA0174001794
B1853414748520N12001651WA0174301796
B1853424748526N12001653WA0174401796
B1853434748531N12001656WA0174701796
B1853444748534N12001660WA0174801799
B1853454748537N12001664WA0175101803
B1853464748538N12001667WA0175301807
B1853474748537N12001670WA0175601810
B1853484748536N12001674WA0175801812
B1853494748534N12001677WA0176101814
B1853504748530N12001679WA0176301816
B1853514748526N12001679WA0176501819
B1853524748521N12001676WA0176701823
B1853534748517N12001669WA0177001825
B1853544748513N12001659WA0177201827
B1853554748511N12001649WA0177501829
B1853564748510N12001638WA0177701832
B1853574748510N12001627WA0178001834
B1853584748512N12001617WA0178101836
B1853594748515N12001606WA0178401837
B1854004748519N12001596WA0178601837
B1854014748524N12001586WA0178801838
B1854024748529N12001576WA0178901837
B1854034748535N12001567WA0179101838
B1854044748541N12001558WA0179201840
B1854054748547N12001553WA0179301841
B1854064748554N12001549WA0179401842
B1854074748560N12001547WA0179601843
B1854084748567N12001546WA0179701844
B1854094748573N12001546WA0179901846
B1854104748578N12001547WA0180001850
B1854114748581N12001548WA0180201853
B1854124748584N12001550WA0180401856
B1854134748586N12001553WA0180701858
B1854144748587N12001556WA0180801860
B1854154748588N12001560WA0181101863
B1854164748588N12001563WA0181201866
B1854174748586N12001565WA0181501869
B1854184748585N12001564WA0181701874
B1854194748582N12001562WA0182001876
B1854204748578N12001558WA0182201877
B1854214748573N12001552WA0182401878
B1854224748569N12001543WA0182601879
B1854234748567N12001531WA0182801881
B1854244748567N12001518WA0182901883
B1854254748570N12001504WA0183201885
B1854264748574N12001492WA0183301886
B1854274748579N12001482WA0183501888
B1854284748584N12001474WA0183701889
B1854294748590N12001467WA0183901890
B1854304748597N12001460WA0184001891
B1854314748604N12001454WA0184201892
B1854324748610N12001450WA0184301893
B1854334748617N12001448WA0184501895
B1854344748622N12001448WA0184601896
B1854354748626N12001449WA0184801898
B1854364748629N12001451WA0185001900
B1854374748633N12001453WA0185201902
B1854384748636N12001454WA0185301905
B1854394748639N12001456WA0185501908
B1854404748641N12001457WA0185701910
B1854414748642N12001460WA0185901911
B1854424748644N12001463WA0186101913
B1854434748645N12001465WA0186301915
B1854444748647N12001468WA0186401918
B1854454748648N12001469WA0186701921
B1854464748649N12001470WA0186901925
B1854474748648N12001471WA0187201928
B1854484748648N12001472WA0187401931
B1854494748647N12001473WA0187701933
B1854504748646N12001472WA0187901936
B1854514748643N12001469WA0188201938
B1854524748641N12001464WA0188401940
B1854534748638N12001456WA0188601940
B1854544748636N12001445WA0188801941
B1854554748636N12001433WA0189001941
B1854564748637N12001419WA0189101940
B1854574748639N12001406WA0189201940
B1854584748643N12001394WA0189301941
B1854594748649N12001384WA0189501942
B1855004748656N12001376WA0189601943
B1855014748664N12001372WA0189701943
B1855024748672N12001371WA0189701944
B1855034748678N12001372WA0189801945
B1855044748683N12001376WA0189901946
B1855054748687N12001380WA0190001948
B1855064748689N12001383WA0190101950
B1855074748691N12001386WA0190301954
B1855084748692N12001388WA0190401956
B1855094748693N12001391WA0190701958
B1855104748694N12001395WA0190801959
B1855114748696N12001397WA0191001961
B1855124748696N12001400WA0191101964
B1855134748696N12001401WA0191301966
B1855144748695N12001402WA0191501968
B1855154748692N12001401WA0191701969
B1855164748690N12001399WA0191801969
B1855174748686N12001395WA0192001969
B1855184748683N12001389WA0192001968
B1855194748680N12001380WA0192101968
B1855204748678N12001369WA0192201967
B1855214748678N12001357WA0192201968
B1855224748680N12001345WA0192301969
B1855234748683N12001333WA0192401971
B1855244748686N12001322WA0192501972
B1855254748689N12001311WA0192601973
B1855264748694N12001300WA0192701972
B1855274748699N12001289WA0192801971
B1855284748707N12001279WA0192801970
B1855294748716N12001272WA0192801970
B1855304748724N12001271WA0192801972
B1855314748731N12001271WA0192901974
B1855324748736N12001273WA0193001976
B1855334748740N12001276WA0193101978
B1855344748742N12001278WA0193201979
B1855354748742N12001281WA0193401981
B1855364748740N12001281WA0193501983
B1855374748737N12001279WA0193601985
B1855384748734N12001272WA0193701986
B1855394748731N12001262WA0193901987
B1855404748730N12001251WA0194001988
B1855414748731N12001240WA0194201991
B1855424748735N12001228WA0194301994
B1855434748742N12001218WA0194501994
B1855444748750N12001209WA0194601993
B1855454748758N12001202WA0194701994
B1855464748766N12001198WA0194701995
B1855474748773N12001197WA0194901997
B1855484748779N12001198WA0195001997
B1855494748784N12001200WA0195101998
B1855504748788N12001203WA0195201998
B1855514748790N12001207WA0195201997
B1855524748791N12001211WA0195301997
B1855534748791N12001215WA0195301997
B1855544748789N12001218WA0195401998
B1855554748787N12001220WA0195502000
B1855564748784N12001221WA0195502002
B1855574748781N12001221WA0195702004
B1855584748778N12001219WA0195702007
B1855594748777N12001215WA0195902009
B1856004748775N12001210WA0196002010
B1856014748773N12001205WA0196202010
B1856024748770N12001198WA0196202008
B1856034748767N12001189WA0196302007
B1856044748764N12001179WA0196302007
B1856054748764N12001168WA0196402008
B1856064748765N12001156WA0196402009
B1856074748769N12001144WA0196502009
B1856084748775N12001133WA0196502009
B1856094748781N12001123WA0196602008
B1856104748789N12001115WA0196602009
B1856114748796N12001110WA0196702010
B1856124748803N12001107WA0196702011
B1856134748809N12001105WA0196802012
B1856144748815N12001105WA0196902014
B1856154748820N12001106WA0196902015
B1856164748825N12001107WA0197002016
B1856174748830N12001109WA0197102017
B1856184748835N12001110WA0197202018
B1856194748839N12001111WA0197302019
B1856204748843N12001113WA0197402020
B1856214748846N12001115WA0197502021
B1856224748848N12001118WA0197602022
B1856234748849N12001120WA0197702023
B1856244748848N12001120WA0197802023
B1856254748846N12001119WA0197902023
B1856264748843N12001115WA0197902023
B1856274748840N12001107WA0197902022
B1856284748839N12001098WA0198002022
B1856294748838N12001087WA0198002021
B1856304748838N12001075WA0198002021
B1856314748840N12001062WA0198002020
B1856324748842N12001050WA0198002021
B1856334748845N12001038WA0198002021
B1856344748849N12001027WA0198102022
B1856354748854N12001017WA0198102022
B1856364748860N12001007WA0198102022
B1856374748866N12000999WA0198102022
B1856384748872N12000991WA0198102021
B1856394748879N12000985WA0198102021
B1856404748886N12000980WA0198102020
B1856414748893N12000978WA0198102020
B1856424748899N12000979WA0198102020
B1856434748904N12000982WA0198102020
B1856444748907N12000986WA0198102019
B1856454748908N12000991WA0198002019
B1856464748908N12000995WA0198002019
B1856474748907N12000998WA0198002020
B1856484748906N12000999WA0198002021
B1856494748906N12001000WA0198002022
B1856504748905N12001001WA0198102022
B1856514748904N12001002WA0198102021
B1856524748903N12001003WA0198102021
B1856534748901N12001004WA0198102020
B1856544748899N12001005WA0198102020
B1856554748897N12001005WA0198102020
B1856564748895N12001005WA0198102020
B1856574748893N12001006WA0198002019
B1856584748890N12001007WA0198002017
B1856594748887N12001008WA0197902015
B1857004748883N12001010WA0197802013
B1857014748880N12001011WA0197702013
B1857024748876N12001012WA0197602012
B1857034748873N12001012WA0197602011
B1857044748870N12001012WA0197502011
B1857054748867N12001012WA0197402010
B1857064748864N12001011WA0197402008
B1857074748860N12001010WA0197202006
B1857084748856N12001008WA0197102003
B1857094748851N12001004WA0196902000
B1857104748845N12000999WA0196701997
B1857114748841N12000992WA0196601997
B1857124748837N12000985WA0196401997
B1857134748833N12000978WA0196301996
B1857144748830N12000969WA0196201995
B1857154748826N12000961WA0196101993
B1857164748822N12000952WA0196001991
B1857174748817N12000944WA0195801988
B1857184748813N12000934WA0195601986
B1857194748808N12000925WA0195401984
B1857204748803N12000916WA0195301983
B1857214748799N12000907WA0195101982
B1857224748794N12000898WA0195001981
B1857234748790N12000889WA0194801981
B1857244748786N12000880WA0194701980
B1857254748782N12000870WA0194601978
B1857264748778N12000861WA0194501977
B1857274748773N12000851WA0194301975
B1857284748769N12000841WA0194201974
B1857294748764N12000832WA0194001973
B1857304748760N12000822WA0193901971
B1857314748756N12000812WA0193801970
B1857324748752N12000802WA0193701969
B1857334748748N12000792WA0193501968
B1857344748744N12000782WA0193401967
B1857354748740N12000773WA0193301966
B1857364748735N12000763WA0193201964
B1857374748731N12000754WA0193001963
B1857384748726N12000745WA0192901962
B1857394748722N12000735WA0192701960
B1857404748718N12000725WA0192601958
B1857414748714N12000715WA0192401957
B1857424748710N12000705WA0192301955
B1857434748706N12000695WA0192201954
B1857444748702N12000685WA0192101953
B1857454748698N12000676WA0191901951
B1857464748694N12000667WA0191801949
B1857474748689N12000659WA0191601948
B1857484748685N12000651WA0191501946
B1857494748680N12000642WA0191301945
B1857504748676N12000633WA0191201943
B1857514748672N12000623WA0191001941
B1857524748668N12000613WA0190901940
B1857534748665N12000602WA0190701938
B1857544748661N12000592WA0190601936
B1857554748657N12000581WA0190401935
B1857564748653N12000572WA0190301933
B1857574748648N12000564WA0190101931
B1857584748644N12000556WA0190001929
B1857594748639N12000548WA0189801926
B1858004748635N12000538WA0189601923
B1858014748631N12000526WA0189401921
B1858024748629N12000514WA0189201920
B1858034748626N12000502WA0189001919
B1858044748624N12000492WA0188901918
B1858054748621N12000483WA0188701917
B1858064748617N12000476WA0188601915
B1858074748613N12000469WA0188401913
B1858084748609N12000462WA0188301910
B1858094748604N12000456WA0188001907
B1858104748599N12000448WA0187901905
B1858114748594N12000439WA0187601903
B1858124748590N12000431WA0187401901
B1858134748587N12000422WA0187201901
B1858144748583N12000414WA0187101900
B1858154748580N12000406WA0186901899
B1858164748576N12000398WA0186801897
B1858174748572N12000390WA0186601894
B1858184748568N12000381WA0186501892
B1858194748563N12000373WA0186201889
B1858204748559N12000365WA0186101888
B1858214748554N12000357WA0185901887
B1858224748550N12000349WA0185801887
B1858234748547N12000340WA0185601887
B1858244748543N12000332WA0185501886
B1858254748539N12000325WA0185401886
B1858264748535N12000317WA0185301884
B1858274748530N12000310WA0185101882
B1858284748525N12000302WA0185001881
B1858294748521N12000294WA0184801880
B1858304748517N12000285WA0184701879
B1858314748514N12000276WA0184601879
B1858324748511N12000267WA0184501878
B1858334748507N12000259WA0184401876
B1858344748503N12000250WA0184301874
B1858354748499N12000242WA0184101872
B1858364748495N12000233WA0184001870
B1858374748491N12000225WA0183801869
B1858384748487N12000217WA0183801869
B1858394748483N12000211WA0183601868
B1858404748478N12000204WA0183501866
B1858414748474N12000197WA0183401865
B1858424748469N12000189WA0183301863
B1858434748464N12000182WA0183101861
B1858444748459N12000175WA0183001859
B1858454748454N12000169WA0182801858
B1858464748450N12000162WA0182701858
B1858474748446N12000156WA0182601857
B1858484748441N12000150WA0182501856
B1858494748437N12000145WA0182301855
B1858504748432N12000140WA0182301855
B1858514748428N12000135WA0182101854
B1858524748423N12000130WA0182101852
B1858534748418N12000125WA0181901851
B1858544748414N12000120WA0181801849
B1858554748409N12000113WA0181701848
B1858564748405N12000106WA0181601846
B1858574748401N12000098WA0181401846
B1858584748398N12000090WA0181301845
B1858594748394N12000083WA0181201843
B1859004748390N12000076WA0181101842
B1859014748385N12000070WA0180901840
B1859024748381N12000064WA0180801838
B1859034748376N12000058WA0180701837
B1859044748373N12000051WA0180601837
B1859054748370N12000045WA0180501836
B1859064748366N12000038WA0180401835
B1859074748363N12000031WA0180201833
B1859084748359N12000024WA0180101831
B1859094748355N12000017WA0179901829
B1859104748352N12000010WA0179801827
B1859114748348N12000004WA0179701826
B1859124748345N11959997WA0179601825
B1859134748341N11959991WA0179401824
B1859144748338N11959985WA0179301822
B1859154748334N11959979WA0179101820
B1859164748330N11959973WA0179001817
B1859174748326N11959967WA0178801815
B1859184748321N11959960WA0178601813
B1859194748317N11959954WA0178401812
B1859204748313N11959948WA0178301810
B1859214748309N11959943WA0178101810
B1859224748305N11959937WA0178001809
B1859234748301N11959931WA0177901808
B1859244748297N11959925WA0177801806
B1859254748293N11959919WA0177601804
B1859264748289N11959913WA0177501802
B1859274748284N11959906WA0177301800
B1859284748280N11959900WA0177101799
B1859294748276N11959893WA0177001798
B1859304748272N11959888WA0176901798
B1859314748268N11959882WA0176701797
B1859324748265N11959876WA0176601796
B1859334748261N11959870WA0176501794
B1859344748257N11959863WA0176401792
B1859354748252N11959856WA0176201790
B1859364748248N11959851WA0176101788
B1859374748243N11959845WA0175901787
B1859384748239N11959841WA0175801787
B1859394748235N11959836WA0175701786
B1859404748231N11959831WA0175601786
B1859414748228N11959826WA0175401784
B1859424748224N11959821WA0175301782
B1859434748219N11959816WA0175201780
B1859444748215N11959811WA0175001778
B1859454748211N11959807WA0174901777
B1859464748207N11959802WA0174801775
B1859474748202N11959798WA0174601774
B1859484748198N11959793WA0174501772
B1859494748194N11959788WA0174301769
B1859504748190N11959782WA0174101767
B1859514748186N11959777WA0173901765
B1859524748181N11959772WA0173801763
B1859534748177N11959767WA0173601761
B1859544748173N11959763WA0173401760
B1859554748168N11959758WA0173201758
B1859564748164N11959753WA0173101756
B1859574748160N11959747WA0172901754
B1859584748156N11959741WA0172701751
B1859594748151N11959736WA0172501749
B1900004748147N11959730WA0172301746
B1900014748142N11959726WA0172101744
B1900024748137N11959721WA0171901742
B1900034748133N11959716WA0171701741
B1900044748129N11959712WA0171601741
B1900054748125N11959708WA0171401741
B1900064748121N11959705WA0171401742
B1900074748118N11959703WA0171301743
B1900084748114N11959699WA0171201744
B1900094748111N11959695WA0171201744
B1900104748107N11959691WA0171201743
B1900114748103N11959687WA0171101743
B1900124748099N11959683WA0171001743
B1900134748095N11959680WA0171001744
B1900144748092N11959676WA0171001745
B1900154748088N11959673WA0171001745
B1900164748085N11959669WA0171001742
B1900174748081N11959664WA0170901740
B1900184748076N11959660WA0170801737
B1900194748073N11959656WA0170701736
B1900204748070N11959652WA0170701737
B1900214748067N11959648WA0170601737
B1900224748064N11959644WA0170601735
B1900234748061N11959639WA0170501732
B1900244748058N11959633WA0170401728
B1900254748053N11959625WA0170101724
B1900264748049N11959617WA0169901722
B1900274748045N11959610WA0169801723
B1900284748042N11959606WA0169701728
B1900294748041N11959603WA0169801731
B1900304748039N11959600WA0169801733
B1900314748038N11959597WA0169901734
B1900324748036N11959591WA0169901732
B1900334748034N11959584WA0169801731
B1900344748031N11959577WA0169801730
B1900354748029N11959571WA0169801731
B1900364748026N11959566WA0169801732
B1900374748025N11959561WA0169901734
B1900384748024N11959556WA0169901735
B1900394748022N11959550WA0170001736
B1900404748020N11959543WA0170101736
B1900414748019N11959534WA0170101737
B1900424748019N11959524WA0170101737
B1900434748022N11959513WA0170201738
B1900444748028N11959503WA0170201739
B1900454748034N11959494WA0170301743
B1900464748040N11959487WA0170401748
B1900474748045N11959481WA0170701754
B1900484748048N11959475WA0170901758
B1900494748049N11959469WA0171201761
B1900504748050N11959461WA0171301762
B1900514748050N11959453WA0171501762
B1900524748048N11959445WA0171601762
B1900534748045N11959439WA0171801763
B1900544748041N11959435WA0171901762
B1900554748036N11959434WA0172001762
B1900564748031N11959436WA0172001761
B1900574748027N11959440WA0172101762
B1900584748025N11959445WA0172201764
B1900594748024N11959451WA0172401766
B1901004748025N11959457WA0172501768
B1901014748027N11959463WA0172601770
B1901024748029N11959468WA0172701771
B1901034748033N11959474WA0172901773
B1901044748039N11959478WA0173001774
B1901054748045N11959481WA0173201775
B1901064748052N11959483WA0173301777
B1901074748059N11959482WA0173401779
B1901084748065N11959480WA0173501781
B1901094748070N11959475WA0173701782
B1901104748076N11959469WA0173801783
B1901114748081N11959462WA0174001784
B1901124748086N11959455WA0174101785
B1901134748090N11959446WA0174301787
B1901144748092N11959437WA0174401789
B1901154748094N11959427WA0174501790
B1901164748093N11959418WA0174701792
B1901174748092N11959411WA0174901795
B1901184748091N11959406WA0175001797
B1901194748088N11959402WA0175201798
B1901204748085N11959400WA0175301799
B1901214748082N11959401WA0175501799
B1901224748080N11959404WA0175601800
B1901234748079N11959409WA0175701799
B1901244748080N11959417WA0175801799
B1901254748083N11959424WA0175901802
B1901264748088N11959429WA0176001805
B1901274748093N11959433WA0176201808
B1901284748099N11959436WA0176401811
B1901294748106N11959437WA0176601812
B1901304748113N11959437WA0176701813
B1901314748119N11959437WA0176901813
B1901324748126N11959436WA0177001814
B1901334748132N11959434WA0177101815
B1901344748139N11959429WA0177201814
B1901354748144N11959423WA0177301813
B1901364748150N11959415WA0177301811
B1901374748155N11959406WA0177301810
B1901384748159N11959398WA0177401812
B1901394748162N11959390WA0177501814
B1901404748166N11959382WA0177601816
B1901414748169N11959374WA0177701818
B1901424748171N11959365WA0177801819
B1901434748172N11959355WA0177901819
B1901444748170N11959346WA0177901820
B1901454748168N11959338WA0178001820
B1901464748166N11959329WA0178101822
B1901474748164N11959321WA0178201825
B1901484748162N11959315WA0178301829
B1901494748161N11959310WA0178601833
B1901504748159N11959306WA0178701836
B1901514748157N11959302WA0179001838
B1901524748154N11959298WA0179101838
B1901534748152N11959293WA0179301839
B1901544748149N11959289WA0179401840
B1901554748145N11959285WA0179501839
B1901564748141N11959281WA0179601837
B1901574748137N11959279WA0179601834
B1901584748133N11959275WA0179601832
B1901594748129N11959272WA0179601830
B1902004748124N11959267WA0179501827
B1902014748119N11959262WA0179401825
B1902024748114N11959258WA0179301823
B1902034748109N11959254WA0179201822
B1902044748104N11959252WA0179201822
B1902054748099N11959248WA0179101823
B1902064748095N11959245WA0179101823
B1902074748090N11959241WA0179001824
B1902084748085N11959238WA0179001824
B1902094748081N11959235WA0179001825
B1902104748078N11959232WA0179001827
B1902114748074N11959230WA0179101828
B1902124748070N11959228WA0179101830
B1902134748067N11959225WA0179201831
B1902144748063N11959220WA0179301832
B1902154748059N11959215WA0179301833
B1902164748055N11959211WA0179401835
B1902174748050N11959208WA0179501837
B1902184748046N11959209WA0179601839
B1902194748043N11959212WA0179701840
B1902204748041N11959217WA0179801841
B1902214748040N11959223WA0179901842
B1902224748042N11959228WA0180001844
B1902234748046N11959232WA0180101844
B1902244748052N11959234WA0180101844
B1902254748059N11959232WA0180201845
B1902264748065N11959228WA0180301846
B1902274748070N11959222WA0180401847
B1902284748074N11959214WA0180501848
B1902294748077N11959205WA0180601849
B1902304748079N11959194WA0180701849
B1902314748080N11959183WA0180801850
B1902324748079N11959173WA0180801852
B1902334748078N11959164WA0181001854
B1902344748076N11959156WA0181101856
B1902354748073N11959149WA0181201858
B1902364748069N11959143WA0181401859
B1902374748066N11959138WA0181501861
B1902384748062N11959135WA0181601862
B1902394748057N11959133WA0181801862
B1902404748053N11959132WA0181901862
B1902414748048N11959132WA0182001861
B1902424748044N11959132WA0182001861
B1902434748039N11959133WA0182101861
B1902444748036N11959135WA0182101862
B1902454748033N11959135WA0182201863
B1902464748030N11959135WA0182201864
B1902474748027N11959135WA0182301865
B1902484748024N11959134WA0182401866
B1902494748020N11959133WA0182501866
B1902504748017N11959133WA0182501866
B1902514748014N11959132WA0182601866
B1902524748011N11959131WA0182601866
B1902534748008N11959129WA0182601864
B1902544748004N11959126WA0182601863
B1902554748000N11959123WA0182601860
B1902564747996N11959118WA0182501859
B1902574747992N11959112WA0182501858
B1902584747988N11959107WA0182501858
B1902594747985N11959101WA0182501860
B1903004747982N11959097WA0182501862
B1903014747979N11959092WA0182601863
B1903024747976N11959087WA0182601863
B1903034747973N11959080WA0182501861
B1903044747968N11959072WA0182501860
B1903054747964N11959065WA0182501860
B1903064747959N11959058WA0182401861
B1903074747955N11959052WA0182401862
B1903084747951N11959045WA0182501864
B1903094747949N11959038WA0182501867
B1903104747947N11959030WA0182601869
B1903114747946N11959022WA0182701870
B1903124747945N11959013WA0182801870
B1903134747942N11959006WA0182901870
B1903144747939N11958999WA0182901869
B1903154747935N11958992WA0182901868
B1903164747932N11958986WA0182901868
B1903174747928N11958980WA0182901869
B1903184747926N11958975WA0182901870
B1903194747923N11958970WA0183001871
B1903204747920N11958965WA0183001871
B1903214747917N11958959WA0183001871
B1903224747913N11958953WA0183001871
B1903234747910N11958947WA0183001871
B1903244747907N11958942WA0183001872
B1903254747904N11958937WA0183001873
B1903264747901N11958933WA0183101874
B1903274747899N11958928WA0183101875
B1903284747896N11958923WA0183201874
B1903294747892N11958917WA0183201874
B1903304747889N11958913WA0183201873
B1903314747885N11958908WA0183201873
B1903324747881N11958904WA0183101872
B1903334747877N11958899WA0183101872
B1903344747872N11958895WA0183101871
B1903354747868N11958890WA0183001871
B1903364747863N11958885WA0183001871
B1903374747859N11958880WA0183001871
B1903384747855N11958875WA0183001871
B1903394747851N11958870WA0183001871
B1903404747847N11958865WA0183001871
B1903414747843N11958860WA0183001871
B1903424747838N11958855WA0182901872
B1903434747834N11958850WA0182901872
B1903444747831N11958845WA0183001872
B1903454747827N11958840WA0183001873
B1903464747824N11958835WA0183001873
B1903474747820N11958830WA0183001873
B1903484747816N11958825WA0183001873
B1903494747812N11958821WA0183001872
B1903504747808N11958818WA0183001872
B1903514747803N11958815WA0183001871
B1903524747798N11958812WA0182901869
B1903534747793N11958807WA0182901868
B1903544747788N11958802WA0182801868
B1903554747784N11958795WA0182801867
B1903564747780N11958788WA0182701867
B1903574747776N11958781WA0182701868
B1903584747773N11958774WA0182701868
B1903594747769N11958767WA0182701868
B1904004747766N11958761WA0182701867
B1904014747762N11958756WA0182701867
B1904024747759N11958751WA0182701867
B1904034747755N11958746WA0182601866
B1904044747750N11958740WA0182601864
B1904054747746N11958735WA0182501862
B1904064747741N11958728WA0182401861
B1904074747736N11958722WA0182201859
B1904084747732N11958716WA0182201858
B1904094747728N11958710WA0182101858
B1904104747724N11958703WA0182001857
B1904114747719N11958697WA0181901856
B1904124747715N11958690WA0181801854
B1904134747710N11958683WA0181701852
B1904144747705N11958675WA0181601851
B1904154747700N11958668WA0181501851
B1904164747696N11958661WA0181401851
B1904174747692N11958655WA0181301851
B1904184747688N11958650WA0181301850
B1904194747684N11958644WA0181201850
B1904204747680N11958639WA0181201849
B1904214747677N11958633WA0181101849
B1904224747674N11958627WA0181101849
B1904234747670N11958621WA0181001848
B1904244747667N11958615WA0181001847
B1904254747664N11958609WA0180901846
B1904264747660N11958602WA0180801844
B1904274747657N11958595WA0180701843
B1904284747653N11958588WA0180601842
B1904294747649N11958581WA0180501841
B1904304747646N11958575WA0180401841
B1904314747643N11958569WA0180401841
B1904324747641N11958563WA0180301840
B1904334747638N11958557WA0180201839
B1904344747634N11958551WA0180101836
B1904354747631N11958545WA0180001834
B1904364747626N11958540WA0179801832
B1904374747622N11958535WA0179701830
B1904384747618N11958531WA0179601829
B1904394747615N11958527WA0179401829
B1904404747612N11958523WA0179401829
B1904414747609N11958518WA0179301827
B1904424747605N11958514WA0179201826
B1904434747601N11958509WA0179001823
B1904444747597N11958504WA0178901821
B1904454747593N11958498WA0178701819
B1904464747589N11958493WA0178601817
B1904474747585N11958487WA0178401816
B1904484747582N11958482WA0178301814
B1904494747578N11958477WA0178101813
B1904504747574N11958472WA0178001811
B1904514747571N11958467WA0177801809
B1904524747567N11958462WA0177701808
B1904534747563N11958457WA0177501806
B1904544747559N11958452WA0177401804
B1904554747555N11958447WA0177201802
B1904564747551N11958443WA0177101801
B1904574747547N11958438WA0176901799
B1904584747543N11958434WA0176801798
B1904594747538N11958429WA0176601796
B1905004747534N11958425WA0176501794
B1905014747530N11958420WA0176201792
B1905024747526N11958416WA0176101791
B1905034747522N11958411WA0175901789
B1905044747518N11958407WA0175801788
B1905054747514N11958402WA0175601787
B1905064747510N11958397WA0175501785
B1905074747506N11958393WA0175301784
B1905084747502N11958388WA0175201782
B1905094747498N11958384WA0175101780
B1905104747494N11958379WA0174901779
B1905114747490N11958375WA0174701777
B1905124747486N11958371WA0174601776
B1905134747482N11958367WA0174501776
B1905144747478N11958364WA0174401775
B1905154747475N11958360WA0174201775
B1905164747472N11958356WA0174201773
B1905174747468N11958351WA0174001772
B1905184747465N11958346WA0173901770
B1905194747461N11958341WA0173701768
B1905204747457N11958337WA0173601766
B1905214747453N11958332WA0173401763
B1905224747449N11958329WA0173301761
B1905234747445N11958325WA0173101760
B1905244747442N11958322WA0173001758
B1905254747438N11958319WA0172801756
B1905264747434N11958315WA0172601754
B1905274747430N11958312WA0172401751
B1905284747426N11958308WA0172201748
B1905294747421N11958304WA0172001746
B1905304747417N11958301WA0171801744
B1905314747412N11958297WA0171601742
B1905324747408N11958293WA0171401741
B1905334747404N11958289WA0171301740
B1905344747400N11958285WA0171101739
B1905354747396N11958281WA0171001738
B1905364747392N11958277WA0170801736
B1905374747388N11958273WA0170601734
B1905384747384N11958270WA0170501732
B1905394747380N11958267WA0170301730
B1905404747375N11958264WA0170101727
B1905414747371N11958261WA0169901725
B1905424747366N11958258WA0169701722
B1905434747360N11958255WA0169401719
B1905444747354N11958252WA0169201715
B1905454747349N11958249WA0168801711
B1905464747343N11958246WA0168601709
B1905474747337N11958242WA0168301707
B1905484747332N11958238WA0168101706
B1905494747326N11958234WA0167901704
B1905504747321N11958230WA0167701703
B1905514747316N11958226WA0167401701
B1905524747310N11958223WA0167301699
B1905534747305N11958220WA0167101699
B1905544747300N11958217WA0166901698
B1905554747296N11958213WA0166801698
B1905564747291N11958209WA0166701697
B1905574747286N11958204WA0166501696
B1905584747281N11958200WA0166401695
B1905594747276N11958196WA0166201694
B1906004747270N11958191WA0166101693
B1906014747265N11958186WA0166001692
B1906024747259N11958181WA0165901692
B1906034747254N11958175WA0165801692
B1906044747249N11958170WA0165701691
B1906054747243N11958165WA0165501689
B1906064747237N11958161WA0165501688
B1906074747232N11958156WA0165301687
B1906084747226N11958151WA0165301686
B1906094747221N11958145WA0165101686
B1906104747216N11958141WA0165101685
B1906114747210N11958137WA0164901683
B1906124747205N11958132WA0164901681
B1906134747200N11958128WA0164701679
B1906144747194N11958123WA0164601676
B1906154747188N11958118WA0164401673
B1906164747182N11958113WA0164201671
B1906174747176N11958108WA0164001669
B1906184747170N11958103WA0163901666
B1906194747164N11958099WA0163601665
B1906204747158N11958095WA0163501663
B1906214747152N11958091WA0163301661
B1906224747146N11958088WA0163101659
B1906234747140N11958085WA0163001658
B1906244747135N11958082WA0162801657
B1906254747129N11958080WA0162701656
B1906264747124N11958077WA0162601655
B1906274747118N11958074WA0162401653
B1906284747113N11958072WA0162301651
B1906294747108N11958070WA0162101649
B1906304747102N11958067WA0162001646
B1906314747096N11958064WA0161801644
B1906324747091N11958062WA0161601643
B1906334747085N11958059WA0161401641
B1906344747080N11958057WA0161301640
B1906354747074N11958056WA0161101638
B1906364747068N11958055WA0160901636
B1906374747062N11958054WA0160701635
B1906384747056N11958053WA0160601634
B1906394747050N11958052WA0160501633
B1906404747045N11958051WA0160301632
B1906414747039N11958051WA0160201630
B1906424747034N11958051WA0160101628
B1906434747028N11958052WA0159801625
B1906444747022N11958053WA0159701622
B1906454747016N11958054WA0159401619
B1906464747011N11958055WA0159301618
B1906474747005N11958056WA0159101617
B1906484746999N11958057WA0158901614
B1906494746993N11958058WA0158701612
B1906504746987N11958059WA0158501609
B1906514746980N11958060WA0158301607
B1906524746974N11958062WA0158101605
B1906534746968N11958064WA0157901604
B1906544746962N11958066WA0157701603
B1906554746956N11958067WA0157601602
B1906564746950N11958069WA0157501602
B1906574746946N11958070WA0157401603
B1906584746941N11958070WA0157301602
B1906594746935N11958071WA0157201601
B1907004746930N11958072WA0157001599
B1907014746924N11958073WA0156901597
B1907024746918N11958075WA0156801595
B1907034746912N11958076WA0156601594
B1907044746906N11958077WA0156501593
B1907054746900N11958077WA0156401592
B1907064746895N11958075WA0156301591
B1907074746889N11958074WA0156101590
B1907084746883N11958072WA0156001588
B1907094746877N11958071WA0155901586
B1907104746871N11958070WA0155801584
B1907114746864N11958070WA0155601581
B1907124746857N11958069WA0155501580
B1907134746851N11958066WA0155401581
B1907144746846N11958063WA0155301583
B1907154746841N11958059WA0155301585
B1907164746838N11958056WA0155301587
B1907174746834N11958052WA0155401588
B1907184746831N11958049WA0155401588
B1907194746828N11958047WA0155401588
B1907204746824N11958045WA0155401587
B1907214746820N11958043WA0155401585
B1907224746816N11958041WA0155401585
B1907234746812N11958040WA0155401585
B1907244746809N11958038WA0155401585
B1907254746805N11958036WA0155401584
B1907264746802N11958035WA0155301583
B1907274746798N11958034WA0155301582
B1907284746794N11958033WA0155201580
B1907294746789N11958032WA0155101578
B1907304746785N11958031WA0155101578
B1907314746781N11958029WA0155001578
B1907324746778N11958027WA0155001578
B1907334746775N11958025WA0154901578
B1907344746771N11958023WA0154901576
B1907354746767N11958021WA0154801575
B1907364746763N11958019WA0154701574
B1907374746759N11958018WA0154701573
B1907384746755N11958016WA0154601572
B1907394746751N11958014WA0154501570
B1907404746747N11958011WA0154401568
B1907414746742N11958007WA0154301566
B1907424746737N11958004WA0154101563
B1907434746731N11958001WA0153901560
B1907444746726N11957997WA0153801559
B1907454746720N11957993WA0153601558
B1907464746715N11957989WA0153501557
B1907474746711N11957985WA0153301557
B1907484746706N11957981WA0153201555
B1907494746701N11957977WA0153101553
B1907504746695N11957973WA0152901550
B1907514746690N11957970WA0152701547
B1907524746684N11957965WA0152601546
B1907534746679N11957961WA0152401544
B1907544746674N11957956WA0152201542
B1907554746669N11957951WA0152001540
B1907564746664N11957946WA0151901537
B1907574746658N11957940WA0151601535
B1907584746652N11957935WA0151501532
B1907594746646N11957930WA0151201529
B1908004746640N11957926WA0151001527
B1908014746635N11957921WA0150801527
B1908024746630N11957916WA0150701527
B1908034746625N11957911WA0150501527
B1908044746621N11957905WA0150401526
B1908054746616N11957900WA0150301524
B1908064746611N11957894WA0150201522
B1908074746605N11957888WA0149901519
B1908084746599N11957881WA0149801518
B1908094746594N11957874WA0149601516
B1908104746589N11957868WA0149501515
B1908114746584N11957861WA0149301515
B1908124746580N11957855WA0149301515
B1908134746575N11957848WA0149201514
B1908144746571N11957842WA0149101513
B1908154746566N11957835WA0148901510
B1908164746560N11957829WA0148801508
B1908174746555N11957822WA0148601506
B1908184746550N11957815WA0148501505
B1908194746545N11957808WA0148301505
B1908204746540N11957803WA0148201504
B1908214746535N11957798WA0148101503
B1908224746530N11957794WA0148001500
B1908234746523N11957790WA0147801498
B1908244746517N11957787WA0147701495
B1908254746510N11957785WA0147401492
B1908264746503N11957782WA0147301491
B1908274746496N11957780WA0147101491
B1908284746490N11957778WA0147001490
B1908294746484N11957777WA0146901490
B1908304746478N11957775WA0146801488
B1908314746471N11957774WA0146601486
B1908324746463N11957771WA0146401484
B1908334746456N11957769WA0146201482
B1908344746449N11957766WA0146101482
B1908354746443N11957764WA0146001482
B1908364746436N11957762WA0145901482
B1908374746430N11957761WA0145801482
B1908384746423N11957760WA0145701482
B1908394746418N11957760WA0145601481
B1908404746412N11957761WA0145601481
B1908414746406N11957761WA0145501480
B1908424746400N11957762WA0145401480
B1908434746395N11957762WA0145401480
B1908444746389N11957762WA0145301480
B1908454746384N11957763WA0145301480
B1908464746379N11957763WA0145301480
B1908474746373N11957763WA0145201480
B1908484746368N11957762WA0145201480
B1908494746362N11957763WA0145201479
B1908504746356N11957764WA0145101477
B1908514746350N11957765WA0145001475
B1908524746344N11957766WA0144901474
B1908534746338N11957767WA0144801473
B1908544746332N11957768WA0144801473
B1908554746327N11957769WA0144701473
B1908564746322N11957770WA0144701472
B1908574746317N11957772WA0144601472
B1908584746312N11957773WA0144601471
B1908594746307N11957774WA0144501470
B1909004746302N11957775WA0144501469
B1909014746297N11957775WA0144401467
B1909024746291N11957775WA0144301467
B1909034746286N11957775WA0144201466
B1909044746281N11957775WA0144201467
B1909054746276N11957775WA0144201467
B1909064746271N11957775WA0144101467
B1909074746266N11957775WA0144101465
B1909084746260N11957775WA0144001464
B1909094746254N11957774WA0143901463
B1909104746248N11957774WA0143901463
B1909114746242N11957773WA0143801463
B1909124746236N11957772WA0143801462
B1909134746230N11957772WA0143701462
B1909144746224N11957773WA0143701461
B1909154746218N11957774WA0143601460
B1909164746212N11957776WA0143501459
B1909174746206N11957778WA0143401458
B1909184746200N11957780WA0143401457
B1909194746194N11957783WA0143301457
B1909204746188N11957785WA0143301458
B1909214746183N11957787WA0143201459
B1909224746177N11957788WA0143301461
B1909234746172N11957788WA0143301462
B1909244746167N11957790WA0143301462
B1909254746162N11957791WA0143301463
B1909264746157N11957793WA0143401465
B1909274746154N11957793WA0143501468
B1909284746151N11957793WA0143601470
B1909294746148N11957793WA0143701471
B1909304746144N11957794WA0143801471
B1909314746140N11957795WA0143901470
B1909324746135N11957797WA0143901469
B1909334746130N11957798WA0143901468
B1909344746125N11957799WA0143901469
B1909354746121N11957800WA0144001470
B1909364746117N11957800WA0144001471
B1909374746113N11957801WA0144101471
B1909384746109N11957803WA0144101470
B1909394746105N11957805WA0144101469
B1909404746101N11957808WA0144101468
B1909414746097N11957811WA0144101469
B1909424746095N11957814WA0144101470
B1909434746093N11957816WA0144201472
B1909444746091N11957818WA0144201473
B1909454746088N11957820WA0144301472
B1909464746086N11957822WA0144301472
B1909474746083N11957825WA0144201470
B1909484746079N11957829WA0144201467
B1909494746075N11957834WA0144101464
B1909504746070N11957838WA0144001462
B1909514746065N11957841WA0143901462
B1909524746061N11957844WA0143801463
B1909534746057N11957845WA0143801464
B1909544746053N11957847WA0143801465
B1909554746049N11957849WA0143801466
B1909564746045N11957851WA0143801465
B1909574746041N11957854WA0143701465
B1909584746037N11957858WA0143701465
B1909594746033N11957861WA0143701465
B1910004746030N11957865WA0143701466
B1910014746026N11957868WA0143701466
B1910024746022N11957872WA0143701467
B1910034746019N11957876WA0143701466
B1910044746015N11957881WA0143701466
B1910054746011N11957885WA0143701465
B1910064746008N11957890WA0143701464
B1910074746004N11957895WA0143601464
B1910084746000N11957900WA0143601463
B1910094745996N11957904WA0143501461
B1910104745991N11957909WA0143501460
B1910114745987N11957914WA0143401459
B1910124745983N11957918WA0143401458
B1910134745978N11957923WA0143301457
B1910144745973N11957928WA0143301456
B1910154745967N11957933WA0143201455
B1910164745962N11957939WA0143101457
B1910174745958N11957944WA0143101460
B1910184745955N11957949WA0143201463
B1910194745952N11957954WA0143301466
B1910204745949N11957960WA0143301466
B1910214745946N11957966WA0143401465
B1910224745943N11957973WA0143401464
B1910234745940N11957980WA0143401464
B1910244745937N11957987WA0143401464
B1910254745933N11957993WA0143401465
B1910264745930N11957999WA0143401466
B1910274745927N11958004WA0143501467
B1910284745924N11958010WA0143501467
B1910294745921N11958016WA0143601467
B1910304745917N11958023WA0143601467
B1910314745914N11958030WA0143701468
B1910324745911N11958037WA0143701469
B1910334745908N11958044WA0143801471
B1910344745905N11958051WA0143901473
B1910354745902N11958059WA0144001475
B1910364745900N11958065WA0144101477
B1910374745897N11958072WA0144301479
B1910384745895N11958078WA0144401482
B1910394745893N11958084WA0144601484
B1910404745891N11958089WA0144701486
B1910414745890N11958094WA0144901489
B1910424745889N11958100WA0145101490
B1910434745887N11958105WA0145201490
B1910444745884N11958111WA0145301489
B1910454745882N11958116WA0145401490
B1910464745879N11958122WA0145501489
B1910474745877N11958129WA0145601489
B1910484745875N11958136WA0145601488
B1910494745873N11958143WA0145701489
B1910504745872N11958150WA0145701491
B1910514745872N11958155WA0145901494
B1910524745873N11958161WA0146001496
B1910534745873N11958166WA0146101497
B1910544745873N11958172WA0146201498
B1910554745873N11958180WA0146301499
B1910564745874N11958187WA0146401501
B1910574745874N11958193WA0146601503
B1910584745875N11958200WA0146701505
B1910594745876N11958206WA0146901507
B1911004745877N11958212WA0147001509
B1911014745877N11958218WA0147201510
B1911024745878N11958223WA0147301512
B1911034745878N11958229WA0147501514
B1911044745878N11958234WA0147701516
B1911054745877N11958238WA0147901518
B1911064745875N11958243WA0148001520
B1911074745873N11958247WA0148201522
B1911084745871N11958251WA0148401524
B1911094745869N11958254WA0148601527
B1911104745866N11958256WA0148801530
B1911114745863N11958257WA0149001532
B1911124745860N11958256WA0149201535
B1911134745857N11958254WA0149401537
B1911144745854N11958249WA0149601539
B1911154745852N11958242WA0149801541
B1911164745852N11958234WA0150001544
B1911174745854N11958225WA0150301547
B1911184745858N11958216WA0150501549
B1911194745863N11958208WA0150701551
B1911204745869N11958202WA0150901553
B1911214745875N11958199WA0151201555
B1911224745882N11958198WA0151401558
B1911234745889N11958200WA0151601559
B1911244745894N11958204WA0151801560
B1911254745898N11958209WA0152001563
B1911264745901N11958214WA0152201565
B1911274745901N11958220WA0152401566
B1911284745901N11958225WA0152601568
B1911294745900N11958230WA0152801569
B1911304745898N11958235WA0152901571
B1911314745896N11958240WA0153101573
B1911324745894N11958245WA0153201574
B1911334745891N11958249WA0153401577
B1911344745889N11958253WA0153601579
B1911354745887N11958257WA0153801582
B1911364745885N11958261WA0154001584
B1911374745882N11958263WA0154201586
B1911384745879N11958265WA0154301588
B1911394745876N11958265WA0154601590
B1911404745872N11958263WA0154801592
B1911414745870N11958259WA0155001595
B1911424745869N11958252WA0155201598
B1911434745868N11958244WA0155501600
B1911444745870N11958234WA0155601603
B1911454745873N11958225WA0155901606
B1911464745879N11958218WA0156101608
B1911474745887N11958213WA0156401611
B1911484745895N11958212WA0156601614
B1911494745902N11958214WA0156901617
B1911504745908N11958218WA0157101621
B1911514745913N11958224WA0157401624
B1911524745916N11958230WA0157701627
B1911534745917N11958236WA0158001628
B1911544745916N11958242WA0158201629
B1911554745914N11958246WA0158401630
B1911564745910N11958248WA0158601631
B1911574745907N11958249WA0158801633
B1911584745904N11958247WA0159001635
B1911594745901N11958243WA0159301637
B1912004745899N11958237WA0159401639
B1912014745897N11958230WA0159701641
B1912024745897N11958221WA0159801643
B1912034745898N11958212WA0160001645
B1912044745900N11958203WA0160201647
B1912054745904N11958193WA0160401649
B1912064745908N11958185WA0160601651
B1912074745914N11958177WA0160801654
B1912084745920N11958172WA0161001658
B1912094745927N11958170WA0161301660
B1912104745934N11958169WA0161401662
B1912114745942N11958171WA0161701664
B1912124745949N11958174WA0161901666
B1912134745954N11958179WA0162101670
B1912144745959N11958185WA0162301672
B1912154745961N11958192WA0162601674
B1912164745962N11958200WA0162801675
B1912174745962N11958206WA0163001676
B1912184745961N11958211WA0163201678
B1912194745958N11958213WA0163401679
B1912204745955N11958214WA0163601680
B1912214745952N11958213WA0163801681
B1912224745949N11958212WA0163901682
B1912234745946N11958210WA0164101683
B1912244745943N11958209WA0164201686
B1912254745941N11958208WA0164401688
B1912264745938N11958206WA0164601689
B1912274745935N11958203WA0164801691
B1912284745933N11958200WA0164901693
B1912294745930N11958195WA0165101695
B1912304745928N11958190WA0165201697
B1912314745927N11958183WA0165401699
B1912324745927N11958175WA0165601702
B1912334745928N11958167WA0165801704
B1912344745931N11958159WA0165901706
B1912354745936N11958152WA0166201709
B1912364745943N11958147WA0166301710
B1912374745950N11958143WA0166501711
B1912384745958N11958143WA0166701711
B1912394745966N11958145WA0166901713
B1912404745972N11958150WA0167001714
B1912414745977N11958157WA0167201716
B1912424745979N11958164WA0167301718
B1912434745979N11958170WA0167501719
B1912444745978N11958175WA0167701719
B1912454745977N11958178WA0167901721
B1912464745975N11958180WA0168001723
B1912474745972N11958179WA0168201723
B1912484745969N11958177WA0168301724
B1912494745966N11958175WA0168401725
B1912504745963N11958172WA0168501726
B1912514745960N11958169WA0168701727
B1912524745956N11958166WA0168801729
B1912534745953N11958162WA0168901731
B1912544745951N11958158WA0169101734
B1912554745948N11958153WA0169301737
B1912564745946N11958146WA0169401739
B1912574745945N11958138WA0169501741
B1912584745944N11958129WA0169701744
B1912594745945N11958120WA0169901747
B1913004745948N11958109WA0170001749
B1913014745953N11958099WA0170201751
B1913024745960N11958091WA0170401753
B1913034745968N11958086WA0170601755
B1913044745976N11958084WA0170801758
B1913054745983N11958085WA0171101761
B1913064745989N11958089WA0171301764
B1913074745993N11958095WA0171601766
B1913084745995N11958102WA0171701768
B1913094745995N11958108WA0172001769
B1913104745993N11958113WA0172201771
B1913114745991N11958116WA0172401772
B1913124745988N11958118WA0172601774
B1913134745984N11958118WA0172801777
B1913144745980N11958117WA0173001779
B1913154745977N11958115WA0173301782
B1913164745974N11958110WA0173501786
B1913174745973N11958103WA0173801790
B1913184745974N11958093WA0174001793
B1913194745976N11958082WA0174301795
B1913204745980N11958072WA0174501797
B1913214745987N11958062WA0174801799
B1913224745995N11958055WA0174901801
B1913234746003N11958051WA0175201803
B1913244746012N11958050WA0175401805
B1913254746020N11958052WA0175601807
B1913264746026N11958056WA0175801810
B1913274746030N11958061WA0176101811
B1913284746033N11958068WA0176201812
B1913294746033N11958075WA0176501814
B1913304746033N11958082WA0176601815
B1913314746031N11958086WA0176801816
B1913324746028N11958089WA0177001818
B1913334746025N11958090WA0177201819
B1913344746021N11958091WA0177301821
B1913354746018N11958090WA0177501822
B1913364746014N11958088WA0177701824
B1913374746011N11958085WA0177901827
B1913384746009N11958079WA0178001830
B1913394746008N11958072WA0178301832
B1913404746008N11958063WA0178401833
B1913414746010N11958053WA0178601833
B1913424746014N11958044WA0178701834
B1913434746019N11958035WA0178901836
B1913444746025N11958027WA0179001837
B1913454746032N11958021WA0179201838
B1913464746040N11958018WA0179301840
B1913474746048N11958019WA0179501841
B1913484746055N11958021WA0179601843
B1913494746060N11958025WA0179801844
B1913504746064N11958030WA0179901846
B1913514746065N11958036WA0180101847
B1913524746065N11958042WA0180201847
B1913534746065N11958047WA0180301848
B1913544746064N11958052WA0180401849
B1913554746062N11958055WA0180601850
B1913564746060N11958057WA0180701852
B1913574746057N11958058WA0180901853
B1913584746054N11958058WA0181001854
B1913594746052N11958055WA0181101856
B1914004746049N11958051WA0181201857
B1914014746047N11958046WA0181401859
B1914024746045N11958039WA0181501860
B1914034746044N11958030WA0181601862
B1914044746045N11958022WA0181701864
B1914054746049N11958013WA0181901865
B1914064746054N11958005WA0182001865
B1914074746061N11957997WA0182101866
B1914084746068N11957992WA0182201866
B1914094746075N11957990WA0182301868
B1914104746083N11957991WA0182401869
B1914114746088N11957994WA0182501870
B1914124746092N11957999WA0182601871
B1914134746096N11958004WA0182701871
B1914144746097N11958009WA0182701871
B1914154746098N11958015WA0182801871
B1914164746097N11958020WA0182901871
B1914174746096N11958025WA0182901872
B1914184746094N11958028WA0183001872
B1914194746091N11958030WA0183101872
B1914204746088N11958031WA0183101874
B1914214746085N11958030WA0183301876
B1914224746082N11958028WA0183301878
B1914234746079N11958024WA0183401879
B1914244746077N11958019WA0183501880
B1914254746074N11958013WA0183601881
B1914264746073N11958006WA0183701883
B1914274746072N11957997WA0183801885
B1914284746073N11957987WA0183901887
B1914294746075N11957978WA0184001888
B1914304746079N11957970WA0184101890
B1914314746085N11957962WA0184301890
B1914324746092N11957958WA0184401890
B1914334746100N11957956WA0184501891
B1914344746107N11957956WA0184601892
B1914354746113N11957959WA0184701893
B1914364746118N11957965WA0184801893
B1914374746121N11957971WA0184901892
B1914384746122N11957978WA0184901891
B1914394746121N11957985WA0184901891
B1914404746119N11957989WA0185001891
B1914414746115N11957991WA0185001892
B1914424746112N11957991WA0185101894
B1914434746109N11957990WA0185201896
B1914444746106N11957987WA0185201898
B1914454746103N11957983WA0185301899
B1914464746101N11957978WA0185401900
B1914474746098N11957974WA0185501900
B1914484746095N11957970WA0185501900
B1914494746092N11957967WA0185601900
B1914504746089N11957962WA0185601899
B1914514746086N11957957WA0185701898
B1914524746083N11957949WA0185701897
B1914534746081N11957941WA0185601896
B1914544746079N11957933WA0185601895
B1914554746077N11957924WA0185601894
B1914564746075N11957916WA0185501892
B1914574746072N11957909WA0185401891
B1914584746068N11957902WA0185301890
B1914594746066N11957895WA0185301891
B1915004746064N11957888WA0185301893
B1915014746063N11957882WA0185301894
B1915024746061N11957876WA0185301896
B1915034746060N11957871WA0185401898
B1915044746059N11957865WA0185501900
B1915054746057N11957860WA0185601901
B1915064746056N11957856WA0185601903
B1915074746053N11957854WA0185701904
B1915084746051N11957854WA0185801905
B1915094746049N11957854WA0185901905
B1915104746047N11957854WA0186001905
B1915114746045N11957853WA0186001904
B1915124746042N11957851WA0186001903
B1915134746040N11957847WA0186001903
B1915144746037N11957841WA0186001901
B1915154746035N11957835WA0186001900
B1915164746034N11957828WA0186001900
B1915174746033N11957820WA0186001900
B1915184746033N11957811WA0186001900
B1915194746035N11957802WA0186001900
B1915204746036N11957792WA0185901899
B1915214746039N11957782WA0185901898
B1915224746042N11957771WA0185901898
B1915234746046N11957762WA0185901899
B1915244746050N11957754WA0185901900
B1915254746055N11957746WA0186001901
B1915264746060N11957738WA0186001902
B1915274746065N11957730WA0186001901
B1915284746070N11957721WA0186001901
B1915294746073N11957711WA0186001900
B1915304746076N11957701WA0186001901
B1915314746079N11957691WA0186101902
B1915324746081N11957682WA0186101903
B1915334746084N11957673WA0186201904
B1915344746087N11957664WA0186201904
B1915354746090N11957653WA0186301903
B1915364746094N11957642WA0186301904
B1915374746097N11957632WA0186401907
B1915384746099N11957623WA0186501911
B1915394746099N11957615WA0186701914
B1915404746098N11957608WA0186801916
B1915414746097N11957600WA0187001918
B1915424746096N11957594WA0187101920
B1915434746095N11957588WA0187201921
B1915444746093N11957583WA0187301921
B1915454746092N11957576WA0187501921
B1915464746092N11957567WA0187501921
B1915474746095N11957557WA0187601920
B1915484746101N11957547WA0187701919
B1915494746108N11957539WA0187701917
B1915504746117N11957534WA0187701918
B1915514746125N11957533WA0187801920
B1915524746132N11957535WA0187901922
B1915534746139N11957539WA0188001923
B1915544746144N11957544WA0188001924
B1915554746147N11957550WA0188101926
B1915564746148N11957556WA0188201926
B1915574746146N11957561WA0188301927
B1915584746144N11957565WA0188401928
B1915594746142N11957567WA0188501931
B1916004746140N11957568WA0188601933
B1916014746139N11957568WA0188701935
B1916024746137N11957567WA0188801936
B1916034746134N11957565WA0189001936
B1916044746131N11957563WA0189001935
B1916054746128N11957559WA0189101935
B1916064746126N11957553WA0189201935
B1916074746125N11957545WA0189201936
B1916084746125N11957537WA0189301936
B1916094746126N11957528WA0189401937
B1916104746128N11957518WA0189401937
B1916114746130N11957508WA0189501938
B1916124746134N11957499WA0189501938
B1916134746140N11957490WA0189601938
B1916144746147N11957483WA0189601938
B1916154746155N11957478WA0189601939
B1916164746162N11957475WA0189701943
B1916174746169N11957474WA0189901946
B1916184746175N11957475WA0190001948
B1916194746180N11957477WA0190201948
B1916204746185N11957482WA0190201947
B1916214746189N11957488WA0190301945
B1916224746192N11957494WA0190301945
B1916234746194N11957501WA0190401945
B1916244746194N11957506WA0190401945
B1916254746194N11957511WA0190401946
B1916264746193N11957514WA0190401947
B1916274746192N11957516WA0190501948
B1916284746191N11957518WA0190501948
B1916294746190N11957520WA0190601948
B1916304746188N11957522WA0190601947
B1916314746186N11957524WA0190601948
B1916324746184N11957524WA0190701949
B1916334746181N11957522WA0190701950
B1916344746179N11957519WA0190801951
B1916354746178N11957515WA0190901953
B1916364746177N11957509WA0190901954
B1916374746176N11957503WA0191001955
B1916384746175N11957496WA0191101956
B1916394746175N11957488WA0191201958
B1916404746175N11957479WA0191301959
B1916414746177N11957470WA0191401960
B1916424746179N11957460WA0191501961
B1916434746182N11957451WA0191601963
B1916444746184N11957442WA0191701966
B1916454746187N11957433WA0191901968
B1916464746189N11957425WA0192001970
B1916474746191N11957417WA0192201972
B1916484746194N11957408WA0192301973
B1916494746196N11957399WA0192501974
B1916504746198N11957390WA0192601974
B1916514746199N11957380WA0192701975
B1916524746200N11957370WA0192801977
B1916534746200N11957361WA0193001979
B1916544746201N11957351WA0193101982
B1916554746202N11957342WA0193301985
B1916564746205N11957333WA0193501989
B1916574746209N11957325WA0193701992
B1916584746215N11957319WA0193901994
B1916594746221N11957315WA0194101995
B1917004746229N11957315WA0194301995
B1917014746235N11957319WA0194501995
B1917024746240N11957325WA0194601996
B1917034746243N11957332WA0194801998
B1917044746244N11957338WA0194902001
B1917054746244N11957342WA0195202004
B1917064746241N11957344WA0195302007
B1917074746238N11957344WA0195502008
B1917084746235N11957341WA0195702010
B1917094746232N11957338WA0195902012
B1917104746229N11957333WA0196102014
B1917114746227N11957327WA0196302016
B1917124746225N11957320WA0196402017
B1917134746223N11957313WA0196602019
B1917144746221N11957304WA0196702021
B1917154746221N11957295WA0196902023
B1917164746221N11957286WA0197102025
B1917174746223N11957276WA0197302027
B1917184746227N11957268WA0197502029
B1917194746232N11957261WA0197702030
B1917204746238N11957256WA0197802030
B1917214746245N11957253WA0197902029
B1917224746253N11957251WA0198002029
B1917234746259N11957252WA0198102030
B1917244746264N11957256WA0198202030
B1917254746268N11957261WA0198302030
B1917264746271N11957268WA0198402030
B1917274746272N11957274WA0198502032
B1917284746271N11957279WA0198602034
B1917294746270N11957283WA0198702036
B1917304746268N11957286WA0198802037
B1917314746265N11957287WA0199002039
B1917324746261N11957286WA0199002040
B1917334746257N11957284WA0199102040
B1917344746254N11957279WA0199202041
B1917354746251N11957273WA0199302043
B1917364746249N11957266WA0199402045
B1917374746247N11957259WA0199602047
B1917384746245N11957252WA0199702048
B1917394746242N11957245WA0199802049
B1917404746240N11957237WA0200002051
B1917414746239N11957228WA0200102052
B1917424746239N11957219WA0200302054
B1917434746241N11957210WA0200502056
B1917444746244N11957201WA0200602057
B1917454746249N11957192WA0200702057
B1917464746255N11957185WA0200802057
B1917474746262N11957180WA0201002058
B1917484746269N11957179WA0201102059
B1917494746276N11957180WA0201202059
B1917504746281N11957184WA0201202058
B1917514746286N11957190WA0201302058
B1917524746288N11957197WA0201302057
B1917534746288N11957203WA0201302057
B1917544746286N11957208WA0201402059
B1917554746284N11957211WA0201502060
B1917564746282N11957214WA0201502061
B1917574746280N11957217WA0201602063
B1917584746278N11957219WA0201702064
B1917594746276N11957221WA0201802065
B1918004746274N11957222WA0201802067
B1918014746272N11957222WA0202002068
B1918024746270N11957222WA0202002069
B1918034746268N11957221WA0202202069
B1918044746265N11957220WA0202202070
B1918054746263N11957219WA0202402071
B1918064746260N11957219WA0202402072
B1918074746257N11957218WA0202602074
B1918084746255N11957218WA0202702076
B1918094746252N11957216WA0202802078
B1918104746249N11957214WA0202902080
B1918114746247N11957210WA0203002081
B1918124746246N11957205WA0203102081
B1918134746245N11957198WA0203202081
B1918144746244N11957190WA0203302081
B1918154746244N11957181WA0203302080
B1918164746245N11957171WA0203302079
B1918174746245N11957161WA0203402079
B1918184746247N11957151WA0203402080
B1918194746249N11957141WA0203402080
B1918204746251N11957131WA0203502081
B1918214746253N11957121WA0203502081
B1918224746256N11957111WA0203502081
B1918234746258N11957101WA0203602081
B1918244746259N11957092WA0203602081
B1918254746259N11957082WA0203702081
B1918264746259N11957073WA0203702081
B1918274746258N11957064WA0203702081
B1918284746257N11957056WA0203702081
B1918294746256N11957049WA0203802081
B1918304746255N11957042WA0203802081
B1918314746253N11957034WA0203802080
B1918324746251N11957025WA0203802079
B1918334746249N11957016WA0203702078
B1918344746246N11957009WA0203702079
B1918354746244N11957002WA0203702080
B1918364746242N11956997WA0203702082
B1918374746241N11956992WA0203802082
B1918384746239N11956987WA0203802081
B1918394746237N11956980WA0203802080
B1918404746234N11956974WA0203702079
B1918414746231N11956967WA0203702078
B1918424746228N11956961WA0203602077
B1918434746226N11956955WA0203602076
B1918444746222N11956949WA0203502074
B1918454746219N11956943WA0203402071
B1918464746215N11956936WA0203302069
B1918474746211N11956928WA0203102067
B1918484746207N11956921WA0203102066
B1918494746203N11956914WA0202902066
B1918504746200N11956908WA0202802064
B1918514746196N11956904WA0202702064
B1918524746193N11956899WA0202702063
B1918534746189N11956894WA0202502061
B1918544746184N11956890WA0202402059
B1918554746180N11956886WA0202202058
B1918564746176N11956883WA0202202057
B1918574746173N11956879WA0202102058
B1918584746171N11956875WA0202102059
B1918594746169N11956870WA0202002058
B1919004746166N11956865WA0201902056
B1919014746162N11956860WA0201802054
B1919024746158N11956854WA0201702053
B1919034746154N11956849WA0201602054
B1919044746151N11956844WA0201602055
B1919054746149N11956840WA0201602056
B1919064746146N11956835WA0201602057
B1919074746143N11956832WA0201602057
B1919084746140N11956830WA0201602056
B1919094746137N11956831WA0201602056
B1919104746135N11956833WA0201502055
B1919114746132N11956835WA0201502055
B1919124746129N11956838WA0201502056
B1919134746127N11956839WA0201502057
B1919144746125N11956841WA0201502057
B1919154746122N11956843WA0201502058
B1919164746120N11956847WA0201502057
B1919174746117N11956851WA0201502057
B1919184746115N11956855WA0201502058
B1919194746113N11956856WA0201602060
B1919204746111N11956856WA0201602062
B1919214746109N11956852WA0201702061
B1919224746106N11956846WA0201702060
B1919234746104N11956838WA0201702057
B1919244746102N11956829WA0201702055
B1919254746101N11956819WA0201602053
B1919264746102N11956808WA0201602052
B1919274746105N11956797WA0201502050
B1919284746110N11956787WA0201402048
B1919294746116N11956778WA0201302046
B1919304746123N11956771WA0201202045
B1919314746130N11956767WA0201102043
B1919324746137N11956765WA0201002041
B1919334746144N11956766WA0200802038
B1919344746151N11956769WA0200702035
B1919354746157N11956774WA0200502032
B1919364746161N11956780WA0200302029
B1919374746163N11956786WA0200102028
B1919384746164N11956792WA0199902027
B1919394746164N11956797WA0199802027
B1919404746165N11956801WA0199702028
B1919414746165N11956804WA0199602028
B1919424746165N11956808WA0199502028
B1919434746164N11956813WA0199402027
B1919444746163N11956818WA0199302026
B1919454746163N11956824WA0199202026
B1919464746163N11956831WA0199102025
B1919474746163N11956837WA0199002024
B1919484746162N11956843WA0198902025
B1919494746162N11956849WA0198802025
B1919504746161N11956854WA0198802025
B1919514746160N11956860WA0198702024
B1919524746158N11956868WA0198602023
B1919534746158N11956875WA0198502022
B1919544746157N11956882WA0198502023
B1919554746157N11956888WA0198402024
B1919564746156N11956894WA0198402023
B1919574746156N11956900WA0198402022
B1919584746155N11956907WA0198302020
B1919594746155N11956914WA0198302019
B1920004746154N11956922WA0198202018
B1920014746155N11956929WA0198102018
B1920024746155N11956935WA0198102019
B1920034746155N11956941WA0198102019
B1920044746154N11956946WA0198102018
B1920054746152N11956952WA0197902015
B1920064746149N11956958WA0197802012
B1920074746146N11956964WA0197702009
B1920084746143N11956969WA0197602009
B1920094746140N11956973WA0197502009
B1920104746138N11956977WA0197402009
B1920114746136N11956979WA0197302008
B1920124746132N11956980WA0197202006
B1920134746127N11956979WA0197002003
B1920144746122N11956976WA0196901999
B1920154746117N11956971WA0196601997
B1920164746113N11956964WA0196501996
B1920174746110N11956957WA0196301996
B1920184746107N11956950WA0196201995
B1920194746104N11956942WA0196101995
B1920204746101N11956934WA0196001994
B1920214746098N11956926WA0195901993
B1920224746095N11956918WA0195801992
B1920234746093N11956909WA0195601990
B1920244746090N11956899WA0195501990
B1920254746089N11956890WA0195401990
B1920264746087N11956880WA0195401990
B1920274746086N11956871WA0195301990
B1920284746085N11956861WA0195301989
B1920294746083N11956850WA0195101986
B1920304746081N11956840WA0195001984
B1920314746079N11956829WA0194901984
B1920324746076N11956820WA0194801984
B1920334746074N11956811WA0194701985
B1920344746072N11956803WA0194701986
B1920354746069N11956795WA0194701986
B1920364746067N11956788WA0194701986
B1920374746063N11956780WA0194601985
B1920384746060N11956772WA0194501984
B1920394746057N11956763WA0194501983
B1920404746055N11956754WA0194401981
B1920414746053N11956743WA0194301980
B1920424746052N11956733WA0194201979
B1920434746050N11956722WA0194101977
B1920444746049N11956710WA0194001975
B1920454746047N11956698WA0193801973
B1920464746045N11956686WA0193701971
B1920474746043N11956674WA0193501970
B1920484746041N11956662WA0193401969
B1920494746039N11956649WA0193301968
B1920504746036N11956637WA0193201967
B1920514746034N11956625WA0193001966
B1920524746033N11956613WA0192901966
B1920534746032N11956600WA0192801965
B1920544746031N11956588WA0192701963
B1920554746030N11956575WA0192501961
B1920564746029N11956562WA0192401960
B1920574746028N11956550WA0192201958
B1920584746027N11956537WA0192101957
B1920594746027N11956524WA0191901955
B1921004746026N11956510WA0191801952
B1921014746026N11956496WA0191501949
B1921024746026N11956481WA0191401948
B1921034746025N11956466WA0191201947
B1921044746023N11956453WA0191101947
B1921054746022N11956441WA0191001948
B1921064746021N11956429WA0191001950
B1921074746021N11956418WA0190901950
B1921084746021N11956406WA0190901949
B1921094746020N11956393WA0190801946
B1921104746019N11956379WA0190601943
B1921114746019N11956364WA0190401940
B1921124746018N11956349WA0190301937
B1921134746018N11956334WA0190101936
B1921144746017N11956319WA0189901935
B1921154746018N11956305WA0189801934
B1921164746018N11956291WA0189701934
B1921174746020N11956276WA0189501932
B1921184746021N11956261WA0189401929
B1921194746023N11956246WA0189201926
B1921204746024N11956229WA0189001923
B1921214746025N11956213WA0188801921
B1921224746027N11956197WA0188601919
B1921234746028N11956182WA0188401918
B1921244746030N11956166WA0188301917
B1921254746032N11956151WA0188101916
B1921264746034N11956136WA0188001914
B1921274746036N11956120WA0187801913
B1921284746038N11956105WA0187701912
B1921294746040N11956089WA0187501910
B1921304746042N11956074WA0187401908
B1921314746043N11956058WA0187201907
B1921324746045N11956043WA0187101906
B1921334746047N11956028WA0187001906
B1921344746049N11956015WA0186901905
B1921354746050N11956001WA0186801904
B1921364746052N11955987WA0186701901
B1921374746054N11955972WA0186501897
B1921384746055N11955956WA0186301893
B1921394746055N11955940WA0186001890
B1921404746055N11955926WA0185801888
B1921414746055N11955912WA0185601888
B1921424746054N11955899WA0185501887
B1921434746054N11955887WA0185401885
B1921444746054N11955874WA0185201884
B1921454746053N11955862WA0185101883
B1921464746052N11955849WA0184901881
B1921474746050N11955837WA0184701879
B1921484746047N11955825WA0184601878
B1921494746045N11955814WA0184401878
B1921504746044N11955802WA0184301878
B1921514746042N11955791WA0184201878
B1921524746041N11955779WA0184101877
B1921534746040N11955768WA0184001876
B1921544746039N11955757WA0184001876
B1921554746038N11955746WA0183901876
B1921564746037N11955735WA0183901876
B1921574746036N11955724WA0183801875
B1921584746036N11955713WA0183801875
B1921594746036N11955703WA0183801877
B1922004746036N11955693WA0183801878
B1922014746037N11955684WA0183801879
B1922024746037N11955674WA0183801878
B1922034746037N11955663WA0183801876
B1922044746036N11955652WA0183801874
B1922054746034N11955641WA0183701873
B1922064746033N11955631WA0183601873
B1922074746032N11955622WA0183601874
B1922084746031N11955614WA0183701876
B1922094746031N11955606WA0183701877
B1922104746030N11955598WA0183801879
B1922114746029N11955591WA0183801880
B1922124746028N11955584WA0183901881
B1922134746027N11955576WA0184001881
B1922144746026N11955568WA0184001883
B1922154746026N11955559WA0184101885
B1922164746028N11955550WA0184201888
B1922174746030N11955543WA0184401891
B1922184746033N11955536WA0184601894
B1922194746036N11955529WA0184801895
B1922204746040N11955522WA0184901896
B1922214746045N11955514WA0185101897
B1922224746051N11955506WA0185201898
B1922234746058N11955500WA0185401902
B1922244746065N11955496WA0185501905
B1922254746072N11955496WA0185801907
B1922264746077N11955499WA0185901908
B1922274746082N11955503WA0186101909
B1922284746085N11955508WA0186201911
B1922294746087N11955512WA0186501914
B1922304746088N11955515WA0186601915
B1922314746087N11955518WA0186801916
B1922324746086N11955521WA0187001917
B1922334746084N11955523WA0187101919
B1922344746082N11955524WA0187301920
B1922354746081N11955522WA0187501922
B1922364746079N11955519WA0187601924
B1922374746078N11955514WA0187801925
B1922384746077N11955507WA0187901927
B1922394746077N11955499WA0188101928
B1922404746078N11955490WA0188201930
B1922414746080N11955480WA0188301931
B1922424746084N11955470WA0188401932
B1922434746089N11955461WA0188601933
B1922444746096N11955453WA0188701934
B1922454746103N11955447WA0188901936
B1922464746111N11955446WA0189001939
B1922474746117N11955447WA0189101941
B1922484746123N11955451WA0189201942
B1922494746127N11955455WA0189401944
B1922504746131N11955459WA0189501946
B1922514746134N11955463WA0189701948
B1922524746136N11955467WA0189901948
B1922534746137N11955471WA0190001948
B1922544746137N11955476WA0190101947
B1922554746136N11955480WA0190201946
B1922564746133N11955484WA0190201946
B1922574746130N11955485WA0190301946
B1922584746128N11955485WA0190401947
B1922594746125N11955483WA0190501949
B1923004746123N11955480WA0190601949
B1923014746120N11955476WA0190701950
B1923024746117N11955471WA0190701950
B1923034746114N11955464WA0190801951
B1923044746113N11955456WA0190801953
B1923054746113N11955448WA0190901956
B1923064746115N11955440WA0191001957
B1923074746119N11955432WA0191201959
B1923084746123N11955425WA0191301960
B1923094746129N11955419WA0191401960
B1923104746135N11955415WA0191501961
B1923114746142N11955413WA0191601961
B1923124746150N11955413WA0191701961
B1923134746157N11955415WA0191801961
B1923144746164N11955418WA0191901962
B1923154746168N11955423WA0192001963
B1923164746171N11955429WA0192001965
B1923174746171N11955434WA0192201965
B1923184746170N11955438WA0192201966
B1923194746168N11955441WA0192301966
B1923204746165N11955440WA0192401966
B1923214746161N11955437WA0192401966
B1923224746158N11955432WA0192501966
B1923234746156N11955425WA0192601967
B1923244746156N11955418WA0192601969
B1923254746157N11955410WA0192701970
B1923264746159N11955402WA0192801971
B1923274746162N11955393WA0192901970
B1923284746165N11955384WA0192901971
B1923294746170N11955375WA0193001972
B1923304746175N11955366WA0193001973
B1923314746182N11955360WA0193101974
B1923324746189N11955355WA0193201975
B1923334746197N11955351WA0193201976
B1923344746205N11955346WA0193301976
B1923354746213N11955340WA0193401977
B1923364746220N11955334WA0193401979
B1923374746228N11955328WA0193601982
B1923384746235N11955322WA0193701985
B1923394746243N11955318WA0193901987
B1923404746250N11955317WA0194001990
B1923414746258N11955317WA0194201992
B1923424746265N11955321WA0194301994
B1923434746270N11955326WA0194501996
B1923444746272N11955332WA0194601997
B1923454746271N11955336WA0194801997
B1923464746268N11955338WA0194801996
B1923474746265N11955339WA0194901995
B1923484746262N11955337WA0195001996
B1923494746259N11955333WA0195101997
B1923504746257N11955327WA0195101998
B1923514746256N11955320WA0195201999
B1923524746255N11955313WA0195302000
B1923534746255N11955304WA0195402001
B1923544746255N11955295WA0195502001
B1923554746255N11955285WA0195602002
B1923564746255N11955274WA0195602002
B1923574746257N11955263WA0195702004
B1923584746261N11955252WA0195802006
B1923594746265N11955242WA0196002008
B1924004746270N11955234WA0196102009
B1924014746275N11955225WA0196202011
B1924024746282N11955217WA0196302012
B1924034746289N11955211WA0196502012
B1924044746298N11955206WA0196502013
B1924054746306N11955203WA0196702014
B1924064746314N11955203WA0196702015
B1924074746321N11955203WA0196902018
B1924084746327N11955205WA0197002020
B1924094746332N11955208WA0197202023
B1924104746337N11955211WA0197302024
B1924114746341N11955214WA0197502025
B1924124746344N11955219WA0197602026
B1924134746345N11955223WA0197802028
B1924144746344N11955225WA0198002030
B1924154746342N11955226WA0198102031
B1924164746340N11955225WA0198302032
B1924174746337N11955223WA0198402033
B1924184746334N11955220WA0198502035
B1924194746331N11955215WA0198702036
B1924204746328N11955209WA0198802037
B1924214746325N11955200WA0198902038
B1924224746324N11955190WA0199002040
B1924234746324N11955180WA0199102041
B1924244746325N11955169WA0199302043
B1924254746327N11955160WA0199402046
B1924264746331N11955151WA0199602048
B1924274746335N11955143WA0199802049
B1924284746339N11955136WA0199902047
B1924294746344N11955128WA0200002045
B1924304746350N11955120WA0200002042
B1924314746357N11955112WA0199902039
B1924324746365N11955106WA0199902037
B1924334746372N11955101WA0199802036
B1924344746380N11955099WA0199802035
B1924354746387N11955099WA0199702034
B1924364746394N11955100WA0199702033
B1924374746400N11955103WA0199602032
B1924384746405N11955106WA0199602034
B1924394746409N11955109WA0199602035
B1924404746412N11955111WA0199602036
B1924414746414N11955114WA0199602036
B1924424746416N11955118WA0199602036
B1924434746417N11955122WA0199602036
B1924444746416N11955125WA0199602037
B1924454746414N11955128WA0199602039
B1924464746412N11955129WA0199702041
B1924474746411N11955130WA0199802044
B1924484746410N11955130WA0199902047
B1924494746409N11955129WA0200002048
B1924504746407N11955129WA0200102049
B1924514746405N11955129WA0200202049
B1924524746403N11955127WA0200302049
B1924534746401N11955123WA0200302049
B1924544746399N11955116WA0200402049
B1924554746399N11955108WA0200402049
B1924564746401N11955099WA0200402048
B1924574746404N11955090WA0200502048
B1924584746408N11955081WA0200502048
B1924594746412N11955073WA0200502047
B1925004746416N11955064WA0200502045
B1925014746421N11955055WA0200402044
B1925024746426N11955046WA0200402042
B1925034746431N11955037WA0200402041
B1925044746436N11955029WA0200302040
B1925054746440N11955020WA0200302039
B1925064746445N11955012WA0200202038
B1925074746450N11955004WA0200102036
B1925084746456N11954996WA0200002034
B1925094746461N11954988WA0199902031
B1925104746466N11954978WA0199802029
B1925114746470N11954966WA0199602026
B1925124746473N11954955WA0199402024
B1925134746476N11954944WA0199202024
B1925144746479N11954935WA0199202024
B1925154746483N11954926WA0199002024
B1925164746486N11954917WA0198902022
B1925174746490N11954907WA0198802021
B1925184746492N11954897WA0198702019
B1925194746495N11954887WA0198502017
B1925204746498N11954877WA0198402016
B1925214746502N11954867WA0198302015
B1925224746506N11954857WA0198202015
B1925234746510N11954847WA0198102014
B1925244746515N11954837WA0198002013
B1925254746521N11954828WA0197902013
B1925264746527N11954819WA0197802014
B1925274746533N11954811WA0197802015
B1925284746539N11954804WA0197702016
B1925294746545N11954797WA0197702017
B1925304746552N11954791WA0197702018
B1925314746559N11954786WA0197702018
B1925324746566N11954782WA0197702018
B1925334746574N11954780WA0197702018
B1925344746581N11954780WA0197702017
B1925354746589N11954783WA0197702017
B1925364746595N11954787WA0197702017
B1925374746600N11954792WA0197702017
B1925384746603N11954797WA0197702017
B1925394746604N11954803WA0197702017
B1925404746603N11954807WA0197702016
B1925414746601N11954809WA0197702015
B1925424746598N11954809WA0197602013
B1925434746595N11954807WA0197602012
B1925444746592N11954803WA0197502012
B1925454746590N11954798WA0197502013
B1925464746587N11954793WA0197502013
B1925474746586N11954788WA0197402014
B1925484746584N11954781WA0197402014
B1925494746582N11954773WA0197402014
B1925504746581N11954765WA0197402015
B1925514746581N11954756WA0197402016
B1925524746582N11954746WA0197402016
B1925534746584N11954737WA0197402017
B1925544746588N11954727WA0197502017
B1925554746593N11954719WA0197502018
B1925564746599N11954713WA0197502017
B1925574746605N11954709WA0197502016
B1925584746613N11954707WA0197502014
B1925594746620N11954707WA0197402013
B1926004746627N11954710WA0197402011
B1926014746633N11954715WA0197302009
B1926024746637N11954721WA0197202008
B1926034746640N11954728WA0197102007
B1926044746641N11954734WA0197102006
B1926054746642N11954740WA0197002007
B1926064746643N11954745WA0197002007
B1926074746642N11954750WA0197002008
B1926084746641N11954754WA0196902007
B1926094746640N11954758WA0196902008
B1926104746638N11954761WA0196902007
B1926114746635N11954764WA0196802007
B1926124746632N11954766WA0196802006
B1926134746629N11954767WA0196802006
B1926144746626N11954768WA0196702006
B1926154746623N11954769WA0196702005
B1926164746619N11954770WA0196602005
B1926174746615N11954771WA0196602003
B1926184746612N11954773WA0196502002
B1926194746608N11954776WA0196402001
B1926204746605N11954780WA0196402000
B1926214746602N11954783WA0196302000
B1926224746599N11954786WA0196201999
B1926234746595N11954788WA0196101997
B1926244746591N11954790WA0196001994
B1926254746587N11954793WA0195801992
B1926264746583N11954796WA0195701991
B1926274746580N11954799WA0195601991
B1926284746577N11954801WA0195601992
B1926294746574N11954803WA0195501993
B1926304746572N11954804WA0195501993
B1926314746568N11954806WA0195501993
B1926324746565N11954807WA0195401993
B1926334746561N11954809WA0195401993
B1926344746556N11954810WA0195401993
B1926354746552N11954812WA0195401993
B1926364746548N11954813WA0195301994
B1926374746545N11954816WA0195301994
B1926384746541N11954818WA0195301993
B1926394746537N11954820WA0195301992
B1926404746533N11954822WA0195201991
B1926414746528N11954825WA0195201990
B1926424746524N11954827WA0195101990
B1926434746519N11954829WA0195101991
B1926444746515N11954830WA0195101992
B1926454746512N11954831WA0195101993
B1926464746508N11954833WA0195101993
B1926474746504N11954835WA0195101992
B1926484746501N11954838WA0195101992
B1926494746498N11954840WA0195001992
B1926504746496N11954843WA0195101992
B1926514746493N11954844WA0195101993
B1926524746491N11954846WA0195101993
B1926534746488N11954847WA0195101994
B1926544746486N11954849WA0195201996
B1926554746484N11954852WA0195201997
B1926564746483N11954856WA0195301998
B1926574746483N11954859WA0195402000
B1926584746483N11954862WA0195502001
B1926594746484N11954865WA0195602001
B1927004746484N11954868WA0195602000
B1927014746483N11954872WA0195601998
B1927024746482N11954876WA0195601996
B1927034746480N11954879WA0195501994
B1927044746477N11954883WA0195501992
B1927054746474N11954886WA0195401990
B1927064746472N11954888WA0195301990
B1927074746470N11954890WA0195301991
B1927084746469N11954893WA0195301991
B1927094746467N11954895WA0195301991
B1927104746465N11954898WA0195201989
B1927114746463N11954901WA0195101988
B1927124746461N11954904WA0195101986
B1927134746459N11954906WA0195001985
B1927144746456N11954908WA0194901984
B1927154746454N11954910WA0194801983
B1927164746451N11954911WA0194701981
B1927174746449N11954914WA0194601980
B1927184746446N11954916WA0194501978
B1927194746444N11954919WA0194401978
B1927204746441N11954923WA0194301978
B1927214746439N11954926WA0194301979
B1927224746437N11954929WA0194201979
B1927234746435N11954932WA0194201978
B1927244746432N11954935WA0194101978
B1927254746430N11954939WA0194001978
B1927264746427N11954943WA0194001978
B1927274746425N11954947WA0194001978
B1927284746423N11954951WA0193901977
B1927294746420N11954955WA0193901977
B1927304746418N11954960WA0193801975
B1927314746415N11954964WA0193801974
B1927324746413N11954969WA0193701972
B1927334746410N11954973WA0193601971
B1927344746407N11954978WA0193501970
B1927354746404N11954983WA0193401970
B1927364746402N11954988WA0193301970
B1927374746400N11954993WA0193301970
B1927384746398N11954998WA0193201970
B1927394746397N11955004WA0193201969
B1927404746394N11955009WA0193101968
B1927414746391N11955014WA0193001966
B1927424746389N11955020WA0193001965
B1927434746386N11955025WA0192901965
B1927444746383N11955030WA0192801964
B1927454746381N11955034WA0192801964
B1927464746379N11955039WA0192701963
B1927474746377N11955044WA0192601961
B1927484746374N11955049WA0192501959
B1927494746371N11955053WA0192401957
B1927504746367N11955056WA0192201954
B1927514746363N11955060WA0192101952
B1927524746360N11955064WA0192001951
B1927534746358N11955067WA0191801951
B1927544746355N11955068WA0191801950
B1927554746353N11955070WA0191601949
B1927564746350N11955071WA0191501946
B1927574746346N11955074WA0191301942
B1927584746343N11955076WA0191101939
B1927594746339N11955080WA0190901936
B1928004746336N11955083WA0190701934
B1928014746333N11955086WA0190501933
B1928024746331N11955089WA0190401933
B1928034746329N11955093WA0190201931
B1928044746328N11955096WA0190101928
B1928054746325N11955099WA0189901925
B1928064746323N11955103WA0189701921
B1928074746320N11955106WA0189401917
B1928084746318N11955111WA0189201913
B1928094746315N11955115WA0188801910
B1928104746312N11955120WA0188601907
B1928114746310N11955124WA0188301905
B1928124746307N11955127WA0188101903
B1928134746304N11955129WA0187801900
B1928144746301N11955132WA0187501897
B1928154746298N11955137WA0187201894
B1928164746296N11955141WA0187001891
B1928174746293N11955146WA0186601889
B1928184746290N11955150WA0186401888
B1928194746288N11955154WA0186201887
B1928204746286N11955159WA0186001886
B1928214746284N11955163WA0185801884
B1928224746282N11955168WA0185601882
B1928234746278N11955172WA0185301878
B1928244746275N11955176WA0185101875
B1928254746271N11955179WA0184801873
B1928264746268N11955182WA0184601872
B1928274746265N11955185WA0184401871
B1928284746262N11955187WA0184201870
B1928294746259N11955189WA0184001868
B1928304746256N11955190WA0183801865
B1928314746252N11955191WA0183501861
B1928324746247N11955191WA0183301858
B1928334746243N11955190WA0183101857
B1928344746239N11955188WA0182901857
B1928354746235N11955186WA0182701857
B1928364746232N11955184WA0182601856
B1928374746229N11955182WA0182401854
B1928384746225N11955181WA0182301852
B1928394746221N11955180WA0182001849
B1928404746217N11955178WA0181801847
B1928414746213N11955176WA0181601845
B1928424746209N11955173WA0181501844
B1928434746205N11955171WA0181301843
B1928444746202N11955168WA0181201843
B1928454746198N11955165WA0181001842
B1928464746194N11955162WA0180901841
B1928474746189N11955159WA0180701839
B1928484746185N11955156WA0180601838
B1928494746181N11955153WA0180401836
B1928504746176N11955150WA0180301835
B1928514746172N11955147WA0180101835
B1928524746168N11955145WA0180001835
B1928534746164N11955143WA0179901835
B1928544746160N11955141WA0179901834
B1928554746156N11955139WA0179801833
B1928564746152N11955136WA0179701832
B1928574746148N11955134WA0179601831
B1928584746144N11955130WA0179501829
B1928594746139N11955127WA0179301827
B1929004746135N11955123WA0179201827
B1929014746131N11955120WA0179101827
B1929024746127N11955117WA0179101826
B1929034746124N11955114WA0179001824
B1929044746119N11955109WA0178901821
B1929054746115N11955104WA0178701818
B1929064746110N11955099WA0178501816
B1929074746105N11955094WA0178301814
B1929084746101N11955089WA0178201813
B1929094746097N11955084WA0178001812
B1929104746094N11955079WA0177901811
B1929114746090N11955074WA0177801810
B1929124746086N11955070WA0177601808
B1929134746082N11955064WA0177401805
B1929144746077N11955058WA0177301803
B1929154746073N11955053WA0177101801
B1929164746069N11955047WA0176901800
B1929174746065N11955041WA0176801799
B1929184746062N11955035WA0176701799
B1929194746059N11955030WA0176601799
B1929204746055N11955024WA0176501798
B1929214746052N11955018WA0176401797
B1929224746048N11955012WA0176201795
B1929234746043N11955007WA0176101793
B1929244746039N11955000WA0176001792
B1929254746035N11954994WA0175901791
B1929264746032N11954987WA0175801791
B1929274746028N11954981WA0175701791
B1929284746025N11954976WA0175601791
B1929294746021N11954970WA0175501790
B1929304746017N11954965WA0175501790
B1929314746013N11954961WA0175401789
B1929324746009N11954957WA0175301789
B1929334746004N11954952WA0175201788
B1929344746000N11954948WA0175201788
B1929354745996N11954944WA0175101788
B1929364745992N11954940WA0175101787
B1929374745988N11954937WA0175001786
B1929384745984N11954934WA0175001785
B1929394745979N11954930WA0174901784
B1929404745974N11954927WA0174801783
B1929414745969N11954924WA0174701782
B1929424745964N11954922WA0174601782
B1929434745959N11954920WA0174601782
B1929444745955N11954919WA0174501783
B1929454745951N11954919WA0174501783
B1929464745947N11954918WA0174501784
B1929474745943N11954917WA0174501784
B1929484745940N11954917WA0174501785
B1929494745937N11954917WA0174501786
B1929504745934N11954916WA0174501786
B1929514745932N11954916WA0174501786
B1929524745929N11954916WA0174601786
B1929534745926N11954916WA0174601785
B1929544745923N11954917WA0174601785
B1929554745921N11954919WA0174601785
B1929564745918N11954921WA0174601785
B1929574745915N11954923WA0174601784
B1929584745912N11954926WA0174501783
B1929594745908N11954929WA0174401782
B1930004745904N11954934WA0174401780
B1930014745901N11954938WA0174301779
B1930024745898N11954943WA0174201779
B1930034745895N11954948WA0174201779
B1930044745892N11954953WA0174101779
B1930054745889N11954957WA0174101779
B1930064745887N11954961WA0174001778
B1930074745884N11954966WA0174001776
B1930084745882N11954970WA0173901775
B1930094745880N11954976WA0173801774
B1930104745878N11954982WA0173801773
B1930114745876N11954988WA0173701771
B1930124745874N11954993WA0173601769
B1930134745871N11954999WA0173501768
B1930144745868N11955003WA0173401766
B1930154745865N11955008WA0173301765
B1930164745863N11955012WA0173201765
B1930174745861N11955016WA0173101764
B1930184745859N11955020WA0173001763
B1930194745857N11955025WA0172901761
B1930204745855N11955030WA0172801759
B1930214745852N11955036WA0172601756
B1930224745849N11955042WA0172501753
B1930234745846N11955047WA0172301752
B1930244745844N11955052WA0172201751
B1930254745841N11955056WA0172101751
B1930264745839N11955059WA0172001751
B1930274745837N11955063WA0171901749
B1930284745834N11955068WA0171801747
B1930294745832N11955073WA0171601745
B1930304745829N11955079WA0171501743
B1930314745827N11955084WA0171301742
B1930324745825N11955088WA0171201742
B1930334745823N11955092WA0171101741
B1930344745821N11955095WA0171001739
B1930354745819N11955099WA0170901737
B1930364745816N11955103WA0170701733
B1930374745812N11955108WA0170501731
B1930384745809N11955113WA0170301729
B1930394745807N11955117WA0170201729
B1930404745804N11955121WA0170101730
B1930414745802N11955124WA0170001731
B1930424745800N11955127WA0170001732
B1930434745798N11955130WA0169901731
B1930444745795N11955134WA0169801730
B1930454745793N11955138WA0169701728
B1930464745790N11955142WA0169601726
B1930474745787N11955147WA0169501724
B1930484745784N11955152WA0169401723
B1930494745782N11955156WA0169301723
B1930504745780N11955159WA0169201722
B1930514745778N11955163WA0169101721
B1930524745775N11955168WA0169001719
B1930534745773N11955172WA0168901717
B1930544745771N11955178WA0168801715
B1930554745769N11955185WA0168601713
B1930564745767N11955192WA0168501712
B1930574745766N11955198WA0168301712
B1930584745766N11955204WA0168301711
B1930594745765N11955209WA0168201710
B1931004745764N11955215WA0168101708
B1931014745762N11955221WA0167901705
B1931024745760N11955227WA0167801702
B1931034745758N11955233WA0167501700
B1931044745756N11955239WA0167401698
B1931054745753N11955245WA0167201697
B1931064745752N11955250WA0167101695
B1931074745750N11955256WA0166901693
B1931084745748N11955263WA0166801691
B1931094745747N11955269WA0166601689
B1931104745745N11955276WA0166401686
B1931114745742N11955283WA0166201684
B1931124745740N11955289WA0166001682
B1931134745738N11955295WA0165801681
B1931144745735N11955300WA0165701681
B1931154745733N11955304WA0165501680
B1931164745731N11955309WA0165401679
B1931174745729N11955313WA0165301677
B1931184745726N11955317WA0165101675
B1931194745722N11955322WA0164901673
B1931204745719N11955328WA0164801670
B1931214745715N11955334WA0164501667
B1931224745711N11955340WA0164301665
B1931234745707N11955346WA0164101663
B1931244745703N11955351WA0163901661
B1931254745698N11955357WA0163601660
B1931264745693N11955362WA0163501658
B1931274745689N11955367WA0163201656
B1931284745684N11955372WA0163101656
B1931294745680N11955377WA0162901655
B1931304745675N11955382WA0162801655
B1931314745671N11955387WA0162701654
B1931324745667N11955392WA0162601654
B1931334745662N11955398WA0162501652
B1931344745658N11955404WA0162401651
B1931354745654N11955410WA0162201648
B1931364745649N11955417WA0162101646
B1931374745644N11955423WA0161901644
B1931384745640N11955430WA0161701642
B1931394745636N11955436WA0161601641
B1931404745631N11955442WA0161401640
B1931414745627N11955447WA0161301638
B1931424745623N11955452WA0161101636
B1931434745618N11955457WA0160901632
B1931444745612N11955462WA0160701628
B1931454745607N11955466WA0160401624
B1931464745601N11955471WA0160201621
B1931474745595N11955475WA0160001618
B1931484745589N11955478WA0159801615
B1931494745582N11955481WA0159401611
B1931504745575N11955482WA0159201607
B1931514745567N11955482WA0158801604
B1931524745560N11955482WA0158601601
B1931534745552N11955481WA0158201598
B1931544745544N11955481WA0158001596
B1931554745536N11955482WA0157701594
B1931564745529N11955481WA0157501592
B1931574745521N11955480WA0157201590
B1931584745514N11955477WA0157001589
B1931594745506N11955475WA0156801588
B1932004745499N11955473WA0156601587
B1932014745492N11955471WA0156401586
B1932024745484N11955470WA0156201584
B1932034745478N11955470WA0156001583
B1932044745471N11955470WA0155901581
B1932054745464N11955472WA0155601578
B1932064745457N11955473WA0155401575
B1932074745450N11955475WA0155201573
B1932084745443N11955477WA0155001571
B1932094745437N11955479WA0154801570
B1932104745431N11955481WA0154601569
B1932114745425N11955484WA0154401568
B1932124745419N11955488WA0154301566
B1932134745413N11955492WA0154101564
B1932144745407N11955496WA0153901562
B1932154745401N11955501WA0153701561
B1932164745396N11955506WA0153601559
B1932174745390N11955511WA0153301557
B1932184745384N11955516WA0153201555
B1932194745379N11955520WA0153001556
B1932204745375N11955523WA0153001558
B1932214745371N11955526WA0153001560
B1932224745367N11955529WA0152901561
B1932234745362N11955532WA0152901561
B1932244745357N11955536WA0152801561
B1932254745352N11955541WA0152801560
B1932264745347N11955548WA0152701559
B1932274745343N11955555WA0152701559
B1932284745339N11955561WA0152701560
B1932294745335N11955566WA0152701562
B1932304745331N11955571WA0152701563
B1932314745327N11955577WA0152801564
B1932324745323N11955583WA0152801564
B1932334745320N11955590WA0152801565
B1932344745317N11955597WA0152901567
B1932354745314N11955604WA0153001569
B1932364745311N11955610WA0153101571
B1932374745309N11955616WA0153301573
B1932384745306N11955622WA0153401574
B1932394745304N11955628WA0153501576
B1932404745302N11955633WA0153701577
B1932414745300N11955638WA0153801579
B1932424745298N11955643WA0154001580
B1932434745296N11955647WA0154101582
B1932444745294N11955650WA0154201583
B1932454745291N11955651WA0154401583
B1932464745288N11955653WA0154501583
B1932474745284N11955654WA0154601583
B1932484745279N11955654WA0154701583
B1932494745275N11955653WA0154801585
B1932504745271N11955652WA0154901586
B1932514745267N11955650WA0155001589
B1932524745263N11955647WA0155201591
B1932534745259N11955645WA0155401594
B1932544745256N11955640WA0155501598
B1932554745252N11955635WA0155701601
B1932564745249N11955628WA0155901604
B1932574745245N11955621WA0156201607
B1932584745241N11955616WA0156301610
B1932594745237N11955613WA0156601613
B1933004745234N11955613WA0156801616
B1933014745232N11955616WA0157001617
B1933024745232N11955622WA0157201618
B1933034745235N11955628WA0157301618
B1933044745240N11955634WA0157401618
B1933054745245N11955637WA0157601620
B1933064745252N11955638WA0157701621
B1933074745259N11955637WA0157901622
B1933084745266N11955635WA0158001624
B1933094745272N11955630WA0158201627
B1933104745277N11955622WA0158301628
B1933114745280N11955613WA0158501630
B1933124745281N11955602WA0158601631
B1933134745279N11955593WA0158801633
B1933144745275N11955586WA0158901635
B1933154745270N11955583WA0159101637
B1933164745265N11955580WA0159201639
B1933174745261N11955577WA0159401643
B1933184745259N11955571WA0159601647
B1933194745259N11955563WA0159901649
B1933204745261N11955553WA0160001649
B1933214745264N11955543WA0160201648
B1933224745267N11955534WA0160301649
B1933234745272N11955526WA0160601651
B1933244745278N11955521WA0160701654
B1933254745283N11955517WA0160901657
B1933264745289N11955515WA0161101659
B1933274745294N11955516WA0161301662
B1933284745299N11955519WA0161501664
B1933294745302N11955524WA0161701666
B1933304745305N11955528WA0161901668
B1933314745307N11955533WA0162101672
B1933324745308N11955537WA0162301675
B1933334745308N11955542WA0162601677
B1933344745307N11955546WA0162801678
B1933354745304N11955550WA0163001680
B1933364745301N11955553WA0163201681
B1933374745297N11955554WA0163401683
B1933384745293N11955552WA0163601685
B1933394745289N11955547WA0163801687
B1933404745287N11955541WA0163901688
B1933414745285N11955534WA0164201689
B1933424745285N11955525WA0164301690
B1933434745285N11955516WA0164501691
B1933444745287N11955506WA0164601691
B1933454745289N11955495WA0164701691
B1933464745293N11955486WA0164801692
B1933474745297N11955478WA0165001694
B1933484745301N11955470WA0165201696
B1933494745306N11955463WA0165301697
B1933504745311N11955458WA0165401699
B1933514745317N11955454WA0165601700
B1933524745323N11955452WA0165701702
B1933534745328N11955452WA0165901704
B1933544745334N11955452WA0166001707
B1933554745339N11955454WA0166201709
B1933564745344N11955457WA0166401711
B1933574745347N11955461WA0166601714
B1933584745350N11955466WA0166701716
B1933594745351N11955470WA0167001718
B1934004745352N11955475WA0167101720
B1934014745352N11955480WA0167401722
B1934024745351N11955484WA0167501724
B1934034745348N11955486WA0167801727
B1934044745345N11955486WA0167901728
B1934054745341N11955484WA0168101728
B1934064745336N11955481WA0168201728
B1934074745331N11955476WA0168401728
B1934084745328N11955468WA0168501730
B1934094745327N11955459WA0168701731
B1934104745327N11955449WA0168801732
B1934114745329N11955440WA0168901732
B1934124745333N11955430WA0169001732
B1934134745337N11955421WA0169101732
B1934144745342N11955413WA0169201732
B1934154745348N11955407WA0169301732
B1934164745355N11955402WA0169301733
B1934174745361N11955399WA0169401735
B1934184745367N11955398WA0169501737
B1934194745373N11955398WA0169701740
B1934204745378N11955399WA0169801742
B1934214745382N11955401WA0169901743
B1934224745387N11955404WA0170001744
B1934234745392N11955407WA0170201745
B1934244745398N11955410WA0170301747
B1934254745404N11955412WA0170401748
B1934264745411N11955414WA0170501750
B1934274745417N11955417WA0170701751
B1934284745423N11955419WA0170801753
B1934294745429N11955422WA0170901754
B1934304745434N11955425WA0171001755
B1934314745439N11955429WA0171201757
B1934324745444N11955433WA0171301758
B1934334745449N11955438WA0171401759
B1934344745453N11955442WA0171501760
B1934354745458N11955447WA0171601761
B1934364745462N11955453WA0171701762
B1934374745466N11955458WA0171901764
B1934384745470N11955465WA0171901765
B1934394745472N11955471WA0172101767
B1934404745473N11955477WA0172201769
B1934414745474N11955482WA0172401771
B1934424745474N11955487WA0172501773
B1934434745473N11955492WA0172701774
B1934444745472N11955496WA0172801775
B1934454745470N11955500WA0173001777
B1934464745468N11955502WA0173101779
B1934474745464N11955503WA0173301781
B1934484745461N11955502WA0173501782
B1934494745456N11955500WA0173601783
B1934504745452N11955496WA0173801784
B1934514745447N11955493WA0174001787
B1934524745443N11955490WA0174101789
B1934534745439N11955486WA0174301793
B1934544745435N11955481WA0174501796
B1934554745431N11955474WA0174801800
B1934564745427N11955466WA0175001804
B1934574745424N11955456WA0175301807
B1934584745423N11955445WA0175501811
B1934594745424N11955433WA0175901815
B1935004745427N11955421WA0176101818
B1935014745431N11955410WA0176401821
B1935024745436N11955401WA0176601824
B1935034745441N11955394WA0177001828
B1935044745447N11955389WA0177201831
B1935054745454N11955387WA0177601833
B1935064745461N11955388WA0177801835
B1935074745466N11955390WA0178101837
B1935084745470N11955394WA0178301840
B1935094745473N11955397WA0178601843
B1935104745474N11955401WA0178901845
B1935114745474N11955405WA0179201847
B1935124745473N11955409WA0179401848
B1935134745471N11955412WA0179601850
B1935144745468N11955414WA0179801852
B1935154745464N11955415WA0180101855
B1935164745460N11955413WA0180301858
B1935174745455N11955410WA0180601862
B1935184745450N11955404WA0180801865
B1935194745446N11955397WA0181101867
B1935204745443N11955387WA0181301870
B1935214745441N11955377WA0181701873
B1935224745441N11955366WA0181901876
B1935234745443N11955355WA0182201879
B1935244745446N11955345WA0182401882
B1935254745451N11955336WA0182701884
B1935264745456N11955328WA0182901886
B1935274745462N11955323WA0183201889
B1935284745469N11955320WA0183401891
B1935294745475N11955319WA0183701893
B1935304745482N11955320WA0183901895
B1935314745487N11955324WA0184201897
B1935324745492N11955329WA0184401899
B1935334745495N11955335WA0184601902
B1935344745497N11955340WA0184801905
B1935354745497N11955346WA0185101908
B1935364745495N11955350WA0185301911
B1935374745493N11955354WA0185701914
B1935384745490N11955356WA0185901918
B1935394745486N11955355WA0186201922
B1935404745482N11955353WA0186501925
B1935414745478N11955347WA0186801927
B1935424745475N11955340WA0187001929
B1935434745472N11955330WA0187301932
B1935444745472N11955319WA0187501934
B1935454745472N11955308WA0187801936
B1935464745475N11955297WA0188001938
B1935474745479N11955287WA0188301940
B1935484745485N11955279WA0188501943
B1935494745491N11955274WA0188801946
B1935504745498N11955272WA0189001948
B1935514745505N11955271WA0189301950
B1935524745512N11955273WA0189501953
B1935534745518N11955276WA0189701955
B1935544745523N11955280WA0189901957
B1935554745527N11955286WA0190201960
B1935564745530N11955291WA0190401963
B1935574745533N11955296WA0190701966
B1935584745535N11955301WA0190901969
B1935594745536N11955306WA0191201972
B1936004745537N11955310WA0191501975
B1936014745537N11955315WA0191801978
B1936024745537N11955319WA0192001981
B1936034745536N11955322WA0192401984
B1936044745535N11955325WA0192601987
B1936054745532N11955326WA0193001989
B1936064745529N11955325WA0193201991
B1936074745526N11955322WA0193501993
B1936084745523N11955317WA0193701996
B1936094745520N11955310WA0194001999
B1936104745518N11955301WA0194202002
B1936114745518N11955290WA0194502005
B1936124745518N11955280WA0194702007
B1936134745520N11955269WA0195002009
B1936144745522N11955258WA0195202011
B1936154745524N11955247WA0195402012
B1936164745527N11955236WA0195602015
B1936174745532N11955226WA0195902017
B1936184745537N11955218WA0196102019
B1936194745544N11955213WA0196302021
B1936204745551N11955211WA0196502022
B1936214745558N11955212WA0196702024
B1936224745564N11955215WA0196902026
B1936234745569N11955218WA0197102028
B1936244745573N11955221WA0197302030
B1936254745578N11955225WA0197502032
B1936264745582N11955230WA0197702033
B1936274745586N11955234WA0197902035
B1936284745590N11955239WA0198102037
B1936294745592N11955244WA0198302039
B1936304745593N11955250WA0198402041
B1936314745594N11955256WA0198702043
B1936324745594N11955261WA0198902045
B1936334745594N11955266WA0199102048
B1936344745594N11955271WA0199302051
B1936354745593N11955274WA0199602054
B1936364745590N11955277WA0199802056
B1936374745587N11955277WA0200102058
B1936384745584N11955277WA0200202061
B1936394745580N11955274WA0200502063
B1936404745577N11955270WA0200702067
B1936414745574N11955263WA0201002069
B1936424745571N11955255WA0201202072
B1936434745568N11955247WA0201502075
B1936444745565N11955239WA0201702079
B1936454745563N11955231WA0202102082
B1936464745562N11955222WA0202302086
B1936474745563N11955212WA0202602088
B1936484745565N11955201WA0202802090
B1936494745569N11955190WA0203102092
B1936504745574N11955181WA0203302094
B1936514745580N11955173WA0203602096
B1936524745586N11955167WA0203802099
B1936534745593N11955163WA0204102101
B1936544745601N11955161WA0204302103
B1936554745607N11955160WA0204602105
B1936564745613N11955161WA0204702107
B1936574745619N11955164WA0205002109
B1936584745623N11955168WA0205202111
B1936594745627N11955174WA0205402113
B1937004745630N11955179WA0205602115
B1937014745632N11955185WA0205902117
B1937024745633N11955190WA0206002120
B1937034745634N11955195WA0206302122
B1937044745634N11955200WA0206502124
B1937054745633N11955203WA0206802127
B1937064745630N11955206WA0207002130
B1937074745628N11955207WA0207202132
B1937084745624N11955206WA0207402135
B1937094745620N11955205WA0207702137
B1937104745617N11955202WA0207902141
B1937114745614N11955198WA0208202145
B1937124745611N11955191WA0208402148
B1937134745610N11955183WA0208702150
B1937144745608N11955174WA0208902151
B1937154745607N11955164WA0209202152
B1937164745606N11955154WA0209302154
B1937174745607N11955144WA0209602156
B1937184745609N11955134WA0209802159
B1937194745612N11955124WA0210102161
B1937204745617N11955115WA0210302163
B1937214745623N11955107WA0210502164
B1937224745630N11955101WA0210602166
B1937234745636N11955096WA0210902169
B1937244745643N11955092WA0211102172
B1937254745649N11955090WA0211402175
B1937264745655N11955088WA0211602177
B1937274745661N11955088WA0211802179
B1937284745668N11955090WA0212002179
B1937294745674N11955093WA0212202180
B1937304745679N11955097WA0212302180
B1937314745684N11955102WA0212502181
B1937324745688N11955107WA0212602183
B1937334745691N11955112WA0212802184
B1937344745693N11955118WA0212902186
B1937354745695N11955124WA0213102188
B1937364745696N11955129WA0213202190
B1937374745696N11955134WA0213402192
B1937384745694N11955137WA0213602194
B1937394745692N11955141WA0213802196
B1937404745690N11955143WA0214002198
B1937414745688N11955145WA0214202201
B1937424745684N11955144WA0214302202
B1937434745681N11955142WA0214502202
B1937444745677N11955137WA0214602202
B1937454745674N11955130WA0214702202
B1937464745671N11955123WA0214802202
B1937474745669N11955114WA0214902202
B1937484745667N11955106WA0215002202
B1937494745665N11955097WA0215002202
B1937504745664N11955087WA0215102202
B1937514745662N11955078WA0215102202
B1937524745660N11955068WA0215202202
B1937534745659N11955058WA0215202203
B1937544745659N11955047WA0215302204
B1937554745658N11955036WA0215302204
B1937564745658N11955024WA0215302205
B1937574745658N11955013WA0215402207
B1937584745659N11955001WA0215502208
B1937594745661N11954991WA0215602210
B1938004745664N11954981WA0215702211
B1938014745668N11954971WA0215802212
B1938024745673N11954961WA0215902213
B1938034745679N11954951WA0216002213
B1938044745685N11954942WA0216002214
B1938054745691N11954933WA0216102216
B1938064745698N11954926WA0216202218
B1938074745705N11954921WA0216302220
B1938084745712N11954919WA0216402222
B1938094745719N11954919WA0216602224
B1938104745725N11954921WA0216702226
B1938114745730N11954926WA0216902228
B1938124745734N11954932WA0217002230
B1938134745736N11954937WA0217302233
B1938144745739N11954942WA0217402236
B1938154745742N11954946WA0217702239
B1938164745746N11954950WA0217902241
B1938174745750N11954953WA0218102244
B1938184745754N11954956WA0218302246
B1938194745757N11954960WA0218502247
B1938204745758N11954964WA0218702248
B1938214745757N11954968WA0218902248
B1938224745755N11954971WA0219002248
B1938234745752N11954972WA0219202250
B1938244745749N11954970WA0219302252
B1938254745746N11954966WA0219502254
B1938264745743N11954959WA0219602257
B1938274745741N11954950WA0219802258
B1938284745740N11954940WA0220002260
B1938294745740N11954930WA0220202262
B1938304745740N11954919WA0220302264
B1938314745742N11954909WA0220502266
B1938324745744N11954898WA0220702267
B1938334745748N11954889WA0220902268
B1938344745753N11954880WA0221002270
B1938354745758N11954872WA0221202271
B1938364745764N11954864WA0221302274
B1938374745770N11954858WA0221502276
B1938384745776N11954854WA0221702277
B1938394745783N11954851WA0221902279
B1938404745790N11954849WA0222002280
B1938414745798N11954849WA0222202281
B1938424745805N11954849WA0222302282
B1938434745812N11954849WA0222502284
B1938444745819N11954850WA0222602286
B1938454745825N11954852WA0222802287
B1938464745830N11954855WA0222902289
B1938474745835N11954860WA0223102290
B1938484745840N11954865WA0223202291
B1938494745843N11954870WA0223402292
B1938504745846N11954876WA0223502293
B1938514745847N11954881WA0223602295
B1938524745848N11954886WA0223802296
B1938534745848N11954890WA0223902298
B1938544745848N11954894WA0224002299
B1938554745847N11954897WA0224202300
B1938564745846N11954900WA0224302301
B1938574745845N11954902WA0224502302
B1938584745843N11954903WA0224602303
B1938594745840N11954903WA0224702303
B1939004745837N11954902WA0224702302
B1939014745834N11954898WA0224802300
B1939024745831N11954892WA0224802299
B1939034745828N11954885WA0224802298
B1939044745826N11954876WA0224802296
B1939054745824N11954867WA0224702295
B1939064745823N11954857WA0224702295
B1939074745822N11954848WA0224702295
B1939084745821N11954839WA0224702295
B1939094745820N11954831WA0224702296
B1939104745818N11954822WA0224702297
B1939114745817N11954813WA0224702297
B1939124745816N11954803WA0224702298
B1939134745816N11954794WA0224802298
B1939144745815N11954784WA0224802299
B1939154745813N11954775WA0224802300
B1939164745812N11954766WA0224902301
B1939174745810N11954758WA0224902302
B1939184745808N11954749WA0225002303
B1939194745806N11954741WA0225002303
B1939204745803N11954733WA0225102305
B1939214745800N11954726WA0225202306
B1939224745798N11954720WA0225202307
B1939234745795N11954714WA0225302308
B1939244745793N11954708WA0225402308
B1939254745791N11954702WA0225502308
B1939264745789N11954696WA0225502306
B1939274745787N11954687WA0225502304
B1939284745787N11954676WA0225402302
B1939294745789N11954664WA0225402302
B1939304745793N11954653WA0225302301
B1939314745800N11954644WA0225302300
B1939324745808N11954637WA0225202299
B1939334745815N11954633WA0225202298
B1939344745822N11954630WA0225202297
B1939354745829N11954630WA0225102295
B1939364745837N11954632WA0225002292
B1939374745844N11954636WA0224802290
B1939384745850N11954642WA0224702288
B1939394745855N11954648WA0224602288
B1939404745860N11954654WA0224502289
B1939414745863N11954660WA0224502290
B1939424745867N11954665WA0224502292
B1939434745870N11954670WA0224502293
B1939444745873N11954675WA0224402293
B1939454745877N11954682WA0224402292
B1939464745881N11954688WA0224402293
B1939474745885N11954695WA0224402293
B1939484745888N11954702WA0224402295
B1939494745890N11954707WA0224502298
B1939504745891N11954711WA0224502301
B1939514745890N11954714WA0224702302
B1939524745888N11954716WA0224702303
B1939534745886N11954715WA0224802303
B1939544745883N11954714WA0224902302
B1939554745880N11954712WA0224902302
B1939564745876N11954711WA0224902302
B1939574745873N11954711WA0225002303
B1939584745870N11954711WA0225002303
B1939594745867N11954714WA0225002302
B1940004745864N11954718WA0225002302
B1940014745861N11954722WA0225002301
B1940024745858N11954725WA0225002301
B1940034745856N11954728WA0225002300
B1940044745854N11954732WA0225002299
B1940054745851N11954735WA0224902296
B1940064745847N11954738WA0224802293
B1940074745842N11954740WA0224702290
B1940084745836N11954740WA0224502286
B1940094745830N11954739WA0224302284
B1940104745825N11954736WA0224202282
B1940114745819N11954733WA0224002281
B1940124745815N11954730WA0223902280
B1940134745810N11954729WA0223702279
B1940144745806N11954727WA0223602277
B1940154745800N11954726WA0223402275
B1940164745795N11954724WA0223302273
B1940174745790N11954722WA0223102271
B1940184745785N11954721WA0223002270
B1940194745780N11954720WA0222802269
B1940204745775N11954719WA0222702268
B1940214745770N11954719WA0222502267
B1940224745764N11954718WA0222402265
B1940234745759N11954718WA0222202264
B1940244745754N11954717WA0222102264
B1940254745749N11954717WA0222002265
B1940264745745N11954718WA0221902265
B1940274745740N11954718WA0221802264
B1940284745735N11954718WA0221702263
B1940294745730N11954717WA0221602261
B1940304745725N11954717WA0221502259
B1940314745720N11954716WA0221302257
B1940324745715N11954717WA0221202255
B1940334745710N11954719WA0221002255
B1940344745707N11954720WA0221002255
B1940354745704N11954722WA0220902255
B1940364745700N11954723WA0220802254
B1940374745696N11954724WA0220702253
B1940384745692N11954724WA0220602250
B1940394745687N11954725WA0220402247
B1940404745682N11954726WA0220302245
B1940414745678N11954727WA0220102245
B1940424745674N11954729WA0220002244
B1940434745669N11954731WA0219802243
B1940444745665N11954733WA0219802242
B1940454745661N11954735WA0219602243
B1940464745658N11954736WA0219602243
B1940474745654N11954737WA0219502243
B1940484745649N11954737WA0219402242
B1940494745644N11954738WA0219302240
B1940504745638N11954739WA0219202239
B1940514745633N11954740WA0219102237
B1940524745628N11954741WA0219002236
B1940534745622N11954742WA0218902235
B1940544745617N11954743WA0218802234
B1940554745613N11954744WA0218702233
B1940564745608N11954745WA0218602233
B1940574745603N11954747WA0218502231
B1940584745599N11954750WA0218402230
B1940594745594N11954755WA0218202228
B1941004745590N11954761WA0218102226
B1941014745586N11954767WA0217902225
B1941024745582N11954773WA0217902226
B1941034745578N11954777WA0217802226
B1941044745575N11954781WA0217802226
B1941054745571N11954785WA0217702225
B1941064745566N11954788WA0217602223
B1941074745561N11954791WA0217402220
B1941084745556N11954795WA0217302217
B1941094745550N11954797WA0217102214
B1941104745544N11954799WA0217002213
B1941114745538N11954800WA0216802212
B1941124745533N11954802WA0216702211
B1941134745528N11954804WA0216602210
B1941144745523N11954807WA0216502209
B1941154745518N11954811WA0216302207
B1941164745512N11954814WA0216202206
B1941174745506N11954817WA0216002205
B1941184745501N11954820WA0215902204
B1941194745495N11954824WA0215802203
B1941204745490N11954827WA0215702203
B1941214745485N11954831WA0215602203
B1941224745481N11954835WA0215502202
B1941234745476N11954839WA0215402201
B1941244745470N11954843WA0215302199
B1941254745464N11954847WA0215202198
B1941264745458N11954851WA0215102199
B1941274745452N11954855WA0215102201
B1941284745448N11954860WA0215102203
B1941294745443N11954864WA0215102205
B1941304745440N11954868WA0215202208
B1941314745436N11954872WA0215302211
B1941324745433N11954876WA0215402213
B1941334745429N11954880WA0215602215
B1941344745426N11954882WA0215702218
B1941354745424N11954884WA0215902222
B1941364745421N11954886WA0216102224
B1941374745418N11954888WA0216302226
B1941384745414N11954890WA0216402227
B1941394745410N11954893WA0216602227
B1941404745406N11954897WA0216702228
B1941414745402N11954900WA0216902230
B1941424745398N11954903WA0217002231
B1941434745393N11954906WA0217202232
B1941444745388N11954908WA0217302234
B1941454745384N11954910WA0217502236
B1941464745379N11954910WA0217602239
B1941474745375N11954909WA0217802242
B1941484745372N11954906WA0218002246
B1941494745370N11954900WA0218302249
B1941504745370N11954892WA0218502251
B1941514745370N11954883WA0218802252
B1941524745372N11954873WA0218902252
B1941534745375N11954862WA0219102252
B1941544745379N11954851WA0219202253
B1941554745383N11954842WA0219402255
B1941564745388N11954833WA0219602256
B1941574745394N11954824WA0219802256
B1941584745399N11954814WA0219902256
B1941594745404N11954804WA0220002256
B1942004745410N11954794WA0220102256
B1942014745416N11954783WA0220102256
B1942024745423N11954773WA0220202256
B1942034745429N11954763WA0220202256
B1942044745435N11954752WA0220302256
B1942054745441N11954740WA0220302257
B1942064745445N11954727WA0220302258
B1942074745449N11954715WA0220402259
B1942084745452N11954702WA0220502261
B1942094745453N11954690WA0220602264
B1942104745452N11954680WA0220702267
B1942114745450N11954672WA0220902270
B1942124745446N11954668WA0221002272
B1942134745443N11954666WA0221202274
B1942144745439N11954665WA0221302276
B1942154745436N11954663WA0221502279
B1942164745432N11954660WA0221702280
B1942174745429N11954655WA0221902281
B1942184745426N11954648WA0222002283
B1942194745425N11954639WA0222202285
B1942204745427N11954629WA0222302286
B1942214745430N11954619WA0222502285
B1942224745434N11954608WA0222602285
B1942234745439N11954597WA0222702286
B1942244745444N11954586WA0222802288
B1942254745449N11954576WA0223002290
B1942264745454N11954566WA0223102292
B1942274745460N11954558WA0223302294
B1942284745467N11954550WA0223402296
B1942294745474N11954543WA0223602298
B1942304745482N11954536WA0223802300
B1942314745490N11954530WA0224002302
B1942324745497N11954525WA0224102304
B1942334745505N11954520WA0224302305
B1942344745514N11954515WA0224402306
B1942354745521N11954511WA0224602307
B1942364745529N11954507WA0224702309
B1942374745537N11954505WA0224902310
B1942384745545N11954503WA0225002311
B1942394745553N11954501WA0225102312
B1942404745562N11954499WA0225302314
B1942414745570N11954496WA0225502316
B1942424745578N11954495WA0225602319
B1942434745586N11954496WA0225802323
B1942444745592N11954498WA0226002326
B1942454745597N11954503WA0226302328
B1942464745600N11954509WA0226402329
B1942474745601N11954514WA0226602330
B1942484745600N11954518WA0226802332
B1942494745599N11954521WA0227002335
B1942504745598N11954523WA0227202337
B1942514745596N11954525WA0227402339
B1942524745595N11954527WA0227602340
B1942534745593N11954529WA0227802341
B1942544745590N11954532WA0227902341
B1942554745588N11954534WA0228002341
B1942564745585N11954536WA0228102342
B1942574745582N11954537WA0228302343
B1942584745579N11954536WA0228402343
B1942594745576N11954536WA0228502344
B1943004745573N11954535WA0228602345
B1943014745570N11954536WA0228702347
B1943024745567N11954538WA0228802349
B1943034745565N11954541WA0229002352
B1943044745563N11954544WA0229202356
B1943054745562N11954547WA0229502360
B1943064745560N11954549WA0229702365
B1943074745559N11954550WA0230002370
B1943084745557N11954550WA0230302374
B1943094745554N11954547WA0230602376
B1943104745551N11954542WA0230802378
B1943114745548N11954535WA0231102380
B1943124745545N11954526WA0231302383
B1943134745544N11954516WA0231602386
B1943144745544N11954505WA0231802388
B1943154745546N11954493WA0232102391
B1943164745548N11954481WA0232302395
B1943174745552N11954471WA0232702399
B1943184745557N11954463WA0232902403
B1943194745564N11954458WA0233302406
B1943204745571N11954457WA0233502408
B1943214745578N11954458WA0233802409
B1943224745584N11954462WA0234002410
B1943234745589N11954468WA0234202411
B1943244745592N11954475WA0234402414
B1943254745594N11954480WA0234702419
B1943264745594N11954485WA0235002423
B1943274745593N11954488WA0235402427
B1943284745591N11954489WA0235602429
B1943294745587N11954489WA0235802431
B1943304745583N11954488WA0236102433
B1943314745579N11954486WA0236402436
B1943324745576N11954481WA0236702439
B1943334745573N11954474WA0237002442
B1943344745571N11954466WA0237202444
B1943354745570N11954456WA0237502446
B1943364745571N11954446WA0237702447
B1943374745573N11954437WA0237902449
B1943384745575N11954428WA0238202451
B1943394745579N11954418WA0238502452
B1943404745582N11954409WA0238602455
B1943414745586N11954399WA0238902457
B1943424745591N11954390WA0239002458
B1943434745597N11954383WA0239302460
B1943444745604N11954378WA0239402460
B1943454745612N11954375WA0239602461
B1943464745619N11954375WA0239702461
B1943474745627N11954377WA0239802462
B1943484745633N11954380WA0239902462
B1943494745639N11954384WA0240102464
B1943504745644N11954389WA0240202464
B1943514745649N11954394WA0240302465
B1943524745655N11954400WA0240402466
B1943534745660N11954404WA0240502468
B1943544745666N11954408WA0240602470
B1943554745671N11954412WA0240902473
B1943564745675N11954416WA0241002476
B1943574745677N11954422WA0241202479
B1943584745679N11954428WA0241402481
B1943594745679N11954434WA0241602483
B1944004745677N11954439WA0241702485
B1944014745674N11954441WA0242002488
B1944024745670N11954441WA0242202492
B1944034745667N11954437WA0242402494
B1944044745664N11954431WA0242602495
B1944054745661N11954424WA0242802495
B1944064745659N11954416WA0242902496
B1944074745657N11954409WA0243102498
B1944084745656N11954402WA0243302502
B1944094745656N11954394WA0243602504
B1944104745658N11954384WA0243702504
B1944114745662N11954373WA0243802503
B1944124745669N11954364WA0243902502
B1944134745677N11954358WA0243902503
B1944144745685N11954355WA0244102504
B1944154745692N11954356WA0244202506
B1944164745699N11954357WA0244302507
B1944174745705N11954360WA0244402507
B1944184745711N11954364WA0244602508
B1944194745717N11954368WA0244702508
B1944204745723N11954374WA0244702508
B1944214745728N11954381WA0244802509
B1944224745732N11954387WA0244902511
B1944234745735N11954393WA0245002512
B1944244745736N11954398WA0245102514
B1944254745735N11954402WA0245202515
B1944264745733N11954404WA0245402515
B1944274745730N11954404WA0245402514
B1944284745726N11954402WA0245502513
B1944294745723N11954398WA0245502513
B1944304745719N11954391WA0245602511
B1944314745717N11954382WA0245502509
B1944324745715N11954372WA0245502508
B1944334745714N11954361WA0245502507
B1944344745714N11954350WA0245502508
B1944354745715N11954340WA0245502509
B1944364745718N11954329WA0245502509
B1944374745722N11954320WA0245502509
B1944384745728N11954312WA0245502509
B1944394745734N11954305WA0245502509
B1944404745740N11954298WA0245502509
B1944414745747N11954292WA0245502509
B1944424745754N11954285WA0245502509
B1944434745761N11954279WA0245502510
B1944444745768N11954274WA0245602511
B1944454745775N11954270WA0245602512
B1944464745783N11954267WA0245602512
B1944474745791N11954265WA0245702513
B1944484745799N11954265WA0245702514
B1944494745807N11954269WA0245702515
B1944504745813N11954275WA0245802516
B1944514745817N11954281WA0245802516
B1944524745821N11954289WA0245902516
B1944534745824N11954296WA0245902515
B1944544745826N11954303WA0245902514
B1944554745828N11954311WA0245902512
B1944564745831N11954319WA0245902511
B1944574745833N11954327WA0245802511
B1944584745835N11954334WA0245802512
B1944594745838N11954340WA0245902514
B1945004745841N11954346WA0246002517
B1945014745844N11954352WA0246002518
B1945024745846N11954358WA0246102517
B1945034745847N11954365WA0246102518
B1945044745848N11954372WA0246202519
B1945054745849N11954378WA0246302520
B1945064745850N11954384WA0246402522
B1945074745852N11954390WA0246402524
B1945084745853N11954396WA0246502525
B1945094745853N11954402WA0246602525
B1945104745854N11954408WA0246702527
B1945114745855N11954414WA0246802528
B1945124745856N11954421WA0246902528
B1945134745858N11954427WA0246902528
B1945144745859N11954435WA0246902525
B1945154745860N11954444WA0246902522
B1945164745861N11954453WA0246802518
B1945174745861N11954463WA0246702514
B1945184745861N11954472WA0246502511
B1945194745861N11954482WA0246302508
B1945204745861N11954492WA0246102506
B1945214745861N11954502WA0246002504
B1945224745861N11954511WA0245802503
B1945234745862N11954520WA0245702502
B1945244745863N11954528WA0245602501
B1945254745863N11954537WA0245402498
B1945264745863N11954546WA0245202495
B1945274745863N11954556WA0245002491
B1945284745862N11954566WA0244702487
B1945294745862N11954578WA0244502483
B1945304745861N11954589WA0244202481
B1945314745862N11954600WA0244002479
B1945324745862N11954610WA0243802479
B1945334745863N11954619WA0243602480
B1945344745864N11954627WA0243502480
B1945354745865N11954636WA0243402479
B1945364745866N11954646WA0243302478
B1945374745866N11954656WA0243202476
B1945384745867N11954666WA0243102476
B1945394745867N11954675WA0243002478
B1945404745868N11954682WA0243002480
B1945414745869N11954689WA0243102483
B1945424745871N11954697WA0243102485
B1945434745873N11954704WA0243202487
B1945444745875N11954711WA0243302488
B1945454745878N11954718WA0243402490
B1945464745882N11954725WA0243502491
B1945474745885N11954732WA0243602492
B1945484745888N11954740WA0243602492
B1945494745889N11954748WA0243702492
B1945504745889N11954756WA0243702491
B1945514745887N11954763WA0243802491
B1945524745885N11954767WA0243802491
B1945534745883N11954769WA0243802491
B1945544745880N11954769WA0243902491
B1945554745878N11954766WA0243902492
B1945564745875N11954762WA0243902491
B1945574745874N11954756WA0243902491
B1945584745873N11954749WA0243902490
B1945594745873N11954741WA0243902489
B1946004745874N11954732WA0243902489
B1946014745877N11954723WA0243902488
B1946024745881N11954715WA0243802488
B1946034745886N11954707WA0243902490
B1946044745892N11954702WA0243902491
B1946054745898N11954698WA0244002493
B1946064745905N11954696WA0244002493
B1946074745913N11954695WA0244002493
B1946084745920N11954697WA0244102493
B1946094745927N11954700WA0244102493
B1946104745933N11954706WA0244102493
B1946114745939N11954713WA0244102492
B1946124745943N11954721WA0244102492
B1946134745947N11954730WA0244102492
B1946144745950N11954737WA0244102492
B1946154745950N11954743WA0244202493
B1946164745950N11954750WA0244202491
B1946174745949N11954756WA0244102489
B1946184745948N11954763WA0244002487
B1946194745947N11954771WA0244002485
B1946204745946N11954777WA0243902485
B1946214745944N11954780WA0243802485
B1946224745941N11954780WA0243802484
B1946234745938N11954779WA0243702482
B1946244745935N11954777WA0243602481
B1946254745932N11954775WA0243502480
B1946264745929N11954774WA0243402480
B1946274745927N11954772WA0243402478
B1946284745924N11954770WA0243302476
B1946294745920N11954766WA0243202473
B1946304745917N11954761WA0243002470
B1946314745915N11954754WA0242802466
B1946324745914N11954745WA0242502463
B1946334745915N11954735WA0242302460
B1946344745919N11954726WA0242102457
B1946354745925N11954719WA0241902453
B1946364745932N11954714WA0241602451
B1946374745940N11954710WA0241502450
B1946384745947N11954707WA0241202449
B1946394745954N11954703WA0241102447
B1946404745961N11954697WA0240902446
B1946414745968N11954690WA0240702443
B1946424745975N11954682WA0240402442
B1946434745981N11954674WA0240302440
B1946444745988N11954667WA0240102440
B1946454745994N11954660WA0240002439
B1946464746001N11954652WA0239802438
B1946474746007N11954643WA0239602437
B1946484746012N11954634WA0239402437
B1946494746016N11954625WA0239302436
B1946504746019N11954616WA0239202436
B1946514746023N11954606WA0239102435
B1946524746026N11954596WA0239002433
B1946534746029N11954585WA0238802430
B1946544746031N11954573WA0238602428
B1946554746033N11954561WA0238402426
B1946564746036N11954549WA0238202423
B1946574746038N11954536WA0238002422
B1946584746040N11954525WA0237802421
B1946594746042N11954513WA0237702419
B1947004746044N11954502WA0237502418
B1947014746045N11954492WA0237302416
B1947024746045N11954481WA0237102413
B1947034746045N11954470WA0236902410
B1947044746044N11954459WA0236602406
B1947054746044N11954447WA0236402404
B1947064746044N11954435WA0236202401
B1947074746043N11954423WA0236002399
B1947084746041N11954411WA0235702396
B1947094746040N11954400WA0235502395
B1947104746039N11954390WA0235202393
B1947114746037N11954379WA0235102391
B1947124746037N11954369WA0234902391
B1947134746037N11954360WA0234802393
B1947144746037N11954352WA0234702393
B1947154746037N11954343WA0234602391
B1947164746038N11954333WA0234402388
B1947174746038N11954322WA0234302385
B1947184746039N11954310WA0234002381
B1947194746039N11954297WA0233802379
B1947204746040N11954285WA0233602379
B1947214746041N11954273WA0233502380
B1947224746042N11954263WA0233402382
B1947234746044N11954253WA0233402382
B1947244746047N11954243WA0233302382
B1947254746050N11954231WA0233202381
B1947264746053N11954220WA0233102379
B1947274746056N11954208WA0233102378
B1947284746059N11954196WA0232902377
B1947294746062N11954185WA0232902377
B1947304746065N11954175WA0232802379
B1947314746068N11954166WA0232802381
B1947324746071N11954157WA0232802381
B1947334746074N11954148WA0232802381
B1947344746078N11954139WA0232802380
B1947354746082N11954130WA0232802378
B1947364746086N11954121WA0232702377
B1947374746089N11954112WA0232702376
B1947384746093N11954103WA0232602375
B1947394746097N11954093WA0232602375
B1947404746100N11954083WA0232502374
B1947414746104N11954073WA0232502374
B1947424746107N11954062WA0232402374
B1947434746110N11954052WA0232402375
B1947444746113N11954042WA0232402375
B1947454746117N11954031WA0232402374
B1947464746120N11954020WA0232302373
B1947474746123N11954009WA0232302373
B1947484746127N11953999WA0232302373
B1947494746131N11953989WA0232302374
B1947504746135N11953980WA0232302375
B1947514746140N11953971WA0232302376
B1947524746144N11953962WA0232402378
B1947534746148N11953953WA0232402380
B1947544746151N11953945WA0232502382
B1947554746156N11953937WA0232602383
B1947564746162N11953929WA0232702385
B1947574746168N11953923WA0232802385
B1947584746175N11953917WA0232902386
B1947594746183N11953911WA0233002386
B1948004746190N11953907WA0233102387
B1948014746199N11953905WA0233102387
B1948024746207N11953905WA0233202387
B1948034746215N11953907WA0233202386
B1948044746222N11953910WA0233202385
B1948054746229N11953915WA0233302385
B1948064746234N11953920WA0233302385
B1948074746240N11953926WA0233302385
B1948084746244N11953932WA0233302384
B1948094746246N11953938WA0233302383
B1948104746248N11953945WA0233302382
B1948114746247N11953952WA0233202380
B1948124746246N11953958WA0233202378
B1948134746243N11953962WA0233102377
B1948144746241N11953965WA0233002377
B1948154746238N11953966WA0233002377
B1948164746236N11953965WA0233002378
B1948174746235N11953965WA0233002380
B1948184746234N11953964WA0233102382
B1948194746233N11953963WA0233102382
B1948204746232N11953962WA0233102382
B1948214746230N11953960WA0233102381
B1948224746228N11953957WA0233102380
B1948234746226N11953954WA0233102379
B1948244746224N11953951WA0233002377
B1948254746222N11953948WA0233002376
B1948264746219N11953944WA0232902376
B1948274746216N11953940WA0232902377
B1948284746214N11953936WA0232902378
B1948294746212N11953932WA0232902378
B1948304746212N11953926WA0232902378
B1948314746212N11953918WA0232802375
B1948324746214N11953908WA0232702371
B1948334746218N11953896WA0232602367
B1948344746222N11953885WA0232402365
B1948354746226N11953875WA0232302365
B1948364746230N11953867WA0232202365
B1948374746234N11953859WA0232202366
B1948384746238N11953852WA0232102365
B1948394746242N11953845WA0232102364
B1948404746248N11953836WA0231902362
B1948414746254N11953827WA0231802360
B1948424746261N11953818WA0231702359
B1948434746267N11953810WA0231602358
B1948444746273N11953802WA0231502359
B1948454746279N11953796WA0231402359
B1948464746286N11953791WA0231402359
B1948474746293N11953785WA0231302359
B1948484746300N11953779WA0231302359
B1948494746306N11953771WA0231302360
B1948504746313N11953764WA0231302361
B1948514746319N11953757WA0231302362
B1948524746326N11953751WA0231302363
B1948534746333N11953746WA0231302364
B1948544746341N11953742WA0231402365
B1948554746349N11953740WA0231402366
B1948564746358N11953739WA0231502367
B1948574746366N11953739WA0231502368
B1948584746373N11953742WA0231602369
B1948594746379N11953747WA0231602370
B1949004746383N11953753WA0231702370
B1949014746386N11953761WA0231702371
B1949024746387N11953768WA0231802370
B1949034746385N11953773WA0231802368
B1949044746382N11953777WA0231802366
B1949054746379N11953780WA0231702365
B1949064746376N11953781WA0231702366
B1949074746373N11953783WA0231702366
B1949084746371N11953784WA0231702368
B1949094746369N11953786WA0231802369
B1949104746367N11953788WA0231802369
B1949114746364N11953788WA0231802370
B1949124746363N11953788WA0231902372
B1949134746362N11953785WA0231902374
B1949144746362N11953781WA0232002375
B1949154746363N11953775WA0232102374
B1949164746365N11953767WA0232102372
B1949174746367N11953758WA0232002369
B1949184746371N11953747WA0232002366
B1949194746376N11953736WA0231902365
B1949204746381N11953727WA0231802365
B1949214746387N11953718WA0231802365
B1949224746394N11953710WA0231802365
B1949234746401N11953702WA0231702364
B1949244746408N11953692WA0231702363
B1949254746416N11953682WA0231602363
B1949264746423N11953673WA0231602365
B1949274746430N11953666WA0231602368
B1949284746437N11953659WA0231702371
B1949294746445N11953654WA0231802374
B1949304746453N11953649WA0231902375
B1949314746461N11953646WA0232002376
B1949324746469N11953644WA0232102378
B1949334746477N11953644WA0232202379
B1949344746485N11953646WA0232302380
B1949354746493N11953649WA0232402381
B1949364746500N11953653WA0232502382
B1949374746506N11953659WA0232602382
B1949384746510N11953666WA0232702382
B1949394746513N11953673WA0232802382
B1949404746514N11953680WA0232802382
B1949414746513N11953685WA0232902383
B1949424746512N11953689WA0233002383
B1949434746511N11953691WA0233002383
B1949444746509N11953693WA0233102384
B1949454746508N11953694WA0233102384
B1949464746506N11953693WA0233202384
B1949474746504N11953689WA0233202382
B1949484746502N11953684WA0233202380
B1949494746500N11953676WA0233102378
B1949504746500N11953667WA0233102378
B1949514746501N11953657WA0233002379
B1949524746503N11953647WA0233102381
B1949534746507N11953638WA0233102382
B1949544746511N11953629WA0233102382
B1949554746517N11953620WA0233202382
B1949564746523N11953611WA0233202382
B1949574746529N11953601WA0233202382
B1949584746535N11953592WA0233202383
B1949594746541N11953584WA0233202385
B1950004746547N11953577WA0233302387
B1950014746554N11953571WA0233402388
B1950024746561N11953566WA0233502389
B1950034746570N11953564WA0233502390
B1950044746578N11953565WA0233602390
B1950054746587N11953567WA0233602389
B1950064746595N11953572WA0233602388
B1950074746602N11953579WA0233602388
B1950084746608N11953587WA0233602387
B1950094746613N11953594WA0233702387
B1950104746617N11953601WA0233702388
B1950114746620N11953607WA0233702388
B1950124746623N11953613WA0233702387
B1950134746625N11953620WA0233702386
B1950144746626N11953626WA0233702385
B1950154746625N11953632WA0233702383
B1950164746623N11953637WA0233602382
B1950174746621N11953641WA0233502381
B1950184746619N11953644WA0233502381
B1950194746617N11953648WA0233502381
B1950204746615N11953650WA0233402380
B1950214746613N11953653WA0233402380
B1950224746611N11953655WA0233302380
B1950234746609N11953657WA0233302380
B1950244746606N11953658WA0233302380
B1950254746603N11953658WA0233202380
B1950264746600N11953658WA0233202379
B1950274746598N11953657WA0233102379
B1950284746595N11953657WA0233102380
B1950294746593N11953657WA0233102380
B1950304746592N11953656WA0233102381
B1950314746590N11953656WA0233102380
B1950324746588N11953656WA0233002378
B1950334746586N11953657WA0233002376
B1950344746583N11953658WA0232902373
B1950354746580N11953660WA0232802370
B1950364746577N11953663WA0232602367
B1950374746574N11953665WA0232402365
B1950384746571N11953668WA0232202363
B1950394746567N11953670WA0232102361
B1950404746564N11953672WA0231902359
B1950414746561N11953675WA0231702357
B1950424746558N11953679WA0231502354
B1950434746554N11953683WA0231302351
B1950444746550N11953687WA0231002348
B1950454746545N11953692WA0230902345
B1950464746541N11953696WA0230502342
B1950474746536N11953701WA0230302340
B1950484746532N11953706WA0230102338
B1950494746528N11953711WA0229902337
B1950504746524N11953715WA0229602334
B1950514746520N11953720WA0229402332
B1950524746517N11953725WA0229202331
B1950534746514N11953729WA0229002329
B1950544746510N11953734WA0228802326
B1950554746507N11953738WA0228602324
B1950564746503N11953742WA0228302320
B1950574746499N11953745WA0228102317
B1950584746496N11953748WA0227802314
B1950594746492N11953752WA0227602310
B1951004746488N11953756WA0227302306
B1951014746484N11953761WA0227002301
B1951024746480N11953765WA0226602296
B1951034746476N11953770WA0226302290
B1951044746471N11953776WA0225802285
B1951054746466N11953781WA0225502279
B1951064746461N11953786WA0225002274
B1951074746457N11953791WA0224602270
B1951084746452N11953795WA0224202266
B1951094746447N11953798WA0223802261
B1951104746442N11953801WA0223302256
B1951114746437N11953805WA0223002251
B1951124746432N11953809WA0222402245
B1951134746426N11953813WA0222002240
B1951144746421N11953818WA0221502234
B1951154746415N11953822WA0221102228
B1951164746408N11953826WA0220502222
B1951174746402N11953831WA0220102216
B1951184746395N11953837WA0219502211
B1951194746389N11953842WA0219102207
B1951204746383N11953848WA0218602204
B1951214746378N11953853WA0218202201
B1951224746373N11953858WA0217802200
B1951234746369N11953861WA0217502201
B1951244746366N11953864WA0217302204
B1951254746363N11953867WA0217202204
B1951264746359N11953870WA0216902202
B1951274746355N11953874WA0216802199
B1951284746350N11953879WA0216502197
B1951294746344N11953884WA0216302194
B1951304746339N11953888WA0216002193
B1951314746334N11953891WA0215802193
B1951324746329N11953892WA0215602193
B1951334746325N11953893WA0215502194
B1951344746320N11953894WA0215402193
B1951354746316N11953895WA0215302192
B1951364746312N11953897WA0215102189
B1951374746307N11953901WA0215002186
B1951384746302N11953904WA0214702184
B1951394746296N11953908WA0214502181
B1951404746291N11953912WA0214302180
B1951414746286N11953916WA0214202180
B1951424746282N11953919WA0214002181
B1951434746278N11953923WA0214002181
B1951444746273N11953927WA0213902180
B1951454746269N11953932WA0213702178
B1951464746264N11953937WA0213502174
B1951474746259N11953943WA0213402171
B1951484746254N11953948WA0213102168
B1951494746249N11953954WA0213002166
B1951504746244N11953959WA0212702163
B1951514746240N11953964WA0212602162
B1951524746236N11953968WA0212402162
B1951534746232N11953972WA0212302161
B1951544746228N11953976WA0212202159
B1951554746224N11953981WA0212102157
B1951564746220N11953986WA0211802155
B1951574746215N11953991WA0211702152
B1951584746210N11953996WA0211502150
B1951594746205N11954001WA0211302149
B1952004746201N11954006WA0211102149
B1952014746197N11954011WA0211002149
B1952024746192N11954017WA0210902147
B1952034746188N11954023WA0210802146
B1952044746184N11954027WA0210602148
B1952054746180N11954031WA0210602151
B1952064746177N11954034WA0210602153
B1952074746173N11954037WA0210602154
B1952084746170N11954040WA0210702155
B1952094746166N11954043WA0210702157
B1952104746163N11954046WA0210802158
B1952114746160N11954050WA0210802156
B1952124746155N11954054WA0210702153
B1952134746150N11954058WA0210702151
B1952144746144N11954061WA0210502149
B1952154746138N11954065WA0210502148
B1952164746132N11954068WA0210402148
B1952174746127N11954070WA0210302148
B1952184746122N11954072WA0210402151
B1952194746119N11954073WA0210402154
B1952204746116N11954075WA0210602158
B1952214746112N11954077WA0210602160
B1952224746108N11954079WA0210702161
B1952234746104N11954082WA0210802161
B1952244746100N11954086WA0210902163
B1952254746096N11954089WA0211002165
B1952264746092N11954092WA0211102167
B1952274746088N11954095WA0211302169
B1952284746084N11954096WA0211402171
B1952294746080N11954097WA0211502173
B1952304746077N11954099WA0211702175
B1952314746074N11954101WA0211902177
B1952324746071N11954103WA0212102179
B1952334746068N11954105WA0212302181
B1952344746065N11954108WA0212502183
B1952354746063N11954111WA0212702185
B1952364746061N11954115WA0212902188
B1952374746060N11954120WA0213102190
B1952384746058N11954123WA0213402192
B1952394746056N11954126WA0213502194
B1952404746055N11954127WA0213802196
B1952414746053N11954127WA0213902197
B1952424746050N11954125WA0214202197
B1952434746048N11954124WA0214302198
B1952444746046N11954122WA0214502199
B1952454746044N11954121WA0214602200
B1952464746042N11954120WA0214802201
B1952474746039N11954119WA0214902202
B1952484746037N11954117WA0215002203
B1952494746036N11954114WA0215202205
B1952504746035N11954109WA0215302206
B1952514746035N11954102WA0215402207
B1952524746037N11954095WA0215602209
B1952534746042N11954089WA0215702212
B1952544746048N11954085WA0215902215
B1952554746056N11954083WA0216002216
B1952564746064N11954083WA0216202218
B1952574746072N11954085WA0216402221
B1952584746079N11954090WA0216602223
B1952594746086N11954097WA0216802225
B1953004746090N11954105WA0217002226
B1953014746093N11954115WA0217102227
B1953024746093N11954123WA0217302229
B1953034746091N11954130WA0217402229
B1953044746088N11954135WA0217602231
B1953054746086N11954137WA0217702232
B1953064746083N11954137WA0217902235
B1953074746081N11954135WA0218002237
B1953084746080N11954131WA0218202238
B1953094746078N11954127WA0218302239
B1953104746077N11954122WA0218502240
B1953114746076N11954118WA0218602242
B1953124746075N11954113WA0218902245
B1953134746075N11954108WA0219002247
B1953144746077N11954102WA0219202248
B1953154746079N11954095WA0219302249
B1953164746084N11954087WA0219502250
B1953174746091N11954081WA0219602252
B1953184746099N11954078WA0219802255
B1953194746108N11954077WA0219902256
B1953204746117N11954080WA0220102258
B1953214746124N11954084WA0220202259
B1953224746131N11954091WA0220402261
B1953234746135N11954100WA0220502262
B1953244746138N11954109WA0220702262
B1953254746139N11954119WA0220802262
B1953264746139N11954127WA0220902263
B1953274746139N11954134WA0221002264
B1953284746138N11954141WA0221102265
B1953294746137N11954146WA0221202266
B1953304746135N11954151WA0221302266
B1953314746133N11954156WA0221402267
B1953324746131N11954159WA0221502267
B1953334746129N11954163WA0221602268
B1953344746127N11954166WA0221702270
B1953354746125N11954167WA0221802271
B1953364746123N11954167WA0221902271
B1953374746120N11954166WA0221902271
B1953384746118N11954164WA0222002270
B1953394746114N11954161WA0222002271
B1953404746111N11954159WA0222002271
B1953414746107N11954157WA0222102271
B1953424746104N11954155WA0222102272
B1953434746101N11954152WA0222202274
B1953444746098N11954150WA0222302276
B1953454746095N11954147WA0222402279
B1953464746093N11954145WA0222502281
B1953474746090N11954145WA0222602283
B1953484746088N11954146WA0222802285
B1953494746087N11954149WA0222902287
B1953504746085N11954154WA0223102287
B1953514746082N11954159WA0223202288
B1953524746079N11954165WA0223302288
B1953534746076N11954170WA0223302290
B1953544746073N11954174WA0223502292
B1953554746071N11954177WA0223602295
B1953564746068N11954179WA0223802296
B1953574746065N11954180WA0223902297
B1953584746062N11954180WA0224002297
B1953594746058N11954180WA0224102296
B1954004746055N11954180WA0224202296
B1954014746051N11954180WA0224202296
B1954024746047N11954180WA0224302295
B1954034746043N11954181WA0224302294
B1954044746039N11954181WA0224402294
B1954054746036N11954182WA0224402293
B1954064746032N11954185WA0224402292
B1954074746028N11954188WA0224402291
B1954084746025N11954192WA0224302289
B1954094746021N11954195WA0224202286
B1954104746019N11954199WA0224102284
B1954114746017N11954204WA0224002283
B1954124746017N11954210WA0224002283
B1954134746017N11954214WA0224002285
B1954144746017N11954218WA0224002287
B1954154746017N11954221WA0224002288
B1954164746016N11954225WA0224002288
B1954174746015N11954229WA0224002287
B1954184746013N11954234WA0223902286
B1954194746011N11954239WA0223902286
B1954204746009N11954242WA0223902287
B1954214746007N11954243WA0223902289
B1954224746006N11954242WA0223902289
B1954234746004N11954239WA0223902288
B1954244746002N11954235WA0223902287
B1954254746001N11954230WA0223902285
B1954264745999N11954224WA0223802285
B1954274745998N11954217WA0223802285
B1954284745998N11954209WA0223702285
B1954294745999N11954201WA0223702286
B1954304745999N11954193WA0223702287
B1954314746000N11954186WA0223702287
B1954324746002N11954180WA0223702286
B1954334746003N11954173WA0223702285
B1954344746004N11954165WA0223602281
B1954354746006N11954155WA0223502278
B1954364746008N11954144WA0223302275
B1954374746010N11954134WA0223202273
B1954384746011N11954123WA0223002271
B1954394746012N11954114WA0223002270
B1954404746014N11954104WA0222802270
B1954414746016N11954095WA0222802270
B1954424746017N11954085WA0222702271
B1954434746019N11954076WA0222602271
B1954444746019N11954068WA0222602272
B1954454746019N11954060WA0222602272
B1954464746020N11954052WA0222502271
B1954474746019N11954044WA0222502269
B1954484746018N11954037WA0222402267
B1954494746015N11954030WA0222302265
B1954504746012N11954025WA0222202263
B1954514746009N11954020WA0222102262
B1954524746006N11954016WA0222002262
B1954534746003N11954012WA0221902262
B1954544745999N11954007WA0221802260
B1954554745995N11954003WA0221602256
B1954564745990N11953998WA0221402253
B1954574745986N11953993WA0221302249
B1954584745981N11953988WA0221002247
B1954594745977N11953983WA0220902246
B1955004745973N11953979WA0220702246
B1955014745969N11953974WA0220602245
B1955024745965N11953970WA0220402243
B1955034745961N11953966WA0220302241
B1955044745956N11953962WA0220102238
B1955054745951N11953958WA0220002238
B1955064745947N11953954WA0219802238
B1955074745942N11953951WA0219702238
B1955084745937N11953948WA0219602238
B1955094745932N11953945WA0219502237
B1955104745927N11953943WA0219502238
B1955114745923N11953941WA0219402240
B1955124745920N11953937WA0219502243
B1955134745918N11953933WA0219502245
B1955144745915N11953928WA0219502245
B1955154745911N11953924WA0219502245
B1955164745907N11953922WA0219502245
B1955174745902N11953921WA0219502245
B1955184745898N11953920WA0219602246
B1955194745895N11953917WA0219602248
B1955204745892N11953914WA0219702251
B1955214745889N11953910WA0219802255
B1955224745887N11953908WA0220002260
B1955234745885N11953905WA0220202264
B1955244745884N11953903WA0220502267
B1955254745881N11953901WA0220702268
B1955264745879N11953898WA0220902270
B1955274745876N11953893WA0221102271
B1955284745874N11953888WA0221302273
B1955294745873N11953881WA0221502276
B1955304745874N11953873WA0221702279
B1955314745878N11953866WA0221902280
B1955324745884N11953860WA0222102280
B1955334745893N11953858WA0222202280
B1955344745902N11953859WA0222302281
B1955354745909N11953864WA0222402284
B1955364745914N11953870WA0222702287
B1955374745918N11953877WA0222802289
B1955384745921N11953885WA0223002291
B1955394745923N11953893WA0223202292
B1955404745925N11953901WA0223402295
B1955414745927N11953908WA0223602297
B1955424745927N11953915WA0223902300
B1955434745926N11953921WA0224002302
B1955444745924N11953926WA0224302303
B1955454745922N11953930WA0224402306
B1955464745920N11953934WA0224702310
B1955474745918N11953935WA0224902313
B1955484745915N11953936WA0225202316
B1955494745913N11953935WA0225402318
B1955504745910N11953933WA0225602320
B1955514745907N11953931WA0225802323
B1955524745904N11953929WA0226102325
B1955534745901N11953926WA0226302327
B1955544745899N11953923WA0226602330
B1955554745896N11953919WA0226802332
B1955564745893N11953914WA0227102335
B1955574745892N11953907WA0227202338
B1955584745893N11953899WA0227502342
B1955594745896N11953891WA0227802346
B1956004745900N11953884WA0228102350
B1956014745907N11953878WA0228402354
B1956024745914N11953875WA0228802358
B1956034745921N11953875WA0229002361
B1956044745929N11953877WA0229402364
B1956054745935N11953882WA0229602367
B1956064745940N11953888WA0230002371
B1956074745943N11953895WA0230302375
B1956084745945N11953902WA0230702378
B1956094745945N11953909WA0230902380
B1956104745944N11953915WA0231202382
B1956114745941N11953920WA0231502385
B1956124745939N11953922WA0231802388
B1956134745936N11953922WA0232102392
B1956144745934N11953920WA0232502396
B1956154745932N11953916WA0232702399
B1956164745931N11953910WA0233102401
B1956174745930N11953903WA0233302403
B1956184745931N11953895WA0233702404
B1956194745934N11953886WA0233802408
B1956204745940N11953879WA0234202412
B1956214745947N11953877WA0234402416
B1956224745955N11953878WA0234802419
B1956234745963N11953882WA0235002421
B1956244745969N11953888WA0235302423
B1956254745974N11953894WA0235602427
B1956264745977N11953902WA0235902429
B1956274745979N11953909WA0236202431
B1956284745980N11953917WA0236502432
B1956294745979N11953925WA0236702435
B1956304745978N11953930WA0237002437
B1956314745975N11953934WA0237202440
B1956324745972N11953935WA0237502442
B1956334745968N11953932WA0237702444
B1956344745966N11953926WA0237902444
B1956354745966N11953918WA0238102445
B1956364745967N11953910WA0238302446
B1956374745970N11953902WA0238502447
B1956384745974N11953895WA0238702450
B1956394745980N11953889WA0238902452
B1956404745987N11953885WA0239102454
B1956414745994N11953882WA0239302456
B1956424746002N11953881WA0239502457
B1956434746010N11953883WA0239602459
B1956444746018N11953888WA0239802460
B1956454746024N11953894WA0240002462
B1956464746030N11953901WA0240202463
B1956474746034N11953910WA0240302465
B1956484746037N11953919WA0240502466
B1956494746040N11953928WA0240602467
B1956504746041N11953936WA0240802469
B1956514746041N11953943WA0240902470
B1956524746040N11953948WA0241102472
B1956534746037N11953951WA0241202473
B1956544746034N11953950WA0241402473
B1956554746031N11953948WA0241502474
B1956564746028N11953945WA0241602475
B1956574746026N11953942WA0241702476
B1956584746024N11953937WA0241802477
B1956594746022N11953931WA0241902478
B1957004746022N11953923WA0242002478
B1957014746021N11953915WA0242102478
B1957024746022N11953907WA0242202478
B1957034746022N11953900WA0242202479
B1957044746022N11953893WA0242302480
B1957054746023N11953885WA0242402481
B1957064746024N11953879WA0242502483
B1957074746027N11953873WA0242602485
B1957084746030N11953867WA0242702487
B1957094746035N11953862WA0242802489
B1957104746041N11953858WA0243002489
B1957114746048N11953854WA0243002489
B1957124746056N11953851WA0243102490
B1957134746064N11953851WA0243202491
B1957144746072N11953854WA0243402494
B1957154746080N11953860WA0243502495
B1957164746086N11953868WA0243602496
B1957174746090N11953877WA0243602496
B1957184746093N11953887WA0243802497
B1957194746095N11953896WA0243902498
B1957204746096N11953904WA0244002498
B1957214746095N11953912WA0244102499
B1957224746094N11953917WA0244202500
B1957234746091N11953921WA0244202500
B1957244746088N11953924WA0244302500
B1957254746086N11953924WA0244302500
B1957264746083N11953923WA0244402499
B1957274746081N11953919WA0244402497
B1957284746080N11953913WA0244402496
B1957294746081N11953906WA0244402493
B1957304746082N11953898WA0244302491
B1957314746084N11953890WA0244202491
B1957324746086N11953884WA0244202493
B1957334746088N11953878WA0244202494
B1957344746090N11953871WA0244202495
B1957354746093N11953865WA0244202496
B1957364746096N11953859WA0244302497
B1957374746101N11953853WA0244302498
B1957384746106N11953847WA0244302498
B1957394746112N11953842WA0244402499
B1957404746119N11953838WA0244502500
B1957414746126N11953834WA0244502500
B1957424746135N11953832WA0244602500
B1957434746143N11953831WA0244602499
B1957444746151N11953830WA0244602499
B1957454746159N11953831WA0244602498
B1957464746167N11953833WA0244602497
B1957474746174N11953837WA0244502495
B1957484746181N11953844WA0244502492
B1957494746188N11953851WA0244402490
B1957504746194N11953860WA0244302488
B1957514746199N11953868WA0244202488
B1957524746202N11953876WA0244102488
B1957534746204N11953885WA0244102487
B1957544746205N11953893WA0244002487
B1957554746206N11953902WA0244002486
B1957564746205N11953908WA0243902485
B1957574746203N11953914WA0243802484
B1957584746201N11953917WA0243802484
B1957594746198N11953917WA0243702483
B1958004746196N11953914WA0243602482
B1958014746196N11953908WA0243502482
B1958024746198N11953900WA0243402481
B1958034746203N11953892WA0243402481
B1958044746209N11953885WA0243202479
B1958054746217N11953880WA0243102478
B1958064746225N11953875WA0243002477
B1958074746233N11953871WA0243002477
B1958084746241N11953867WA0242902477
B1958094746249N11953862WA0242802476
B1958104746256N11953857WA0242702476
B1958114746264N11953853WA0242702475
B1958124746272N11953848WA0242602475
B1958134746280N11953843WA0242502473
B1958144746289N11953839WA0242402472
B1958154746297N11953834WA0242302470
B1958164746306N11953829WA0242202469
B1958174746314N11953824WA0242102468
B1958184746323N11953819WA0242002467
B1958194746330N11953814WA0241902467
B1958204746338N11953809WA0241802465
B1958214746346N11953804WA0241702463
B1958224746353N11953798WA0241602460
B1958234746361N11953792WA0241402457
B1958244746369N11953786WA0241202455
B1958254746377N11953781WA0241102452
B1958264746384N11953777WA0240902450
B1958274746391N11953773WA0240802449
B1958284746398N11953769WA0240602445
B1958294746406N11953765WA0240402440
B1958304746414N11953760WA0240102435
B1958314746422N11953754WA0239802431
B1958324746430N11953749WA0239502430
B1958334746438N11953744WA0239402430
B1958344746445N11953741WA0239202430
B1958354746452N11953737WA0239102430
B1958364746460N11953735WA0238902428
B1958374746467N11953732WA0238702426
B1958384746475N11953729WA0238502425
B1958394746482N11953727WA0238402425
B1958404746489N11953726WA0238302426
B1958414746496N11953726WA0238302426
B1958424746502N11953727WA0238202426
B1958434746508N11953728WA0238102426
B1958444746515N11953730WA0238002424
B1958454746521N11953733WA0237902422
B1958464746529N11953738WA0237802420
B1958474746537N11953743WA0237602418
B1958484746544N11953748WA0237502417
B1958494746551N11953754WA0237402417
B1958504746558N11953759WA0237302416
B1958514746564N11953763WA0237202414
B1958524746571N11953768WA0237102413
B1958534746578N11953772WA0237002411
B1958544746585N11953776WA0236802409
B1958554746592N11953779WA0236702408
B1958564746598N11953783WA0236602406
B1958574746606N11953787WA0236402404
B1958584746613N11953790WA0236302402
B1958594746621N11953792WA0236202401
B1959004746629N11953793WA0236002400
B1959014746638N11953794WA0235902398
B1959024746646N11953796WA0235702395
B1959034746655N11953798WA0235502392
B1959044746664N11953801WA0235302388
B1959054746672N11953804WA0235002384
B1959064746681N11953808WA0234702380
B1959074746690N11953811WA0234502376
B1959084746698N11953813WA0234202373
B1959094746707N11953815WA0234002370
B1959104746716N11953817WA0233602366
B1959114746725N11953818WA0233402363
B1959124746735N11953819WA0233002359
B1959134746744N11953821WA0232802356
B1959144746754N11953824WA0232402352
B1959154746764N11953827WA0232102348
B1959164746774N11953829WA0231702346
B1959174746784N11953830WA0231502345
B1959184746793N11953830WA0231302345
B1959194746803N11953830WA0231102345
B1959204746813N11953830WA0230902344
B1959214746822N11953831WA0230702342
B1959224746832N11953833WA0230502340
B1959234746843N11953836WA0230302338
B1959244746853N11953840WA0230102337
B1959254746864N11953843WA0230002337
B1959264746874N11953845WA0229802338
B1959274746883N11953846WA0229802339
B1959284746892N11953848WA0229702339
B1959294746902N11953849WA0229602338
B1959304746912N11953849WA0229502336
B1959314746923N11953848WA0229402334
B1959324746934N11953847WA0229302334
B1959334746943N11953846WA0229202334
B1959344746952N11953845WA0229202335
B1959354746959N11953845WA0229102335
B1959364746966N11953846WA0229102334
B1959374746975N11953847WA0229002331
B1959384746984N11953848WA0228902327
B1959394746994N11953850WA0228702324
B1959404747004N11953852WA0228502321
B1959414747014N11953856WA0228402321
B1959424747022N11953859WA0228302322
B1959434747030N11953861WA0228202323
B1959444747038N11953862WA0228102322
B1959454747046N11953863WA0228002319
B1959464747056N11953865WA0227802315
B1959474747065N11953868WA0227702313
B1959484747074N11953870WA0227502312
B1959494747083N11953870WA0227402312
B1959504747091N11953868WA0227302311
B1959514747099N11953863WA0227202309
B1959524747107N11953856WA0227002307
B1959534747115N11953849WA0226802304
B1959544747125N11953842WA0226602303
B1959554747134N11953836WA0226502303
B1959564747143N11953830WA0226302303
B1959574747152N11953825WA0226302303
B1959584747160N11953819WA0226202304
B1959594747168N11953813WA0226102304
B2000004747176N11953808WA0226002304
B2000014747184N11953802WA0226002303
B2000024747192N11953795WA0225902301
B2000034747200N11953787WA0225802300
B2000044747207N11953778WA0225702300
B2000054747214N11953768WA0225602299
B2000064747220N11953759WA0225502299
B2000074747227N11953751WA0225502299
B2000084747234N11953743WA0225402298
B2000094747240N11953734WA0225302297
B2000104747246N11953724WA0225202295
B2000114747252N11953714WA0225102294
B2000124747258N11953704WA0225002293
B2000134747264N11953694WA0224902292
B2000144747270N11953684WA0224802291
B2000154747276N11953674WA0224702290
B2000164747282N11953664WA0224602289
B2000174747287N11953654WA0224502288
B2000184747292N11953644WA0224402287
B2000194747297N11953634WA0224402286
B2000204747301N11953623WA0224302285
B2000214747306N11953612WA0224202283
B2000224747311N11953602WA0224002281
B2000234747316N11953590WA0223902279
B2000244747321N11953578WA0223702275
B2000254747326N11953565WA0223502271
B2000264747331N11953552WA0223202267
B2000274747337N11953538WA0223002264
B2000284747343N11953525WA0222702261
B2000294747351N11953512WA0222502261
B2000304747358N11953502WA0222302261
B2000314747367N11953493WA0222202260
B2000324747377N11953486WA0222002259
B2000334747387N11953479WA0221902257
B2000344747398N11953473WA0221602255
B2000354747409N11953465WA0221502253
B2000364747420N11953457WA0221302253
B2000374747431N11953449WA0221202252
B2000384747441N11953440WA0221102253
B2000394747451N11953431WA0221002253
B2000404747461N11953423WA0220902254
B2000414747469N11953414WA0220902256
B2000424747477N11953406WA0220902258
B2000434747484N11953397WA0220902259
B2000444747491N11953388WA0221002259
B2000454747498N11953379WA0221002258
B2000464747505N11953368WA0220902257
B2000474747512N11953358WA0220902256
B2000484747518N11953347WA0220902256
B2000494747524N11953336WA0220902256
B2000504747530N11953326WA0220902257
B2000514747536N11953316WA0220902257
B2000524747542N11953306WA0220902257
B2000534747549N11953296WA0220902257
B2000544747555N11953286WA0220902257
B2000554747561N11953277WA0220902257
B2000564747567N11953268WA0220902257
B2000574747572N11953259WA0220902257
B2000584747578N11953250WA0220902257
B2000594747584N11953241WA0220902256
B2001004747590N11953232WA0220902255
B2001014747596N11953223WA0220802254
B2001024747602N11953213WA0220802253
B2001034747608N11953204WA0220802253
B2001044747614N11953195WA0220702251
B2001054747620N11953185WA0220702249
B2001064747626N11953174WA0220502246
B2001074747632N11953163WA0220402244
B2001084747638N11953152WA0220202241
B2001094747644N11953140WA0220102240
B2001104747650N11953129WA0219902239
B2001114747656N11953118WA0219802238
B2001124747662N11953106WA0219702237
B2001134747667N11953094WA0219602237
B2001144747673N11953082WA0219402235
B2001154747678N11953069WA0219302234
B2001164747683N11953056WA0219202232
B2001174747689N11953044WA0219102231
B2001184747695N11953032WA0219002230
B2001194747701N11953020WA0218902229
B2001204747707N11953008WA0218702228
B2001214747712N11952995WA0218602226
B2001224747717N11952983WA0218402224
B2001234747723N11952970WA0218302223
B2001244747729N11952959WA0218202221
B2001254747734N11952947WA0218102219
B2001264747740N11952935WA0217902217
B2001274747745N11952922WA0217702215
B2001284747751N11952909WA0217502213
B2001294747756N11952896WA0217402212
B2001304747762N11952884WA0217202210
B2001314747767N11952871WA0217102209
B2001324747771N11952859WA0216902207
B2001334747776N11952847WA0216802206
B2001344747781N11952835WA0216602205
B2001354747786N11952823WA0216502204
B2001364747790N11952812WA0216402203
B2001374747794N11952802WA0216302201
B2001384747798N11952791WA0216102199
B2001394747802N11952780WA0216002198
B2001404747806N11952770WA0215802195
B2001414747810N11952759WA0215702193
B2001424747815N11952747WA0215502190
B2001434747820N11952736WA0215402188
B2001444747825N11952726WA0215202187
B2001454747830N11952716WA0215102186
B2001464747835N11952706WA0214902186
B2001474747839N11952697WA0214802184
B2001484747844N11952687WA0214602182
B2001494747849N11952677WA0214502179
B2001504747854N11952666WA0214202176
B2001514747859N11952654WA0214002172
B2001524747863N11952643WA0213702169
B2001534747867N11952630WA0213502167
B2001544747871N11952618WA0213302165
B2001554747874N11952606WA0213102163
B2001564747878N11952594WA0212802161
B2001574747882N11952583WA0212702159
B2001584747885N11952571WA0212402157
B2001594747889N11952558WA0212202154
B2002004747892N11952545WA0212002152
B2002014747895N11952533WA0211802150
B2002024747897N11952521WA0211502148
B2002034747897N11952509WA0211402148
B2002044747897N11952499WA0211202147
B2002054747897N11952489WA0211002146
B2002064747897N11952478WA0210902145
B2002074747898N11952468WA0210802144
B2002084747901N11952456WA0210602142
B2002094747905N11952444WA0210402141
B2002104747909N11952432WA0210202139
B2002114747914N11952421WA0210102138
B2002124747919N11952409WA0209902139
B2002134747925N11952399WA0209902140
B2002144747931N11952389WA0209802142
B2002154747937N11952381WA0209802143
B2002164747944N11952372WA0209802143
B2002174747950N11952364WA0209802143
B2002184747956N11952356WA0209802142
B2002194747962N11952347WA0209802141
B2002204747968N11952338WA0209702140
B2002214747974N11952329WA0209702140
B2002224747980N11952321WA0209602140
B2002234747986N11952312WA0209602139
B2002244747992N11952303WA0209502137
B2002254747998N11952294WA0209402134
B2002264748004N11952284WA0209202130
B2002274748011N11952274WA0209102127
B2002284748018N11952264WA0208902125
B2002294748024N11952253WA0208702124
B2002304748030N11952242WA0208502123
B2002314748036N11952232WA0208402122
B2002324748041N11952221WA0208302124
B2002334748046N11952212WA0208302125
B2002344748051N11952203WA0208202126
B2002354748057N11952194WA0208202127
B2002364748062N11952185WA0208202126
B2002374748068N11952175WA0208102125
B2002384748074N11952164WA0208002123
B2002394748080N11952154WA0207902122
B2002404748088N11952144WA0207802121
B2002414748095N11952134WA0207802121
B2002424748103N11952125WA0207702121
B2002434748111N11952117WA0207602120
B2002444748119N11952107WA0207502118
B2002454748127N11952098WA0207402116
B2002464748135N11952087WA0207302114
B2002474748142N11952077WA0207202112
B2002484748149N11952067WA0207002111
B2002494748156N11952057WA0206902109
B2002504748162N11952047WA0206802108
B2002514748168N11952036WA0206702106
B2002524748174N11952026WA0206502105
B2002534748180N11952015WA0206402103
B2002544748185N11952004WA0206302102
B2002554748190N11951993WA0206102100
B2002564748195N11951982WA0205902098
B2002574748200N11951971WA0205802096
B2002584748205N11951959WA0205602094
B2002594748210N11951948WA0205502092
B2003004748214N11951936WA0205302090
B2003014748219N11951924WA0205202089
B2003024748223N11951913WA0205002087
B2003034748227N11951901WA0204802085
B2003044748232N11951889WA0204602083
B2003054748237N11951876WA0204502081
B2003064748241N11951864WA0204302079
B2003074748246N11951852WA0204102077
B2003084748251N11951839WA0203902075
B2003094748256N11951827WA0203802073
B2003104748261N11951815WA0203502070
B2003114748265N11951802WA0203402068
B2003124748269N11951790WA0203102067
B2003134748273N11951778WA0203002066
B2003144748278N11951767WA0202902065
B2003154748282N11951755WA0202702063
B2003164748286N11951743WA0202502061
B2003174748290N11951730WA0202402059
B2003184748294N11951718WA0202202057
B2003194748298N11951705WA0202102055
B2003204748303N11951692WA0201802054
B2003214748307N11951680WA0201702052
B2003224748311N11951667WA0201502051
B2003234748315N11951654WA0201402049
B2003244748320N11951642WA0201102046
B2003254748325N11951629WA0201002044
B2003264748332N11951618WA0200702042
B2003274748338N11951606WA0200602041
B2003284748345N11951595WA0200402039
B2003294748351N11951584WA0200202038
B2003304748357N11951573WA0200102037
B2003314748362N11951562WA0200002036
B2003324748366N11951551WA0199802033
B2003334748371N11951540WA0199702030
B2003344748374N11951527WA0199502027
B2003354748378N11951515WA0199302025
B2003364748381N11951504WA0199102023
B2003374748384N11951492WA0199002021
B2003384748388N11951480WA0198702019
B2003394748392N11951467WA0198602017
B2003404748397N11951455WA0198302014
B2003414748401N11951442WA0198102013
B2003424748406N11951431WA0197902011
B2003434748411N11951419WA0197702010
B2003444748415N11951408WA0197502009
B2003454748419N11951396WA0197402007
B2003464748424N11951385WA0197202005
B2003474748429N11951373WA0197002002
B2003484748434N11951361WA0196802000
B2003494748439N11951349WA0196601997
B2003504748444N11951337WA0196301995
B2003514748450N11951325WA0196201993
B2003524748455N11951313WA0195901991
B2003534748460N11951301WA0195701988
B2003544748465N11951290WA0195501986
B2003554748470N11951278WA0195301983
B2003564748475N11951267WA0195101981
B2003574748481N11951256WA0194901979
B2003584748487N11951244WA0194601976
B2003594748493N11951233WA0194401973
B2004004748500N11951222WA0194201971
B2004014748507N11951211WA0194001969
B2004024748515N11951201WA0193801967
B2004034748522N11951191WA0193601965
B2004044748528N11951180WA0193301963
B2004054748536N11951168WA0193201960
B2004064748542N11951156WA0192901957
B2004074748549N11951144WA0192701956
B2004084748554N11951133WA0192501955
B2004094748560N11951121WA0192401954
B2004104748566N11951110WA0192201954
B2004114748571N11951099WA0192101952
B2004124748577N11951087WA0191901950
B2004134748583N11951075WA0191701948
B2004144748588N11951062WA0191501945
B2004154748593N11951049WA0191301943
B2004164748598N11951036WA0191101942
B2004174748603N11951023WA0191001941
B2004184748608N11951011WA0190801940
B2004194748613N11950999WA0190701940
B2004204748618N11950988WA0190601940
B2004214748624N11950978WA0190501940
B2004224748629N11950968WA0190501940
B2004234748635N11950959WA0190501940
B2004244748640N11950949WA0190401939
B2004254748644N11950939WA0190301937
B2004264748649N11950928WA0190201935
B2004274748653N11950917WA0190101933
B2004284748657N11950906WA0190001932
B2004294748662N11950896WA0189901933
B2004304748665N11950886WA0189901933
B2004314748669N11950877WA0189801932
B2004324748673N11950867WA0189701930
B2004334748677N11950856WA0189601928
B2004344748681N11950844WA0189501926
B2004354748685N11950832WA0189301924
B2004364748689N11950820WA0189201923
B2004374748693N11950809WA0189101922
B2004384748696N11950799WA0189001921
B2004394748700N11950788WA0188901919
B2004404748705N11950776WA0188701916
B2004414748709N11950764WA0188501913
B2004424748714N11950751WA0188201910
B2004434748718N11950738WA0188001907
B2004444748723N11950726WA0187801905
B2004454748727N11950714WA0187601903
B2004464748732N11950702WA0187401901
B2004474748737N11950689WA0187201898
B2004484748742N11950676WA0186901894
B2004494748746N11950662WA0186701891
B2004504748751N11950648WA0186301887
B2004514748755N11950635WA0186101885
B2004524748760N11950622WA0185901883
B2004534748764N11950610WA0185701881
B2004544748769N11950597WA0185401878
B2004554748775N11950584WA0185201875
B2004564748781N11950571WA0184901872
B2004574748787N11950558WA0184701870
B2004584748792N11950546WA0184401867
B2004594748798N11950533WA0184201865
B2005004748803N11950520WA0183901863
B2005014748808N11950506WA0183701861
B2005024748813N11950493WA0183401859
B2005034748818N11950479WA0183201858
B2005044748822N11950467WA0183001857
B2005054748826N11950454WA0182901858
B2005064748831N11950441WA0182801858
B2005074748834N11950428WA0182701858
B2005084748837N11950415WA0182501857
B2005094748838N11950402WA0182401856
B2005104748839N11950390WA0182301856
B2005114748840N11950378WA0182201855
B2005124748841N11950366WA0182101854
B2005134748843N11950354WA0182001852
B2005144748845N11950341WA0181801849
B2005154748849N11950329WA0181701847
B2005164748853N11950317WA0181501846
B2005174748857N11950305WA0181401844
B2005184748861N11950294WA0181301843
B2005194748865N11950283WA0181101841
B2005204748868N11950272WA0181001839
B2005214748872N11950260WA0180801836
B2005224748876N11950248WA0180601834
B2005234748880N11950236WA0180501831
B2005244748885N11950225WA0180201829
B2005254748889N11950213WA0180101827
B2005264748894N11950202WA0179901826
B2005274748898N11950191WA0179801825
B2005284748903N11950179WA0179601823
B2005294748908N11950167WA0179401821
B2005304748913N11950155WA0179201819
B2005314748918N11950142WA0179101817
B2005324748923N11950129WA0178801815
B2005334748929N11950117WA0178701814
B2005344748934N11950106WA0178501813
B2005354748940N11950094WA0178401812
B2005364748945N11950083WA0178201811
B2005374748950N11950072WA0178101811
B2005384748956N11950060WA0178001810
B2005394748961N11950049WA0177901809
B2005404748966N11950038WA0177701806
B2005414748971N11950026WA0177601804
B2005424748975N11950014WA0177501803
B2005434748979N11950003WA0177401803
B2005444748984N11949992WA0177301803
B2005454748988N11949982WA0177201803
B2005464748993N11949972WA0177201802
B2005474748997N11949962WA0177101802
B2005484749001N11949952WA0177001801
B2005494749005N11949941WA0177001800
B2005504749008N11949930WA0177001800
B2005514749011N11949919WA0176901799
B2005524749014N11949907WA0176801798
B2005534749016N11949895WA0176801796
B2005544749019N11949883WA0176701795
B2005554749021N11949872WA0176601795
B2005564749023N11949861WA0176501795
B2005574749025N11949851WA0176501795
B2005584749027N11949841WA0176501796
B2005594749030N11949830WA0176401796
B2006004749033N11949820WA0176401795
B2006014749035N11949809WA0176301794
B2006024749037N11949797WA0176201792
B2006034749039N11949784WA0176101791
B2006044749041N11949771WA0176001790
B2006054749043N11949757WA0175901790
B2006064749045N11949743WA0175801791
B2006074749047N11949730WA0175801792
B2006084749049N11949716WA0175801794
B2006094749051N11949703WA0175801795
B2006104749054N11949689WA0175801796
B2006114749057N11949676WA0175801797
B2006124749060N11949664WA0175901798
B2006134749063N11949652WA0175901798
B2006144749066N11949641WA0176001798
B2006154749068N11949630WA0176001795
B2006164749070N11949618WA0175901792
B2006174749072N11949604WA0175801788
B2006184749075N11949590WA0175601783
B2006194749079N11949575WA0175401780
B2006204749082N11949560WA0175201779
B2006214749084N11949546WA0175101779
B2006224749085N11949532WA0175001780
B2006234749086N11949519WA0174901780
B2006244749086N11949507WA0174801780
B2006254749086N11949495WA0174801780
B2006264749086N11949483WA0174701779
B2006274749086N11949471WA0174601778
B2006284749086N11949458WA0174401776
B2006294749087N11949444WA0174301773
B2006304749088N11949430WA0174101772
B2006314749089N11949417WA0174001771
B2006324749090N11949404WA0173901771
B2006334749091N11949392WA0173801770
B2006344749092N11949380WA0173701769
B2006354749093N11949368WA0173601767
B2006364749093N11949356WA0173401765
B2006374749095N11949344WA0173301763
B2006384749096N11949332WA0173201761
B2006394749098N11949320WA0173101759
B2006404749101N11949307WA0172901757
B2006414749103N11949295WA0172801755
B2006424749107N11949283WA0172501752
B2006434749111N11949270WA0172401750
B2006444749116N11949258WA0172201747
B2006454749121N11949246WA0172001745
B2006464749126N11949234WA0171701742
B2006474749132N11949223WA0171601740
B2006484749137N11949211WA0171301737
B2006494749142N11949199WA0171201735
B2006504749148N11949188WA0170901732
B2006514749154N11949176WA0170701729
B2006524749161N11949164WA0170501727
B2006534749167N11949153WA0170301725
B2006544749174N11949142WA0170001723
B2006554749182N11949131WA0169901721
B2006564749190N11949121WA0169601719
B2006574749198N11949111WA0169401717
B2006584749206N11949101WA0169201715
B2006594749215N11949092WA0169001713
B2007004749223N11949083WA0168801711
B2007014749231N11949073WA0168601709
B2007024749239N11949063WA0168301707
B2007034749246N11949053WA0168201705
B2007044749254N11949042WA0168001704
B2007054749261N11949032WA0167801702
B2007064749269N11949021WA0167601700
B2007074749277N11949011WA0167401698
B2007084749285N11949000WA0167201696
B2007094749293N11948989WA0167001695
B2007104749301N11948979WA0166801694
B2007114749308N11948969WA0166701694
B2007124749316N11948960WA0166601693
B2007134749324N11948952WA0166501692
B2007144749331N11948942WA0166301689
B2007154749339N11948932WA0166201687
B2007164749346N11948922WA0165901684
B2007174749353N11948911WA0165801682
B2007184749359N11948900WA0165601680
B2007194749366N11948889WA0165501679
B2007204749372N11948879WA0165301679
B2007214749378N11948869WA0165201677
B2007224749385N11948859WA0165001675
B2007234749393N11948849WA0164901673
B2007244749401N11948839WA0164601670
B2007254749410N11948830WA0164501668
B2007264749419N11948823WA0164301666
B2007274749429N11948815WA0164101665
B2007284749439N11948809WA0163901664
B2007294749448N11948802WA0163801664
B2007304749457N11948795WA0163701663
B2007314749466N11948789WA0163601662
B2007324749475N11948782WA0163401662
B2007334749484N11948775WA0163401662
B2007344749492N11948768WA0163301662
B2007354749501N11948761WA0163201661
B2007364749510N11948754WA0163101660
B2007374749519N11948748WA0163001658
B2007384749528N11948741WA0162801656
B2007394749537N11948735WA0162801655
B2007404749547N11948728WA0162601655
B2007414749556N11948723WA0162601654
B2007424749565N11948719WA0162501654
B2007434749574N11948716WA0162401653
B2007444749584N11948714WA0162401654
B2007454749592N11948711WA0162401656
B2007464749600N11948708WA0162401657
B2007474749608N11948705WA0162401658
B2007484749616N11948701WA0162501659
B2007494749624N11948698WA0162501658
B2007504749631N11948695WA0162501657
B2007514749639N11948691WA0162501656
B2007524749648N11948688WA0162501655
B2007534749656N11948686WA0162501654
B2007544749664N11948684WA0162501654
B2007554749671N11948682WA0162501654
B2007564749679N11948680WA0162401653
B2007574749688N11948678WA0162401651
B2007584749696N11948677WA0162301649
B2007594749705N11948675WA0162201646
B2008004749714N11948672WA0162101644
B2008014749723N11948670WA0162001642
B2008024749732N11948668WA0161801641
B2008034749740N11948666WA0161701641
B2008044749748N11948664WA0161601641
B2008054749756N11948662WA0161601639
B2008064749765N11948660WA0161401637
B2008074749774N11948659WA0161301634
B2008084749784N11948658WA0161001631
B2008094749794N11948656WA0160901629
B2008104749805N11948653WA0160701628
B2008114749815N11948650WA0160501626
B2008124749825N11948647WA0160301624
B2008134749835N11948644WA0160101623
B2008144749845N11948642WA0159901621
B2008154749856N11948639WA0159801618
B2008164749867N11948636WA0159501615
B2008174749878N11948634WA0159301613
B2008184749889N11948631WA0159101612
B2008194749899N11948628WA0159001611
B2008204749909N11948625WA0158801610
B2008214749919N11948622WA0158601609
B2008224749930N11948619WA0158401607
B2008234749940N11948617WA0158301604
B2008244749951N11948615WA0158101602
B2008254749962N11948612WA0157901600
B2008264749973N11948610WA0157701598
B2008274749983N11948607WA0157501596
B2008284749994N11948603WA0157301594
B2008294750005N11948600WA0157201593
B2008304750015N11948597WA0157001592
B2008314750026N11948593WA0156901591
B2008324750036N11948590WA0156701590
B2008334750046N11948586WA0156601589
B2008344750057N11948582WA0156501588
B2008354750067N11948578WA0156401587
B2008364750078N11948573WA0156201586
B2008374750088N11948568WA0156101586
B2008384750098N11948564WA0156001586
B2008394750108N11948560WA0156001585
B2008404750118N11948556WA0155901584
B2008414750128N11948552WA0155801582
B2008424750139N11948548WA0155601580
B2008434750150N11948543WA0155501577
B2008444750161N11948539WA0155301575
B2008454750172N11948535WA0155101574
B2008464750183N11948530WA0155001573
B2008474750193N11948525WA0154901572
B2008484750203N11948520WA0154701571
B2008494750213N11948514WA0154601570
B2008504750223N11948508WA0154501568
B2008514750233N11948502WA0154301567
B2008524750243N11948495WA0154201567
B2008534750252N11948487WA0154101567
B2008544750261N11948480WA0154101567
B2008554750268N11948474WA0154001568
B2008564750276N11948468WA0154001569
B2008574750282N11948463WA0154001571
B2008584750288N11948458WA0154101573
B2008594750294N11948454WA0154201575
B2009004750300N11948449WA0154301575
B2009014750307N11948444WA0154301575
B2009024750313N11948437WA0154301574
B2009034750320N11948429WA0154301573
B2009044750327N11948421WA0154301572
B2009054750333N11948412WA0154301571
B2009064750340N11948404WA0154201570
B2009074750346N11948395WA0154201568
B2009084750352N11948387WA0154101566
B2009094750357N11948378WA0154101564
B2009104750361N11948368WA0154001562
B2009114750364N11948358WA0153901560
B2009124750365N11948347WA0153701557
B2009134750364N11948335WA0153501552
B2009144750362N11948324WA0153201547
B2009154750360N11948313WA0153001543
B2009164750357N11948301WA0152601540
B2009174750353N11948290WA0152401537
B2009184750350N11948278WA0152101534
B2009194750347N11948267WA0151801531
B2009204750344N11948257WA0151501529
B2009214750340N11948247WA0151301525
B2009224750336N11948238WA0150901521
B2009234750332N11948229WA0150701517
B2009244750328N11948220WA0150301513
B2009254750322N11948212WA0150101509
B2009264750316N11948204WA0149601505
B2009274750309N11948196WA0149301501
B2009284750302N11948189WA0148901496
B2009294750295N11948181WA0148601493
B2009304750288N11948172WA0148101490
B2009314750282N11948163WA0147901487
B2009324750276N11948154WA0147501486
B2009334750271N11948146WA0147301485
B2009344750266N11948138WA0147101485
B2009354750261N11948130WA0146901483
B2009364750256N11948121WA0146601481
B2009374750250N11948112WA0146401478
B2009384750245N11948103WA0146101476
B2009394750239N11948095WA0146001474
B2009404750234N11948087WA0145701472
B2009414750229N11948079WA0145501469
B2009424750224N11948070WA0145301468
B2009434750220N11948061WA0145201467
B2009444750216N11948052WA0145001467
B2009454750212N11948043WA0144901467
B2009464750209N11948033WA0144701466
B2009474750206N11948024WA0144601465
B2009484750203N11948015WA0144501464
B2009494750200N11948005WA0144401463
B2009504750197N11947995WA0144301461
B2009514750195N11947983WA0144101460
B2009524750193N11947971WA0144001459
B2009534750192N11947959WA0143901458
B2009544750191N11947947WA0143701457
B2009554750189N11947936WA0143701457
B2009564750186N11947927WA0143601458
B2009574750183N11947920WA0143601459
B2009584750179N11947916WA0143501460
B2009594750175N11947913WA0143501460
B2010004750171N11947910WA0143501460
B2010014750166N11947909WA0143501460
B2010024750162N11947908WA0143501461
B2010034750159N11947908WA0143501462
B2010044750157N11947910WA0143601463
B2010054750156N11947913WA0143601464
B2010064750156N11947918WA0143701464
B2010074750156N11947923WA0143701464
B2010084750158N11947928WA0143801465
B2010094750160N11947932WA0143801466
B2010104750164N11947937WA0143901467
B2010114750169N11947940WA0144001468
B2010124750174N11947943WA0144101470
B2010134750179N11947945WA0144101472
B2010144750185N11947945WA0144301473
B2010154750191N11947942WA0144401475
B2010164750197N11947937WA0144501475
B2010174750204N11947930WA0144501476
B2010184750209N11947922WA0144701477
B2010194750213N11947913WA0144701478
B2010204750216N11947903WA0144801478
B2010214750217N11947892WA0144901477
B2010224750218N11947882WA0144901477
B2010234750218N11947873WA0145001477
B2010244750216N11947866WA0145001477
B2010254750212N11947860WA0145001475
B2010264750208N11947856WA0145001474
B2010274750204N11947854WA0145001473
B2010284750200N11947853WA0145001473
B2010294750196N11947852WA0145001475
B2010304750192N11947851WA0145001476
B2010314750188N11947851WA0145001477
B2010324750184N11947852WA0145001477
B2010334750181N11947852WA0145101478
B2010344750177N11947852WA0145101479
B2010354750174N11947852WA0145201479
B2010364750170N11947854WA0145201479
B2010374750167N11947857WA0145201479
B2010384750164N11947862WA0145201478
B2010394750163N11947869WA0145201479
B2010404750163N11947877WA0145201480
B2010414750165N11947885WA0145301481
B2010424750168N11947891WA0145301482
B2010434750172N11947897WA0145401484
B2010444750177N11947901WA0145501485
B2010454750183N11947904WA0145601486
B2010464750189N11947904WA0145701487
B2010474750196N11947901WA0145801488
B2010484750202N11947895WA0145801488
B2010494750207N11947886WA0145901488
B2010504750210N11947876WA0146001488
B2010514750212N11947864WA0146001488
B2010524750212N11947853WA0146101488
B2010534750211N11947841WA0146101488
B2010544750210N11947829WA0146101488
B2010554750208N11947818WA0146101489
B2010564750207N11947807WA0146201490
B2010574750205N11947798WA0146201493
B2010584750203N11947791WA0146401495
B2010594750201N11947784WA0146401496
B2011004750198N11947780WA0146501496
B2011014750195N11947778WA0146601496
B2011024750191N11947779WA0146601494
B2011034750187N11947783WA0146601491
B2011044750185N11947789WA0146501490
B2011054750183N11947796WA0146501489
B2011064750184N11947801WA0146501490
B2011074750186N11947806WA0146501491
B2011084750190N11947810WA0146601491
B2011094750195N11947814WA0146601491
B2011104750202N11947816WA0146501488
B2011114750209N11947818WA0146501487
B2011124750216N11947817WA0146401486
B2011134750224N11947816WA0146401486
B2011144750231N11947813WA0146401487
B2011154750237N11947808WA0146401487
B2011164750244N11947803WA0146401487
B2011174750250N11947796WA0146301487
B2011184750256N11947788WA0146301486
B2011194750262N11947778WA0146301486
B2011204750269N11947768WA0146201487
B2011214750275N11947758WA0146201487
B2011224750281N11947747WA0146201487
B2011234750288N11947737WA0146101488
B2011244750294N11947726WA0146101488
B2011254750299N11947716WA0146101489
B2011264750304N11947707WA0146201491
B2011274750308N11947697WA0146201492
B2011284750312N11947689WA0146301493
B2011294750315N11947680WA0146301494
B2011304750320N11947672WA0146401493
B2011314750324N11947664WA0146401492
B2011324750329N11947656WA0146301489
B2011334750336N11947648WA0146301486
B2011344750343N11947641WA0146101483
B2011354750352N11947635WA0146001479
B2011364750361N11947630WA0145701475
B2011374750370N11947626WA0145601473
B2011384750380N11947623WA0145301471
B2011394750389N11947620WA0145201471
B2011404750397N11947619WA0145101470
B2011414750406N11947618WA0145001470
B2011424750414N11947617WA0144901470
B2011434750422N11947616WA0144801470
B2011444750431N11947615WA0144701468
B2011454750440N11947615WA0144601466
B2011464750449N11947615WA0144401464
B2011474750458N11947614WA0144301462
B2011484750467N11947613WA0144201462
B2011494750475N11947612WA0144101461
B2011504750483N11947609WA0144001461
B2011514750491N11947606WA0143901459
B2011524750499N11947603WA0143801456
B2011534750508N11947601WA0143601453
B2011544750518N11947599WA0143401450
B2011554750527N11947597WA0143201447
B2011564750536N11947596WA0143001445
B2011574750545N11947595WA0142901443
B2011584750553N11947593WA0142701440
B2011594750563N11947591WA0142501437
B2012004750572N11947588WA0142101432
B2012014750582N11947586WA0141901427
B2012024750593N11947583WA0141501423
B2012034750603N11947580WA0141201418
B2012044750614N11947578WA0140801414
B2012054750624N11947574WA0140501411
B2012064750634N11947571WA0140101408
B2012074750643N11947568WA0139901407
B2012084750652N11947565WA0139701407
B2012094750659N11947560WA0139501408
B2012104750665N11947555WA0139401408
B2012114750671N11947548WA0139301408
B2012124750677N11947541WA0139101406
B2012134750684N11947533WA0139001403
B2012144750692N11947525WA0138701399
B2012154750701N11947516WA0138501395
B2012164750709N11947507WA0138101392
B2012174750718N11947498WA0137901390
B2012184750726N11947488WA0137701390
B2012194750732N11947478WA0137501390
B2012204750739N11947469WA0137401392
B2012214750744N11947461WA0137301394
B2012224750748N11947452WA0137301396
B2012234750753N11947444WA0137301397
B2012244750756N11947436WA0137401398
B2012254750759N11947428WA0137401398
B2012264750762N11947420WA0137401398
B2012274750763N11947411WA0137401397
B2012284750765N11947402WA0137401396
B2012294750766N11947392WA0137401395
B2012304750769N11947382WA0137301393
B2012314750773N11947374WA0137301392
B2012324750779N11947366WA0137201391
B2012334750785N11947360WA0137101390
B2012344750793N11947355WA0137001388
B2012354750801N11947352WA0136901387
B2012364750810N11947349WA0136701385
B2012374750819N11947347WA0136601384
B2012384750827N11947344WA0136501383
B2012394750836N11947341WA0136401384
B2012404750844N11947338WA0136301385
B2012414750851N11947335WA0136301386
B2012424750859N11947333WA0136301388
B2012434750867N11947331WA0136301389
B2012444750874N11947330WA0136401390
B2012454750882N11947330WA0136401391
B2012464750889N11947331WA0136501391
B2012474750897N11947334WA0136501393
B2012484750903N11947338WA0136501394
B2012494750910N11947344WA0136601396
B2012504750915N11947350WA0136701398
B2012514750920N11947357WA0136801401
B2012524750924N11947364WA0136901403
B2012534750929N11947370WA0137101405
B2012544750934N11947375WA0137301407
B2012554750939N11947377WA0137401410
B2012564750944N11947377WA0137701414
B2012574750950N11947372WA0137901416
B2012584750954N11947365WA0138101417
B2012594750957N11947355WA0138201418
B2013004750956N11947344WA0138401418
B2013014750954N11947335WA0138501419
B2013024750950N11947328WA0138701420
B2013034750945N11947324WA0138801422
B2013044750940N11947322WA0139001424
B2013054750935N11947322WA0139101427
B2013064750932N11947324WA0139401430
B2013074750929N11947326WA0139601433
B2013084750926N11947330WA0139801434
B2013094750925N11947336WA0139901434
B2013104750925N11947344WA0140101434
B2013114750929N11947352WA0140201435
B2013124750934N11947357WA0140301435
B2013134750940N11947359WA0140401437
B2013144750946N11947359WA0140601439
B2013154750952N11947357WA0140701441
B2013164750958N11947355WA0140901443
B2013174750964N11947353WA0141101444
B2013184750971N11947350WA0141201446
B2013194750977N11947345WA0141301448
B2013204750983N11947341WA0141601451
B2013214750988N11947335WA0141701454
B2013224750993N11947329WA0142001457
B2013234750996N11947322WA0142201459
B2013244750997N11947313WA0142401460
B2013254750996N11947303WA0142501459
B2013264750992N11947294WA0142601458
B2013274750987N11947290WA0142601458
B2013284750982N11947290WA0142701459
B2013294750978N11947294WA0142801460
B2013304750977N11947299WA0142901462
B2013314750978N11947306WA0143001464
B2013324750981N11947313WA0143201466
B2013334750985N11947318WA0143301468
B2013344750991N11947323WA0143501470
B2013354750997N11947325WA0143701473
B2013364751003N11947326WA0143901476
B2013374751009N11947324WA0144101479
B2013384751014N11947319WA0144301482
B2013394751019N11947311WA0144501484
B2013404751021N11947302WA0144701484
B2013414751022N11947291WA0144801485
B2013424751021N11947282WA0145101487
B2013434751018N11947275WA0145201488
B2013444751015N11947270WA0145401490
B2013454751012N11947267WA0145501492
B2013464751008N11947267WA0145801495
B2013474751005N11947267WA0145901497
B2013484751002N11947270WA0146201499
B2013494751000N11947274WA0146301500
B2013504751000N11947280WA0146501501
B2013514751001N11947287WA0146701502
B2013524751004N11947293WA0146801503
B2013534751008N11947298WA0147001505
B2013544751013N11947301WA0147201506
B2013554751019N11947302WA0147301508
B2013564751026N11947301WA0147501510
B2013574751032N11947298WA0147601511
B2013584751037N11947292WA0147801514
B2013594751042N11947286WA0148001517
B2014004751045N11947278WA0148201519
B2014014751047N11947270WA0148401521
B2014024751047N11947261WA0148601522
B2014034751045N11947252WA0148701522
B2014044751043N11947244WA0148901523
B2014054751040N11947236WA0149001524
B2014064751037N11947229WA0149201526
B2014074751034N11947223WA0149301527
B2014084751032N11947216WA0149501529
B2014094751029N11947208WA0149601531
B2014104751025N11947200WA0149801531
B2014114751021N11947195WA0149901532
B2014124751016N11947192WA0150001534
B2014134751012N11947192WA0150101536
B2014144751008N11947194WA0150301537
B2014154751005N11947198WA0150401539
B2014164751004N11947204WA0150501540
B2014174751004N11947210WA0150601540
B2014184751007N11947217WA0150801540
B2014194751011N11947224WA0150801540
B2014204751016N11947229WA0151001542
B2014214751021N11947231WA0151101544
B2014224751027N11947232WA0151201545
B2014234751034N11947231WA0151301546
B2014244751040N11947228WA0151401546
B2014254751047N11947223WA0151501546
B2014264751054N11947216WA0151601546
B2014274751059N11947208WA0151601547
B2014284751064N11947200WA0151701549
B2014294751067N11947191WA0151801551
B2014304751068N11947181WA0151901552
B2014314751068N11947171WA0152001553
B2014324751066N11947161WA0152101554
B2014334751064N11947152WA0152201555
B2014344751062N11947145WA0152301556
B2014354751058N11947138WA0152401557
B2014364751054N11947134WA0152501558
B2014374751050N11947132WA0152601559
B2014384751046N11947134WA0152701559
B2014394751043N11947138WA0152801559
B2014404751042N11947144WA0152801559
B2014414751042N11947151WA0152901559
B2014424751043N11947158WA0153001560
B2014434751046N11947164WA0153001561
B2014444751051N11947170WA0153101561
B2014454751057N11947174WA0153101562
B2014464751063N11947176WA0153201563
B2014474751070N11947176WA0153301564
B2014484751076N11947174WA0153401564
B2014494751083N11947170WA0153401564
B2014504751090N11947164WA0153501564
B2014514751096N11947157WA0153501564
B2014524751102N11947150WA0153601565
B2014534751106N11947141WA0153601565
B2014544751109N11947131WA0153701566
B2014554751109N11947121WA0153801567
B2014564751108N11947111WA0153801567
B2014574751106N11947103WA0153801567
B2014584751103N11947095WA0153901568
B2014594751098N11947089WA0153901567
B2015004751093N11947083WA0153801565
B2015014751086N11947079WA0153701564
B2015024751080N11947076WA0153601562
B2015034751073N11947073WA0153601562
B2015044751066N11947072WA0153501561
B2015054751059N11947070WA0153401561
B2015064751052N11947068WA0153401560
B2015074751046N11947067WA0153301559
B2015084751039N11947066WA0153201558
B2015094751032N11947065WA0153101557
B2015104751026N11947065WA0153001557
B2015114751019N11947066WA0153001557
B2015124751013N11947067WA0152901557
B2015134751007N11947068WA0152901558
B2015144751001N11947068WA0152901558
B2015154750995N11947067WA0152901557
B2015164750988N11947067WA0152901556
B2015174750982N11947066WA0152801557
B2015184750977N11947064WA0152901561
B2015194750973N11947061WA0153001565
B2015204750970N11947056WA0153201568
B2015214750966N11947050WA0153301569
B2015224750963N11947045WA0153401570
B2015234750958N11947042WA0153501571
B2015244750953N11947040WA0153701574
B2015254750949N11947041WA0153801575
B2015264750946N11947043WA0154001577
B2015274750943N11947047WA0154101578
B2015284750941N11947052WA0154301579
B2015294750939N11947059WA0154401579
B2015304750939N11947068WA0154501579
B2015314750940N11947078WA0154501579
B2015324750942N11947087WA0154701580
B2015334750946N11947095WA0154701582
B2015344750951N11947101WA0154901584
B2015354750956N11947105WA0155001586
B2015364750962N11947107WA0155201587
B2015374750969N11947108WA0155301588
B2015384750975N11947105WA0155401587
B2015394750982N11947101WA0155501587
B2015404750988N11947095WA0155501586
B2015414750994N11947088WA0155501586
B2015424750999N11947080WA0155601587
B2015434751003N11947073WA0155701589
B2015444751007N11947065WA0155801591
B2015454751009N11947057WA0155901592
B2015464751011N11947048WA0156001593
B2015474751012N11947039WA0156001594
B2015484751013N11947030WA0156201596
B2015494751013N11947023WA0156301598
B2015504751013N11947015WA0156401600
B2015514751012N11947009WA0156601603
B2015524751010N11947004WA0156801605
B2015534751007N11947001WA0156901607
B2015544751004N11947000WA0157101609
B2015554751001N11947002WA0157201610
B2015564750998N11947007WA0157301610
B2015574750997N11947013WA0157401610
B2015584750997N11947021WA0157601610
B2015594750997N11947029WA0157701612
B2016004750998N11947037WA0157901615
B2016014751000N11947045WA0158001617
B2016024751002N11947052WA0158201619
B2016034751004N11947060WA0158301621
B2016044751008N11947066WA0158501623
B2016054751011N11947072WA0158701626
B2016064751015N11947077WA0158901628
B2016074751019N11947082WA0159101629
B2016084751026N11947085WA0159201629
B2016094751033N11947087WA0159301628
B2016104751041N11947087WA0159401627
B2016114751049N11947086WA0159401628
B2016124751056N11947083WA0159501629
B2016134751061N11947080WA0159601631
B2016144751066N11947075WA0159801632
B2016154751070N11947069WA0159901632
B2016164751073N11947061WA0160001631
B2016174751077N11947052WA0160001631
B2016184751081N11947043WA0160101632
B2016194751085N11947034WA0160101634
B2016204751089N11947026WA0160301636
B2016214751094N11947019WA0160401639
B2016224751097N11947013WA0160501640
B2016234751099N11947006WA0160601642
B2016244751098N11947000WA0160801643
B2016254751095N11946995WA0160801643
B2016264751091N11946992WA0160901643
B2016274751087N11946991WA0161001643
B2016284751084N11946992WA0161101645
B2016294751081N11946995WA0161201646
B2016304751079N11947001WA0161301647
B2016314751079N11947008WA0161301647
B2016324751080N11947016WA0161401648
B2016334751082N11947023WA0161401649
B2016344751084N11947031WA0161601651
B2016354751088N11947037WA0161601652
B2016364751092N11947043WA0161801654
B2016374751096N11947048WA0161901656
B2016384751102N11947052WA0162001657
B2016394751107N11947055WA0162101659
B2016404751113N11947057WA0162301659
B2016414751119N11947059WA0162401659
B2016424751126N11947061WA0162401658
B2016434751133N11947065WA0162501657
B2016444751140N11947069WA0162501657
B2016454751146N11947074WA0162601657
B2016464751151N11947078WA0162601658
B2016474751156N11947082WA0162701659
B2016484751161N11947087WA0162701658
B2016494751166N11947092WA0162801658
B2016504751171N11947097WA0162801654
B2016514751177N11947103WA0162701653
B2016524751184N11947109WA0162701653
B2016534751189N11947115WA0162601654
B2016544751195N11947122WA0162601655
B2016554751200N11947128WA0162601656
B2016564751206N11947134WA0162701657
B2016574751211N11947140WA0162701659
B2016584751216N11947145WA0162801660
B2016594751222N11947150WA0162801659
B2017004751229N11947155WA0162801659
B2017014751235N11947160WA0162801660
B2017024751242N11947164WA0162901661
B2017034751249N11947168WA0162901662
B2017044751257N11947171WA0163001663
B2017054751265N11947173WA0163001664
B2017064751272N11947174WA0163101666
B2017074751279N11947173WA0163201668
B2017084751286N11947171WA0163401669
B2017094751291N11947167WA0163401671
B2017104751295N11947162WA0163601671
B2017114751298N11947155WA0163601671
B2017124751300N11947148WA0163701670
B2017134751300N11947139WA0163701669
B2017144751299N11947131WA0163701669
B2017154751297N11947124WA0163701671
B2017164751296N11947118WA0163901674
B2017174751294N11947113WA0164001677
B2017184751292N11947109WA0164201680
B2017194751290N11947106WA0164301682
B2017204751287N11947103WA0164501683
B2017214751284N11947102WA0164601682
B2017224751280N11947102WA0164601681
B2017234751275N11947103WA0164701680
B2017244751270N11947105WA0164701680
B2017254751266N11947107WA0164801681
B2017264751263N11947110WA0164901682
B2017274751259N11947111WA0164901683
B2017284751255N11947109WA0165001684
B2017294751252N11947105WA0165001683
B2017304751248N11947099WA0165001682
B2017314751245N11947092WA0165001681
B2017324751241N11947084WA0165001680
B2017334751239N11947076WA0165001680
B2017344751236N11947068WA0165001679
B2017354751233N11947060WA0164901677
B2017364751231N11947051WA0164901676
B2017374751228N11947042WA0164801675
B2017384751226N11947033WA0164701675
B2017394751223N11947023WA0164701675
B2017404751220N11947014WA0164701675
B2017414751218N11947004WA0164601677
B2017424751216N11946995WA0164701678
B2017434751214N11946986WA0164701680
B2017444751211N11946976WA0164801682
B2017454751208N11946967WA0164801683
B2017464751205N11946958WA0164801684
B2017474751201N11946951WA0164901686
B2017484751198N11946944WA0165101689
B2017494751194N11946939WA0165201691
B2017504751190N11946935WA0165301693
B2017514751186N11946930WA0165401693
B2017524751182N11946926WA0165501693
B2017534751178N11946922WA0165601694
B2017544751174N11946920WA0165701696
B2017554751170N11946921WA0165801697
B2017564751168N11946924WA0165901698
B2017574751166N11946930WA0166001699
B2017584751167N11946938WA0166101698
B2017594751169N11946946WA0166101697
B2018004751173N11946954WA0166201697
B2018014751178N11946962WA0166201696
B2018024751184N11946969WA0166201695
B2018034751190N11946976WA0166301694
B2018044751197N11946982WA0166301694
B2018054751204N11946989WA0166301694
B2018064751211N11946996WA0166301694
B2018074751217N11947003WA0166301695
B2018084751223N11947009WA0166401696
B2018094751229N11947015WA0166401697
B2018104751235N11947020WA0166501697
B2018114751242N11947025WA0166501695
B2018124751249N11947031WA0166401694
B2018134751257N11947037WA0166401693
B2018144751264N11947042WA0166401694
B2018154751272N11947045WA0166401695
B2018164751280N11947045WA0166501697
B2018174751287N11947043WA0166501699
B2018184751294N11947038WA0166601701
B2018194751299N11947031WA0166701702
B2018204751302N11947024WA0166801704
B2018214751305N11947017WA0166901705
B2018224751307N11947010WA0167001706
B2018234751307N11947004WA0167101709
B2018244751307N11946998WA0167301711
B2018254751306N11946994WA0167401714
B2018264751306N11946990WA0167601716
B2018274751305N11946985WA0167801717
B2018284751303N11946981WA0168001719
B2018294751301N11946978WA0168101720
B2018304751299N11946976WA0168301721
B2018314751295N11946974WA0168401723
B2018324751292N11946975WA0168501724
B2018334751288N11946977WA0168601726
B2018344751286N11946982WA0168801728
B2018354751286N11946988WA0169001731
B2018364751287N11946996WA0169101731
B2018374751291N11947004WA0169201731
B2018384751297N11947011WA0169401731
B2018394751303N11947017WA0169501734
B2018404751309N11947021WA0169701738
B2018414751315N11947024WA0169901742
B2018424751321N11947025WA0170101744
B2018434751329N11947025WA0170301745
B2018444751337N11947023WA0170401745
B2018454751345N11947020WA0170501745
B2018464751352N11947015WA0170601746
B2018474751359N11947010WA0170701747
B2018484751365N11947004WA0170901749
B2018494751370N11946999WA0171001751
B2018504751374N11946993WA0171201752
B2018514751379N11946987WA0171301754
B2018524751382N11946980WA0171501757
B2018534751385N11946974WA0171601760
B2018544751385N11946969WA0171901764
B2018554751384N11946966WA0172101765
B2018564751380N11946965WA0172201766
B2018574751376N11946965WA0172401767
B2018584751372N11946966WA0172601770
B2018594751370N11946967WA0172801774
B2019004751368N11946969WA0173101778
B2019014751366N11946973WA0173301780
B2019024751364N11946979WA0173501780
B2019034751364N11946988WA0173701780
B2019044751366N11946998WA0173801780
B2019054751371N11947007WA0173901781
B2019064751378N11947014WA0174001781
B2019074751386N11947017WA0174101782
B2019084751393N11947018WA0174301784
B2019094751400N11947018WA0174401785
B2019104751407N11947017WA0174601786
B2019114751414N11947016WA0174701786
B2019124751421N11947014WA0174801787
B2019134751428N11947013WA0174901788
B2019144751435N11947011WA0175101789
B2019154751441N11947008WA0175201791
B2019164751447N11947006WA0175301791
B2019174751454N11947003WA0175401791
B2019184751461N11947000WA0175401790
B2019194751468N11946997WA0175501788
B2019204751475N11946994WA0175501787
B2019214751482N11946992WA0175401786
B2019224751489N11946989WA0175401785
B2019234751496N11946987WA0175501785
B2019244751503N11946984WA0175501784
B2019254751510N11946981WA0175401784
B2019264751517N11946978WA0175401784
B2019274751524N11946974WA0175401785
B2019284751530N11946969WA0175501787
B2019294751536N11946965WA0175501789
B2019304751542N11946961WA0175601791
B2019314751547N11946957WA0175601792
B2019324751551N11946952WA0175801794
B2019334751553N11946948WA0175801794
B2019344751553N11946943WA0175901793
B2019354751550N11946939WA0175901791
B2019364751547N11946935WA0175801789
B2019374751543N11946932WA0175701787
B2019384751538N11946929WA0175701787
B2019394751534N11946927WA0175701789
B2019404751530N11946927WA0175701791
B2019414751526N11946928WA0175701792
B2019424751523N11946929WA0175801793
B2019434751519N11946931WA0175801794
B2019444751515N11946932WA0175901796
B2019454751512N11946932WA0176001799
B2019464751509N11946933WA0176101801
B2019474751507N11946934WA0176201802
B2019484751504N11946934WA0176401803
B2019494751501N11946934WA0176401804
B2019504751497N11946936WA0176501804
B2019514751493N11946939WA0176601805
B2019524751489N11946943WA0176701806
B2019534751486N11946949WA0176701806
B2019544751483N11946958WA0176801806
B2019554751482N11946967WA0176801807
B2019564751481N11946977WA0176901808
B2019574751481N11946986WA0177001810
B2019584751483N11946995WA0177101813
B2019594751485N11947002WA0177301815
B2020004751488N11947010WA0177401817
B2020014751492N11947017WA0177501817
B2020024751499N11947024WA0177701817
B2020034751506N11947030WA0177701817
B2020044751514N11947033WA0177801817
B2020054751523N11947033WA0177801818
B2020064751530N11947031WA0177901819
B2020074751537N11947028WA0178001819
B2020084751543N11947024WA0178101819
B2020094751550N11947019WA0178101819
B2020104751556N11947013WA0178201818
B2020114751562N11947007WA0178201818
B2020124751567N11947000WA0178201819
B2020134751572N11946994WA0178301820
B2020144751577N11946987WA0178401822
B2020154751581N11946981WA0178401823
B2020164751585N11946974WA0178501825
B2020174751589N11946968WA0178601826
B2020184751593N11946962WA0178701827
B2020194751597N11946955WA0178801828
B2020204751602N11946950WA0178901829
B2020214751607N11946945WA0179001829
B2020224751613N11946941WA0179101829
B2020234751621N11946937WA0179101828
B2020244751630N11946934WA0179101827
B2020254751638N11946930WA0179101827
B2020264751647N11946926WA0179101827
B2020274751655N11946922WA0179201830
B2020284751663N11946919WA0179301831
B2020294751670N11946916WA0179301832
B2020304751679N11946913WA0179401832
B2020314751687N11946910WA0179401832
B2020324751696N11946908WA0179401831
B2020334751705N11946906WA0179401830
B2020344751714N11946903WA0179401829
B2020354751723N11946901WA0179401827
B2020364751731N11946898WA0179301825
B2020374751740N11946895WA0179301824
B2020384751749N11946891WA0179101822
B2020394751758N11946888WA0179101821
B2020404751767N11946885WA0179001820
B2020414751775N11946882WA0178901819
B2020424751784N11946878WA0178801817
B2020434751792N11946875WA0178701815
B2020444751801N11946872WA0178501813
B2020454751810N11946869WA0178401810
B2020464751819N11946868WA0178201806
B2020474751829N11946866WA0178001803
B2020484751839N11946864WA0177701800
B2020494751849N11946862WA0177601797
B2020504751859N11946858WA0177301795
B2020514751869N11946854WA0177101792
B2020524751879N11946850WA0176801789
B2020534751890N11946845WA0176501785
B2020544751900N11946840WA0176201782
B2020554751911N11946836WA0176001781
B2020564751920N11946831WA0175801781
B2020574751929N11946826WA0175701782
B2020584751938N11946821WA0175601784
B2020594751946N11946818WA0175601785
B2021004751954N11946815WA0175501786
B2021014751962N11946812WA0175501785
B2021024751970N11946810WA0175401786
B2021034751978N11946808WA0175401785
B2021044751986N11946806WA0175401785
B2021054751993N11946803WA0175301784
B2021064752001N11946801WA0175301783
B2021074752010N11946799WA0175201781
B2021084752018N11946797WA0175101778
B2021094752027N11946794WA0175001775
B2021104752036N11946791WA0174701772
B2021114752046N11946789WA0174601769
B2021124752056N11946787WA0174401767
B2021134752066N11946786WA0174201764
B2021144752077N11946785WA0174001763
B2021154752087N11946782WA0173801761
B2021164752097N11946779WA0173601759
B2021174752107N11946774WA0173401756
B2021184752118N11946769WA0173101753
B2021194752128N11946763WA0172901750
B2021204752139N11946757WA0172601746
B2021214752149N11946750WA0172301744
B2021224752160N11946743WA0172001742
B2021234752170N11946736WA0171801740
B2021244752180N11946729WA0171601739
B2021254752190N11946722WA0171401737
B2021264752200N11946715WA0171201736
B2021274752210N11946708WA0171001734
B2021284752220N11946700WA0170701731
B2021294752230N11946692WA0170601729
B2021304752240N11946683WA0170301727
B2021314752250N11946674WA0170101726
B2021324752259N11946665WA0169901724
B2021334752268N11946656WA0169801723
B2021344752277N11946647WA0169601723
B2021354752285N11946638WA0169501723
B2021364752294N11946630WA0169301722
B2021374752302N11946622WA0169201721
B2021384752310N11946613WA0169101720
B2021394752318N11946604WA0169001718
B2021404752327N11946595WA0168801717
B2021414752336N11946585WA0168701714
B2021424752345N11946576WA0168401712
B2021434752354N11946566WA0168301709
B2021444752363N11946557WA0168101708
B2021454752373N11946549WA0167901708
B2021464752382N11946542WA0167801708
B2021474752391N11946535WA0167701708
B2021484752399N11946529WA0167701709
B2021494752408N11946523WA0167601709
B2021504752416N11946518WA0167601709
B2021514752425N11946514WA0167601709
B2021524752433N11946509WA0167601710
B2021534752440N11946505WA0167601711
B2021544752447N11946500WA0167701711
B2021554752453N11946495WA0167701711
B2021564752461N11946491WA0167701711
B2021574752468N11946486WA0167701710
B2021584752476N11946481WA0167701708
B2021594752484N11946475WA0167601707
B2022004752492N11946468WA0167501705
B2022014752500N11946461WA0167401704
B2022024752508N11946452WA0167301702
B2022034752517N11946444WA0167201700
B2022044752525N11946436WA0167001699
B2022054752534N11946428WA0167001699
B2022064752541N11946421WA0166901699
B2022074752549N11946413WA0166801699
B2022084752556N11946404WA0166801698
B2022094752563N11946394WA0166701696
B2022104752571N11946383WA0166501694
B2022114752578N11946372WA0166501692
B2022124752586N11946361WA0166301690
B2022134752593N11946350WA0166201689
B2022144752601N11946338WA0166001688
B2022154752608N11946327WA0166001688
B2022164752614N11946315WA0165901688
B2022174752621N11946303WA0165901688
B2022184752627N11946291WA0165801688
B2022194752632N11946278WA0165701687
B2022204752637N11946264WA0165601686
B2022214752642N11946249WA0165501685
B2022224752646N11946233WA0165401685
B2022234752650N11946218WA0165401686
B2022244752654N11946203WA0165401688
B2022254752656N11946189WA0165401690
B2022264752657N11946175WA0165501692
B2022274752657N11946164WA0165601695
B2022284752656N11946155WA0165801698
B2022294752654N11946149WA0165901700
B2022304752651N11946145WA0166101702
B2022314752647N11946144WA0166201702
B2022324752644N11946145WA0166201700
B2022334752640N11946149WA0166201699
B2022344752638N11946155WA0166301698
B2022354752639N11946160WA0166301700
B2022364752641N11946164WA0166401702
B2022374752644N11946168WA0166501704
B2022384752649N11946171WA0166601704
B2022394752655N11946174WA0166701704
B2022404752661N11946175WA0166801705
B2022414752668N11946175WA0166901706
B2022424752675N11946173WA0167001708
B2022434752682N11946169WA0167101710
B2022444752689N11946164WA0167201712
B2022454752696N11946158WA0167301714
B2022464752702N11946150WA0167501715
B2022474752708N11946141WA0167601716
B2022484752714N11946130WA0167701718
B2022494752718N11946119WA0167801721
B2022504752721N11946107WA0168001723
B2022514752721N11946096WA0168201726
B2022524752719N11946086WA0168401727
B2022534752716N11946080WA0168501728
B2022544752713N11946076WA0168701730
B2022554752710N11946075WA0168801731
B2022564752708N11946076WA0169001731
B2022574752707N11946079WA0169001731
B2022584752706N11946083WA0169101730
B2022594752706N11946087WA0169201729
B2023004752708N11946093WA0169201729
B2023014752711N11946098WA0169301729
B2023024752715N11946102WA0169301729
B2023034752721N11946105WA0169401730
B2023044752728N11946106WA0169401730
B2023054752736N11946105WA0169401731
B2023064752743N11946103WA0169501732
B2023074752751N11946100WA0169601733
B2023084752759N11946097WA0169701734
B2023094752767N11946092WA0169701736
B2023104752776N11946087WA0169801737
B2023114752785N11946083WA0169901740
B2023124752793N11946081WA0170101744
B2023134752799N11946082WA0170201748
B2023144752804N11946083WA0170501752
B2023154752809N11946085WA0170701754
B2023164752812N11946089WA0170901757
B2023174752814N11946094WA0171101760
B2023184752814N11946097WA0171401763
B2023194752812N11946099WA0171601766
B2023204752809N11946097WA0171901767
B2023214752805N11946092WA0172001768
B2023224752803N11946083WA0172201768
B2023234752803N11946073WA0172301770
B2023244752805N11946062WA0172601772
B2023254752808N11946052WA0172701774
B2023264752813N11946042WA0172901775
B2023274752820N11946032WA0173001776
B2023284752826N11946023WA0173201778
B2023294752833N11946017WA0173401780
B2023304752840N11946012WA0173601784
B2023314752847N11946010WA0173801787
B2023324752853N11946010WA0174101791
B2023334752858N11946012WA0174201793
B2023344752863N11946015WA0174501794
B2023354752867N11946019WA0174701797
B2023364752869N11946023WA0174901799
B2023374752870N11946026WA0175101802
B2023384752869N11946027WA0175401805
B2023394752867N11946027WA0175601807
B2023404752864N11946023WA0175901809
B2023414752862N11946016WA0176101812
B2023424752861N11946007WA0176401815
B2023434752863N11945997WA0176501817
B2023444752866N11945987WA0176801819
B2023454752871N11945978WA0177001820
B2023464752877N11945970WA0177201820
B2023474752885N11945963WA0177301820
B2023484752892N11945957WA0177501822
B2023494752900N11945953WA0177701824
B2023504752907N11945952WA0177901827
B2023514752913N11945953WA0178101829
B2023524752918N11945956WA0178301830
B2023534752923N11945959WA0178401831
B2023544752926N11945964WA0178601833
B2023554752928N11945968WA0178701834
B2023564752929N11945973WA0178901835
B2023574752928N11945978WA0179001836
B2023584752927N11945981WA0179201838
B2023594752925N11945983WA0179401841
B2024004752922N11945984WA0179601843
B2024014752919N11945983WA0179701846
B2024024752916N11945980WA0180001849
B2024034752913N11945974WA0180101851
B2024044752912N11945966WA0180401853
B2024054752911N11945956WA0180501854
B2024064752912N11945945WA0180701854
B2024074752915N11945933WA0180801854
B2024084752919N11945922WA0180901854
B2024094752924N11945911WA0181001854
B2024104752930N11945902WA0181201854
B2024114752937N11945894WA0181301855
B2024124752945N11945888WA0181401856
B2024134752953N11945884WA0181401858
B2024144752961N11945881WA0181601860
B2024154752968N11945880WA0181701862
B2024164752974N11945881WA0181901864
B2024174752980N11945884WA0182001865
B2024184752985N11945889WA0182101865
B2024194752989N11945895WA0182201865
B2024204752992N11945902WA0182301866
B2024214752993N11945908WA0182401867
B2024224752993N11945914WA0182501869
B2024234752993N11945919WA0182601870
B2024244752991N11945924WA0182701872
B2024254752990N11945929WA0182801874
B2024264752989N11945934WA0183001878
B2024274752988N11945938WA0183101881
B2024284752988N11945942WA0183401884
B2024294752987N11945944WA0183601886
B2024304752985N11945945WA0183801887
B2024314752981N11945943WA0183901888
B2024324752978N11945937WA0184101889
B2024334752975N11945929WA0184301891
B2024344752974N11945919WA0184501894
B2024354752976N11945908WA0184601896
B2024364752981N11945898WA0184901898
B2024374752988N11945891WA0185001900
B2024384752995N11945886WA0185301901
B2024394753002N11945884WA0185401903
B2024404753009N11945885WA0185601903
B2024414753015N11945888WA0185701903
B2024424753019N11945893WA0185801903
B2024434753020N11945899WA0185901903
B2024444753020N11945903WA0186001904
B2024454753017N11945905WA0186101906
B2024464753014N11945904WA0186201908
B2024474753011N11945902WA0186301909
B2024484753007N11945899WA0186501911
B2024494753003N11945895WA0186601913
B2024504753000N11945890WA0186801915
B2024514752996N11945883WA0186901917
B2024524752993N11945874WA0187101919
B2024534752991N11945865WA0187301922
B2024544752991N11945854WA0187501925
B2024554752993N11945843WA0187601927
B2024564752998N11945834WA0187801930
B2024574753003N11945828WA0188001931
B2024584753010N11945825WA0188201932
B2024594753017N11945824WA0188301933
B2025004753023N11945825WA0188501933
B2025014753028N11945827WA0188601934
B2025024753033N11945831WA0188801935
B2025034753036N11945837WA0188901935
B2025044753038N11945842WA0189001936
B2025054753038N11945847WA0189101938
B2025064753036N11945851WA0189301939
B2025074753033N11945853WA0189401940
B2025084753029N11945855WA0189601942
B2025094753025N11945855WA0189701944
B2025104753020N11945855WA0189901946
B2025114753016N11945853WA0190001948
B2025124753012N11945850WA0190201951
B2025134753009N11945844WA0190301952
B2025144753007N11945836WA0190501953
B2025154753006N11945827WA0190601954
B2025164753008N11945817WA0190801955
B2025174753011N11945808WA0190901955
B2025184753016N11945800WA0191001955
B2025194753023N11945795WA0191101955
B2025204753029N11945791WA0191201955
B2025214753036N11945788WA0191201956
B2025224753042N11945787WA0191301956
B2025234753049N11945788WA0191301956
B2025244753054N11945791WA0191401955
B2025254753059N11945796WA0191401955
B2025264753064N11945802WA0191401955
B2025274753066N11945808WA0191401957
B2025284753068N11945814WA0191601960
B2025294753068N11945819WA0191601964
B2025304753066N11945824WA0191801966
B2025314753064N11945828WA0191901967
B2025324753062N11945831WA0192101969
B2025334753059N11945832WA0192201970
B2025344753055N11945831WA0192401970
B2025354753052N11945826WA0192501969
B2025364753049N11945818WA0192501968
B2025374753048N11945807WA0192501967
B2025384753050N11945798WA0192601967
B2025394753054N11945790WA0192601969
B2025404753058N11945785WA0192701970
B2025414753063N11945783WA0192801971
B2025424753068N11945782WA0192901971
B2025434753074N11945782WA0192901970
B2025444753080N11945784WA0192901969
B2025454753086N11945786WA0193001969
B2025464753093N11945789WA0193001969
B2025474753099N11945792WA0193001971
B2025484753105N11945794WA0193101974
B2025494753110N11945796WA0193101976
B2025504753116N11945798WA0193301979
B2025514753121N11945800WA0193301980
B2025524753127N11945802WA0193401980
B2025534753133N11945804WA0193501981
B2025544753139N11945806WA0193601981
B2025554753146N11945808WA0193701982
B2025564753152N11945810WA0193701983
B2025574753159N11945811WA0193801984
B2025584753167N11945812WA0193901985
B2025594753174N11945814WA0194001987
B2026004753180N11945816WA0194201989
B2026014753186N11945819WA0194301991
B2026024753192N11945823WA0194401993
B2026034753197N11945828WA0194501994
B2026044753201N11945834WA0194601995
B2026054753205N11945841WA0194701996
B2026064753208N11945847WA0194901997
B2026074753210N11945852WA0195002000
B2026084753212N11945857WA0195202002
B2026094753212N11945861WA0195302003
B2026104753210N11945862WA0195502004
B2026114753207N11945862WA0195502004
B2026124753204N11945858WA0195702005
B2026134753201N11945852WA0195802007
B2026144753199N11945845WA0195902010
B2026154753200N11945836WA0196102013
B2026164753201N11945827WA0196302016
B2026174753204N11945818WA0196502018
B2026184753207N11945809WA0196702019
B2026194753212N11945800WA0196802020
B2026204753217N11945791WA0196902020
B2026214753224N11945784WA0197002021
B2026224753231N11945776WA0197202022
B2026234753237N11945770WA0197302023
B2026244753244N11945763WA0197402024
B2026254753251N11945757WA0197502026
B2026264753258N11945752WA0197702028
B2026274753266N11945749WA0197802029
B2026284753274N11945749WA0197902029
B2026294753282N11945748WA0198002030
B2026304753289N11945747WA0198102031
B2026314753297N11945744WA0198202032
B2026324753304N11945739WA0198302032
B2026334753310N11945733WA0198402032
B2026344753318N11945726WA0198402031
B2026354753325N11945719WA0198502030
B2026364753332N11945712WA0198502030
B2026374753339N11945705WA0198502028
B2026384753347N11945697WA0198502027
B2026394753354N11945690WA0198402026
B2026404753362N11945682WA0198402025
B2026414753370N11945675WA0198402024
B2026424753379N11945669WA0198302023
B2026434753389N11945662WA0198302022
B2026444753398N11945656WA0198202022
B2026454753407N11945651WA0198202023
B2026464753416N11945647WA0198202024
B2026474753424N11945645WA0198202024
B2026484753433N11945643WA0198102022
B2026494753443N11945642WA0198102020
B2026504753453N11945641WA0198002017
B2026514753463N11945640WA0197902016
B2026524753473N11945639WA0197702015
B2026534753482N11945640WA0197702014
B2026544753492N11945641WA0197602013
B2026554753502N11945644WA0197502013
B2026564753511N11945647WA0197502014
B2026574753521N11945650WA0197402015
B2026584753531N11945652WA0197402015
B2026594753541N11945655WA0197402016
B2027004753551N11945657WA0197402016
B2027014753561N11945660WA0197302017
B2027024753570N11945663WA0197302016
B2027034753580N11945667WA0197302016
B2027044753588N11945670WA0197302017
B2027054753596N11945672WA0197402017
B2027064753604N11945674WA0197402018
B2027074753613N11945676WA0197402016
B2027084753622N11945679WA0197302012
B2027094753633N11945682WA0197202009
B2027104753643N11945685WA0197002007
B2027114753654N11945689WA0196902005
B2027124753663N11945693WA0196802004
B2027134753673N11945697WA0196702004
B2027144753682N11945701WA0196602003
B2027154753691N11945705WA0196602002
B2027164753700N11945710WA0196402000
B2027174753710N11945716WA0196301999
B2027184753719N11945722WA0196201998
B2027194753728N11945729WA0196101998
B2027204753736N11945736WA0196001999
B2027214753744N11945741WA0196002000
B2027224753753N11945746WA0196001999
B2027234753762N11945750WA0195901998
B2027244753771N11945754WA0195801997
B2027254753782N11945758WA0195801995
B2027264753792N11945762WA0195701994
B2027274753802N11945765WA0195601993
B2027284753812N11945768WA0195501993
B2027294753822N11945770WA0195501993
B2027304753832N11945772WA0195401992
B2027314753841N11945774WA0195401992
B2027324753851N11945776WA0195301992
B2027334753860N11945779WA0195301992
B2027344753869N11945782WA0195201992
B2027354753879N11945784WA0195201991
B2027364753888N11945787WA0195101991
B2027374753897N11945790WA0195101990
B2027384753906N11945793WA0195101990
B2027394753915N11945796WA0195001989
B2027404753925N11945798WA0195001987
B2027414753935N11945801WA0194901985
B2027424753945N11945805WA0194701983
B2027434753955N11945808WA0194601982
B2027444753964N11945812WA0194501982
B2027454753972N11945816WA0194401981
B2027464753981N11945820WA0194301979
B2027474753990N11945824WA0194201977
B2027484753999N11945828WA0194101975
B2027494754008N11945832WA0193901973
B2027504754018N11945835WA0193701970
B2027514754028N11945838WA0193601969
B2027524754037N11945840WA0193401968
B2027534754046N11945842WA0193301967
B2027544754055N11945845WA0193201966
B2027554754064N11945847WA0193101965
B2027564754073N11945849WA0192901962
B2027574754083N11945850WA0192701959
B2027584754093N11945851WA0192501956
B2027594754103N11945851WA0192301953
B2028004754114N11945852WA0192101951
B2028014754124N11945852WA0191901949
B2028024754135N11945853WA0191701948
B2028034754145N11945853WA0191501947
B2028044754156N11945854WA0191301948
B2028054754166N11945854WA0191301948
B2028064754176N11945853WA0191201949
B2028074754185N11945853WA0191101950
B2028084754195N11945853WA0191001949
B2028094754205N11945853WA0191001949
B2028104754215N11945852WA0190901947
B2028114754226N11945850WA0190801946
B2028124754236N11945849WA0190701944
B2028134754246N11945849WA0190601943
B2028144754256N11945849WA0190501944
B2028154754266N11945848WA0190501945
B2028164754275N11945847WA0190501946
B2028174754284N11945846WA0190401946
B2028184754293N11945846WA0190401946
B2028194754303N11945846WA0190401943
B2028204754313N11945848WA0190201941
B2028214754324N11945849WA0190101938
B2028224754336N11945851WA0190001937
B2028234754347N11945853WA0189901937
B2028244754358N11945855WA0189801938
B2028254754368N11945857WA0189701939
B2028264754378N11945858WA0189801941
B2028274754388N11945860WA0189801943
B2028284754397N11945861WA0189901943
B2028294754405N11945863WA0189901944
B2028304754414N11945864WA0190001945
B2028314754423N11945865WA0190001944
B2028324754432N11945866WA0190001944
B2028334754441N11945867WA0190101943
B2028344754450N11945869WA0190001942
B2028354754460N11945870WA0190001940
B2028364754469N11945871WA0189901938
B2028374754480N11945872WA0189901936
B2028384754490N11945873WA0189801935
B2028394754500N11945874WA0189701935
B2028404754510N11945875WA0189601934
B2028414754520N11945876WA0189601933
B2028424754530N11945878WA0189501932
B2028434754540N11945879WA0189401931
B2028444754549N11945881WA0189301930
B2028454754559N11945882WA0189301929
B2028464754568N11945883WA0189201927
B2028474754578N11945885WA0189101926
B2028484754587N11945886WA0189001924
B2028494754597N11945888WA0188901923
B2028504754606N11945889WA0188801922
B2028514754615N11945891WA0188701920
B2028524754625N11945892WA0188601919
B2028534754634N11945894WA0188501918
B2028544754643N11945895WA0188401917
B2028554754652N11945896WA0188301916
B2028564754662N11945897WA0188201914
B2028574754671N11945898WA0188001911
B2028584754681N11945900WA0187801909
B2028594754691N11945901WA0187701907
B2029004754701N11945903WA0187501907
B2029014754709N11945904WA0187401906
B2029024754718N11945904WA0187301906
B2029034754727N11945905WA0187201904
B2029044754736N11945907WA0187101902
B2029054754744N11945908WA0186901901
B2029064754753N11945910WA0186801899
B2029074754762N11945911WA0186701898
B2029084754770N11945912WA0186501896
B2029094754778N11945914WA0186401895
B2029104754787N11945915WA0186301893
B2029114754796N11945916WA0186201891
B2029124754805N11945916WA0186001888
B2029134754814N11945917WA0185801887
B2029144754824N11945917WA0185701886
B2029154754833N11945918WA0185601886
B2029164754842N11945919WA0185401887
B2029174754851N11945920WA0185401887
B2029184754859N11945921WA0185301887
B2029194754867N11945924WA0185301887
B2029204754876N11945926WA0185201886
B2029214754885N11945929WA0185101884
B2029224754895N11945931WA0184901881
B2029234754905N11945933WA0184801880
B2029244754915N11945935WA0184701880
B2029254754924N11945937WA0184701880
B2029264754933N11945939WA0184601881
B2029274754942N11945941WA0184501880
B2029284754951N11945944WA0184401878
B2029294754961N11945946WA0184401876
B2029304754970N11945949WA0184201874
B2029314754979N11945952WA0184101874
B2029324754987N11945955WA0184101873
B2029334754995N11945959WA0184001873
B2029344755003N11945962WA0183901872
B2029354755011N11945966WA0183801872
B2029364755019N11945970WA0183701870
B2029374755027N11945975WA0183601868
B2029384755035N11945980WA0183501867
B2029394755042N11945986WA0183401866
B2029404755050N11945991WA0183301865
B2029414755059N11945995WA0183201865
B2029424755067N11945997WA0183201866
B2029434755075N11945999WA0183101865
B2029444755083N11945999WA0183101866
B2029454755091N11946000WA0183101866
B2029464755099N11946000WA0183001866
B2029474755107N11946000WA0183001865
B2029484755116N11946000WA0182901863
B2029494755125N11946000WA0182801861
B2029504755134N11946002WA0182701860
B2029514755142N11946004WA0182601860
B2029524755150N11946005WA0182601859
B2029534755158N11946007WA0182501858
B2029544755166N11946008WA0182401856
B2029554755174N11946009WA0182301853
B2029564755183N11946009WA0182101851
B2029574755191N11946010WA0182001849
B2029584755200N11946011WA0181801846
B2029594755209N11946011WA0181701843
B2030004755218N11946011WA0181401841
B2030014755228N11946010WA0181301839
B2030024755236N11946010WA0181101837
B2030034755245N11946009WA0181001835
B2030044755254N11946009WA0180801833
B2030054755263N11946010WA0180601831
B2030064755272N11946011WA0180401830
B2030074755280N11946011WA0180301830
B2030084755289N11946011WA0180101830
B2030094755298N11946009WA0180001829
B2030104755307N11946009WA0179901827
B2030114755316N11946009WA0179701826
B2030124755325N11946010WA0179601825
B2030134755333N11946011WA0179501824
B2030144755342N11946012WA0179301823
B2030154755351N11946014WA0179201821
B2030164755359N11946016WA0179101820
B2030174755367N11946018WA0179001820
B2030184755375N11946020WA0178901820
B2030194755383N11946024WA0178801820
B2030204755391N11946027WA0178701819
B2030214755398N11946032WA0178701819
B2030224755406N11946036WA0178601819
B2030234755415N11946040WA0178501819
B2030244755423N11946043WA0178501820
B2030254755431N11946046WA0178501821
B2030264755439N11946049WA0178501822
B2030274755446N11946051WA0178601823
B2030284755453N11946052WA0178601824
B2030294755460N11946053WA0178701826
B2030304755467N11946053WA0178801827
B2030314755474N11946052WA0178801827
B2030324755481N11946051WA0178901828
B2030334755489N11946049WA0178901828
B2030344755497N11946046WA0179001827
B2030354755505N11946044WA0179001827
B2030364755513N11946040WA0179001827
B2030374755521N11946036WA0179001827
B2030384755529N11946032WA0179101827
B2030394755537N11946027WA0179101827
B2030404755544N11946022WA0179101827
B2030414755551N11946016WA0179101828
B2030424755558N11946010WA0179201828
B2030434755565N11946005WA0179201828
B2030444755572N11945999WA0179201827
B2030454755580N11945993WA0179201826
B2030464755588N11945987WA0179101824
B2030474755595N11945982WA0179101823
B2030484755602N11945977WA0179001822
B2030494755610N11945972WA0178901820
B2030504755618N11945968WA0178801817
B2030514755626N11945964WA0178701814
B2030524755635N11945960WA0178501811
B2030534755645N11945957WA0178301808
B2030544755654N11945955WA0178101805
B2030554755664N11945953WA0177901803
B2030564755673N11945952WA0177701802
B2030574755681N11945951WA0177601802
B2030584755689N11945950WA0177501802
B2030594755696N11945949WA0177401801
B2031004755704N11945948WA0177301800
B2031014755712N11945946WA0177201799
B2031024755720N11945945WA0177101797
B2031034755729N11945944WA0176901795
B2031044755738N11945943WA0176701794
B2031054755746N11945942WA0176601793
B2031064755755N11945940WA0176501792
B2031074755763N11945937WA0176401792
B2031084755771N11945934WA0176301792
B2031094755778N11945930WA0176201791
B2031104755786N11945925WA0176101790
B2031114755794N11945920WA0176001789
B2031124755801N11945914WA0175901788
B2031134755809N11945909WA0175801787
B2031144755816N11945904WA0175601786
B2031154755823N11945899WA0175501783
B2031164755830N11945895WA0175401782
B2031174755837N11945891WA0175301780
B2031184755844N11945888WA0175101777
B2031194755851N11945886WA0175001775
B2031204755859N11945885WA0174801771
B2031214755867N11945884WA0174601767
B2031224755876N11945884WA0174301763
B2031234755885N11945883WA0174101760
B2031244755893N11945882WA0173801757
B2031254755902N11945881WA0173601756
B2031264755910N11945880WA0173401755
B2031274755918N11945879WA0173201753
B2031284755926N11945880WA0173001752
B2031294755934N11945881WA0172801750
B2031304755943N11945882WA0172601747
B2031314755951N11945885WA0172401745
B2031324755960N11945888WA0172201742
B2031334755969N11945890WA0172001741
B2031344755978N11945891WA0171801741
B2031354755987N11945891WA0171701742
B2031364755994N11945890WA0171601745
B2031374756001N11945887WA0171601747
B2031384756008N11945882WA0171601748
B2031394756014N11945877WA0171601749
B2031404756019N11945872WA0171601751
B2031414756024N11945866WA0171601753
B2031424756028N11945859WA0171701754
B2031434756031N11945851WA0171701755
B2031444756035N11945843WA0171801755
B2031454756038N11945835WA0171801754
B2031464756043N11945828WA0171801753
B2031474756048N11945821WA0171801751
B2031484756055N11945817WA0171701749
B2031494756063N11945815WA0171601746
B2031504756071N11945815WA0171501744
B2031514756079N11945816WA0171401743
B2031524756086N11945819WA0171301743
B2031534756094N11945822WA0171301743
B2031544756100N11945827WA0171201744
B2031554756107N11945834WA0171201744
B2031564756112N11945841WA0171201745
B2031574756117N11945849WA0171201745
B2031584756122N11945856WA0171201746
B2031594756127N11945863WA0171201746
B2032004756132N11945867WA0171201746
B2032014756138N11945869WA0171201745
B2032024756146N11945869WA0171201744
B2032034756154N11945867WA0171101742
B2032044756161N11945864WA0171001740
B2032054756169N11945859WA0171001739
B2032064756175N11945853WA0170901739
B2032074756181N11945846WA0170901738
B2032084756186N11945838WA0170801737
B2032094756190N11945829WA0170701735
B2032104756193N11945819WA0170501732
B2032114756195N11945808WA0170401729
B2032124756196N11945796WA0170201726
B2032134756198N11945783WA0170001724
B2032144756199N11945771WA0169801722
B2032154756201N11945758WA0169601720
B2032164756203N11945746WA0169401719
B2032174756206N11945735WA0169301718
B2032184756210N11945724WA0169101717
B2032194756215N11945714WA0169001715
B2032204756222N11945705WA0168801714
B2032214756229N11945697WA0168701712
B2032224756236N11945690WA0168501712
B2032234756244N11945684WA0168401712
B2032244756251N11945679WA0168401714
B2032254756259N11945675WA0168301715
B2032264756266N11945671WA0168301715
B2032274756274N11945667WA0168301715
B2032284756282N11945663WA0168201712
B2032294756291N11945659WA0168101709
B2032304756300N11945656WA0167901707
B2032314756309N11945654WA0167801706
B2032324756318N11945652WA0167701705
B2032334756326N11945651WA0167601706
B2032344756335N11945649WA0167601706
B2032354756343N11945648WA0167501705
B2032364756351N11945647WA0167501705
B2032374756360N11945648WA0167401704
B2032384756369N11945649WA0167301703
B2032394756378N11945652WA0167301702
B2032404756386N11945655WA0167201701
B2032414756395N11945659WA0167101701
B2032424756403N11945663WA0167001700
B2032434756412N11945668WA0167001699
B2032444756421N11945673WA0166801697
B2032454756430N11945677WA0166701696
B2032464756439N11945680WA0166601695
B2032474756448N11945682WA0166601695
B2032484756456N11945684WA0166501695
B2032494756464N11945685WA0166501695
B2032504756472N11945686WA0166401695
B2032514756480N11945688WA0166401694
B2032524756488N11945690WA0166301693
B2032534756496N11945692WA0166301691
B2032544756505N11945695WA0166201689
B2032554756513N11945699WA0166101687
B2032564756522N11945703WA0165901686
B2032574756531N11945707WA0165801684
B2032584756540N11945709WA0165701684
B2032594756548N11945710WA0165601685
B2033004756557N11945709WA0165601686
B2033014756565N11945707WA0165601686
B2033024756574N11945703WA0165601687
B2033034756583N11945699WA0165501686
B2033044756592N11945695WA0165501686
B2033054756601N11945691WA0165501685
B2033064756610N11945687WA0165401683
B2033074756620N11945684WA0165301682
B2033084756629N11945680WA0165201681
B2033094756639N11945677WA0165201681
B2033104756648N11945674WA0165101681
B2033114756657N11945671WA0165101681
B2033124756666N11945667WA0165101681
B2033134756675N11945665WA0165101681
B2033144756684N11945662WA0165101681
B2033154756692N11945660WA0165101682
B2033164756700N11945658WA0165101682
B2033174756708N11945656WA0165101682
B2033184756715N11945654WA0165101682
B2033194756724N11945651WA0165101680
B2033204756732N11945648WA0165001678
B2033214756740N11945645WA0164901676
B2033224756748N11945642WA0164901675
B2033234756756N11945639WA0164801675
B2033244756764N11945636WA0164801675
B2033254756771N11945634WA0164801675
B2033264756779N11945632WA0164701674
B2033274756788N11945630WA0164601672
B2033284756797N11945629WA0164501670
B2033294756806N11945628WA0164401669
B2033304756814N11945626WA0164301669
B2033314756821N11945625WA0164301670
B2033324756828N11945624WA0164201670
B2033334756835N11945623WA0164201669
B2033344756842N11945623WA0164101668
B2033354756850N11945623WA0164001666
B2033364756859N11945624WA0163901664
B2033374756868N11945624WA0163801662
B2033384756877N11945624WA0163701662
B2033394756885N11945624WA0163601662
B2033404756894N11945624WA0163501662
B2033414756902N11945624WA0163501661
B2033424756911N11945624WA0163301660
B2033434756919N11945625WA0163201658
B2033444756928N11945627WA0163101657
B2033454756937N11945630WA0163001656
B2033464756945N11945632WA0162901656
B2033474756953N11945633WA0162901656
B2033484756961N11945635WA0162801655
B2033494756968N11945636WA0162701653
B2033504756976N11945638WA0162601651
B2033514756984N11945640WA0162501649
B2033524756992N11945644WA0162301646
B2033534757000N11945648WA0162201643
B2033544757007N11945652WA0162001641
B2033554757014N11945658WA0161901639
B2033564757020N11945665WA0161601637
B2033574757025N11945672WA0161501636
B2033584757031N11945680WA0161301634
B2033594757036N11945688WA0161201632
B2034004757041N11945697WA0160901629
B2034014757046N11945706WA0160801626
B2034024757052N11945716WA0160501623
B2034034757058N11945725WA0160301620
B2034044757065N11945735WA0160001617
B2034054757072N11945744WA0159801615
B2034064757079N11945752WA0159501613
B2034074757087N11945760WA0159401612
B2034084757095N11945767WA0159101609
B2034094757103N11945775WA0158901607
B2034104757111N11945783WA0158601604
B2034114757119N11945791WA0158401602
B2034124757128N11945798WA0158101600
B2034134757136N11945805WA0158001599
B2034144757144N11945812WA0157701597
B2034154757151N11945819WA0157601596
B2034164757160N11945826WA0157301593
B2034174757168N11945833WA0157101590
B2034184757176N11945840WA0156901587
B2034194757184N11945848WA0156701586
B2034204757192N11945856WA0156401584
B2034214757198N11945863WA0156301583
B2034224757205N11945870WA0156001582
B2034234757211N11945877WA0155901581
B2034244757216N11945884WA0155701580
B2034254757222N11945891WA0155601577
B2034264757228N11945899WA0155401574
B2034274757234N11945906WA0155201571
B2034284757241N11945914WA0154901567
B2034294757248N11945921WA0154701563
B2034304757256N11945929WA0154401560
B2034314757265N11945935WA0154201557
B2034324757273N11945941WA0153901556
B2034334757282N11945947WA0153801555
B2034344757290N11945953WA0153501553
B2034354757298N11945959WA0153301550
B2034364757307N11945965WA0153101547
B2034374757316N11945972WA0152901544
B2034384757324N11945979WA0152601542
B2034394757333N11945985WA0152501541
B2034404757342N11945992WA0152201540
B2034414757351N11945997WA0152101538
B2034424757360N11946003WA0151901538
B2034434757368N11946007WA0151801538
B2034444757376N11946010WA0151601538
B2034454757384N11946012WA0151601537
B2034464757393N11946012WA0151401535
B2034474757402N11946010WA0151301533
B2034484757412N11946007WA0151101530
B2034494757421N11946002WA0150901529
B2034504757430N11945998WA0150801529
B2034514757438N11945992WA0150701529
B2034524757446N11945986WA0150601528
B2034534757454N11945980WA0150501527
B2034544757463N11945974WA0150301525
B2034554757471N11945966WA0150201523
B2034564757479N11945958WA0150101521
B2034574757488N11945949WA0150001520
B2034584757496N11945940WA0149801519
B2034594757504N11945930WA0149801519
B2035004757512N11945921WA0149701520
B2035014757519N11945912WA0149701520
B2035024757527N11945904WA0149601520
B2035034757535N11945896WA0149501519
B2035044757543N11945887WA0149401517
B2035054757552N11945877WA0149301514
B2035064757562N11945867WA0149101511
B2035074757571N11945856WA0149001510
B2035084757579N11945846WA0148901510
B2035094757588N11945837WA0148801510
B2035104757596N11945828WA0148701511
B2035114757604N11945819WA0148701513
B2035124757612N11945812WA0148801514
B2035134757620N11945804WA0148801516
B2035144757628N11945797WA0148901519
B2035154757635N11945791WA0149001522
B2035164757643N11945786WA0149201525
B2035174757650N11945784WA0149301528
B2035184757656N11945784WA0149501530
B2035194757661N11945786WA0149601531
B2035204757665N11945790WA0149801532
B2035214757668N11945794WA0149901533
B2035224757672N11945797WA0150101535
B2035234757677N11945799WA0150301537
B2035244757681N11945801WA0150501539
B2035254757683N11945804WA0150601541
B2035264757684N11945808WA0150801541
B2035274757683N11945810WA0150901542
B2035284757681N11945811WA0151001543
B2035294757678N11945808WA0151101545
B2035304757676N11945802WA0151301547
B2035314757675N11945793WA0151401547
B2035324757675N11945782WA0151501547
B2035334757677N11945771WA0151601548
B2035344757680N11945760WA0151701549
B2035354757684N11945750WA0151801550
B2035364757690N11945741WA0151901551
B2035374757696N11945733WA0152001552
B2035384757703N11945726WA0152101554
B2035394757710N11945721WA0152201557
B2035404757716N11945718WA0152401559
B2035414757722N11945718WA0152501561
B2035424757727N11945720WA0152701562
B2035434757731N11945724WA0152801563
B2035444757734N11945728WA0153001565
B2035454757735N11945733WA0153101567
B2035464757735N11945737WA0153301568
B2035474757734N11945739WA0153401571
B2035484757732N11945740WA0153601573
B2035494757729N11945738WA0153801574
B2035504757726N11945734WA0153901575
B2035514757724N11945726WA0154101576
B2035524757724N11945717WA0154201576
B2035534757725N11945707WA0154301576
B2035544757727N11945695WA0154401576
B2035554757731N11945684WA0154401575
B2035564757736N11945673WA0154501575
B2035574757741N11945663WA0154601576
B2035584757747N11945655WA0154701578
B2035594757754N11945648WA0154801580
B2036004757760N11945644WA0154901581
B2036014757767N11945640WA0155001583
B2036024757774N11945636WA0155101584
B2036034757781N11945632WA0155201585
B2036044757789N11945628WA0155401587
B2036054757796N11945625WA0155501589
B2036064757803N11945624WA0155601592
B2036074757810N11945625WA0155801594
B2036084757815N11945628WA0155901596
B2036094757818N11945633WA0156101597
B2036104757820N11945637WA0156201598
B2036114757820N11945641WA0156301599
B2036124757819N11945645WA0156501599
B2036134757818N11945647WA0156601600
B2036144757816N11945648WA0156701601
B2036154757813N11945647WA0156801603
B2036164757811N11945643WA0156901605
B2036174757809N11945636WA0157101606
B2036184757808N11945626WA0157201607
B2036194757809N11945616WA0157301608
B2036204757812N11945604WA0157401609
B2036214757815N11945593WA0157501610
B2036224757819N11945582WA0157701612
B2036234757825N11945572WA0157801614
B2036244757831N11945563WA0158001616
B2036254757837N11945557WA0158101618
B2036264757845N11945553WA0158201620
B2036274757852N11945551WA0158401621
B2036284757858N11945551WA0158601622
B2036294757864N11945554WA0158701621
B2036304757869N11945558WA0158801621
B2036314757872N11945563WA0158901622
B2036324757874N11945567WA0159001624
B2036334757875N11945572WA0159101625
B2036344757875N11945576WA0159201626
B2036354757875N11945579WA0159301626
B2036364757873N11945581WA0159401627
B2036374757871N11945582WA0159401626
B2036384757869N11945582WA0159501626
B2036394757866N11945581WA0159601627
B2036404757864N11945577WA0159701629
B2036414757862N11945570WA0159701629
B2036424757860N11945560WA0159701628
B2036434757860N11945549WA0159801628
B2036444757860N11945538WA0159801629
B2036454757861N11945527WA0159901632
B2036464757862N11945516WA0160001634
B2036474757863N11945505WA0160101635
B2036484757865N11945494WA0160201635
B2036494757867N11945482WA0160201634
B2036504757869N11945470WA0160301634
B2036514757871N11945458WA0160301636
B2036524757872N11945446WA0160401637
B2036534757874N11945434WA0160501638
B2036544757876N11945422WA0160601639
B2036554757878N11945411WA0160701640
B2036564757882N11945399WA0160701642
B2036574757886N11945388WA0160801643
B2036584757891N11945378WA0161001644
B2036594757897N11945368WA0161001645
B2037004757903N11945360WA0161101647
B2037014757909N11945354WA0161301648
B2037024757916N11945350WA0161401648
B2037034757923N11945349WA0161501648
B2037044757930N11945349WA0161501648
B2037054757936N11945349WA0161601648
B2037064757942N11945350WA0161701649
B2037074757947N11945353WA0161801649
B2037084757951N11945356WA0161801649
B2037094757955N11945361WA0161801649
B2037104757960N11945365WA0161901650
B2037114757964N11945370WA0161901651
B2037124757969N11945374WA0161901652
B2037134757974N11945377WA0162001653
B2037144757979N11945381WA0162101654
B2037154757984N11945385WA0162101654
B2037164757990N11945388WA0162201653
B2037174757997N11945392WA0162201653
B2037184758003N11945395WA0162201652
B2037194758010N11945398WA0162201652
B2037204758016N11945400WA0162201653
B2037214758022N11945402WA0162301653
B2037224758029N11945405WA0162301652
B2037234758036N11945408WA0162301651
B2037244758043N11945412WA0162301651
B2037254758050N11945415WA0162301652
B2037264758056N11945417WA0162301654
B2037274758062N11945419WA0162401655
B2037284758068N11945421WA0162401657
B2037294758075N11945423WA0162501658
B2037304758080N11945425WA0162601659
B2037314758086N11945429WA0162701659
B2037324758090N11945433WA0162701659
B2037334758093N11945437WA0162801660
B2037344758096N11945442WA0162801662
B2037354758098N11945446WA0162901663
B2037364758100N11945449WA0163001665
B2037374758101N11945451WA0163101667
B2037384758101N11945451WA0163201667
B2037394758099N11945450WA0163301666
B2037404758097N11945446WA0163301665
B2037414758095N11945441WA0163401665
B2037424758094N11945435WA0163401665
B2037434758092N11945429WA0163401666
B2037444758091N11945422WA0163501666
B2037454758089N11945414WA0163501666
B2037464758087N11945405WA0163501666
B2037474758085N11945396WA0163601666
B2037484758084N11945387WA0163601666
B2037494758082N11945376WA0163601665
B2037504758080N11945365WA0163501664
B2037514758078N11945354WA0163501664
B2037524758076N11945344WA0163501665
B2037534758074N11945335WA0163501666
B2037544758073N11945326WA0163601667
B2037554758071N11945317WA0163601667
B2037564758069N11945307WA0163601665
B2037574758066N11945297WA0163501663
B2037584758063N11945287WA0163401661
B2037594758060N11945276WA0163301660
B2038004758058N11945265WA0163301661
B2038014758058N11945254WA0163301664
B2038024758058N11945243WA0163301666
B2038034758058N11945232WA0163401668
B2038044758058N11945222WA0163501670
B2038054758057N11945212WA0163601671
B2038064758056N11945203WA0163601671
B2038074758054N11945196WA0163701672
B2038084758051N11945191WA0163801671
B2038094758047N11945187WA0163801671
B2038104758044N11945184WA0163801671
B2038114758040N11945182WA0163901673
B2038124758037N11945180WA0164001675
B2038134758034N11945178WA0164101678
B2038144758032N11945175WA0164301683
B2038154758031N11945169WA0164501687
B2038164758031N11945161WA0164701690
B2038174758032N11945150WA0164901690
B2038184758034N11945138WA0165001691
B2038194758039N11945127WA0165201692
B2038204758045N11945119WA0165301695
B2038214758052N11945113WA0165601698
B2038224758059N11945111WA0165701701
B2038234758065N11945113WA0166001704
B2038244758069N11945117WA0166201705
B2038254758071N11945123WA0166401705
B2038264758072N11945129WA0166501707
B2038274758070N11945133WA0166701709
B2038284758068N11945135WA0166801712
B2038294758065N11945134WA0167101715
B2038304758062N11945129WA0167201718
B2038314758061N11945123WA0167501720
B2038324758061N11945114WA0167701722
B2038334758063N11945104WA0167901723
B2038344758066N11945093WA0168101723
B2038354758071N11945082WA0168301723
B2038364758076N11945073WA0168401724
B2038374758083N11945065WA0168601728
B2038384758090N11945061WA0168801731
B2038394758096N11945059WA0169001734
B2038404758103N11945061WA0169201735
B2038414758108N11945065WA0169401736
B2038424758112N11945070WA0169501738
B2038434758114N11945076WA0169701739
B2038444758113N11945080WA0169801739
B2038454758110N11945082WA0169901740
B2038464758106N11945081WA0170001741
B2038474758103N11945078WA0170201743
B2038484758102N11945072WA0170301746
B2038494758101N11945064WA0170501748
B2038504758101N11945054WA0170701749
B2038514758101N11945043WA0170801749
B2038524758101N11945032WA0170901749
B2038534758101N11945020WA0171001749
B2038544758100N11945008WA0171101750
B2038554758100N11944996WA0171201752
B2038564758101N11944985WA0171301754
B2038574758101N11944975WA0171501756
B2038584758102N11944965WA0171701758
B2038594758102N11944954WA0171801758
B2039004758103N11944942WA0171901758
B2039014758104N11944928WA0172001757
B2039024758105N11944914WA0172001757
B2039034758105N11944900WA0172101760
B2039044758106N11944888WA0172201763
B2039054758105N11944876WA0172401766
B2039064758105N11944865WA0172501768
B2039074758105N11944853WA0172701769
B2039084758106N11944839WA0172801768
B2039094758107N11944825WA0172901767
B2039104758108N11944810WA0172901766
B2039114758111N11944795WA0172901766
B2039124758114N11944781WA0173001768
B2039134758119N11944769WA0173101770
B2039144758124N11944757WA0173201772
B2039154758127N11944746WA0173301774
B2039164758130N11944734WA0173401775
B2039174758132N11944721WA0173501775
B2039184758132N11944708WA0173601774
B2039194758134N11944694WA0173601773
B2039204758136N11944681WA0173601774
B2039214758140N11944669WA0173701774
B2039224758144N11944658WA0173701774
B2039234758150N11944647WA0173801773
B2039244758156N11944638WA0173801771
B2039254758163N11944628WA0173801770
B2039264758169N11944620WA0173801769
B2039274758175N11944611WA0173801769
B2039284758180N11944603WA0173801769
B2039294758185N11944595WA0173801769
B2039304758192N11944588WA0173801768
B2039314758199N11944583WA0173701766
B2039324758207N11944579WA0173701764
B2039334758216N11944577WA0173501762
B2039344758225N11944577WA0173401760
B2039354758234N11944579WA0173301759
B2039364758242N11944580WA0173201760
B2039374758250N11944581WA0173201761
B2039384758257N11944582WA0173101761
B2039394758265N11944583WA0173101761
B2039404758273N11944585WA0173101759
B2039414758280N11944588WA0173001757
B2039424758288N11944592WA0172901755
B2039434758296N11944596WA0172701752
B2039444758304N11944601WA0172601750
B2039454758312N11944605WA0172401749
B2039464758319N11944610WA0172301748
B2039474758327N11944614WA0172201746
B2039484758335N11944619WA0172001743
B2039494758343N11944624WA0171801741
B2039504758351N11944629WA0171701740
B2039514758359N11944634WA0171501739
B2039524758366N11944639WA0171401738
B2039534758374N11944643WA0171201737
B2039544758382N11944646WA0171101735
B2039554758391N11944649WA0170901733
B2039564758400N11944652WA0170801731
B2039574758409N11944655WA0170601729
B2039584758418N11944657WA0170501727
B2039594758428N11944660WA0170201725
B2040004758437N11944662WA0170101724
B2040014758446N11944664WA0169901723
B2040024758455N11944666WA0169801722
B2040034758464N11944667WA0169601721
B2040044758473N11944669WA0169501719
B2040054758482N11944671WA0169301716
B2040064758492N11944673WA0169201713
B2040074758502N11944675WA0168901710
B2040084758513N11944677WA0168801708
B2040094758523N11944680WA0168501705
B2040104758533N11944683WA0168401703
B2040114758541N11944687WA0168201703
B2040124758549N11944691WA0168101704
B2040134758558N11944693WA0167901703
B2040144758566N11944695WA0167801701
B2040154758576N11944697WA0167601698
B2040164758585N11944699WA0167501697
B2040174758594N11944701WA0167301695
B2040184758602N11944704WA0167201694
B2040194758611N11944707WA0167001692
B2040204758620N11944710WA0166901690
B2040214758629N11944713WA0166601687
B2040224758639N11944715WA0166501685
B2040234758648N11944718WA0166201683
B2040244758658N11944720WA0166101681
B2040254758668N11944722WA0165901680
B2040264758677N11944724WA0165801680
B2040274758686N11944726WA0165601679
B2040284758696N11944727WA0165501678
B2040294758705N11944728WA0165401675
B2040304758714N11944730WA0165201672
B2040314758724N11944731WA0164901668
B2040324758734N11944732WA0164701665
B2040334758744N11944732WA0164501662
B2040344758754N11944732WA0164301661
B2040354758763N11944732WA0164101661
B2040364758772N11944733WA0164001660
B2040374758780N11944733WA0163801660
B2040384758789N11944734WA0163601659
B2040394758798N11944734WA0163501659
B2040404758806N11944735WA0163501658
B2040414758815N11944735WA0163301657
B2040424758824N11944736WA0163201655
B2040434758833N11944737WA0163001653
B2040444758842N11944738WA0162901652
B2040454758851N11944739WA0162801650
B2040464758861N11944740WA0162701647
B2040474758871N11944742WA0162401644
B2040484758881N11944745WA0162301641
B2040494758891N11944747WA0162001638
B2040504758901N11944749WA0161801636
B2040514758911N11944752WA0161601634
B2040524758921N11944754WA0161401632
B2040534758931N11944755WA0161201631
B2040544758940N11944757WA0161101629
B2040554758950N11944759WA0160901628
B2040564758960N11944761WA0160701625
B2040574758970N11944763WA0160501623
B2040584758980N11944765WA0160301620
B2040594758990N11944767WA0160101617
B2041004759000N11944769WA0159901615
B2041014759010N11944771WA0159601612
B2041024759020N11944774WA0159501610
B2041034759029N11944777WA0159201608
B2041044759039N11944781WA0159101606
B2041054759048N11944784WA0158801604
B2041064759057N11944787WA0158701602
B2041074759066N11944791WA0158401600
B2041084759076N11944794WA0158301597
B2041094759085N11944798WA0158001593
B2041104759095N11944802WA0157801589
B2041114759105N11944806WA0157401586
B2041124759115N11944811WA0157201583
B2041134759124N11944815WA0156901580
B2041144759134N11944818WA0156701577
B2041154759143N11944822WA0156401575
B2041164759153N11944825WA0156101571
B2041174759163N11944829WA0155801567
B2041184759173N11944832WA0155501563
B2041194759183N11944836WA0155101558
B2041204759194N11944840WA0154901555
B2041214759203N11944844WA0154501552
B2041224759213N11944848WA0154201550
B2041234759222N11944852WA0153901548
B2041244759231N11944855WA0153701546
B2041254759241N11944857WA0153301544
B2041264759250N11944859WA0153101541
B2041274759260N11944861WA0152801539
B2041284759271N11944862WA0152601536
B2041294759281N11944863WA0152301534
B2041304759292N11944864WA0152101532
B2041314759303N11944864WA0151801529
B2041324759313N11944863WA0151601527
B2041334759324N11944861WA0151301525
B2041344759334N11944859WA0151201523
B2041354759345N11944858WA0150901521
B2041364759355N11944856WA0150701519
B2041374759365N11944854WA0150401517
B2041384759376N11944853WA0150301514
B2041394759387N11944852WA0150001512
B2041404759397N11944851WA0149801510
B2041414759408N11944851WA0149501507
B2041424759419N11944852WA0149301505
B2041434759429N11944853WA0149101503
B2041444759439N11944854WA0148901502
B2041454759449N11944854WA0148701500
B2041464759459N11944854WA0148501499
B2041474759469N11944855WA0148301497
B2041484759479N11944855WA0148201495
B2041494759489N11944855WA0147901492
B2041504759499N11944855WA0147701489
B2041514759510N11944856WA0147401487
B2041524759520N11944856WA0147301484
B2041534759531N11944857WA0147001483
B2041544759540N11944858WA0146901482
B2041554759550N11944859WA0146701482
B2041564759560N11944861WA0146601480
B2041574759570N11944863WA0146401479
B2041584759580N11944864WA0146201477
B2041594759591N11944865WA0146001476
B2042004759602N11944865WA0145901476
B2042014759611N11944864WA0145801476
B2042024759620N11944864WA0145701477
B2042034759629N11944863WA0145601476
B2042044759637N11944864WA0145601474
B2042054759647N11944865WA0145401471
B2042064759657N11944866WA0145201467
B2042074759667N11944866WA0145001463
B2042084759678N11944867WA0144801460
B2042094759688N11944866WA0144601458
B2042104759699N11944865WA0144401456
B2042114759709N11944863WA0144201454
B2042124759719N11944859WA0144001452
B2042134759729N11944855WA0143801449
B2042144759740N11944849WA0143601445
B2042154759751N11944843WA0143201441
B2042164759762N11944836WA0143001436
B2042174759773N11944829WA0142601432
B2042184759785N11944822WA0142301428
B2042194759796N11944814WA0142001425
B2042204759807N11944806WA0141701423
B2042214759818N11944798WA0141401422
B2042224759828N11944791WA0141201420
B2042234759838N11944783WA0140901418
B2042244759849N11944776WA0140701415
B2042254759859N11944768WA0140401412
B2042264759870N11944760WA0140201408
B2042274759881N11944752WA0139801404
B2042284759892N11944744WA0139601400
B2042294759904N11944736WA0139201397
B2042304759915N11944728WA0139001394
B2042314759926N11944721WA0138601392
B2042324759937N11944714WA0138401390
B2042334759948N11944706WA0138101389
B2042344759958N11944699WA0137901387
B2042354759968N11944691WA0137601385
B2042364759978N11944683WA0137501383
B2042374759988N11944675WA0137201381
B2042384759998N11944667WA0137001378
B2042394800007N11944657WA0136701375
B2042404800016N11944647WA0136501371
B2042414800026N11944637WA0136201369
B2042424800034N11944626WA0136001368
B2042434800041N11944615WA0135801370
B2042444800046N11944605WA0135801372
B2042454800051N11944595WA0135701374
B2042464800055N11944586WA0135701375
B2042474800059N11944575WA0135701375
B2042484800064N11944565WA0135701373
B2042494800069N11944553WA0135601371
B2042504800074N11944542WA0135501370
B2042514800080N11944531WA0135401369
B2042524800086N11944520WA0135401369
B2042534800091N11944510WA0135301369
B2042544800097N11944500WA0135301368
B2042554800102N11944489WA0135201368
B2042564800107N11944479WA0135201367
B2042574800114N11944468WA0135101365
B2042584800120N11944459WA0135001364
B2042594800127N11944449WA0135001365
B2043004800133N11944441WA0135001367
B2043014800140N11944434WA0135001368
B2043024800147N11944427WA0135001368
B2043034800155N11944421WA0135001368
B2043044800163N11944415WA0135001368
B2043054800172N11944409WA0134901369
B2043064800180N11944403WA0135001372
B2043074800188N11944398WA0135101375
B2043084800195N11944395WA0135201378
B2043094800202N11944393WA0135401381
B2043104800207N11944394WA0135501383
B2043114800211N11944397WA0135701385
B2043124800213N11944401WA0135801386
B2043134800212N11944405WA0136001386
B2043144800209N11944408WA0136001386
B2043154800205N11944407WA0136101387
B2043164800202N11944401WA0136201388
B2043174800200N11944391WA0136301388
B2043184800201N11944378WA0136301389
B2043194800203N11944365WA0136401391
B2043204800205N11944353WA0136601394
B2043214800208N11944342WA0136801397
B2043224800211N11944331WA0136901400
B2043234800214N11944320WA0137101403
B2043244800218N11944310WA0137301405
B2043254800224N11944300WA0137501408
B2043264800230N11944292WA0137701411
B2043274800237N11944287WA0138001413
B2043284800244N11944285WA0138101415
B2043294800250N11944285WA0138401417
B2043304800255N11944288WA0138501418
B2043314800256N11944291WA0138801420
B2043324800255N11944293WA0138901420
B2043334800253N11944293WA0139101421
B2043344800250N11944291WA0139201423
B2043354800248N11944285WA0139501426
B2043364800246N11944277WA0139601427
B2043374800245N11944268WA0139801429
B2043384800246N11944258WA0140001432
B2043394800247N11944247WA0140201435
B2043404800250N11944236WA0140401437
B2043414800254N11944225WA0140601438
B2043424800260N11944215WA0140701440
B2043434800266N11944208WA0141001443
B2043444800273N11944203WA0141101446
B2043454800280N11944200WA0141401448
B2043464800286N11944200WA0141501449
B2043474800292N11944203WA0141701450
B2043484800296N11944208WA0141901452
B2043494800298N11944212WA0142101454
B2043504800298N11944215WA0142201457
B2043514800296N11944217WA0142501459
B2043524800294N11944217WA0142701462
B2043534800291N11944215WA0142901464
B2043544800288N11944210WA0143101467
B2043554800286N11944203WA0143301470
B2043564800286N11944193WA0143501472
B2043574800287N11944182WA0143801474
B2043584800289N11944170WA0144001476
B2043594800293N11944158WA0144201478
B2044004800300N11944148WA0144401481
B2044014800307N11944142WA0144601483
B2044024800316N11944138WA0144801485
B2044034800324N11944136WA0145001487
B2044044800331N11944137WA0145201490
B2044054800336N11944140WA0145501494
B2044064800339N11944143WA0145701497
B2044074800339N11944147WA0146001498
B2044084800339N11944151WA0146201499
B2044094800338N11944155WA0146401500
B2044104800336N11944156WA0146601503
B2044114800334N11944156WA0146901506
B2044124800332N11944154WA0147101509
B2044134800330N11944150WA0147301511
B2044144800327N11944145WA0147501513
B2044154800325N11944137WA0147801515
B2044164800325N11944127WA0148001517
B2044174800326N11944117WA0148201518
B2044184800329N11944107WA0148401519
B2044194800333N11944096WA0148601519
B2044204800338N11944085WA0148701519
B2044214800344N11944075WA0148901521
B2044224800351N11944067WA0149001523
B2044234800359N11944059WA0149201525
B2044244800366N11944053WA0149301528
B2044254800374N11944048WA0149601531
B2044264800382N11944045WA0149701533
B2044274800390N11944042WA0149901534
B2044284800398N11944042WA0150101537
B2044294800405N11944043WA0150301540
B2044304800410N11944046WA0150501543
B2044314800413N11944050WA0150801545
B2044324800415N11944055WA0150901547
B2044334800415N11944060WA0151201549
B2044344800414N11944063WA0151301552
B2044354800411N11944062WA0151601554
B2044364800409N11944058WA0151801556
B2044374800406N11944052WA0152101558
B2044384800404N11944044WA0152201559
B2044394800403N11944034WA0152401562
B2044404800404N11944022WA0152601564
B2044414800406N11944010WA0152801566
B2044424800409N11943998WA0153001570
B2044434800415N11943988WA0153301573
B2044444800422N11943980WA0153501576
B2044454800430N11943975WA0153801578
B2044464800439N11943972WA0153901579
B2044474800447N11943971WA0154201581
B2044484800455N11943973WA0154401583
B2044494800460N11943977WA0154601586
B2044504800464N11943982WA0154801588
B2044514800466N11943987WA0155101590
B2044524800466N11943992WA0155301593
B2044534800464N11943994WA0155501595
B2044544800462N11943995WA0155701598
B2044554800460N11943993WA0156001600
B2044564800458N11943989WA0156201602
B2044574800455N11943983WA0156401604
B2044584800453N11943975WA0156601606
B2044594800453N11943966WA0156901608
B2045004800453N11943955WA0157001610
B2045014800454N11943944WA0157201611
B2045024800457N11943932WA0157401613
B2045034800461N11943921WA0157601614
B2045044800468N11943911WA0157801615
B2045054800476N11943903WA0158001616
B2045064800485N11943898WA0158101617
B2045074800493N11943895WA0158301620
B2045084800501N11943895WA0158501623
B2045094800509N11943896WA0158701625
B2045104800516N11943899WA0158901628
B2045114800522N11943903WA0159101630
B2045124800528N11943907WA0159301632
B2045134800531N11943912WA0159501635
B2045144800533N11943916WA0159701637
B2045154800533N11943920WA0160001639
B2045164800531N11943922WA0160101640
B2045174800529N11943923WA0160301641
B2045184800526N11943923WA0160501644
B2045194800524N11943922WA0160701646
B2045204800521N11943920WA0160901649
B2045214800519N11943916WA0161201652
B2045224800518N11943910WA0161301654
B2045234800517N11943901WA0161601656
B2045244800517N11943892WA0161701657
B2045254800518N11943881WA0162001658
B2045264800521N11943870WA0162101660
B2045274800527N11943860WA0162301662
B2045284800534N11943851WA0162401663
B2045294800543N11943847WA0162701665
B2045304800551N11943845WA0162801667
B2045314800559N11943847WA0163001669
B2045324800565N11943850WA0163201671
B2045334800570N11943855WA0163401673
B2045344800573N11943860WA0163501676
B2045354800574N11943865WA0163801678
B2045364800573N11943867WA0163901681
B2045374800571N11943867WA0164201683
B2045384800569N11943865WA0164301684
B2045394800567N11943859WA0164601686
B2045404800566N11943851WA0164701687
B2045414800566N11943841WA0164901688
B2045424800567N11943831WA0165101690
B2045434800570N11943819WA0165301691
B2045444800574N11943809WA0165401693
B2045454800580N11943799WA0165601695
B2045464800587N11943791WA0165701696
B2045474800595N11943785WA0165901698
B2045484800603N11943781WA0166101700
B2045494800611N11943779WA0166301702
B2045504800619N11943779WA0166401703
B2045514800626N11943781WA0166601705
B2045524800633N11943785WA0166701705
B2045534800638N11943790WA0166901706
B2045544800640N11943795WA0167001706
B2045554800641N11943800WA0167101706
B2045564800640N11943803WA0167201707
B2045574800638N11943804WA0167301708
B2045584800635N11943803WA0167401709
B2045594800633N11943800WA0167501710
B2046004800630N11943796WA0167601713
B2046014800628N11943790WA0167801715
B2046024800627N11943782WA0167901716
B2046034800626N11943772WA0168001716
B2046044800626N11943761WA0168101717
B2046054800626N11943750WA0168201718
B2046064800627N11943738WA0168301719
B2046074800629N11943727WA0168401722
B2046084800631N11943716WA0168501723
B2046094800634N11943705WA0168701725
B2046104800637N11943693WA0168801725
B2046114800642N11943681WA0168901726
B2046124800645N11943669WA0169001726
B2046134800649N11943657WA0169101727
B2046144800652N11943645WA0169201728
B2046154800655N11943633WA0169301729
B2046164800659N11943622WA0169401730
B2046174800663N11943610WA0169501731
B2046184800668N11943599WA0169601731
B2046194800675N11943590WA0169701732
B2046204800684N11943584WA0169801732
B2046214800693N11943581WA0169801732
B2046224800701N11943580WA0169901733
B2046234800709N11943582WA0170001734
B2046244800715N11943586WA0170101735
B2046254800720N11943591WA0170201735
B2046264800724N11943597WA0170201735
B2046274800727N11943603WA0170301736
B2046284800731N11943609WA0170301738
B2046294800734N11943615WA0170401740
B2046304800737N11943620WA0170501742
B2046314800739N11943624WA0170701744
B2046324800740N11943628WA0170801746
B2046334800739N11943631WA0170901747
B2046344800737N11943632WA0171001748
B2046354800735N11943631WA0171201750
B2046364800733N11943628WA0171301751
B2046374800732N11943622WA0171401752
B2046384800731N11943614WA0171501752
B2046394800730N11943605WA0171601752
B2046404800731N11943594WA0171701753
B2046414800733N11943583WA0171801753
B2046424800736N11943572WA0171901754
B2046434800742N11943562WA0172001754
B2046444800749N11943552WA0172101754
B2046454800757N11943544WA0172101754
B2046464800766N11943536WA0172101754
B2046474800775N11943531WA0172201755
B2046484800784N11943527WA0172201756
B2046494800793N11943526WA0172301756
B2046504800802N11943527WA0172401756
B2046514800810N11943530WA0172401756
B2046524800817N11943534WA0172401755
B2046534800823N11943540WA0172401755
B2046544800827N11943546WA0172401756
B2046554800831N11943552WA0172501758
B2046564800833N11943556WA0172601760
B2046574800833N11943560WA0172701760
B2046584800833N11943564WA0172701760
B2046594800832N11943568WA0172801760
B2047004800830N11943570WA0172801760
B2047014800827N11943571WA0172801760
B2047024800825N11943571WA0172901761
B2047034800823N11943569WA0172901762
B2047044800821N11943566WA0173001763
B2047054800819N11943561WA0173101763
B2047064800817N11943555WA0173101763
B2047074800814N11943548WA0173101763
B2047084800812N11943541WA0173201762
B2047094800810N11943534WA0173201762
B2047104800808N11943527WA0173201763
B2047114800806N11943521WA0173301765
B2047124800805N11943514WA0173301766
B2047134800804N11943508WA0173401766
B2047144800802N11943501WA0173401766
B2047154800800N11943494WA0173501766
B2047164800799N11943486WA0173501766
B2047174800800N11943476WA0173501766
B2047184800802N11943465WA0173501765
B2047194800805N11943454WA0173501763
B2047204800809N11943443WA0173401763
B2047214800812N11943433WA0173401762
B2047224800817N11943423WA0173401762
B2047234800822N11943413WA0173401763
B2047244800828N11943404WA0173401762
B2047254800836N11943397WA0173401761
B2047264800845N11943391WA0173301761
B2047274800854N11943386WA0173301761
B2047284800864N11943384WA0173201762
B2047294800873N11943383WA0173201763
B2047304800882N11943383WA0173301764
B2047314800890N11943384WA0173301765
B2047324800897N11943385WA0173401766
B2047334800905N11943387WA0173401766
B2047344800912N11943390WA0173401765
B2047354800919N11943394WA0173401764
B2047364800926N11943398WA0173401763
B2047374800934N11943402WA0173301762
B2047384800941N11943406WA0173301762
B2047394800948N11943409WA0173301763
B2047404800955N11943411WA0173301764
B2047414800961N11943414WA0173301765
B2047424800967N11943417WA0173401765
B2047434800973N11943420WA0173401764
B2047444800980N11943425WA0173301762
B2047454800987N11943430WA0173201759
B2047464800995N11943435WA0173101757
B2047474801004N11943441WA0173001754
B2047484801013N11943446WA0172901752
B2047494801022N11943450WA0172701751
B2047504801031N11943454WA0172601750
B2047514801040N11943458WA0172501750
B2047524801049N11943463WA0172401749
B2047534801058N11943468WA0172301748
B2047544801067N11943472WA0172201747
B2047554801076N11943477WA0172101746
B2047564801085N11943480WA0172001745
B2047574801094N11943484WA0171901743
B2047584801104N11943487WA0171801741
B2047594801113N11943491WA0171601738
B2048004801123N11943496WA0171401735
B2048014801133N11943500WA0171201732
B2048024801144N11943505WA0171001729
B2048034801154N11943509WA0170801726
B2048044801163N11943514WA0170601725
B2048054801172N11943519WA0170401724
B2048064801181N11943524WA0170301722
B2048074801190N11943529WA0170101719
B2048084801200N11943533WA0169901714
B2048094801211N11943536WA0169601710
B2048104801222N11943539WA0169301706
B2048114801233N11943542WA0169001703
B2048124801243N11943545WA0168801699
B2048134801253N11943548WA0168401696
B2048144801264N11943551WA0168201692
B2048154801275N11943553WA0167801689
B2048164801285N11943556WA0167601686
B2048174801296N11943559WA0167201683
B2048184801307N11943562WA0167001680
B2048194801318N11943564WA0166601677
B2048204801329N11943567WA0166401675
B2048214801340N11943569WA0166001673
B2048224801351N11943570WA0165801671
B2048234801362N11943571WA0165501669
B2048244801374N11943572WA0165301667
B2048254801385N11943573WA0165101665
B2048264801396N11943576WA0164901663
B2048274801406N11943578WA0164601662
B2048284801417N11943580WA0164401660
B2048294801428N11943582WA0164201659
B2048304801439N11943584WA0164101658
B2048314801450N11943586WA0163901657
B2048324801461N11943588WA0163701655
B2048334801472N11943589WA0163501653
B2048344801483N11943591WA0163401653
B2048354801494N11943593WA0163201652
B2048364801505N11943594WA0163101653
B2048374801515N11943594WA0162901654
B2048384801525N11943594WA0162901655
B2048394801533N11943594WA0162901657
B2048404801541N11943595WA0162901657
B2048414801549N11943596WA0162901656
B2048424801558N11943595WA0162901655
B2048434801566N11943594WA0162801654
B2048444801575N11943591WA0162801652
B2048454801583N11943587WA0162701651
B2048464801592N11943583WA0162601650
B2048474801600N11943580WA0162501649
B2048484801608N11943578WA0162501648
B2048494801617N11943577WA0162301645
B2048504801626N11943577WA0162201643
B2048514801635N11943577WA0162001641
B2048524801643N11943578WA0162001642
B2048534801650N11943579WA0161901643
B2048544801657N11943579WA0161901643
B2048554801664N11943581WA0161801643
B2048564801671N11943584WA0161701641
B2048574801679N11943587WA0161601638
B2048584801688N11943590WA0161501635
B2048594801697N11943593WA0161301633
B2049004801706N11943594WA0161201632
B2049014801715N11943596WA0161101632
B2049024801724N11943598WA0161001632
B2049034801733N11943601WA0160901631
B2049044801742N11943604WA0160801630
B2049054801752N11943607WA0160701628
B2049064801762N11943610WA0160601627
B2049074801771N11943612WA0160401627
B2049084801780N11943613WA0160401629
B2049094801787N11943614WA0160401630
B2049104801795N11943615WA0160401631
B2049114801802N11943617WA0160401629
B2049124801810N11943619WA0160301626
B2049134801818N11943623WA0160101621
B2049144801827N11943628WA0160001617
B2049154801836N11943634WA0159701613
B2049164801845N11943639WA0159601611
B2049174801854N11943644WA0159301608
B2049184801863N11943648WA0159201606
B2049194801873N11943652WA0158901604
B2049204801881N11943658WA0158801601
B2049214801890N11943664WA0158501598
B2049224801898N11943671WA0158301595
B2049234801906N11943678WA0158001592
B2049244801913N11943684WA0157801590
B2049254801921N11943690WA0157501587
B2049264801929N11943696WA0157301584
B2049274801938N11943702WA0157101582
B2049284801946N11943708WA0156901580
B2049294801954N11943714WA0156601577
B2049304801963N11943721WA0156401573
B2049314801972N11943728WA0156001570
B2049324801981N11943734WA0155801567
B2049334801990N11943740WA0155501566
B2049344801999N11943745WA0155301564
B2049354802008N11943751WA0155001562
B2049364802017N11943756WA0154901560
B2049374802026N11943762WA0154601557
B2049384802035N11943768WA0154401554
B2049394802044N11943773WA0154101551
B2049404802054N11943779WA0153901548
B2049414802064N11943783WA0153601545
B2049424802075N11943788WA0153401543
B2049434802085N11943792WA0153101541
B2049444802095N11943796WA0152901539
B2049454802106N11943800WA0152601537
B2049464802116N11943803WA0152401536
B2049474802127N11943806WA0152201535
B2049484802137N11943810WA0152001534
B2049494802148N11943814WA0151801532
B2049504802158N11943818WA0151701530
B2049514802169N11943822WA0151501528
B2049524802179N11943825WA0151301527
B2049534802190N11943829WA0151101525
B2049544802200N11943832WA0151001523
B2049554802211N11943836WA0150801521
B2049564802222N11943840WA0150601518
B2049574802233N11943844WA0150401516
B2049584802244N11943848WA0150201513
B2049594802255N11943851WA0150001511
B2050004802266N11943855WA0149801508
B2050014802277N11943859WA0149601507
B2050024802288N11943863WA0149401505
B2050034802299N11943867WA0149201503
B2050044802310N11943871WA0149001501
B2050054802321N11943874WA0148801499
B2050064802332N11943877WA0148601497
B2050074802344N11943881WA0148401495
B2050084802355N11943884WA0148201493
B2050094802366N11943888WA0148001491
B2050104802378N11943891WA0147801490
B2050114802388N11943891WA0147701490
B2050124802399N11943888WA0147601490
B2050134802408N11943882WA0147501490
B2050144802416N11943874WA0147401489
B2050154802424N11943864WA0147301488
B2050164802431N11943854WA0147201487
B2050174802437N11943845WA0147101488
B2050184802443N11943835WA0147101489
B2050194802448N11943826WA0147101489
B2050204802453N11943816WA0147101489
B2050214802458N11943805WA0147001489
B2050224802462N11943795WA0147001489
B2050234802464N11943784WA0147001490
B2050244802466N11943774WA0147001491
B2050254802466N11943765WA0147101493
B2050264802467N11943757WA0147101495
B2050274802468N11943748WA0147201496
B2050284802470N11943739WA0147201496
B2050294802471N11943729WA0147301496
B2050304802472N11943719WA0147301496
B2050314802474N11943708WA0147301496
B2050324802477N11943698WA0147401497
B2050334802482N11943688WA0147401497
B2050344802487N11943680WA0147501497
B2050354802495N11943672WA0147501497
B2050364802503N11943665WA0147501496
B2050374802512N11943660WA0147501496
B2050384802521N11943657WA0147501496
B2050394802529N11943655WA0147501497
B2050404802537N11943655WA0147501498
B2050414802544N11943656WA0147601498
B2050424802551N11943658WA0147601499
B2050434802556N11943661WA0147601499
B2050444802561N11943665WA0147701498
B2050454802566N11943671WA0147701498
B2050464802569N11943677WA0147701497
B2050474802572N11943683WA0147701498
B2050484802575N11943688WA0147701499
B2050494802579N11943694WA0147801501
B2050504802584N11943699WA0147801502
B2050514802590N11943703WA0147801502
B2050524802597N11943707WA0147901502
B2050534802604N11943710WA0147901501
B2050544802611N11943714WA0147901500
B2050554802618N11943717WA0147901499
B2050564802625N11943720WA0147901499
B2050574802631N11943723WA0147901499
B2050584802638N11943727WA0147801498
B2050594802645N11943731WA0147801496
B2051004802653N11943736WA0147701494
B2051014802660N11943741WA0147601493
B2051024802667N11943746WA0147601492
B2051034802674N11943750WA0147501492
B2051044802682N11943754WA0147501492
B2051054802689N11943759WA0147401491
B2051064802697N11943763WA0147401491
B2051074802704N11943768WA0147301490
B2051084802712N11943772WA0147201489
B2051094802720N11943775WA0147201489
B2051104802727N11943779WA0147101488
B2051114802735N11943783WA0147001487
B2051124802743N11943789WA0146901485
B2051134802751N11943795WA0146801483
B2051144802758N11943803WA0146701482
B2051154802766N11943810WA0146601481
B2051164802773N11943816WA0146501482
B2051174802780N11943822WA0146401483
B2051184802787N11943828WA0146401483
B2051194802794N11943834WA0146401483
B2051204802801N11943841WA0146301481
B2051214802808N11943849WA0146201479
B2051224802815N11943856WA0146101476
B2051234802822N11943863WA0146001475
B2051244802830N11943870WA0145901473
B2051254802837N11943876WA0145701472
B2051264802844N11943883WA0145701471
B2051274802851N11943890WA0145501469
B2051284802859N11943897WA0145401468
B2051294802866N11943904WA0145301466
B2051304802874N11943911WA0145201465
B2051314802881N11943918WA0145001464
B2051324802889N11943925WA0144901462
B2051334802897N11943932WA0144801462
B2051344802904N11943938WA0144701461
B2051354802912N11943945WA0144601461
B2051364802920N11943951WA0144501460
B2051374802928N11943957WA0144401459
B2051384802935N11943963WA0144301459
B2051394802943N11943968WA0144201458
B2051404802951N11943973WA0144101456
B2051414802958N11943978WA0144001454
B2051424802967N11943983WA0143901452
B2051434802975N11943988WA0143701448
B2051444802984N11943993WA0143601446
B2051454802993N11943998WA0143401443
B2051464803002N11944003WA0143201441
B2051474803010N11944008WA0143001440
B2051484803019N11944012WA0142901438
B2051494803027N11944017WA0142701436
B2051504803035N11944022WA0142501433
B2051514803044N11944028WA0142301430
B2051524803052N11944033WA0142101428
B2051534803060N11944039WA0141901425
B2051544803069N11944044WA0141701423
B2051554803078N11944049WA0141401420
B2051564803086N11944055WA0141301418
B2051574803095N11944060WA0141001415
B2051584803105N11944066WA0140801411
B2051594803115N11944073WA0140401407
B2052004803125N11944080WA0140201403
B2052014803136N11944087WA0139801401
B2052024803146N11944094WA0139601399
B2052034803156N11944100WA0139301397
B2052044803166N11944107WA0139101397
B2052054803176N11944113WA0138901396
B2052064803185N11944120WA0138801395
B2052074803194N11944127WA0138501393
B2052084803202N11944134WA0138401391
B2052094803211N11944142WA0138201389
B2052104803220N11944150WA0138001386
B2052114803229N11944158WA0137701383
B2052124803238N11944166WA0137501380
B2052134803247N11944175WA0137201378
B2052144803256N11944184WA0137001376
B2052154803264N11944193WA0136801374
B2052164803272N11944203WA0136601372
B2052174803280N11944212WA0136301371
B2052184803287N11944221WA0136201370
B2052194803294N11944230WA0136001368
B2052204803301N11944239WA0135801367
B2052214803308N11944248WA0135601365
B2052224803315N11944256WA0135501364
B2052234803321N11944265WA0135301361
B2052244803328N11944275WA0135101359
B2052254803334N11944284WA0134901356
B2052264803341N11944293WA0134701354
B2052274803348N11944302WA0134401352
B2052284803355N11944310WA0134301350
B2052294803363N11944319WA0134001348
B2052304803369N11944328WA0133901346
B2052314803376N11944337WA0133601344
B2052324803383N11944346WA0133501342
B2052334803390N11944356WA0133201340
B2052344803397N11944365WA0133101339
B2052354803404N11944373WA0132901338
B2052364803411N11944382WA0132801336
B2052374803418N11944390WA0132601335
B2052384803425N11944399WA0132401334
B2052394803432N11944408WA0132201331
B2052404803439N11944417WA0132101329
B2052414803445N11944426WA0131801327
B2052424803452N11944436WA0131701324
B2052434803459N11944445WA0131401322
B2052444803467N11944454WA0131301321
B2052454803474N11944462WA0131101320
B2052464803481N11944470WA0130901320
B2052474803487N11944478WA0130801320
B2052484803494N11944486WA0130701320
B2052494803500N11944493WA0130701323
B2052504803507N11944498WA0130701327
B2052514803513N11944503WA0130801329
B2052524803520N11944509WA0130801329
B2052534803526N11944516WA0130801330
B2052544803532N11944523WA0130901331
B2052554803538N11944531WA0130901332
B2052564803545N11944539WA0131001333
B2052574803552N11944546WA0131001334
B2052584803560N11944553WA0131101336
B2052594803567N11944559WA0131201339
B2053004803574N11944565WA0131401343
B2053014803582N11944570WA0131601346
B2053024803589N11944576WA0131701347
B2053034803596N11944583WA0131901348
B2053044803604N11944589WA0132001348
B2053054803611N11944596WA0132101348
B2053064803619N11944603WA0132201348
B2053074803626N11944610WA0132301347
B2053084803632N11944617WA0132301347
B2053094803639N11944625WA0132401346
B2053104803645N11944632WA0132401345
B2053114803650N11944638WA0132401344
B2053124803654N11944645WA0132401343
B2053134803657N11944651WA0132401342
B2053144803660N11944658WA0132401339
B2053154803662N11944665WA0132301337
B2053164803664N11944671WA0132201336
B2053174803667N11944676WA0132201336
B2053184803670N11944680WA0132201336
B2053194803673N11944685WA0132201335
B2053204803676N11944690WA0132101333
B2053214803681N11944696WA0132001330
B2053224803687N11944702WA0131901328
B2053234803696N11944707WA0131701325
B2053244803705N11944711WA0131501323
B2053254803713N11944715WA0131401322
B2053264803721N11944717WA0131301322
B2053274803729N11944719WA0131201322
B2053284803738N11944721WA0131101321
B2053294803748N11944723WA0131001318
B2053304803757N11944724WA0130801316
B2053314803768N11944725WA0130601313
B2053324803778N11944726WA0130501311
B2053334803789N11944727WA0130301309
B2053344803798N11944728WA0130101307
B2053354803807N11944729WA0129901307
B2053364803815N11944730WA0129801305
B2053374803824N11944732WA0129701303
B2053384803833N11944734WA0129501300
B2053394803842N11944735WA0129301297
B2053404803852N11944737WA0129101293
B2053414803862N11944738WA0128801291
B2053424803872N11944739WA0128701289
B2053434803881N11944740WA0128401287
B2053444803891N11944741WA0128301286
B2053454803900N11944742WA0128001283
B2053464803909N11944744WA0127901280
B2053474803919N11944747WA0127601277
B2053484803929N11944749WA0127401274
B2053494803938N11944752WA0127101273
B2053504803947N11944754WA0126901271
B2053514803957N11944756WA0126701270
B2053524803966N11944758WA0126601268
B2053534803975N11944760WA0126301265
B2053544803985N11944761WA0126101263
B2053554803995N11944762WA0125901260
B2053564804005N11944763WA0125701257
B2053574804016N11944763WA0125401255
B2053584804026N11944763WA0125301254
B2053594804035N11944763WA0125001252
B2054004804045N11944762WA0124901251
B2054014804055N11944761WA0124701249
B2054024804066N11944761WA0124501247
B2054034804076N11944760WA0124201245
B2054044804086N11944759WA0124101243
B2054054804096N11944758WA0123901242
B2054064804106N11944757WA0123701240
B2054074804117N11944756WA0123501238
B2054084804127N11944754WA0123401237
B2054094804138N11944751WA0123101235
B2054104804149N11944748WA0123001233
B2054114804159N11944745WA0122801232
B2054124804169N11944742WA0122701231
B2054134804179N11944738WA0122501230
B2054144804189N11944735WA0122401229
B2054154804199N11944732WA0122201227
B2054164804210N11944729WA0122101225
B2054174804220N11944726WA0121901223
B2054184804231N11944724WA0121701221
B2054194804241N11944722WA0121601221
B2054204804251N11944719WA0121501220
B2054214804261N11944717WA0121401220
B2054224804271N11944714WA0121301219
B2054234804281N11944711WA0121101218
B2054244804291N11944707WA0121001217
B2054254804301N11944703WA0120901216
B2054264804312N11944700WA0120801214
B2054274804323N11944697WA0120601212
B2054284804334N11944693WA0120501210
B2054294804345N11944690WA0120301208
B2054304804357N11944686WA0120201206
B2054314804368N11944682WA0120001206
B2054324804378N11944677WA0119901207
B2054334804388N11944672WA0119801207
B2054344804398N11944667WA0119701207
B2054354804408N11944662WA0119601205
B2054364804419N11944658WA0119501202
B2054374804430N11944653WA0119301200
B2054384804442N11944648WA0119201198
B2054394804453N11944643WA0119001197
B2054404804465N11944638WA0118901196
B2054414804476N11944633WA0118801196
B2054424804487N11944628WA0118701195
B2054434804497N11944622WA0118601195
B2054444804507N11944617WA0118501196
B2054454804517N11944613WA0118501197
B2054464804527N11944609WA0118401197
B2054474804538N11944606WA0118401197
B2054484804548N11944602WA0118401196
B2054494804558N11944599WA0118301195
B2054504804568N11944597WA0118301194
B2054514804579N11944594WA0118201192
B2054524804589N11944593WA0118101190
B2054534804600N11944591WA0118001188
B2054544804611N11944589WA0117901186
B2054554804621N11944587WA0117801185
B2054564804632N11944585WA0117701185
B2054574804642N11944583WA0117601185
B2054584804652N11944580WA0117501185
B2054594804662N11944577WA0117501185
B2055004804672N11944575WA0117401185
B2055014804682N11944573WA0117401184
B2055024804693N11944571WA0117301183
B2055034804704N11944569WA0117201182
B2055044804714N11944567WA0117101181
B2055054804725N11944566WA0117001180
B2055064804735N11944565WA0117001180
B2055074804746N11944564WA0116901181
B2055084804756N11944563WA0116901181
B2055094804766N11944561WA0116901181
B2055104804776N11944559WA0116901181
B2055114804786N11944557WA0116901182
B2055124804796N11944556WA0116901182
B2055134804806N11944554WA0116901182
B2055144804815N11944553WA0116901183
B2055154804825N11944551WA0116901183
B2055164804835N11944549WA0116901183
B2055174804844N11944547WA0116901183
B2055184804854N11944545WA0116901183
B2055194804864N11944543WA0116901183
B2055204804873N11944541WA0116901183
B2055214804883N11944540WA0116901184
B2055224804891N11944538WA0116901185
B2055234804900N11944536WA0117001186
B2055244804908N11944535WA0117001186
B2055254804917N11944533WA0117101186
B2055264804926N11944532WA0117101186
B2055274804935N11944531WA0117101187
B2055284804944N11944529WA0117201188
B2055294804953N11944527WA0117201188
B2055304804962N11944524WA0117301189
B2055314804971N11944522WA0117301189
B2055324804981N11944519WA0117301190
B2055334804990N11944517WA0117401191
B2055344804998N11944514WA0117401191
B2055354805007N11944512WA0117501192
B2055364805016N11944509WA0117601192
B2055374805025N11944508WA0117601192
B2055384805034N11944506WA0117601191
B2055394805044N11944505WA0117601190
B2055404805054N11944504WA0117601189
B2055414805064N11944503WA0117501188
B2055424805074N11944502WA0117501188
B2055434805084N11944500WA0117501189
B2055444805094N11944499WA0117501190
B2055454805104N11944499WA0117501191
B2055464805113N11944499WA0117501191
B2055474805123N11944500WA0117501191
B2055484805133N11944501WA0117501190
B2055494805144N11944501WA0117501190
B2055504805154N11944502WA0117501190
B2055514805164N11944501WA0117601191
B2055524805174N11944501WA0117601191
B2055534805184N11944500WA0117601192
B2055544805194N11944499WA0117601192
B2055554805204N11944499WA0117601191
B2055564805214N11944497WA0117601191
B2055574805224N11944495WA0117601190
B2055584805235N11944490WA0117601190
B2055594805245N11944485WA0117601189
B2056004805255N11944480WA0117501189
B2056014805265N11944474WA0117501188
B2056024805274N11944467WA0117401187
B2056034805284N11944460WA0117401186
B2056044805293N11944453WA0117301185
B2056054805302N11944446WA0117301184
B2056064805311N11944438WA0117201183
B2056074805320N11944431WA0117201183
B2056084805329N11944424WA0117201183
B2056094805338N11944416WA0117101182
B2056104805347N11944407WA0117101182
B2056114805356N11944399WA0117001182
B2056124805364N11944391WA0117001181
B2056134805373N11944382WA0117001181
B2056144805382N11944374WA0116901180
B2056154805392N11944366WA0116901179
B2056164805401N11944358WA0116801178
B2056174805410N11944351WA0116801177
B2056184805420N11944343WA0116701177
B2056194805429N11944336WA0116701177
B2056204805439N11944329WA0116601176
B2056214805449N11944323WA0116501174
B2056224805459N11944316WA0116501173
B2056234805470N11944309WA0116401173
B2056244805480N11944303WA0116301173
B2056254805489N11944298WA0116301174
B2056264805498N11944293WA0116301176
B2056274805507N11944288WA0116301177
B2056284805516N11944282WA0116301177
B2056294805525N11944276WA0116301177
B2056304805534N11944270WA0116301177
B2056314805542N11944264WA0116301177
B2056324805550N11944259WA0116401178
B2056334805558N11944252WA0116401177
B2056344805566N11944246WA0116401176
B2056354805575N11944240WA0116401175
B2056364805585N11944235WA0116301174
B2056374805594N11944231WA0116301174
B2056384805603N11944228WA0116301174
B2056394805611N11944225WA0116301175
B2056404805619N11944223WA0116301176
B2056414805627N11944222WA0116401176
B2056424805636N11944221WA0116401176
B2056434805645N11944221WA0116301175
B2056444805654N11944222WA0116401176
B2056454805662N11944225WA0116401177
B2056464805669N11944228WA0116401178
B2056474805676N11944231WA0116501179
B2056484805684N11944235WA0116501179
B2056494805692N11944238WA0116601180
B2056504805700N11944241WA0116601180
B2056514805708N11944244WA0116601181
B2056524805717N11944246WA0116701181
B2056534805725N11944247WA0116701183
B2056544805733N11944248WA0116801184
B2056554805741N11944250WA0116901186
B2056564805748N11944251WA0117001188
B2056574805755N11944252WA0117101189
B2056584805762N11944253WA0117201191
B2056594805769N11944254WA0117401191
B2057004805775N11944256WA0117401192
B2057014805781N11944260WA0117501192
B2057024805787N11944264WA0117601192
B2057034805792N11944268WA0117701192
B2057044805797N11944273WA0117701192
B2057054805803N11944276WA0117801192
B2057064805810N11944279WA0117801193
B2057074805817N11944280WA0117901193
B2057084805824N11944280WA0117901193
B2057094805831N11944281WA0117901193
B2057104805839N11944280WA0117901192
B2057114805848N11944279WA0117901191
B2057124805856N11944278WA0117901189
B2057134805866N11944276WA0117801188
B2057144805875N11944275WA0117801186
B2057154805886N11944274WA0117701185
B2057164805896N11944272WA0117601184
B2057174805907N11944271WA0117501184
B2057184805917N11944270WA0117501184
B2057194805927N11944270WA0117401184
B2057204805936N11944269WA0117401184
B2057214805945N11944269WA0117301183
B2057224805955N11944269WA0117301182
B2057234805966N11944269WA0117101180
B2057244805976N11944268WA0117101179
B2057254805986N11944268WA0117001179
B2057264805996N11944267WA0117001180
B2057274806005N11944267WA0116901181
B2057284806014N11944267WA0116901181
B2057294806023N11944266WA0116901180
B2057304806033N11944267WA0116801179
B2057314806043N11944267WA0116801179
B2057324806053N11944268WA0116701179
B2057334806062N11944268WA0116701179
B2057344806071N11944268WA0116701179
B2057354806081N11944267WA0116701179
B2057364806091N11944267WA0116601179
B2057374806100N11944267WA0116601179
B2057384806109N11944268WA0116601178
B2057394806119N11944269WA0116601178
B2057404806128N11944269WA0116501177
B2057414806138N11944269WA0116501176
B2057424806148N11944270WA0116401175
B2057434806157N11944270WA0116401174
B2057444806167N11944270WA0116301173
B2057454806177N11944270WA0116301171
B2057464806186N11944270WA0116201170
B2057474806196N11944270WA0116101169
B2057484806207N11944271WA0116001167
B2057494806217N11944271WA0115901166
B2057504806227N11944272WA0115801164
B2057514806238N11944272WA0115701163
B2057524806249N11944272WA0115701162
B2057534806260N11944271WA0115501161
B2057544806271N11944270WA0115401160
B2057554806282N11944269WA0115301159
B2057564806292N11944269WA0115301160
B2057574806303N11944269WA0115201159
B2057584806313N11944268WA0115101159
B2057594806323N11944266WA0115101158
B2058004806334N11944265WA0115001157
B2058014806346N11944263WA0114901156
B2058024806357N11944262WA0114801157
B2058034806366N11944261WA0114801158
B2058044806375N11944260WA0114801161
B2058054806382N11944259WA0114901164
B2058064806390N11944259WA0114901164
B2058074806398N11944259WA0115001164
B2058084806406N11944260WA0114901162
B2058094806416N11944259WA0114901160
B2058104806426N11944258WA0114901158
B2058114806436N11944257WA0114801158
B2058124806446N11944255WA0114801158
B2058134806455N11944254WA0114801158
B2058144806464N11944252WA0114801159
B2058154806473N11944251WA0114701158
B2058164806483N11944249WA0114701158
B2058174806493N11944248WA0114701156
B2058184806502N11944248WA0114601154
B2058194806512N11944247WA0114501154
B2058204806522N11944247WA0114501153
B2058214806532N11944246WA0114401153
B2058224806541N11944245WA0114401152
B2058234806551N11944243WA0114301151
B2058244806561N11944242WA0114301150
B2058254806571N11944240WA0114201149
B2058264806580N11944239WA0114101148
B2058274806589N11944238WA0114001146
B2058284806598N11944237WA0114001145
B2058294806608N11944235WA0113801143
B2058304806617N11944234WA0113701140
B2058314806628N11944233WA0113601137
B2058324806638N11944232WA0113401135
B2058334806648N11944231WA0113201134
B2058344806658N11944230WA0113101134
B2058354806668N11944228WA0113001133
B2058364806677N11944227WA0112901133
B2058374806687N11944225WA0112801132
B2058384806697N11944224WA0112701130
B2058394806707N11944222WA0112601129
B2058404806718N11944220WA0112501127
B2058414806729N11944218WA0112301126
B2058424806739N11944217WA0112201126
B2058434806749N11944215WA0112101126
B2058444806759N11944213WA0112101126
B2058454806768N11944210WA0112001125
B2058464806778N11944209WA0111901123
B2058474806788N11944207WA0111701121
B2058484806798N11944206WA0111601119
B2058494806808N11944204WA0111401116
B2058504806820N11944203WA0111301113
B2058514806831N11944201WA0111001110
B2058524806843N11944198WA0110801107
B2058534806854N11944196WA0110601105
B2058544806865N11944194WA0110401103
B2058554806875N11944192WA0110201102
B2058564806885N11944190WA0110101101
B2058574806895N11944188WA0109901099
B2058584806905N11944187WA0109701096
B2058594806916N11944186WA0109501092
B2059004806927N11944184WA0109301088
B2059014806939N11944182WA0108901084
B2059024806950N11944180WA0108701080
B2059034806962N11944177WA0108401077
B2059044806973N11944175WA0108201075
B2059054806985N11944172WA0107901073
B2059064806996N11944169WA0107701071
B2059074807007N11944167WA0107401069
B2059084807018N11944164WA0107201067
B2059094807030N11944162WA0106901065
B2059104807042N11944159WA0106701063
B2059114807053N11944156WA0106501061
B2059124807064N11944153WA0106301061
B2059134807075N11944150WA0106101061
B2059144807085N11944148WA0106001060
B2059154807096N11944147WA0105801059
B2059164807106N11944146WA0105701057
B2059174807117N11944145WA0105501055
B2059184807128N11944145WA0105401051
B2059194807140N11944144WA0105101048
B2059204807152N11944143WA0104901046
B2059214807163N11944142WA0104701045
B2059224807174N11944142WA0104601044
B2059234807185N11944142WA0104401042
B2059244807196N11944141WA0104201040
B2059254807207N11944140WA0104001037
B2059264807219N11944139WA0103801034
B2059274807230N11944138WA0103601032
B2059284807242N11944137WA0103401030
B2059294807253N11944136WA0103201028
B2059304807265N11944136WA0103001027
B2059314807276N11944136WA0102801025
B2059324807288N11944136WA0102601023
B2059334807299N11944137WA0102401022
B2059344807310N11944137WA0102301021
B2059354807321N11944138WA0102101019
B2059364807332N11944139WA0101901017
B2059374807343N11944140WA0101701015
B2059384807354N11944141WA0101601014
B2059394807365N11944142WA0101401012
B2059404807376N11944142WA0101201011
B2059414807386N11944141WA0101101010
B2059424807397N11944141WA0101001008
B2059434807407N11944140WA0100801006
B2059444807418N11944139WA0100601004
B2059454807429N11944138WA0100401001
B2059464807441N11944137WA0100300999
B2059474807452N11944136WA0100000997
B2059484807463N11944134WA0099900996
B2059494807473N11944133WA0099700995
B2059504807483N11944132WA0099600994
B2059514807493N11944132WA0099400992
B2059524807504N11944131WA0099200989
B2059534807515N11944131WA0099000986
B2059544807526N11944131WA0098800982
B2059554807537N11944131WA0098500980
B2059564807548N11944132WA0098400979
B2059574807558N11944132WA0098100978
B2059584807568N11944133WA0098000977
B2059594807578N11944134WA0097800975
B2100004807589N11944135WA0097700973
B2100014807600N11944136WA0097400970
B2100024807611N11944137WA0097200967
B2100034807622N11944137WA0096900964
B2100044807633N11944139WA0096700961
B2100054807645N11944140WA0096400959
B2100064807656N11944141WA0096200958
B2100074807666N11944142WA0096000958
B2100084807677N11944142WA0095900958
B2100094807687N11944142WA0095700958
B2100104807697N11944142WA0095600957
B2100114807707N11944142WA0095500956
B2100124807718N11944142WA0095300954
B2100134807729N11944143WA0095100951
B2100144807740N11944143WA0095000950
B2100154807751N11944144WA0094800949
B2100164807761N11944145WA0094700948
B2100174807771N11944146WA0094600948
B2100184807781N11944147WA0094500948
B2100194807791N11944148WA0094400948
B2100204807801N11944150WA0094300946
B2100214807811N11944151WA0094200944
B2100224807822N11944153WA0094100941
B2100234807833N11944155WA0093900939
B2100244807844N11944157WA0093700937
B2100254807854N11944159WA0093600936
B2100264807865N11944160WA0093500936
B2100274807875N11944162WA0093300936
B2100284807885N11944163WA0093300936
B2100294807894N11944164WA0093200936
B2100304807904N11944164WA0093200935
B2100314807914N11944165WA0093100933
B2100324807924N11944165WA0093000933
B2100334807933N11944166WA0093000933
B2100344807942N11944166WA0093000934
B2100354807951N11944167WA0092900934
B2100364807960N11944167WA0092900933
B2100374807969N11944166WA0092900932
B2100384807978N11944167WA0092800931
B2100394807988N11944168WA0092700929
B2100404807997N11944169WA0092600928
B2100414808007N11944169WA0092600927
B2100424808016N11944170WA0092500926
B2100434808025N11944171WA0092400926
B2100444808033N11944172WA0092400926
B2100454808042N11944173WA0092300925
B2100464808050N11944175WA0092300924
B2100474808059N11944176WA0092200924
B2100484808068N11944177WA0092200922
B2100494808077N11944179WA0092100922
B2100504808086N11944181WA0092000921
B2100514808095N11944183WA0091900920
B2100524808104N11944184WA0091900920
B2100534808113N11944186WA0091800921
B2100544808122N11944187WA0091800921
B2100554808131N11944189WA0091800920
B2100564808140N11944191WA0091700920
B2100574808148N11944192WA0091700920
B2100584808156N11944193WA0091700921
B2100594808164N11944193WA0091800922
B2101004808172N11944193WA0091800922
B2101014808180N11944193WA0091800921
B2101024808188N11944193WA0091800921
B2101034808197N11944193WA0091800920
B2101044808206N11944192WA0091700920
B2101054808214N11944190WA0091700920
B2101064808223N11944188WA0091700920
B2101074808231N11944185WA0091700920
B2101084808240N11944182WA0091700920
B2101094808249N11944179WA0091700919
B2101104808257N11944176WA0091700919
B2101114808266N11944173WA0091600919
B2101124808274N11944171WA0091600919
B2101134808282N11944170WA0091600919
B2101144808291N11944169WA0091600918
B2101154808299N11944168WA0091500917
B2101164808308N11944168WA0091500916
B2101174808317N11944167WA0091400915
B2101184808326N11944166WA0091400915
B2101194808335N11944166WA0091300913
B2101204808345N11944165WA0091200911
B2101214808355N11944165WA0091100909
B2101224808366N11944164WA0090900907
B2101234808376N11944163WA0090800907
B2101244808387N11944162WA0090700907
B2101254808396N11944161WA0090700908
B2101264808406N11944160WA0090700909
B2101274808415N11944159WA0090600908
B2101284808426N11944159WA0090500907
B2101294808436N11944159WA0090400906
B2101304808446N11944159WA0090400906
B2101314808456N11944158WA0090400907
B2101324808465N11944158WA0090300908
B2101334808473N11944158WA0090300908
B2101344808482N11944158WA0090300906
B2101354808492N11944159WA0090200904
B2101364808502N11944159WA0090100901
B2101374808512N11944159WA0089900898
B2101384808522N11944159WA0089900897
B2101394808532N11944158WA0089700896
B2101404808541N11944157WA0089700895
B2101414808551N11944156WA0089600894
B2101424808560N11944156WA0089400891
B2101434808571N11944155WA0089300888
B2101444808581N11944153WA0089100886
B2101454808592N11944151WA0088900884
B2101464808603N11944148WA0088800882
B2101474808614N11944145WA0088600880
B2101484808625N11944143WA0088400878
B2101494808636N11944139WA0088200876
B2101504808647N11944135WA0088000873
B2101514808658N11944131WA0087700870
B2101524808669N11944126WA0087500868
B2101534808680N11944122WA0087300866
B2101544808691N11944119WA0087200865
B2101554808701N11944116WA0087000863
B2101564808711N11944113WA0086800861
B2101574808722N11944111WA0086600859
B2101584808732N11944107WA0086400856
B2101594808743N11944103WA0086200853
B2102004808754N11944099WA0086000850
B2102014808765N11944095WA0085700848
B2102024808775N11944090WA0085500847
B2102034808785N11944087WA0085300846
B2102044808795N11944084WA0085200846
B2102054808805N11944082WA0085100846
B2102064808814N11944081WA0085000846
B2102074808823N11944079WA0084900845
B2102084808833N11944078WA0084800843
B2102094808844N11944076WA0084600840
B2102104808855N11944075WA0084400838
B2102114808866N11944075WA0084200837
B2102124808877N11944073WA0084100837
B2102134808888N11944072WA0083900837
B2102144808898N11944071WA0083900837
B2102154808908N11944069WA0083800837
B2102164808919N11944068WA0083700836
B2102174808929N11944067WA0083600834
B2102184808940N11944066WA0083500832
B2102194808951N11944065WA0083300830
B2102204808963N11944064WA0083200828
B2102214808974N11944063WA0083000827
B2102224808986N11944062WA0082900826
B2102234808997N11944062WA0082800826
B2102244809007N11944061WA0082700827
B2102254809018N11944059WA0082700827
B2102264809028N11944058WA0082600826
B2102274809039N11944057WA0082500825
B2102284809050N11944057WA0082400823
B2102294809061N11944057WA0082300822
B2102304809071N11944057WA0082200821
B2102314809082N11944058WA0082200821
B2102324809092N11944058WA0082100820
B2102334809102N11944059WA0082000820
B2102344809112N11944062WA0082000818
B2102354809122N11944065WA0081900817
B2102364809132N11944068WA0081800815
B2102374809142N11944070WA0081700815
B2102384809151N11944072WA0081600816
B2102394809159N11944073WA0081700819
B2102404809167N11944075WA0081700820
B2102414809174N11944078WA0081700820
B2102424809182N11944081WA0081700818
B2102434809191N11944085WA0081600815
B2102444809199N11944089WA0081500812
B2102454809208N11944093WA0081400810
B2102464809215N11944096WA0081300809
B2102474809223N11944098WA0081300809
B2102484809230N11944100WA0081200808
B2102494809238N11944103WA0081100806
B2102504809246N11944105WA0081000804
B2102514809255N11944106WA0080900801
B2102524809265N11944107WA0080700798
B2102534809274N11944108WA0080500795
B2102544809284N11944106WA0080400795
B2102554809293N11944104WA0080300796
B2102564809301N11944102WA0080200797
B2102574809308N11944099WA0080200799
B2102584809315N11944096WA0080200802
B2102594809320N11944091WA0080300806
B2103004809324N11944085WA0080400809
B2103014809326N11944078WA0080500811
B2103024809327N11944070WA0080600812
B2103034809325N11944062WA0080700812
B2103044809322N11944056WA0080700812
B2103054809317N11944054WA0080800813
B2103064809313N11944054WA0080800814
B2103074809310N11944057WA0081000816
B2103084809307N11944062WA0081000817
B2103094809307N11944068WA0081100817
B2103104809308N11944076WA0081200818
B2103114809310N11944084WA0081300817
B2103124809314N11944092WA0081300817
B2103134809319N11944100WA0081300816
B2103144809325N11944107WA0081400817
B2103154809331N11944113WA0081400817
B2103164809338N11944118WA0081400817
B2103174809345N11944122WA0081500818
B2103184809352N11944126WA0081500818
B2103194809360N11944128WA0081600818
B2103204809369N11944129WA0081600819
B2103214809376N11944127WA0081700820
B2103224809383N11944125WA0081700822
B2103234809389N11944121WA0081800823
B2103244809394N11944115WA0081900824
B2103254809399N11944109WA0082000824
B2103264809404N11944101WA0082100824
B2103274809409N11944093WA0082100823
B2103284809413N11944084WA0082100823
B2103294809418N11944075WA0082100823
B2103304809422N11944068WA0082200825
B2103314809426N11944061WA0082300826
B2103324809429N11944054WA0082300827
B2103334809433N11944046WA0082400828
B2103344809436N11944039WA0082400829
B2103354809438N11944032WA0082500829
B2103364809440N11944025WA0082600829
B2103374809442N11944017WA0082600829
B2103384809443N11944008WA0082600828
B2103394809444N11943998WA0082600827
B2103404809445N11943988WA0082600827
B2103414809447N11943978WA0082600827
B2103424809449N11943969WA0082600829
B2103434809451N11943961WA0082700830
B2103444809453N11943952WA0082700830
B2103454809455N11943944WA0082800831
B2103464809458N11943937WA0082800831
B2103474809462N11943930WA0082900831
B2103484809466N11943923WA0082900830
B2103494809471N11943917WA0082900830
B2103504809477N11943911WA0082900829
B2103514809483N11943906WA0082900828
B2103524809490N11943900WA0082900827
B2103534809496N11943894WA0082900827
B2103544809502N11943888WA0082900827
B2103554809507N11943884WA0082900830
B2103564809512N11943881WA0083000832
B2103574809517N11943879WA0083000832
B2103584809523N11943877WA0083100832
B2103594809529N11943874WA0083100832
B2104004809535N11943870WA0083100833
B2104014809541N11943864WA0083200834
B2104024809545N11943858WA0083200835
B2104034809549N11943852WA0083400837
B2104044809552N11943846WA0083400838
B2104054809554N11943840WA0083500838
B2104064809555N11943832WA0083600838
B2104074809554N11943824WA0083600836
B2104084809550N11943817WA0083600834
B2104094809544N11943814WA0083500833
B2104104809539N11943816WA0083500835
B2104114809537N11943821WA0083600839
B2104124809536N11943826WA0083700842
B2104134809537N11943831WA0083800843
B2104144809540N11943838WA0083900844
B2104154809543N11943845WA0084000844
B2104164809549N11943852WA0084000843
B2104174809555N11943858WA0084000842
B2104184809562N11943863WA0084000843
B2104194809568N11943867WA0084100845
B2104204809574N11943868WA0084100848
B2104214809579N11943869WA0084300850
B2104224809585N11943868WA0084400852
B2104234809591N11943866WA0084500852
B2104244809598N11943863WA0084600853
B2104254809604N11943860WA0084700853
B2104264809610N11943857WA0084800855
B2104274809615N11943853WA0084900857
B2104284809619N11943847WA0085000858
B2104294809622N11943841WA0085100858
B2104304809624N11943834WA0085200859
B2104314809625N11943827WA0085300859
B2104324809623N11943820WA0085400859
B2104334809620N11943815WA0085400858
B2104344809615N11943814WA0085400857
B2104354809610N11943815WA0085400855
B2104364809606N11943819WA0085400854
B2104374809603N11943824WA0085500855
B2104384809601N11943830WA0085500856
B2104394809600N11943838WA0085500856
B2104404809599N11943847WA0085500856
B2104414809598N11943856WA0085500856
B2104424809598N11943865WA0085500857
B2104434809598N11943873WA0085600858
B2104444809598N11943881WA0085600860
B2104454809599N11943890WA0085700860
B2104464809599N11943898WA0085700861
B2104474809598N11943906WA0085800861
B2104484809597N11943913WA0085800861
B2104494809594N11943917WA0085900861
B2104504809590N11943920WA0085900860
B2104514809587N11943921WA0085900860
B2104524809584N11943918WA0085900859
B2104534809581N11943913WA0085900857
B2104544809581N11943906WA0085900855
B2104554809582N11943897WA0085800852
B2104564809586N11943888WA0085700851
B2104574809590N11943881WA0085700852
B2104584809595N11943876WA0085600852
B2104594809600N11943871WA0085600853
B2105004809605N11943867WA0085600854
B2105014809610N11943862WA0085600854
B2105024809616N11943857WA0085600854
B2105034809622N11943853WA0085600854
B2105044809628N11943849WA0085600854
B2105054809635N11943846WA0085600854
B2105064809641N11943842WA0085600855
B2105074809647N11943839WA0085600856
B2105084809652N11943834WA0085700856
B2105094809655N11943828WA0085700858
B2105104809656N11943821WA0085800858
B2105114809655N11943814WA0085800858
B2105124809653N11943808WA0085800858
B2105134809650N11943802WA0085900859
B2105144809646N11943797WA0085900860
B2105154809641N11943795WA0085900861
B2105164809637N11943794WA0086000862
B2105174809633N11943796WA0086000864
B2105184809630N11943801WA0086100863
B2105194809628N11943808WA0086100861
B2105204809629N11943817WA0086100859
B2105214809631N11943825WA0086100858
B2105224809634N11943833WA0086100858
B2105234809638N11943839WA0086100858
B2105244809642N11943845WA0086100857
B2105254809647N11943851WA0086000856
B2105264809654N11943856WA0085900853
B2105274809661N11943862WA0085800850
B2105284809670N11943866WA0085700848
B2105294809678N11943868WA0085600848
B2105304809685N11943868WA0085500848
B2105314809692N11943868WA0085500850
B2105324809698N11943867WA0085500851
B2105334809704N11943867WA0085500850
B2105344809711N11943866WA0085400848
B2105354809719N11943865WA0085300846
B2105364809728N11943864WA0085200844
B2105374809736N11943864WA0085100844
B2105384809743N11943862WA0085100845
B2105394809749N11943861WA0085100846
B2105404809756N11943859WA0085100846
B2105414809764N11943857WA0085000846
B2105424809772N11943855WA0084900845
B2105434809779N11943852WA0084900846
B2105444809785N11943849WA0084900848
B2105454809790N11943846WA0085000850
B2105464809794N11943843WA0085000851
B2105474809798N11943839WA0085100851
B2105484809802N11943833WA0085100849
B2105494809804N11943825WA0085000846
B2105504809806N11943815WA0084900844
B2105514809806N11943805WA0084800842
B2105524809807N11943796WA0084800843
B2105534809808N11943789WA0084800844
B2105544809808N11943781WA0084700844
B2105554809808N11943774WA0084700844
B2105564809807N11943765WA0084700844
B2105574809806N11943756WA0084600843
B2105584809804N11943748WA0084600843
B2105594809802N11943742WA0084600845
B2106004809799N11943736WA0084600846
B2106014809797N11943731WA0084600846
B2106024809794N11943726WA0084600846
B2106034809791N11943721WA0084600845
B2106044809787N11943716WA0084600845
B2106054809783N11943711WA0084600845
B2106064809779N11943706WA0084600845
B2106074809775N11943702WA0084700848
B2106084809772N11943699WA0084700850
B2106094809769N11943697WA0084800851
B2106104809766N11943694WA0084900852
B2106114809761N11943691WA0084900852
B2106124809757N11943687WA0085000852
B2106134809752N11943685WA0085000853
B2106144809748N11943682WA0085100855
B2106154809744N11943680WA0085200856
B2106164809740N11943679WA0085300858
B2106174809737N11943680WA0085400859
B2106184809733N11943682WA0085500860
B2106194809729N11943687WA0085500860
B2106204809727N11943693WA0085600860
B2106214809726N11943701WA0085600861
B2106224809728N11943709WA0085700862
B2106234809732N11943715WA0085800863
B2106244809737N11943720WA0085900863
B2106254809743N11943722WA0086000864
B2106264809749N11943722WA0086000864
B2106274809756N11943720WA0086100864
B2106284809762N11943714WA0086100863
B2106294809767N11943707WA0086100862
B2106304809772N11943698WA0086100861
B2106314809776N11943689WA0086100861
B2106324809779N11943680WA0086100862
B2106334809782N11943670WA0086200864
B2106344809784N11943661WA0086200866
B2106354809785N11943653WA0086300867
B2106364809786N11943645WA0086400868
B2106374809786N11943637WA0086500869
B2106384809785N11943629WA0086500870
B2106394809782N11943623WA0086600870
B2106404809778N11943619WA0086700871
B2106414809774N11943618WA0086700873
B2106424809771N11943618WA0086800875
B2106434809769N11943620WA0087000877
B2106444809767N11943622WA0087100878
B2106454809766N11943626WA0087200879
B2106464809764N11943631WA0087300878
B2106474809761N11943637WA0087300877
B2106484809758N11943642WA0087300876
B2106494809754N11943646WA0087400878
B2106504809749N11943648WA0087400879
B2106514809745N11943649WA0087500881
B2106524809741N11943650WA0087600884
B2106534809738N11943651WA0087800887
B2106544809735N11943654WA0087900888
B2106554809734N11943659WA0088000888
B2106564809736N11943666WA0088100887
B2106574809740N11943673WA0088100885
B2106584809747N11943680WA0088100884
B2106594809755N11943683WA0088100885
B2107004809762N11943683WA0088200887
B2107014809768N11943680WA0088300890
B2107024809772N11943674WA0088400891
B2107034809774N11943666WA0088500891
B2107044809775N11943657WA0088600891
B2107054809774N11943648WA0088600891
B2107064809772N11943640WA0088600891
B2107074809768N11943634WA0088700892
B2107084809765N11943630WA0088800895
B2107094809762N11943628WA0089000898
B2107104809760N11943629WA0089100899
B2107114809758N11943631WA0089200899
B2107124809757N11943636WA0089200897
B2107134809756N11943642WA0089200895
B2107144809755N11943650WA0089200893
B2107154809755N11943657WA0089200892
B2107164809757N11943664WA0089200893
B2107174809758N11943671WA0089200893
B2107184809761N11943677WA0089200893
B2107194809764N11943683WA0089200892
B2107204809769N11943689WA0089200891
B2107214809775N11943696WA0089100890
B2107224809781N11943702WA0089100889
B2107234809788N11943709WA0089000887
B2107244809796N11943714WA0088900885
B2107254809805N11943718WA0088800884
B2107264809813N11943721WA0088700883
B2107274809821N11943724WA0088600884
B2107284809829N11943727WA0088600883
B2107294809837N11943730WA0088500882
B2107304809845N11943732WA0088400880
B2107314809854N11943735WA0088200877
B2107324809863N11943736WA0088100874
B2107334809871N11943738WA0087900873
B2107344809879N11943739WA0087800872
B2107354809887N11943741WA0087700871
B2107364809895N11943742WA0087600869
B2107374809902N11943745WA0087400867
B2107384809911N11943748WA0087300865
B2107394809919N11943752WA0087100862
B2107404809929N11943755WA0086900859
B2107414809939N11943759WA0086600856
B2107424809948N11943762WA0086400853
B2107434809958N11943766WA0086100852
B2107444809967N11943770WA0086000852
B2107454809976N11943773WA0085800852
B2107464809985N11943777WA0085700852
B2107474809993N11943780WA0085600852
B2107484810002N11943783WA0085500852
B2107494810010N11943787WA0085400850
B2107504810019N11943789WA0085300848
B2107514810029N11943792WA0085100845
B2107524810039N11943793WA0085000843
B2107534810049N11943794WA0084800842
B2107544810058N11943795WA0084700842
B2107554810068N11943796WA0084600842
B2107564810077N11943797WA0084500842
B2107574810085N11943798WA0084500843
B2107584810093N11943800WA0084500844
B2107594810100N11943803WA0084500845
B2108004810106N11943806WA0084400844
B2108014810114N11943810WA0084400842
B2108024810121N11943815WA0084300839
B2108034810130N11943822WA0084100835
B2108044810138N11943829WA0084000832
B2108054810147N11943836WA0083700829
B2108064810156N11943843WA0083600826
B2108074810164N11943850WA0083300825
B2108084810172N11943856WA0083200823
B2108094810180N11943862WA0083000822
B2108104810188N11943866WA0082900819
B2108114810196N11943871WA0082700817
B2108124810205N11943876WA0082500814
B2108134810213N11943881WA0082300811
B2108144810223N11943886WA0082100807
B2108154810232N11943891WA0081800804
B2108164810243N11943895WA0081600800
B2108174810253N11943899WA0081200796
B2108184810264N11943903WA0081000794
B2108194810274N11943906WA0080700793
B2108204810284N11943909WA0080500791
B2108214810293N11943911WA0080300790
B2108224810303N11943914WA0080100787
B2108234810313N11943916WA0079800783
B2108244810324N11943919WA0079600779
B2108254810335N11943921WA0079200775
B2108264810346N11943924WA0078900772
B2108274810356N11943927WA0078600769
B2108284810367N11943929WA0078400767
B2108294810378N11943930WA0078100765
B2108304810388N11943932WA0077900763
B2108314810398N11943935WA0077600761
B2108324810409N11943938WA0077400758
B2108334810419N11943941WA0077100755
B2108344810430N11943945WA0076900753
B2108354810440N11943948WA0076500750
B2108364810451N11943952WA0076300747
B2108374810461N11943956WA0076000746
B2108384810471N11943959WA0075900744
B2108394810480N11943962WA0075700744
B2108404810488N11943966WA0075500742
B2108414810498N11943970WA0075300740
B2108424810508N11943974WA0075100737
B2108434810518N11943978WA0074900734
B2108444810528N11943982WA0074700732
B2108454810538N11943986WA0074500731
B2108464810547N11943991WA0074300733
B2108474810554N11943996WA0074300737
B2108484810558N11944001WA0074400742
B2108494810562N11944004WA0074500744
B2108504810567N11944007WA0074600745
B2108514810573N11944011WA0074600743
B2108524810580N11944014WA0074500741
B2108534810588N11944019WA0074400737
B2108544810597N11944023WA0074300734
B2108554810606N11944027WA0074200732
B2108564810614N11944031WA0074100731
B2108574810621N11944035WA0074000730
B2108584810629N11944037WA0073900729
B2108594810637N11944040WA0073700727
B2109004810645N11944042WA0073600725
B2109014810653N11944045WA0073400723
B2109024810661N11944047WA0073300721
B2109034810669N11944048WA0073100720
B2109044810678N11944048WA0073000720
B2109054810686N11944048WA0072900718
B2109064810695N11944047WA0072700716
B2109074810703N11944045WA0072600714
B2109084810712N11944044WA0072400713
B2109094810720N11944042WA0072300712
B2109104810729N11944041WA0072200711
B2109114810737N11944040WA0072000709
B2109124810746N11944038WA0071900706
B2109134810755N11944037WA0071600703
B2109144810764N11944037WA0071500700
B2109154810773N11944037WA0071200698
B2109164810781N11944037WA0071100697
B2109174810790N11944038WA0070900696
B2109184810798N11944039WA0070800695
B2109194810806N11944039WA0070600692
B2109204810814N11944040WA0070400690
B2109214810823N11944041WA0070200687
B2109224810831N11944042WA0070000684
B2109234810840N11944043WA0069800682
B2109244810848N11944044WA0069600682
B2109254810855N11944044WA0069500681
B2109264810863N11944045WA0069400680
B2109274810870N11944045WA0069200677
B2109284810879N11944046WA0069000675
B2109294810888N11944046WA0068800671
B2109304810897N11944047WA0068600668
B2109314810906N11944047WA0068300665
B2109324810915N11944048WA0068100664
B2109334810923N11944047WA0067900664
B2109344810932N11944046WA0067800664
B2109354810940N11944045WA0067700664
B2109364810948N11944042WA0067600663
B2109374810956N11944039WA0067500662
B2109384810964N11944035WA0067400660
B2109394810973N11944032WA0067200657
B2109404810982N11944029WA0067000654
B2109414810992N11944027WA0066800651
B2109424811001N11944024WA0066600649
B2109434811010N11944021WA0066400647
B2109444811019N11944019WA0066300645
B2109454811028N11944017WA0066100643
B2109464811037N11944014WA0065900641
B2109474811047N11944012WA0065700639
B2109484811056N11944009WA0065600638
B2109494811065N11944006WA0065400638
B2109504811074N11944003WA0065300637
B2109514811082N11943999WA0065100637
B2109524811091N11943995WA0065000636
B2109534811099N11943990WA0064900634
B2109544811107N11943986WA0064800633
B2109554811115N11943981WA0064600631
B2109564811123N11943977WA0064500629
B2109574811131N11943972WA0064300627
B2109584811139N11943966WA0064200625
B2109594811147N11943961WA0064000623
B2110004811155N11943955WA0063800620
B2110014811163N11943950WA0063600618
B2110024811171N11943945WA0063400615
B2110034811179N11943939WA0063200614
B2110044811186N11943933WA0063100612
B2110054811194N11943926WA0062900610
B2110064811202N11943920WA0062700608
B2110074811209N11943914WA0062500606
B2110084811217N11943908WA0062400605
B2110094811225N11943902WA0062200604
B2110104811232N11943897WA0062000602
B2110114811240N11943892WA0061800601
B2110124811249N11943888WA0061700600
B2110134811257N11943884WA0061600600
B2110144811265N11943880WA0061500601
B2110154811271N11943876WA0061500601
B2110164811278N11943872WA0061400601
B2110174811285N11943867WA0061400601
B2110184811292N11943861WA0061300600
B2110194811299N11943856WA0061300601
B2110204811305N11943851WA0061300602
B2110214811311N11943846WA0061300601
B2110224811317N11943841WA0061300601
B2110234811324N11943835WA0061200600
B2110244811331N11943829WA0061200600
B2110254811338N11943824WA0061100599
B2110264811346N11943818WA0061100599
B2110274811353N11943814WA0061100598
B2110284811360N11943810WA0061000598
B2110294811367N11943806WA0061000597
B2110304811374N11943802WA0060900595
B2110314811382N11943799WA0060800594
B2110324811389N11943796WA0060800592
B2110334811397N11943792WA0060600591
B2110344811405N11943788WA0060600589
B2110354811412N11943785WA0060400589
B2110364811420N11943781WA0060400587
B2110374811427N11943778WA0060200587
B2110384811434N11943774WA0060200586
B2110394811442N11943770WA0060000585
B2110404811450N11943766WA0060000585
B2110414811458N11943762WA0059900584
B2110424811466N11943758WA0059800583
B2110434811474N11943756WA0059700582
B2110444811483N11943755WA0059600582
B2110454811491N11943755WA0059500582
B2110464811498N11943755WA0059400580
B2110474811506N11943756WA0059300578
B2110484811515N11943756WA0059200576
B2110494811524N11943756WA0059000574
B2110504811533N11943757WA0058900573
B2110514811541N11943757WA0058800573
B2110524811548N11943756WA0058800574
B2110534811555N11943756WA0058700575
B2110544811562N11943757WA0058600573
B2110554811570N11943758WA0058500572
B2110564811578N11943759WA0058400570
B2110574811586N11943760WA0058300569
B2110584811594N11943761WA0058200568
B2110594811602N11943761WA0058100569
B2111004811609N11943761WA0058100569
B2111014811616N11943760WA0058000568
B2111024811624N11943758WA0058000566
B2111034811632N11943758WA0057800563
B2111044811640N11943758WA0057700560
B2111054811649N11943758WA0057500557
B2111064811658N11943758WA0057400556
B2111074811666N11943758WA0057200554
B2111084811674N11943758WA0057100554
B2111094811682N11943757WA0057000553
B2111104811690N11943757WA0056900551
B2111114811698N11943757WA0056700548
B2111124811707N11943756WA0056500545
B2111134811715N11943756WA0056300543
B2111144811724N11943756WA0056100540
B2111154811732N11943756WA0055900538
B2111164811741N11943755WA0055700536
B2111174811749N11943753WA0055500533
B2111184811757N11943751WA0055300532
B2111194811765N11943748WA0055100531
B2111204811773N11943745WA0055000531
B2111214811780N11943741WA0054900530
B2111224811787N11943736WA0054800531
B2111234811793N11943731WA0054700532
B2111244811799N11943726WA0054700532
B2111254811805N11943720WA0054600531
B2111264811812N11943715WA0054500528
B2111274811819N11943710WA0054300526
B2111284811827N11943705WA0054200523
B2111294811834N11943700WA0054000523
B2111304811841N11943696WA0053900523
B2111314811848N11943692WA0053800524
B2111324811855N11943690WA0053800524
B2111334811861N11943688WA0053700523
B2111344811868N11943686WA0053700521
B2111354811876N11943684WA0053500518
B2111364811884N11943682WA0053400514
B2111374811893N11943680WA0053100511
B2111384811902N11943679WA0053000509
B2111394811911N11943679WA0052800508
B2111404811918N11943678WA0052700508
B2111414811925N11943678WA0052600507
B2111424811933N11943678WA0052500505
B2111434811941N11943677WA0052300501
B2111444811950N11943676WA0052100498
B2111454811960N11943675WA0051800495
B2111464811968N11943675WA0051700493
B2111474811977N11943675WA0051500492
B2111484811984N11943675WA0051300492
B2111494811992N11943675WA0051200491
B2111504811999N11943675WA0051100488
B2111514812008N11943675WA0050800485
B2111524812017N11943674WA0050700482
B2111534812026N11943674WA0050400480
B2111544812035N11943674WA0050200478
B2111554812043N11943674WA0050000478
B2111564812051N11943674WA0049900477
B2111574812058N11943674WA0049800476
B2111584812066N11943673WA0049700476
B2111594812074N11943672WA0049500475
B2112004812081N11943671WA0049400474
B2112014812089N11943671WA0049300474
B2112024812097N11943670WA0049200473
B2112034812104N11943670WA0049100473
B2112044812112N11943671WA0049100473
B2112054812120N11943672WA0049000473
B2112064812127N11943673WA0048900472
B2112074812134N11943675WA0048800472
B2112084812140N11943677WA0048800471
B2112094812146N11943677WA0048800471
B2112104812152N11943676WA0048800473
B2112114812157N11943675WA0048800474
B2112124812162N11943673WA0048900475
B2112134812168N11943672WA0048900474
B2112144812174N11943671WA0048800473
B2112154812182N11943672WA0048800472
B2112164812189N11943673WA0048800472
B2112174812195N11943676WA0048800472
B2112184812201N11943678WA0048800473
B2112194812207N11943681WA0048800474
B2112204812213N11943683WA0048800474
B2112214812219N11943684WA0048800475
B2112224812226N11943686WA0048800475
B2112234812232N11943687WA0048800474
B2112244812239N11943690WA0048800474
B2112254812245N11943694WA0048800475
B2112264812251N11943699WA0048900477
B2112274812256N11943702WA0049000479
B2112284812261N11943705WA0049000480
B2112294812266N11943708WA0049100480
B2112304812271N11943712WA0049100480
B2112314812277N11943715WA0049200481
B2112324812282N11943719WA0049300483
B2112334812287N11943723WA0049400484
B2112344812292N11943727WA0049400485
B2112354812296N11943731WA0049500486
B2112364812301N11943736WA0049600486
B2112374812305N11943742WA0049700486
B2112384812310N11943749WA0049700485
B2112394812315N11943755WA0049700484
B2112404812320N11943760WA0049700484
B2112414812325N11943764WA0049700484
B2112424812330N11943767WA0049800484
B2112434812336N11943770WA0049700483
B2112444812341N11943773WA0049700481
B2112454812347N11943777WA0049600479
B2112464812354N11943781WA0049600477
B2112474812361N11943785WA0049500476
B2112484812367N11943790WA0049400477
B2112494812373N11943794WA0049400478
B2112504812379N11943798WA0049400478
B2112514812385N11943803WA0049400478
B2112524812392N11943808WA0049300477
B2112534812398N11943812WA0049300477
B2112544812405N11943815WA0049300479
B2112554812410N11943818WA0049400481
B2112564812414N11943821WA0049400484
B2112574812419N11943823WA0049500485
B2112584812425N11943823WA0049600486
B2112594812431N11943820WA0049600485
B2113004812437N11943815WA0049600485
B2113014812441N11943807WA0049700484
B2113024812443N11943800WA0049700485
B2113034812443N11943794WA0049700486
B2113044812442N11943790WA0049800487
B2113054812439N11943787WA0049800486
B2113064812434N11943788WA0049800484
B2113074812429N11943791WA0049700483
B2113084812424N11943797WA0049700481
B2113094812419N11943803WA0049600481
B2113104812416N11943809WA0049600482
B2113114812413N11943814WA0049700484
B2113124812410N11943818WA0049700484
B2113134812407N11943824WA0049800484
B2113144812404N11943832WA0049800484
B2113154812404N11943841WA0049700483
B2113164812405N11943851WA0049700482
B2113174812407N11943861WA0049700482
B2113184812410N11943870WA0049700482
B2113194812413N11943878WA0049700482
B2113204812417N11943886WA0049700483
B2113214812421N11943893WA0049700483
B2113224812426N11943899WA0049700483
B2113234812430N11943905WA0049700484
B2113244812435N11943912WA0049700484
B2113254812441N11943918WA0049700484
B2113264812445N11943924WA0049800485
B2113274812450N11943930WA0049800485
B2113284812455N11943935WA0049800485
B2113294812460N11943941WA0049800485
B2113304812466N11943946WA0049800484
B2113314812472N11943950WA0049800484
B2113324812478N11943954WA0049800483
B2113334812485N11943956WA0049800483
B2113344812491N11943959WA0049800483
B2113354812498N11943961WA0049800482
B2113364812505N11943964WA0049800482
B2113374812511N11943966WA0049700482
B2113384812517N11943968WA0049700482
B2113394812523N11943970WA0049800483
B2113404812528N11943972WA0049800483
B2113414812534N11943974WA0049800483
B2113424812540N11943976WA0049700481
B2113434812547N11943979WA0049700480
B2113444812555N11943983WA0049600479
B2113454812562N11943986WA0049600478
B2113464812568N11943989WA0049600479
B2113474812574N11943992WA0049500479
B2113484812581N11943994WA0049500479
B2113494812587N11943996WA0049500479
B2113504812594N11943997WA0049500477
B2113514812601N11943999WA0049400476
B2113524812608N11944000WA0049300474
B2113534812615N11944001WA0049200473
B2113544812622N11944003WA0049200472
B2113554812629N11944005WA0049100471
B2113564812636N11944007WA0049000470
B2113574812643N11944008WA0048900469
B2113584812650N11944010WA0048800468
B2113594812657N11944011WA0048700468
B2114004812664N11944012WA0048700468
B2114014812670N11944013WA0048700469
B2114024812676N11944015WA0048600470
B2114034812682N11944017WA0048600470
B2114044812688N11944018WA0048600470
B2114054812695N11944020WA0048500468
B2114064812703N11944022WA0048400466
B2114074812710N11944024WA0048300465
B2114084812717N11944026WA0048300465
B2114094812724N11944028WA0048300466
B2114104812730N11944031WA0048200466
B2114114812737N11944034WA0048200465
B2114124812744N11944037WA0048100464
B2114134812752N11944040WA0048100463
B2114144812759N11944044WA0048000463
B2114154812765N11944047WA0048000464
B2114164812771N11944049WA0048000465
B2114174812778N11944052WA0048000466
B2114184812784N11944054WA0048000465
B2114194812791N11944057WA0047900464
B2114204812799N11944061WA0047900462
B2114214812806N11944064WA0047800462
B2114224812812N11944066WA0047800462
B2114234812819N11944068WA0047800463
B2114244812826N11944070WA0047800462
B2114254812833N11944073WA0047700461
B2114264812840N11944075WA0047700459
B2114274812848N11944078WA0047600458
B2114284812855N11944081WA0047500458
B2114294812861N11944084WA0047500459
B2114304812868N11944086WA0047500459
B2114314812874N11944089WA0047400459
B2114324812881N11944091WA0047400458
B2114334812888N11944094WA0047400458
B2114344812895N11944096WA0047300457
B2114354812902N11944099WA0047300457
B2114364812908N11944102WA0047300457
B2114374812915N11944105WA0047200457
B2114384812921N11944107WA0047200457
B2114394812928N11944110WA0047200457
B2114404812935N11944112WA0047200456
B2114414812942N11944114WA0047100456
B2114424812949N11944117WA0047100455
B2114434812956N11944119WA0047000455
B2114444812963N11944122WA0047000455
B2114454812970N11944125WA0047000455
B2114464812976N11944128WA0047000455
B2114474812983N11944129WA0047000454
B2114484812990N11944130WA0047000454
B2114494812997N11944132WA0046900455
B2114504813003N11944134WA0046900455
B2114514813009N11944136WA0046900455
B2114524813016N11944138WA0046900454
B2114534813023N11944140WA0046900453
B2114544813030N11944141WA0046800453
B2114554813037N11944143WA0046800452
B2114564813043N11944146WA0046800453
B2114574813050N11944148WA0046800453
B2114584813056N11944150WA0046700453
B2114594813062N11944152WA0046700452
B2115004813069N11944155WA0046700451
B2115014813076N11944157WA0046600451
B2115024813082N11944160WA0046600450
B2115034813089N11944162WA0046600449
B2115044813096N11944164WA0046500449
B2115054813104N11944166WA0046500449
B2115064813110N11944167WA0046500449
B2115074813117N11944169WA0046500450
B2115084813123N11944170WA0046500451
B2115094813130N11944172WA0046500452
B2115104813136N11944173WA0046500452
B2115114813143N11944175WA0046500452
B2115124813150N11944177WA0046500452
B2115134813156N11944179WA0046600452
B2115144813163N11944182WA0046600452
B2115154813170N11944185WA0046500451
B2115164813176N11944189WA0046500451
B2115174813183N11944193WA0046500451
B2115184813189N11944197WA0046500451
B2115194813195N11944201WA0046500451
B2115204813201N11944204WA0046500451
B2115214813207N11944208WA0046500449
B2115224813215N11944211WA0046400447
B2115234813222N11944214WA0046400446
B2115244813229N11944217WA0046300446
B2115254813235N11944219WA0046200446
B2115264813242N11944221WA0046200445
B2115274813248N11944222WA0046200445
B2115284813255N11944224WA0046100445
B2115294813261N11944225WA0046100444
B2115304813267N11944228WA0046100443
B2115314813274N11944230WA0046000442
B2115324813281N11944232WA0045900441
B2115334813288N11944234WA0045900441
B2115344813295N11944236WA0045800440
B2115354813301N11944239WA0045800441
B2115364813307N11944241WA0045700441
B2115374813313N11944244WA0045700440
B2115384813320N11944246WA0045600440
B2115394813326N11944249WA0045600439
B2115404813333N11944251WA0045500438
B2115414813339N11944253WA0045500438
B2115424813345N11944256WA0045500438
B2115434813351N11944258WA0045400438
B2115444813357N11944261WA0045400438
B2115454813363N11944263WA0045400438
B2115464813369N11944265WA0045400437
B2115474813375N11944268WA0045400437
B2115484813381N11944271WA0045400436
B2115494813387N11944274WA0045300436
B2115504813393N11944277WA0045300436
B2115514813398N11944279WA0045200435
B2115524813405N11944282WA0045200433
B2115534813411N11944285WA0045100432
B2115544813417N11944288WA0045000431
B2115554813423N11944291WA0045000430
B2115564813429N11944294WA0044900430
B2115574813435N11944298WA0044800430
B2115584813441N11944301WA0044800430
B2115594813447N11944305WA0044800432
B2116004813452N11944309WA0044800433
B2116014813457N11944312WA0044800434
B2116024813463N11944315WA0044800435
B2116034813468N11944318WA0044900435
B2116044813474N11944320WA0044900435
B2116054813479N11944322WA0044900434
B2116064813485N11944324WA0044800433
B2116074813491N11944326WA0044800432
B2116084813497N11944329WA0044800432
B2116094813502N11944331WA0044700433
B2116104813507N11944334WA0044700433
B2116114813512N11944337WA0044700432
B2116124813517N11944339WA0044700432
B2116134813523N11944340WA0044700431
B2116144813528N11944342WA0044700430
B2116154813534N11944343WA0044600428
B2116164813539N11944344WA0044600427
B2116174813545N11944345WA0044500426
B2116184813551N11944346WA0044400426
B2116194813557N11944347WA0044400425
B2116204813563N11944347WA0044300425
B2116214813568N11944348WA0044300425
B2116224813573N11944348WA0044300425
B2116234813578N11944348WA0044200424
B2116244813584N11944349WA0044200423
B2116254813591N11944351WA0044100422
B2116264813597N11944354WA0044100423
B2116274813602N11944356WA0044100424
B2116284813607N11944359WA0044100425
B2116294813612N11944363WA0044100426
B2116304813617N11944367WA0044100424
B2116314813624N11944371WA0044000423
B2116324813630N11944376WA0044000420
B2116334813638N11944382WA0043900419
B2116344813644N11944388WA0043800419
B2116354813649N11944394WA0043800421
B2116364813654N11944400WA0043800423
B2116374813658N11944407WA0043800423
B2116384813663N11944414WA0043800422
B2116394813668N11944421WA0043800421
B2116404813674N11944428WA0043700420
B2116414813679N11944434WA0043700421
B2116424813684N11944440WA0043700421
B2116434813689N11944445WA0043800422
B2116444813693N11944451WA0043800422
B2116454813699N11944456WA0043800422
B2116464813704N11944462WA0043700421
B2116474813711N11944467WA0043700420
B2116484813717N11944471WA0043700419
B2116494813723N11944475WA0043600419
B2116504813729N11944478WA0043600420
B2116514813734N11944482WA0043600420
B2116524813741N11944486WA0043600419
B2116534813747N11944489WA0043500418
B2116544813754N11944493WA0043500415
B2116554813761N11944497WA0043400415
B2116564813768N11944500WA0043300414
B2116574813774N11944504WA0043300414
B2116584813781N11944507WA0043200413
B2116594813787N11944510WA0043100412
B2117004813794N11944512WA0043000410
B2117014813801N11944514WA0042900409
B2117024813808N11944516WA0042900408
B2117034813814N11944519WA0042800407
B2117044813821N11944522WA0042700407
B2117054813828N11944525WA0042600407
B2117064813834N11944529WA0042600407
B2117074813841N11944532WA0042600407
B2117084813847N11944535WA0042500406
B2117094813854N11944539WA0042400405
B2117104813861N11944543WA0042400403
B2117114813868N11944547WA0042300402
B2117124813874N11944552WA0042200402
B2117134813881N11944556WA0042100402
B2117144813886N11944561WA0042100402
B2117154813892N11944566WA0042000401
B2117164813899N11944571WA0042000400
B2117174813905N11944575WA0041900400
B2117184813911N11944579WA0041800399
B2117194813917N11944583WA0041800399
B2117204813923N11944587WA0041700399
B2117214813929N11944591WA0041700399
B2117224813935N11944595WA0041700398
B2117234813941N11944599WA0041600398
B2117244813946N11944602WA0041600397
B2117254813953N11944605WA0041500396
B2117264813959N11944608WA0041500395
B2117274813965N11944612WA0041400394
B2117284813971N11944616WA0041400393
B2117294813977N11944620WA0041300393
B2117304813983N11944624WA0041200392
B2117314813989N11944629WA0041200392
B2117324813995N11944633WA0041100392
B2117334814001N11944637WA0041100392
B2117344814007N11944642WA0041100392
B2117354814013N11944646WA0041100392
B2117364814018N11944650WA0041000393
B2117374814024N11944655WA0041000393
B2117384814029N11944659WA0041000392
B2117394814035N11944663WA0041000392
B2117404814041N11944667WA0040900391
B2117414814047N11944671WA0040900390
B2117424814052N11944675WA0040800390
B2117434814058N11944679WA0040800390
B2117444814064N11944682WA0040800389
B2117454814069N11944685WA0040700389
B2117464814076N11944688WA0040700388
B2117474814082N11944691WA0040600388
B2117484814088N11944694WA0040600388
B2117494814094N11944697WA0040600388
B2117504814099N11944699WA0040600389
B2117514814105N11944702WA0040600389
B2117524814110N11944704WA0040600389
B2117534814116N11944705WA0040500388
B2117544814122N11944707WA0040500387
B2117554814129N11944709WA0040400386
B2117564814134N11944710WA0040400386
B2117574814139N11944712WA0040400387
B2117584814144N11944713WA0040400387
B2117594814149N11944714WA0040400385
B2118004814155N11944715WA0040300383
B2118014814161N11944716WA0040200382
B2118024814168N11944718WA0040200380
B2118034814174N11944720WA0040100380
B2118044814180N11944722WA0040000380
B2118054814185N11944724WA0040000380
B2118064814190N11944727WA0040000379
B2118074814196N11944731WA0039900378
B2118084814202N11944734WA0039800377
B2118094814209N11944738WA0039700376
B2118104814215N11944741WA0039700375
B2118114814220N11944745WA0039600376
B2118124814226N11944749WA0039600376
B2118134814231N11944753WA0039600376
B2118144814237N11944757WA0039500375
B2118154814242N11944761WA0039500374
B2118164814248N11944765WA0039400374
B2118174814254N11944769WA0039300373
B2118184814259N11944773WA0039300372
B2118194814265N11944776WA0039200371
B2118204814271N11944779WA0039200370
B2118214814277N11944782WA0039100368
B2118224814283N11944785WA0039000367
B2118234814289N11944787WA0038900366
B2118244814295N11944790WA0038900365
B2118254814301N11944792WA0038800364
B2118264814307N11944793WA0038700364
B2118274814313N11944795WA0038600364
B2118284814319N11944796WA0038600363
B2118294814325N11944798WA0038500362
B2118304814331N11944800WA0038500361
B2118314814338N11944801WA0038300360
B2118324814344N11944801WA0038300359
B2118334814350N11944802WA0038200358
B2118344814356N11944802WA0038100358
B2118354814362N11944803WA0038100358
B2118364814369N11944804WA0038000357
B2118374814375N11944804WA0037900357
B2118384814381N11944805WA0037900357
B2118394814386N11944806WA0037800356
B2118404814392N11944807WA0037800355
B2118414814398N11944807WA0037700354
B2118424814405N11944807WA0037600352
B2118434814411N11944806WA0037500351
B2118444814418N11944805WA0037400349
B2118454814424N11944804WA0037300348
B2118464814431N11944803WA0037200347
B2118474814437N11944801WA0037100347
B2118484814442N11944799WA0037100347
B2118494814447N11944796WA0037000346
B2118504814453N11944794WA0036900345
B2118514814458N11944790WA0036800343
B2118524814463N11944785WA0036800342
B2118534814467N11944780WA0036600340
B2118544814471N11944774WA0036500338
B2118554814475N11944769WA0036400337
B2118564814480N11944763WA0036300336
B2118574814484N11944758WA0036200335
B2118584814488N11944753WA0036100334
B2118594814493N11944747WA0036000332
B2119004814498N11944742WA0035900331
B2119014814502N11944737WA0035800330
B2119024814506N11944733WA0035700329
B2119034814510N11944728WA0035600328
B2119044814513N11944723WA0035500327
B2119054814517N11944718WA0035400326
B2119064814520N11944712WA0035300325
B2119074814524N11944706WA0035200323
B2119084814529N11944701WA0035100321
B2119094814533N11944696WA0035000321
B2119104814538N11944691WA0034900321
B2119114814543N11944687WA0034800320
B2119124814546N11944681WA0034700320
B2119134814549N11944675WA0034600319
B2119144814552N11944667WA0034500318
B2119154814554N11944659WA0034400317
B2119164814556N11944651WA0034400317
B2119174814558N11944645WA0034300319
B2119184814559N11944639WA0034300320
B2119194814559N11944633WA0034400321
B2119204814560N11944628WA0034400322
B2119214814560N11944622WA0034300321
B2119224814561N11944615WA0034300320
B2119234814561N11944608WA0034200319
B2119244814561N11944601WA0034200318
B2119254814562N11944594WA0034200318
B2119264814562N11944588WA0034100318
B2119274814562N11944582WA0034100318
B2119284814562N11944575WA0034100317
B2119294814562N11944569WA0034000316
B2119304814561N11944562WA0034000316
B2119314814560N11944556WA0034000315
B2119324814560N11944550WA0034000315
B2119334814560N11944544WA0033900315
B2119344814560N11944538WA0033900315
B2119354814561N11944532WA0033900314
B2119364814561N11944525WA0033800313
B2119374814562N11944519WA0033700311
B2119384814562N11944512WA0033700311
B2119394814563N11944506WA0033600310
B2119404814564N11944500WA0033600310
B2119414814566N11944495WA0033600309
B2119424814568N11944489WA0033500307
B2119434814572N11944485WA0033400305
B2119444814577N11944480WA0033300302
B2119454814583N11944478WA0033100301
B2119464814588N11944476WA0033000299
B2119474814594N11944476WA0032900298
B2119484814600N11944478WA0032800297
B2119494814606N11944479WA0032700296
B2119504814611N11944479WA0032600295
B2119514814616N11944479WA0032500294
B2119524814622N11944479WA0032400292
B2119534814627N11944477WA0032200290
B2119544814633N11944475WA0032100288
B2119554814638N11944473WA0032000287
B2119564814643N11944470WA0031900286
B2119574814648N11944467WA0031700286
B2119584814653N11944463WA0031700285
B2119594814657N11944460WA0031600285
B2120004814660N11944456WA0031500284
B2120014814664N11944453WA0031400283
B2120024814667N11944449WA0031300283
B2120034814670N11944445WA0031300282
B2120044814673N11944442WA0031200282
B2120054814676N11944438WA0031200281
B2120064814678N11944433WA0031100280
B2120074814681N11944428WA0031000279
B2120084814683N11944423WA0031000279
B2120094814683N11944418WA0030900279
B2120104814683N11944413WA0030800278
B2120114814681N11944408WA0030700276
B2120124814678N11944405WA0030700274
B2120134814674N11944405WA0030500271
B2120144814669N11944408WA0030400268
B2120154814665N11944414WA0030200267
B2120164814662N11944421WA0030100266
B2120174814661N11944428WA0030000267
B2120184814659N11944434WA0029900267
B2120194814658N11944441WA0029800266
B2120204814655N11944447WA0029700265
B2120214814652N11944454WA0029600263
B2120224814649N11944460WA0029500262
B2120234814645N11944465WA0029400260
B2120244814641N11944470WA0029300259
B2120254814638N11944474WA0029200258
B2120264814635N11944476WA0029100258
B2120274814633N11944478WA0029100258
B2120284814632N11944478WA0029000257
B2120294814632N11944478WA0029000257
B2120304814632N11944478WA0029000256
B2120314814632N11944478WA0028900256
B2120324814632N11944478WA0028900256
B2120334814632N11944478WA0028900255
B2120344814632N11944478WA0028900256
B2120354814632N11944478WA0028900255
B2120364814632N11944478WA0028800255
B2120374814632N11944478WA0028800256
B2120384814632N11944478WA0028800256
B2120394814632N11944478WA0028800255
B2120404814632N11944478WA0028800255
B2120414814632N11944478WA0028800255
B2120424814632N11944478WA0028800255
B2120434814632N11944478WA0028800255
B2120444814632N11944478WA0028800255
B2120454814632N11944478WA0028800255
B2120464814632N11944478WA0028800255
B2120474814632N11944478WA0028700255
B2120484814632N11944478WA0028700255
B2120494814632N11944478WA0028700256
B2120504814632N11944479WA0028700256
B2120514814632N11944479WA0028700256
B2120524814633N11944480WA0028700256
B2120534814633N11944481WA0028700257
B2120544814632N11944482WA0028800257
B2120554814632N11944482WA0028800257
B2120564814632N11944483WA0028800258
B2120574814632N11944483WA0028800258
B2120584814632N11944484WA0028800259
B2120594814631N11944484WA0028800259
B2121004814631N11944484WA0028800259
B2121014814631N11944484WA0028800259
B2121024814631N11944484WA0028800259
B2121034814630N11944484WA0028800259
B2121044814630N11944484WA0028800259
B2121054814630N11944485WA0028800259
B2121064814630N11944485WA0028800259
B2121074814630N11944485WA0028800259
B2121084814630N11944485WA0028800259
B2121094814630N11944485WA0028800259
B2121104814630N11944485WA0028800259
B2121114814630N11944485WA0028800259
B2121124814630N11944485WA0028800259
B2121134814630N11944485WA0028900259
B2121144814630N11944485WA0028900259
B2121154814630N11944484WA0028900259
B2121164814630N11944484WA0028900259
B2121174814631N11944483WA0028900260
B2121184814631N11944484WA0028900261
B2121194814631N11944484WA0028900260
B2121204814631N11944484WA0028900259
B2121214814631N11944484WA0028900258
B2121224814631N11944484WA0028900258
B2121234814631N11944484WA0028900258
B2121244814631N11944484WA0028900258
B2121254814631N11944484WA0028900258
B2121264814631N11944483WA0028900258
B2121274814631N11944483WA0028900259
B2121284814631N11944483WA0028900259
B2121294814631N11944482WA0028900259
B2121304814631N11944482WA0028900259
B2121314814631N11944481WA0028900259
B2121324814631N11944481WA0028900258
B2121334814631N11944480WA0028800258
B2121344814631N11944480WA0028800258
B2121354814631N11944479WA0028800258
B2121364814631N11944479WA0028800258
B2121374814631N11944478WA0028800257
B2121384814631N11944478WA0028800257
B2121394814631N11944477WA0028800257
B2121404814631N11944477WA0028800257
B2121414814631N11944477WA0028800257
B2121424814631N11944477WA0028800257
B2121434814631N11944478WA0028800257
B2121444814631N11944477WA0028800257
B2121454814631N11944477WA0028800257
B2121464814631N11944478WA0028800257
B2121474814631N11944478WA0028800257
B2121484814631N11944478WA0028800257
B2121494814631N11944478WA0028800257
B2121504814631N11944478WA0028800257
B2121514814631N11944478WA0028800257
B2121524814631N11944478WA0028800257
B2121534814631N11944478WA0028800257
B2121544814631N11944478WA0028800257
B2121554814631N11944478WA0028800257
B2121564814631N11944478WA0028800257
B2121574814631N11944478WA0028800258
B2121584814631N11944477WA0028800258
B2121594814631N11944477WA0028800258
B2122004814631N11944478WA0028800258
B2122014814631N11944478WA0028800258
B2122024814631N11944478WA0028800258
B2122034814631N11944477WA0028800258
B2122044814631N11944478WA0028800258
B2122054814631N11944478WA0028800258
B2122064814631N11944478WA0028800258
B2122074814631N11944478WA0028800257
B2122084814631N11944478WA0028800257
B2122094814631N11944478WA0028800257
B2122104814631N11944478WA0028800257
B2122114814631N11944478WA0028800257
B2122124814631N11944478WA0028800257
B2122134814631N11944478WA0028800256
B2122144814631N11944478WA0028800256
B2122154814631N11944478WA0028800256
B2122164814631N11944478WA0028800256
B2122174814631N11944478WA0028800256
B2122184814632N11944479WA0028800256
B2122194814632N11944479WA0028800256
B2122204814631N11944479WA0028800256
B2122214814632N11944479WA0028800255
B2122224814632N11944478WA0028800255
B2122234814632N11944478WA0028800257
B2122244814632N11944478WA0028700256
B2122254814632N11944478WA0028700256
B2122264814632N11944478WA0028700256
B2122274814632N11944478WA0028700256
B2122284814632N11944479WA0028700256
B2122294814632N11944479WA0028700256
B2122304814632N11944479WA0028700256
B2122314814632N11944479WA0028700256
B2122324814632N11944479WA0028700256
B2122334814632N11944479WA0028700256
B2122344814632N11944479WA0028700256
B2122354814632N11944479WA0028700256
B2122364814632N11944479WA0028700256
B2122374814632N11944479WA0028700256
B2122384814632N11944479WA0028700256
B2122394814632N11944479WA0028700256
B2122404814632N11944479WA0028700256
B2122414814632N11944479WA0028700256
B2122424814632N11944479WA0028700256
B2122434814632N11944479WA0028700256
B2122444814632N11944479WA0028700256
B2122454814632N11944479WA0028700256
B2122464814632N11944479WA0028700256
B2122474814632N11944479WA0028700256
B2122484814632N11944479WA0028700256
B2122494814632N11944479WA0028700256
B2122504814632N11944479WA0028700256
B2122514814632N11944479WA0028700256
B2122524814632N11944479WA0028700256
B2122534814632N11944479WA0028700256
B2122544814631N11944479WA0028700256
B2122554814631N11944479WA0028700256
B2122564814631N11944479WA0028700256
B2122574814631N11944479WA0028700256
B2122584814631N11944479WA0028700256
B2122594814631N11944479WA0028700256
B2123004814631N11944479WA0028700255
B2123014814631N11944479WA0028700255
B2123024814631N11944479WA0028700255
B2123034814631N11944479WA0028700255
B2123044814631N11944479WA0028700255
B2123054814631N11944479WA0028700255
B2123064814631N11944478WA0028700255
B2123074814631N11944478WA0028700256
B2123084814631N11944478WA0028700256
B2123094814631N11944478WA0028700256
B2123104814631N11944478WA0028700256
B2123114814631N11944478WA0028700256
B2123124814631N11944478WA0028700256
B2123134814631N11944478WA0028700256
B2123144814631N11944478WA0028700256
B2123154814631N11944478WA0028700256
B2123164814631N11944478WA0028700256
B2123174814631N11944478WA0028700256
B2123184814631N11944478WA0028700256
B2123194814631N11944478WA0028700256
B2123204814631N11944478WA0028700256
B2123214814631N11944478WA0028700256
B2123224814631N11944478WA0028700256
B2123234814631N11944478WA0028700256
B2123244814631N11944478WA0028700256
B2123254814631N11944478WA0028700257
B2123264814631N11944478WA0028700257
B2123274814631N11944478WA0028700257
B2123284814631N11944478WA0028700257
B2123294814631N11944478WA0028700256
B2123304814631N11944478WA0028700257
B2123314814631N11944478WA0028700257
B2123324814631N11944478WA0028700257
B2123334814631N11944478WA0028700257
B2123344814631N11944478WA0028700257
B2123354814631N11944478WA0028700256
B2123364814631N11944478WA0028700256
B2123374814631N11944478WA0028700256
B2123384814631N11944478WA0028700256
B2123394814631N11944478WA0028700256
B2123404814631N11944478WA0028700256
B2123414814631N11944478WA0028700256
B2123424814631N11944478WA0028700256
B2123434814631N11944478WA0028700256
B2123444814631N11944478WA0028700256
B2123454814631N11944478WA0028700256
B2123464814631N11944478WA0028700256
B2123474814631N11944478WA0028700256
B2123484814631N11944478WA0028700256
B2123494814631N11944478WA0028700256
B2123504814631N11944478WA0028700256
B2123514814631N11944478WA0028700256
B2123524814631N11944478WA0028700256
B2123534814631N11944478WA0028700256
B2123544814631N11944478WA0028700256
B2123554814631N11944478WA0028700256
B2123564814631N11944478WA0028700256
B2123574814631N11944478WA0028700256
B2123584814631N11944478WA0028700256
B2123594814631N11944478WA0028700256
B2124004814631N11944478WA0028700256
B2124014814631N11944478WA0028700256
B2124024814631N11944478WA0028700256
B2124034814631N11944478WA0028700256
B2124044814631N11944478WA0028700256
B2124054814631N11944479WA0028700256
B2124064814631N11944479WA0028700256
B2124074814631N11944479WA0028700256
B2124084814631N11944479WA0028700256
B2124094814631N11944479WA0028700256
B2124104814631N11944479WA0028700256
B2124114814631N11944479WA0028700256
B2124124814631N11944479WA0028700256
B2124134814631N11944479WA0028700256
B2124144814631N11944479WA0028700256
B2124154814631N11944479WA0028700256
B2124164814631N11944478WA0028700256
B2124174814631N11944478WA0028700256
B2124184814631N11944478WA0028700256
B2124194814631N11944478WA0028700256
B2124204814631N11944478WA0028700256
B2124214814631N11944478WA0028700256
B2124224814631N11944478WA0028700256
B2124234814631N11944478WA0028700256
B2124244814631N11944478WA0028700256
B2124254814631N11944478WA0028700256
B2124264814631N11944478WA0028700256
B2124274814631N11944478WA0028700256
B2124284814631N11944478WA0028700256
B2124294814631N11944478WA0028700256
B2124304814631N11944478WA0028700256
B2124314814631N11944478WA0028700256
B2124324814631N11944478WA0028700256
B2124334814631N11944478WA0028700256
B2124344814631N11944478WA0028700256
B2124354814631N11944479WA0028700256
B2124364814631N11944479WA0028700256
B2124374814631N11944479WA0028700256
B2124384814631N11944478WA0028700256
B2124394814631N11944478WA0028700256
B2124404814631N11944478WA0028700256
B2124414814631N11944479WA0028700256
B2124424814631N11944479WA0028700256
B2124434814631N11944479WA0028700256
B2124444814631N11944479WA0028700256
B2124454814631N11944479WA0028700256
B2124464814631N11944479WA0028700256
B2124474814631N11944479WA0028700256
B2124484814631N11944479WA0028700256
B2124494814631N11944479WA0028700256
B2124504814631N11944478WA0028700256
B2124514814631N11944478WA0028700256
B2124524814631N11944479WA0028700256
B2124534814631N11944479WA0028700256
B2124544814631N11944479WA0028700256
B2124554814631N11944479WA0028700256
B2124564814631N11944479WA0028700256
B2124574814631N11944479WA0028700256
B2124584814631N11944479WA0028700256
B2124594814631N11944479WA0028700256
B2125004814631N11944479WA0028700256
B2125014814631N11944479WA0028700256
B2125024814631N11944479WA0028700256
B2125034814631N11944479WA0028700256
B2125044814631N11944479WA0028700256
B2125054814631N11944479WA0028700256
B2125064814631N11944479WA0028700256
B2125074814631N11944478WA0028700256
B2125084814631N11944478WA0028700256
B2125094814631N11944478WA0028700256
B2125104814631N11944478WA0028700257
B2125114814631N11944477WA0028700256
B2125124814631N11944477WA0028700256
B2125134814631N11944477WA0028700256
B2125144814631N11944477WA0028700256
B2125154814631N11944477WA0028700257
B2125164814631N11944477WA0028700257
B2125174814631N11944477WA0028700257
B2125184814631N11944477WA0028700257
B2125194814631N11944477WA0028700257
B2125204814631N11944477WA0028700257
B2125214814631N11944477WA0028700258
B2125224814631N11944477WA0028700258
B2125234814631N11944477WA0028700258
B2125244814631N11944477WA0028700258
B2125254814631N11944477WA0028700258
B2125264814631N11944477WA0028700258
B2125274814631N11944477WA0028700258
B2125284814631N11944477WA0028700258
B2125294814631N11944477WA0028700258
B2125304814631N11944477WA0028700258
B2125314814631N11944477WA0028700258
B2125324814631N11944477WA0028700258
B2125334814631N11944477WA0028700258
B2125344814631N11944477WA0028700258
B2125354814631N11944477WA0028700258
B2125364814631N11944477WA0028700258
B2125374814631N11944477WA0028700258
B2125384814631N11944477WA0028700258
B2125394814631N11944477WA0028700258
B2125404814631N11944477WA0028700258
B2125414814631N11944477WA0028700258
B2125424814631N11944477WA0028700258
B2125434814631N11944477WA0028700258
B2125444814631N11944477WA0028700258
B2125454814631N11944477WA0028700258
B2125464814631N11944477WA0028700258
B2125474814631N11944477WA0028700258
B2125484814631N11944477WA0028700258
B2125494814631N11944477WA0028700258
B2125504814631N11944477WA0028700258
B2125514814631N11944477WA0028700258
B2125524814632N11944477WA0028700258
B2125534814632N11944477WA0028700259
B2125544814632N11944477WA0028700259
B2125554814632N11944477WA0028700259
B2125564814631N11944477WA0028700258
B2125574814631N11944477WA0028700258
B2125584814631N11944477WA0028700258
B2125594814631N11944477WA0028700258
B2126004814631N11944477WA0028700258
B2126014814631N11944477WA0028700258
B2126024814631N11944477WA0028700258
B2126034814631N11944477WA0028700258
B2126044814631N11944477WA0028700258
B2126054814631N11944477WA0028700257
B2126064814631N11944477WA0028700257
B2126074814631N11944477WA0028700257
B2126084814631N11944477WA0028700257
B2126094814631N11944477WA0028700257
B2126104814631N11944477WA0028700257
B2126114814631N11944477WA0028700257
B2126124814631N11944477WA0028700257
B2126134814631N11944477WA0028700257
B2126144814631N11944477WA0028700257
B2126154814631N11944477WA0028700257
B2126164814631N11944477WA0028700257
B2126174814631N11944477WA0028700257
B2126184814631N11944477WA0028700257
B2126194814631N11944477WA0028700257
B2126204814631N11944477WA0028700257
B2126214814631N11944477WA0028700257
B2126224814631N11944477WA0028700257
B2126234814631N11944477WA0028700257
B2126244814631N11944477WA0028700257
B2126254814631N11944477WA0028700257
B2126264814631N11944477WA0028700257
B2126274814631N11944477WA0028700257
B2126284814631N11944477WA0028700256
B2126294814631N11944477WA0028700256
B2126304814631N11944477WA0028700256
B2126314814631N11944477WA0028700256
B2126324814631N11944477WA0028700256
B2126334814631N11944477WA0028700257
B2126344814631N11944477WA0028700257
B2126354814631N11944477WA0028700257
B2126364814631N11944477WA0028700257
B2126374814631N11944477WA0028700257
B2126384814631N11944477WA0028700256
B2126394814631N11944477WA0028700256
B2126404814631N11944477WA0028700256
B2126414814631N11944477WA0028700256
B2126424814631N11944477WA0028700256
B2126434814631N11944477WA0028700256
B2126444814631N11944477WA0028700256
B2126454814631N11944477WA0028700256
B2126464814631N11944477WA0028700256
B2126474814631N11944477WA0028700256
B2126484814631N11944477WA0028700256
B2126494814631N11944477WA0028700256
B2126504814631N11944477WA0028700256
B2126514814631N11944477WA0028700256
B2126524814631N11944477WA0028700256
B2126534814631N11944477WA0028700256
B2126544814631N11944477WA0028700256
B2126554814631N11944478WA0028700256
B2126564814631N11944478WA0028700256
B2126574814631N11944477WA0028700256
B2126584814631N11944477WA0028700256
B2126594814631N11944477WA0028700256
B2127004814631N11944477WA0028700256
B2127014814631N11944477WA0028700257
B2127024814631N11944477WA0028700257
B2127034814631N11944477WA0028700257
B2127044814631N11944477WA0028700257
B2127054814631N11944477WA0028700257
B2127064814631N11944477WA0028700257
B2127074814631N11944477WA0028700257
B2127084814631N11944477WA0028700257
B2127094814631N11944477WA0028700257
B2127104814631N11944477WA0028700258
B2127114814631N11944477WA0028700258
B2127124814631N11944477WA0028700258
B2127134814631N11944477WA0028700258
B2127144814631N11944477WA0028700257
B2127154814631N11944477WA0028700257
B2127164814631N11944477WA0028700257
B2127174814631N11944477WA0028700257
B2127184814631N11944477WA0028700257
B2127194814631N11944477WA0028700257
B2127204814631N11944477WA0028700257
B2127214814631N11944477WA0028700257
B2127224814631N11944477WA0028700257
B2127234814631N11944477WA0028700257
B2127244814631N11944477WA0028700257
B2127254814631N11944477WA0028700257
B2127264814631N11944477WA0028700257
B2127274814631N11944477WA0028700257
B2127284814631N11944477WA0028700257
B2127294814631N11944477WA0028700257
B2127304814631N11944477WA0028700257
B2127314814631N11944477WA0028700257
B2127324814631N11944477WA0028700257
B2127334814631N11944477WA0028700257
B2127344814631N11944477WA0028700257
B2127354814631N11944477WA0028700257
B2127364814631N11944477WA0028700257
B2127374814631N11944477WA0028700257
B2127384814631N11944477WA0028700257
B2127394814631N11944477WA0028700258
B2127404814631N11944477WA0028700257
B2127414814631N11944477WA0028700257
B2127424814631N11944477WA0028700257
B2127434814631N11944477WA0028700257
B2127444814631N11944477WA0028700257
B2127454814631N11944477WA0028700257
B2127464814631N11944477WA0028700257
B2127474814631N11944477WA0028700257
B2127484814631N11944477WA0028700257
B2127494814631N11944477WA0028700257
B2127504814631N11944477WA0028700257
B2127514814631N11944477WA0028700257
B2127524814631N11944477WA0028700257
B2127534814631N11944477WA0028700257
B2127544814631N11944477WA0028700257
B2127554814631N11944477WA0028700257
B2127564814631N11944477WA0028700257
B2127574814631N11944477WA0028700257
B2127584814631N11944477WA0028700257
B2127594814631N11944477WA0028700257
B2128004814631N11944477WA0028700257
B2128014814631N11944477WA0028700257
B2128024814631N11944477WA0028700257
B2128034814631N11944477WA0028700257
B2128044814631N11944477WA0028700258
B2128054814631N11944477WA0028700258
B2128064814631N11944477WA0028700258
B2128074814631N11944477WA0028700258
B2128084814631N11944477WA0028700258
B2128094814631N11944477WA0028700258
B2128104814631N11944477WA0028700258
B2128114814631N11944477WA0028700258
B2128124814631N11944477WA0028700258
B2128134814631N11944477WA0028700258
B2128144814631N11944477WA0028700258
B2128154814631N11944477WA0028700258
B2128164814631N11944477WA0028700258
B2128174814630N11944477WA0028700258
B2128184814630N11944477WA0028700258
B2128194814630N11944477WA0028700258
B2128204814630N11944477WA0028700258
B2128214814630N11944477WA0028700258
B2128224814630N11944477WA0028700258
B2128234814630N11944477WA0028700257
B2128244814630N11944477WA0028700258
B2128254814630N11944477WA0028700257
B2128264814630N11944477WA0028700258
B2128274814630N11944477WA0028700258
B2128284814630N11944477WA0028700258
B2128294814630N11944477WA0028700258
B2128304814630N11944477WA0028700258
B2128314814631N11944477WA0028700258
B2128324814631N11944477WA0028800258
B2128334814631N11944477WA0028800258
B2128344814631N11944477WA0028800258
B2128354814631N11944477WA0028800258
B2128364814631N11944477WA0028800259
B2128374814631N11944477WA0028800259
B2128384814631N11944477WA0028800259
B2128394814631N11944477WA0028800259
B2128404814631N11944477WA0028800259
B2128414814631N11944477WA0028800259
B2128424814631N11944477WA0028800259
B2128434814631N11944477WA0028800259
B2128444814631N11944477WA0028800259
B2128454814631N11944477WA0028800259
B2128464814631N11944477WA0028800259
B2128474814631N11944477WA0028800259
B2128484814631N11944477WA0028800259
B2128494814631N11944477WA0028800259
B2128504814631N11944477WA0028800259
B2128514814631N11944477WA0028800259
B2128524814631N11944477WA0028800259
B2128534814631N11944477WA0028800259
B2128544814631N11944477WA0028800259
B2128554814631N11944477WA0028800259
B2128564814631N11944477WA0028800259
B2128574814631N11944477WA0028800259
B2128584814631N11944477WA0028800259
B2128594814631N11944477WA0028800259
B2129004814631N11944477WA0028800259
B2129014814631N11944477WA0028800259
B2129024814631N11944477WA0028800259
B2129034814631N11944477WA0028800260
B2129044814631N11944477WA0028800260
B2129054814631N11944477WA0028800259
B2129064814631N11944477WA0028800260
B2129074814631N11944477WA0028800260
B2129084814631N11944477WA0028800260
B2129094814631N11944477WA0028800260
B2129104814631N11944477WA0028800260
B2129114814631N11944477WA0028800260
B2129124814631N11944477WA0028800260
B2129134814631N11944477WA0028800260
B2129144814631N11944477WA0028800260
B2129154814631N11944476WA0028800260
B2129164814631N11944476WA0028800260
B2129174814631N11944476WA0028800259
B2129184814631N11944476WA0028800259
B2129194814631N11944476WA0028800259
B2129204814631N11944476WA0028800259
B2129214814631N11944476WA0028800259
B2129224814631N11944476WA0028800259
B2129234814631N11944476WA0028800259
B2129244814631N11944476WA0028800259
B2129254814631N11944476WA0028800259
B2129264814631N11944476WA0028800259
B2129274814631N11944476WA0028800259
B2129284814631N11944476WA0028800259
B2129294814631N11944476WA0028800259
B2129304814631N11944476WA0028800259
B2129314814631N11944476WA0028800259
B2129324814631N11944476WA0028800259
B2129334814631N11944477WA0028800259
B2129344814631N11944477WA0028800259
B2129354814631N11944477WA0028800259
B2129364814631N11944477WA0028800259
B2129374814631N11944477WA0028800259
B2129384814631N11944477WA0028800259
B2129394814631N11944477WA0028800258
B2129404814631N11944477WA0028800258
B2129414814631N11944477WA0028800258
B2129424814631N11944477WA0028800258
B2129434814631N11944477WA0028800258
B2129444814631N11944477WA0028800258
B2129454814631N11944477WA0028800258
B2129464814631N11944477WA0028800258
B2129474814631N11944477WA0028800258
B2129484814631N11944477WA0028800258
B2129494814631N11944477WA0028800258
B2129504814631N11944477WA0028800258
B2129514814631N11944477WA0028800258
B2129524814631N11944477WA0028800258
B2129534814631N11944477WA0028800258
B2129544814631N11944477WA0028800258
B2129554814631N11944477WA0028800258
B2129564814631N11944477WA0028800258
B2129574814631N11944477WA0028800258
B2129584814631N11944477WA0028800258
B2129594814631N11944477WA0028800258
B2130004814631N11944477WA0028800258
B2130014814631N11944477WA0028800258
B2130024814631N11944477WA0028800258
B2130034814631N11944477WA0028800258
B2130044814631N11944477WA0028800258
B2130054814631N11944477WA0028800258
B2130064814631N11944477WA0028800258
B2130074814631N11944477WA0028800258
B2130084814631N11944477WA0028800258
B2130094814631N11944477WA0028800258
B2130104814631N11944477WA0028800258
B2130114814631N11944476WA0028800258
B2130124814631N11944476WA0028800258
B2130134814631N11944476WA0028800258
B2130144814630N11944476WA0028800258
B2130154814630N11944476WA0028800259
B2130164814630N11944476WA0028800259
B2130174814630N11944476WA0028800259
B2130184814630N11944476WA0028800259
B2130194814630N11944476WA0028800259
B2130204814630N11944476WA0028800259
B2130214814630N11944476WA0028800259
B2130224814630N11944476WA0028800259
B2130234814630N11944476WA0028800259
B2130244814630N11944476WA0028800259
B2130254814630N11944476WA0028800259
B2130264814630N11944476WA0028800259
B2130274814630N11944476WA0028800259
B2130284814631N11944476WA0028800260
B2130294814631N11944476WA0028800259
B2130304814631N11944476WA0028800259
B2130314814631N11944476WA0028800259
B2130324814631N11944476WA0028800259
B2130334814630N11944476WA0028800259
B2130344814630N11944476WA0028800259
B2130354814630N11944476WA0028800259
B2130364814630N11944477WA0028800259
B2130374814630N11944477WA0028800259
B2130384814630N11944477WA0028800259
B2130394814630N11944477WA0028800259
B2130404814631N11944477WA0028800258
B2130414814631N11944477WA0028800258
B2130424814631N11944477WA0028800258
B2130434814631N11944477WA0028800258
B2130444814631N11944477WA0028800258
B2130454814631N11944477WA0028800258
B2130464814631N11944477WA0028800258
B2130474814631N11944477WA0028800257
B2130484814630N11944477WA0028800257
B2130494814630N11944477WA0028800257
B2130504814630N11944477WA0028800257
B2130514814630N11944477WA0028800257
B2130524814630N11944477WA0028800257
B2130534814630N11944477WA0028800257
B2130544814630N11944477WA0028800257
B2130554814630N11944477WA0028800257
B2130564814630N11944477WA0028800257
B2130574814630N11944477WA0028800257
B2130584814630N11944477WA0028800257
B2130594814630N11944477WA0028800258
B2131004814630N11944477WA0028800258
B2131014814630N11944477WA0028800258
B2131024814630N11944477WA0028800258
B2131034814630N11944477WA0028800258
B2131044814630N11944477WA0028800258
B2131054814630N11944477WA0028800258
B2131064814630N11944477WA0028800258
B2131074814630N11944477WA0028800258
B2131084814630N11944477WA0028800258
B2131094814630N11944477WA0028800258
B2131104814630N11944477WA0028800258
B2131114814630N11944478WA0028800258
B2131124814630N11944478WA0028800257
B2131134814630N11944478WA0028800257
B2131144814630N11944478WA0028800257
B2131154814630N11944478WA0028800257
B2131164814630N11944478WA0028800257
B2131174814630N11944478WA0028800256
B2131184814630N11944478WA0028800256
B2131194814630N11944478WA0028800256
B2131204814630N11944478WA0028800256
B2131214814630N11944478WA0028800256
B2131224814630N11944478WA0028800256
B2131234814630N11944478WA0028800256
B2131244814630N11944478WA0028800256
B2131254814630N11944478WA0028800256
B2131264814631N11944477WA0028800256
B2131274814631N11944477WA0028800256
B2131284814631N11944478WA0028800256
B2131294814631N11944478WA0028800256
B2131304814631N11944478WA0028800256
B2131314814631N11944477WA0028800256
B2131324814631N11944477WA0028800256
B2131334814631N11944477WA0028800256
B2131344814631N11944477WA0028800256
B2131354814631N11944477WA0028800256
B2131364814631N11944477WA0028800256
B2131374814631N11944477WA0028800255
B2131384814631N11944477WA0028800255
B2131394814631N11944477WA0028800255
B2131404814631N11944477WA0028800255
B2131414814631N11944477WA0028800255
B2131424814631N11944477WA0028800255
B2131434814631N11944477WA0028800255
B2131444814631N11944477WA0028800255
B2131454814631N11944477WA0028800256
B2131464814631N11944477WA0028800256
B2131474814631N11944477WA0028800256
B2131484814631N11944477WA0028800256
B2131494814631N11944477WA0028800256
B2131504814631N11944477WA0028800256
B2131514814631N11944477WA0028800256
B2131524814631N11944477WA0028800256
B2131534814631N11944477WA0028800256
B2131544814631N11944477WA0028800256
B2131554814631N11944477WA0028800256
B2131564814631N11944477WA0028800256
B2131574814631N11944477WA0028800256
B2131584814631N11944478WA0028800256
B2131594814631N11944477WA0028800256
B2132004814631N11944477WA0028800256
B2132014814631N11944477WA0028800256
B2132024814631N11944477WA0028800256
B2132034814631N11944477WA0028800256
B2132044814631N11944477WA0028800256
B2132054814631N11944477WA0028800256
B2132064814631N11944478WA0028800256
B2132074814631N11944478WA0028800256
B2132084814631N11944478WA0028800256
B2132094814631N11944478WA0028800256
B2132104814631N11944478WA0028800256
B2132114814631N11944478WA0028800256
B2132124814631N11944478WA0028800256
B2132134814631N11944478WA0028800256
B2132144814631N11944478WA0028800256
B2132154814631N11944478WA0028800256
B2132164814631N11944478WA0028800256
B2132174814631N11944478WA0028800256
B2132184814631N11944478WA0028800257
B2132194814631N11944478WA0028800257
B2132204814631N11944478WA0028800257
B2132214814631N11944478WA0028800257
B2132224814631N11944478WA0028800257
B2132234814631N11944477WA0028800257
B2132244814631N11944477WA0028800256
B2132254814631N11944477WA0028800256
B2132264814631N11944477WA0028800256
B2132274814631N11944477WA0028800256
B2132284814631N11944477WA0028800256
B2132294814631N11944477WA0028800256
B2132304814631N11944477WA0028800256
B2132314814631N11944477WA0028800257
B2132324814631N11944477WA0028800257
B2132334814631N11944477WA0028800257
B2132344814631N11944477WA0028800257
B2132354814631N11944477WA0028800257
B2132364814631N11944477WA0028800257
B2132374814631N11944477WA0028800257
B2132384814631N11944477WA0028800257
B2132394814631N11944477WA0028800257
B2132404814631N11944477WA0028800257
B2132414814631N11944477WA0028800257
B2132424814631N11944477WA0028800257
B2132434814631N11944477WA0028800257
B2132444814631N11944478WA0028800257
B2132454814631N11944478WA0028800257
B2132464814631N11944478WA0028800257
B2132474814631N11944478WA0028800257
B2132484814631N11944478WA0028800256
B2132494814631N11944478WA0028800256
B2132504814631N11944478WA0028800256
B2132514814631N11944478WA0028800256
B2132524814631N11944478WA0028800256
B2132534814631N11944478WA0028800256
B2132544814631N11944478WA0028800256
B2132554814631N11944478WA0028800256
B2132564814631N11944478WA0028800256
B2132574814631N11944478WA0028800256
B2132584814631N11944478WA0028800256
B2132594814631N11944478WA0028800256
B2133004814631N11944478WA0028800256
B2133014814631N11944478WA0028800256
B2133024814631N11944478WA0028800256
B2133034814631N11944478WA0028800256
B2133044814631N11944478WA0028800256
B2133054814631N11944478WA0028800256
B2133064814631N11944478WA0028800256
B2133074814631N11944478WA0028800256
B2133084814631N11944478WA0028800257
B2133094814631N11944478WA0028800257
B2133104814631N11944478WA0028800257
B2133114814631N11944478WA0028800257
B2133124814631N11944478WA0028800257
B2133134814631N11944478WA0028800257
B2133144814631N11944478WA0028800257
B2133154814631N11944477WA0028800257
B2133164814631N11944477WA0028800257
B2133174814631N11944477WA0028800257
B2133184814631N11944477WA0028800258
B2133194814631N11944477WA0028800258
B2133204814631N11944477WA0028800258
B2133214814631N11944477WA0028800258
B2133224814631N11944477WA0028800258
B2133234814631N11944477WA0028800258
B2133244814631N11944477WA0028800258
B2133254814631N11944477WA0028800258
B2133264814631N11944477WA0028800258
B2133274814631N11944477WA0028800258
B2133284814631N11944477WA0028800258
B2133294814631N11944477WA0028800257
B2133304814631N11944477WA0028800257
B2133314814631N11944477WA0028800257
B2133324814631N11944478WA0028800257
B2133334814631N11944478WA0028800257
B2133344814631N11944478WA0028800257
B2133354814631N11944478WA0028800257
B2133364814631N11944478WA0028800257
B2133374814631N11944478WA0028800257
B2133384814631N11944478WA0028800257
B2133394814631N11944478WA0028800257
B2133404814631N11944478WA0028800257
B2133414814631N11944478WA0028800257
B2133424814631N11944478WA0028800257
B2133434814631N11944478WA0028800257
B2133444814631N11944478WA0028800257
B2133454814631N11944478WA0028800257
B2133464814631N11944478WA0028800257
B2133474814631N11944478WA0028800257
B2133484814631N11944478WA0028800257
B2133494814631N11944478WA0028800256
B2133504814631N11944478WA0028800256
B2133514814631N11944478WA0028800256
B2133524814631N11944478WA0028800256
B2133534814631N11944478WA0028800256
B2133544814631N11944478WA0028800256
B2133554814631N11944478WA0028800257
B2133564814631N11944478WA0028800257
B2133574814631N11944478WA0028800257
B2133584814631N11944478WA0028800257
B2133594814631N11944478WA0028800258
B2134004814631N11944477WA0028800258
B2134014814631N11944477WA0028800258
B2134024814631N11944477WA0028800258
B2134034814631N11944477WA0028800259
B2134044814631N11944477WA0028800259
B2134054814631N11944477WA0028800259
B2134064814631N11944477WA0028800259
B2134074814631N11944477WA0028800259
B2134084814631N11944477WA0028800259
B2134094814631N11944477WA0028800259
B2134104814631N11944477WA0028800259
B2134114814631N11944477WA0028800259
B2134124814631N11944477WA0028800259
B2134134814631N11944477WA0028800258
B2134144814631N11944477WA0028800258
B2134154814631N11944477WA0028800258
B2134164814631N11944477WA0028800258
B2134174814631N11944477WA0028800258
B2134184814631N11944477WA0028800258
B2134194814631N11944477WA0028800258
B2134204814631N11944477WA0028800258
B2134214814631N11944477WA0028800258
B2134224814631N11944477WA0028800257
B2134234814631N11944477WA0028800257
B2134244814631N11944477WA0028800257
B2134254814631N11944477WA0028800257
B2134264814631N11944477WA0028800257
B2134274814631N11944477WA0028800257
B2134284814631N11944477WA0028800257
B2134294814631N11944477WA0028800257
B2134304814631N11944477WA0028800257
B2134314814631N11944478WA0028800257
B2134324814631N11944478WA0028800257
B2134334814631N11944478WA0028800257
B2134344814631N11944478WA0028800257
B2134354814631N11944478WA0028800257
B2134364814631N11944478WA0028800257
B2134374814631N11944478WA0028800257
B2134384814631N11944478WA0028800257
B2134394814631N11944478WA0028800257
B2134404814631N11944478WA0028800257
B2134414814631N11944478WA0028800257
B2134424814631N11944478WA0028800257
B2134434814631N11944478WA0028800257
B2134444814631N11944478WA0028800257
B2134454814631N11944478WA0028800257
B2134464814631N11944478WA0028800257
B2134474814631N11944478WA0028800257
B2134484814631N11944478WA0028800257
B2134494814631N11944478WA0028800257
B2134504814631N11944478WA0028800258
B2134514814631N11944478WA0028800258
B2134524814631N11944478WA0028800258
B2134534814631N11944478WA0028800258
B2134544814631N11944478WA0028800258
B2134554814631N11944478WA0028800258
B2134564814631N11944478WA0028800258
B2134574814631N11944478WA0028800258
B2134584814631N11944477WA0028800258
B2134594814631N11944477WA0028800258
B2135004814631N11944477WA0028800258
B2135014814631N11944477WA0028800258
B2135024814631N11944477WA0028800258
B2135034814631N11944477WA0028800258
B2135044814631N11944477WA0028800258
B2135054814631N11944477WA0028800258
B2135064814631N11944477WA0028800258
B2135074814631N11944477WA0028800258
B2135084814631N11944477WA0028800258
B2135094814631N11944477WA0028800258
B2135104814631N11944477WA0028800258
B2135114814631N11944477WA0028800258
B2135124814631N11944477WA0028800257
B2135134814631N11944477WA0028800257
B2135144814631N11944477WA0028800257
B2135154814631N11944477WA0028800257
B2135164814631N11944477WA0028800257
B2135174814631N11944477WA0028800257
B2135184814631N11944477WA0028800257
B2135194814631N11944478WA0028800257
B2135204814631N11944478WA0028800257
B2135214814631N11944478WA0028800257
B2135224814631N11944478WA0028800257
B2135234814631N11944478WA0028800257
B2135244814631N11944478WA0028800257
B2135254814631N11944478WA0028800257
B2135264814631N11944478WA0028800257
B2135274814631N11944478WA0028800257
B2135284814631N11944478WA0028800257
B2135294814631N11944478WA0028800257
B2135304814631N11944478WA0028800257
B2135314814631N11944478WA0028800257
B2135324814631N11944478WA0028800257
B2135334814631N11944478WA0028800257
B2135344814631N11944478WA0028800257
B2135354814631N11944478WA0028800257
B2135364814631N11944478WA0028800257
B2135374814631N11944478WA0028800257
B2135384814631N11944478WA0028800257
B2135394814631N11944478WA0028800257
B2135404814631N11944478WA0028800256
B2135414814631N11944478WA0028800256
B2135424814631N11944478WA0028800256
B2135434814631N11944478WA0028800257
B2135444814631N11944478WA0028800257
B2135454814631N11944478WA0028800257
B2135464814631N11944478WA0028800256
B2135474814631N11944478WA0028800256
B2135484814631N11944478WA0028800256
B2135494814631N11944478WA0028800256
B2135504814631N11944478WA0028800256
B2135514814631N11944478WA0028800256
B2135524814631N11944478WA0028800256
B2135534814631N11944478WA0028800256
B2135544814631N11944478WA0028800256
B2135554814631N11944479WA0028800256
B2135564814631N11944479WA0028800256
B2135574814631N11944479WA0028800256
B2135584814631N11944479WA0028800256
B2135594814631N11944479WA0028800256
B2136004814631N11944479WA0028800256
B2136014814631N11944479WA0028800256
B2136024814631N11944479WA0028800256
B2136034814631N11944479WA0028800256
B2136044814631N11944479WA0028800256
B2136054814631N11944479WA0028800256
B2136064814631N11944479WA0028800256
B2136074814631N11944479WA0028800256
B2136084814631N11944479WA0028800255
B2136094814631N11944479WA0028800255
B2136104814631N11944479WA0028800255
B2136114814631N11944479WA0028800255
B2136124814631N11944479WA0028800255
B2136134814631N11944479WA0028800255
B2136144814631N11944478WA0028800255
B2136154814631N11944478WA0028800255
B2136164814631N11944478WA0028800255
B2136174814631N11944478WA0028800255
B2136184814631N11944478WA0028800255
B2136194814631N11944478WA0028800255
B2136204814631N11944478WA0028800255
B2136214814631N11944478WA0028800255
B2136224814631N11944478WA0028800256
B2136234814631N11944478WA0028800256
B2136244814631N11944478WA0028800256
B2136254814631N11944478WA0028800256
B2136264814631N11944478WA0028800256
B2136274814631N11944478WA0028800256
B2136284814631N11944478WA0028800256
B2136294814631N11944478WA0028800255
B2136304814631N11944478WA0028800255
B2136314814631N11944478WA0028800255
B2136324814631N11944478WA0028800255
B2136334814631N11944478WA0028800255
B2136344814631N11944478WA0028800255
B2136354814631N11944478WA0028800255
B2136364814631N11944478WA0028800255
B2136374814631N11944478WA0028800255
B2136384814631N11944478WA0028800255
B2136394814631N11944478WA0028800255
B2136404814631N11944478WA0028800255
B2136414814631N11944478WA0028800255
B2136424814631N11944478WA0028800255
B2136434814631N11944478WA0028800254
B2136444814631N11944478WA0028800254
B2136454814631N11944478WA0028800254
B2136464814631N11944478WA0028800254
B2136474814631N11944478WA0028800254
B2136484814631N11944478WA0028800254
B2136494814631N11944478WA0028800254
B2136504814631N11944478WA0028800254
B2136514814631N11944478WA0028800253
B2136524814631N11944478WA0028800253
B2136534814631N11944478WA0028800253
B2136544814631N11944478WA0028800253
B2136554814631N11944478WA0028800253
B2136564814631N11944478WA0028800253
B2136574814631N11944478WA0028800253
B2136584814631N11944478WA0028800253
B2136594814631N11944478WA0028800253
B2137004814631N11944478WA0028800253
B2137014814631N11944478WA0028800253
B2137024814631N11944478WA0028800253
B2137034814631N11944478WA0028800253
B2137044814631N11944478WA0028800253
B2137054814631N11944478WA0028800253
B2137064814631N11944478WA0028800253
B2137074814631N11944478WA0028800253
B2137084814631N11944478WA0028800253
B2137094814631N11944478WA0028800253
B2137104814631N11944478WA0028800253
B2137114814631N11944478WA0028800253
B2137124814631N11944478WA0028800253
B2137134814631N11944478WA0028800253
B2137144814631N11944478WA0028800253
B2137154814631N11944478WA0028800253
B2137164814631N11944478WA0028800253
B2137174814631N11944478WA0028800253
B2137184814631N11944478WA0028800253
B2137194814631N11944478WA0028800254
B2137204814631N11944478WA0028800254
B2137214814631N11944478WA0028800254
B2137224814631N11944478WA0028800254
B2137234814631N11944478WA0028800254
B2137244814631N11944478WA0028800254
B2137254814631N11944478WA0028800254
B2137264814631N11944478WA0028800254
B2137274814631N11944478WA0028800254
B2137284814631N11944478WA0028800254
B2137294814631N11944478WA0028800254
B2137304814631N11944478WA0028800254
B2137314814631N11944478WA0028800254
B2137324814631N11944478WA0028800254
B2137334814631N11944478WA0028800254
B2137344814631N11944478WA0028800254
B2137354814631N11944478WA0028800254
B2137364814631N11944478WA0028800254
B2137374814631N11944477WA0028800254
B2137384814631N11944478WA0028800254
B2137394814631N11944477WA0028800254
B2137404814631N11944477WA0028800253
B2137414814631N11944477WA0028800253
B2137424814631N11944478WA0028800253
B2137434814631N11944478WA0028800253
B2137444814631N11944478WA0028800253
B2137454814631N11944478WA0028800253
B2137464814631N11944478WA0028800253
B2137474814631N11944477WA0028800253
B2137484814631N11944477WA0028800253
B2137494814631N11944477WA0028800252
B2137504814631N11944477WA0028800252
B2137514814631N11944477WA0028800252
B2137524814631N11944478WA0028800252
B2137534814631N11944478WA0028800252
B2137544814631N11944478WA0028800252
B2137554814631N11944478WA0028800252
B2137564814631N11944478WA0028800252
B2137574814631N11944478WA0028800252
B2137584814631N11944478WA0028800252
B2137594814631N11944478WA0028800252
B2138004814631N11944478WA0028800252
B2138014814631N11944478WA0028800252
B2138024814631N11944478WA0028800252
B2138034814631N11944478WA0028800252
B2138044814631N11944478WA0028800252
B2138054814631N11944478WA0028800253
B2138064814631N11944478WA0028800252
B2138074814631N11944478WA0028800252
B2138084814631N11944478WA0028800252
B2138094814631N11944478WA0028800252
B2138104814631N11944478WA0028800252
B2138114814631N11944478WA0028800252
B2138124814631N11944478WA0028800253
B2138134814631N11944478WA0028800252
B2138144814631N11944478WA0028800253
B2138154814631N11944478WA0028800253
B2138164814631N11944478WA0028800253
B2138174814631N11944478WA0028800253
B2138184814631N11944478WA0028800253
B2138194814631N11944478WA0028800253
B2138204814631N11944478WA0028800253
B2138214814631N11944478WA0028800253
B2138224814631N11944478WA0028800253
B2138234814631N11944478WA0028800253
B2138244814631N11944478WA0028800253
B2138254814631N11944478WA0028800253
B2138264814631N11944478WA0028800253
B2138274814631N11944478WA0028800253
B2138284814631N11944478WA0028800253
B2138294814631N11944478WA0028800253
B2138304814631N11944478WA0028800253
B2138314814631N11944478WA0028800253
B2138324814631N11944478WA0028800253
B2138334814631N11944478WA0028800253
B2138344814631N11944478WA0028800253
B2138354814631N11944478WA0028800253
B2138364814631N11944478WA0028800253
B2138374814631N11944478WA0028800253
B2138384814631N11944478WA0028800253
B2138394814631N11944478WA0028800253
B2138404814631N11944478WA0028800253
B2138414814631N11944478WA0028800253
B2138424814631N11944478WA0028800253
B2138434814631N11944478WA0028800253
B2138444814631N11944478WA0028800253
B2138454814631N11944478WA0028800253
B2138464814631N11944478WA0028800253
B2138474814631N11944478WA0028800253
B2138484814631N11944478WA0028800253
B2138494814631N11944478WA0028800253
B2138504814631N11944478WA0028800253
B2138514814631N11944478WA0028800253
B2138524814631N11944478WA0028800253
B2138534814631N11944478WA0028800253
B2138544814631N11944478WA0028800253
B2138554814631N11944478WA0028800253
B2138564814631N11944478WA0028800253
B2138574814631N11944478WA0028800253
B2138584814631N11944478WA0028800253
B2138594814631N11944478WA0028800253
B2139004814631N11944478WA0028800253
B2139014814631N11944478WA0028800253
B2139024814631N11944478WA0028800253
B2139034814631N11944478WA0028800253
B2139044814631N11944478WA0028800253
B2139054814631N11944478WA0028800253
B2139064814631N11944478WA0028800253
B2139074814631N11944478WA0028800253
B2139084814631N11944478WA0028800253
B2139094814631N11944478WA0028800253
B2139104814631N11944478WA0028800253
B2139114814631N11944478WA0028800253
B2139124814631N11944478WA0028800253
B2139134814631N11944478WA0028800253
B2139144814631N11944478WA0028800253
B2139154814631N11944478WA0028800253
B2139164814631N11944478WA0028800253
B2139174814631N11944478WA0028800253
B2139184814631N11944478WA0028800254
B2139194814631N11944478WA0028800254
B2139204814631N11944478WA0028800254
B2139214814631N11944478WA0028800254
B2139224814631N11944478WA0028800254
B2139234814631N11944478WA0028800254
B2139244814631N11944478WA0028800254
B2139254814631N11944478WA0028800254
B2139264814631N11944478WA0028800254
B2139274814631N11944478WA0028800254
B2139284814631N11944478WA0028800254
B2139294814631N11944478WA0028800254
B2139304814631N11944478WA0028800255
B2139314814631N11944478WA0028800254
B2139324814631N11944478WA0028800255
B2139334814631N11944478WA0028800255
B2139344814631N11944478WA0028800255
B2139354814631N11944478WA0028800254
B2139364814631N11944478WA0028800254
B2139374814631N11944478WA0028800254
B2139384814631N11944478WA0028800254
B2139394814631N11944478WA0028800254
B2139404814631N11944478WA0028800254
B2139414814631N11944478WA0028800254
B2139424814631N11944478WA0028800254
B2139434814631N11944478WA0028800254
B2139444814631N11944478WA0028800254
B2139454814631N11944478WA0028800254
B2139464814631N11944478WA0028800254
B2139474814631N11944478WA0028800254
B2139484814631N11944478WA0028800254
B2139494814631N11944478WA0028800254
B2139504814631N11944478WA0028800253
B2139514814631N11944478WA0028800253
B2139524814631N11944478WA0028800253
B2139534814631N11944478WA0028800253
B2139544814631N11944478WA0028800253
B2139554814631N11944478WA0028800253
B2139564814631N11944478WA0028800253
B2139574814631N11944478WA0028800253
B2139584814631N11944478WA0028800253
B2139594814631N11944478WA0028800253
B2140004814631N11944478WA0028800253
B2140014814631N11944478WA0028800253
B2140024814631N11944478WA0028800253
B2140034814631N11944478WA0028800253
B2140044814631N11944478WA0028800253
B2140054814631N11944478WA0028800252
B2140064814631N11944478WA0028800253
B2140074814631N11944478WA0028800253
B2140084814631N11944478WA0028800253
B2140094814631N11944478WA0028800253
B2140104814631N11944478WA0028800253
B2140114814631N11944478WA0028800253
B2140124814631N11944478WA0028800254
B2140134814631N11944478WA0028800254
B2140144814631N11944478WA0028800254
B2140154814631N11944478WA0028800254
B2140164814631N11944478WA0028800254
B2140174814631N11944478WA0028800254
B2140184814631N11944478WA0028800254
B2140194814631N11944478WA0028800254
B2140204814631N11944478WA0028800254
B2140214814631N11944478WA0028800254
B2140224814631N11944478WA0028800254
B2140234814631N11944478WA0028800254
B2140244814631N11944478WA0028800254
B2140254814631N11944478WA0028800254
B2140264814631N11944477WA0028800254
B2140274814630N11944477WA0028800254
B2140284814631N11944477WA0028800254
B2140294814631N11944477WA0028800254
B2140304814631N11944477WA0028800255
B2140314814631N11944477WA0028800255
B2140324814631N11944477WA0028800255
B2140334814631N11944477WA0028800255
B2140344814631N11944477WA0028800255
B2140354814631N11944477WA0028800256
B2140364814631N11944477WA0028800256
B2140374814631N11944477WA0028800256
B2140384814631N11944478WA0028800256
B2140394814631N11944478WA0028800256
B2140404814631N11944478WA0028800256
B2140414814631N11944478WA0028800256
B2140424814631N11944478WA0028800256
B2140434814631N11944478WA0028800256
B2140444814631N11944478WA0028800257
B2140454814631N11944478WA0028800257
B2140464814631N11944478WA0028800257
B2140474814631N11944478WA0028800257
B2140484814631N11944478WA0028800256
B2140494814631N11944478WA0028800256
B2140504814631N11944478WA0028800256
B2140514814631N11944478WA0028800256
B2140524814631N11944478WA0028800256
B2140534814632N11944478WA0028800257
B2140544814632N11944478WA0028800257
B2140554814632N11944478WA0028800257
B2140564814632N11944478WA0028800257
B2140574814632N11944478WA0028800257
B2140584814632N11944478WA0028800257
B2140594814632N11944478WA0028800257
B2141004814631N11944478WA0028800256
B2141014814631N11944478WA0028800257
B2141024814631N11944478WA0028800257
B2141034814631N11944478WA0028800257
B2141044814631N11944478WA0028800257
B2141054814631N11944478WA0028800257
B2141064814631N11944478WA0028800257
B2141074814631N11944478WA0028800256
B2141084814631N11944478WA0028800256
B2141094814631N11944478WA0028800256
B2141104814631N11944478WA0028800256
B2141114814631N11944478WA0028800256
B2141124814631N11944478WA0028800256
B2141134814631N11944478WA0028800257
B2141144814631N11944478WA0028800257
B2141154814631N11944478WA0028800257
B2141164814631N11944478WA0028800257
B2141174814631N11944478WA0028800257
B2141184814631N11944478WA0028800257
B2141194814631N11944478WA0028800256
B2141204814631N11944478WA0028800256
B2141214814631N11944478WA0028800256
B2141224814631N11944478WA0028800256
B2141234814631N11944478WA0028800256
B2141244814631N11944478WA0028800256
B2141254814631N11944478WA0028800256
B2141264814631N11944478WA0028800256
B2141274814631N11944478WA0028800256
B2141284814631N11944478WA0028800256
B2141294814631N11944478WA0028800256
B2141304814631N11944478WA0028800256
B2141314814631N11944478WA0028800256
B2141324814631N11944478WA0028800256
B2141334814631N11944478WA0028800256
B2141344814631N11944478WA0028800256
B2141354814631N11944478WA0028800256
B2141364814631N11944478WA0028800256
B2141374814631N11944478WA0028900256
B2141384814631N11944478WA0028900256
B2141394814631N11944478WA0028900256
B2141404814631N11944478WA0028900256
B2141414814631N11944478WA0028900256
B2141424814631N11944478WA0028900256
B2141434814631N11944478WA0028900256
B2141444814631N11944478WA0028900256
B2141454814631N11944478WA0028900256
B2141464814631N11944478WA0028900256
B2141474814631N11944478WA0028900256
B2141484814631N11944478WA0028900256
B2141494814631N11944478WA0028900256
B2141504814631N11944478WA0028900256
B2141514814631N11944478WA0028900256
B2141524814631N11944478WA0028900256
B2141534814631N11944479WA0028900256
B2141544814631N11944479WA0028900256
B2141554814631N11944479WA0028900256
B2141564814631N11944479WA0028900256
B2141574814631N11944479WA0028900256
B2141584814631N11944479WA0028900256
B2141594814631N11944479WA0028900256
B2142004814631N11944479WA0028900256
B2142014814631N11944479WA0028900256
B2142024814631N11944479WA0028900256
B2142034814631N11944478WA0028900256
B2142044814631N11944479WA0028900256
B2142054814631N11944478WA0028900256
B2142064814631N11944478WA0028900257
B2142074814632N11944479WA0028900257
B2142084814632N11944479WA0028900257
B2142094814632N11944479WA0028900257
B2142104814632N11944479WA0028900257
B2142114814632N11944479WA0028900257
B2142124814632N11944479WA0028900257
B2142134814632N11944479WA0028900257
B2142144814632N11944479WA0028900258
B2142154814632N11944479WA0028900258
B2142164814632N11944479WA0028900258
B2142174814632N11944478WA0028900258
B2142184814632N11944478WA0028900258
B2142194814632N11944478WA0028900258
B2142204814632N11944478WA0028900258
B2142214814632N11944478WA0028900259
B2142224814632N11944478WA0028900259
B2142234814632N11944478WA0028900259
B2142244814632N11944478WA0028900258
B2142254814632N11944478WA0028900258
B2142264814632N11944478WA0028900258
B2142274814632N11944478WA0028900258
B2142284814632N11944478WA0028900258
B2142294814632N11944479WA0028900258
B2142304814632N11944479WA0028900258
B2142314814632N11944478WA0028900258
B2142324814632N11944479WA0028900258
B2142334814632N11944479WA0028900258
B2142344814632N11944479WA0028900258
B2142354814632N11944479WA0028900258
B2142364814632N11944479WA0028900258
B2142374814632N11944479WA0028900258
B2142384814632N11944479WA0028900258
B2142394814632N11944479WA0028900258
B2142404814632N11944479WA0028900258
B2142414814631N11944479WA0028900258
B2142424814631N11944479WA0028900258
B2142434814631N11944479WA0028900258
B2142444814631N11944479WA0028900258
B2142454814631N11944479WA0028900258
B2142464814631N11944479WA0028900258
B2142474814631N11944479WA0028900258
B2142484814631N11944479WA0028900258
B2142494814631N11944479WA0028900258
B2142504814631N11944479WA0028900258
B2142514814631N11944479WA0028900258
B2142524814631N11944479WA0028900257
B2142534814631N11944479WA0028900257
B2142544814631N11944479WA0028900257
B2142554814631N11944479WA0028900257
B2142564814631N11944479WA0028900257
B2142574814631N11944479WA0028900257
B2142584814631N11944479WA0028900257
B2142594814631N11944479WA0028900256
B2143004814631N11944479WA0028900256
B2143014814631N11944479WA0028900256
B2143024814631N11944479WA0028900256
B2143034814631N11944479WA0028900256
B2143044814631N11944479WA0028900256
B2143054814631N11944479WA0028900256
B2143064814631N11944479WA0028900256
B2143074814631N11944479WA0028900256
B2143084814631N11944479WA0028900256
B2143094814630N11944479WA0028900256
B2143104814630N11944479WA0028900256
B2143114814631N11944479WA0028900256
B2143124814631N11944479WA0028900256
B2143134814630N11944479WA0028900256
B2143144814630N11944479WA0028900255
B2143154814630N11944479WA0028900255
B2143164814630N11944479WA0028900255
B2143174814630N11944479WA0028900254
B2143184814630N11944479WA0028900255
B2143194814630N11944479WA0028900254
B2143204814630N11944479WA0028900254
B2143214814630N11944479WA0028900255
B2143224814630N11944479WA0028900254
B2143234814630N11944479WA0028900254
B2143244814630N11944479WA0028900254
B2143254814630N11944479WA0028900254
B2143264814630N11944479WA0028900254
B2143274814630N11944479WA0028900255
B2143284814630N11944479WA0028900255
B2143294814630N11944479WA0028900255
B2143304814630N11944479WA0028900255
B2143314814630N11944479WA0028900255
B2143324814630N11944479WA0028900255
B2143334814630N11944479WA0028900255
B2143344814630N11944479WA0028900255
B2143354814630N11944479WA0028900254
B2143364814630N11944479WA0028900254
B2143374814630N11944479WA0028900255
B2143384814630N11944479WA0028900254
B2143394814630N11944479WA0028900254
B2143404814630N11944479WA0028900254
B2143414814630N11944479WA0028900254
B2143424814630N11944479WA0028900254
B2143434814630N11944479WA0028900254
B2143444814630N11944479WA0028900254
B2143454814630N11944479WA0028900254
B2143464814630N11944479WA0028900254
B2143474814630N11944479WA0028900254
B2143484814630N11944479WA0028900254
B2143494814630N11944479WA0028900254
B2143504814630N11944479WA0028900254
B2143514814630N11944479WA0028900254
B2143524814630N11944479WA0028900254
B2143534814630N11944479WA0028900254
B2143544814630N11944479WA0028900255
B2143554814630N11944479WA0028900255
B2143564814630N11944479WA0028900255
B2143574814630N11944479WA0028900255
B2143584814630N11944479WA0028900255
B2143594814630N11944479WA0028900255
B2144004814630N11944479WA0028900255
B2144014814630N11944479WA0028900255
B2144024814630N11944479WA0028900255
B2144034814630N11944479WA0028900255
B2144044814630N11944479WA0028900255
B2144054814630N11944479WA0028900255
B2144064814630N11944479WA0028900255
B2144074814630N11944479WA0028900255
B2144084814630N11944479WA0028900255
B2144094814630N11944479WA0028900255
B2144104814630N11944479WA0028900255
B2144114814630N11944479WA0028900255
B2144124814630N11944480WA0028900256
B2144134814630N11944480WA0028900256
B2144144814630N11944480WA0028900256
B2144154814631N11944480WA0028900256
B2144164814631N11944480WA0028900256
B2144174814631N11944480WA0028900255
B2144184814631N11944480WA0028900255
B2144194814631N11944480WA0028900255
B2144204814631N11944480WA0028900255
B2144214814631N11944480WA0028900255
B2144224814631N11944480WA0028900255
B2144234814631N11944480WA0028900255
B2144244814631N11944479WA0028900256
B2144254814631N11944479WA0028900256
B2144264814631N11944479WA0028900256
B2144274814631N11944479WA0028900256
B2144284814631N11944479WA0028900256
B2144294814631N11944479WA0028900256
B2144304814631N11944479WA0028900256
B2144314814631N11944479WA0028900256
B2144324814631N11944479WA0028900256
B2144334814631N11944479WA0028900256
B2144344814631N11944479WA0028900256
B2144354814631N11944479WA0028900256
B2144364814631N11944479WA0028900256
B2144374814631N11944479WA0028900256
B2144384814631N11944479WA0028900256
B2144394814631N11944479WA0028900256
B2144404814631N11944479WA0028900256
B2144414814631N11944479WA0028900256
B2144424814631N11944479WA0028900256
B2144434814631N11944479WA0028900256
B2144444814631N11944479WA0028900256
B2144454814631N11944479WA0028900256
B2144464814631N11944479WA0028900256
B2144474814631N11944479WA0028900256
B2144484814631N11944479WA0028900256
B2144494814631N11944479WA0028900256
B2144504814631N11944479WA0028900256
B2144514814631N11944479WA0028900256
B2144524814631N11944479WA0028900256
B2144534814631N11944479WA0028900256
B2144544814631N11944479WA0028900256
B2144554814631N11944479WA0028900256
B2144564814631N11944479WA0028900256
B2144574814631N11944479WA0028900256
B2144584814631N11944479WA0028900255
B2144594814630N11944479WA0028900255
B2145004814630N11944479WA0028900255
B2145014814630N11944479WA0028900255
B2145024814630N11944479WA0028900255
B2145034814630N11944479WA0028900255
B2145044814630N11944479WA0028900255
B2145054814630N11944479WA0028900255
B2145064814630N11944479WA0028900255
B2145074814630N11944479WA0028900255
B2145084814630N11944479WA0028900255
B2145094814630N11944479WA0028900255
B2145104814630N11944479WA0028900255
B2145114814630N11944479WA0028900255
B2145124814630N11944479WA0028900255
B2145134814630N11944479WA0028900255
B2145144814630N11944479WA0028900255
B2145154814630N11944479WA0028900255
B2145164814630N11944479WA0028900255
B2145174814630N11944479WA0028900255
B2145184814630N11944479WA0028900255
B2145194814630N11944479WA0028900255
B2145204814630N11944479WA0028900255
B2145214814630N11944479WA0028900255
B2145224814630N11944479WA0028900255
B2145234814630N11944479WA0028900256
B2145244814630N11944479WA0028900256
B2145254814630N11944479WA0028900256
B2145264814630N11944479WA0028900256
B2145274814630N11944479WA0028900256
B2145284814630N11944479WA0028900256
B2145294814630N11944479WA0028900256
B2145304814630N11944479WA0028900256
B2145314814630N11944479WA0028900256
B2145324814630N11944479WA0028900256
B2145334814630N11944479WA0028900255
B2145344814630N11944479WA0028900255
B2145354814630N11944479WA0028900256
B2145364814630N11944479WA0028900255
B2145374814630N11944479WA0028900255
B2145384814630N11944479WA0028900255
B2145394814630N11944479WA0028900255
B2145404814630N11944479WA0028900255
B2145414814630N11944479WA0028900255
B2145424814630N11944479WA0028900255
B2145434814630N11944479WA0028900255
B2145444814630N11944479WA0028900254
B2145454814630N11944479WA0028900254
B2145464814630N11944479WA0028900254
B2145474814630N11944479WA0028900254
B2145484814630N11944479WA0028900254
B2145494814630N11944479WA0028900254
B2145504814630N11944479WA0028900254
B2145514814630N11944479WA0028900254
B2145524814630N11944479WA0028900254
B2145534814630N11944479WA0028900254
B2145544814630N11944479WA0028900254
B2145554814630N11944479WA0029000254
B2145564814630N11944478WA0029000254
B2145574814630N11944478WA0029000254
B2145584814630N11944478WA0029000254
B2145594814630N11944478WA0029000254
B2146004814630N11944479WA0029000254
B2146014814630N11944479WA0029000254
B2146024814630N11944479WA0029000254
B2146034814630N11944479WA0029000254
B2146044814630N11944479WA0029000254
B2146054814630N11944479WA0029000254
B2146064814630N11944479WA0029000254
B2146074814630N11944479WA0029000254
B2146084814630N11944479WA0029000254
B2146094814630N11944479WA0029000254
B2146104814630N11944479WA0029000254
B2146114814630N11944479WA0029000254
B2146124814630N11944479WA0029000254
B2146134814630N11944479WA0029000255
B2146144814630N11944479WA0029000255
B2146154814630N11944479WA0029000255
B2146164814630N11944479WA0029000255
B2146174814630N11944479WA0029000255
B2146184814630N11944479WA0029000255
B2146194814630N11944479WA0029000255
B2146204814630N11944479WA0029000255
B2146214814630N11944479WA0029000255
B2146224814630N11944479WA0029000255
B2146234814630N11944479WA0029000255
B2146244814630N11944479WA0029000255
B2146254814630N11944479WA0029000256
B2146264814630N11944479WA0029000256
B2146274814630N11944479WA0029000256
B2146284814630N11944479WA0029000256
B2146294814630N11944479WA0029000256
B2146304814630N11944479WA0029000256
B2146314814630N11944479WA0029000256
B2146324814630N11944479WA0029000256
B2146334814630N11944479WA0029000256
B2146344814630N11944479WA0029000256
B2146354814630N11944479WA0029000256
B2146364814630N11944479WA0029000256
B2146374814630N11944479WA0029000256
B2146384814630N11944479WA0029000256
B2146394814630N11944479WA0029000257
B2146404814630N11944479WA0029000256
B2146414814630N11944479WA0029000256
B2146424814630N11944479WA0029000256
B2146434814630N11944479WA0029000257
B2146444814630N11944479WA0029000257
B2146454814630N11944478WA0029000256
B2146464814630N11944479WA0029000257
B2146474814630N11944479WA0029000257
B2146484814630N11944479WA0029000257
B2146494814630N11944479WA0029000257
B2146504814630N11944479WA0029000257
B2146514814630N11944479WA0029000257
B2146524814630N11944479WA0029000257
B2146534814630N11944478WA0029000257
B2146544814630N11944478WA0029000257
B2146554814630N11944478WA0029000257
B2146564814630N11944478WA0029000257
B2146574814630N11944479WA0029000257
B2146584814630N11944479WA0029000257
B2146594814630N11944479WA0029000257
B2147004814630N11944479WA0029000257
B2147014814630N11944479WA0029000257
B2147024814630N11944479WA0029000257
B2147034814630N11944479WA0029000256
B2147044814630N11944479WA0029000256
B2147054814630N11944479WA0029000257
B2147064814630N11944479WA0029000257
B2147074814630N11944479WA0029000257
B2147084814630N11944479WA0029000257
B2147094814630N11944479WA0029000257
B2147104814630N11944479WA0029000257
B2147114814630N11944479WA0029000257
B2147124814630N11944479WA0029000257
B2147134814630N11944479WA0029000257
B2147144814630N11944479WA0029000257
B2147154814630N11944479WA0029000257
B2147164814630N11944479WA0029000257
B2147174814630N11944479WA0029000257
B2147184814630N11944479WA0029000257
B2147194814630N11944479WA0029000257
B2147204814630N11944479WA0029000257
B2147214814630N11944479WA0029000257
B2147224814630N11944479WA0029000257
B2147234814630N11944479WA0029000257
B2147244814630N11944479WA0029000257
B2147254814630N11944479WA0029000257
B2147264814630N11944479WA0029000257
B2147274814630N11944479WA0029000256
B2147284814630N11944479WA0029000256
B2147294814630N11944479WA0029000256
B2147304814630N11944479WA0029000255
B2147314814630N11944479WA0029000255
B2147324814630N11944479WA0029000255
B2147334814630N11944479WA0029000254
B2147344814630N11944479WA0029000254
B2147354814630N11944479WA0029000254
B2147364814630N11944479WA0029000253
B2147374814630N11944479WA0029000253
B2147384814630N11944479WA0029000253
B2147394814630N11944479WA0029000253
B2147404814630N11944479WA0029000252
B2147414814630N11944479WA0029000252
B2147424814630N11944479WA0029000252
B2147434814630N11944479WA0029000252
B2147444814630N11944479WA0029000252
B2147454814630N11944479WA0029000252
B2147464814630N11944479WA0029000252
B2147474814630N11944479WA0029000252
B2147484814630N11944479WA0029000252
B2147494814630N11944479WA0029000252
B2147504814630N11944479WA0029000252
B2147514814630N11944479WA0029000252
B2147524814630N11944479WA0029000253
B2147534814630N11944479WA0029000253
B2147544814630N11944479WA0029000253
B2147554814630N11944479WA0029000253
B2147564814630N11944479WA0029000253
B2147574814630N11944479WA0029000253
B2147584814630N11944479WA0029000253
B2147594814630N11944479WA0029000253
B2148004814630N11944479WA0029000253
B2148014814630N11944479WA0029000253
B2148024814630N11944479WA0029000253
B2148034814630N11944479WA0029000253
B2148044814630N11944479WA0029000253
B2148054814630N11944479WA0029000253
B2148064814630N11944479WA0029000253
B2148074814630N11944479WA0029000253
B2148084814630N11944479WA0029000253
B2148094814630N11944479WA0029000253
B2148104814630N11944479WA0029000253
B2148114814630N11944479WA0029000253
B2148124814630N11944479WA0029000254
B2148134814630N11944479WA0029000254
B2148144814630N11944479WA0029000254
B2148154814630N11944479WA0029000254
B2148164814630N11944479WA0029000254
B2148174814630N11944479WA0029000254
B2148184814630N11944479WA0029000254
B2148194814630N11944479WA0029000254
B2148204814630N11944479WA0029000254
B2148214814630N11944479WA0029000254
B2148224814630N11944479WA0029000254
B2148234814630N11944479WA0029000254
B2148244814630N11944479WA0029000254
B2148254814630N11944479WA0029000254
B2148264814630N11944479WA0029000254
B2148274814630N11944479WA0029000254
B2148284814630N11944479WA0029000254
B2148294814630N11944479WA0029000254
B2148304814630N11944479WA0029000254
B2148314814630N11944479WA0029000254
B2148324814630N11944479WA0029000254
B2148334814630N11944479WA0029000254
B2148344814630N11944479WA0029000254
B2148354814630N11944479WA0029000254
B2148364814630N11944479WA0029000254
B2148374814630N11944479WA0029000254
B2148384814630N11944479WA0029000254
B2148394814630N11944479WA0029000254
B2148404814630N11944479WA0029000255
B2148414814630N11944479WA0029000255
B2148424814630N11944479WA0029000255
B2148434814630N11944479WA0029000255
B2148444814630N11944479WA0029000255
B2148454814630N11944479WA0029000255
B2148464814630N11944478WA0029000255
B2148474814630N11944478WA0029000255
B2148484814630N11944478WA0029000255
B2148494814630N11944478WA0029000255
B2148504814630N11944478WA0029000254
B2148514814630N11944478WA0029000254
B2148524814630N11944478WA0029000254
B2148534814630N11944478WA0029000254
B2148544814630N11944478WA0029000254
B2148554814630N11944478WA0029000254
B2148564814630N11944478WA0029000254
B2148574814630N11944478WA0029000254
B2148584814630N11944478WA0029000254
B2148594814630N11944478WA0029000254
B2149004814630N11944478WA0029000254
B2149014814630N11944478WA0029000254
B2149024814630N11944478WA0029000254
B2149034814630N11944478WA0029000254
B2149044814630N11944478WA0029000255
B2149054814630N11944478WA0029000255
B2149064814630N11944478WA0029000255
B2149074814630N11944478WA0029000255
B2149084814630N11944478WA0029000255
B2149094814630N11944478WA0029000255
B2149104814630N11944478WA0029000255
B2149114814630N11944478WA0029000255
B2149124814630N11944478WA0029000255
B2149134814630N11944478WA0029000255
B2149144814630N11944478WA0029000255
B2149154814630N11944478WA0029000255
B2149164814630N11944478WA0029000256
B2149174814630N11944478WA0029000256
B2149184814630N11944478WA0029000256
B2149194814630N11944478WA0029000256
B2149204814630N11944478WA0029000256
B2149214814630N11944478WA0029000256
B2149224814630N11944478WA0029000256
B2149234814630N11944478WA0029000256
B2149244814630N11944478WA0029000256
B2149254814630N11944478WA0029000256
B2149264814630N11944478WA0029000256
B2149274814630N11944478WA0029000256
B2149284814630N11944478WA0029000256
B2149294814630N11944478WA0029000256
B2149304814630N11944478WA0029000256
B2149314814630N11944478WA0029000256
B2149324814630N11944478WA0029000256
B2149334814630N11944478WA0029000256
B2149344814630N11944478WA0029000256
B2149354814630N11944478WA0029000256
B2149364814630N11944478WA0029000256
B2149374814630N11944478WA0029000256
B2149384814630N11944478WA0029000256
B2149394814630N11944478WA0029000256
B2149404814630N11944478WA0029000256
B2149414814630N11944478WA0029000256
B2149424814630N11944478WA0029000256
B2149434814630N11944478WA0029000256
B2149444814630N11944478WA0029000256
B2149454814630N11944478WA0029000256
B2149464814630N11944478WA0029000256
B2149474814630N11944478WA0029000256
B2149484814630N11944478WA0029000256
B2149494814630N11944478WA0029000256
B2149504814630N11944478WA0029000256
B2149514814630N11944478WA0029000256
B2149524814630N11944478WA0029000256
B2149534814630N11944478WA0029000256
B2149544814630N11944478WA0029000256
B2149554814630N11944478WA0029000256
B2149564814630N11944478WA0029000256
B2149574814630N11944478WA0029000256
B2149584814630N11944478WA0029000256
B2149594814630N11944478WA0029000257
B2150004814630N11944478WA0029000257
B2150014814630N11944478WA0029000257
B2150024814630N11944478WA0029000257
B2150034814630N11944478WA0029000257
B2150044814630N11944478WA0029000257
B2150054814630N11944478WA0029000257
B2150064814630N11944478WA0029000257
B2150074814630N11944478WA0029000257
B2150084814630N11944478WA0029000257
B2150094814630N11944478WA0029000257
B2150104814630N11944478WA0029000257
B2150114814630N11944478WA0029000257
B2150124814630N11944478WA0029000257
B2150134814630N11944478WA0029000257
B2150144814630N11944478WA0029000257
B2150154814630N11944478WA0029000257
B2150164814630N11944478WA0029000257
B2150174814630N11944478WA0029000257
B2150184814630N11944478WA0029000257
B2150194814630N11944479WA0029000258
B2150204814630N11944479WA0029000258
B2150214814630N11944479WA0029000258
B2150224814630N11944479WA0029000258
B2150234814630N11944479WA0029000258
B2150244814630N11944479WA0029000258
B2150254814630N11944479WA0029000258
B2150264814630N11944479WA0029000258
B2150274814630N11944479WA0029000258
B2150284814630N11944479WA0029000258
B2150294814630N11944479WA0029000258
B2150304814630N11944479WA0029000258
B2150314814630N11944479WA0029000258
B2150324814630N11944479WA0029000258
B2150334814630N11944479WA0029000258
B2150344814630N11944479WA0029000257
B2150354814630N11944479WA0029000257
B2150364814630N11944479WA0029000257
B2150374814630N11944479WA0029000257
B2150384814630N11944479WA0029000257
B2150394814630N11944479WA0029000257
B2150404814630N11944479WA0029000257
B2150414814630N11944479WA0029000257
B2150424814630N11944479WA0029000257
B2150434814630N11944479WA0029000257
B2150444814630N11944479WA0029000257
B2150454814630N11944479WA0029000257
B2150464814630N11944479WA0029000257
B2150474814630N11944479WA0029000257
B2150484814630N11944479WA0029100257
B2150494814630N11944479WA0029000257
B2150504814630N11944479WA0029100257
B2150514814630N11944479WA0029100257
B2150524814630N11944479WA0029100257
B2150534814630N11944479WA0029100257
B2150544814630N11944479WA0029100257
B2150554814631N11944479WA0029100257
B2150564814631N11944478WA0029100257
B2150574814631N11944478WA0029100257
B2150584814631N11944478WA0029100257
B2150594814631N11944478WA0029100256
B2151004814630N11944479WA0029100256
B2151014814631N11944479WA0029100256
B2151024814630N11944479WA0029100256
B2151034814630N11944479WA0029100256
B2151044814630N11944479WA0029100255
B2151054814631N11944479WA0029100255
B2151064814631N11944479WA0029100255
B2151074814630N11944479WA0029100255
B2151084814630N11944479WA0029100255
B2151094814630N11944479WA0029100255
B2151104814630N11944479WA0029100255
B2151114814630N11944479WA0029100255
B2151124814630N11944479WA0029100255
B2151134814630N11944479WA0029100255
B2151144814630N11944479WA0029100256
B2151154814630N11944479WA0029100256
B2151164814630N11944479WA0029100256
B2151174814630N11944479WA0029100256
B2151184814630N11944479WA0029100256
B2151194814630N11944479WA0029100256
B2151204814630N11944479WA0029100256
B2151214814630N11944479WA0029100256
B2151224814630N11944479WA0029100256
B2151234814630N11944479WA0029100256
B2151244814630N11944479WA0029100256
B2151254814630N11944479WA0029100256
B2151264814630N11944479WA0029100256
B2151274814630N11944479WA0029100256
B2151284814630N11944479WA0029100256
B2151294814630N11944479WA0029100256
B2151304814630N11944479WA0029100256
B2151314814630N11944479WA0029100256
B2151324814630N11944479WA0029100256
B2151334814630N11944479WA0029100256
B2151344814630N11944479WA0029100256
B2151354814630N11944479WA0029100256
B2151364814630N11944479WA0029100256
B2151374814630N11944479WA0029100256
B2151384814630N11944479WA0029100256
B2151394814630N11944479WA0029100256
B2151404814630N11944478WA0029100256
B2151414814630N11944479WA0029100256
B2151424814630N11944478WA0029100256
B2151434814630N11944478WA0029100256
B2151444814630N11944478WA0029100256
B2151454814630N11944478WA0029100256
B2151464814630N11944478WA0029100256
B2151474814630N11944478WA0029100256
B2151484814630N11944478WA0029100256
B2151494814630N11944479WA0029100257
B2151504814630N11944479WA0029100257
B2151514814630N11944478WA0029100257
B2151524814630N11944478WA0029100256
B2151534814630N11944478WA0029100256
B2151544814630N11944478WA0029100256
B2151554814630N11944478WA0029100256
B2151564814630N11944478WA0029100256
B2151574814630N11944478WA0029100256
B2151584814630N11944478WA0029100256
B2151594814630N11944478WA0029100255
B2152004814630N11944478WA0029100255
B2152014814630N11944478WA0029100255
B2152024814630N11944478WA0029100255
B2152034814630N11944478WA0029100255
B2152044814630N11944478WA0029100255
B2152054814630N11944478WA0029100255
B2152064814630N11944478WA0029100255
B2152074814630N11944478WA0029100255
B2152084814630N11944478WA0029100255
B2152094814630N11944478WA0029100255
B2152104814630N11944478WA0029100255
B2152114814630N11944478WA0029100255
B2152124814630N11944478WA0029100255
B2152134814630N11944478WA0029100255
B2152144814630N11944478WA0029100256
B2152154814630N11944478WA0029100256
B2152164814630N11944478WA0029100256
B2152174814630N11944478WA0029100256
B2152184814630N11944478WA0029100256
B2152194814630N11944478WA0029100256
B2152204814630N11944478WA0029100256
B2152214814630N11944478WA0029100256
B2152224814630N11944478WA0029100256
B2152234814630N11944478WA0029100256
B2152244814630N11944478WA0029100256
B2152254814630N11944478WA0029100256
B2152264814630N11944478WA0029100257
B2152274814630N11944479WA0029100257
B2152284814630N11944479WA0029100256
B2152294814630N11944479WA0029100256
B2152304814630N11944479WA0029100256
B2152314814630N11944479WA0029100256
B2152324814630N11944479WA0029100256
B2152334814630N11944479WA0029100256
B2152344814630N11944479WA0029100256
B2152354814630N11944479WA0029100256
B2152364814630N11944478WA0029100256
B2152374814630N11944478WA0029100256
B2152384814630N11944478WA0029100256
B2152394814630N11944479WA0029100256
B2152404814630N11944479WA0029100256
B2152414814630N11944479WA0029100256
B2152424814630N11944479WA0029100257
B2152434814631N11944479WA0029100257
B2152444814631N11944479WA0029100257
B2152454814631N11944479WA0029100257
B2152464814631N11944479WA0029100257
B2152474814631N11944479WA0029100257
B2152484814631N11944479WA0029100257
B2152494814631N11944479WA0029100257
B2152504814630N11944479WA0029100257
B2152514814630N11944479WA0029100257
B2152524814630N11944478WA0029100257
B2152534814630N11944478WA0029100257
B2152544814630N11944478WA0029100257
B2152554814630N11944478WA0029100256
B2152564814630N11944478WA0029100256
B2152574814630N11944478WA0029100256
B2152584814630N11944478WA0029100255
B2152594814630N11944478WA0029100256
B2153004814630N11944478WA0029100256
B2153014814630N11944478WA0029100256
B2153024814630N11944478WA0029100255
B2153034814630N11944478WA0029100256
B2153044814630N11944478WA0029100256
B2153054814630N11944478WA0029100256
B2153064814630N11944478WA0029100257
B2153074814630N11944478WA0029100257
B2153084814630N11944478WA0029100257
B2153094814630N11944478WA0029100257
B2153104814630N11944478WA0029100257
B2153114814630N11944478WA0029100257
B2153124814630N11944478WA0029100257
B2153134814630N11944478WA0029100257
B2153144814630N11944477WA0029100257
B2153154814630N11944477WA0029100258
B2153164814630N11944477WA0029100258
B2153174814630N11944477WA0029100258
B2153184814630N11944477WA0029100257
B2153194814630N11944477WA0029100258
B2153204814630N11944477WA0029100257
B2153214814630N11944477WA0029100258
B2153224814630N11944477WA0029100258
B2153234814630N11944477WA0029100258
B2153244814630N11944477WA0029100258
B2153254814630N11944477WA0029100257
B2153264814630N11944477WA0029100257
B2153274814630N11944478WA0029100257
B2153284814630N11944478WA0029100257
B2153294814631N11944478WA0029100257
B2153304814631N11944478WA0029100257
B2153314814631N11944478WA0029100257
B2153324814631N11944478WA0029100257
B2153334814631N11944478WA0029100257
B2153344814631N11944478WA0029100257
B2153354814631N11944478WA0029100257
B2153364814631N11944478WA0029100257
B2153374814631N11944478WA0029100257
B2153384814631N11944478WA0029100257
B2153394814631N11944478WA0029100257
B2153404814631N11944478WA0029100257
B2153414814631N11944478WA0029100257
B2153424814631N11944478WA0029100257
B2153434814631N11944478WA0029100256
B2153444814631N11944478WA0029100256
B2153454814631N11944478WA0029100256
B2153464814631N11944478WA0029100256
B2153474814631N11944478WA0029100256
B2153484814631N11944478WA0029100256
B2153494814631N11944478WA0029100256
B2153504814631N11944478WA0029100256
B2153514814631N11944478WA0029100256
B2153524814631N11944478WA0029100256
B2153534814631N11944478WA0029100256
B2153544814631N11944478WA0029100256
B2153554814631N11944478WA0029100256
B2153564814631N11944478WA0029100256
B2153574814631N11944478WA0029100256
B2153584814631N11944478WA0029100256
B2153594814631N11944478WA0029100257
B2154004814631N11944478WA0029100256
B2154014814631N11944478WA0029100256
B2154024814631N11944478WA0029100256
B2154034814631N11944478WA0029100257
B2154044814631N11944478WA0029100257
B2154054814631N11944478WA0029100257
B2154064814631N11944478WA0029100257
B2154074814631N11944478WA0029100257
B2154084814631N11944478WA0029100257
B2154094814631N11944478WA0029100257
B2154104814631N11944478WA0029100257
B2154114814631N11944478WA0029100257
B2154124814631N11944478WA0029100257
B2154134814631N11944478WA0029100257
B2154144814631N11944478WA0029100257
B2154154814631N11944478WA0029100257
B2154164814631N11944478WA0029100257
B2154174814631N11944478WA0029100257
B2154184814631N11944478WA0029100257
B2154194814631N11944478WA0029100257
B2154204814631N11944477WA0029100257
B2154214814631N11944478WA0029100257
B2154224814631N11944478WA0029100257
B2154234814631N11944478WA0029100257
B2154244814631N11944478WA0029100257
B2154254814631N11944478WA0029100257
B2154264814631N11944478WA0029100257
B2154274814631N11944478WA0029100257
B2154284814631N11944478WA0029100256
B2154294814631N11944478WA0029100257
B2154304814631N11944478WA0029100257
B2154314814631N11944478WA0029100257
B2154324814631N11944478WA0029100257
B2154334814631N11944478WA0029100257
B2154344814631N11944478WA0029100256
B2154354814631N11944478WA0029100257
B2154364814631N11944478WA0029100256
B2154374814631N11944478WA0029100256
B2154384814631N11944478WA0029100257
B2154394814631N11944478WA0029100257
B2154404814631N11944478WA0029100257
B2154414814631N11944478WA0029100257
B2154424814631N11944478WA0029100257
B2154434814631N11944478WA0029100257
B2154444814631N11944478WA0029100257
B2154454814631N11944478WA0029100257
B2154464814631N11944477WA0029100257
B2154474814631N11944478WA0029100257
B2154484814631N11944478WA0029100257
B2154494814631N11944478WA0029100257
B2154504814631N11944478WA0029100257
B2154514814631N11944478WA0029100257
B2154524814631N11944478WA0029100257
B2154534814631N11944478WA0029100257
B2154544814631N11944478WA0029100257
B2154554814631N11944477WA0029100257
B2154564814631N11944477WA0029100257
B2154574814631N11944477WA0029100258
B2154584814631N11944477WA0029100258
B2154594814631N11944477WA0029100258
B2155004814631N11944477WA0029100258
B2155014814631N11944478WA0029100258
B2155024814631N11944478WA0029100258
B2155034814631N11944478WA0029100257
B2155044814631N11944478WA0029100257
B2155054814631N11944478WA0029100258
B2155064814631N11944478WA0029100258
B2155074814631N11944478WA0029100258
B2155084814631N11944478WA0029100259
B2155094814631N11944477WA0029100258
B2155104814631N11944477WA0029100259
B2155114814631N11944477WA0029100259
B2155124814631N11944477WA0029100260
B2155134814631N11944477WA0029100260
B2155144814631N11944477WA0029100260
B2155154814631N11944477WA0029100260
B2155164814631N11944477WA0029100260
B2155174814631N11944477WA0029100260
B2155184814631N11944477WA0029100260
B2155194814631N11944477WA0029100260
B2155204814631N11944477WA0029100260
B2155214814631N11944477WA0029100261
B2155224814631N11944477WA0029100261
B2155234814631N11944477WA0029100261
B2155244814631N11944477WA0029100261
B2155254814631N11944477WA0029100261
B2155264814631N11944477WA0029100261
B2155274814631N11944477WA0029100261
B2155284814631N11944477WA0029100262
B2155294814631N11944477WA0029100262
B2155304814631N11944477WA0029100262
B2155314814631N11944477WA0029100262
B2155324814630N11944476WA0029100262
B2155334814630N11944476WA0029100262
B2155344814630N11944476WA0029100262
B2155354814630N11944476WA0029100263
B2155364814630N11944476WA0029100263
B2155374814630N11944476WA0029100263
B2155384814630N11944476WA0029100263
B2155394814630N11944476WA0029100262
B2155404814630N11944476WA0029100263
B2155414814630N11944476WA0029100263
B2155424814630N11944476WA0029100264
B2155434814630N11944475WA0029100265
B2155444814630N11944476WA0029100265
B2155454814630N11944475WA0029100264
B2155464814630N11944475WA0029100265
B2155474814630N11944475WA0029100265
B2155484814630N11944475WA0029100265
B2155494814630N11944475WA0029100265
B2155504814630N11944475WA0029100265
B2155514814630N11944475WA0029100266
B2155524814630N11944475WA0029100265
B2155534814630N11944475WA0029100265
B2155544814630N11944476WA0029100265
B2155554814630N11944476WA0029100265
B2155564814630N11944476WA0029100265
B2155574814630N11944476WA0029100264
B2155584814630N11944476WA0029100265
B2155594814630N11944476WA0029100265
B2156004814630N11944476WA0029100264
B2156014814630N11944476WA0029100264
B2156024814630N11944476WA0029100264
B2156034814630N11944476WA0029100263
B2156044814630N11944476WA0029100263
B2156054814630N11944476WA0029100263
B2156064814630N11944476WA0029100263
B2156074814630N11944476WA0029100263
B2156084814630N11944476WA0029100264
B2156094814630N11944476WA0029100264
B2156104814630N11944476WA0029100263
B2156114814630N11944476WA0029100263
B2156124814630N11944476WA0029100263
B2156134814630N11944476WA0029100263
B2156144814630N11944476WA0029100263
B2156154814630N11944477WA0029100262
B2156164814630N11944477WA0029100262
B2156174814630N11944477WA0029100262
B2156184814630N11944477WA0029100262
B2156194814630N11944477WA0029100261
B2156204814630N11944477WA0029100261
B2156214814630N11944478WA0029100261
B2156224814630N11944478WA0029100261
B2156234814630N11944479WA0029100260
B2156244814630N11944479WA0029100259
B2156254814630N11944479WA0029100259
B2156264814631N11944479WA0029100258
B2156274814631N11944479WA0029100258
B2156284814631N11944479WA0029100258
B2156294814630N11944479WA0029100258
B2156304814630N11944479WA0029100259
B2156314814630N11944479WA0029100259
B2156324814630N11944478WA0029100259
B2156334814630N11944479WA0029100259
B2156344814630N11944478WA0029100259
B2156354814630N11944478WA0029100260
B2156364814630N11944479WA0029100259
B2156374814630N11944478WA0029100259
B2156384814630N11944479WA0029100260
B2156394814630N11944478WA0029100260
B2156404814630N11944479WA0029100260
B2156414814630N11944479WA0029100260
B2156424814630N11944479WA0029100260
B2156434814630N11944479WA0029100260
B2156444814630N11944479WA0029100260
B2156454814630N11944479WA0029100260
B2156464814630N11944479WA0029100259
B2156474814630N11944479WA0029100259
B2156484814630N11944478WA0029100259
B2156494814630N11944478WA0029100259
B2156504814630N11944478WA0029100259
B2156514814630N11944478WA0029100259
B2156524814630N11944478WA0029100258
B2156534814630N11944478WA0029100258
B2156544814630N11944478WA0029100258
B2156554814630N11944478WA0029100258
B2156564814630N11944478WA0029100258
B2156574814630N11944478WA0029100258
B2156584814630N11944478WA0029100257
B2156594814630N11944478WA0029100256
B2157004814630N11944478WA0029100256
B2157014814630N11944478WA0029100256
B2157024814630N11944478WA0029100256
B2157034814630N11944478WA0029100256
B2157044814630N11944478WA0029100256
B2157054814630N11944478WA0029100255
B2157064814630N11944478WA0029100255
B2157074814630N11944478WA0029100255
B2157084814630N11944478WA0029100255
B2157094814631N11944478WA0029100255
B2157104814631N11944478WA0029100255
B2157114814631N11944478WA0029100255
B2157124814631N11944478WA0029100255
B2157134814631N11944478WA0029100255
B2157144814631N11944478WA0029100255
B2157154814631N11944479WA0029100255
B2157164814631N11944479WA0029100254
B2157174814631N11944479WA0029100254
B2157184814631N11944479WA0029100254
B2157194814631N11944479WA0029100254
B2157204814631N11944479WA0029100254
B2157214814631N11944479WA0029100254
B2157224814631N11944479WA0029100254
B2157234814631N11944479WA0029100253
B2157244814631N11944479WA0029100254
B2157254814631N11944480WA0029100254
B2157264814631N11944480WA0029100253
B2157274814631N11944480WA0029100253
B2157284814631N11944479WA0029100253
B2157294814631N11944478WA0029100254
B2157304814631N11944478WA0029100254
B2157314814631N11944478WA0029100254
B2157324814631N11944478WA0029100254
B2157334814631N11944478WA0029100255
B2157344814631N11944478WA0029100255
B2157354814631N11944478WA0029100255
B2157364814631N11944478WA0029100255
B2157374814631N11944478WA0029100255
B2157384814631N11944478WA0029100255
B2157394814631N11944478WA0029100255
B2157404814631N11944478WA0029100255
B2157414814631N11944478WA0029100256
B2157424814631N11944478WA0029100256
B2157434814631N11944478WA0029100256
B2157444814631N11944478WA0029100256
B2157454814631N11944478WA0029100256
B2157464814631N11944478WA0029100256
B2157474814631N11944478WA0029100256
B2157484814631N11944478WA0029100256
B2157494814631N11944478WA0029100256
B2157504814631N11944478WA0029100256
B2157514814631N11944478WA0029100256
B2157524814631N11944478WA0029100256
B2157534814631N11944478WA0029100256
B2157544814631N11944478WA0029100256
B2157554814631N11944478WA0029100256
B2157564814631N11944478WA0029100256
B2157574814631N11944478WA0029100256
B2157584814631N11944478WA0029100256
B2157594814631N11944478WA0029100256
B2158004814631N11944478WA0029100256
B2158014814631N11944478WA0029100256
B2158024814631N11944478WA0029100256
B2158034814631N11944478WA0029100256
B2158044814631N11944478WA0029100256
B2158054814631N11944478WA0029100256
B2158064814631N11944478WA0029100256
B2158074814631N11944478WA0029100256
B2158084814631N11944478WA0029100256
B2158094814631N11944478WA0029100256
B2158104814631N11944478WA0029100256
B2158114814631N11944478WA0029100256
B2158124814631N11944478WA0029100256
B2158134814631N11944478WA0029100256
B2158144814631N11944478WA0029100256
B2158154814631N11944478WA0029100256
B2158164814631N11944478WA0029100256
B2158174814631N11944478WA0029100256
B2158184814631N11944478WA0029100256
B2158194814631N11944478WA0029100257
B2158204814631N11944478WA0029100257
B2158214814631N11944478WA0029100257
B2158224814631N11944478WA0029100257
B2158234814631N11944478WA0029100257
B2158244814631N11944478WA0029100257
B2158254814631N11944478WA0029100257
B2158264814631N11944478WA0029100257
B2158274814631N11944478WA0029100257
B2158284814630N11944478WA0029100257
B2158294814630N11944478WA0029100257
B2158304814630N11944478WA0029100257
B2158314814630N11944478WA0029100257
B2158324814630N11944478WA0029100257
B2158334814631N11944478WA0029100257
B2158344814631N11944478WA0029100257
B2158354814631N11944478WA0029100257
B2158364814631N11944478WA0029100257
B2158374814631N11944478WA0029100257
B2158384814631N11944478WA0029100257
B2158394814631N11944478WA0029100257
B2158404814631N11944478WA0029100257
B2158414814631N11944478WA0029100257
B2158424814631N11944478WA0029100257
B2158434814631N11944478WA0029100257
B2158444814631N11944478WA0029100257
B2158454814631N11944478WA0029100257
B2158464814631N11944478WA0029100257
B2158474814631N11944478WA0029100257
B2158484814631N11944478WA0029100257
B2158494814631N11944478WA0029100257
B2158504814631N11944478WA0029100257
B2158514814631N11944478WA0029100257
B2158524814631N11944478WA0029100257
B2158534814631N11944478WA0029100257
B2158544814631N11944478WA0029100257
B2158554814631N11944478WA0029100257
B2158564814631N11944478WA0029100257
B2158574814631N11944478WA0029100257
B2158584814631N11944478WA0029100257
B2158594814631N11944478WA0029100256
B2159004814631N11944478WA0029100256
B2159014814631N11944478WA0029100256
B2159024814631N11944478WA0029100256
B2159034814631N11944478WA0029100256
B2159044814631N11944478WA0029100256
B2159054814631N11944478WA0029100256
B2159064814631N11944478WA0029100256
B2159074814631N11944478WA0029100256
B2159084814631N11944478WA0029100256
B2159094814631N11944478WA0029100256
B2159104814631N11944478WA0029100256
B2159114814631N11944478WA0029100256
B2159124814631N11944478WA0029100256
B2159134814631N11944478WA0029100256
B2159144814631N11944478WA0029100256
B2159154814631N11944478WA0029100256
B2159164814630N11944478WA0029100256
B2159174814630N11944478WA0029100256
B2159184814630N11944478WA0029100256
B2159194814630N11944478WA0029100256
B2159204814630N11944478WA0029100256
B2159214814630N11944478WA0029100256
B2159224814630N11944478WA0029100256
B2159234814630N11944478WA0029100256
B2159244814630N11944478WA0029100256
B2159254814630N11944478WA0029100256
B2159264814630N11944478WA0029100256
B2159274814630N11944478WA0029100256
B2159284814630N11944478WA0029100256
B2159294814630N11944478WA0029100256
B2159304814630N11944478WA0029100256
B2159314814630N11944478WA0029100256
B2159324814630N11944478WA0029100255
B2159334814630N11944478WA0029100255
B2159344814630N11944478WA0029100255
B2159354814630N11944478WA0029100255
B2159364814630N11944478WA0029100255
B2159374814630N11944478WA0029100255
B2159384814630N11944478WA0029100255
B2159394814630N11944478WA0029100255
B2159404814630N11944478WA0029100255
B2159414814630N11944478WA0029100255
B2159424814630N11944478WA0029100255
B2159434814630N11944478WA0029100255
B2159444814630N11944478WA0029100255
B2159454814630N11944478WA0029100255
B2159464814630N11944478WA0029100255
B2159474814630N11944478WA0029100255
B2159484814630N11944478WA0029100255
B2159494814630N11944478WA0029100255
B2159504814630N11944478WA0029100255
B2159514814630N11944478WA0029100255
B2159524814630N11944478WA0029100255
B2159534814630N11944478WA0029100255
B2159544814630N11944478WA0029100256
B2159554814630N11944478WA0029100256
B2159564814630N11944478WA0029100256
B2159574814630N11944478WA0029100256
B2159584814630N11944478WA0029100256
B2159594814630N11944478WA0029100256
B2200004814630N11944478WA0029100256
B2200014814630N11944478WA0029100256
B2200024814630N11944478WA0029100256
B2200034814630N11944478WA0029100256
B2200044814630N11944478WA0029100256
B2200054814630N11944478WA0029100256
B2200064814630N11944478WA0029100256
B2200074814630N11944478WA0029100256
B2200084814630N11944478WA0029100256
B2200094814630N11944478WA0029100256
B2200104814630N11944478WA0029100256
B2200114814630N11944478WA0029100256
B2200124814630N11944478WA0029100257
B2200134814630N11944478WA0029100257
B2200144814630N11944478WA0029100257
B2200154814630N11944478WA0029100257
B2200164814630N11944478WA0029100257
B2200174814630N11944478WA0029100257
B2200184814630N11944478WA0029100257
B2200194814630N11944478WA0029100257
B2200204814630N11944478WA0029200257
B2200214814630N11944478WA0029200256
B2200224814630N11944478WA0029200256
B2200234814630N11944478WA0029200257
B2200244814630N11944478WA0029200257
B2200254814630N11944479WA0029200257
B2200264814630N11944479WA0029200257
B2200274814630N11944479WA0029200257
B2200284814630N11944479WA0029200257
B2200294814630N11944479WA0029200257
B2200304814630N11944479WA0029200257
B2200314814630N11944478WA0029200257
B2200324814630N11944478WA0029200257
B2200334814630N11944478WA0029200256
B2200344814631N11944478WA0029200256
B2200354814631N11944478WA0029200257
B2200364814631N11944478WA0029200257
B2200374814631N11944478WA0029200257
B2200384814631N11944478WA0029200257
B2200394814630N11944478WA0029200257
B2200404814630N11944478WA0029200257
B2200414814630N11944478WA0029200257
B2200424814630N11944478WA0029200257
B2200434814630N11944478WA0029200257
B2200444814630N11944478WA0029200257
B2200454814630N11944478WA0029200257
B2200464814630N11944478WA0029200257
B2200474814630N11944478WA0029200257
B2200484814630N11944478WA0029200257
B2200494814630N11944478WA0029200257
B2200504814630N11944478WA0029200257
B2200514814630N11944478WA0029200257
B2200524814630N11944478WA0029200257
B2200534814630N11944478WA0029200257
B2200544814630N11944478WA0029200257
B2200554814630N11944478WA0029200257
B2200564814631N11944478WA0029200257
B2200574814630N11944478WA0029200257
B2200584814631N11944478WA0029200257
B2200594814631N11944478WA0029200257
B2201004814631N11944478WA0029200257
B2201014814631N11944478WA0029200257
B2201024814631N11944478WA0029200257
B2201034814631N11944478WA0029200257
B2201044814631N11944478WA0029200257
B2201054814631N11944478WA0029100257
B2201064814631N11944478WA0029100257
B2201074814631N11944478WA0029100257
B2201084814631N11944478WA0029100257
B2201094814630N11944478WA0029100257
B2201104814630N11944478WA0029100257
B2201114814630N11944478WA0029100257
B2201124814630N11944478WA0029100257
B2201134814630N11944478WA0029100257
B2201144814630N11944478WA0029100256
B2201154814630N11944478WA0029100256
B2201164814630N11944478WA0029100256
B2201174814630N11944478WA0029100256
B2201184814630N11944478WA0029100256
B2201194814630N11944478WA0029100256
B2201204814630N11944478WA0029100256
B2201214814630N11944478WA0029100256
B2201224814630N11944478WA0029100256
B2201234814630N11944478WA0029100256
B2201244814630N11944478WA0029100256
B2201254814630N11944478WA0029100256
B2201264814630N11944478WA0029100256
B2201274814630N11944478WA0029100256
B2201284814630N11944478WA0029100256
B2201294814630N11944478WA0029100256
B2201304814630N11944478WA0029100256
B2201314814630N11944478WA0029100256
B2201324814630N11944478WA0029100256
B2201334814630N11944478WA0029100256
B2201344814630N11944478WA0029100256
B2201354814630N11944478WA0029100256
B2201364814630N11944478WA0029100256
B2201374814630N11944478WA0029100256
B2201384814630N11944478WA0029100256
B2201394814630N11944478WA0029100256
B2201404814630N11944478WA0029100256
B2201414814630N11944478WA0029100256
B2201424814630N11944478WA0029100256
B2201434814630N11944478WA0029100256
B2201444814630N11944478WA0029100256
B2201454814630N11944478WA0029100255
B2201464814630N11944478WA0029100255
B2201474814631N11944478WA0029100255
B2201484814631N11944478WA0029100254
B2201494814631N11944478WA0029100254
B2201504814631N11944478WA0029100254
B2201514814631N11944478WA0029100254
B2201524814631N11944478WA0029100253
B2201534814631N11944478WA0029100253
B2201544814631N11944478WA0029100253
B2201554814631N11944478WA0029100253
B2201564814631N11944478WA0029100253
B2201574814631N11944478WA0029100253
B2201584814631N11944478WA0029200254
B2201594814631N11944478WA0029200254
B2202004814631N11944478WA0029200254
B2202014814631N11944478WA0029200254
B2202024814631N11944478WA0029100254
B2202034814630N11944478WA0029100254
B2202044814630N11944478WA0029100254
B2202054814630N11944478WA0029100254
B2202064814630N11944478WA0029100254
B2202074814630N11944478WA0029100254
B2202084814630N11944478WA0029100254
B2202094814630N11944478WA0029100254
B2202104814630N11944478WA0029100254
B2202114814630N11944478WA0029100254
B2202124814630N11944478WA0029100254
B2202134814630N11944478WA0029100254
B2202144814630N11944478WA0029100254
B2202154814630N11944478WA0029100254
B2202164814630N11944478WA0029100254
B2202174814630N11944478WA0029100254
B2202184814630N11944478WA0029100254
B2202194814630N11944478WA0029100254
B2202204814630N11944478WA0029100254
B2202214814630N11944478WA0029100254
B2202224814630N11944478WA0029100254
B2202234814630N11944478WA0029100255
B2202244814630N11944478WA0029100255
B2202254814630N11944478WA0029100255
B2202264814630N11944478WA0029100255
B2202274814630N11944478WA0029100255
B2202284814630N11944478WA0029100255
B2202294814630N11944478WA0029100255
B2202304814630N11944478WA0029100255
B2202314814630N11944478WA0029100255
B2202324814630N11944478WA0029100255
B2202334814630N11944478WA0029100255
B2202344814630N11944478WA0029100255
B2202354814630N11944478WA0029100255
B2202364814630N11944478WA0029100255
B2202374814630N11944478WA0029100256
B2202384814630N11944478WA0029100256
B2202394814630N11944479WA0029100256
B2202404814630N11944479WA0029100256
B2202414814630N11944479WA0029100256
B2202424814630N11944479WA0029100256
B2202434814630N11944479WA0029100256
B2202444814630N11944479WA0029100256
B2202454814630N11944479WA0029100256
B2202464814630N11944479WA0029200256
B2202474814630N11944479WA0029200256
B2202484814630N11944479WA0029100256
B2202494814630N11944479WA0029100256
B2202504814630N11944479WA0029200256
B2202514814630N11944479WA0029200256
B2202524814630N11944479WA0029200256
B2202534814630N11944479WA0029200256
B2202544814630N11944479WA0029200256
B2202554814630N11944479WA0029200256
B2202564814630N11944479WA0029200256
B2202574814630N11944479WA0029200256
B2202584814630N11944478WA0029200256
B2202594814630N11944478WA0029200256
B2203004814630N11944478WA0029200256
B2203014814630N11944478WA0029200256
B2203024814630N11944478WA0029200257
B2203034814630N11944478WA0029200257
B2203044814630N11944478WA0029200257
B2203054814630N11944478WA0029200257
B2203064814630N11944478WA0029200257
B2203074814629N11944478WA0029200257
B2203084814629N11944478WA0029200258
B2203094814630N11944478WA0029200258
B2203104814630N11944478WA0029200258
B2203114814630N11944478WA0029200258
B2203124814630N11944478WA0029200258
B2203134814630N11944478WA0029200258
B2203144814630N11944478WA0029200258
B2203154814630N11944478WA0029200258
B2203164814630N11944478WA0029200257
B2203174814630N11944478WA0029200257
B2203184814630N11944478WA0029200257
B2203194814630N11944478WA0029200257
B2203204814630N11944478WA0029200257
B2203214814630N11944478WA0029200257
B2203224814629N11944478WA0029200257
B2203234814630N11944478WA0029200257
B2203244814630N11944478WA0029200257
B2203254814630N11944478WA0029200257
B2203264814630N11944478WA0029200257
B2203274814630N11944478WA0029200257
B2203284814630N11944478WA0029200258
B2203294814630N11944478WA0029200258
B2203304814630N11944478WA0029200258
B2203314814630N11944478WA0029200258
B2203324814630N11944478WA0029100258
B2203334814630N11944478WA0029100258
B2203344814630N11944478WA0029100258
B2203354814630N11944478WA0029100258
B2203364814630N11944478WA0029100258
B2203374814629N11944478WA0029100259
B2203384814629N11944478WA0029100258
B2203394814629N11944478WA0029100258
B2203404814630N11944478WA0029100258
B2203414814630N11944478WA0029100258
B2203424814630N11944478WA0029100258
B2203434814630N11944478WA0029100258
B2203444814630N11944478WA0029100258
B2203454814630N11944478WA0029100258
B2203464814630N11944478WA0029100258
B2203474814630N11944478WA0029100258
B2203484814630N11944478WA0029100258
B2203494814630N11944478WA0029100258
B2203504814630N11944478WA0029100258
B2203514814630N11944478WA0029100258
B2203524814630N11944478WA0029100258
B2203534814630N11944478WA0029100258
B2203544814630N11944478WA0029200258
B2203554814630N11944478WA0029200258
B2203564814630N11944478WA0029200258
B2203574814630N11944478WA0029200258
B2203584814630N11944478WA0029200258
B2203594814630N11944478WA0029200258
B2204004814630N11944478WA0029200258
B2204014814630N11944478WA0029200258
B2204024814630N11944478WA0029200258
B2204034814630N11944478WA0029200258
B2204044814630N11944478WA0029200258
B2204054814630N11944478WA0029200258
B2204064814630N11944478WA0029200258
B2204074814630N11944478WA0029200258
B2204084814630N11944478WA0029200258
B2204094814630N11944478WA0029200258
B2204104814630N11944478WA0029200258
B2204114814630N11944478WA0029200258
B2204124814630N11944478WA0029200258
B2204134814630N11944477WA0029200258
B2204144814630N11944477WA0029200258
B2204154814630N11944477WA0029200258
B2204164814630N11944477WA0029200258
B2204174814630N11944477WA0029200258
B2204184814630N11944477WA0029200258
B2204194814630N11944477WA0029200258
B2204204814630N11944477WA0029200258
B2204214814630N11944477WA0029200258
B2204224814630N11944477WA0029200258
B2204234814630N11944477WA0029200258
B2204244814630N11944477WA0029200257
B2204254814630N11944477WA0029200257
B2204264814630N11944477WA0029200257
B2204274814630N11944477WA0029200257
B2204284814630N11944477WA0029200257
B2204294814630N11944477WA0029200257
B2204304814630N11944477WA0029200257
B2204314814630N11944477WA0029200257
B2204324814630N11944478WA0029200257
B2204334814630N11944478WA0029200257
B2204344814630N11944478WA0029200257
B2204354814630N11944478WA0029200257
B2204364814630N11944478WA0029200257
B2204374814630N11944478WA0029200257
B2204384814630N11944478WA0029200257
B2204394814630N11944478WA0029200257
B2204404814630N11944478WA0029200257
B2204414814630N11944478WA0029200257
B2204424814630N11944478WA0029200257
B2204434814630N11944478WA0029200257
B2204444814630N11944478WA0029200257
B2204454814630N11944478WA0029200257
B2204464814630N11944478WA0029200257
B2204474814630N11944478WA0029200257
B2204484814630N11944478WA0029200257
B2204494814630N11944478WA0029200257
B2204504814630N11944478WA0029200257
B2204514814630N11944478WA0029200256
B2204524814630N11944478WA0029200256
B2204534814630N11944478WA0029200256
B2204544814630N11944478WA0029200256
B2204554814630N11944478WA0029200256
B2204564814630N11944478WA0029200256
B2204574814630N11944478WA0029100256
B2204584814630N11944478WA0029100256
B2204594814630N11944478WA0029100256
B2205004814630N11944478WA0029100256
B2205014814630N11944478WA0029100256
B2205024814630N11944478WA0029100256
B2205034814630N11944478WA0029100256
B2205044814630N11944478WA0029100256
B2205054814630N11944478WA0029100256
B2205064814630N11944478WA0029100256
B2205074814630N11944478WA0029100256
B2205084814630N11944478WA0029100256
B2205094814630N11944478WA0029100256
B2205104814630N11944478WA0029100256
B2205114814630N11944478WA0029100256
B2205124814630N11944478WA0029100256
B2205134814630N11944478WA0029100256
B2205144814630N11944478WA0029100256
B2205154814630N11944478WA0029100256
B2205164814630N11944478WA0029100256
B2205174814630N11944478WA0029100256
B2205184814630N11944478WA0029100256
B2205194814630N11944478WA0029100256
B2205204814630N11944478WA0029100256
B2205214814630N11944478WA0029100256
B2205224814630N11944478WA0029100256
B2205234814630N11944478WA0029100256
B2205244814630N11944478WA0029100256
B2205254814630N11944477WA0029100256
B2205264814630N11944477WA0029100256
B2205274814630N11944477WA0029100256
B2205284814630N11944477WA0029100256
B2205294814630N11944477WA0029100256
B2205304814630N11944477WA0029100256
B2205314814630N11944478WA0029100256
B2205324814630N11944478WA0029100256
B2205334814630N11944478WA0029100256
B2205344814630N11944478WA0029100256
B2205354814630N11944478WA0029100256
B2205364814630N11944478WA0029100256
B2205374814630N11944478WA0029100256
B2205384814630N11944478WA0029100256
B2205394814630N11944478WA0029100256
B2205404814630N11944478WA0029100256
B2205414814630N11944478WA0029100256
B2205424814630N11944478WA0029100256
B2205434814630N11944478WA0029100256
B2205444814630N11944478WA0029100256
B2205454814630N11944478WA0029100256
B2205464814630N11944478WA0029100256
B2205474814630N11944478WA0029100256
B2205484814630N11944478WA0029100256
B2205494814630N11944478WA0029100256
B2205504814630N11944478WA0029100256
B2205514814630N11944478WA0029100255
B2205524814630N11944478WA0029100255
B2205534814630N11944478WA0029100255
B2205544814630N11944478WA0029100255
B2205554814630N11944478WA0029100255
B2205564814630N11944478WA0029100255
B2205574814630N11944478WA0029100255
B2205584814630N11944478WA0029100255
B2205594814630N11944478WA0029100255
B2206004814630N11944478WA0029100255
B2206014814630N11944478WA0029100255
B2206024814630N11944478WA0029100255
B2206034814630N11944478WA0029100256
B2206044814630N11944478WA0029100256
B2206054814630N11944478WA0029100256
B2206064814630N11944478WA0029100256
B2206074814630N11944478WA0029100256
B2206084814630N11944478WA0029100256
B2206094814630N11944478WA0029100256
B2206104814630N11944478WA0029100256
B2206114814630N11944478WA0029100256
B2206124814630N11944478WA0029100256
B2206134814630N11944478WA0029100256
B2206144814630N11944478WA0029100256
B2206154814630N11944478WA0029100256
B2206164814630N11944478WA0029100256
B2206174814630N11944478WA0029100256
B2206184814630N11944478WA0029100256
B2206194814630N11944478WA0029100256
B2206204814630N11944478WA0029100256
B2206214814630N11944478WA0029100256
B2206224814630N11944478WA0029100256
B2206234814630N11944478WA0029100256
B2206244814630N11944478WA0029100256
B2206254814630N11944478WA0029100257
B2206264814630N11944478WA0029100257
B2206274814630N11944478WA0029100257
B2206284814630N11944478WA0029100257
B2206294814630N11944478WA0029100257
B2206304814630N11944478WA0029100257
B2206314814630N11944478WA0029100257
B2206324814630N11944478WA0029100257
B2206334814630N11944478WA0029100257
B2206344814630N11944478WA0029100257
B2206354814630N11944478WA0029200257
B2206364814630N11944478WA0029200257
B2206374814630N11944478WA0029200257
B2206384814630N11944478WA0029200257
B2206394814630N11944478WA0029200257
B2206404814630N11944478WA0029200257
B2206414814631N11944478WA0029200257
B2206424814631N11944478WA0029200257
B2206434814631N11944478WA0029200257
B2206444814630N11944478WA0029200257
B2206454814630N11944478WA0029200257
B2206464814630N11944478WA0029200257
B2206474814630N11944478WA0029200257
B2206484814630N11944478WA0029200257
B2206494814630N11944478WA0029200257
B2206504814630N11944478WA0029200257
B2206514814630N11944478WA0029200257
B2206524814630N11944478WA0029200257
B2206534814630N11944478WA0029200257
B2206544814630N11944478WA0029200257
B2206554814630N11944478WA0029200257
B2206564814630N11944478WA0029200257
B2206574814630N11944478WA0029200256
B2206584814630N11944478WA0029200256
B2206594814630N11944478WA0029200256
B2207004814630N11944478WA0029200256
B2207014814630N11944478WA0029200256
B2207024814630N11944478WA0029200256
B2207034814630N11944478WA0029200256
B2207044814630N11944478WA0029200256
B2207054814630N11944478WA0029200256
B2207064814630N11944478WA0029200256
B2207074814630N11944478WA0029200256
B2207084814630N11944478WA0029200256
B2207094814630N11944478WA0029200256
B2207104814630N11944478WA0029200256
B2207114814630N11944478WA0029200256
B2207124814630N11944478WA0029200256
B2207134814630N11944478WA0029200256
B2207144814630N11944478WA0029200256
B2207154814630N11944478WA0029200256
B2207164814630N11944478WA0029200256
B2207174814630N11944478WA0029200256
B2207184814630N11944478WA0029200256
B2207194814630N11944478WA0029200256
B2207204814630N11944478WA0029200256
B2207214814630N11944478WA0029200256
B2207224814630N11944478WA0029200256
B2207234814630N11944478WA0029200256
B2207244814630N11944478WA0029200256
B2207254814630N11944478WA0029200256
B2207264814630N11944478WA0029200256
B2207274814630N11944478WA0029200256
B2207284814630N11944478WA0029200256
B2207294814630N11944478WA0029200256
B2207304814630N11944478WA0029200256
B2207314814630N11944478WA0029200256
B2207324814630N11944478WA0029200256
B2207334814630N11944478WA0029200256
B2207344814630N11944478WA0029200256
B2207354814630N11944478WA0029200256
B2207364814630N11944478WA0029200256
B2207374814630N11944478WA0029200256
B2207384814630N11944478WA0029200256
B2207394814630N11944478WA0029200256
B2207404814630N11944478WA0029200256
B2207414814630N11944478WA0029200256
B2207424814630N11944478WA0029200256
B2207434814630N11944478WA0029200256
B2207444814630N11944478WA0029200256
B2207454814630N11944478WA0029200256
B2207464814630N11944478WA0029200256
B2207474814630N11944478WA0029200256
B2207484814630N11944478WA0029200256
B2207494814630N11944478WA0029200256
B2207504814630N11944478WA0029200256
B2207514814630N11944478WA0029200256
B2207524814630N11944478WA0029200256
B2207534814630N11944478WA0029200256
B2207544814630N11944478WA0029200256
B2207554814630N11944478WA0029200256
B2207564814630N11944478WA0029200257
B2207574814630N11944478WA0029200257
B2207584814630N11944478WA0029200257
B2207594814630N11944478WA0029200257
B2208004814630N11944478WA0029200257
B2208014814630N11944477WA0029200257
B2208024814630N11944477WA0029200257
B2208034814630N11944477WA0029200257
B2208044814630N11944477WA0029200257
B2208054814630N11944477WA0029200256
B2208064814630N11944477WA0029200256
B2208074814630N11944477WA0029200256
B2208084814630N11944478WA0029200256
B2208094814630N11944478WA0029200256
B2208104814630N11944478WA0029200256
B2208114814630N11944478WA0029200256
B2208124814630N11944478WA0029200256
B2208134814630N11944478WA0029200256
B2208144814630N11944478WA0029200256
B2208154814630N11944478WA0029200256
B2208164814630N11944478WA0029200256
B2208174814630N11944478WA0029200256
B2208184814630N11944478WA0029200256
B2208194814630N11944478WA0029200256
B2208204814630N11944478WA0029200256
B2208214814630N11944478WA0029200256
B2208224814630N11944478WA0029200256
B2208234814630N11944478WA0029200256
B2208244814630N11944477WA0029200256
B2208254814630N11944477WA0029200256
B2208264814630N11944477WA0029200256
B2208274814630N11944477WA0029200256
B2208284814630N11944477WA0029200256
B2208294814630N11944477WA0029200256
B2208304814630N11944477WA0029200255
B2208314814630N11944477WA0029200255
B2208324814630N11944477WA0029200255
B2208334814630N11944477WA0029200255
B2208344814630N11944477WA0029200255
B2208354814631N11944477WA0029200255
B2208364814630N11944477WA0029200255
B2208374814630N11944477WA0029200255
B2208384814631N11944477WA0029200255
B2208394814631N11944477WA0029200255
B2208404814631N11944477WA0029200255
B2208414814631N11944477WA0029200255
B2208424814631N11944477WA0029200255
B2208434814631N11944477WA0029200255
B2208444814631N11944477WA0029200255
B2208454814631N11944477WA0029200255
B2208464814631N11944477WA0029200255
B2208474814631N11944477WA0029200255
B2208484814631N11944477WA0029200255
B2208494814631N11944477WA0029200255
B2208504814631N11944477WA0029200255
B2208514814631N11944477WA0029200255
B2208524814631N11944477WA0029200255
B2208534814631N11944477WA0029200255
B2208544814631N11944477WA0029200255
B2208554814631N11944477WA0029200255
B2208564814631N11944477WA0029200255
B2208574814631N11944477WA0029200255
B2208584814631N11944477WA0029200255
B2208594814631N11944477WA0029200255
B2209004814631N11944477WA0029200255
B2209014814631N11944477WA0029200255
B2209024814631N11944477WA0029200255
B2209034814630N11944478WA0029200255
B2209044814630N11944478WA0029200255
B2209054814630N11944478WA0029200255
B2209064814630N11944478WA0029200256
B2209074814630N11944478WA0029200256
B2209084814630N11944478WA0029200256
B2209094814630N11944478WA0029200256
B2209104814630N11944478WA0029200256
B2209114814630N11944478WA0029200256
B2209124814630N11944478WA0029200256
B2209134814630N11944478WA0029200256
B2209144814630N11944478WA0029200256
B2209154814630N11944478WA0029200256
B2209164814630N11944478WA0029200256
B2209174814630N11944478WA0029200256
B2209184814630N11944478WA0029200256
B2209194814630N11944478WA0029200256
B2209204814630N11944478WA0029200256
B2209214814630N11944478WA0029200256
B2209224814630N11944478WA0029200256
B2209234814630N11944478WA0029200256
B2209244814630N11944478WA0029200256
B2209254814630N11944478WA0029200257
B2209264814630N11944478WA0029200257
B2209274814630N11944478WA0029200257
B2209284814630N11944478WA0029200257
B2209294814630N11944478WA0029200257
B2209304814630N11944478WA0029200257
B2209314814630N11944478WA0029200257
B2209324814630N11944478WA0029200257
B2209334814630N11944478WA0029200257
B2209344814630N11944478WA0029200257
B2209354814630N11944478WA0029200256
B2209364814630N11944478WA0029200256
B2209374814630N11944478WA0029200256
B2209384814630N11944478WA0029200256
B2209394814630N11944478WA0029200256
B2209404814630N11944478WA0029200256
B2209414814630N11944478WA0029200256
B2209424814630N11944478WA0029200256
B2209434814630N11944478WA0029200256
B2209444814630N11944478WA0029200256
B2209454814630N11944478WA0029200256
B2209464814630N11944478WA0029200256
B2209474814630N11944478WA0029200256
B2209484814630N11944478WA0029200256
B2209494814630N11944478WA0029200256
B2209504814630N11944478WA0029200256
B2209514814630N11944478WA0029200256
B2209524814630N11944478WA0029200256
B2209534814630N11944478WA0029200256
B2209544814630N11944478WA0029200257
B2209554814630N11944478WA0029200257
B2209564814630N11944478WA0029200257
B2209574814630N11944478WA0029200257
B2209584814631N11944478WA0029200257
B2209594814631N11944478WA0029200257
B2210004814631N11944478WA0029200257
B2210014814631N11944478WA0029200257
B2210024814631N11944478WA0029200257
B2210034814631N11944478WA0029200257
B2210044814631N11944478WA0029200257
B2210054814631N11944478WA0029200257
B2210064814630N11944478WA0029200257
B2210074814630N11944478WA0029200257
B2210084814630N11944478WA0029200257
B2210094814630N11944478WA0029200257
B2210104814630N11944478WA0029200257
B2210114814630N11944478WA0029200257
B2210124814630N11944478WA0029200257
B2210134814630N11944478WA0029200257
B2210144814630N11944478WA0029200257
B2210154814630N11944478WA0029200257
B2210164814630N11944478WA0029200257
B2210174814630N11944478WA0029200258
B2210184814630N11944478WA0029200258
B2210194814630N11944478WA0029200257
B2210204814630N11944478WA0029200257
B2210214814630N11944478WA0029200257
B2210224814630N11944478WA0029200257
B2210234814630N11944478WA0029200257
B2210244814630N11944478WA0029200257
B2210254814630N11944478WA0029200257
B2210264814630N11944478WA0029200257
B2210274814630N11944478WA0029200257
B2210284814630N11944478WA0029200257
B2210294814630N11944478WA0029200257
B2210304814630N11944478WA0029200257
B2210314814630N11944478WA0029200257
B2210324814630N11944478WA0029200257
B2210334814630N11944478WA0029200256
B2210344814630N11944478WA0029200256
B2210354814630N11944478WA0029200256
B2210364814630N11944478WA0029200256
B2210374814630N11944478WA0029200256
B2210384814630N11944478WA0029200256
B2210394814630N11944478WA0029200256
B2210404814630N11944478WA0029200256
B2210414814630N11944478WA0029200256
B2210424814630N11944478WA0029200256
B2210434814630N11944478WA0029200256
B2210444814630N11944478WA0029200256
B2210454814630N11944478WA0029200256
B2210464814630N11944478WA0029200256
B2210474814630N11944478WA0029200256
B2210484814630N11944478WA0029200256
B2210494814630N11944478WA0029200256
B2210504814630N11944478WA0029200256
B2210514814630N11944478WA0029200256
B2210524814630N11944478WA0029200256
B2210534814630N11944478WA0029200256
B2210544814630N11944478WA0029200256
B2210554814630N11944478WA0029200256
B2210564814630N11944478WA0029200256
B2210574814630N11944478WA0029200256
B2210584814630N11944478WA0029200256
B2210594814630N11944478WA0029200256
B2211004814630N11944478WA0029200256
B2211014814630N11944478WA0029200256
B2211024814630N11944478WA0029200256
B2211034814630N11944478WA0029200256
B2211044814630N11944478WA0029200256
B2211054814630N11944478WA0029200256
B2211064814630N11944478WA0029200256
B2211074814630N11944478WA0029200256
B2211084814630N11944478WA0029200256
B2211094814630N11944478WA0029200256
B2211104814630N11944478WA0029200256
B2211114814630N11944478WA0029200256
B2211124814630N11944478WA0029200256
B2211134814630N11944478WA0029200256
B2211144814630N11944478WA0029200256
B2211154814630N11944478WA0029200256
B2211164814630N11944478WA0029200256
B2211174814630N11944478WA0029200256
B2211184814630N11944478WA0029200256
B2211194814630N11944478WA0029200257
B2211204814630N11944478WA0029200257
B2211214814630N11944478WA0029200257
B2211224814630N11944478WA0029200256
B2211234814630N11944478WA0029200256
B2211244814630N11944478WA0029200256
B2211254814630N11944478WA0029200256
B2211264814630N11944478WA0029200256
B2211274814630N11944478WA0029200256
B2211284814630N11944478WA0029200256
B2211294814630N11944478WA0029200256
B2211304814630N11944478WA0029200256
B2211314814630N11944478WA0029200256
B2211324814630N11944478WA0029200256
B2211334814630N11944478WA0029200256
B2211344814630N11944478WA0029200256
B2211354814630N11944478WA0029200257
B2211364814630N11944478WA0029200257
B2211374814630N11944478WA0029200257
B2211384814630N11944478WA0029200257
B2211394814630N11944478WA0029200257
B2211404814630N11944478WA0029200257
B2211414814630N11944478WA0029200257
B2211424814630N11944478WA0029200257
B2211434814630N11944478WA0029200257
B2211444814630N11944478WA0029200257
B2211454814630N11944478WA0029200257
B2211464814630N11944478WA0029200256
B2211474814630N11944478WA0029200256
B2211484814630N11944478WA0029200256
B2211494814630N11944478WA0029200257
B2211504814630N11944478WA0029200257
B2211514814630N11944478WA0029200257
B2211524814630N11944478WA0029200257
B2211534814630N11944478WA0029200257
B2211544814630N11944478WA0029200257
B2211554814630N11944478WA0029200257
B2211564814630N11944478WA0029200257
B2211574814630N11944478WA0029200257
B2211584814630N11944478WA0029200257
B2211594814630N11944478WA0029200257
B2212004814630N11944478WA0029200257
B2212014814630N11944478WA0029200257
B2212024814630N11944478WA0029200257
B2212034814630N11944478WA0029200257
B2212044814630N11944478WA0029200257
B2212054814630N11944478WA0029200257
B2212064814630N11944478WA0029200257
B2212074814630N11944478WA0029200257
B2212084814630N11944478WA0029200257
B2212094814630N11944478WA0029200257
B2212104814630N11944478WA0029200257
B2212114814630N11944478WA0029200257
B2212124814630N11944478WA0029200257
B2212134814630N11944478WA0029200257
B2212144814630N11944478WA0029200257
B2212154814630N11944478WA0029200257
B2212164814630N11944478WA0029200257
B2212174814630N11944478WA0029200257
B2212184814630N11944478WA0029200257
B2212194814630N11944478WA0029200257
B2212204814630N11944478WA0029200257
B2212214814630N11944478WA0029200257
B2212224814630N11944478WA0029200257
B2212234814630N11944478WA0029200257
B2212244814630N11944478WA0029200257
B2212254814630N11944478WA0029200257
B2212264814630N11944478WA0029200257
B2212274814630N11944478WA0029200257
B2212284814630N11944478WA0029200257
B2212294814630N11944478WA0029200257
B2212304814630N11944478WA0029200257
B2212314814630N11944478WA0029200257
B2212324814630N11944478WA0029200257
B2212334814630N11944478WA0029200257
B2212344814630N11944478WA0029200257
B2212354814630N11944478WA0029200257
B2212364814630N11944478WA0029200257
B2212374814630N11944478WA0029200257
B2212384814630N11944478WA0029200257
B2212394814630N11944478WA0029200257
B2212404814630N11944478WA0029200257
B2212414814630N11944478WA0029200257
B2212424814630N11944478WA0029200257
B2212434814630N11944478WA0029200257
B2212444814630N11944478WA0029200257
B2212454814630N11944478WA0029200257
B2212464814630N11944478WA0029200257
B2212474814630N11944478WA0029200257
B2212484814630N11944478WA0029200257
B2212494814630N11944478WA0029200257
B2212504814630N11944478WA0029200257
B2212514814630N11944478WA0029200257
B2212524814630N11944478WA0029200257
B2212534814630N11944478WA0029200257
B2212544814630N11944478WA0029200257
B2212554814630N11944478WA0029200257
B2212564814630N11944478WA0029200257
B2212574814630N11944478WA0029200257
B2212584814630N11944478WA0029200257
B2212594814630N11944478WA0029200257
B2213004814630N11944478WA0029200257
B2213014814630N11944478WA0029200257
B2213024814630N11944478WA0029200257
B2213034814630N11944478WA0029200257
B2213044814630N11944478WA0029200257
B2213054814630N11944478WA0029200257
B2213064814630N11944478WA0029200257
B2213074814630N11944478WA0029200257
B2213084814630N11944478WA0029200257
B2213094814630N11944478WA0029200257
B2213104814630N11944478WA0029200257
B2213114814630N11944478WA0029200257
B2213124814630N11944478WA0029200257
B2213134814630N11944478WA0029200257
B2213144814630N11944478WA0029200257
B2213154814630N11944478WA0029200257
B2213164814630N11944478WA0029200256
B2213174814630N11944478WA0029200256
B2213184814630N11944478WA0029200256
B2213194814630N11944478WA0029200256
B2213204814630N11944478WA0029200257
B2213214814630N11944478WA0029200257
B2213224814630N11944478WA0029200257
B2213234814630N11944478WA0029200257
B2213244814630N11944478WA0029200257
B2213254814630N11944478WA0029200257
B2213264814630N11944478WA0029200257
B2213274814630N11944478WA0029200257
B2213284814630N11944478WA0029200257
B2213294814630N11944478WA0029200257
B2213304814630N11944478WA0029200257
B2213314814630N11944478WA0029200258
B2213324814630N11944478WA0029200258
B2213334814630N11944478WA0029200258
B2213344814630N11944478WA0029200258
B2213354814630N11944478WA0029200258
B2213364814630N11944478WA0029200258
B2213374814630N11944478WA0029200258
B2213384814630N11944478WA0029200258
B2213394814630N11944478WA0029200258
B2213404814630N11944478WA0029200258
B2213414814630N11944478WA0029200258
B2213424814630N11944478WA0029200258
B2213434814630N11944478WA0029200258
B2213444814630N11944478WA0029200258
B2213454814630N11944478WA0029200258
B2213464814630N11944478WA0029200258
B2213474814630N11944478WA0029200258
B2213484814630N11944478WA0029200258
B2213494814630N11944478WA0029200258
B2213504814630N11944478WA0029200258
B2213514814630N11944478WA0029200258
B2213524814630N11944478WA0029200258
B2213534814630N11944478WA0029200258
B2213544814630N11944478WA0029200258
B2213554814630N11944478WA0029200258
B2213564814630N11944478WA0029200258
B2213574814630N11944478WA0029200258
B2213584814630N11944478WA0029200258
B2213594814630N11944478WA0029200258
B2214004814630N11944478WA0029200258
B2214014814630N11944478WA0029200258
B2214024814630N11944478WA0029200258
B2214034814630N11944478WA0029200258
B2214044814630N11944478WA0029200258
B2214054814630N11944478WA0029200257
B2214064814630N11944478WA0029200257
B2214074814630N11944478WA0029200257
B2214084814630N11944478WA0029200257
B2214094814630N11944478WA0029200257
B2214104814630N11944478WA0029200257
B2214114814630N11944478WA0029200257
B2214124814630N11944478WA0029200257
B2214134814630N11944478WA0029200257
B2214144814630N11944478WA0029200257
B2214154814630N11944478WA0029200257
B2214164814630N11944478WA0029200256
B2214174814630N11944478WA0029200256
B2214184814630N11944478WA0029200256
B2214194814630N11944478WA0029200256
B2214204814630N11944478WA0029200256
B2214214814630N11944478WA0029200256
B2214224814630N11944478WA0029200256
B2214234814630N11944478WA0029200256
B2214244814630N11944478WA0029200256
B2214254814630N11944478WA0029200256
B2214264814630N11944478WA0029200256
B2214274814630N11944478WA0029200256
B2214284814630N11944478WA0029200256
B2214294814630N11944478WA0029200256
B2214304814630N11944478WA0029200256
B2214314814630N11944478WA0029200256
B2214324814630N11944478WA0029200256
B2214334814630N11944478WA0029200256
B2214344814630N11944478WA0029200256
B2214354814630N11944478WA0029200256
B2214364814630N11944478WA0029200256
B2214374814630N11944478WA0029200256
B2214384814630N11944478WA0029200256
B2214394814630N11944478WA0029200256
B2214404814630N11944478WA0029200256
B2214414814630N11944478WA0029200256
B2214424814630N11944478WA0029200256
B2214434814630N11944478WA0029200256
B2214444814630N11944478WA0029200256
B2214454814630N11944478WA0029200256
B2214464814630N11944478WA0029200256
B2214474814630N11944478WA0029200256
B2214484814630N11944478WA0029200256
B2214494814630N11944478WA0029200256
B2214504814630N11944478WA0029200256
B2214514814630N11944478WA0029200255
B2214524814630N11944478WA0029200255
B2214534814630N11944478WA0029200255
B2214544814630N11944478WA0029200255
B2214554814630N11944478WA0029200255
B2214564814630N11944478WA0029200255
B2214574814630N11944478WA0029200255
B2214584814630N11944478WA0029200255
B2214594814630N11944478WA0029200255
B2215004814630N11944478WA0029200255
B2215014814630N11944478WA0029200254
B2215024814630N11944478WA0029200254
B2215034814630N11944478WA0029200254
B2215044814630N11944478WA0029200254
B2215054814630N11944478WA0029200253
B2215064814630N11944478WA0029200253
B2215074814630N11944478WA0029200253
B2215084814630N11944478WA0029200253
B2215094814630N11944478WA0029200253
B2215104814630N11944478WA0029200253
B2215114814630N11944478WA0029200253
B2215124814630N11944478WA0029200253
B2215134814630N11944478WA0029200253
B2215144814630N11944478WA0029200253
B2215154814630N11944478WA0029200253
B2215164814630N11944478WA0029200253
B2215174814630N11944479WA0029200253
B2215184814631N11944480WA0029200253
B2215194814632N11944481WA0029200253
B2215204814632N11944482WA0029300253
B2215214814633N11944483WA0029300254
B2215224814633N11944483WA0029300253
B2215234814633N11944484WA0029300253
B2215244814634N11944483WA0029300253
B2215254814634N11944483WA0029300253
B2215264814634N11944483WA0029300255
B2215274814634N11944483WA0029300255
B2215284814634N11944483WA0029400255
B2215294814634N11944483WA0029400255
B2215304814634N11944483WA0029400255
B2215314814634N11944483WA0029400255
B2215324814634N11944483WA0029400255
B2215334814634N11944483WA0029400255
B2215344814634N11944483WA0029400255
B2215354814634N11944483WA0029400256
B2215364814634N11944483WA0029400256
B2215374814634N11944483WA0029400256
B2215384814634N11944483WA0029400256
B2215394814634N11944483WA0029400256
B2215404814634N11944483WA0029400255
B2215414814635N11944483WA0029400255
B2215424814635N11944483WA0029400255
B2215434814635N11944483WA0029400255
B2215444814635N11944483WA0029400255
B2215454814635N11944483WA0029400255
B2215464814635N11944483WA0029400254
B2215474814635N11944483WA0029400254
B2215484814635N11944483WA0029400254
B2215494814635N11944483WA0029400254
B2215504814635N11944483WA0029400254
B2215514814635N11944483WA0029400255
B2215524814635N11944483WA0029400255
B2215534814635N11944483WA0029400255
B2215544814635N11944483WA0029400255
B2215554814635N11944483WA0029400255
B2215564814635N11944483WA0029400255
B2215574814635N11944483WA0029400255
B2215584814635N11944483WA0029400255
B2215594814635N11944483WA0029400256
B2216004814635N11944483WA0029400256
B2216014814635N11944483WA0029400256
B2216024814635N11944483WA0029400256
B2216034814635N11944483WA0029400256
B2216044814635N11944483WA0029400256
B2216054814635N11944483WA0029400257
B2216064814635N11944483WA0029400257
B2216074814635N11944483WA0029400257
B2216084814635N11944483WA0029400257
B2216094814635N11944483WA0029400257
B2216104814636N11944483WA0029400257
B2216114814636N11944483WA0029400257
B2216124814637N11944483WA0029400258
B2216134814637N11944483WA0029400258
B2216144814638N11944483WA0029400258
B2216154814640N11944483WA0029400258
B2216164814642N11944483WA0029400258
B2216174814645N11944483WA0029400258
B2216184814648N11944483WA0029400258
B2216194814653N11944483WA0029400258
B2216204814659N11944483WA0029400258
B2216214814666N11944482WA0029400258
B2216224814675N11944482WA0029400257
B2216234814685N11944481WA0029400257
B2216244814696N11944480WA0029400256
B2216254814709N11944479WA0029400255
B2216264814722N11944477WA0029400254
B2216274814737N11944476WA0029400253
B2216284814751N11944474WA0029400252
B2216294814766N11944471WA0029400251
B2216304814782N11944468WA0029300250
B2216314814797N11944464WA0029300249
B2216324814813N11944459WA0029200247
B2216334814828N11944455WA0029200246
B2216344814844N11944450WA0029100245
B2216354814859N11944445WA0029000245
B2216364814875N11944440WA0029000244
B2216374814890N11944435WA0028900244
B2216384814905N11944431WA0028800243
B2216394814920N11944426WA0028800243
B2216404814935N11944422WA0028700244
B2216414814949N11944417WA0028700244
B2216424814964N11944413WA0028700244
B2216434814978N11944409WA0028700244
B2216444814993N11944405WA0028600245
B2216454815008N11944402WA0028600245
B2216464815022N11944399WA0028600244
B2216474815037N11944397WA0028600244
B2216484815052N11944395WA0028500245
B2216494815067N11944393WA0028500244
B2216504815082N11944391WA0028500245
B2216514815097N11944389WA0028500245
B2216524815112N11944387WA0028500245
B2216534815127N11944386WA0028500245
B2216544815142N11944383WA0028500245
B2216554815157N11944382WA0028500245
B2216564815172N11944380WA0028500245
B2216574815187N11944379WA0028400246
B2216584815202N11944378WA0028400246
B2216594815217N11944378WA0028400246
B2217004815232N11944377WA0028400246
B2217014815246N11944377WA0028400246
B2217024815261N11944377WA0028400246
B2217034815276N11944378WA0028500247
B2217044815291N11944378WA0028500247
B2217054815306N11944378WA0028500247
B2217064815321N11944378WA0028500247
B2217074815336N11944377WA0028500247
B2217084815351N11944376WA0028500247
B2217094815366N11944374WA0028500247
B2217104815381N11944371WA0028600248
B2217114815396N11944366WA0028600248
B2217124815411N11944361WA0028600248
B2217134815426N11944355WA0028600248
B2217144815441N11944350WA0028600248
B2217154815456N11944345WA0028600248
B2217164815471N11944339WA0028700248
B2217174815486N11944334WA0028700248
B2217184815501N11944327WA0028700249
B2217194815516N11944320WA0028700250
B2217204815530N11944312WA0028700250
B2217214815545N11944302WA0028700251
B2217224815559N11944292WA0028800251
B2217234815573N11944281WA0028800252
B2217244815588N11944270WA0028900253
B2217254815602N11944259WA0028900253
B2217264815616N11944248WA0029000254
B2217274815631N11944238WA0029000255
B2217284815645N11944230WA0029000256
B2217294815659N11944222WA0029100256
B2217304815674N11944217WA0029100256
B2217314815689N11944213WA0029100256
B2217324815705N11944210WA0029200256
B2217334815720N11944208WA0029200256
B2217344815735N11944205WA0029200256
B2217354815751N11944202WA0029200256
B2217364815765N11944198WA0029200256
B2217374815780N11944193WA0029200256
B2217384815794N11944185WA0029200256
B2217394815808N11944177WA0029300256
B2217404815822N11944167WA0029300256
B2217414815835N11944157WA0029300256
B2217424815850N11944148WA0029300256
B2217434815864N11944138WA0029300257
B2217444815879N11944129WA0029300257
B2217454815894N11944120WA0029300258
B2217464815909N11944111WA0029400260
B2217474815924N11944102WA0029400261
B2217484815938N11944094WA0029500262
B2217494815953N11944086WA0029600264
B2217504815968N11944077WA0029700265
B2217514815983N11944069WA0029700266
B2217524815997N11944061WA0029800267
B2217534816012N11944053WA0029900268
B2217544816026N11944044WA0030000269
B2217554816039N11944034WA0030000270
B2217564816053N11944023WA0030100270
B2217574816065N11944011WA0030100270
B2217584816078N11943999WA0030100269
B2217594816090N11943986WA0030200269
B2218004816103N11943973WA0030200268
B2218014816116N11943960WA0030200267
B2218024816128N11943947WA0030200266
B2218034816141N11943933WA0030100264
B2218044816154N11943920WA0030100263
B2218054816167N11943907WA0030100262
B2218064816181N11943893WA0030000261
B2218074816194N11943880WA0029900260
B2218084816207N11943866WA0029900259
B2218094816220N11943853WA0029800257
B2218104816233N11943839WA0029700256
B2218114816247N11943825WA0029700255
B2218124816260N11943811WA0029600254
B2218134816273N11943796WA0029500252
B2218144816286N11943780WA0029400252
B2218154816298N11943764WA0029400251
B2218164816311N11943748WA0029300250
B2218174816323N11943731WA0029200249
B2218184816336N11943714WA0029200249
B2218194816348N11943698WA0029100249
B2218204816360N11943682WA0029100249
B2218214816372N11943665WA0029000249
B2218224816384N11943650WA0029000249
B2218234816396N11943634WA0029000249
B2218244816408N11943618WA0028900249
B2218254816420N11943603WA0028900249
B2218264816431N11943587WA0028900249
B2218274816443N11943572WA0028900250
B2218284816454N11943556WA0028900250
B2218294816466N11943541WA0028900250
B2218304816477N11943526WA0028900250
B2218314816488N11943510WA0028900250
B2218324816500N11943495WA0028900250
B2218334816512N11943479WA0028900250
B2218344816523N11943464WA0028900250
B2218354816535N11943448WA0028900249
B2218364816546N11943433WA0028800249
B2218374816558N11943417WA0028800249
B2218384816570N11943402WA0028800249
B2218394816581N11943386WA0028800249
B2218404816593N11943370WA0028800248
B2218414816605N11943355WA0028800249
B2218424816617N11943339WA0028800249
B2218434816628N11943323WA0028800249
B2218444816640N11943308WA0028800249
B2218454816652N11943292WA0028800249
B2218464816664N11943276WA0028800249
B2218474816675N11943261WA0028800249
B2218484816686N11943246WA0028800249
B2218494816697N11943232WA0028800249
B2218504816707N11943218WA0028700249
B2218514816717N11943205WA0028700249
B2218524816727N11943192WA0028700249
B2218534816737N11943179WA0028700249
B2218544816747N11943166WA0028700249
B2218554816757N11943154WA0028700249
B2218564816767N11943141WA0028700249
B2218574816776N11943127WA0028700248
B2218584816786N11943114WA0028700248
B2218594816796N11943100WA0028700248
B2219004816806N11943087WA0028700248
B2219014816816N11943073WA0028700248
B2219024816827N11943059WA0028700248
B2219034816837N11943046WA0028700248
B2219044816847N11943033WA0028700248
B2219054816857N11943019WA0028700248
B2219064816866N11943006WA0028700248
B2219074816874N11942991WA0028700249
B2219084816882N11942976WA0028700249
B2219094816888N11942959WA0028700249
B2219104816893N11942942WA0028700249
B2219114816898N11942924WA0028700250
B2219124816902N11942905WA0028700251
B2219134816907N11942887WA0028700251
B2219144816911N11942870WA0028700251
B2219154816915N11942853WA0028700252
B2219164816919N11942837WA0028700252
B2219174816923N11942821WA0028700252
B2219184816927N11942805WA0028700252
B2219194816931N11942790WA0028700252
B2219204816935N11942774WA0028700253
B2219214816938N11942759WA0028700253
B2219224816942N11942744WA0028700253
B2219234816946N11942729WA0028700253
B2219244816950N11942714WA0028700253
B2219254816953N11942699WA0028700253
B2219264816957N11942684WA0028700253
B2219274816961N11942669WA0028700254
B2219284816964N11942654WA0028700254
B2219294816968N11942639WA0028700254
B2219304816971N11942624WA0028700254
B2219314816974N11942609WA0028700254
B2219324816976N11942594WA0028600253
B2219334816978N11942579WA0028600253
B2219344816979N11942564WA0028600253
B2219354816979N11942549WA0028600253
B2219364816979N11942534WA0028600253
B2219374816979N11942519WA0028600252
B2219384816979N11942504WA0028600252
B2219394816979N11942489WA0028600252
B2219404816979N11942475WA0028600252
B2219414816979N11942460WA0028600252
B2219424816979N11942446WA0028500252
B2219434816979N11942432WA0028500252
B2219444816980N11942418WA0028500252
B2219454816980N11942405WA0028500251
B2219464816982N11942392WA0028500251
B2219474816985N11942379WA0028500251
B2219484816988N11942367WA0028500251
B2219494816993N11942355WA0028400251
B2219504816998N11942344WA0028400251
B2219514817004N11942334WA0028400251
B2219524817010N11942323WA0028400250
B2219534817016N11942313WA0028400250
B2219544817022N11942302WA0028400250
B2219554817028N11942291WA0028400251
B2219564817034N11942281WA0028400251
B2219574817040N11942270WA0028400251
B2219584817046N11942260WA0028400251
B2219594817052N11942249WA0028400252
B2220004817057N11942239WA0028400252
B2220014817063N11942229WA0028400253
B2220024817068N11942219WA0028400253
B2220034817073N11942209WA0028400253
B2220044817076N11942198WA0028500254
B2220054817080N11942187WA0028500254
B2220064817082N11942176WA0028500255
B2220074817083N11942164WA0028500255
B2220084817084N11942152WA0028500255
B2220094817084N11942140WA0028500255
B2220104817084N11942128WA0028500255
B2220114817084N11942116WA0028500255
B2220124817084N11942103WA0028600255
B2220134817084N11942091WA0028600255
B2220144817084N11942078WA0028600255
B2220154817084N11942065WA0028600255
B2220164817084N11942052WA0028600254
B2220174817084N11942039WA0028600254
B2220184817084N11942026WA0028600254
B2220194817084N11942012WA0028600254
B2220204817084N11941999WA0028600254
B2220214817084N11941985WA0028600254
B2220224817084N11941971WA0028600253
B2220234817084N11941958WA0028600253
B2220244817084N11941944WA0028600253
B2220254817084N11941930WA0028600253
B2220264817084N11941916WA0028600252
B2220274817084N11941903WA0028600252
B2220284817084N11941888WA0028600252
B2220294817085N11941874WA0028600251
B2220304817086N11941860WA0028600251
B2220314817088N11941845WA0028600251
B2220324817090N11941830WA0028600250
B2220334817092N11941815WA0028600250
B2220344817095N11941800WA0028600250
B2220354817099N11941786WA0028600249
B2220364817103N11941772WA0028600249
B2220374817107N11941758WA0028600249
B2220384817113N11941744WA0028600249
B2220394817118N11941731WA0028600250
B2220404817124N11941718WA0028600250
B2220414817131N11941706WA0028600251
B2220424817138N11941694WA0028600251
B2220434817145N11941683WA0028600252
B2220444817153N11941672WA0028600252
B2220454817162N11941662WA0028600252
B2220464817171N11941651WA0028700252
B2220474817180N11941640WA0028700252
B2220484817189N11941629WA0028700253
B2220494817199N11941619WA0028700253
B2220504817208N11941608WA0028700253
B2220514817218N11941597WA0028700253
B2220524817228N11941585WA0028700253
B2220534817238N11941574WA0028800253
B2220544817248N11941563WA0028800253
B2220554817258N11941551WA0028800253
B2220564817268N11941539WA0028800253
B2220574817278N11941527WA0028800253
B2220584817289N11941515WA0028800253
B2220594817300N11941503WA0028900254
B2221004817311N11941490WA0028900254
B2221014817322N11941478WA0028900253
B2221024817333N11941465WA0028900254
B2221034817344N11941452WA0028900254
B2221044817355N11941440WA0028900254
B2221054817366N11941427WA0028900253
B2221064817377N11941414WA0029000253
B2221074817389N11941401WA0029000253
B2221084817400N11941388WA0029000253
B2221094817411N11941375WA0029000253
B2221104817423N11941362WA0029000253
B2221114817434N11941348WA0029000253
B2221124817445N11941335WA0029000253
B2221134817457N11941322WA0029000253
B2221144817468N11941309WA0029000253
B2221154817480N11941296WA0029000253
B2221164817491N11941284WA0029000253
B2221174817502N11941271WA0029000253
B2221184817513N11941258WA0029000253
B2221194817524N11941245WA0029000253
B2221204817535N11941233WA0029000253
B2221214817546N11941220WA0029000253
B2221224817557N11941208WA0029000253
B2221234817567N11941195WA0029000253
B2221244817578N11941182WA0029000253
B2221254817588N11941168WA0029100253
B2221264817598N11941154WA0029100253
B2221274817608N11941140WA0029100254
B2221284817618N11941126WA0029100254
B2221294817627N11941111WA0029100254
B2221304817636N11941096WA0029100255
B2221314817645N11941082WA0029100255
B2221324817654N11941067WA0029100255
B2221334817663N11941053WA0029100256
B2221344817672N11941038WA0029200257
B2221354817681N11941024WA0029200257
B2221364817689N11941010WA0029200258
B2221374817698N11940996WA0029300258
B2221384817707N11940982WA0029300258
B2221394817715N11940968WA0029300259
B2221404817724N11940954WA0029300259
B2221414817732N11940940WA0029400259
B2221424817741N11940926WA0029400259
B2221434817750N11940912WA0029400259
B2221444817758N11940897WA0029400260
B2221454817767N11940883WA0029400260
B2221464817776N11940869WA0029500260
B2221474817784N11940855WA0029500260
B2221484817793N11940841WA0029500261
B2221494817802N11940826WA0029500261
B2221504817811N11940812WA0029600261
B2221514817820N11940797WA0029600262
B2221524817829N11940783WA0029600262
B2221534817838N11940768WA0029700262
B2221544817847N11940753WA0029700262
B2221554817857N11940738WA0029700263
B2221564817866N11940723WA0029700263
B2221574817875N11940707WA0029800263
B2221584817885N11940691WA0029800262
B2221594817895N11940676WA0029800262
B2222004817905N11940660WA0029800262
B2222014817915N11940644WA0029800262
B2222024817925N11940627WA0029800262
B2222034817935N11940611WA0029800262
B2222044817945N11940595WA0029800262
B2222054817955N11940578WA0029900261
B2222064817965N11940562WA0029900261
B2222074817975N11940546WA0029900261
B2222084817984N11940530WA0029900261
B2222094817994N11940515WA0029900261
B2222104818003N11940499WA0029900261
B2222114818012N11940484WA0029800261
B2222124818020N11940468WA0029800261
B2222134818028N11940451WA0029800260
B2222144818035N11940433WA0029800261
B2222154818041N11940415WA0029800261
B2222164818045N11940396WA0029800261
B2222174818049N11940376WA0029700260
B2222184818052N11940355WA0029700260
B2222194818054N11940334WA0029700260
B2222204818055N11940313WA0029700260
B2222214818056N11940292WA0029700259
B2222224818057N11940270WA0029700259
B2222234818058N11940248WA0029700259
B2222244818060N11940226WA0029600259
B2222254818061N11940205WA0029600258
B2222264818062N11940183WA0029600258
B2222274818063N11940161WA0029600258
B2222284818064N11940140WA0029600258
B2222294818064N11940118WA0029600258
B2222304818064N11940097WA0029500258
B2222314818065N11940076WA0029500258
B2222324818065N11940055WA0029500258
B2222334818065N11940035WA0029500258
B2222344818065N11940014WA0029500258
B2222354818064N11939994WA0029500258
B2222364818064N11939974WA0029500258
B2222374818064N11939955WA0029500258
B2222384818064N11939935WA0029500258
B2222394818064N11939916WA0029500258
B2222404818064N11939897WA0029400257
B2222414818064N11939879WA0029400257
B2222424818064N11939860WA0029400257
B2222434818065N11939841WA0029400257
B2222444818065N11939823WA0029400257
B2222454818067N11939805WA0029400256
B2222464818069N11939787WA0029400256
B2222474818073N11939770WA0029300256
B2222484818076N11939753WA0029300256
B2222494818081N11939736WA0029300256
B2222504818085N11939719WA0029300256
B2222514818090N11939703WA0029300256
B2222524818095N11939686WA0029300256
B2222534818100N11939670WA0029200256
B2222544818105N11939654WA0029200256
B2222554818110N11939637WA0029200256
B2222564818114N11939620WA0029200256
B2222574818119N11939604WA0029200256
B2222584818125N11939588WA0029200256
B2222594818130N11939571WA0029100256
B2223004818135N11939555WA0029100256
B2223014818140N11939539WA0029100256
B2223024818144N11939523WA0029100255
B2223034818149N11939507WA0029000255
B2223044818154N11939491WA0029000255
B2223054818159N11939475WA0029000255
B2223064818163N11939460WA0029000254
B2223074818168N11939444WA0028900254
B2223084818172N11939428WA0028900254
B2223094818177N11939412WA0028900253
B2223104818182N11939394WA0028800253
B2223114818188N11939375WA0028800253
B2223124818194N11939355WA0028800253
B2223134818201N11939332WA0028900253
B2223144818209N11939309WA0028900253
B2223154818216N11939285WA0028900253
B2223164818223N11939260WA0029000254
B2223174818230N11939235WA0029000254
B2223184818237N11939211WA0029000254
B2223194818244N11939187WA0029000253
B2223204818250N11939163WA0029000253
B2223214818257N11939139WA0029000253
B2223224818263N11939116WA0029000252
B2223234818270N11939094WA0029000252
B2223244818276N11939072WA0029000252
B2223254818283N11939050WA0029000253
B2223264818289N11939029WA0029000253
B2223274818295N11939008WA0029000253
B2223284818301N11938988WA0029000254
B2223294818307N11938968WA0029000254
B2223304818313N11938947WA0029000255
B2223314818319N11938928WA0029000255
B2223324818325N11938908WA0029000255
B2223334818331N11938888WA0029000256
B2223344818337N11938869WA0029000256
B2223354818342N11938849WA0029000256
B2223364818348N11938830WA0029000256
B2223374818354N11938810WA0029000256
B2223384818360N11938791WA0029000256
B2223394818366N11938771WA0029000256
B2223404818371N11938752WA0029000257
B2223414818377N11938732WA0029000257
B2223424818383N11938713WA0029000257
B2223434818388N11938693WA0029000257
B2223444818394N11938674WA0029000257
B2223454818399N11938654WA0029000256
B2223464818405N11938635WA0029000256
B2223474818411N11938616WA0029000257
B2223484818416N11938596WA0029000257
B2223494818422N11938577WA0029100257
B2223504818428N11938557WA0029100257
B2223514818434N11938538WA0029100257
B2223524818440N11938518WA0029100258
B2223534818446N11938499WA0029100258
B2223544818452N11938479WA0029100259
B2223554818458N11938460WA0029100259
B2223564818464N11938440WA0029100259
B2223574818471N11938421WA0029100259
B2223584818478N11938401WA0029100259
B2223594818486N11938382WA0029200259
B2224004818493N11938362WA0029200258
B2224014818501N11938342WA0029200258
B2224024818510N11938323WA0029200257
B2224034818518N11938304WA0029200257
B2224044818527N11938284WA0029200257
B2224054818536N11938265WA0029200256
B2224064818545N11938247WA0029200256
B2224074818554N11938228WA0029200256
B2224084818562N11938209WA0029200256
B2224094818571N11938191WA0029200256
B2224104818580N11938172WA0029200256
B2224114818588N11938154WA0029200256
B2224124818597N11938136WA0029200256
B2224134818605N11938117WA0029200256
B2224144818614N11938099WA0029200256
B2224154818622N11938081WA0029200256
B2224164818630N11938063WA0029200256
B2224174818639N11938045WA0029200256
B2224184818647N11938027WA0029200256
B2224194818655N11938009WA0029200257
B2224204818664N11937991WA0029200257
B2224214818672N11937973WA0029200257
B2224224818680N11937955WA0029200257
B2224234818689N11937937WA0029200257
B2224244818697N11937920WA0029300257
B2224254818705N11937902WA0029300257
B2224264818713N11937884WA0029300257
B2224274818721N11937867WA0029300257
B2224284818730N11937849WA0029300257
B2224294818738N11937832WA0029300257
B2224304818747N11937814WA0029300257
B2224314818756N11937797WA0029300257
B2224324818765N11937781WA0029300257
B2224334818775N11937765WA0029300257
B2224344818786N11937750WA0029300257
B2224354818797N11937736WA0029300257
B2224364818808N11937721WA0029300256
B2224374818819N11937707WA0029300256
B2224384818830N11937693WA0029300256
B2224394818842N11937679WA0029300256
B2224404818853N11937664WA0029300256
B2224414818864N11937650WA0029300256
B2224424818876N11937635WA0029300256
B2224434818887N11937621WA0029300255
B2224444818899N11937607WA0029300255
B2224454818911N11937594WA0029300255
B2224464818924N11937580WA0029300254
B2224474818936N11937567WA0029300254
B2224484818949N11937553WA0029300254
B2224494818962N11937540WA0029300254
B2224504818974N11937527WA0029300254
B2224514818987N11937514WA0029300254
B2224524819000N11937501WA0029300254
B2224534819012N11937488WA0029400255
B2224544819025N11937475WA0029400255
B2224554819037N11937462WA0029400255
B2224564819050N11937449WA0029400255
B2224574819062N11937436WA0029400255
B2224584819075N11937423WA0029400255
B2224594819087N11937410WA0029400256
B2225004819100N11937397WA0029400256
B2225014819112N11937384WA0029500256
B2225024819125N11937371WA0029500256
B2225034819137N11937358WA0029500256
B2225044819150N11937346WA0029500256
B2225054819164N11937335WA0029500256
B2225064819177N11937325WA0029500256
B2225074819191N11937316WA0029500256
B2225084819206N11937306WA0029500256
B2225094819220N11937297WA0029500255
B2225104819234N11937288WA0029500255
B2225114819248N11937279WA0029500254
B2225124819262N11937269WA0029500254
B2225134819276N11937260WA0029500254
B2225144819289N11937252WA0029500254
B2225154819303N11937243WA0029400254
B2225164819316N11937234WA0029400254
B2225174819328N11937226WA0029400254
B2225184819341N11937217WA0029400254
B2225194819354N11937209WA0029400254
B2225204819367N11937201WA0029400254
B2225214819380N11937194WA0029400254
B2225224819394N11937187WA0029400254
B2225234819408N11937182WA0029400254
B2225244819422N11937177WA0029400254
B2225254819436N11937173WA0029400254
B2225264819450N11937170WA0029400254
B2225274819465N11937166WA0029400254
B2225284819479N11937163WA0029400254
B2225294819494N11937159WA0029400254
B2225304819508N11937155WA0029400255
B2225314819522N11937150WA0029400255
B2225324819536N11937144WA0029400256
B2225334819550N11937137WA0029500256
B2225344819564N11937129WA0029500257
B2225354819577N11937121WA0029500257
B2225364819591N11937112WA0029500257
B2225374819604N11937103WA0029600258
B2225384819618N11937094WA0029600258
B2225394819632N11937086WA0029600259
B2225404819646N11937077WA0029600259
B2225414819660N11937068WA0029700260
B2225424819674N11937059WA0029700260
B2225434819687N11937051WA0029700260
B2225444819701N11937042WA0029800260
B2225454819714N11937034WA0029800260
B2225464819726N11937026WA0029800261
B2225474819736N11937020WA0029800261
B2225484819746N11937014WA0029800262
B2225494819755N11937011WA0029800263
B2225504819763N11937010WA0029800263
B2225514819770N11937011WA0029800264
B2225524819775N11937014WA0029800264
B2225534819780N11937017WA0029900265
B2225544819783N11937020WA0029900265
B2225554819786N11937023WA0029900265
B2225564819789N11937024WA0029900266
B2225574819794N11937023WA0029900266
B2225584819800N11937020WA0029900266
B2225594819806N11937014WA0029900266
B2226004819813N11937007WA0029900265
B2226014819822N11936998WA0029900265
B2226024819831N11936989WA0029900265
B2226034819841N11936978WA0029900264
B2226044819852N11936967WA0029900264
B2226054819862N11936956WA0029900263
B2226064819873N11936944WA0029900262
B2226074819885N11936931WA0029900262
B2226084819896N11936918WA0029900261
B2226094819906N11936904WA0029900261
B2226104819917N11936891WA0029800260
B2226114819927N11936877WA0029800260
B2226124819938N11936863WA0029800260
B2226134819948N11936849WA0029800260
B2226144819958N11936836WA0029800260
B2226154819967N11936823WA0029800261
B2226164819977N11936811WA0029700262
B2226174819987N11936799WA0029700262
B2226184819996N11936788WA0029700263
B2226194820006N11936777WA0029800263
B2226204820017N11936767WA0029800264
B2226214820027N11936758WA0029800264
B2226224820038N11936749WA0029800265
B2226234820050N11936740WA0029800265
B2226244820062N11936731WA0029900265
B2226254820073N11936723WA0029900265
B2226264820085N11936715WA0029900265
B2226274820097N11936707WA0029900265
B2226284820109N11936699WA0029900265
B2226294820121N11936692WA0029900265
B2226304820133N11936686WA0029900265
B2226314820145N11936680WA0030000265
B2226324820157N11936676WA0030000265
B2226334820168N11936673WA0029900265
B2226344820178N11936670WA0029900265
B2226354820186N11936668WA0029900265
B2226364820193N11936666WA0029900265
B2226374820199N11936665WA0029800265
B2226384820204N11936663WA0029800264
B2226394820210N11936662WA0029800264
B2226404820217N11936660WA0029800264
B2226414820225N11936658WA0029800264
B2226424820234N11936656WA0029700263
B2226434820244N11936654WA0029700263
B2226444820255N11936651WA0029700262
B2226454820266N11936649WA0029700262
B2226464820278N11936646WA0029700261
B2226474820290N11936643WA0029700261
B2226484820303N11936640WA0029700261
B2226494820316N11936637WA0029700261
B2226504820329N11936634WA0029700261
B2226514820342N11936631WA0029700262
B2226524820356N11936628WA0029700263
B2226534820369N11936625WA0029700263
B2226544820383N11936621WA0029700264
B2226554820396N11936618WA0029800264
B2226564820409N11936615WA0029800265
B2226574820423N11936612WA0029800265
B2226584820436N11936609WA0029800265
B2226594820449N11936606WA0029900265
B2227004820462N11936603WA0029900266
B2227014820474N11936600WA0029900266
B2227024820487N11936597WA0029900267
B2227034820499N11936595WA0030000267
B2227044820512N11936595WA0030000267
B2227054820525N11936595WA0030000267
B2227064820537N11936596WA0030000267
B2227074820550N11936597WA0030000266
B2227084820563N11936599WA0030000266
B2227094820576N11936601WA0030000266
B2227104820589N11936602WA0030000265
B2227114820602N11936601WA0030000265
B2227124820615N11936600WA0030000265
B2227134820629N11936597WA0030000264
B2227144820642N11936595WA0030000263
B2227154820656N11936592WA0030000262
B2227164820669N11936589WA0029900261
B2227174820683N11936587WA0029900260
B2227184820697N11936584WA0029900260
B2227194820711N11936581WA0029800259
B2227204820724N11936579WA0029800259
B2227214820738N11936576WA0029700259
B2227224820752N11936573WA0029700259
B2227234820766N11936570WA0029700259
B2227244820779N11936565WA0029700259
B2227254820792N11936560WA0029600259
B2227264820806N11936554WA0029600259
B2227274820819N11936548WA0029600259
B2227284820833N11936541WA0029600259
B2227294820846N11936535WA0029600259
B2227304820860N11936528WA0029600259
B2227314820873N11936522WA0029600259
B2227324820887N11936515WA0029600259
B2227334820901N11936508WA0029700259
B2227344820915N11936501WA0029700259
B2227354820929N11936494WA0029700260
B2227364820943N11936488WA0029700260
B2227374820957N11936481WA0029700261
B2227384820970N11936474WA0029700261
B2227394820984N11936467WA0029700261
B2227404820998N11936459WA0029800261
B2227414821011N11936450WA0029800262
B2227424821024N11936440WA0029800262
B2227434821037N11936429WA0029800263
B2227444821048N11936416WA0029900263
B2227454821058N11936402WA0029900264
B2227464821068N11936389WA0029900263
B2227474821077N11936376WA0029900263
B2227484821086N11936362WA0029900263
B2227494821095N11936349WA0029900263
B2227504821103N11936336WA0029900263
B2227514821111N11936323WA0029900262
B2227524821120N11936311WA0029900262
B2227534821128N11936298WA0029900262
B2227544821136N11936286WA0029900261
B2227554821144N11936273WA0029800261
B2227564821152N11936261WA0029800260
B2227574821160N11936248WA0029800259
B2227584821168N11936236WA0029800259
B2227594821176N11936224WA0029700258
B2228004821184N11936211WA0029700258
B2228014821191N11936199WA0029700257
B2228024821199N11936187WA0029700257
B2228034821207N11936176WA0029600256
B2228044821214N11936164WA0029600256
B2228054821221N11936152WA0029600255
B2228064821229N11936139WA0029500255
B2228074821235N11936127WA0029500255
B2228084821242N11936114WA0029500255
B2228094821248N11936101WA0029400254
B2228104821253N11936088WA0029400254
B2228114821258N11936074WA0029400254
B2228124821263N11936059WA0029400254
B2228134821267N11936045WA0029300254
B2228144821271N11936031WA0029300254
B2228154821275N11936016WA0029300254
B2228164821279N11936002WA0029200254
B2228174821282N11935988WA0029200254
B2228184821286N11935973WA0029200253
B2228194821290N11935959WA0029200253
B2228204821293N11935945WA0029200253
B2228214821297N11935931WA0029100253
B2228224821301N11935917WA0029100253
B2228234821304N11935904WA0029100253
B2228244821307N11935891WA0029100252
B2228254821311N11935878WA0029000253
B2228264821314N11935866WA0029000252
B2228274821317N11935853WA0029000252
B2228284821320N11935842WA0029000252
B2228294821323N11935830WA0028900252
B2228304821326N11935819WA0028900252
B2228314821329N11935808WA0028900252
B2228324821332N11935797WA0028900252
B2228334821335N11935786WA0028900253
B2228344821337N11935776WA0028800253
B2228354821340N11935766WA0028800253
B2228364821343N11935756WA0028800253
B2228374821346N11935746WA0028800253
B2228384821348N11935735WA0028800253
B2228394821351N11935726WA0028800253
B2228404821353N11935716WA0028800252
B2228414821356N11935707WA0028800252
B2228424821358N11935698WA0028800252
B2228434821361N11935689WA0028800252
B2228444821363N11935680WA0028800252
B2228454821365N11935671WA0028700252
B2228464821368N11935662WA0028700252
B2228474821370N11935652WA0028700252
B2228484821373N11935642WA0028700252
B2228494821375N11935632WA0028700252
B2228504821378N11935622WA0028700252
B2228514821381N11935611WA0028700252
B2228524821383N11935601WA0028700252
B2228534821386N11935591WA0028700252
B2228544821388N11935582WA0028700252
B2228554821391N11935572WA0028700252
B2228564821393N11935562WA0028700252
B2228574821396N11935552WA0028700252
B2228584821398N11935542WA0028700252
B2228594821401N11935533WA0028700251
B2229004821403N11935523WA0028700252
B2229014821406N11935514WA0028700252
B2229024821408N11935505WA0028700252
B2229034821411N11935496WA0028700252
B2229044821413N11935487WA0028700253
B2229054821415N11935478WA0028700253
B2229064821418N11935469WA0028700253
B2229074821420N11935460WA0028700253
B2229084821423N11935450WA0028700254
B2229094821425N11935441WA0028700254
B2229104821428N11935432WA0028700254
B2229114821430N11935423WA0028700253
B2229124821432N11935414WA0028700253
B2229134821435N11935405WA0028700253
B2229144821437N11935397WA0028700253
B2229154821439N11935389WA0028700253
B2229164821442N11935381WA0028700253
B2229174821444N11935373WA0028700254
B2229184821447N11935365WA0028700254
B2229194821450N11935356WA0028700254
B2229204821453N11935348WA0028700254
B2229214821456N11935340WA0028700254
B2229224821460N11935333WA0028700255
B2229234821463N11935325WA0028700255
B2229244821467N11935318WA0028700255
B2229254821471N11935311WA0028700255
B2229264821476N11935305WA0028700255
B2229274821480N11935298WA0028700255
B2229284821485N11935292WA0028700255
B2229294821489N11935286WA0028700255
B2229304821494N11935280WA0028700255
B2229314821498N11935274WA0028800255
B2229324821503N11935268WA0028800254
B2229334821507N11935263WA0028800255
B2229344821512N11935257WA0028800255
B2229354821516N11935251WA0028800255
B2229364821521N11935245WA0028800255
B2229374821526N11935238WA0028800255
B2229384821531N11935232WA0028800255
B2229394821536N11935225WA0028800255
B2229404821541N11935218WA0028800255
B2229414821546N11935211WA0028900255
B2229424821551N11935204WA0028900256
B2229434821556N11935196WA0028900256
B2229444821562N11935189WA0028900256
B2229454821567N11935182WA0028900257
B2229464821571N11935175WA0029000257
B2229474821576N11935169WA0029000257
B2229484821581N11935162WA0029000257
B2229494821585N11935155WA0029000258
B2229504821590N11935148WA0029000258
B2229514821594N11935142WA0029100258
B2229524821599N11935135WA0029100258
B2229534821603N11935128WA0029100259
B2229544821607N11935121WA0029100259
B2229554821612N11935115WA0029100259
B2229564821617N11935109WA0029100259
B2229574821621N11935103WA0029200259
B2229584821626N11935096WA0029200259
B2229594821631N11935090WA0029200259
B2230004821636N11935084WA0029200259
B2230014821641N11935077WA0029200259
B2230024821647N11935071WA0029200259
B2230034821652N11935064WA0029200259
B2230044821657N11935058WA0029200259
B2230054821662N11935051WA0029200259
B2230064821668N11935044WA0029200259
B2230074821673N11935038WA0029300259
B2230084821678N11935031WA0029300259
B2230094821683N11935025WA0029300258
B2230104821688N11935019WA0029300259
B2230114821693N11935013WA0029300259
B2230124821697N11935007WA0029300259
B2230134821702N11935001WA0029300259
B2230144821706N11934996WA0029300259
B2230154821710N11934991WA0029300259
B2230164821715N11934985WA0029300259
B2230174821719N11934980WA0029300259
B2230184821723N11934975WA0029300259
B2230194821727N11934970WA0029300259
B2230204821731N11934965WA0029300258
B2230214821734N11934960WA0029300258
B2230224821738N11934955WA0029200258
B2230234821742N11934951WA0029200258
B2230244821746N11934946WA0029200258
B2230254821749N11934942WA0029200258
B2230264821753N11934937WA0029200258
B2230274821756N11934933WA0029200258
B2230284821759N11934930WA0029200258
B2230294821762N11934926WA0029200258
B2230304821764N11934923WA0029200258
B2230314821766N11934920WA0029200258
B2230324821769N11934917WA0029200258
B2230334821771N11934914WA0029200258
B2230344821774N11934911WA0029200258
B2230354821777N11934907WA0029200258
B2230364821780N11934903WA0029200258
B2230374821784N11934898WA0029200258
B2230384821788N11934894WA0029200258
B2230394821792N11934889WA0029200258
B2230404821796N11934884WA0029200258
B2230414821800N11934878WA0029200258
B2230424821804N11934873WA0029200257
B2230434821809N11934867WA0029200257
B2230444821813N11934862WA0029200258
B2230454821817N11934856WA0029200258
B2230464821821N11934851WA0029100258
B2230474821826N11934846WA0029100258
B2230484821830N11934841WA0029100258
B2230494821833N11934836WA0029100258
B2230504821837N11934831WA0029100258
B2230514821841N11934827WA0029100257
B2230524821844N11934823WA0029100257
B2230534821847N11934819WA0029100257
B2230544821849N11934816WA0029100257
B2230554821852N11934813WA0029100257
B2230564821854N11934810WA0029100257
B2230574821856N11934807WA0029100257
B2230584821858N11934805WA0029000257
B2230594821859N11934804WA0029000257
B2231004821859N11934804WA0029000257
B2231014821859N11934803WA0029000257
B2231024821859N11934803WA0029000257
B2231034821860N11934802WA0029000257
B2231044821861N11934801WA0029000257
B2231054821862N11934798WA0029000257
B2231064821862N11934795WA0029000257
B2231074821861N11934791WA0029000257
B2231084821859N11934786WA0029000257
B2231094821857N11934782WA0029000257
B2231104821854N11934776WA0029000257
B2231114821851N11934771WA0029000257
B2231124821847N11934764WA0029000257
B2231134821844N11934758WA0029000257
B2231144821840N11934750WA0029000257
B2231154821835N11934742WA0029000257
B2231164821831N11934734WA0029000257
B2231174821826N11934725WA0029000257
B2231184821822N11934717WA0029000257
B2231194821817N11934708WA0029000258
B2231204821812N11934698WA0029000258
B2231214821807N11934689WA0029100259
B2231224821801N11934680WA0029100259
B2231234821796N11934671WA0029100259
B2231244821791N11934662WA0029100259
B2231254821787N11934654WA0029100259
B2231264821782N11934645WA0029200259
B2231274821777N11934636WA0029200259
B2231284821772N11934628WA0029200259
B2231294821767N11934619WA0029200258
B2231304821762N11934611WA0029200258
B2231314821757N11934602WA0029100258
B2231324821753N11934594WA0029200258
B2231334821748N11934586WA0029200258
B2231344821744N11934579WA0029200259
B2231354821741N11934573WA0029200259
B2231364821738N11934568WA0029200260
B2231374821737N11934562WA0029200260
B2231384821738N11934556WA0029200261
B2231394821740N11934551WA0029200261
B2231404821743N11934545WA0029200261
B2231414821748N11934540WA0029300261
B2231424821753N11934533WA0029300260
B2231434821759N11934526WA0029300260
B2231444821765N11934519WA0029300260
B2231454821772N11934511WA0029300259
B2231464821779N11934502WA0029300259
B2231474821786N11934494WA0029300259
B2231484821793N11934486WA0029300258
B2231494821800N11934477WA0029300258
B2231504821808N11934469WA0029300258
B2231514821815N11934460WA0029300257
B2231524821823N11934451WA0029300257
B2231534821831N11934442WA0029300257
B2231544821839N11934432WA0029300257
B2231554821847N11934423WA0029300257
B2231564821855N11934414WA0029300256
B2231574821862N11934405WA0029300256
B2231584821870N11934397WA0029300256
B2231594821877N11934388WA0029300256
B2232004821884N11934379WA0029200256
B2232014821891N11934370WA0029200256
B2232024821897N11934361WA0029200256
B2232034821903N11934351WA0029200256
B2232044821909N11934340WA0029200256
B2232054821914N11934329WA0029200256
B2232064821919N11934317WA0029200256
B2232074821924N11934305WA0029200256
B2232084821930N11934293WA0029200257
B2232094821935N11934281WA0029200257
B2232104821940N11934269WA0029200257
B2232114821946N11934256WA0029200257
B2232124821951N11934244WA0029200257
B2232134821957N11934231WA0029200257
B2232144821963N11934219WA0029200257
B2232154821968N11934207WA0029200257
B2232164821974N11934195WA0029200258
B2232174821979N11934183WA0029200258
B2232184821985N11934171WA0029200258
B2232194821990N11934159WA0029200259
B2232204821996N11934148WA0029200259
B2232214822001N11934136WA0029200259
B2232224822006N11934125WA0029200259
B2232234822012N11934114WA0029200260
B2232244822017N11934103WA0029200260
B2232254822022N11934092WA0029200261
B2232264822028N11934080WA0029200261
B2232274822033N11934068WA0029300261
B2232284822039N11934057WA0029300261
B2232294822045N11934045WA0029300262
B2232304822050N11934034WA0029300262
B2232314822055N11934023WA0029300262
B2232324822061N11934012WA0029400262
B2232334822066N11934002WA0029400263
B2232344822071N11933991WA0029400263
B2232354822076N11933980WA0029400263
B2232364822082N11933970WA0029400263
B2232374822087N11933959WA0029500263
B2232384822092N11933948WA0029500264
B2232394822097N11933937WA0029500264
B2232404822103N11933926WA0029500264
B2232414822108N11933916WA0029500265
B2232424822113N11933906WA0029600265
B2232434822117N11933896WA0029600265
B2232444822121N11933888WA0029600266
B2232454822125N11933882WA0029600266
B2232464822128N11933877WA0029600266
B2232474822131N11933875WA0029600266
B2232484822134N11933874WA0029700266
B2232494822137N11933874WA0029700266
B2232504822140N11933875WA0029700266
B2232514822142N11933876WA0029700266
B2232524822144N11933877WA0029700266
B2232534822145N11933878WA0029700266
B2232544822147N11933880WA0029700266
B2232554822147N11933882WA0029700266
B2232564822148N11933884WA0029700265
B2232574822148N11933886WA0029700265
B2232584822148N11933888WA0029700265
B2232594822147N11933890WA0029700265
B2233004822147N11933892WA0029800265
B2233014822147N11933895WA0029800265
B2233024822147N11933898WA0029800265
B2233034822147N11933902WA0029800265
B2233044822146N11933905WA0029800265
B2233054822146N11933907WA0029700265
B2233064822145N11933910WA0029700265
B2233074822144N11933913WA0029700265
B2233084822142N11933916WA0029700265
B2233094822141N11933919WA0029700264
B2233104822140N11933922WA0029700264
B2233114822138N11933924WA0029700264
B2233124822137N11933924WA0029700264
B2233134822136N11933924WA0029700264
B2233144822135N11933924WA0029700263
B2233154822135N11933924WA0029700263
B2233164822135N11933923WA0029700263
B2233174822135N11933923WA0029700263
B2233184822135N11933923WA0029700264
B2233194822135N11933923WA0029700263
B2233204822135N11933923WA0029700264
B2233214822135N11933923WA0029700264
B2233224822135N11933923WA0029700264
B2233234822135N11933923WA0029700264
B2233244822135N11933923WA0029700264
B2233254822135N11933923WA0029700264
B2233264822135N11933922WA0029700264
B2233274822135N11933922WA0029700264
B2233284822135N11933922WA0029700264
B2233294822135N11933922WA0029700264
B2233304822135N11933922WA0029700264
B2233314822135N11933922WA0029700264
B2233324822135N11933922WA0029700265
B2233334822135N11933922WA0029700265
B2233344822134N11933922WA0029700265
B2233354822134N11933922WA0029700265
B2233364822134N11933922WA0029700265
B2233374822134N11933922WA0029700265
B2233384822134N11933922WA0029700265
B2233394822134N11933922WA0029700265
B2233404822134N11933922WA0029700265
B2233414822134N11933922WA0029700265
B2233424822134N11933922WA0029700265
B2233434822134N11933922WA0029700265
B2233444822134N11933922WA0029700265
B2233454822134N11933922WA0029700266
B2233464822134N11933922WA0029700266
B2233474822134N11933922WA0029700266
B2233484822134N11933922WA0029700266
B2233494822134N11933922WA0029700266
B2233504822134N11933922WA0029700266
B2233514822134N11933921WA0029700266
B2233524822134N11933921WA0029700266
B2233534822134N11933921WA0029700266
B2233544822134N11933921WA0029700266
B2233554822134N11933921WA0029700266
B2233564822134N11933921WA0029700266
B2233574822134N11933921WA0029700266
B2233584822134N11933921WA0029700267
B2233594822134N11933921WA0029700267
B2234004822134N11933921WA0029700267
B2234014822134N11933921WA0029700267
B2234024822134N11933921WA0029700267
B2234034822134N11933921WA0029700266
B2234044822134N11933921WA0029700266
B2234054822134N11933921WA0029700266
B2234064822134N11933921WA0029700266
B2234074822134N11933921WA0029700266
B2234084822134N11933921WA0029700266
B2234094822134N11933921WA0029700266
B2234104822134N11933921WA0029700266
B2234114822134N11933921WA0029700266
B2234124822134N11933921WA0029700266
B2234134822134N11933921WA0029700266
B2234144822134N11933921WA0029700266
B2234154822134N11933921WA0029700266
B2234164822134N11933921WA0029700266
B2234174822134N11933921WA0029700266
B2234184822134N11933921WA0029700266
B2234194822134N11933921WA0029700266
B2234204822134N11933921WA0029700266
B2234214822134N11933921WA0029700266
B2234224822134N11933921WA0029700266
B2234234822134N11933921WA0029700266
B2234244822134N11933921WA0029700266
B2234254822134N11933921WA0029700266
B2234264822134N11933921WA0029700266
B2234274822134N11933921WA0029700266
B2234284822134N11933921WA0029700266
B2234294822134N11933921WA0029700266
B2234304822134N11933921WA0029700266
B2234314822134N11933921WA0029700266
B2234324822134N11933921WA0029700266
B2234334822134N11933921WA0029700266
B2234344822134N11933921WA0029700265
B2234354822134N11933921WA0029700265
B2234364822134N11933921WA0029700265
B2234374822134N11933921WA0029700265
B2234384822134N11933921WA0029700265
B2234394822134N11933921WA0029700265
B2234404822134N11933921WA0029700265
B2234414822134N11933921WA0029700265
B2234424822134N11933921WA0029700265
B2234434822134N11933921WA0029700265
B2234444822134N11933921WA0029700265
B2234454822134N11933921WA0029700265
B2234464822134N11933921WA0029700265
B2234474822134N11933921WA0029700265
B2234484822134N11933921WA0029700265
B2234494822134N11933921WA0029700265
B2234504822134N11933921WA0029700265
B2234514822134N11933921WA0029700265
B2234524822134N11933921WA0029700265
B2234534822134N11933920WA0029700265
B2234544822134N11933920WA0029700265
B2234554822134N11933920WA0029700265
B2234564822134N11933920WA0029700265
B2234574822134N11933920WA0029700265
B2234584822134N11933920WA0029700265
B2234594822134N11933920WA0029700265
B2235004822134N11933920WA0029700265
B2235014822134N11933921WA0029700265
B2235024822134N11933921WA0029700264
B2235034822134N11933921WA0029700264
B2235044822134N11933921WA0029700264
B2235054822134N11933921WA0029700264
B2235064822134N11933921WA0029700264
B2235074822134N11933921WA0029700264
B2235084822134N11933921WA0029700264
B2235094822134N11933922WA0029700263
B2235104822134N11933922WA0029700263
B2235114822134N11933922WA0029700263
B2235124822134N11933922WA0029700263
B2235134822134N11933922WA0029700264
B2235144822134N11933922WA0029700264
B2235154822134N11933922WA0029700264
B2235164822134N11933922WA0029700264
B2235174822134N11933922WA0029700264
B2235184822134N11933922WA0029700264
B2235194822134N11933922WA0029700264
B2235204822134N11933922WA0029700264
B2235214822134N11933922WA0029700263
B2235224822134N11933922WA0029700263
B2235234822134N11933922WA0029700263
B2235244822135N11933922WA0029700263
B2235254822135N11933922WA0029700263
B2235264822135N11933922WA0029700263
B2235274822135N11933922WA0029700262
B2235284822135N11933922WA0029700262
B2235294822135N11933923WA0029700261
B2235304822134N11933923WA0029700261
B2235314822135N11933923WA0029700261
B2235324822134N11933922WA0029700261
B2235334822134N11933923WA0029700261
B2235344822135N11933923WA0029700261
B2235354822135N11933923WA0029700261
B2235364822135N11933923WA0029700261
B2235374822135N11933923WA0029700261
B2235384822135N11933923WA0029700261
B2235394822135N11933923WA0029700261
B2235404822135N11933923WA0029700261
B2235414822135N11933923WA0029700262
B2235424822135N11933923WA0029700262
B2235434822135N11933923WA0029700262
B2235444822135N11933923WA0029700263
B2235454822135N11933923WA0029700263
B2235464822135N11933923WA0029700263
B2235474822135N11933923WA0029700263
B2235484822135N11933924WA0029700263
B2235494822135N11933924WA0029700263
B2235504822135N11933924WA0029700264
B2235514822135N11933924WA0029800264
B2235524822136N11933924WA0029800264
B2235534822136N11933924WA0029800264
B2235544822136N11933924WA0029800264
B2235554822136N11933924WA0029800264
B2235564822136N11933924WA0029800265
B2235574822136N11933924WA0029800265
B2235584822136N11933924WA0029800265
B2235594822136N11933924WA0029700265
B2236004822137N11933924WA0029700265
B2236014822137N11933923WA0029700266
B2236024822138N11933923WA0029700267
B2236034822138N11933923WA0029700268
B2236044822139N11933923WA0029700267
B2236054822139N11933923WA0029700267
B2236064822140N11933922WA0029700267
B2236074822140N11933922WA0029700267
B2236084822140N11933922WA0029700267
B2236094822140N11933921WA0029700267
B2236104822141N11933921WA0029700267
B2236114822141N11933921WA0029700267
B2236124822141N11933920WA0029700267
B2236134822142N11933920WA0029700266
B2236144822142N11933919WA0029700266
B2236154822143N11933919WA0029700266
B2236164822143N11933919WA0029700266
B2236174822144N11933918WA0029700266
B2236184822144N11933917WA0029700266
B2236194822144N11933917WA0029700265
B2236204822144N11933916WA0029700265
B2236214822145N11933915WA0029700265
B2236224822145N11933915WA0029700264
B2236234822145N11933915WA0029700263
B2236244822145N11933914WA0029700263
B2236254822146N11933913WA0029700262
B2236264822147N11933912WA0029700261
B2236274822147N11933912WA0029700261
B2236284822148N11933911WA0029700259
B2236294822148N11933910WA0029700259
B2236304822149N11933910WA0029700260
B2236314822149N11933910WA0029700260
B2236324822149N11933910WA0029700259
B2236334822149N11933910WA0029700257
B2236344822149N11933909WA0029700257
B2236354822149N11933909WA0029700256
B2236364822149N11933908WA0029700257
B2236374822149N11933908WA0029700259
B2236384822149N11933908WA0029700259
B2236394822150N11933908WA0029700260
B2236404822150N11933907WA0029700259
B2236414822150N11933907WA0029700259
B2236424822150N11933907WA0029700259
B2236434822151N11933906WA0029700258
B2236444822151N11933905WA0029700258
B2236454822151N11933905WA0029700257
B2236464822151N11933904WA0029700257
B2236474822151N11933904WA0029700257
B2236484822150N11933904WA0029700256
B2236494822150N11933904WA0029700256
B2236504822151N11933904WA0029700256
B2236514822150N11933904WA0029700256
B2236524822151N11933904WA0029700255
B2236534822151N11933904WA0029700255
B2236544822151N11933903WA0029700255
B2236554822151N11933903WA0029700255
B2236564822152N11933903WA0029700255
B2236574822152N11933902WA0029700257
B2236584822152N11933902WA0029700258
B2236594822152N11933901WA0029700258
B2237004822152N11933901WA0029700259
B2237014822153N11933901WA0029700259
B2237024822153N11933901WA0029700260
B2237034822153N11933900WA0029700260
B2237044822153N11933900WA0029700260
B2237054822153N11933900WA0029700261
B2237064822154N11933900WA0029700261
B2237074822154N11933900WA0029700261
B2237084822154N11933900WA0029700262
B2237094822154N11933900WA0029700262
B2237104822154N11933900WA0029700262
B2237114822154N11933899WA0029700262
B2237124822154N11933899WA0029700262
B2237134822154N11933899WA0029700263
B2237144822154N11933899WA0029700263
B2237154822154N11933899WA0029700263
B2237164822154N11933899WA0029700263
B2237174822154N11933899WA0029700263
B2237184822155N11933899WA0029700263
B2237194822155N11933899WA0029700263
B2237204822155N11933899WA0029700263
B2237214822155N11933899WA0029700263
B2237224822155N11933899WA0029700263
B2237234822155N11933899WA0029700263
B2237244822155N11933899WA0029700263
B2237254822155N11933899WA0029700263
B2237264822155N11933899WA0029700263
B2237274822155N11933899WA0029700263
B2237284822155N11933899WA0029700263
B2237294822155N11933899WA0029700263
B2237304822155N11933899WA0029700264
B2237314822155N11933899WA0029700264
B2237324822155N11933899WA0029700264
B2237334822155N11933899WA0029700264
B2237344822155N11933899WA0029700264
B2237354822155N11933899WA0029700264
B2237364822155N11933899WA0029700264
B2237374822155N11933899WA0029700264
B2237384822155N11933899WA0029700264
B2237394822155N11933899WA0029700264
B2237404822155N11933899WA0029700264
B2237414822155N11933899WA0029700264
B2237424822155N11933900WA0029700264
B2237434822155N11933900WA0029700264
B2237444822155N11933900WA0029700264
B2237454822155N11933900WA0029700264
B2237464822155N11933900WA0029700264
B2237474822155N11933900WA0029700264
B2237484822155N11933900WA0029700264
B2237494822155N11933900WA0029700264
B2237504822155N11933900WA0029700264
B2237514822155N11933900WA0029700264
B2237524822155N11933900WA0029700264
B2237534822155N11933900WA0029700264
B2237544822155N11933900WA0029700264
B2237554822155N11933900WA0029700264
B2237564822155N11933900WA0029700264
B2237574822155N11933900WA0029700264
B2237584822155N11933900WA0029700264
B2237594822155N11933900WA0029700263
B2238004822155N11933900WA0029700263
B2238014822155N11933900WA0029700263
B2238024822155N11933900WA0029700263
B2238034822155N11933900WA0029700263
B2238044822155N11933900WA0029700263
B2238054822154N11933900WA0029700263
B2238064822154N11933900WA0029700263
B2238074822154N11933900WA0029700263
B2238084822154N11933900WA0029700263
B2238094822154N11933900WA0029700263
B2238104822154N11933900WA0029700262
B2238114822154N11933900WA0029700263
B2238124822154N11933900WA0029700263
B2238134822154N11933900WA0029700263
B2238144822154N11933900WA0029700263
B2238154822154N11933900WA0029700263
B2238164822154N11933900WA0029700263
B2238174822154N11933900WA0029700263
B2238184822154N11933900WA0029700263
B2238194822154N11933900WA0029700263
B2238204822154N11933900WA0029700263
B2238214822154N11933900WA0029700263
B2238224822154N11933900WA0029700263
B2238234822154N11933900WA0029700263
B2238244822154N11933900WA0029700263
B2238254822154N11933900WA0029700263
B2238264822154N11933900WA0029700263
B2238274822154N11933900WA0029700263
B2238284822154N11933900WA0029700263
B2238294822154N11933900WA0029700263
B2238304822154N11933900WA0029700263
B2238314822154N11933900WA0029700263
B2238324822154N11933900WA0029700263
B2238334822154N11933900WA0029700263
B2238344822154N11933900WA0029700263
B2238354822154N11933900WA0029700263
B2238364822154N11933900WA0029700263
B2238374822154N11933900WA0029700263
B2238384822154N11933900WA0029700263
B2238394822154N11933900WA0029700263
B2238404822154N11933900WA0029700263
B2238414822154N11933900WA0029700263
B2238424822154N11933900WA0029700263
B2238434822154N11933900WA0029700263
B2238444822154N11933900WA0029700263
B2238454822154N11933900WA0029700263
B2238464822154N11933900WA0029700263
B2238474822154N11933900WA0029700263
B2238484822154N11933900WA0029700263
B2238494822154N11933900WA0029700263
B2238504822154N11933900WA0029700263
B2238514822154N11933900WA0029700263
B2238524822154N11933900WA0029700263
B2238534822154N11933900WA0029700263
B2238544822154N11933900WA0029700263
B2238554822154N11933900WA0029700263
B2238564822154N11933900WA0029700263
B2238574822154N11933900WA0029700262
B2238584822154N11933900WA0029700262
B2238594822154N11933900WA0029700263
B2239004822154N11933900WA0029700263
B2239014822155N11933900WA0029700263
B2239024822155N11933900WA0029700263
B2239034822155N11933900WA0029700263
B2239044822155N11933900WA0029700263
B2239054822155N11933900WA0029700263
B2239064822155N11933900WA0029700263
B2239074822155N11933900WA0029700263
B2239084822155N11933900WA0029700263
B2239094822155N11933900WA0029700263
B2239104822155N11933900WA0029700263
B2239114822155N11933900WA0029700263
B2239124822155N11933900WA0029700263
B2239134822155N11933900WA0029700263
B2239144822155N11933900WA0029700263
B2239154822155N11933900WA0029700263
B2239164822155N11933900WA0029700263
B2239174822155N11933900WA0029700263
B2239184822155N11933900WA0029700263
B2239194822155N11933900WA0029700263
B2239204822155N11933900WA0029700262
B2239214822155N11933900WA0029700262
B2239224822155N11933900WA0029700262
B2239234822154N11933900WA0029700262
B2239244822154N11933900WA0029700262
B2239254822154N11933900WA0029700261
B2239264822154N11933900WA0029700261
B2239274822154N11933900WA0029700261
B2239284822154N11933900WA0029700262
B2239294822155N11933900WA0029700262
B2239304822155N11933900WA0029700262
B2239314822155N11933900WA0029700262
B2239324822155N11933900WA0029700262
B2239334822155N11933900WA0029700262
B2239344822155N11933900WA0029700262
B2239354822155N11933900WA0029700262
B2239364822155N11933900WA0029700262
B2239374822155N11933900WA0029700262
B2239384822155N11933900WA0029700262
B2239394822154N11933900WA0029700262
B2239404822154N11933900WA0029700262
B2239414822154N11933900WA0029700262
B2239424822154N11933900WA0029700262
B2239434822154N11933900WA0029700262
B2239444822154N11933900WA0029700262
B2239454822154N11933900WA0029700262
B2239464822154N11933900WA0029700262
B2239474822154N11933900WA0029700262
B2239484822154N11933900WA0029700262
B2239494822154N11933900WA0029700262
B2239504822154N11933900WA0029700262
B2239514822154N11933900WA0029700262
B2239524822154N11933900WA0029700262
B2239534822154N11933900WA0029700262
B2239544822154N11933900WA0029700262
B2239554822154N11933900WA0029700262
B2239564822154N11933900WA0029700262
B2239574822154N11933900WA0029700262
B2239584822154N11933900WA0029700262
B2239594822154N11933900WA0029700262
B2240004822154N11933900WA0029700262
B2240014822154N11933900WA0029700262
B2240024822154N11933900WA0029700262
B2240034822155N11933900WA0029700262
B2240044822155N11933900WA0029700262
B2240054822155N11933900WA0029700262
B2240064822155N11933900WA0029700262
B2240074822155N11933900WA0029700262
B2240084822155N11933900WA0029700262
B2240094822155N11933900WA0029700262
B2240104822155N11933900WA0029700262
B2240114822155N11933900WA0029700262
B2240124822155N11933900WA0029700262
B2240134822155N11933900WA0029700262
B2240144822155N11933900WA0029700262
B2240154822155N11933900WA0029700262
B2240164822155N11933900WA0029700262
B2240174822155N11933900WA0029700262
B2240184822155N11933900WA0029700262
B2240194822155N11933900WA0029700262
B2240204822155N11933900WA0029700262
B2240214822155N11933900WA0029700262
B2240224822155N11933900WA0029700262
B2240234822155N11933900WA0029700262
B2240244822155N11933900WA0029700262
B2240254822155N11933900WA0029700262
B2240264822155N11933900WA0029700262
B2240274822155N11933900WA0029700262
B2240284822155N11933900WA0029700262
B2240294822155N11933900WA0029700261
B2240304822155N11933900WA0029700261
B2240314822155N11933900WA0029700261
B2240324822155N11933900WA0029700261
B2240334822155N11933900WA0029700261
B2240344822155N11933900WA0029700261
B2240354822155N11933900WA0029700261
B2240364822155N11933900WA0029700261
B2240374822155N11933900WA0029700261
B2240384822155N11933900WA0029700261
B2240394822155N11933900WA0029700261
B2240404822155N11933900WA0029700261
B2240414822155N11933900WA0029700261
B2240424822155N11933900WA0029700262
B2240434822155N11933900WA0029700262
B2240444822155N11933900WA0029700262
B2240454822155N11933900WA0029700262
B2240464822155N11933900WA0029700262
B2240474822155N11933900WA0029700262
B2240484822155N11933900WA0029700262
B2240494822155N11933900WA0029700262
B2240504822155N11933900WA0029700262
B2240514822155N11933900WA0029700262
B2240524822155N11933900WA0029700262
B2240534822155N11933900WA0029700263
B2240544822155N11933900WA0029700263
B2240554822155N11933900WA0029700263
B2240564822155N11933900WA0029700263
B2240574822155N11933899WA0029700263
B2240584822155N11933899WA0029700263
B2240594822155N11933899WA0029700263
B2241004822156N11933899WA0029700263
B2241014822156N11933899WA0029700263
B2241024822156N11933899WA0029700263
B2241034822156N11933899WA0029700263
B2241044822156N11933899WA0029700263
B2241054822156N11933899WA0029700263
B2241064822156N11933899WA0029700263
B2241074822156N11933899WA0029700263
B2241084822156N11933899WA0029700263
B2241094822156N11933899WA0029700263
B2241104822156N11933899WA0029700263
B2241114822156N11933899WA0029700263
B2241124822155N11933899WA0029700263
B2241134822155N11933899WA0029700263
B2241144822155N11933899WA0029700263
B2241154822155N11933899WA0029700263
B2241164822155N11933899WA0029700263
B2241174822155N11933899WA0029700263
B2241184822155N11933899WA0029700263
B2241194822155N11933899WA0029700263
B2241204822155N11933899WA0029700263
B2241214822156N11933899WA0029700263
B2241224822156N11933899WA0029700263
B2241234822156N11933899WA0029700263
B2241244822156N11933899WA0029700263
B2241254822156N11933899WA0029700263
B2241264822156N11933899WA0029700263
B2241274822155N11933899WA0029700263
B2241284822156N11933899WA0029700263
B2241294822156N11933899WA0029700263
B2241304822156N11933899WA0029700263
B2241314822156N11933899WA0029700263
B2241324822156N11933899WA0029700263
B2241334822156N11933899WA0029700263
B2241344822156N11933899WA0029700263
B2241354822156N11933899WA0029700263
B2241364822156N11933899WA0029700263
B2241374822156N11933899WA0029700263
B2241384822156N11933899WA0029700263
B2241394822156N11933899WA0029700263
B2241404822156N11933899WA0029700263
B2241414822156N11933899WA0029700264
B2241424822156N11933899WA0029700264
B2241434822156N11933899WA0029700264
B2241444822156N11933899WA0029700264
B2241454822156N11933899WA0029700264
B2241464822156N11933899WA0029700264
B2241474822156N11933899WA0029700264
B2241484822156N11933899WA0029700264
B2241494822156N11933899WA0029700264
B2241504822156N11933899WA0029700264
B2241514822156N11933899WA0029700264
B2241524822156N11933899WA0029700264
B2241534822156N11933899WA0029700264
B2241544822156N11933899WA0029700264
B2241554822156N11933899WA0029700264
B2241564822156N11933899WA0029700264
B2241574822156N11933899WA0029700264
B2241584822156N11933899WA0029700264
B2241594822156N11933899WA0029700264
B2242004822156N11933899WA0029700264
B2242014822156N11933899WA0029700264
B2242024822156N11933899WA0029700263
B2242034822156N11933899WA0029700263
B2242044822156N11933899WA0029700263
B2242054822156N11933899WA0029700263
B2242064822156N11933899WA0029700263
B2242074822156N11933899WA0029700262
B2242084822156N11933899WA0029700262
B2242094822156N11933899WA0029700262
B2242104822156N11933899WA0029700262
B2242114822156N11933899WA0029700262
B2242124822156N11933899WA0029700262
B2242134822156N11933899WA0029700262
B2242144822156N11933899WA0029700262
B2242154822156N11933900WA0029700262
B2242164822156N11933900WA0029700262
B2242174822156N11933900WA0029700262
B2242184822156N11933899WA0029700262
B2242194822156N11933899WA0029700263
B2242204822156N11933900WA0029700263
B2242214822156N11933900WA0029700263
B2242224822156N11933900WA0029700263
B2242234822156N11933900WA0029700262
B2242244822156N11933900WA0029700262
B2242254822156N11933900WA0029700262
B2242264822156N11933900WA0029700262
B2242274822156N11933900WA0029700263
B2242284822156N11933900WA0029700263
B2242294822156N11933900WA0029700263
B2242304822155N11933900WA0029700263
B2242314822155N11933900WA0029700262
B2242324822155N11933900WA0029700262
B2242334822155N11933900WA0029700262
B2242344822155N11933900WA0029700262
B2242354822155N11933900WA0029700262
B2242364822155N11933900WA0029700262
B2242374822155N11933900WA0029700262
B2242384822155N11933900WA0029700262
B2242394822155N11933900WA0029700262
B2242404822155N11933900WA0029700262
B2242414822155N11933900WA0029700262
B2242424822155N11933900WA0029700262
B2242434822155N11933900WA0029700262
B2242444822155N11933900WA0029700261
B2242454822155N11933900WA0029700261
B2242464822155N11933900WA0029700261
B2242474822155N11933900WA0029700261
B2242484822155N11933900WA0029700261
B2242494822155N11933900WA0029700261
B2242504822155N11933900WA0029700261
B2242514822155N11933900WA0029700261
B2242524822155N11933900WA0029700262
B2242534822155N11933900WA0029700262
B2242544822155N11933900WA0029700262
B2242554822155N11933900WA0029700262
B2242564822155N11933900WA0029700262
B2242574822155N11933900WA0029700262
B2242584822155N11933900WA0029700262
B2242594822155N11933900WA0029700262
B2243004822155N11933900WA0029700262
B2243014822155N11933900WA0029700262
B2243024822155N11933900WA0029700262
B2243034822155N11933900WA0029700263
B2243044822155N11933900WA0029700263
B2243054822155N11933900WA0029700263
B2243064822155N11933900WA0029700263
B2243074822155N11933900WA0029700263
B2243084822155N11933900WA0029700263
B2243094822155N11933900WA0029700263
B2243104822155N11933900WA0029700263
B2243114822155N11933900WA0029700263
B2243124822155N11933900WA0029700263
B2243134822155N11933900WA0029700262
B2243144822155N11933900WA0029700262
B2243154822155N11933900WA0029700262
B2243164822155N11933900WA0029700262
B2243174822155N11933900WA0029700262
B2243184822155N11933900WA0029700263
B2243194822155N11933900WA0029700263
B2243204822155N11933899WA0029700263
B2243214822155N11933899WA0029700263
B2243224822155N11933899WA0029700263
B2243234822155N11933899WA0029700263
B2243244822155N11933899WA0029700263
B2243254822155N11933899WA0029700263
B2243264822155N11933899WA0029700263
B2243274822155N11933899WA0029700263
B2243284822155N11933899WA0029700263
B2243294822155N11933899WA0029700263
B2243304822155N11933899WA0029700263
B2243314822155N11933899WA0029700263
B2243324822155N11933899WA0029700263
B2243334822155N11933899WA0029700263
B2243344822155N11933899WA0029700263
B2243354822155N11933899WA0029700263
B2243364822155N11933899WA0029700263
B2243374822155N11933899WA0029700263
B2243384822155N11933899WA0029700263
B2243394822155N11933899WA0029700263
B2243404822155N11933899WA0029700263
B2243414822155N11933899WA0029700263
B2243424822155N11933899WA0029700263
B2243434822155N11933899WA0029700262
B2243444822155N11933899WA0029700262
B2243454822155N11933899WA0029700262
B2243464822155N11933899WA0029700262
B2243474822155N11933899WA0029700262
B2243484822156N11933899WA0029700262
B2243494822156N11933899WA0029700262
B2243504822156N11933899WA0029700262
B2243514822156N11933899WA0029700262
B2243524822156N11933899WA0029700262
B2243534822156N11933899WA0029700262
B2243544822156N11933899WA0029700262
B2243554822156N11933899WA0029700262
B2243564822156N11933899WA0029700262
B2243574822156N11933899WA0029700262
B2243584822156N11933899WA0029700262
B2243594822156N11933899WA0029700261
B2244004822156N11933899WA0029700261
B2244014822156N11933899WA0029700261
B2244024822156N11933899WA0029700261
B2244034822156N11933899WA0029700261
B2244044822156N11933898WA0029700261
B2244054822156N11933898WA0029700261
B2244064822156N11933898WA0029700262
B2244074822156N11933899WA0029700262
B2244084822156N11933899WA0029700262
B2244094822156N11933899WA0029700262
B2244104822156N11933899WA0029700262
B2244114822156N11933899WA0029700262
B2244124822156N11933899WA0029700261
B2244134822156N11933899WA0029700261
B2244144822156N11933899WA0029700261
B2244154822156N11933899WA0029700261
B2244164822156N11933899WA0029700261
B2244174822156N11933899WA0029700261
B2244184822156N11933899WA0029700261
B2244194822156N11933899WA0029700261
B2244204822156N11933899WA0029700261
B2244214822156N11933899WA0029700261
B2244224822156N11933899WA0029700260
B2244234822156N11933899WA0029700260
B2244244822156N11933899WA0029700260
B2244254822156N11933899WA0029700260
B2244264822156N11933899WA0029700260
B2244274822155N11933899WA0029700260
B2244284822155N11933899WA0029700259
B2244294822155N11933899WA0029700259
B2244304822155N11933899WA0029700259
B2244314822155N11933899WA0029700259
B2244324822155N11933899WA0029700259
B2244334822155N11933899WA0029700259
B2244344822155N11933899WA0029700258
B2244354822155N11933899WA0029700258
B2244364822154N11933900WA0029700258
B2244374822154N11933900WA0029700258
B2244384822154N11933900WA0029700257
B2244394822154N11933900WA0029700257
B2244404822154N11933900WA0029700257
B2244414822154N11933900WA0029700257
B2244424822154N11933900WA0029700257
B2244434822154N11933900WA0029700257
B2244444822154N11933900WA0029700257
B2244454822154N11933900WA0029700257
B2244464822154N11933900WA0029700257
B2244474822154N11933900WA0029700257
B2244484822153N11933900WA0029700257
B2244494822153N11933900WA0029700256
B2244504822153N11933900WA0029700256
B2244514822153N11933900WA0029700256
B2244524822153N11933899WA0029700256
B2244534822153N11933899WA0029700256
B2244544822153N11933899WA0029700256
B2244554822153N11933899WA0029700256
B2244564822153N11933899WA0029700256
B2244574822153N11933899WA0029700256
B2244584822153N11933899WA0029700256
B2244594822153N11933899WA0029700256
B2245004822153N11933899WA0029700256
B2245014822153N11933899WA0029700256
B2245024822153N11933899WA0029700256
B2245034822153N11933899WA0029700256
B2245044822153N11933899WA0029700256
B2245054822153N11933899WA0029700256
B2245064822153N11933899WA0029700257
B2245074822153N11933899WA0029700257
B2245084822153N11933899WA0029700257
B2245094822153N11933899WA0029700257
B2245104822153N11933899WA0029700257
B2245114822153N11933899WA0029700257
B2245124822153N11933899WA0029700257
B2245134822153N11933899WA0029700257
B2245144822153N11933899WA0029700257
B2245154822153N11933899WA0029700258
B2245164822154N11933899WA0029700258
B2245174822154N11933899WA0029700258
B2245184822153N11933899WA0029700258
B2245194822154N11933899WA0029700258
B2245204822154N11933899WA0029700258
B2245214822154N11933899WA0029700258
B2245224822154N11933899WA0029700258
B2245234822154N11933900WA0029700258
B2245244822154N11933900WA0029700258
B2245254822154N11933900WA0029700259
B2245264822154N11933900WA0029800259
B2245274822154N11933900WA0029800259
B2245284822154N11933900WA0029800259
B2245294822154N11933900WA0029800259
B2245304822154N11933900WA0029800260
B2245314822154N11933900WA0029800260
B2245324822154N11933900WA0029800260
B2245334822154N11933900WA0029800260
B2245344822154N11933900WA0029800260
B2245354822154N11933900WA0029800260
B2245364822154N11933900WA0029800260
B2245374822154N11933900WA0029800260
B2245384822154N11933900WA0029800260
B2245394822154N11933900WA0029800260
B2245404822154N11933900WA0029800260
B2245414822154N11933900WA0029800260
B2245424822154N11933900WA0029800260
B2245434822154N11933900WA0029800260
B2245444822154N11933900WA0029800261
B2245454822154N11933900WA0029800261
B2245464822154N11933900WA0029800261
B2245474822154N11933900WA0029800261
B2245484822154N11933900WA0029800261
B2245494822154N11933900WA0029800261
B2245504822154N11933900WA0029800261
B2245514822154N11933900WA0029800261
B2245524822154N11933900WA0029800261
B2245534822154N11933900WA0029800261
B2245544822154N11933900WA0029800261
B2245554822154N11933900WA0029800261
B2245564822155N11933900WA0029800261
B2245574822155N11933900WA0029800260
B2245584822155N11933900WA0029800260
B2245594822155N11933900WA0029800260
B2246004822155N11933900WA0029800260
B2246014822155N11933900WA0029800260
B2246024822155N11933899WA0029800260
B2246034822155N11933899WA0029800260
B2246044822155N11933899WA0029800260
B2246054822155N11933899WA0029800260
B2246064822155N11933899WA0029800260
B2246074822155N11933899WA0029800260
B2246084822155N11933899WA0029800260
B2246094822155N11933899WA0029800260
B2246104822155N11933899WA0029800260
B2246114822155N11933899WA0029800260
B2246124822155N11933899WA0029800260
B2246134822155N11933899WA0029800260
B2246144822155N11933899WA0029800260
B2246154822155N11933900WA0029800260
B2246164822155N11933900WA0029800260
B2246174822155N11933900WA0029800260
B2246184822155N11933900WA0029800260
B2246194822155N11933900WA0029800260
B2246204822154N11933900WA0029800260
B2246214822154N11933900WA0029800260
B2246224822154N11933900WA0029800260
B2246234822154N11933900WA0029800260
B2246244822154N11933900WA0029800260
B2246254822154N11933900WA0029800260
B2246264822154N11933900WA0029800260
B2246274822154N11933900WA0029800260
B2246284822154N11933900WA0029800260
B2246294822154N11933900WA0029800260
B2246304822154N11933900WA0029800260
B2246314822154N11933900WA0029800260
B2246324822154N11933900WA0029800260
B2246334822154N11933900WA0029800260
B2246344822154N11933900WA0029800260
B2246354822154N11933900WA0029800260
B2246364822154N11933900WA0029800260
B2246374822154N11933900WA0029800260
B2246384822154N11933900WA0029800260
B2246394822154N11933900WA0029800260
B2246404822155N11933900WA0029800260
B2246414822155N11933899WA0029800260
B2246424822155N11933899WA0029800260
B2246434822155N11933899WA0029800260
B2246444822155N11933899WA0029800260
B2246454822155N11933899WA0029800260
B2246464822155N11933899WA0029800260
B2246474822155N11933899WA0029800260
B2246484822155N11933899WA0029800260
B2246494822155N11933899WA0029800260
B2246504822155N11933899WA0029800260
B2246514822155N11933899WA0029800260
B2246524822155N11933899WA0029800260
B2246534822155N11933899WA0029800260
B2246544822155N11933899WA0029800260
B2246554822155N11933899WA0029800259
B2246564822155N11933899WA0029800259
B2246574822155N11933899WA0029800259
B2246584822155N11933899WA0029800259
B2246594822155N11933899WA0029800259
B2247004822155N11933899WA0029800259
B2247014822155N11933899WA0029800259
B2247024822155N11933899WA0029800259
B2247034822155N11933899WA0029800259
B2247044822155N11933899WA0029800259
B2247054822155N11933900WA0029800259
B2247064822155N11933900WA0029800259
B2247074822155N11933900WA0029800259
B2247084822155N11933900WA0029800259
B2247094822155N11933900WA0029800259
B2247104822155N11933900WA0029800259
B2247114822155N11933900WA0029800259
B2247124822155N11933900WA0029800259
B2247134822155N11933900WA0029800259
B2247144822155N11933900WA0029800259
B2247154822155N11933900WA0029800259
B2247164822155N11933900WA0029800259
B2247174822155N11933900WA0029800259
B2247184822155N11933900WA0029800259
B2247194822155N11933900WA0029800259
B2247204822155N11933900WA0029800259
B2247214822155N11933900WA0029800259
B2247224822155N11933900WA0029800259
B2247234822155N11933900WA0029800259
B2247244822155N11933900WA0029800259
B2247254822155N11933900WA0029800259
B2247264822155N11933900WA0029800259
B2247274822155N11933900WA0029800259
B2247284822155N11933900WA0029800259
B2247294822155N11933900WA0029800259
B2247304822155N11933900WA0029800259
B2247314822155N11933900WA0029800259
B2247324822155N11933900WA0029800259
B2247334822155N11933900WA0029800259
B2247344822155N11933900WA0029800259
B2247354822155N11933900WA0029800259
B2247364822155N11933900WA0029800259
B2247374822155N11933900WA0029800259
B2247384822155N11933900WA0029800259
B2247394822155N11933900WA0029800259
B2247404822155N11933900WA0029800259
B2247414822155N11933900WA0029800259
B2247424822155N11933900WA0029800259
B2247434822155N11933900WA0029800259
B2247444822155N11933900WA0029800259
B2247454822155N11933900WA0029800259
B2247464822155N11933900WA0029800259
B2247474822155N11933900WA0029800259
B2247484822155N11933900WA0029800259
B2247494822155N11933900WA0029800259
B2247504822155N11933900WA0029800259
B2247514822155N11933900WA0029800259
B2247524822155N11933900WA0029800259
B2247534822155N11933900WA0029800259
B2247544822155N11933900WA0029800259
B2247554822155N11933900WA0029800259
B2247564822155N11933900WA0029800259
B2247574822155N11933900WA0029800259
B2247584822155N11933900WA0029800259
B2247594822155N11933900WA0029800259
B2248004822155N11933900WA0029800260
B2248014822155N11933900WA0029800260
B2248024822155N11933900WA0029800260
B2248034822155N11933900WA0029800260
B2248044822155N11933900WA0029800260
B2248054822155N11933899WA0029800260
B2248064822155N11933899WA0029800260
B2248074822155N11933899WA0029800260
B2248084822155N11933899WA0029800260
B2248094822155N11933899WA0029800260
B2248104822155N11933899WA0029800260
B2248114822155N11933899WA0029800260
B2248124822155N11933899WA0029800260
B2248134822155N11933899WA0029800260
B2248144822155N11933899WA0029800260
B2248154822156N11933899WA0029800260
B2248164822156N11933899WA0029800261
B2248174822156N11933899WA0029800261
B2248184822156N11933899WA0029800261
B2248194822156N11933899WA0029800261
B2248204822156N11933899WA0029800261
B2248214822156N11933899WA0029800261
B2248224822156N11933899WA0029800261
B2248234822156N11933899WA0029800261
B2248244822156N11933899WA0029800261
B2248254822156N11933899WA0029800261
B2248264822156N11933899WA0029800261
B2248274822156N11933899WA0029800261
B2248284822156N11933899WA0029800261
B2248294822156N11933899WA0029800261
B2248304822156N11933899WA0029800261
B2248314822156N11933899WA0029800261
B2248324822156N11933899WA0029800261
B2248334822156N11933899WA0029800261
B2248344822156N11933899WA0029800261
B2248354822156N11933899WA0029800261
B2248364822156N11933899WA0029800261
B2248374822156N11933899WA0029800261
B2248384822156N11933899WA0029800261
B2248394822156N11933899WA0029800261
B2248404822156N11933899WA0029800262
B2248414822156N11933899WA0029800262
B2248424822156N11933899WA0029800262
B2248434822156N11933899WA0029800262
B2248444822156N11933899WA0029800262
B2248454822155N11933899WA0029800262
B2248464822155N11933899WA0029800262
B2248474822155N11933899WA0029800262
B2248484822155N11933899WA0029800262
B2248494822155N11933900WA0029800262
B2248504822155N11933900WA0029800262
B2248514822155N11933900WA0029800262
B2248524822155N11933900WA0029800262
B2248534822155N11933900WA0029800262
B2248544822155N11933900WA0029800262
B2248554822155N11933900WA0029800262
B2248564822155N11933900WA0029800262
B2248574822155N11933900WA0029800262
B2248584822155N11933900WA0029800262
B2248594822155N11933900WA0029800262
B2249004822155N11933900WA0029800262
B2249014822155N11933900WA0029800262
B2249024822155N11933900WA0029800262
B2249034822155N11933900WA0029800262
B2249044822155N11933900WA0029800262
B2249054822155N11933900WA0029800262
B2249064822155N11933900WA0029800262
B2249074822155N11933900WA0029800262
B2249084822155N11933900WA0029800262
B2249094822155N11933900WA0029800262
B2249104822155N11933900WA0029800262
B2249114822155N11933900WA0029800263
B2249124822155N11933900WA0029800263
B2249134822155N11933900WA0029800263
B2249144822155N11933900WA0029800263
B2249154822155N11933900WA0029800263
B2249164822155N11933900WA0029800263
B2249174822155N11933900WA0029800263
B2249184822155N11933900WA0029800263
B2249194822155N11933900WA0029800263
B2249204822155N11933900WA0029800263
B2249214822155N11933900WA0029800263
B2249224822155N11933900WA0029800263
B2249234822155N11933900WA0029800263
B2249244822155N11933900WA0029800263
B2249254822155N11933900WA0029800263
B2249264822155N11933900WA0029800263
B2249274822155N11933900WA0029800263
B2249284822155N11933900WA0029800263
B2249294822155N11933900WA0029800263
B2249304822155N11933900WA0029800263
B2249314822155N11933900WA0029800263
B2249324822155N11933900WA0029800263
B2249334822155N11933900WA0029800263
B2249344822155N11933900WA0029800263
B2249354822155N11933900WA0029800263
B2249364822155N11933900WA0029800263
B2249374822155N11933900WA0029800263
B2249384822155N11933900WA0029800263
B2249394822155N11933900WA0029800263
B2249404822155N11933900WA0029800263
B2249414822155N11933900WA0029800263
B2249424822155N11933900WA0029800263
B2249434822155N11933900WA0029800263
B2249444822155N11933900WA0029800263
B2249454822155N11933900WA0029800263
B2249464822155N11933900WA0029800262
B2249474822155N11933900WA0029800263
B2249484822156N11933899WA0029800263
B2249494822156N11933899WA0029800263
B2249504822156N11933899WA0029800263
B2249514822156N11933899WA0029800263
B2249524822156N11933899WA0029800263
B2249534822156N11933899WA0029800263
B2249544822156N11933899WA0029800263
B2249554822156N11933899WA0029800263
B2249564822156N11933899WA0029800263
B2249574822156N11933899WA0029800263
B2249584822156N11933899WA0029800263
B2249594822156N11933899WA0029800263
B2250004822156N11933899WA0029800263
B2250014822156N11933899WA0029800263
B2250024822156N11933899WA0029800263
B2250034822156N11933899WA0029800263
B2250044822156N11933899WA0029800263
B2250054822156N11933899WA0029800263
B2250064822156N11933899WA0029800263
B2250074822156N11933899WA0029800263
B2250084822156N11933899WA0029800263
B2250094822156N11933899WA0029800263
B2250104822156N11933899WA0029800263
B2250114822156N11933899WA0029800263
B2250124822156N11933899WA0029800263
B2250134822156N11933899WA0029800263
B2250144822156N11933899WA0029800263
B2250154822156N11933899WA0029800263
B2250164822156N11933899WA0029800263
B2250174822156N11933899WA0029800263
B2250184822156N11933899WA0029800263
B2250194822156N11933899WA0029800263
B2250204822157N11933899WA0029800263
B2250214822157N11933899WA0029800263
B2250224822157N11933899WA0029800263
B2250234822157N11933899WA0029800263
B2250244822157N11933899WA0029800263
B2250254822157N11933899WA0029800263
B2250264822157N11933899WA0029800263
B2250274822157N11933899WA0029800263
B2250284822157N11933899WA0029800263
B2250294822156N11933899WA0029800263
B2250304822156N11933899WA0029800262
B2250314822156N11933899WA0029800262
B2250324822156N11933899WA0029800262
B2250334822156N11933899WA0029800262
B2250344822156N11933899WA0029800262
B2250354822156N11933899WA0029800262
B2250364822157N11933899WA0029800262
B2250374822156N11933899WA0029800262
B2250384822156N11933899WA0029800262
B2250394822156N11933899WA0029800262
B2250404822156N11933899WA0029800262
B2250414822156N11933899WA0029800262
B2250424822156N11933899WA0029800262
B2250434822156N11933899WA0029800262
B2250444822156N11933899WA0029800262
B2250454822156N11933899WA0029800262
B2250464822156N11933899WA0029800262
B2250474822156N11933899WA0029800262
B2250484822156N11933899WA0029800262
B2250494822156N11933899WA0029800262
B2250504822156N11933899WA0029800262
B2250514822156N11933899WA0029800262
B2250524822156N11933899WA0029800262
B2250534822156N11933899WA0029800262
B2250544822156N11933899WA0029800262
B2250554822156N11933899WA0029800262
B2250564822156N11933899WA0029800262
B2250574822156N11933900WA0029800262
B2250584822156N11933900WA0029800262
B2250594822156N11933899WA0029800262
B2251004822156N11933899WA0029800262
B2251014822156N11933899WA0029800262
B2251024822156N11933899WA0029800262
B2251034822156N11933899WA0029800262
B2251044822156N11933900WA0029800262
B2251054822156N11933900WA0029800262
B2251064822156N11933900WA0029800262
B2251074822155N11933900WA0029800262
B2251084822155N11933900WA0029800262
B2251094822155N11933900WA0029800262
B2251104822155N11933900WA0029800262
B2251114822155N11933900WA0029800262
B2251124822155N11933900WA0029800262
B2251134822155N11933900WA0029800262
B2251144822155N11933900WA0029800262
B2251154822155N11933900WA0029800262
B2251164822155N11933899WA0029800262
B2251174822155N11933899WA0029800262
B2251184822155N11933899WA0029800262
B2251194822156N11933899WA0029800262
B2251204822156N11933899WA0029800262
B2251214822156N11933899WA0029800262
B2251224822156N11933899WA0029800262
B2251234822156N11933899WA0029800262
B2251244822156N11933899WA0029800263
B2251254822156N11933899WA0029800263
B2251264822156N11933899WA0029800263
B2251274822156N11933899WA0029800263
B2251284822156N11933899WA0029800263
B2251294822156N11933899WA0029800263
B2251304822156N11933899WA0029800262
B2251314822156N11933899WA0029800262
B2251324822156N11933899WA0029800262
B2251334822156N11933899WA0029800262
B2251344822156N11933899WA0029800262
B2251354822156N11933899WA0029800262
B2251364822156N11933899WA0029800262
B2251374822156N11933899WA0029800262
B2251384822156N11933899WA0029800262
B2251394822156N11933899WA0029800262
B2251404822156N11933899WA0029800262
B2251414822156N11933899WA0029800262
B2251424822156N11933899WA0029800262
B2251434822156N11933899WA0029800262
B2251444822156N11933899WA0029800262
B2251454822156N11933899WA0029800261
B2251464822156N11933899WA0029800261
B2251474822156N11933899WA0029800261
B2251484822156N11933899WA0029800261
B2251494822156N11933899WA0029800261
B2251504822156N11933899WA0029800261
B2251514822156N11933899WA0029800261
B2251524822156N11933899WA0029800261
B2251534822156N11933899WA0029800261
B2251544822156N11933899WA0029800261
B2251554822156N11933899WA0029800261
B2251564822156N11933899WA0029800261
B2251574822156N11933899WA0029800261
B2251584822156N11933899WA0029800261
B2251594822156N11933899WA0029800260
B2252004822156N11933899WA0029800261
B2252014822156N11933899WA0029800260
B2252024822156N11933899WA0029800260
B2252034822156N11933899WA0029800260
B2252044822156N11933899WA0029800261
B2252054822156N11933899WA0029800261
B2252064822156N11933899WA0029800261
B2252074822156N11933899WA0029800261
B2252084822156N11933899WA0029800261
B2252094822156N11933899WA0029800261
B2252104822156N11933899WA0029800261
B2252114822156N11933899WA0029800261
B2252124822156N11933899WA0029800261
B2252134822156N11933899WA0029800261
B2252144822156N11933899WA0029800261
B2252154822156N11933899WA0029800261
B2252164822156N11933899WA0029800261
B2252174822156N11933899WA0029800261
B2252184822155N11933899WA0029800261
B2252194822155N11933899WA0029800261
B2252204822155N11933899WA0029800261
B2252214822155N11933899WA0029800261
B2252224822155N11933899WA0029800261
B2252234822155N11933899WA0029800261
B2252244822155N11933899WA0029800261
B2252254822155N11933899WA0029800261
B2252264822155N11933899WA0029800261
B2252274822155N11933899WA0029800261
B2252284822155N11933899WA0029800261
B2252294822155N11933899WA0029800261
B2252304822155N11933899WA0029800261
B2252314822155N11933899WA0029800261
B2252324822155N11933899WA0029800261
B2252334822155N11933899WA0029800261
B2252344822155N11933899WA0029800260
B2252354822155N11933899WA0029800260
B2252364822155N11933899WA0029800260
B2252374822155N11933899WA0029800260
B2252384822155N11933899WA0029800260
B2252394822155N11933899WA0029800260
B2252404822155N11933899WA0029800260
B2252414822155N11933899WA0029800260
B2252424822155N11933899WA0029800260
B2252434822155N11933899WA0029800260
B2252444822155N11933899WA0029800259
B2252454822155N11933899WA0029800259
B2252464822155N11933899WA0029800259
B2252474822155N11933899WA0029800259
B2252484822155N11933899WA0029800259
B2252494822155N11933900WA0029800259
B2252504822155N11933900WA0029800259
B2252514822155N11933900WA0029800259
B2252524822155N11933900WA0029800259
B2252534822155N11933900WA0029800260
B2252544822155N11933900WA0029800260
B2252554822155N11933900WA0029800260
B2252564822155N11933900WA0029800260
B2252574822155N11933900WA0029800260
B2252584822155N11933900WA0029800260
B2252594822155N11933900WA0029800260
B2253004822155N11933900WA0029800260
B2253014822155N11933900WA0029800260
B2253024822155N11933900WA0029800260
B2253034822155N11933900WA0029800260
B2253044822155N11933900WA0029800260
B2253054822155N11933900WA0029800260
B2253064822155N11933900WA0029800260
B2253074822155N11933900WA0029800261
B2253084822155N11933900WA0029800261
B2253094822155N11933900WA0029800261
B2253104822155N11933900WA0029800261
B2253114822155N11933900WA0029800261
B2253124822155N11933900WA0029800261
B2253134822155N11933900WA0029800261
B2253144822155N11933900WA0029800261
B2253154822155N11933900WA0029800261
B2253164822155N11933900WA0029800261
B2253174822155N11933900WA0029800261
B2253184822155N11933900WA0029800261
B2253194822155N11933900WA0029800261
B2253204822155N11933900WA0029800261
B2253214822155N11933900WA0029800261
B2253224822155N11933900WA0029800261
B2253234822155N11933900WA0029800261
B2253244822155N11933900WA0029800261
B2253254822155N11933900WA0029800261
B2253264822155N11933900WA0029800261
B2253274822155N11933900WA0029800261
B2253284822155N11933900WA0029800261
B2253294822155N11933900WA0029800261
B2253304822155N11933900WA0029800261
B2253314822155N11933900WA0029800261
B2253324822155N11933900WA0029800261
B2253334822156N11933899WA0029800261
B2253344822156N11933899WA0029800261
B2253354822156N11933899WA0029800261
B2253364822156N11933899WA0029800261
B2253374822156N11933899WA0029800261
B2253384822156N11933899WA0029800261
B2253394822156N11933899WA0029800261
B2253404822156N11933899WA0029800261
B2253414822156N11933899WA0029800261
B2253424822156N11933899WA0029800261
B2253434822156N11933899WA0029800261
B2253444822156N11933899WA0029800261
B2253454822156N11933899WA0029800261
B2253464822156N11933899WA0029800261
B2253474822156N11933899WA0029800261
B2253484822156N11933899WA0029800261
B2253494822156N11933899WA0029800261
B2253504822156N11933899WA0029800261
B2253514822156N11933899WA0029800261
B2253524822156N11933899WA0029800261
B2253534822156N11933899WA0029800261
B2253544822156N11933899WA0029800261
B2253554822156N11933899WA0029800261
B2253564822156N11933899WA0029800261
B2253574822156N11933899WA0029800261
B2253584822156N11933899WA0029800261
B2253594822156N11933899WA0029800261
B2254004822156N11933899WA0029800262
B2254014822156N11933899WA0029800262
B2254024822156N11933899WA0029800262
B2254034822156N11933899WA0029800262
B2254044822156N11933899WA0029800262
B2254054822156N11933899WA0029800262
B2254064822156N11933899WA0029800262
B2254074822156N11933899WA0029800262
B2254084822156N11933899WA0029800262
B2254094822156N11933899WA0029800262
B2254104822156N11933899WA0029800262
B2254114822156N11933899WA0029800262
B2254124822156N11933899WA0029800262
B2254134822156N11933899WA0029800262
B2254144822156N11933899WA0029800262
B2254154822156N11933899WA0029800262
B2254164822156N11933899WA0029800262
B2254174822156N11933899WA0029800262
B2254184822156N11933899WA0029800262
B2254194822156N11933899WA0029800262
B2254204822156N11933899WA0029800262
B2254214822156N11933899WA0029800262
B2254224822156N11933899WA0029800262
B2254234822156N11933899WA0029800261
B2254244822156N11933899WA0029800261
B2254254822156N11933899WA0029800261
B2254264822156N11933899WA0029800261
B2254274822156N11933899WA0029800261
B2254284822156N11933899WA0029800261
B2254294822156N11933899WA0029800261
B2254304822156N11933899WA0029800261
B2254314822156N11933899WA0029800261
B2254324822156N11933899WA0029800261
B2254334822156N11933899WA0029800261
B2254344822156N11933899WA0029800261
B2254354822156N11933899WA0029800261
B2254364822156N11933899WA0029800261
B2254374822156N11933899WA0029800261
B2254384822156N11933899WA0029800261
B2254394822156N11933899WA0029800261
B2254404822156N11933899WA0029800261
B2254414822156N11933899WA0029800261
B2254424822156N11933899WA0029800261
B2254434822156N11933899WA0029800261
B2254444822156N11933899WA0029800261
B2254454822156N11933899WA0029800261
B2254464822156N11933898WA0029800261
B2254474822156N11933898WA0029800261
B2254484822156N11933898WA0029800261
B2254494822156N11933898WA0029800261
B2254504822156N11933898WA0029800260
B2254514822156N11933898WA0029800260
B2254524822156N11933898WA0029800260
B2254534822156N11933898WA0029800260
B2254544822156N11933898WA0029800260
B2254554822156N11933898WA0029800260
B2254564822156N11933898WA0029800260
B2254574822156N11933898WA0029800260
B2254584822156N11933898WA0029800260
B2254594822156N11933898WA0029800260
B2255004822156N11933898WA0029800260
B2255014822156N11933898WA0029800260
B2255024822156N11933898WA0029800260
B2255034822156N11933898WA0029800260
B2255044822156N11933898WA0029800260
B2255054822156N11933898WA0029800260
B2255064822156N11933898WA0029800260
B2255074822156N11933898WA0029800260
B2255084822156N11933898WA0029800260
B2255094822156N11933898WA0029800260
B2255104822156N11933898WA0029800260
B2255114822156N11933898WA0029800259
B2255124822156N11933898WA0029800259
B2255134822156N11933898WA0029800259
B2255144822156N11933898WA0029800259
B2255154822156N11933898WA0029800259
B2255164822156N11933898WA0029800260
B2255174822156N11933898WA0029800259
B2255184822156N11933898WA0029800259
B2255194822156N11933898WA0029800259
B2255204822156N11933898WA0029800259
B2255214822156N11933898WA0029800259
B2255224822156N11933898WA0029800259
B2255234822156N11933898WA0029800259
B2255244822156N11933898WA0029800259
B2255254822156N11933898WA0029800259
B2255264822156N11933898WA0029800259
B2255274822156N11933898WA0029800259
B2255284822155N11933898WA0029800259
B2255294822155N11933898WA0029800259
B2255304822155N11933898WA0029800259
B2255314822155N11933898WA0029800259
B2255324822155N11933898WA0029800259
B2255334822155N11933899WA0029800259
B2255344822155N11933899WA0029800259
B2255354822155N11933899WA0029800259
B2255364822155N11933899WA0029800259
B2255374822155N11933899WA0029800260
B2255384822155N11933899WA0029800260
B2255394822155N11933899WA0029800260
B2255404822156N11933899WA0029800260
B2255414822156N11933899WA0029800260
B2255424822156N11933899WA0029800260
B2255434822156N11933899WA0029800260
B2255444822156N11933899WA0029800260
B2255454822156N11933899WA0029800260
B2255464822156N11933899WA0029800260
B2255474822156N11933899WA0029800260
B2255484822156N11933899WA0029800260
B2255494822156N11933899WA0029800260
B2255504822156N11933899WA0029800260
B2255514822156N11933899WA0029800260
B2255524822156N11933899WA0029800260
B2255534822156N11933899WA0029800260
B2255544822156N11933899WA0029800260
B2255554822156N11933899WA0029800260
B2255564822156N11933899WA0029800260
B2255574822156N11933898WA0029800260
B2255584822156N11933898WA0029800260
B2255594822156N11933898WA0029800259
B2256004822156N11933898WA0029800259
B2256014822156N11933898WA0029800259
B2256024822156N11933898WA0029800259
B2256034822156N11933898WA0029800259
B2256044822156N11933898WA0029800259
B2256054822156N11933898WA0029800259
B2256064822156N11933898WA0029800259
B2256074822156N11933898WA0029800259
B2256084822156N11933898WA0029800258
B2256094822156N11933898WA0029800258
B2256104822156N11933898WA0029800258
B2256114822156N11933898WA0029800258
B2256124822156N11933898WA0029800258
B2256134822156N11933898WA0029800258
B2256144822156N11933898WA0029800258
B2256154822156N11933898WA0029800258
B2256164822156N11933898WA0029800258
B2256174822156N11933898WA0029800258
B2256184822156N11933898WA0029800258
B2256194822156N11933897WA0029800258
B2256204822156N11933897WA0029800258
B2256214822156N11933897WA0029800258
B2256224822156N11933897WA0029800258
B2256234822156N11933897WA0029800258
B2256244822156N11933897WA0029800258
B2256254822156N11933897WA0029800258
B2256264822156N11933897WA0029800258
B2256274822156N11933897WA0029800258
B2256284822156N11933898WA0029800258
B2256294822157N11933898WA0029800258
B2256304822157N11933898WA0029800259
B2256314822157N11933898WA0029800259
B2256324822157N11933898WA0029800259
B2256334822157N11933898WA0029800259
B2256344822157N11933898WA0029800259
B2256354822157N11933898WA0029800259
B2256364822157N11933898WA0029800259
B2256374822157N11933898WA0029800259
B2256384822157N11933898WA0029800259
B2256394822157N11933898WA0029800259
B2256404822157N11933898WA0029800259
B2256414822157N11933898WA0029800259
B2256424822157N11933898WA0029800259
B2256434822157N11933898WA0029800260
B2256444822157N11933898WA0029800260
B2256454822157N11933898WA0029800260
B2256464822157N11933898WA0029800260
B2256474822157N11933898WA0029800260
B2256484822157N11933898WA0029800260
B2256494822157N11933898WA0029800260
B2256504822157N11933898WA0029800260
B2256514822157N11933898WA0029800260
B2256524822157N11933898WA0029800260
B2256534822157N11933898WA0029800260
B2256544822157N11933898WA0029800260
B2256554822157N11933898WA0029800260
B2256564822157N11933898WA0029800259
B2256574822157N11933898WA0029800259
B2256584822157N11933898WA0029800260
B2256594822157N11933898WA0029800260
B2257004822157N11933898WA0029800260
B2257014822158N11933898WA0029800260
B2257024822158N11933898WA0029800260
B2257034822158N11933898WA0029800259
B2257044822158N11933898WA0029800259
B2257054822158N11933898WA0029800259
B2257064822158N11933898WA0029800259
B2257074822158N11933898WA0029800259
B2257084822158N11933898WA0029800260
B2257094822158N11933898WA0029800260
B2257104822158N11933898WA0029800260
B2257114822157N11933898WA0029800260
B2257124822157N11933898WA0029800259
B2257134822157N11933898WA0029800259
B2257144822158N11933898WA0029800260
B2257154822157N11933898WA0029800260
B2257164822157N11933898WA0029800260
B2257174822157N11933899WA0029800260
B2257184822157N11933899WA0029800260
B2257194822157N11933899WA0029800260
B2257204822157N11933899WA0029800260
B2257214822157N11933899WA0029800260
B2257224822157N11933899WA0029800260
B2257234822157N11933899WA0029800260
B2257244822157N11933899WA0029800260
B2257254822157N11933899WA0029800260
B2257264822157N11933899WA0029800260
B2257274822157N11933899WA0029800260
B2257284822157N11933899WA0029800260
B2257294822157N11933899WA0029800260
B2257304822157N11933900WA0029800260
B2257314822157N11933900WA0029800260
B2257324822157N11933900WA0029800260
B2257334822157N11933900WA0029800260
B2257344822157N11933900WA0029800260
B2257354822157N11933900WA0029800260
B2257364822157N11933900WA0029800260
B2257374822157N11933900WA0029800260
B2257384822157N11933900WA0029800260
B2257394822157N11933900WA0029800260
B2257404822157N11933900WA0029800260
B2257414822157N11933900WA0029800260
B2257424822157N11933900WA0029800260
B2257434822157N11933899WA0029800260
B2257444822157N11933899WA0029800261
B2257454822157N11933899WA0029800261
B2257464822157N11933899WA0029800261
B2257474822157N11933899WA0029800261
B2257484822157N11933899WA0029800261
B2257494822157N11933899WA0029800261
B2257504822157N11933899WA0029800261
B2257514822157N11933899WA0029800261
B2257524822157N11933899WA0029800262
B2257534822157N11933899WA0029800261
B2257544822157N11933899WA0029800261
B2257554822157N11933899WA0029800261
B2257564822157N11933899WA0029800261
B2257574822157N11933899WA0029800261
B2257584822157N11933899WA0029800261
B2257594822157N11933899WA0029800261
B2258004822157N11933899WA0029800261
B2258014822157N11933899WA0029800261
B2258024822157N11933899WA0029800261
B2258034822157N11933899WA0029800261
B2258044822157N11933899WA0029800262
B2258054822157N11933899WA0029800262
B2258064822157N11933899WA0029800262
B2258074822157N11933899WA0029800262
B2258084822157N11933899WA0029800262
B2258094822157N11933899WA0029800262
B2258104822157N11933899WA0029800262
B2258114822157N11933899WA0029800262
B2258124822157N11933899WA0029800262
B2258134822157N11933899WA0029800261
B2258144822157N11933899WA0029800261
B2258154822157N11933899WA0029800261
B2258164822157N11933899WA0029800261
B2258174822157N11933899WA0029800261
B2258184822157N11933899WA0029800261
B2258194822157N11933899WA0029800261
B2258204822157N11933899WA0029800261
B2258214822157N11933899WA0029800261
B2258224822157N11933899WA0029800262
B2258234822157N11933899WA0029800262
B2258244822157N11933899WA0029800262
B2258254822157N11933899WA0029800262
B2258264822157N11933899WA0029800261
B2258274822157N11933899WA0029800261
B2258284822157N11933899WA0029800261
B2258294822157N11933899WA0029800261
B2258304822157N11933899WA0029800261
B2258314822157N11933899WA0029800261
B2258324822157N11933899WA0029800261
B2258334822157N11933899WA0029800261
B2258344822157N11933899WA0029800261
B2258354822157N11933899WA0029800261
B2258364822157N11933899WA0029800261
B2258374822157N11933899WA0029800261
B2258384822157N11933899WA0029800261
B2258394822157N11933899WA0029800261
B2258404822157N11933899WA0029800261
B2258414822157N11933899WA0029800261
B2258424822157N11933899WA0029800261
B2258434822157N11933899WA0029800261
B2258444822157N11933899WA0029800261
B2258454822157N11933899WA0029800261
B2258464822157N11933899WA0029800262
B2258474822157N11933899WA0029800262
B2258484822157N11933899WA0029800262
B2258494822157N11933899WA0029800262
B2258504822157N11933900WA0029800262
B2258514822157N11933900WA0029800262
B2258524822157N11933900WA0029800262
B2258534822157N11933899WA0029800262
B2258544822157N11933899WA0029800262
B2258554822157N11933899WA0029800262
B2258564822157N11933899WA0029800262
B2258574822157N11933899WA0029800262
B2258584822157N11933899WA0029800262
B2258594822157N11933899WA0029800262
B2259004822157N11933899WA0029800262
B2259014822157N11933899WA0029800262
B2259024822157N11933899WA0029800262
B2259034822156N11933899WA0029800262
B2259044822156N11933899WA0029800262
B2259054822156N11933899WA0029800262
B2259064822156N11933899WA0029800262
B2259074822156N11933899WA0029800262
B2259084822156N11933899WA0029800262
B2259094822156N11933899WA0029800262
B2259104822156N11933899WA0029800262
B2259114822156N11933899WA0029800261
B2259124822156N11933899WA0029800261
B2259134822156N11933899WA0029800261
B2259144822156N11933899WA0029800261
B2259154822156N11933899WA0029800261
B2259164822156N11933899WA0029800261
B2259174822156N11933899WA0029800261
B2259184822156N11933899WA0029800261
B2259194822156N11933899WA0029800261
B2259204822156N11933899WA0029800261
B2259214822156N11933899WA0029800261
B2259224822156N11933899WA0029800261
B2259234822156N11933899WA0029800261
B2259244822156N11933899WA0029800261
B2259254822156N11933899WA0029800262
B2259264822156N11933899WA0029800261
B2259274822156N11933899WA0029800261
B2259284822156N11933899WA0029800261
B2259294822156N11933899WA0029800261
B2259304822156N11933899WA0029800261
B2259314822156N11933899WA0029800261
B2259324822156N11933899WA0029800261
B2259334822156N11933899WA0029800261
B2259344822156N11933899WA0029800261
B2259354822156N11933899WA0029800261
B2259364822156N11933899WA0029800261
B2259374822156N11933899WA0029800261
B2259384822156N11933899WA0029800261
B2259394822156N11933899WA0029800261
B2259404822156N11933899WA0029800261
B2259414822156N11933899WA0029800261
B2259424822156N11933899WA0029800261
B2259434822156N11933899WA0029800261
B2259444822156N11933899WA0029800261
B2259454822156N11933899WA0029800260
B2259464822156N11933899WA0029800260
B2259474822156N11933899WA0029800260
B2259484822156N11933899WA0029800260
B2259494822156N11933899WA0029800260
B2259504822156N11933899WA0029800260
B2259514822156N11933899WA0029800260
B2259524822156N11933899WA0029800260
B2259534822156N11933899WA0029800260
B2259544822156N11933899WA0029800260
B2259554822156N11933899WA0029800260
B2259564822156N11933899WA0029800260
B2259574822156N11933899WA0029800260
B2259584822156N11933899WA0029800260
B2259594822156N11933899WA0029800260
B2300004822155N11933899WA0029800260
B2300014822156N11933899WA0029800260
B2300024822155N11933899WA0029800260
B2300034822156N11933899WA0029800260
B2300044822156N11933899WA0029800259
B2300054822156N11933899WA0029800259
B2300064822156N11933899WA0029800259
B2300074822156N11933899WA0029800260
B2300084822156N11933899WA0029800259
B2300094822155N11933899WA0029800259
B2300104822155N11933899WA0029800259
B2300114822155N11933899WA0029800259
B2300124822155N11933899WA0029800259
B2300134822156N11933899WA0029800259
B2300144822155N11933899WA0029800259
B2300154822156N11933899WA0029800259
B2300164822156N11933899WA0029800259
B2300174822156N11933899WA0029800259
B2300184822156N11933899WA0029800259
B2300194822156N11933899WA0029800259
B2300204822155N11933899WA0029800259
B2300214822156N11933899WA0029800259
B2300224822156N11933899WA0029800259
B2300234822156N11933899WA0029800259
B2300244822155N11933899WA0029800259
B2300254822155N11933899WA0029800259
B2300264822155N11933899WA0029800259
B2300274822156N11933899WA0029800259
B2300284822156N11933899WA0029800260
B2300294822156N11933899WA0029800260
B2300304822156N11933899WA0029800260
B2300314822156N11933899WA0029800260
B2300324822156N11933899WA0029800260
B2300334822156N11933899WA0029800260
B2300344822156N11933899WA0029800260
B2300354822156N11933899WA0029800260
B2300364822156N11933899WA0029800260
B2300374822156N11933899WA0029800260
B2300384822156N11933899WA0029800260
B2300394822156N11933899WA0029800260
B2300404822156N11933899WA0029800260
B2300414822156N11933899WA0029800260
B2300424822156N11933899WA0029800260
B2300434822156N11933899WA0029800261
B2300444822156N11933899WA0029800261
B2300454822156N11933899WA0029800261
B2300464822156N11933899WA0029800261
B2300474822156N11933899WA0029800261
B2300484822156N11933899WA0029800261
B2300494822156N11933899WA0029800261
B2300504822156N11933899WA0029800261
B2300514822156N11933899WA0029800261
B2300524822156N11933899WA0029800261
B2300534822156N11933899WA0029800262
B2300544822156N11933899WA0029800262
B2300554822156N11933899WA0029800262
B2300564822156N11933899WA0029800262
B2300574822156N11933899WA0029800262
B2300584822156N11933899WA0029800262
B2300594822156N11933899WA0029800262
B2301004822156N11933899WA0029800262
B2301014822156N11933899WA0029800262
B2301024822156N11933899WA0029800262
B2301034822156N11933899WA0029800262
B2301044822156N11933899WA0029800263
B2301054822156N11933899WA0029800263
B2301064822156N11933899WA0029800263
B2301074822156N11933899WA0029800263
B2301084822156N11933899WA0029800263
B2301094822156N11933899WA0029800263
B2301104822156N11933899WA0029800263
B2301114822156N11933899WA0029800263
B2301124822156N11933899WA0029800263
B2301134822156N11933899WA0029800263
B2301144822156N11933899WA0029800263
B2301154822156N11933899WA0029800263
B2301164822156N11933899WA0029800263
B2301174822156N11933899WA0029800263
B2301184822156N11933899WA0029800263
B2301194822156N11933899WA0029800263
B2301204822156N11933899WA0029800263
B2301214822156N11933899WA0029800263
B2301224822156N11933899WA0029800263
B2301234822156N11933899WA0029800263
B2301244822156N11933899WA0029800263
B2301254822156N11933899WA0029800263
B2301264822156N11933899WA0029800263
B2301274822156N11933899WA0029800263
B2301284822156N11933899WA0029800263
B2301294822156N11933899WA0029800263
B2301304822156N11933898WA0029800263
B2301314822156N11933898WA0029800263
B2301324822156N11933898WA0029800263
B2301334822156N11933898WA0029800263
B2301344822156N11933898WA0029800263
B2301354822156N11933898WA0029800263
B2301364822156N11933898WA0029800263
B2301374822156N11933898WA0029800263
B2301384822156N11933898WA0029800263
B2301394822156N11933898WA0029800262
B2301404822156N11933898WA0029800262
B2301414822156N11933898WA0029800262
B2301424822156N11933898WA0029800262
B2301434822156N11933898WA0029800262
B2301444822156N11933898WA0029800262
B2301454822156N11933898WA0029800262
B2301464822156N11933898WA0029800262
B2301474822156N11933898WA0029800262
B2301484822156N11933898WA0029800262
B2301494822156N11933898WA0029800262
B2301504822156N11933898WA0029800261
B2301514822156N11933898WA0029800261
B2301524822156N11933898WA0029800261
B2301534822156N11933898WA0029800261
B2301544822156N11933898WA0029800261
B2301554822156N11933898WA0029800261
B2301564822156N11933898WA0029800262
B2301574822156N11933898WA0029800262
B2301584822156N11933898WA0029800262
B2301594822156N11933898WA0029800262
B2302004822156N11933898WA0029800262
B2302014822156N11933898WA0029800262
B2302024822156N11933898WA0029800262
B2302034822156N11933898WA0029800262
B2302044822156N11933898WA0029800262
B2302054822156N11933898WA0029800262
B2302064822156N11933898WA0029800262
B2302074822156N11933898WA0029800262
B2302084822156N11933898WA0029800262
B2302094822156N11933898WA0029800262
B2302104822156N11933898WA0029800262
B2302114822156N11933898WA0029800262
B2302124822156N11933898WA0029800262
B2302134822156N11933898WA0029800262
B2302144822156N11933898WA0029800262
B2302154822156N11933898WA0029800262
B2302164822156N11933898WA0029800262
B2302174822156N11933898WA0029800262
B2302184822156N11933898WA0029800262
B2302194822156N11933898WA0029800262
B2302204822156N11933898WA0029800262
B2302214822156N11933898WA0029800262
B2302224822156N11933898WA0029800262
B2302234822156N11933898WA0029800262
B2302244822156N11933899WA0029800262
B2302254822156N11933899WA0029800262
B2302264822156N11933899WA0029800262
B2302274822156N11933899WA0029800262
B2302284822156N11933899WA0029800262
B2302294822156N11933899WA0029800262
B2302304822156N11933899WA0029800262
B2302314822156N11933899WA0029800262
B2302324822156N11933899WA0029800262
B2302334822156N11933899WA0029800262
B2302344822156N11933899WA0029800263
B2302354822156N11933899WA0029800263
B2302364822156N11933899WA0029800263
B2302374822156N11933899WA0029800263
B2302384822156N11933899WA0029800263
B2302394822156N11933899WA0029800263
B2302404822156N11933899WA0029800263
B2302414822156N11933899WA0029800263
B2302424822156N11933899WA0029800263
B2302434822156N11933899WA0029800263
B2302444822156N11933899WA0029800263
B2302454822156N11933899WA0029800263
B2302464822156N11933899WA0029800263
B2302474822156N11933899WA0029800263
B2302484822156N11933899WA0029800263
B2302494822156N11933899WA0029800263
B2302504822156N11933899WA0029800263
B2302514822156N11933899WA0029800263
B2302524822156N11933899WA0029800263
B2302534822156N11933899WA0029800263
B2302544822156N11933899WA0029800263
B2302554822156N11933899WA0029800263
B2302564822156N11933899WA0029800263
B2302574822156N11933899WA0029800263
B2302584822156N11933899WA0029800263
B2302594822156N11933899WA0029800263
B2303004822156N11933899WA0029800263
B2303014822156N11933899WA0029800263
B2303024822156N11933899WA0029800263
B2303034822156N11933899WA0029800263
B2303044822156N11933899WA0029800263
B2303054822156N11933899WA0029800263
B2303064822156N11933899WA0029800263
B2303074822156N11933899WA0029800263
B2303084822156N11933899WA0029800263
B2303094822156N11933899WA0029800263
B2303104822156N11933899WA0029800263
B2303114822156N11933899WA0029800263
B2303124822156N11933899WA0029800263
B2303134822156N11933899WA0029800263
B2303144822156N11933899WA0029800263
B2303154822157N11933899WA0029800263
B2303164822157N11933899WA0029800263
B2303174822156N11933899WA0029800263
B2303184822156N11933899WA0029800263
B2303194822156N11933899WA0029800263
B2303204822156N11933899WA0029800263
B2303214822156N11933899WA0029800263
B2303224822157N11933899WA0029800263
B2303234822157N11933899WA0029800263
B2303244822157N11933899WA0029800263
B2303254822157N11933899WA0029800263
B2303264822157N11933899WA0029800263
B2303274822157N11933899WA0029800263
B2303284822157N11933899WA0029800263
B2303294822157N11933899WA0029800263
B2303304822157N11933899WA0029800263
B2303314822156N11933899WA0029800263
B2303324822156N11933899WA0029800263
B2303334822157N11933898WA0029800264
B2303344822157N11933897WA0029800264
B2303354822157N11933896WA0029800264
B2303364822157N11933895WA0029800264
B2303374822156N11933894WA0029800264
B2303384822156N11933894WA0029800264
B2303394822155N11933893WA0029800264
B2303404822155N11933892WA0029800264
B2303414822155N11933891WA0029800264
B2303424822154N11933890WA0029900264
B2303434822154N11933889WA0029900263
B2303444822154N11933889WA0029900263
B2303454822154N11933889WA0029900263
B2303464822154N11933889WA0029900263
B2303474822154N11933889WA0029900263
B2303484822154N11933888WA0029900263
B2303494822154N11933888WA0029900263
B2303504822153N11933888WA0029900262
B2303514822153N11933888WA0029900262
B2303524822153N11933888WA0029900262
B2303534822153N11933888WA0029900261
B2303544822153N11933888WA0029900261
B2303554822153N11933888WA0029900262
B2303564822153N11933888WA0029900262
B2303574822153N11933888WA0029900262
B2303584822153N11933888WA0029900262
B2303594822153N11933888WA0029900262
B2304004822153N11933888WA0029900262
B2304014822153N11933888WA0029900261
B2304024822153N11933888WA0029900261
B2304034822153N11933888WA0029900261
B2304044822153N11933888WA0029900262
B2304054822153N11933888WA0029900262
B2304064822153N11933888WA0029900262
B2304074822153N11933888WA0029900263
B2304084822153N11933888WA0029900263
B2304094822153N11933888WA0029900263
B2304104822153N11933888WA0029900263
B2304114822153N11933888WA0029900263
B2304124822153N11933888WA0029900263
B2304134822153N11933888WA0029900262
B2304144822153N11933888WA0029900262
B2304154822153N11933888WA0029900262
B2304164822153N11933888WA0029900262
B2304174822153N11933888WA0029900262
B2304184822153N11933888WA0029900262
B2304194822153N11933888WA0029900262
B2304204822153N11933888WA0029900261
B2304214822153N11933888WA0029900261
B2304224822153N11933888WA0029900261
B2304234822153N11933888WA0029900260
B2304244822153N11933888WA0029900260
B2304254822153N11933888WA0029900261
B2304264822153N11933888WA0029900260
B2304274822153N11933888WA0029900260
B2304284822153N11933888WA0029900260
B2304294822153N11933888WA0029900260
B2304304822153N11933888WA0029900259
B2304314822153N11933888WA0029900259
B2304324822153N11933887WA0029900258
B2304334822153N11933887WA0029900258
B2304344822153N11933887WA0029900258
B2304354822153N11933887WA0029900258
B2304364822153N11933887WA0029900257
B2304374822153N11933887WA0029900257
B2304384822153N11933887WA0029900257
B2304394822153N11933887WA0029900257
B2304404822153N11933887WA0029900257
B2304414822153N11933887WA0029900257
B2304424822153N11933887WA0029900257
B2304434822153N11933887WA0029900257
B2304444822153N11933887WA0029900257
B2304454822153N11933887WA0029900257
B2304464822153N11933887WA0029900257
B2304474822153N11933887WA0029900257
B2304484822153N11933887WA0029900257
B2304494822153N11933886WA0029900257
B2304504822153N11933886WA0029900258
B2304514822153N11933886WA0029900258
B2304524822153N11933886WA0029900258
B2304534822153N11933887WA0029900258
B2304544822153N11933886WA0029900258
B2304554822153N11933886WA0029900258
B2304564822153N11933886WA0029900259
B2304574822153N11933886WA0029900259
B2304584822153N11933886WA0029900259
B2304594822153N11933886WA0029900259
B2305004822153N11933886WA0029900259
B2305014822153N11933886WA0029900259
B2305024822153N11933886WA0029900258
B2305034822153N11933886WA0029900258
B2305044822153N11933887WA0029900258
B2305054822153N11933886WA0029900259
B2305064822153N11933886WA0029900259
B2305074822153N11933886WA0029900259
B2305084822153N11933886WA0029900259
B2305094822153N11933887WA0029900259
B2305104822153N11933887WA0029900259
B2305114822153N11933887WA0029900259
B2305124822153N11933887WA0029900259
B2305134822153N11933887WA0029900259
B2305144822153N11933887WA0029900259
B2305154822153N11933886WA0029900259
B2305164822153N11933887WA0029900258
B2305174822153N11933887WA0029900259
B2305184822153N11933886WA0029900259
B2305194822153N11933886WA0029900259
B2305204822154N11933886WA0029900259
B2305214822154N11933886WA0029900259
B2305224822153N11933886WA0029900259
B2305234822154N11933886WA0029900260
B2305244822154N11933886WA0029900260
B2305254822154N11933886WA0029900260
B2305264822154N11933886WA0029900260
B2305274822154N11933886WA0029900260
B2305284822154N11933886WA0029900260
B2305294822154N11933886WA0029900260
B2305304822154N11933886WA0029900260
B2305314822154N11933886WA0029900260
B2305324822154N11933886WA0029900260
B2305334822154N11933886WA0029900260
B2305344822154N11933886WA0029900260
B2305354822154N11933886WA0029900260
B2305364822154N11933886WA0029900260
B2305374822154N11933886WA0029900260
B2305384822154N11933886WA0029900260
B2305394822154N11933886WA0029900260
B2305404822154N11933886WA0029900260
B2305414822154N11933886WA0029900260
B2305424822154N11933886WA0029900259
B2305434822154N11933886WA0029900259
B2305444822155N11933886WA0029900259
B2305454822155N11933886WA0029900259
B2305464822155N11933885WA0029900259
B2305474822155N11933884WA0029900259
B2305484822155N11933883WA0029900259
B2305494822156N11933883WA0029900259
B2305504822156N11933883WA0029900259
B2305514822155N11933884WA0029900259
B2305524822155N11933885WA0029900259
B2305534822154N11933885WA0029900259
B2305544822153N11933886WA0029900260
B2305554822151N11933886WA0029900260
B2305564822150N11933885WA0029900260
B2305574822148N11933883WA0029900260
B2305584822147N11933882WA0029900260
B2305594822146N11933881WA0029900260
B2306004822145N11933880WA0029900260
B2306014822144N11933878WA0029900260
B2306024822143N11933878WA0029900260
B2306034822142N11933877WA0029900260
B2306044822140N11933876WA0029900260
B2306054822140N11933875WA0029900259
B2306064822140N11933875WA0029900259
B2306074822140N11933875WA0029900259
B2306084822140N11933875WA0029900258
B2306094822140N11933875WA0029900259
B2306104822139N11933875WA0029900258
B2306114822138N11933875WA0029900258
B2306124822137N11933875WA0029900258
B2306134822135N11933876WA0029900257
B2306144822133N11933878WA0029900257
B2306154822130N11933882WA0030000257
B2306164822128N11933886WA0030000256
B2306174822125N11933892WA0030000256
B2306184822123N11933897WA0030000256
B2306194822120N11933903WA0030000255
B2306204822116N11933910WA0030000255
B2306214822113N11933916WA0030000255
B2306224822110N11933923WA0030000255
B2306234822106N11933930WA0029900255
B2306244822103N11933937WA0029900254
B2306254822099N11933944WA0029900255
B2306264822095N11933951WA0029900254
B2306274822092N11933958WA0029900254
B2306284822088N11933965WA0029900254
B2306294822085N11933972WA0029900254
B2306304822082N11933978WA0029900253
B2306314822079N11933984WA0029800253
B2306324822076N11933989WA0029800253
B2306334822074N11933994WA0029800253
B2306344822072N11933999WA0029800252
B2306354822069N11934004WA0029800252
B2306364822067N11934009WA0029800252
B2306374822065N11934014WA0029800252
B2306384822063N11934018WA0029700252
B2306394822060N11934023WA0029700252
B2306404822058N11934026WA0029700252
B2306414822056N11934029WA0029700253
B2306424822053N11934031WA0029700252
B2306434822050N11934032WA0029700252
B2306444822048N11934031WA0029700252
B2306454822045N11934028WA0029600252
B2306464822044N11934025WA0029600253
B2306474822043N11934021WA0029600253
B2306484822043N11934016WA0029600254
B2306494822043N11934011WA0029600254
B2306504822043N11934005WA0029600255
B2306514822043N11933999WA0029600255
B2306524822043N11933992WA0029700256
B2306534822044N11933985WA0029700257
B2306544822044N11933978WA0029700257
B2306554822045N11933970WA0029700258
B2306564822046N11933962WA0029800259
B2306574822046N11933955WA0029800260
B2306584822046N11933947WA0029900261
B2306594822047N11933940WA0029900262
B2307004822046N11933934WA0030000262
B2307014822046N11933928WA0030000262
B2307024822045N11933923WA0030000263
B2307034822043N11933919WA0030100263
B2307044822041N11933916WA0030100264
B2307054822039N11933914WA0030200264
B2307064822037N11933913WA0030200264
B2307074822037N11933913WA0030300264
B2307084822036N11933912WA0030300264
B2307094822037N11933912WA0030300265
B2307104822037N11933912WA0030300265
B2307114822037N11933912WA0030400264
B2307124822037N11933912WA0030400265
B2307134822037N11933912WA0030400265
B2307144822037N11933912WA0030400265
B2307154822037N11933912WA0030400265
B2307164822037N11933912WA0030400265
B2307174822036N11933912WA0030400265
B2307184822035N11933912WA0030400265
B2307194822033N11933912WA0030500265
B2307204822030N11933914WA0030500264
B2307214822027N11933917WA0030500264
B2307224822024N11933921WA0030500264
B2307234822020N11933927WA0030500264
B2307244822016N11933934WA0030500264
B2307254822012N11933941WA0030600263
B2307264822007N11933950WA0030600263
B2307274822002N11933958WA0030600262
B2307284821997N11933967WA0030600262
B2307294821991N11933977WA0030600261
B2307304821985N11933988WA0030700261
B2307314821979N11933999WA0030700261
B2307324821973N11934010WA0030700261
B2307334821966N11934022WA0030700261
B2307344821959N11934034WA0030800261
B2307354821953N11934046WA0030800261
B2307364821945N11934058WA0030800261
B2307374821938N11934071WA0030900262
B2307384821931N11934083WA0030900262
B2307394821923N11934097WA0030900262
B2307404821916N11934110WA0030900262
B2307414821908N11934123WA0030900262
B2307424821900N11934137WA0031000262
B2307434821892N11934151WA0031000262
B2307444821884N11934166WA0031000262
B2307454821876N11934181WA0031000262
B2307464821867N11934195WA0031100262
B2307474821858N11934211WA0031100263
B2307484821849N11934226WA0031100263
B2307494821841N11934242WA0031100263
B2307504821832N11934257WA0031100263
B2307514821822N11934273WA0031200263
B2307524821813N11934289WA0031200263
B2307534821804N11934305WA0031200263
B2307544821795N11934321WA0031200263
B2307554821786N11934337WA0031200263
B2307564821777N11934353WA0031300263
B2307574821768N11934369WA0031300263
B2307584821758N11934385WA0031300263
B2307594821749N11934401WA0031300263
B2308004821740N11934416WA0031300262
B2308014821730N11934432WA0031300263
B2308024821720N11934447WA0031300262
B2308034821710N11934462WA0031300263
B2308044821700N11934478WA0031300263
B2308054821690N11934493WA0031300263
B2308064821680N11934507WA0031300263
B2308074821669N11934522WA0031400263
B2308084821659N11934536WA0031400264
B2308094821649N11934551WA0031300264
B2308104821639N11934565WA0031300264
B2308114821628N11934579WA0031300264
B2308124821618N11934592WA0031300265
B2308134821609N11934606WA0031300265
B2308144821599N11934620WA0031300265
B2308154821589N11934633WA0031300266
B2308164821580N11934646WA0031300266
B2308174821570N11934659WA0031300266
B2308184821561N11934672WA0031300267
B2308194821552N11934685WA0031300267
B2308204821542N11934698WA0031300267
B2308214821533N11934711WA0031300267
B2308224821524N11934724WA0031300268
B2308234821515N11934736WA0031300268
B2308244821506N11934749WA0031300268
B2308254821497N11934762WA0031300268
B2308264821488N11934775WA0031300269
B2308274821479N11934788WA0031300269
B2308284821470N11934800WA0031300269
B2308294821461N11934813WA0031300269
B2308304821452N11934826WA0031300269
B2308314821443N11934838WA0031300269
B2308324821433N11934851WA0031300269
B2308334821424N11934864WA0031300269
B2308344821415N11934877WA0031300269
B2308354821405N11934890WA0031300269
B2308364821396N11934903WA0031300268
B2308374821386N11934916WA0031300269
B2308384821376N11934929WA0031300269
B2308394821366N11934941WA0031400269
B2308404821357N11934954WA0031400269
B2308414821347N11934967WA0031400269
B2308424821337N11934981WA0031400269
B2308434821327N11934994WA0031400269
B2308444821317N11935007WA0031400269
B2308454821307N11935020WA0031400269
B2308464821296N11935034WA0031400269
B2308474821286N11935047WA0031400269
B2308484821275N11935061WA0031400269
B2308494821265N11935075WA0031400269
B2308504821254N11935088WA0031400268
B2308514821244N11935103WA0031300268
B2308524821233N11935117WA0031400269
B2308534821222N11935131WA0031400269
B2308544821211N11935146WA0031400269
B2308554821201N11935159WA0031400269
B2308564821190N11935173WA0031400269
B2308574821180N11935186WA0031400269
B2308584821170N11935200WA0031300269
B2308594821159N11935213WA0031300269
B2309004821149N11935227WA0031300269
B2309014821139N11935240WA0031300269
B2309024821129N11935254WA0031300268
B2309034821118N11935268WA0031300268
B2309044821108N11935281WA0031300268
B2309054821098N11935294WA0031300268
B2309064821088N11935307WA0031200268
B2309074821079N11935320WA0031200268
B2309084821069N11935332WA0031200268
B2309094821060N11935345WA0031200268
B2309104821051N11935358WA0031200268
B2309114821042N11935369WA0031200268
B2309124821034N11935380WA0031100268
B2309134821026N11935391WA0031100268
B2309144821018N11935401WA0031100268
B2309154821012N11935410WA0031000268
B2309164821005N11935419WA0031000268
B2309174821000N11935426WA0031000267
B2309184820995N11935433WA0030900268
B2309194820990N11935440WA0030900268
B2309204820987N11935446WA0030900267
B2309214820985N11935452WA0030800267
B2309224820984N11935459WA0030800267
B2309234820983N11935465WA0030800266
B2309244820984N11935471WA0030700265
B2309254820987N11935477WA0030700265
B2309264820990N11935483WA0030700264
B2309274820995N11935487WA0030700264
B2309284821000N11935492WA0030700264
B2309294821006N11935496WA0030700263
B2309304821013N11935501WA0030700263
B2309314821020N11935507WA0030700264
B2309324821028N11935512WA0030700264
B2309334821036N11935517WA0030700264
B2309344821044N11935522WA0030700264
B2309354821053N11935527WA0030700264
B2309364821062N11935532WA0030700263
B2309374821070N11935537WA0030600263
B2309384821079N11935542WA0030600262
B2309394821088N11935547WA0030600261
B2309404821096N11935552WA0030600260
B2309414821105N11935557WA0030500259
B2309424821114N11935562WA0030500258
B2309434821124N11935567WA0030400257
B2309444821133N11935572WA0030400257
B2309454821142N11935577WA0030300256
B2309464821151N11935583WA0030300255
B2309474821160N11935588WA0030200254
B2309484821170N11935593WA0030200254
B2309494821179N11935598WA0030100253
B2309504821188N11935604WA0030000251
B2309514821197N11935609WA0030000251
B2309524821207N11935614WA0029900250
B2309534821216N11935620WA0029800249
B2309544821225N11935625WA0029800249
B2309554821235N11935630WA0029700247
B2309564821244N11935635WA0029600246
B2309574821253N11935641WA0029500245
B2309584821262N11935646WA0029500245
B2309594821271N11935651WA0029400245
B2310004821279N11935656WA0029400245
B2310014821288N11935660WA0029300245
B2310024821296N11935665WA0029300246
B2310034821303N11935669WA0029200246
B2310044821310N11935673WA0029200246
B2310054821316N11935676WA0029200246
B2310064821322N11935679WA0029100246
B2310074821326N11935681WA0029100247
B2310084821330N11935683WA0029100247
B2310094821333N11935685WA0029000248
B2310104821336N11935687WA0029000248
B2310114821339N11935688WA0029000248
B2310124821341N11935688WA0029000248
B2310134821343N11935689WA0028900249
B2310144821345N11935690WA0028900249
B2310154821347N11935691WA0028900250
B2310164821349N11935692WA0028900250
B2310174821350N11935693WA0028900250
B2310184821352N11935693WA0028900250
B2310194821353N11935693WA0028900250
B2310204821354N11935693WA0028900251
B2310214821355N11935693WA0028800250
B2310224821356N11935692WA0028800250
B2310234821356N11935692WA0028800250
B2310244821356N11935692WA0028800250
B2310254821356N11935692WA0028800250
B2310264821356N11935692WA0028800250
B2310274821356N11935692WA0028800250
B2310284821356N11935692WA0028800250
B2310294821356N11935692WA0028800250
B2310304821356N11935692WA0028800250
B2310314821355N11935692WA0028800250
B2310324821355N11935692WA0028800250
B2310334821355N11935692WA0028800250
B2310344821355N11935692WA0028800250
B2310354821355N11935692WA0028800250
B2310364821355N11935692WA0028800250
B2310374821355N11935692WA0028800249
B2310384821355N11935692WA0028800250
B2310394821355N11935692WA0028800249
B2310404821355N11935692WA0028800249
B2310414821355N11935692WA0028800249
B2310424821355N11935692WA0028800249
B2310434821355N11935692WA0028800249
B2310444821355N11935692WA0028800249
B2310454821355N11935692WA0028800249
B2310464821355N11935692WA0028800249
B2310474821355N11935692WA0028800249
B2310484821355N11935692WA0028800249
B2310494821355N11935692WA0028800248
B2310504821355N11935691WA0028800249
B2310514821355N11935691WA0028800248
B2310524821355N11935691WA0028800248
B2310534821355N11935692WA0028800248
B2310544821355N11935691WA0028800248
B2310554821355N11935691WA0028800248
B2310564821354N11935692WA0028800249
B2310574821354N11935692WA0028800248
B2310584821354N11935692WA0028800248
B2310594821354N11935691WA0028800248
B2311004821355N11935692WA0028800248
B2311014821355N11935691WA0028800248
B2311024821355N11935691WA0028800248
B2311034821355N11935691WA0028800248
B2311044821355N11935691WA0028800248
B2311054821355N11935691WA0028800248
B2311064821355N11935691WA0028800248
B2311074821355N11935691WA0028800248
B2311084821356N11935691WA0028800248
B2311094821356N11935691WA0028800248
B2311104821356N11935691WA0028800248
B2311114821356N11935691WA0028800248
B2311124821356N11935691WA0028800248
B2311134821356N11935691WA0028800248
B2311144821356N11935691WA0028800248
B2311154821356N11935691WA0028800248
B2311164821356N11935691WA0028800247
B2311174821356N11935692WA0028800247
B2311184821356N11935692WA0028800247
B2311194821356N11935692WA0028800247
B2311204821355N11935692WA0028800246
B2311214821355N11935692WA0028800247
B2311224821355N11935692WA0028800247
B2311234821355N11935692WA0028800247
B2311244821355N11935692WA0028800247
B2311254821355N11935692WA0028800247
B2311264821357N11935692WA0028800247
B2311274821358N11935693WA0028800246
B2311284821360N11935694WA0028800247
B2311294821361N11935697WA0028800247
B2311304821361N11935699WA0028800248
B2311314821360N11935702WA0028800248
B2311324821359N11935704WA0028800248
B2311334821356N11935704WA0028900248
B2311344821354N11935703WA0028900248
B2311354821351N11935701WA0028900249
B2311364821347N11935699WA0028900248
B2311374821343N11935696WA0028900248
B2311384821338N11935693WA0028900248
B2311394821333N11935690WA0028900248
B2311404821327N11935686WA0028900248
B2311414821320N11935682WA0028900247
B2311424821312N11935677WA0028900247
B2311434821304N11935672WA0028900247
B2311444821296N11935667WA0028900246
B2311454821287N11935662WA0028900245
B2311464821278N11935657WA0028900243
B2311474821269N11935652WA0028900242
B2311484821259N11935646WA0029000242
B2311494821249N11935640WA0029000243
B2311504821240N11935634WA0029000243
B2311514821229N11935629WA0029000244
B2311524821219N11935623WA0029000246
B2311534821209N11935617WA0029100246
B2311544821199N11935611WA0029100247
B2311554821189N11935605WA0029200248
B2311564821179N11935599WA0029200248
B2311574821169N11935593WA0029300250
B2311584821158N11935587WA0029300251
B2311594821148N11935581WA0029400252
B2312004821138N11935575WA0029500253
B2312014821128N11935569WA0029500255
B2312024821118N11935563WA0029600255
B2312034821108N11935558WA0029700256
B2312044821098N11935552WA0029800257
B2312054821088N11935546WA0029800258
B2312064821078N11935541WA0029900258
B2312074821069N11935535WA0030000259
B2312084821059N11935530WA0030100261
B2312094821050N11935525WA0030100262
B2312104821041N11935520WA0030200262
B2312114821032N11935515WA0030300262
B2312124821024N11935509WA0030300263
B2312134821016N11935504WA0030400263
B2312144821009N11935498WA0030400263
B2312154821002N11935493WA0030400264
B2312164820997N11935489WA0030400264
B2312174820991N11935485WA0030500264
B2312184820987N11935482WA0030500264
B2312194820983N11935479WA0030500264
B2312204820979N11935478WA0030500265
B2312214820977N11935477WA0030500265
B2312224820975N11935476WA0030500266
B2312234820974N11935476WA0030500266
B2312244820973N11935476WA0030500265
B2312254820971N11935476WA0030500266
B2312264820968N11935477WA0030500266
B2312274820964N11935478WA0030500266
B2312284820961N11935481WA0030500266
B2312294820956N11935487WA0030500265
B2312304820951N11935493WA0030500266
B2312314820945N11935500WA0030500265
B2312324820939N11935508WA0030600264
B2312334820932N11935517WA0030600265
B2312344820925N11935527WA0030600265
B2312354820917N11935537WA0030600265
B2312364820909N11935547WA0030700265
B2312374820900N11935559WA0030700265
B2312384820891N11935570WA0030700265
B2312394820882N11935582WA0030700265
B2312404820872N11935595WA0030800265
B2312414820862N11935608WA0030800265
B2312424820852N11935622WA0030800266
B2312434820841N11935636WA0030900266
B2312444820830N11935650WA0030900266
B2312454820820N11935664WA0030900266
B2312464820809N11935678WA0030900266
B2312474820798N11935693WA0030900265
B2312484820787N11935707WA0030900265
B2312494820776N11935722WA0031000265
B2312504820765N11935737WA0031000265
B2312514820754N11935752WA0031000265
B2312524820742N11935767WA0031000265
B2312534820731N11935782WA0031000264
B2312544820720N11935796WA0031000264
B2312554820708N11935811WA0031000264
B2312564820697N11935826WA0031000264
B2312574820686N11935841WA0030900264
B2312584820674N11935856WA0030900264
B2312594820663N11935871WA0030900264
B2313004820652N11935886WA0030900263
B2313014820641N11935901WA0030900263
B2313024820629N11935916WA0030900263
B2313034820618N11935931WA0030800262
B2313044820607N11935946WA0030800262
B2313054820595N11935960WA0030800262
B2313064820584N11935975WA0030800262
B2313074820572N11935988WA0030700261
B2313084820561N11936002WA0030700260
B2313094820548N11936014WA0030700260
B2313104820536N11936026WA0030700259
B2313114820523N11936037WA0030600260
B2313124820510N11936048WA0030600259
B2313134820497N11936059WA0030600259
B2313144820483N11936069WA0030500258
B2313154820469N11936078WA0030500258
B2313164820455N11936086WA0030500258
B2313174820441N11936094WA0030400257
B2313184820427N11936101WA0030400257
B2313194820412N11936108WA0030400256
B2313204820398N11936114WA0030300255
B2313214820383N11936119WA0030300255
B2313224820368N11936123WA0030300254
B2313234820353N11936126WA0030200254
B2313244820338N11936129WA0030200253
B2313254820323N11936131WA0030200253
B2313264820308N11936133WA0030100253
B2313274820293N11936135WA0030100252
B2313284820277N11936137WA0030100252
B2313294820262N11936139WA0030100252
B2313304820247N11936140WA0030000251
B2313314820232N11936142WA0030000251
B2313324820217N11936144WA0030000250
B2313334820202N11936146WA0030000250
B2313344820187N11936148WA0029900250
B2313354820172N11936150WA0029900250
B2313364820157N11936152WA0029900250
B2313374820142N11936154WA0029900249
B2313384820127N11936156WA0029800249
B2313394820112N11936158WA0029800249
B2313404820097N11936159WA0029800249
B2313414820082N11936161WA0029800249
B2313424820067N11936163WA0029800249
B2313434820052N11936165WA0029700249
B2313444820037N11936167WA0029700249
B2313454820022N11936169WA0029700249
B2313464820007N11936171WA0029700249
B2313474819992N11936173WA0029700249
B2313484819977N11936175WA0029700250
B2313494819962N11936177WA0029700250
B2313504819947N11936178WA0029600250
B2313514819932N11936180WA0029600250
B2313524819917N11936182WA0029600250
B2313534819902N11936184WA0029600250
B2313544819887N11936185WA0029600250
B2313554819872N11936187WA0029600251
B2313564819857N11936189WA0029600251
B2313574819842N11936191WA0029600251
B2313584819827N11936193WA0029600252
B2313594819812N11936194WA0029600253
B2314004819797N11936196WA0029600253
B2314014819782N11936198WA0029600253
B2314024819767N11936200WA0029600253
B2314034819752N11936202WA0029600253
B2314044819738N11936204WA0029700253
B2314054819723N11936206WA0029700254
B2314064819709N11936208WA0029700254
B2314074819695N11936210WA0029700254
B2314084819682N11936212WA0029700255
B2314094819669N11936214WA0029700255
B2314104819655N11936215WA0029700256
B2314114819643N11936217WA0029700257
B2314124819630N11936219WA0029700256
B2314134819617N11936221WA0029700257
B2314144819604N11936223WA0029700257
B2314154819591N11936225WA0029700258
B2314164819578N11936227WA0029700257
B2314174819564N11936228WA0029700257
B2314184819552N11936230WA0029700257
B2314194819538N11936232WA0029700257
B2314204819525N11936234WA0029700258
B2314214819512N11936235WA0029700259
B2314224819500N11936237WA0029800259
B2314234819487N11936238WA0029800259
B2314244819475N11936240WA0029800260
B2314254819462N11936242WA0029800261
B2314264819450N11936245WA0029800260
B2314274819438N11936248WA0029800261
B2314284819425N11936252WA0029800262
B2314294819413N11936256WA0029800261
B2314304819401N11936260WA0029800262
B2314314819389N11936266WA0029800262
B2314324819377N11936272WA0029800262
B2314334819365N11936278WA0029900262
B2314344819353N11936285WA0029900263
B2314354819341N11936292WA0029900263
B2314364819330N11936299WA0029900264
B2314374819319N11936307WA0029900264
B2314384819307N11936316WA0029900263
B2314394819297N11936325WA0029900264
B2314404819286N11936334WA0029900263
B2314414819275N11936343WA0029900263
B2314424819264N11936353WA0030000262
B2314434819254N11936362WA0030000262
B2314444819243N11936371WA0030000261
B2314454819232N11936380WA0030000261
B2314464819221N11936389WA0030000260
B2314474819211N11936399WA0030000260
B2314484819200N11936408WA0030000260
B2314494819190N11936416WA0030000260
B2314504819180N11936426WA0030100260
B2314514819169N11936435WA0030100260
B2314524819159N11936444WA0030100259
B2314534819148N11936453WA0030100260
B2314544819137N11936462WA0030100260
B2314554819127N11936472WA0030100260
B2314564819117N11936482WA0030100259
B2314574819106N11936492WA0030100259
B2314584819096N11936503WA0030100259
B2314594819086N11936514WA0030100259
B2315004819076N11936526WA0030100259
B2315014819066N11936539WA0030100259
B2315024819057N11936552WA0030100258
B2315034819048N11936565WA0030100258
B2315044819040N11936579WA0030100258
B2315054819031N11936593WA0030100257
B2315064819023N11936608WA0030100256
B2315074819016N11936623WA0030100255
B2315084819009N11936639WA0030000254
B2315094819003N11936654WA0030000255
B2315104818996N11936670WA0030000254
B2315114818990N11936687WA0030000254
B2315124818984N11936703WA0030000253
B2315134818979N11936720WA0030000253
B2315144818973N11936737WA0030000253
B2315154818967N11936754WA0030000252
B2315164818960N11936771WA0030000251
B2315174818955N11936788WA0030000251
B2315184818949N11936806WA0030000250
B2315194818943N11936823WA0030000251
B2315204818937N11936840WA0030000250
B2315214818930N11936858WA0030000251
B2315224818924N11936876WA0030000251
B2315234818918N11936893WA0030000251
B2315244818912N11936910WA0030000251
B2315254818906N11936927WA0030000252
B2315264818900N11936944WA0030000252
B2315274818894N11936961WA0030000250
B2315284818888N11936978WA0030000250
B2315294818881N11936994WA0030000250
B2315304818875N11937011WA0030000251
B2315314818868N11937027WA0030000251
B2315324818861N11937043WA0030000252
B2315334818852N11937058WA0030000254
B2315344818844N11937073WA0030000253
B2315354818836N11937087WA0030000254
B2315364818827N11937100WA0030000254
B2315374818819N11937112WA0030000255
B2315384818810N11937124WA0029900255
B2315394818801N11937136WA0029900254
B2315404818792N11937148WA0029900254
B2315414818783N11937160WA0029900254
B2315424818775N11937172WA0029900254
B2315434818766N11937184WA0029900255
B2315444818757N11937196WA0029900255
B2315454818749N11937208WA0029900255
B2315464818740N11937220WA0029900255
B2315474818731N11937231WA0029800255
B2315484818722N11937243WA0029800254
B2315494818714N11937255WA0029800254
B2315504818705N11937267WA0029800255
B2315514818696N11937279WA0029800254
B2315524818687N11937291WA0029800254
B2315534818678N11937303WA0029800254
B2315544818669N11937315WA0029800254
B2315554818660N11937327WA0029800253
B2315564818650N11937339WA0029800253
B2315574818641N11937352WA0029800253
B2315584818632N11937364WA0029800253
B2315594818622N11937377WA0029800253
B2316004818613N11937389WA0029800252
B2316014818604N11937402WA0029800252
B2316024818595N11937414WA0029800253
B2316034818586N11937426WA0029800253
B2316044818578N11937437WA0029800253
B2316054818569N11937449WA0029800253
B2316064818561N11937460WA0029800253
B2316074818552N11937472WA0029800254
B2316084818544N11937484WA0029700253
B2316094818536N11937496WA0029700253
B2316104818528N11937508WA0029700252
B2316114818521N11937521WA0029700252
B2316124818513N11937534WA0029700252
B2316134818506N11937547WA0029700252
B2316144818500N11937561WA0029700251
B2316154818493N11937575WA0029700251
B2316164818487N11937590WA0029700251
B2316174818481N11937605WA0029800250
B2316184818476N11937620WA0029800251
B2316194818471N11937635WA0029800250
B2316204818465N11937652WA0029800250
B2316214818460N11937668WA0029800250
B2316224818455N11937684WA0029800250
B2316234818450N11937699WA0029800249
B2316244818444N11937716WA0029900249
B2316254818439N11937732WA0029900249
B2316264818434N11937747WA0029900249
B2316274818429N11937763WA0029900249
B2316284818424N11937779WA0029900248
B2316294818419N11937794WA0029900249
B2316304818414N11937810WA0029900249
B2316314818409N11937826WA0030000249
B2316324818404N11937842WA0030000249
B2316334818399N11937859WA0030000249
B2316344818394N11937875WA0030000250
B2316354818388N11937891WA0030000251
B2316364818383N11937908WA0030000251
B2316374818378N11937924WA0030000251
B2316384818373N11937941WA0030000251
B2316394818368N11937958WA0030000252
B2316404818362N11937974WA0030000252
B2316414818358N11937991WA0030000253
B2316424818352N11938008WA0030000253
B2316434818347N11938025WA0030000252
B2316444818342N11938042WA0030000252
B2316454818337N11938058WA0030000252
B2316464818331N11938075WA0030000251
B2316474818326N11938091WA0030000250
B2316484818321N11938107WA0030000250
B2316494818316N11938124WA0030000250
B2316504818311N11938140WA0030000249
B2316514818306N11938156WA0030000249
B2316524818300N11938171WA0029900245
B2316534818295N11938187WA0029900244
B2316544818291N11938202WA0029900243
B2316554818286N11938218WA0029900242
B2316564818281N11938234WA0029900242
B2316574818276N11938250WA0029900241
B2316584818271N11938266WA0029900240
B2316594818265N11938282WA0029900239
B2317004818260N11938299WA0029800238
B2317014818255N11938315WA0029800237
B2317024818250N11938332WA0029800237
B2317034818245N11938348WA0029800236
B2317044818240N11938365WA0029800237
B2317054818235N11938381WA0029800237
B2317064818229N11938398WA0029700236
B2317074818223N11938415WA0029700235
B2317084818217N11938431WA0029700235
B2317094818211N11938447WA0029700235
B2317104818205N11938463WA0029700235
B2317114818199N11938480WA0029600236
B2317124818192N11938496WA0029600236
B2317134818186N11938512WA0029600236
B2317144818179N11938527WA0029600237
B2317154818172N11938543WA0029500237
B2317164818165N11938560WA0029500237
B2317174818159N11938576WA0029500236
B2317184818152N11938592WA0029500236
B2317194818146N11938608WA0029500237
B2317204818139N11938624WA0029400237
B2317214818133N11938640WA0029400237
B2317224818126N11938656WA0029400237
B2317234818120N11938672WA0029400238
B2317244818113N11938688WA0029300238
B2317254818106N11938704WA0029300238
B2317264818100N11938721WA0029300239
B2317274818093N11938737WA0029300239
B2317284818087N11938754WA0029300239
B2317294818080N11938771WA0029300239
B2317304818073N11938788WA0029300240
B2317314818066N11938805WA0029300241
B2317324818059N11938822WA0029300241
B2317334818052N11938839WA0029300243
B2317344818046N11938857WA0029300243
B2317354818039N11938874WA0029300244
B2317364818032N11938892WA0029300245
B2317374818025N11938910WA0029300246
B2317384818018N11938927WA0029300246
B2317394818011N11938945WA0029300247
B2317404818004N11938963WA0029300248
B2317414817997N11938981WA0029300247
B2317424817990N11938998WA0029300247
B2317434817983N11939016WA0029300248
B2317444817976N11939033WA0029300247
B2317454817969N11939050WA0029200247
B2317464817962N11939067WA0029200248
B2317474817955N11939083WA0029200248
B2317484817949N11939100WA0029200248
B2317494817942N11939116WA0029200247
B2317504817936N11939132WA0029200247
B2317514817929N11939147WA0029200247
B2317524817922N11939163WA0029200247
B2317534817916N11939179WA0029100246
B2317544817909N11939195WA0029100246
B2317554817903N11939211WA0029100246
B2317564817897N11939226WA0029100246
B2317574817890N11939242WA0029100247
B2317584817883N11939258WA0029100246
B2317594817877N11939274WA0029100246
B2318004817870N11939290WA0029100246
B2318014817864N11939306WA0029100246
B2318024817857N11939322WA0029100246
B2318034817851N11939338WA0029100246
B2318044817845N11939354WA0029100246
B2318054817838N11939371WA0029100247
B2318064817833N11939387WA0029100247
B2318074817827N11939404WA0029100247
B2318084817822N11939421WA0029200248
B2318094817817N11939438WA0029200248
B2318104817812N11939455WA0029200248
B2318114817808N11939472WA0029200248
B2318124817804N11939489WA0029200249
B2318134817800N11939507WA0029200249
B2318144817797N11939524WA0029300249
B2318154817793N11939541WA0029300249
B2318164817790N11939558WA0029300249
B2318174817788N11939576WA0029400249
B2318184817786N11939593WA0029400249
B2318194817783N11939611WA0029400249
B2318204817781N11939628WA0029500249
B2318214817778N11939645WA0029500249
B2318224817776N11939662WA0029500249
B2318234817774N11939680WA0029500248
B2318244817771N11939697WA0029600249
B2318254817769N11939715WA0029600248
B2318264817766N11939732WA0029600248
B2318274817764N11939749WA0029600248
B2318284817763N11939767WA0029600248
B2318294817761N11939784WA0029600249
B2318304817759N11939801WA0029700249
B2318314817757N11939819WA0029700249
B2318324817755N11939837WA0029700249
B2318334817753N11939855WA0029700250
B2318344817751N11939873WA0029700252
B2318354817748N11939892WA0029800251
B2318364817746N11939911WA0029800252
B2318374817742N11939929WA0029800252
B2318384817739N11939948WA0029800250
B2318394817735N11939967WA0029800250
B2318404817731N11939985WA0029900248
B2318414817726N11940003WA0029900248
B2318424817721N11940021WA0029900249
B2318434817716N11940039WA0029900251
B2318444817710N11940057WA0029800251
B2318454817703N11940074WA0029900250
B2318464817696N11940091WA0029900249
B2318474817689N11940109WA0029900250
B2318484817682N11940126WA0029900249
B2318494817674N11940143WA0029900249
B2318504817666N11940160WA0029900249
B2318514817658N11940177WA0029900249
B2318524817651N11940193WA0029800249
B2318534817643N11940209WA0029800250
B2318544817636N11940225WA0029800250
B2318554817628N11940241WA0029800250
B2318564817621N11940256WA0029800250
B2318574817613N11940272WA0029800250
B2318584817606N11940287WA0029700250
B2318594817599N11940302WA0029700250
B2319004817592N11940318WA0029700250
B2319014817585N11940333WA0029700250
B2319024817577N11940348WA0029600250
B2319034817570N11940363WA0029600249
B2319044817563N11940379WA0029600249
B2319054817555N11940395WA0029600249
B2319064817548N11940411WA0029600249
B2319074817540N11940427WA0029500249
B2319084817532N11940443WA0029500248
B2319094817525N11940459WA0029500248
B2319104817517N11940475WA0029500248
B2319114817510N11940491WA0029500248
B2319124817502N11940507WA0029500247
B2319134817495N11940522WA0029400247
B2319144817488N11940538WA0029400247
B2319154817480N11940553WA0029400248
B2319164817473N11940568WA0029400248
B2319174817466N11940583WA0029300247
B2319184817459N11940598WA0029300247
B2319194817452N11940613WA0029300247
B2319204817445N11940627WA0029300247
B2319214817438N11940642WA0029300247
B2319224817431N11940657WA0029200247
B2319234817424N11940672WA0029200247
B2319244817417N11940687WA0029200247
B2319254817410N11940702WA0029200247
B2319264817403N11940716WA0029200247
B2319274817396N11940730WA0029200246
B2319284817389N11940745WA0029100246
B2319294817383N11940759WA0029100246
B2319304817376N11940773WA0029100245
B2319314817370N11940786WA0029100245
B2319324817364N11940800WA0029100245
B2319334817357N11940814WA0029100245
B2319344817351N11940827WA0029000246
B2319354817345N11940840WA0029000246
B2319364817338N11940853WA0029000246
B2319374817332N11940867WA0029000246
B2319384817326N11940880WA0029000246
B2319394817319N11940893WA0029000246
B2319404817313N11940906WA0029000246
B2319414817306N11940920WA0029000245
B2319424817300N11940935WA0029000245
B2319434817293N11940949WA0029100245
B2319444817286N11940963WA0029100245
B2319454817279N11940978WA0029100245
B2319464817273N11940992WA0029100244
B2319474817266N11941007WA0029100244
B2319484817259N11941021WA0029100244
B2319494817253N11941035WA0029100244
B2319504817246N11941050WA0029200244
B2319514817238N11941064WA0029200243
B2319524817231N11941077WA0029200245
B2319534817224N11941091WA0029200246
B2319544817217N11941104WA0029200247
B2319554817211N11941118WA0029300248
B2319564817204N11941132WA0029300249
B2319574817198N11941146WA0029300249
B2319584817192N11941159WA0029300248
B2319594817185N11941173WA0029300250
B2320004817179N11941187WA0029300249
B2320014817173N11941200WA0029300248
B2320024817167N11941214WA0029300250
B2320034817161N11941228WA0029300251
B2320044817155N11941241WA0029300251
B2320054817149N11941255WA0029300252
B2320064817142N11941268WA0029400252
B2320074817136N11941281WA0029400252
B2320084817130N11941295WA0029400252
B2320094817124N11941308WA0029400251
B2320104817118N11941321WA0029400252
B2320114817111N11941335WA0029400251
B2320124817104N11941349WA0029400251
B2320134817098N11941363WA0029400251
B2320144817091N11941377WA0029400250
B2320154817085N11941390WA0029400250
B2320164817079N11941403WA0029400250
B2320174817073N11941415WA0029400250
B2320184817067N11941428WA0029400249
B2320194817062N11941440WA0029400249
B2320204817056N11941453WA0029400249
B2320214817050N11941466WA0029400249
B2320224817044N11941479WA0029400249
B2320234817039N11941492WA0029400249
B2320244817034N11941505WA0029400249
B2320254817028N11941519WA0029400249
B2320264817023N11941533WA0029400249
B2320274817017N11941547WA0029400249
B2320284817011N11941561WA0029400249
B2320294817006N11941575WA0029400249
B2320304817000N11941589WA0029400249
B2320314816995N11941604WA0029400249
B2320324816990N11941619WA0029500250
B2320334816984N11941634WA0029500249
B2320344816979N11941648WA0029500249
B2320354816974N11941664WA0029500250
B2320364816968N11941679WA0029500250
B2320374816964N11941694WA0029500250
B2320384816958N11941710WA0029500250
B2320394816954N11941725WA0029500251
B2320404816949N11941741WA0029500250
B2320414816945N11941756WA0029500251
B2320424816940N11941772WA0029500251
B2320434816936N11941788WA0029500252
B2320444816931N11941804WA0029500252
B2320454816927N11941821WA0029500252
B2320464816922N11941837WA0029500251
B2320474816918N11941854WA0029500252
B2320484816913N11941870WA0029500252
B2320494816909N11941887WA0029500253
B2320504816905N11941903WA0029500253
B2320514816900N11941920WA0029500254
B2320524816896N11941936WA0029500254
B2320534816891N11941953WA0029500254
B2320544816886N11941969WA0029500255
B2320554816881N11941984WA0029500256
B2320564816876N11942000WA0029500255
B2320574816870N11942015WA0029500256
B2320584816864N11942030WA0029600256
B2320594816858N11942044WA0029600257
B2321004816852N11942058WA0029600257
B2321014816846N11942072WA0029600258
B2321024816839N11942086WA0029600258
B2321034816831N11942100WA0029600258
B2321044816824N11942113WA0029600259
B2321054816816N11942126WA0029600259
B2321064816809N11942139WA0029600259
B2321074816801N11942151WA0029600259
B2321084816793N11942163WA0029700259
B2321094816785N11942174WA0029700259
B2321104816777N11942185WA0029700259
B2321114816770N11942196WA0029700259
B2321124816762N11942207WA0029700259
B2321134816753N11942217WA0029700259
B2321144816745N11942228WA0029700259
B2321154816737N11942239WA0029700259
B2321164816729N11942250WA0029700260
B2321174816721N11942260WA0029700259
B2321184816713N11942271WA0029700260
B2321194816705N11942282WA0029700260
B2321204816697N11942293WA0029800260
B2321214816688N11942303WA0029800260
B2321224816680N11942314WA0029800259
B2321234816672N11942325WA0029800259
B2321244816663N11942336WA0029800259
B2321254816654N11942348WA0029800259
B2321264816645N11942359WA0029800259
B2321274816635N11942371WA0029900258
B2321284816626N11942383WA0029900257
B2321294816617N11942395WA0029900256
B2321304816608N11942406WA0029900255
B2321314816600N11942418WA0029900255
B2321324816591N11942429WA0029900253
B2321334816583N11942440WA0029900253
B2321344816574N11942451WA0029900252
B2321354816566N11942461WA0029900252
B2321364816558N11942472WA0029900252
B2321374816549N11942484WA0029900253
B2321384816541N11942495WA0029900252
B2321394816533N11942505WA0029900252
B2321404816525N11942516WA0029900252
B2321414816517N11942526WA0029900252
B2321424816509N11942537WA0029900252
B2321434816500N11942549WA0029900252
B2321444816492N11942560WA0029900252
B2321454816483N11942573WA0030000253
B2321464816473N11942585WA0030000253
B2321474816464N11942598WA0030000253
B2321484816455N11942610WA0030000254
B2321494816445N11942623WA0030000254
B2321504816435N11942636WA0030100254
B2321514816425N11942649WA0030100254
B2321524816414N11942662WA0030100254
B2321534816404N11942676WA0030100254
B2321544816393N11942689WA0030100254
B2321554816382N11942702WA0030200255
B2321564816370N11942717WA0030200255
B2321574816358N11942732WA0030300255
B2321584816345N11942749WA0030300257
B2321594816332N11942766WA0030400257
B2322004816318N11942784WA0030400258
B2322014816304N11942802WA0030500258
B2322024816290N11942820WA0030500258
B2322034816278N11942836WA0030500258
B2322044816267N11942851WA0030500258
B2322054816257N11942864WA0030500258
B2322064816248N11942877WA0030400259
B2322074816239N11942889WA0030400259
B2322084816230N11942902WA0030400259
B2322094816221N11942914WA0030300259
B2322104816212N11942925WA0030300259
B2322114816203N11942937WA0030300259
B2322124816195N11942948WA0030200259
B2322134816186N11942959WA0030200259
B2322144816178N11942970WA0030200259
B2322154816169N11942981WA0030200259
B2322164816160N11942992WA0030200259
B2322174816151N11943003WA0030200258
B2322184816142N11943013WA0030200258
B2322194816133N11943024WA0030100258
B2322204816124N11943034WA0030100258
B2322214816115N11943044WA0030100257
B2322224816105N11943054WA0030100257
B2322234816095N11943063WA0030100257
B2322244816086N11943073WA0030100257
B2322254816076N11943083WA0030100257
B2322264816066N11943092WA0030100257
B2322274816057N11943101WA0030100256
B2322284816047N11943109WA0030100256
B2322294816037N11943118WA0030100256
B2322304816027N11943126WA0030100256
B2322314816017N11943135WA0030100257
B2322324816006N11943143WA0030100257
B2322334815996N11943152WA0030100256
B2322344815985N11943160WA0030100256
B2322354815975N11943167WA0030100257
B2322364815964N11943175WA0030000257
B2322374815954N11943182WA0030000258
B2322384815944N11943188WA0030000259
B2322394815933N11943195WA0030000260
B2322404815923N11943201WA0030000260
B2322414815913N11943207WA0030100260
B2322424815902N11943213WA0030100261
B2322434815891N11943219WA0030100261
B2322444815880N11943225WA0030100261
B2322454815870N11943230WA0030100262
B2322464815859N11943235WA0030100262
B2322474815848N11943240WA0030200262
B2322484815837N11943245WA0030200263
B2322494815826N11943250WA0030200263
B2322504815816N11943254WA0030200263
B2322514815805N11943258WA0030300264
B2322524815795N11943262WA0030300264
B2322534815784N11943265WA0030300264
B2322544815774N11943268WA0030300264
B2322554815763N11943272WA0030300264
B2322564815752N11943275WA0030400264
B2322574815741N11943278WA0030400264
B2322584815731N11943281WA0030400264
B2322594815721N11943284WA0030400264
B2323004815709N11943286WA0030400264
B2323014815699N11943288WA0030500264
B2323024815688N11943290WA0030500264
B2323034815677N11943292WA0030500264
B2323044815665N11943295WA0030500264
B2323054815654N11943298WA0030500264
B2323064815643N11943300WA0030500265
B2323074815633N11943303WA0030600267
B2323084815622N11943306WA0030600267
B2323094815611N11943309WA0030600268
B2323104815600N11943311WA0030600268
B2323114815589N11943314WA0030600269
B2323124815579N11943316WA0030600269
B2323134815568N11943319WA0030600268
B2323144815557N11943322WA0030600268
B2323154815546N11943325WA0030600268
B2323164815535N11943327WA0030600268
B2323174815524N11943330WA0030600269
B2323184815513N11943333WA0030700270
B2323194815502N11943335WA0030700270
B2323204815491N11943338WA0030700270
B2323214815480N11943340WA0030700271
B2323224815469N11943343WA0030700270
B2323234815457N11943346WA0030700270
B2323244815446N11943348WA0030700270
B2323254815435N11943351WA0030700270
B2323264815423N11943354WA0030700270
B2323274815411N11943357WA0030700270
B2323284815400N11943360WA0030700270
B2323294815389N11943362WA0030700269
B2323304815377N11943364WA0030700269
B2323314815365N11943366WA0030700268
B2323324815353N11943369WA0030600268
B2323334815342N11943371WA0030600268
B2323344815330N11943374WA0030600268
B2323354815319N11943377WA0030600268
B2323364815308N11943379WA0030600268
B2323374815296N11943382WA0030600267
B2323384815285N11943384WA0030600267
B2323394815275N11943387WA0030500268
B2323404815264N11943390WA0030500267
B2323414815254N11943393WA0030500268
B2323424815243N11943395WA0030500267
B2323434815232N11943398WA0030500267
B2323444815221N11943400WA0030500267
B2323454815210N11943403WA0030400266
B2323464815199N11943406WA0030400265
B2323474815188N11943408WA0030400265
B2323484815177N11943411WA0030400265
B2323494815166N11943413WA0030400264
B2323504815154N11943416WA0030400264
B2323514815142N11943419WA0030400265
B2323524815129N11943422WA0030400264
B2323534815116N11943424WA0030400264
B2323544815101N11943426WA0030400264
B2323554815086N11943429WA0030500264
B2323564815071N11943432WA0030500264
B2323574815055N11943436WA0030600264
B2323584815038N11943440WA0030600264
B2323594815021N11943445WA0030700263
B2324004815003N11943449WA0030700264
B2324014814985N11943453WA0030800264
B2324024814967N11943457WA0030900264
B2324034814949N11943461WA0030900263
B2324044814930N11943464WA0031000263
B2324054814912N11943466WA0031000264
B2324064814894N11943468WA0031100264
B2324074814876N11943469WA0031100265
B2324084814858N11943470WA0031100265
B2324094814840N11943470WA0031100265
B2324104814822N11943470WA0031200265
B2324114814805N11943469WA0031200264
B2324124814788N11943467WA0031200264
B2324134814771N11943465WA0031200264
B2324144814755N11943463WA0031200264
B2324154814739N11943461WA0031200263
B2324164814722N11943457WA0031200263
B2324174814706N11943454WA0031200263
B2324184814690N11943450WA0031200262
B2324194814675N11943447WA0031200263
B2324204814659N11943442WA0031200263
B2324214814643N11943437WA0031200263
B2324224814628N11943432WA0031200264
B2324234814612N11943426WA0031200263
B2324244814596N11943419WA0031200264
B2324254814581N11943413WA0031200264
B2324264814565N11943406WA0031200264
B2324274814550N11943400WA0031200264
B2324284814535N11943393WA0031200265
B2324294814520N11943387WA0031200265
B2324304814505N11943381WA0031200264
B2324314814490N11943374WA0031200265
B2324324814475N11943368WA0031100266
B2324334814460N11943362WA0031100266
B2324344814445N11943355WA0031100266
B2324354814430N11943349WA0031100266
B2324364814415N11943342WA0031100266
B2324374814400N11943336WA0031100266
B2324384814386N11943329WA0031100266
B2324394814371N11943323WA0031100266
B2324404814356N11943316WA0031100266
B2324414814341N11943310WA0031100266
B2324424814326N11943303WA0031100266
B2324434814311N11943297WA0031100265
B2324444814296N11943290WA0031100265
B2324454814282N11943284WA0031100265
B2324464814267N11943277WA0031100265
B2324474814252N11943271WA0031100265
B2324484814237N11943264WA0031100265
B2324494814222N11943258WA0031100264
B2324504814207N11943252WA0031000265
B2324514814192N11943245WA0031000265
B2324524814177N11943238WA0031000264
B2324534814162N11943232WA0031000264
B2324544814147N11943225WA0031000263
B2324554814132N11943219WA0031000263
B2324564814117N11943212WA0030900263
B2324574814102N11943206WA0030900263
B2324584814087N11943199WA0030900263
B2324594814072N11943193WA0030900263
B2325004814058N11943186WA0030900263
B2325014814043N11943179WA0030900263
B2325024814028N11943173WA0030800263
B2325034814013N11943166WA0030800262
B2325044813998N11943160WA0030800262
B2325054813983N11943153WA0030800262
B2325064813968N11943147WA0030800262
B2325074813953N11943141WA0030700262
B2325084813938N11943134WA0030700262
B2325094813923N11943128WA0030700261
B2325104813908N11943122WA0030700261
B2325114813893N11943115WA0030600260
B2325124813878N11943109WA0030600260
B2325134813863N11943102WA0030600260
B2325144813849N11943096WA0030600259
B2325154813834N11943089WA0030600259
B2325164813819N11943083WA0030600258
B2325174813804N11943076WA0030500258
B2325184813790N11943070WA0030500258
B2325194813775N11943063WA0030500257
B2325204813760N11943057WA0030500258
B2325214813745N11943051WA0030500258
B2325224813731N11943044WA0030500258
B2325234813716N11943038WA0030500258
B2325244813701N11943032WA0030600259
B2325254813686N11943026WA0030600261
B2325264813672N11943019WA0030600262
B2325274813657N11943013WA0030600262
B2325284813642N11943007WA0030700263
B2325294813628N11943001WA0030700264
B2325304813613N11942994WA0030800265
B2325314813598N11942988WA0030800266
B2325324813583N11942981WA0030900267
B2325334813568N11942975WA0030900268
B2325344813553N11942969WA0031000268
B2325354813539N11942963WA0031000269
B2325364813524N11942957WA0031100270
B2325374813509N11942950WA0031100270
B2325384813494N11942944WA0031200270
B2325394813479N11942938WA0031200271
B2325404813464N11942932WA0031300271
B2325414813449N11942925WA0031300272
B2325424813434N11942919WA0031300272
B2325434813419N11942913WA0031400273
B2325444813404N11942906WA0031400274
B2325454813389N11942901WA0031500275
B2325464813374N11942894WA0031500276
B2325474813359N11942888WA0031600276
B2325484813344N11942881WA0031600276
B2325494813329N11942875WA0031600276
B2325504813314N11942869WA0031700276
B2325514813299N11942863WA0031700277
B2325524813284N11942856WA0031700277
B2325534813270N11942850WA0031700277
B2325544813255N11942844WA0031700276
B2325554813240N11942838WA0031800277
B2325564813225N11942831WA0031800277
B2325574813210N11942825WA0031800276
B2325584813195N11942818WA0031800277
B2325594813181N11942810WA0031800276
B2326004813166N11942802WA0031800276
B2326014813152N11942793WA0031800275
B2326024813137N11942784WA0031800274
B2326034813123N11942775WA0031800273
B2326044813109N11942764WA0031800273
B2326054813095N11942754WA0031800273
B2326064813082N11942742WA0031800274
B2326074813068N11942730WA0031800274
B2326084813055N11942717WA0031700275
B2326094813042N11942705WA0031700275
B2326104813029N11942692WA0031700275
B2326114813016N11942679WA0031700274
B2326124813003N11942666WA0031700274
B2326134812990N11942653WA0031700273
B2326144812977N11942640WA0031700273
B2326154812964N11942626WA0031600272
B2326164812952N11942613WA0031600272
B2326174812939N11942600WA0031600272
B2326184812926N11942588WA0031600272
B2326194812914N11942575WA0031600272
B2326204812901N11942561WA0031500272
B2326214812888N11942548WA0031500271
B2326224812876N11942535WA0031500271
B2326234812863N11942522WA0031500271
B2326244812850N11942508WA0031500271
B2326254812837N11942495WA0031500271
B2326264812825N11942482WA0031500271
B2326274812812N11942468WA0031400271
B2326284812799N11942455WA0031400272
B2326294812786N11942442WA0031400272
B2326304812773N11942429WA0031400272
B2326314812760N11942415WA0031400272
B2326324812747N11942402WA0031400273
B2326334812735N11942388WA0031400272
B2326344812723N11942373WA0031400272
B2326354812711N11942358WA0031400273
B2326364812699N11942344WA0031400273
B2326374812687N11942329WA0031400274
B2326384812676N11942315WA0031500274
B2326394812664N11942300WA0031500275
B2326404812653N11942285WA0031500276
B2326414812642N11942270WA0031500276
B2326424812630N11942255WA0031500276
B2326434812618N11942241WA0031500276
B2326444812606N11942226WA0031500276
B2326454812594N11942211WA0031500276
B2326464812582N11942197WA0031500277
B2326474812570N11942182WA0031500278
B2326484812558N11942167WA0031500279
B2326494812546N11942152WA0031500279
B2326504812535N11942137WA0031600279
B2326514812523N11942122WA0031600278
B2326524812511N11942107WA0031600278
B2326534812499N11942092WA0031600278
B2326544812487N11942077WA0031600278
B2326554812475N11942062WA0031600277
B2326564812463N11942047WA0031600278
B2326574812451N11942032WA0031600277
B2326584812439N11942016WA0031600276
B2326594812427N11942001WA0031600276
B2327004812415N11941986WA0031600276
B2327014812402N11941971WA0031600276
B2327024812390N11941956WA0031600276
B2327034812378N11941941WA0031600276
B2327044812366N11941926WA0031600276
B2327054812355N11941911WA0031500276
B2327064812343N11941896WA0031500275
B2327074812331N11941881WA0031500274
B2327084812319N11941866WA0031500273
B2327094812307N11941851WA0031500272
B2327104812295N11941836WA0031500271
B2327114812283N11941820WA0031500269
B2327124812271N11941805WA0031400268
B2327134812259N11941790WA0031400267
B2327144812247N11941774WA0031400267
B2327154812235N11941759WA0031300266
B2327164812223N11941744WA0031300265
B2327174812211N11941728WA0031300264
B2327184812199N11941713WA0031200262
B2327194812187N11941698WA0031200262
B2327204812175N11941683WA0031100261
B2327214812162N11941668WA0031100261
B2327224812150N11941653WA0031000260
B2327234812137N11941638WA0031000259
B2327244812125N11941623WA0030900258
B2327254812113N11941607WA0030900259
B2327264812102N11941592WA0030800259
B2327274812090N11941577WA0030800259
B2327284812078N11941562WA0030700259
B2327294812067N11941547WA0030700260
B2327304812055N11941531WA0030600262
B2327314812044N11941515WA0030600262
B2327324812033N11941499WA0030500264
B2327334812022N11941483WA0030400266
B2327344812012N11941466WA0030400267
B2327354812001N11941450WA0030300266
B2327364811990N11941433WA0030300265
B2327374811979N11941417WA0030300264
B2327384811968N11941400WA0030200264
B2327394811958N11941384WA0030200263
B2327404811947N11941367WA0030100262
B2327414811936N11941351WA0030100261
B2327424811925N11941334WA0030100260
B2327434811915N11941318WA0030000260
B2327444811904N11941301WA0030000259
B2327454811893N11941285WA0030000259
B2327464811882N11941268WA0030000259
B2327474811872N11941252WA0029900259
B2327484811861N11941236WA0029900258
B2327494811850N11941219WA0029900258
B2327504811840N11941203WA0029900258
B2327514811829N11941186WA0029900258
B2327524811818N11941169WA0029900258
B2327534811808N11941152WA0029900256
B2327544811798N11941135WA0029800255
B2327554811787N11941119WA0029800255
B2327564811777N11941102WA0029800254
B2327574811766N11941085WA0029800254
B2327584811755N11941069WA0029800253
B2327594811744N11941053WA0029800252
B2328004811733N11941037WA0029800251
B2328014811723N11941020WA0029900250
B2328024811712N11941003WA0029800249
B2328034811702N11940987WA0029800249
B2328044811691N11940970WA0029800250
B2328054811680N11940953WA0029900249
B2328064811670N11940936WA0029900250
B2328074811660N11940919WA0029900249
B2328084811649N11940903WA0029900247
B2328094811637N11940887WA0029900245
B2328104811626N11940872WA0029900243
B2328114811615N11940856WA0029900243
B2328124811605N11940841WA0029900242
B2328134811594N11940827WA0029900241
B2328144811582N11940813WA0029900241
B2328154811571N11940799WA0029900242
B2328164811559N11940786WA0029900243
B2328174811547N11940772WA0029900243
B2328184811535N11940760WA0029900243
B2328194811522N11940747WA0029900244
B2328204811509N11940735WA0029900245
B2328214811497N11940723WA0029900245
B2328224811484N11940711WA0029900245
B2328234811471N11940699WA0029900245
B2328244811458N11940687WA0029900245
B2328254811446N11940676WA0029900245
B2328264811433N11940664WA0029900244
B2328274811420N11940652WA0029900245
B2328284811407N11940640WA0029900245
B2328294811394N11940628WA0029900245
B2328304811382N11940617WA0029900245
B2328314811369N11940605WA0029900244
B2328324811357N11940593WA0029900244
B2328334811344N11940581WA0029900244
B2328344811332N11940569WA0029900244
B2328354811319N11940557WA0029900242
B2328364811306N11940545WA0029900242
B2328374811294N11940533WA0029900242
B2328384811281N11940521WA0029800242
B2328394811268N11940509WA0029800242
B2328404811256N11940497WA0029800243
B2328414811243N11940484WA0029800243
B2328424811230N11940472WA0029800243
B2328434811218N11940460WA0029800242
B2328444811206N11940448WA0029800243
B2328454811193N11940435WA0029800243
B2328464811181N11940423WA0029800243
B2328474811169N11940411WA0029800244
B2328484811156N11940399WA0029800244
B2328494811144N11940387WA0029800244
B2328504811131N11940375WA0029800244
B2328514811119N11940364WA0029800244
B2328524811107N11940352WA0029800245
B2328534811095N11940340WA0029800244
B2328544811083N11940328WA0029800245
B2328554811071N11940316WA0029800246
B2328564811058N11940305WA0029700247
B2328574811046N11940293WA0029700250
B2328584811033N11940281WA0029700251
B2328594811021N11940269WA0029700253
B2329004811008N11940257WA0029700253
B2329014810995N11940245WA0029700254
B2329024810982N11940233WA0029700253
B2329034810970N11940221WA0029600253
B2329044810957N11940209WA0029600252
B2329054810945N11940197WA0029600252
B2329064810932N11940185WA0029600252
B2329074810919N11940174WA0029600251
B2329084810906N11940164WA0029500250
B2329094810893N11940153WA0029500249
B2329104810880N11940143WA0029500248
B2329114810867N11940133WA0029500247
B2329124810853N11940123WA0029500246
B2329134810840N11940114WA0029400246
B2329144810826N11940105WA0029400246
B2329154810812N11940097WA0029400245
B2329164810799N11940089WA0029400244
B2329174810785N11940081WA0029300244
B2329184810771N11940073WA0029300243
B2329194810757N11940066WA0029200242
B2329204810742N11940059WA0029200241
B2329214810729N11940052WA0029200240
B2329224810714N11940046WA0029100239
B2329234810700N11940040WA0029100238
B2329244810686N11940034WA0029100237
B2329254810672N11940029WA0029000237
B2329264810657N11940024WA0029000236
B2329274810643N11940019WA0029000236
B2329284810628N11940015WA0028900236
B2329294810614N11940011WA0028900236
B2329304810599N11940007WA0028900236
B2329314810585N11940004WA0028900235
B2329324810570N11940001WA0028800236
B2329334810555N11939998WA0028800236
B2329344810540N11939995WA0028800236
B2329354810526N11939992WA0028800236
B2329364810511N11939989WA0028800236
B2329374810497N11939986WA0028800235
B2329384810482N11939984WA0028800235
B2329394810468N11939981WA0028800235
B2329404810453N11939978WA0028700235
B2329414810438N11939975WA0028700235
B2329424810424N11939972WA0028700235
B2329434810409N11939969WA0028700235
B2329444810394N11939966WA0028700235
B2329454810380N11939964WA0028700235
B2329464810366N11939961WA0028700234
B2329474810351N11939958WA0028700234
B2329484810337N11939955WA0028700234
B2329494810322N11939952WA0028700234
B2329504810308N11939949WA0028700234
B2329514810293N11939946WA0028700234
B2329524810279N11939944WA0028700234
B2329534810265N11939941WA0028700233
B2329544810251N11939938WA0028700233
B2329554810236N11939935WA0028700233
B2329564810222N11939932WA0028700233
B2329574810208N11939929WA0028700232
B2329584810193N11939927WA0028600232
B2329594810179N11939924WA0028600232
B2330004810164N11939921WA0028700232
B2330014810150N11939919WA0028700233
B2330024810136N11939916WA0028700232
B2330034810121N11939913WA0028700232
B2330044810107N11939910WA0028700232
B2330054810093N11939907WA0028700232
B2330064810078N11939904WA0028700231
B2330074810064N11939902WA0028700231
B2330084810049N11939899WA0028700233
B2330094810035N11939895WA0028700233
B2330104810021N11939893WA0028700232
B2330114810006N11939890WA0028700232
B2330124809992N11939887WA0028700232
B2330134809978N11939884WA0028700231
B2330144809963N11939881WA0028700231
B2330154809949N11939878WA0028700231
B2330164809934N11939876WA0028700232
B2330174809920N11939873WA0028700232
B2330184809906N11939870WA0028700232
B2330194809891N11939867WA0028800231
B2330204809877N11939864WA0028800231
B2330214809863N11939861WA0028800230
B2330224809848N11939858WA0028800230
B2330234809834N11939856WA0028800230
B2330244809820N11939853WA0028800231
B2330254809805N11939850WA0028800231
B2330264809791N11939847WA0028800231
B2330274809776N11939845WA0028900231
B2330284809762N11939842WA0028900232
B2330294809747N11939839WA0028900232
B2330304809733N11939837WA0028900233
B2330314809718N11939834WA0028900233
B2330324809704N11939831WA0028900233
B2330334809689N11939829WA0028900234
B2330344809675N11939826WA0028900234
B2330354809660N11939823WA0028900234
B2330364809646N11939820WA0029000234
B2330374809631N11939817WA0029000235
B2330384809617N11939815WA0029000235
B2330394809602N11939812WA0029000235
B2330404809588N11939809WA0029000234
B2330414809573N11939806WA0029000234
B2330424809559N11939804WA0029000234
B2330434809544N11939801WA0029000235
B2330444809530N11939798WA0029000235
B2330454809515N11939796WA0029000235
B2330464809501N11939795WA0029000235
B2330474809486N11939793WA0029000235
B2330484809472N11939792WA0029000234
B2330494809457N11939791WA0029000234
B2330504809443N11939791WA0029000233
B2330514809428N11939791WA0029000232
B2330524809414N11939792WA0029000232
B2330534809400N11939792WA0029000231
B2330544809385N11939793WA0029000230
B2330554809371N11939794WA0029000230
B2330564809356N11939795WA0029000229
B2330574809342N11939797WA0029000229
B2330584809328N11939799WA0029000229
B2330594809313N11939802WA0029000229
B2331004809299N11939806WA0029000229
B2331014809285N11939810WA0029000228
B2331024809270N11939814WA0029000231
B2331034809256N11939818WA0029000231
B2331044809241N11939823WA0029000231
B2331054809227N11939827WA0029000232
B2331064809213N11939831WA0029100232
B2331074809198N11939835WA0029100232
B2331084809184N11939840WA0029100233
B2331094809169N11939844WA0029100234
B2331104809155N11939848WA0029100235
B2331114809140N11939852WA0029100236
B2331124809126N11939857WA0029100237
B2331134809112N11939861WA0029200237
B2331144809097N11939865WA0029200237
B2331154809083N11939870WA0029200238
B2331164809069N11939874WA0029200238
B2331174809054N11939878WA0029200237
B2331184809040N11939882WA0029200238
B2331194809026N11939887WA0029200239
B2331204809011N11939891WA0029300240
B2331214808997N11939895WA0029300239
B2331224808982N11939899WA0029300241
B2331234808968N11939903WA0029300241
B2331244808954N11939907WA0029300242
B2331254808939N11939911WA0029300242
B2331264808925N11939914WA0029300243
B2331274808910N11939918WA0029400243
B2331284808896N11939921WA0029400244
B2331294808881N11939924WA0029400245
B2331304808867N11939927WA0029400245
B2331314808852N11939930WA0029400245
B2331324808838N11939933WA0029400245
B2331334808823N11939936WA0029500246
B2331344808809N11939939WA0029500246
B2331354808795N11939943WA0029500246
B2331364808780N11939946WA0029500245
B2331374808766N11939948WA0029500245
B2331384808752N11939951WA0029500245
B2331394808737N11939954WA0029500244
B2331404808723N11939958WA0029500244
B2331414808709N11939961WA0029500244
B2331424808695N11939963WA0029500244
B2331434808680N11939966WA0029500243
B2331444808666N11939969WA0029500243
B2331454808651N11939971WA0029500244
B2331464808637N11939974WA0029500244
B2331474808623N11939977WA0029500244
B2331484808608N11939981WA0029500244
B2331494808594N11939984WA0029500244
B2331504808579N11939988WA0029500244
B2331514808565N11939993WA0029500246
B2331524808550N11939998WA0029500247
B2331534808536N11940002WA0029500248
B2331544808522N11940008WA0029500248
B2331554808508N11940013WA0029500248
B2331564808493N11940019WA0029500248
B2331574808479N11940025WA0029500248
B2331584808465N11940032WA0029500248
B2331594808451N11940038WA0029500248
B2332004808437N11940045WA0029500247
B2332014808424N11940051WA0029500247
B2332024808410N11940058WA0029400245
B2332034808396N11940065WA0029400243
B2332044808383N11940071WA0029400243
B2332054808370N11940078WA0029400242
B2332064808356N11940085WA0029400241
B2332074808342N11940093WA0029400240
B2332084808328N11940100WA0029400240
B2332094808314N11940107WA0029400241
B2332104808301N11940114WA0029400241
B2332114808287N11940121WA0029400241
B2332124808274N11940129WA0029400241
B2332134808261N11940136WA0029400241
B2332144808246N11940143WA0029400240
B2332154808233N11940150WA0029400238
B2332164808219N11940157WA0029400236
B2332174808205N11940164WA0029400236
B2332184808192N11940171WA0029400235
B2332194808178N11940177WA0029400236
B2332204808164N11940184WA0029400235
B2332214808150N11940191WA0029400235
B2332224808135N11940198WA0029400235
B2332234808121N11940205WA0029400236
B2332244808107N11940212WA0029400236
B2332254808093N11940219WA0029400236
B2332264808080N11940226WA0029400235
B2332274808066N11940232WA0029400235
B2332284808052N11940238WA0029400236
B2332294808038N11940244WA0029400236
B2332304808023N11940250WA0029400236
B2332314808009N11940255WA0029400239
B2332324807995N11940260WA0029400240
B2332334807981N11940266WA0029400241
B2332344807967N11940271WA0029400241
B2332354807953N11940275WA0029400241
B2332364807939N11940280WA0029400242
B2332374807925N11940285WA0029400242
B2332384807911N11940290WA0029400243
B2332394807897N11940295WA0029400243
B2332404807883N11940300WA0029400243
B2332414807868N11940305WA0029400243
B2332424807854N11940310WA0029400244
B2332434807840N11940315WA0029400244
B2332444807826N11940320WA0029400245
B2332454807812N11940325WA0029400245
B2332464807798N11940331WA0029400245
B2332474807784N11940335WA0029400245
B2332484807770N11940340WA0029400245
B2332494807755N11940345WA0029400245
B2332504807741N11940350WA0029400246
B2332514807727N11940356WA0029400246
B2332524807713N11940361WA0029400246
B2332534807699N11940366WA0029400245
B2332544807685N11940371WA0029400245
B2332554807670N11940376WA0029400245
B2332564807656N11940381WA0029400245
B2332574807642N11940386WA0029400245
B2332584807628N11940391WA0029400245
B2332594807614N11940396WA0029400244
B2333004807599N11940402WA0029400244
B2333014807585N11940407WA0029400244
B2333024807571N11940412WA0029400243
B2333034807557N11940417WA0029400243
B2333044807543N11940422WA0029400243
B2333054807529N11940427WA0029400243
B2333064807514N11940432WA0029400242
B2333074807500N11940437WA0029400242
B2333084807486N11940442WA0029400242
B2333094807472N11940448WA0029400242
B2333104807458N11940454WA0029400241
B2333114807444N11940460WA0029400241
B2333124807430N11940467WA0029400240
B2333134807416N11940474WA0029400240
B2333144807401N11940481WA0029400240
B2333154807387N11940488WA0029400241
B2333164807373N11940495WA0029400241
B2333174807359N11940502WA0029400242
B2333184807345N11940509WA0029400242
B2333194807332N11940516WA0029400242
B2333204807319N11940523WA0029400242
B2333214807306N11940530WA0029400242
B2333224807292N11940537WA0029400242
B2333234807278N11940544WA0029400242
B2333244807264N11940551WA0029400243
B2333254807250N11940558WA0029400244
B2333264807236N11940565WA0029400244
B2333274807223N11940571WA0029400245
B2333284807209N11940579WA0029400245
B2333294807195N11940585WA0029400245
B2333304807181N11940592WA0029500245
B2333314807168N11940599WA0029500246
B2333324807154N11940607WA0029500247
B2333334807141N11940614WA0029500247
B2333344807127N11940621WA0029500247
B2333354807113N11940628WA0029500247
B2333364807099N11940635WA0029500247
B2333374807085N11940642WA0029600247
B2333384807071N11940649WA0029600248
B2333394807058N11940656WA0029600249
B2333404807044N11940663WA0029600248
B2333414807030N11940670WA0029600248
B2333424807016N11940677WA0029700250
B2333434807003N11940685WA0029700251
B2333444806989N11940691WA0029700250
B2333454806975N11940698WA0029700250
B2333464806961N11940706WA0029700250
B2333474806947N11940713WA0029700250
B2333484806933N11940720WA0029700250
B2333494806919N11940727WA0029700250
B2333504806905N11940734WA0029700250
B2333514806892N11940741WA0029700250
B2333524806878N11940747WA0029700251
B2333534806864N11940755WA0029800251
B2333544806851N11940762WA0029800250
B2333554806837N11940769WA0029800250
B2333564806823N11940776WA0029800249
B2333574806809N11940784WA0029800249
B2333584806796N11940791WA0029800248
B2333594806782N11940798WA0029800248
B2334004806768N11940805WA0029800247
B2334014806754N11940812WA0029800247
B2334024806740N11940819WA0029800247
B2334034806727N11940826WA0029800246
B2334044806713N11940833WA0029800244
B2334054806700N11940840WA0029800244
B2334064806685N11940847WA0029800243
B2334074806671N11940854WA0029700244
B2334084806657N11940861WA0029700245
B2334094806644N11940868WA0029700245
B2334104806630N11940875WA0029800244
B2334114806616N11940882WA0029800244
B2334124806603N11940888WA0029800243
B2334134806589N11940895WA0029800243
B2334144806576N11940902WA0029800242
B2334154806561N11940909WA0029800242
B2334164806547N11940916WA0029800242
B2334174806533N11940923WA0029800243
B2334184806520N11940929WA0029800244
B2334194806506N11940936WA0029800243
B2334204806492N11940943WA0029800243
B2334214806478N11940950WA0029800243
B2334224806465N11940957WA0029800242
B2334234806452N11940964WA0029700242
B2334244806438N11940971WA0029700242
B2334254806424N11940977WA0029800241
B2334264806411N11940984WA0029800241
B2334274806397N11940991WA0029800242
B2334284806384N11940998WA0029800242
B2334294806370N11941004WA0029800241
B2334304806357N11941011WA0029700240
B2334314806345N11941017WA0029700240
B2334324806333N11941023WA0029700240
B2334334806323N11941030WA0029700241
B2334344806312N11941037WA0029700242
B2334354806303N11941044WA0029600242
B2334364806293N11941052WA0029600241
B2334374806285N11941061WA0029600242
B2334384806277N11941070WA0029600242
B2334394806269N11941081WA0029500241
B2334404806261N11941092WA0029500241
B2334414806254N11941104WA0029500242
B2334424806247N11941116WA0029500241
B2334434806240N11941129WA0029500241
B2334444806233N11941142WA0029400241
B2334454806227N11941157WA0029400240
B2334464806222N11941172WA0029400240
B2334474806217N11941189WA0029300240
B2334484806213N11941206WA0029300240
B2334494806210N11941223WA0029300240
B2334504806208N11941242WA0029200239
B2334514806206N11941260WA0029200238
B2334524806205N11941279WA0029100237
B2334534806205N11941298WA0029100237
B2334544806205N11941318WA0029100236
B2334554806205N11941337WA0029100236
B2334564806205N11941356WA0029000237
B2334574806204N11941376WA0029000237
B2334584806204N11941396WA0029000236
B2334594806204N11941416WA0029000236
B2335004806204N11941436WA0029000237
B2335014806204N11941456WA0028900237
B2335024806204N11941477WA0028900237
B2335034806204N11941497WA0028900237
B2335044806203N11941517WA0028900237
B2335054806203N11941537WA0028900237
B2335064806204N11941557WA0028900237
B2335074806204N11941578WA0028900238
B2335084806204N11941598WA0028900238
B2335094806204N11941619WA0028900238
B2335104806204N11941639WA0028900238
B2335114806204N11941660WA0028800238
B2335124806204N11941682WA0028800238
B2335134806204N11941703WA0028800238
B2335144806204N11941725WA0028800238
B2335154806204N11941746WA0028800238
B2335164806204N11941768WA0028800238
B2335174806204N11941789WA0028800238
B2335184806204N11941810WA0028800238
B2335194806204N11941831WA0028800238
B2335204806205N11941853WA0028800238
B2335214806205N11941874WA0028800237
B2335224806205N11941896WA0028800237
B2335234806205N11941917WA0028800237
B2335244806205N11941938WA0028700237
B2335254806205N11941960WA0028700237
B2335264806205N11941981WA0028700238
B2335274806205N11942002WA0028700238
B2335284806205N11942024WA0028700238
B2335294806205N11942045WA0028700237
B2335304806204N11942065WA0028700237
B2335314806203N11942086WA0028700237
B2335324806201N11942107WA0028700238
B2335334806199N11942128WA0028700239
B2335344806198N11942149WA0028700240
B2335354806196N11942171WA0028700240
B2335364806195N11942192WA0028700241
B2335374806194N11942213WA0028700241
B2335384806193N11942234WA0028700241
B2335394806191N11942256WA0028700242
B2335404806190N11942277WA0028700242
B2335414806189N11942298WA0028700242
B2335424806187N11942319WA0028700242
B2335434806186N11942341WA0028700242
B2335444806185N11942362WA0028800243
B2335454806183N11942383WA0028800243
B2335464806182N11942404WA0028800244
B2335474806181N11942425WA0028800245
B2335484806179N11942446WA0028900245
B2335494806178N11942468WA0028900246
B2335504806176N11942488WA0028900246
B2335514806175N11942509WA0028900246
B2335524806174N11942530WA0029000247
B2335534806172N11942551WA0029000247
B2335544806171N11942572WA0029100247
B2335554806169N11942593WA0029100247
B2335564806168N11942614WA0029100247
B2335574806166N11942635WA0029200247
B2335584806165N11942656WA0029200246
B2335594806163N11942677WA0029200247
B2336004806161N11942698WA0029300247
B2336014806159N11942719WA0029300247
B2336024806156N11942739WA0029400248
B2336034806154N11942760WA0029400248
B2336044806151N11942780WA0029500250
B2336054806149N11942800WA0029500250
B2336064806146N11942821WA0029600250
B2336074806144N11942841WA0029600250
B2336084806141N11942862WA0029700251
B2336094806139N11942883WA0029800250
B2336104806138N11942904WA0029900252
B2336114806137N11942926WA0029900253
B2336124806137N11942947WA0030000253
B2336134806136N11942968WA0030100253
B2336144806137N11942990WA0030200254
B2336154806138N11943011WA0030300254
B2336164806139N11943032WA0030400255
B2336174806141N11943054WA0030400256
B2336184806143N11943075WA0030500257
B2336194806145N11943096WA0030600257
B2336204806148N11943117WA0030700258
B2336214806150N11943138WA0030800260
B2336224806152N11943159WA0030900261
B2336234806155N11943181WA0031000262
B2336244806157N11943202WA0031100262
B2336254806159N11943223WA0031200262
B2336264806161N11943245WA0031300263
B2336274806163N11943265WA0031400264
B2336284806166N11943287WA0031500266
B2336294806168N11943307WA0031500266
B2336304806170N11943328WA0031700268
B2336314806173N11943350WA0031700268
B2336324806175N11943371WA0031800269
B2336334806177N11943392WA0031900270
B2336344806179N11943413WA0032000270
B2336354806182N11943434WA0032000270
B2336364806184N11943455WA0032100270
B2336374806187N11943476WA0032100271
B2336384806189N11943497WA0032200271
B2336394806191N11943519WA0032200272
B2336404806193N11943539WA0032200272
B2336414806196N11943560WA0032300273
B2336424806198N11943582WA0032300274
B2336434806200N11943603WA0032300274
B2336444806203N11943624WA0032300274
B2336454806205N11943645WA0032300274
B2336464806207N11943667WA0032300274
B2336474806210N11943688WA0032300274
B2336484806212N11943709WA0032300275
B2336494806214N11943730WA0032300275
B2336504806216N11943751WA0032300275
B2336514806218N11943773WA0032300274
B2336524806221N11943794WA0032300275
B2336534806223N11943815WA0032300276
B2336544806226N11943836WA0032300277
B2336554806228N11943857WA0032300278
B2336564806230N11943878WA0032300279
B2336574806232N11943899WA0032300279
B2336584806235N11943920WA0032300279
B2336594806237N11943942WA0032200278
B2337004806240N11943963WA0032200278
B2337014806242N11943984WA0032200278
B2337024806245N11944005WA0032200278
B2337034806247N11944026WA0032200277
B2337044806249N11944047WA0032200276
B2337054806251N11944068WA0032200276
B2337064806253N11944088WA0032100276
B2337074806255N11944107WA0032100276
B2337084806257N11944126WA0032100275
B2337094806260N11944144WA0032100276
B2337104806262N11944162WA0032000276
B2337114806266N11944179WA0032000274
B2337124806270N11944195WA0032000275
B2337134806276N11944210WA0031900274
B2337144806282N11944225WA0031900273
B2337154806289N11944238WA0031900275
B2337164806297N11944251WA0031900274
B2337174806306N11944262WA0031800274
B2337184806315N11944272WA0031800275
B2337194806325N11944280WA0031800276
B2337204806336N11944288WA0031800276
B2337214806348N11944294WA0031800276
B2337224806359N11944300WA0031700276
B2337234806370N11944307WA0031700278
B2337244806381N11944313WA0031700278
B2337254806392N11944321WA0031700279
B2337264806403N11944329WA0031700280
B2337274806413N11944339WA0031700281
B2337284806423N11944349WA0031700281
B2337294806433N11944361WA0031700281
B2337304806441N11944374WA0031800282
B2337314806449N11944389WA0031800284
B2337324806456N11944404WA0031900285
B2337334806462N11944420WA0031900286
B2337344806468N11944436WA0032000286
B2337354806471N11944454WA0032000286
B2337364806474N11944472WA0032100288
B2337374806476N11944490WA0032100290
B2337384806477N11944509WA0032200291
B2337394806478N11944527WA0032200293
B2337404806479N11944546WA0032300293
B2337414806480N11944565WA0032300292
B2337424806481N11944584WA0032400291
B2337434806482N11944603WA0032400291
B2337444806483N11944623WA0032500291
B2337454806484N11944643WA0032500290
B2337464806485N11944662WA0032600290
B2337474806486N11944682WA0032600290
B2337484806487N11944702WA0032600290
B2337494806488N11944722WA0032600290
B2337504806489N11944743WA0032600289
B2337514806490N11944763WA0032600289
B2337524806491N11944783WA0032600289
B2337534806492N11944803WA0032700289
B2337544806493N11944824WA0032700288
B2337554806494N11944843WA0032700288
B2337564806495N11944863WA0032600288
B2337574806496N11944883WA0032600288
B2337584806497N11944903WA0032600288
B2337594806498N11944924WA0032600287
B2338004806499N11944945WA0032600287
B2338014806500N11944965WA0032600286
B2338024806501N11944986WA0032600286
B2338034806502N11945007WA0032600286
B2338044806503N11945027WA0032600285
B2338054806504N11945048WA0032600285
B2338064806505N11945070WA0032600284
B2338074806506N11945091WA0032500284
B2338084806507N11945112WA0032500284
B2338094806508N11945133WA0032500284
B2338104806509N11945154WA0032500284
B2338114806510N11945174WA0032500283
B2338124806511N11945195WA0032500283
B2338134806512N11945216WA0032500282
B2338144806513N11945237WA0032400281
B2338154806514N11945258WA0032400281
B2338164806515N11945279WA0032400281
B2338174806517N11945301WA0032400280
B2338184806519N11945322WA0032400280
B2338194806520N11945343WA0032400279
B2338204806522N11945364WA0032400279
B2338214806524N11945386WA0032300279
B2338224806526N11945407WA0032300278
B2338234806528N11945428WA0032300279
B2338244806530N11945449WA0032300278
B2338254806532N11945470WA0032300277
B2338264806534N11945492WA0032300277
B2338274806536N11945513WA0032200276
B2338284806538N11945534WA0032200275
B2338294806539N11945556WA0032200275
B2338304806541N11945577WA0032200274
B2338314806543N11945598WA0032200274
B2338324806545N11945620WA0032200273
B2338334806547N11945641WA0032200273
B2338344806549N11945662WA0032100272
B2338354806551N11945683WA0032100272
B2338364806553N11945704WA0032100271
B2338374806555N11945726WA0032000271
B2338384806557N11945747WA0032000270
B2338394806559N11945768WA0032000269
B2338404806561N11945789WA0031900268
B2338414806563N11945810WA0031900268
B2338424806565N11945832WA0031900267
B2338434806566N11945853WA0031900266
B2338444806568N11945874WA0031900266
B2338454806570N11945895WA0031800266
B2338464806572N11945917WA0031800266
B2338474806574N11945938WA0031800265
B2338484806576N11945959WA0031700265
B2338494806578N11945980WA0031700264
B2338504806580N11946002WA0031700264
B2338514806582N11946023WA0031600264
B2338524806584N11946044WA0031600262
B2338534806586N11946064WA0031600261
B2338544806587N11946084WA0031600262
B2338554806589N11946104WA0031600263
B2338564806590N11946122WA0031600263
B2338574806592N11946141WA0031600264
B2338584806593N11946158WA0031600264
B2338594806593N11946175WA0031600266
B2339004806593N11946191WA0031600268
B2339014806591N11946208WA0031700269
B2339024806589N11946223WA0031700270
B2339034806586N11946238WA0031700271
B2339044806583N11946253WA0031800272
B2339054806581N11946268WA0031800272
B2339064806578N11946283WA0031800273
B2339074806575N11946298WA0031900273
B2339084806572N11946313WA0031900274
B2339094806570N11946327WA0031900274
B2339104806567N11946342WA0032000274
B2339114806564N11946356WA0032000275
B2339124806562N11946370WA0032000275
B2339134806559N11946384WA0032000275
B2339144806556N11946398WA0032000275
B2339154806554N11946412WA0032000275
B2339164806551N11946426WA0032100275
B2339174806549N11946439WA0032100275
B2339184806546N11946453WA0032100275
B2339194806543N11946467WA0032100274
B2339204806539N11946480WA0032100273
B2339214806535N11946493WA0032100273
B2339224806531N11946506WA0032000272
B2339234806527N11946519WA0032000272
B2339244806522N11946532WA0032000271
B2339254806517N11946545WA0032000270
B2339264806511N11946558WA0032000269
B2339274806506N11946571WA0031900269
LXFM live.flymaster.net version 1.01
LXFM Created 2025-06-26 23:39:42
LXFM flight id 1616543
G5577E8D66225D288ABD424E842C52237
