AXFMSFP Flymaster Live, V1.0, S/N 266372
HFFXA010
HFPLTPILOT:Brad Gunnuscio
HFGTYGLIDERTYPE: 
HFGIDGLIDERID:
HFDTM100GPSDATUM:WGS-1984
HFCIDCOMPETITIONID:971
HFCCLCOMPETITIONCLASS:
HOSITSITE:Chelan Butte-US
HFGPS:UBLOXNEO6
HFPRSPRESSALTSENSOR:NA
HFRFWFIRMWAREVERSION:203f
HFRHWHARDWAREVERSION:1.0R2
HFFTYFRTYPE:FLYMASTER,LIVE
HFDTE250625
B1705164748272N12002327WA0105201135
B1705174748273N12002326WA0105801137
B1705184748273N12002323WA0106501135
B1705194748273N12002319WA0107001136
B1705204748272N12002315WA0107601137
B1705214748273N12002316WA0107901138
B1705224748274N12002315WA0108401135
B1705234748275N12002318WA0108701136
B1705244748276N12002319WA0109001134
B1705254748278N12002320WA0109201134
B1705264748279N12002325WA0109501134
B1705274748281N12002326WA0109701132
B1705284748283N12002327WA0109901131
B1705294748284N12002327WA0110001131
B1705304748284N12002326WA0110101131
B1705314748286N12002325WA0110201133
B1705324748286N12002325WA0110301132
B1705334748287N12002325WA0110401134
B1705344748288N12002325WA0110501134
B1705354748289N12002325WA0110501134
B1705364748292N12002327WA0110601135
B1705374748292N12002325WA0110601136
B1705384748293N12002324WA0110701139
B1705394748293N12002322WA0110701139
B1705404748293N12002322WA0110701141
B1705414748294N12002321WA0110801141
B1705424748295N12002320WA0110801141
B1705434748295N12002319WA0110801140
B1705444748295N12002320WA0110801141
B1705454748296N12002320WA0110801139
B1705464748296N12002320WA0110901138
B1705474748296N12002320WA0110901139
B1705484748296N12002319WA0110901140
B1705494748296N12002319WA0110901141
B1705504748296N12002319WA0110901141
B1705514748297N12002320WA0110901141
B1705524748297N12002320WA0110901141
B1705534748296N12002320WA0110901141
B1705544748296N12002320WA0110901141
B1705554748296N12002320WA0110901141
B1705564748296N12002320WA0110901140
B1705574748296N12002320WA0110901140
B1705584748296N12002319WA0110901140
B1705594748296N12002319WA0110901140
B1706004748296N12002319WA0110901140
B1706014748296N12002319WA0110901139
B1706024748296N12002319WA0110901139
B1706034748296N12002319WA0110901139
B1706044748296N12002319WA0110901139
B1706054748295N12002319WA0110901138
B1706064748295N12002319WA0110901138
B1706074748295N12002319WA0110901138
B1706084748295N12002319WA0110901138
B1706094748295N12002320WA0110901138
B1706104748295N12002320WA0110901138
B1706114748295N12002320WA0110901137
B1706124748295N12002320WA0110901137
B1706134748295N12002320WA0110901136
B1706144748295N12002320WA0110901136
B1706154748295N12002319WA0110901136
B1706164748295N12002320WA0110901135
B1706174748295N12002320WA0110901135
B1706184748295N12002320WA0110901135
B1706194748295N12002320WA0110901134
B1706204748295N12002320WA0110901134
B1706214748295N12002320WA0110901134
B1706224748295N12002320WA0110901133
B1706234748295N12002320WA0110901133
B1706244748295N12002320WA0110901133
B1706254748295N12002320WA0110901133
B1706264748295N12002320WA0110901132
B1706274748295N12002320WA0110901132
B1706284748295N12002320WA0110901132
B1706294748295N12002320WA0110901132
B1706304748295N12002320WA0110901131
B1706314748295N12002320WA0110901131
B1706324748295N12002320WA0110901131
B1706334748295N12002320WA0110901131
B1706344748295N12002320WA0110901131
B1706354748294N12002320WA0110901131
B1706364748294N12002320WA0110901130
B1706374748294N12002320WA0110901130
B1706384748294N12002320WA0110901130
B1706394748294N12002320WA0110901130
B1706404748294N12002320WA0110901130
B1706414748294N12002320WA0110901129
B1706424748294N12002320WA0110901129
B1706434748294N12002320WA0110901129
B1706444748294N12002320WA0110901129
B1706454748294N12002320WA0110901129
B1706464748294N12002320WA0110901129
B1706474748294N12002320WA0110901128
B1706484748294N12002320WA0110901128
B1706494748294N12002320WA0110901128
B1706504748294N12002320WA0110901128
B1706514748294N12002320WA0110901128
B1706524748294N12002321WA0110901128
B1706534748294N12002320WA0110901128
B1706544748294N12002320WA0110901127
B1706554748294N12002320WA0110901127
B1706564748294N12002320WA0110901127
B1706574748294N12002320WA0110901127
B1706584748294N12002320WA0110901127
B1706594748294N12002320WA0110901127
B1707004748294N12002320WA0110901127
B1707014748294N12002320WA0110901127
B1707024748294N12002320WA0110901126
B1707034748294N12002320WA0110901126
B1707044748294N12002320WA0110901126
B1707054748294N12002320WA0110901126
B1707064748294N12002320WA0110901126
B1707074748294N12002320WA0110901126
B1707084748294N12002320WA0110901126
B1707094748294N12002320WA0110901126
B1707104748294N12002320WA0110901126
B1707114748294N12002320WA0110901126
B1707124748294N12002320WA0110901126
B1707134748294N12002320WA0110901125
B1707144748294N12002320WA0110901125
B1707154748294N12002320WA0110901125
B1707164748294N12002320WA0110901125
B1707174748294N12002320WA0110901125
B1707184748294N12002321WA0110901125
B1707194748293N12002321WA0110901124
B1707204748293N12002321WA0110901124
B1707214748293N12002321WA0110901124
B1707224748293N12002321WA0110901124
B1707234748293N12002321WA0110901124
B1707244748293N12002321WA0110901124
B1707254748293N12002321WA0110901124
B1707264748293N12002321WA0110901124
B1707274748293N12002321WA0110901124
B1707284748293N12002321WA0110901124
B1707294748293N12002321WA0110901124
B1707304748294N12002321WA0110901124
B1707314748294N12002321WA0110901124
B1707324748294N12002321WA0110901124
B1707334748294N12002321WA0110901124
B1707344748294N12002321WA0110901124
B1707354748294N12002321WA0110901124
B1707364748294N12002321WA0110901124
B1707374748293N12002321WA0110901124
B1707384748293N12002321WA0110901124
B1707394748293N12002321WA0110901124
B1707404748293N12002321WA0110901124
B1707414748293N12002321WA0110901124
B1707424748293N12002321WA0110901124
B1707434748293N12002321WA0110901124
B1707444748293N12002321WA0110901124
B1707454748293N12002321WA0110901124
B1707464748293N12002321WA0110901124
B1707474748293N12002321WA0110901124
B1707484748293N12002321WA0110901124
B1707494748293N12002321WA0110901124
B1707504748293N12002321WA0110901123
B1707514748293N12002321WA0110901123
B1707524748293N12002321WA0110901123
B1707534748293N12002321WA0110901123
B1707544748293N12002321WA0110901123
B1707554748293N12002321WA0110901123
B1707564748293N12002321WA0110901123
B1707574748293N12002321WA0110901123
B1707584748293N12002321WA0110901123
B1707594748293N12002321WA0110901122
B1708004748293N12002321WA0110901122
B1708014748293N12002321WA0110901122
B1708024748293N12002321WA0110901122
B1708034748293N12002321WA0110901123
B1708044748293N12002321WA0110901123
B1708054748293N12002321WA0110901123
B1708064748293N12002321WA0110901123
B1708074748293N12002321WA0110901123
B1708084748293N12002321WA0110901123
B1708094748293N12002321WA0110901123
B1708104748293N12002321WA0110901123
B1708114748293N12002321WA0110901123
B1708124748293N12002321WA0110901123
B1708134748293N12002321WA0110901123
B1708144748293N12002321WA0110901123
B1708154748293N12002321WA0110901123
B1708164748293N12002321WA0110901123
B1708174748293N12002321WA0110901123
B1708184748293N12002321WA0110901123
B1708194748293N12002322WA0110901123
B1708204748293N12002322WA0110901123
B1708214748293N12002322WA0110901123
B1708224748293N12002322WA0110901123
B1708234748293N12002322WA0110901123
B1708244748293N12002322WA0110901123
B1708254748293N12002322WA0110901123
B1708264748293N12002322WA0110901123
B1708274748293N12002322WA0110901123
B1708284748293N12002322WA0110901122
B1708294748293N12002322WA0110901122
B1708304748293N12002322WA0110901122
B1708314748293N12002322WA0110901122
B1708324748293N12002322WA0110901122
B1708334748293N12002322WA0110901122
B1708344748293N12002322WA0110901122
B1708354748293N12002322WA0110901122
B1708364748293N12002322WA0110901122
B1708374748293N12002322WA0110901122
B1708384748293N12002322WA0110901122
B1708394748293N12002322WA0110901122
B1708404748293N12002322WA0110901122
B1708414748293N12002322WA0110901122
B1708424748293N12002322WA0110901122
B1708434748293N12002322WA0110901122
B1708444748293N12002322WA0110901122
B1708454748292N12002322WA0110901122
B1708464748292N12002322WA0110901122
B1708474748292N12002322WA0110901122
B1708484748292N12002322WA0110901122
B1708494748293N12002322WA0110901121
B1708504748293N12002322WA0110901121
B1708514748293N12002322WA0110901121
B1708524748293N12002322WA0110901121
B1708534748293N12002322WA0110901121
B1708544748293N12002322WA0110901122
B1708554748293N12002322WA0110901122
B1708564748293N12002322WA0110901122
B1708574748293N12002322WA0110901122
B1708584748293N12002322WA0110901122
B1708594748293N12002322WA0110901122
B1709004748293N12002322WA0110901122
B1709014748293N12002322WA0110901122
B1709024748293N12002322WA0110901123
B1709034748293N12002322WA0111001123
B1709044748293N12002322WA0111001123
B1709054748293N12002322WA0111001123
B1709064748293N12002322WA0111001123
B1709074748293N12002322WA0111001123
B1709084748293N12002322WA0111001123
B1709094748293N12002322WA0111001123
B1709104748293N12002322WA0111001123
B1709114748293N12002322WA0111001123
B1709124748293N12002322WA0111001124
B1709134748293N12002322WA0111001124
B1709144748293N12002322WA0111001124
B1709154748293N12002322WA0111001124
B1709164748293N12002322WA0111001124
B1709174748293N12002322WA0111001124
B1709184748293N12002322WA0110901124
B1709194748293N12002322WA0110901124
B1709204748293N12002322WA0110901124
B1709214748293N12002322WA0110901124
B1709224748293N12002322WA0110901124
B1709234748293N12002322WA0110901124
B1709244748293N12002322WA0110901124
B1709254748293N12002322WA0110901124
B1709264748293N12002322WA0110901124
B1709274748293N12002322WA0110901124
B1709284748293N12002322WA0110901124
B1709294748293N12002322WA0110901124
B1709304748293N12002322WA0110901124
B1709314748293N12002322WA0110901124
B1709324748293N12002322WA0110901124
B1709334748293N12002322WA0110901124
B1709344748293N12002322WA0110901124
B1709354748293N12002322WA0110901124
B1709364748293N12002322WA0110901125
B1709374748293N12002322WA0110901125
B1709384748293N12002322WA0110901125
B1709394748293N12002322WA0110901125
B1709404748293N12002322WA0110901125
B1709414748293N12002322WA0110901125
B1709424748293N12002322WA0110901125
B1709434748293N12002322WA0110901125
B1709444748293N12002322WA0110901125
B1709454748293N12002322WA0111001125
B1709464748293N12002322WA0111001125
B1709474748293N12002322WA0111001126
B1709484748293N12002322WA0111001126
B1709494748293N12002322WA0111001126
B1709504748293N12002322WA0111001126
B1709514748293N12002322WA0111001126
B1709524748293N12002322WA0111001126
B1709534748293N12002322WA0111001126
B1709544748293N12002323WA0111001126
B1709554748293N12002323WA0111001126
B1709564748293N12002323WA0111001126
B1709574748293N12002323WA0111001126
B1709584748293N12002323WA0111001126
B1709594748293N12002323WA0111001126
B1710004748293N12002323WA0111001127
B1710014748293N12002323WA0111001127
B1710024748293N12002323WA0111001127
B1710034748293N12002323WA0111001127
B1710044748293N12002323WA0111001127
B1710054748293N12002323WA0111001127
B1710064748293N12002323WA0111001127
B1710074748293N12002323WA0111001127
B1710084748293N12002323WA0111001127
B1710094748293N12002323WA0111001127
B1710104748293N12002323WA0111001127
B1710114748293N12002323WA0111001127
B1710124748293N12002323WA0111001127
B1710134748293N12002323WA0111001127
B1710144748293N12002323WA0111001127
B1710154748293N12002323WA0111001127
B1710164748293N12002323WA0111001127
B1710174748293N12002323WA0111001127
B1710184748293N12002323WA0111001127
B1710194748293N12002323WA0111001127
B1710204748293N12002323WA0111001127
B1710214748293N12002323WA0111001127
B1710224748293N12002323WA0111001127
B1710234748293N12002323WA0111001127
B1710244748293N12002323WA0111001127
B1710254748293N12002323WA0111001127
B1710264748293N12002323WA0111001127
B1710274748293N12002323WA0111001127
B1710284748293N12002323WA0111001127
B1710294748293N12002323WA0111001127
B1710304748293N12002323WA0111001127
B1710314748293N12002323WA0111001127
B1710324748293N12002323WA0111001127
B1710334748293N12002323WA0111001127
B1710344748293N12002323WA0111001127
B1710354748293N12002322WA0111001127
B1710364748293N12002322WA0111001127
B1710374748293N12002322WA0111001126
B1710384748293N12002322WA0111001126
B1710394748293N12002322WA0111001126
B1710404748293N12002322WA0111001126
B1710414748293N12002322WA0111001126
B1710424748293N12002322WA0111001126
B1710434748293N12002322WA0111001127
B1710444748293N12002322WA0111001127
B1710454748293N12002322WA0111001126
B1710464748293N12002322WA0111001126
B1710474748293N12002322WA0111001126
B1710484748293N12002322WA0111001126
B1710494748293N12002322WA0111001126
B1710504748293N12002322WA0111001126
B1710514748293N12002322WA0111001126
B1710524748293N12002322WA0111001126
B1710534748293N12002322WA0111001126
B1710544748293N12002322WA0111001126
B1710554748293N12002322WA0110901126
B1710564748293N12002322WA0110901126
B1710574748293N12002322WA0110901126
B1710584748293N12002322WA0111001126
B1710594748293N12002322WA0111001126
B1711004748293N12002322WA0110901126
B1711014748293N12002322WA0110901126
B1711024748293N12002322WA0110901126
B1711034748293N12002322WA0111001126
B1711044748293N12002322WA0111001126
B1711054748293N12002322WA0111001126
B1711064748293N12002322WA0111001126
B1711074748293N12002322WA0110901126
B1711084748293N12002322WA0111001126
B1711094748293N12002322WA0111001126
B1711104748293N12002322WA0111001126
B1711114748293N12002322WA0111001127
B1711124748293N12002322WA0111001127
B1711134748293N12002322WA0111001126
B1711144748293N12002322WA0111001126
B1711154748293N12002322WA0111001126
B1711164748293N12002322WA0111001126
B1711174748293N12002322WA0111001126
B1711184748293N12002322WA0111001126
B1711194748293N12002322WA0111001126
B1711204748293N12002322WA0111001126
B1711214748293N12002322WA0111001126
B1711224748293N12002322WA0111001126
B1711234748293N12002322WA0111001126
B1711244748292N12002322WA0111001126
B1711254748293N12002322WA0111001126
B1711264748293N12002322WA0111001126
B1711274748293N12002322WA0111001126
B1711284748293N12002322WA0111001126
B1711294748293N12002322WA0111001126
B1711304748293N12002322WA0111001126
B1711314748292N12002322WA0111001126
B1711324748292N12002322WA0111001126
B1711334748292N12002322WA0111001126
B1711344748292N12002322WA0111001126
B1711354748292N12002322WA0111001126
B1711364748292N12002322WA0111001126
B1711374748293N12002322WA0111001126
B1711384748293N12002322WA0111001126
B1711394748293N12002322WA0111001126
B1711404748293N12002322WA0111001126
B1711414748293N12002322WA0111001126
B1711424748293N12002322WA0111001126
B1711434748293N12002322WA0111001126
B1711444748293N12002322WA0111001126
B1711454748293N12002322WA0111001125
B1711464748293N12002322WA0111001125
B1711474748293N12002322WA0111001125
B1711484748293N12002322WA0111001125
B1711494748293N12002322WA0111001125
B1711504748293N12002322WA0111001125
B1711514748293N12002322WA0111001125
B1711524748293N12002322WA0111001125
B1711534748293N12002322WA0111001125
B1711544748293N12002322WA0111001125
B1711554748293N12002322WA0111001125
B1711564748293N12002322WA0111001125
B1711574748293N12002322WA0111001125
B1711584748293N12002322WA0111001125
B1711594748293N12002322WA0111001125
B1712004748293N12002322WA0111001125
B1712014748293N12002322WA0111001125
B1712024748293N12002322WA0111001125
B1712034748293N12002322WA0111001125
B1712044748293N12002322WA0111001125
B1712054748293N12002322WA0111001125
B1712064748293N12002322WA0111001125
B1712074748293N12002322WA0111001125
B1712084748293N12002322WA0111001125
B1712094748293N12002322WA0111001125
B1712104748293N12002322WA0111001125
B1712114748293N12002322WA0111001125
B1712124748293N12002322WA0111001125
B1712134748293N12002322WA0111001125
B1712144748293N12002322WA0111001125
B1712154748293N12002322WA0111001125
B1712164748293N12002322WA0111001125
B1712174748293N12002322WA0111001125
B1712184748293N12002322WA0111001125
B1712194748293N12002322WA0111001125
B1712204748293N12002322WA0111001125
B1712214748293N12002322WA0111001125
B1712224748293N12002322WA0111001125
B1712234748293N12002322WA0111001125
B1712244748293N12002322WA0111001125
B1712254748293N12002322WA0111001124
B1712264748293N12002322WA0111001124
B1712274748293N12002322WA0111001124
B1712284748293N12002322WA0111001124
B1712294748293N12002322WA0111001124
B1712304748293N12002322WA0111001124
B1712314748293N12002322WA0111001124
B1712324748293N12002322WA0111001124
B1712334748293N12002322WA0111001124
B1712344748293N12002322WA0111001124
B1712354748293N12002322WA0111001124
B1712364748293N12002322WA0111001124
B1712374748293N12002322WA0111001124
B1712384748293N12002322WA0111001124
B1712394748293N12002322WA0111001124
B1712404748293N12002322WA0111001124
B1712414748293N12002322WA0111001124
B1712424748293N12002322WA0111001124
B1712434748293N12002322WA0111001124
B1712444748293N12002322WA0111001124
B1712454748293N12002322WA0111001124
B1712464748293N12002322WA0111001124
B1712474748293N12002322WA0111001124
B1712484748293N12002322WA0111001124
B1712494748293N12002322WA0111001124
B1712504748293N12002322WA0111001124
B1712514748293N12002322WA0111001124
B1712524748293N12002322WA0111001124
B1712534748293N12002322WA0111001124
B1712544748293N12002322WA0111001124
B1712554748293N12002323WA0111001124
B1712564748293N12002323WA0111001124
B1712574748293N12002323WA0111001124
B1712584748293N12002322WA0111001124
B1712594748293N12002322WA0111001124
B1713004748293N12002322WA0111001124
B1713014748293N12002322WA0111001124
B1713024748293N12002322WA0111001124
B1713034748293N12002322WA0111001124
B1713044748293N12002322WA0111001124
B1713054748293N12002322WA0111001124
B1713064748293N12002322WA0111001124
B1713074748293N12002322WA0111001124
B1713084748293N12002322WA0111001124
B1713094748293N12002322WA0111001124
B1713104748293N12002322WA0111001124
B1713114748293N12002322WA0111001124
B1713124748293N12002322WA0111001124
B1713134748293N12002322WA0111001124
B1713144748293N12002322WA0111001124
B1713154748293N12002322WA0111001123
B1713164748293N12002322WA0111001123
B1713174748293N12002322WA0111001123
B1713184748293N12002322WA0111001123
B1713194748294N12002322WA0111001123
B1713204748294N12002322WA0111001123
B1713214748294N12002322WA0111001123
B1713224748294N12002322WA0111001123
B1713234748294N12002322WA0111001123
B1713244748294N12002322WA0111001123
B1713254748294N12002322WA0111001123
B1713264748294N12002322WA0111001123
B1713274748294N12002321WA0111001123
B1713284748294N12002321WA0111001123
B1713294748294N12002321WA0111001123
B1713304748294N12002321WA0111001123
B1713314748294N12002321WA0111001123
B1713324748294N12002321WA0111001123
B1713334748294N12002321WA0111001123
B1713344748294N12002321WA0111001122
B1713354748294N12002321WA0111001122
B1713364748294N12002321WA0111001122
B1713374748294N12002321WA0111001122
B1713384748294N12002321WA0111001122
B1713394748294N12002321WA0111001122
B1713404748294N12002321WA0111001122
B1713414748294N12002321WA0111001123
B1713424748294N12002321WA0111001123
B1713434748294N12002321WA0111001123
B1713444748294N12002321WA0111001123
B1713454748294N12002321WA0111001123
B1713464748294N12002321WA0111001123
B1713474748294N12002321WA0111001123
B1713484748294N12002321WA0111001123
B1713494748294N12002321WA0111001123
B1713504748294N12002321WA0111001123
B1713514748294N12002321WA0111001123
B1713524748294N12002321WA0111001123
B1713534748294N12002321WA0111001123
B1713544748294N12002321WA0111001123
B1713554748294N12002321WA0111001123
B1713564748294N12002321WA0111001123
B1713574748294N12002321WA0111001123
B1713584748294N12002321WA0111001123
B1713594748294N12002321WA0111001123
B1714004748294N12002321WA0111001123
B1714014748294N12002321WA0111001123
B1714024748294N12002321WA0111001123
B1714034748294N12002321WA0111001123
B1714044748294N12002321WA0111001123
B1714054748294N12002321WA0111001123
B1714064748294N12002321WA0111001123
B1714074748294N12002321WA0111001123
B1714084748294N12002321WA0111001123
B1714094748294N12002321WA0111001123
B1714104748294N12002321WA0111001123
B1714114748294N12002321WA0111001123
B1714124748294N12002321WA0111001123
B1714134748294N12002321WA0111001123
B1714144748294N12002321WA0111001123
B1714154748294N12002321WA0111001123
B1714164748294N12002321WA0111001123
B1714174748294N12002321WA0111001123
B1714184748294N12002321WA0111001123
B1714194748294N12002321WA0111001123
B1714204748294N12002321WA0111001124
B1714214748294N12002321WA0111001124
B1714224748294N12002321WA0111001124
B1714234748294N12002321WA0111001124
B1714244748294N12002321WA0111001124
B1714254748294N12002321WA0111001124
B1714264748294N12002321WA0111001124
B1714274748294N12002321WA0111001124
B1714284748294N12002321WA0111001124
B1714294748294N12002321WA0111001124
B1714304748294N12002321WA0111001125
B1714314748294N12002321WA0111001125
B1714324748294N12002321WA0111001125
B1714334748294N12002321WA0111001125
B1714344748294N12002321WA0111001125
B1714354748294N12002321WA0111001125
B1714364748294N12002321WA0111001125
B1714374748293N12002321WA0111001125
B1714384748293N12002321WA0111001125
B1714394748293N12002321WA0111001125
B1714404748293N12002321WA0111001125
B1714414748293N12002321WA0111001125
B1714424748293N12002321WA0111001125
B1714434748293N12002321WA0111001125
B1714444748293N12002321WA0111001125
B1714454748293N12002321WA0111001125
B1714464748293N12002321WA0111001125
B1714474748293N12002321WA0111001125
B1714484748293N12002321WA0111001125
B1714494748293N12002321WA0111001125
B1714504748293N12002321WA0111001125
B1714514748293N12002321WA0111001126
B1714524748293N12002321WA0111001126
B1714534748293N12002321WA0111001126
B1714544748293N12002321WA0111001126
B1714554748293N12002321WA0111001126
B1714564748293N12002321WA0111001126
B1714574748293N12002321WA0111001126
B1714584748293N12002321WA0111001126
B1714594748293N12002321WA0111001127
B1715004748293N12002321WA0111001127
B1715014748293N12002321WA0111001127
B1715024748293N12002321WA0111001127
B1715034748293N12002321WA0111001127
B1715044748293N12002321WA0111001127
B1715054748293N12002321WA0111001127
B1715064748293N12002321WA0111001127
B1715074748293N12002321WA0111001127
B1715084748293N12002321WA0111001127
B1715094748293N12002321WA0111001127
B1715104748293N12002321WA0111001127
B1715114748293N12002321WA0111001127
B1715124748293N12002321WA0111001127
B1715134748293N12002321WA0111001127
B1715144748293N12002321WA0111001127
B1715154748293N12002321WA0111001127
B1715164748293N12002321WA0111001127
B1715174748293N12002321WA0111001127
B1715184748293N12002321WA0111001127
B1715194748293N12002321WA0111001127
B1715204748293N12002321WA0111001127
B1715214748293N12002321WA0111001127
B1715224748293N12002321WA0111001127
B1715234748293N12002321WA0111001127
B1715244748293N12002321WA0111001127
B1715254748293N12002321WA0111001127
B1715264748293N12002321WA0111001127
B1715274748293N12002321WA0111001127
B1715284748293N12002321WA0111001127
B1715294748293N12002321WA0111001127
B1715304748293N12002321WA0111001127
B1715314748293N12002321WA0111001127
B1715324748293N12002321WA0111001127
B1715334748293N12002321WA0111001128
B1715344748293N12002321WA0111001128
B1715354748293N12002321WA0111001128
B1715364748293N12002321WA0111001128
B1715374748293N12002321WA0111001128
B1715384748293N12002321WA0111001128
B1715394748293N12002321WA0111001128
B1715404748293N12002321WA0111001128
B1715414748293N12002321WA0111001128
B1715424748293N12002321WA0111001128
B1715434748293N12002321WA0111001128
B1715444748293N12002321WA0111001128
B1715454748293N12002321WA0111001128
B1715464748293N12002321WA0111001128
B1715474748293N12002321WA0111001128
B1715484748293N12002321WA0111001128
B1715494748293N12002321WA0111001128
B1715504748293N12002321WA0111001127
B1715514748293N12002321WA0111001127
B1715524748293N12002321WA0111001127
B1715534748293N12002321WA0111001127
B1715544748293N12002321WA0111001127
B1715554748293N12002321WA0111001127
B1715564748293N12002321WA0111001127
B1715574748293N12002321WA0111001127
B1715584748293N12002321WA0111001127
B1715594748293N12002321WA0111001127
B1716004748293N12002321WA0111001127
B1716014748293N12002321WA0111001127
B1716024748293N12002321WA0111001127
B1716034748292N12002321WA0111001127
B1716044748292N12002321WA0111001127
B1716054748292N12002321WA0111001127
B1716064748292N12002321WA0111001127
B1716074748292N12002321WA0111001127
B1716084748292N12002321WA0111001127
B1716094748292N12002321WA0111001127
B1716104748292N12002321WA0111001127
B1716114748292N12002321WA0111001127
B1716124748292N12002321WA0111001127
B1716134748292N12002321WA0111001127
B1716144748292N12002321WA0111001127
B1716154748292N12002321WA0111001127
B1716164748292N12002321WA0111001127
B1716174748292N12002321WA0111001127
B1716184748292N12002321WA0111001127
B1716194748292N12002321WA0111001127
B1716204748292N12002321WA0111001127
B1716214748292N12002321WA0111001127
B1716224748292N12002321WA0111001127
B1716234748292N12002321WA0111001127
B1716244748292N12002321WA0111001127
B1716254748292N12002321WA0111001127
B1716264748292N12002321WA0111001127
B1716274748292N12002321WA0111001127
B1716284748292N12002321WA0111001127
B1716294748292N12002321WA0111001127
B1716304748292N12002321WA0111001127
B1716314748292N12002321WA0111001127
B1716324748292N12002321WA0111001127
B1716334748292N12002321WA0111001127
B1716344748292N12002321WA0111001127
B1716354748292N12002321WA0111001127
B1716364748292N12002321WA0111001127
B1716374748292N12002321WA0111001127
B1716384748292N12002321WA0111001127
B1716394748292N12002321WA0111001127
B1716404748292N12002321WA0111001127
B1716414748292N12002321WA0111001127
B1716424748292N12002321WA0111001127
B1716434748292N12002321WA0111001127
B1716444748292N12002321WA0111001127
B1716454748292N12002321WA0111001127
B1716464748292N12002321WA0111001127
B1716474748292N12002321WA0111001127
B1716484748292N12002321WA0111001127
B1716494748292N12002321WA0111001127
B1716504748292N12002321WA0111001127
B1716514748292N12002321WA0111001127
B1716524748292N12002321WA0111001127
B1716534748292N12002321WA0111001127
B1716544748292N12002321WA0111001128
B1716554748292N12002321WA0111001128
B1716564748292N12002321WA0110901128
B1716574748292N12002321WA0110901128
B1716584748292N12002321WA0110901128
B1716594748292N12002321WA0110901128
B1717004748292N12002321WA0110901128
B1717014748292N12002322WA0110901128
B1717024748292N12002322WA0110901128
B1717034748292N12002322WA0110901128
B1717044748292N12002322WA0110901128
B1717054748292N12002322WA0110901128
B1717064748292N12002322WA0110901128
B1717074748292N12002322WA0110901128
B1717084748292N12002322WA0110901128
B1717094748292N12002322WA0110901129
B1717104748292N12002322WA0110901129
B1717114748292N12002322WA0110901129
B1717124748292N12002322WA0110901129
B1717134748292N12002322WA0110901129
B1717144748292N12002322WA0111001129
B1717154748292N12002322WA0111001129
B1717164748292N12002322WA0111001129
B1717174748292N12002322WA0111001129
B1717184748292N12002322WA0111001128
B1717194748292N12002322WA0111001128
B1717204748292N12002322WA0111001129
B1717214748292N12002322WA0111001129
B1717224748292N12002322WA0111001128
B1717234748292N12002322WA0111001128
B1717244748292N12002322WA0111001128
B1717254748292N12002322WA0111001128
B1717264748292N12002322WA0111001128
B1717274748292N12002322WA0111001128
B1717284748292N12002322WA0111001128
B1717294748292N12002322WA0111001128
B1717304748292N12002322WA0111001128
B1717314748292N12002322WA0111001128
B1717324748292N12002322WA0111001128
B1717334748292N12002322WA0111001128
B1717344748292N12002322WA0111001128
B1717354748292N12002322WA0111001128
B1717364748292N12002322WA0111001128
B1717374748292N12002322WA0111001128
B1717384748292N12002322WA0111001128
B1717394748292N12002322WA0111001128
B1717404748292N12002322WA0111001128
B1717414748292N12002322WA0111001127
B1717424748292N12002322WA0111001127
B1717434748292N12002322WA0111001127
B1717444748292N12002322WA0111001127
B1717454748292N12002322WA0111001127
B1717464748292N12002322WA0111001127
B1717474748292N12002322WA0111001127
B1717484748292N12002322WA0111001127
B1717494748292N12002322WA0111001127
B1717504748292N12002322WA0111001127
B1717514748292N12002322WA0111001127
B1717524748292N12002322WA0110901127
B1717534748292N12002322WA0110901127
B1717544748292N12002322WA0110901127
B1717554748292N12002322WA0110901127
B1717564748292N12002322WA0110901127
B1717574748292N12002322WA0110901127
B1717584748292N12002322WA0110901127
B1717594748292N12002322WA0110901127
B1718004748292N12002322WA0110901127
B1718014748292N12002322WA0110901127
B1718024748292N12002322WA0110901127
B1718034748292N12002322WA0110901127
B1718044748292N12002322WA0110901127
B1718054748292N12002322WA0110901127
B1718064748292N12002322WA0110901127
B1718074748292N12002322WA0110901127
B1718084748292N12002322WA0110901127
B1718094748292N12002322WA0110901127
B1718104748292N12002322WA0110901127
B1718114748292N12002322WA0110901127
B1718124748292N12002321WA0110901127
B1718134748292N12002321WA0110901127
B1718144748292N12002321WA0110901127
B1718154748292N12002321WA0110901127
B1718164748292N12002321WA0110901127
B1718174748292N12002321WA0110901127
B1718184748292N12002321WA0110901127
B1718194748292N12002321WA0110901127
B1718204748292N12002321WA0110901127
B1718214748292N12002321WA0110901127
B1718224748292N12002321WA0110901127
B1718234748292N12002321WA0110901127
B1718244748292N12002321WA0110901127
B1718254748292N12002321WA0110901127
B1718264748292N12002321WA0110901127
B1718274748292N12002321WA0110901127
B1718284748292N12002321WA0110901127
B1718294748292N12002321WA0110901127
B1718304748292N12002321WA0110901127
B1718314748292N12002321WA0110901127
B1718324748292N12002321WA0111001127
B1718334748292N12002321WA0111001127
B1718344748292N12002321WA0111001127
B1718354748292N12002321WA0111001127
B1718364748292N12002321WA0111001127
B1718374748292N12002321WA0111001127
B1718384748292N12002321WA0111001127
B1718394748292N12002321WA0111001127
B1718404748292N12002321WA0111001127
B1718414748292N12002321WA0111001127
B1718424748292N12002321WA0111001127
B1718434748293N12002321WA0111001127
B1718444748293N12002321WA0111001127
B1718454748293N12002321WA0111001127
B1718464748293N12002321WA0111001127
B1718474748293N12002321WA0111001127
B1718484748293N12002321WA0111001127
B1718494748293N12002321WA0111001127
B1718504748293N12002321WA0111001127
B1718514748293N12002321WA0111001126
B1718524748293N12002321WA0111001126
B1718534748293N12002321WA0111001126
B1718544748293N12002321WA0111001126
B1718554748293N12002321WA0111001126
B1718564748293N12002321WA0111001126
B1718574748293N12002321WA0111001126
B1718584748293N12002321WA0111001126
B1718594748293N12002321WA0111001126
B1719004748293N12002321WA0111001126
B1719014748293N12002321WA0111001126
B1719024748293N12002321WA0111001126
B1719034748293N12002321WA0111001126
B1719044748293N12002321WA0111001126
B1719054748293N12002321WA0111001126
B1719064748293N12002321WA0111001126
B1719074748293N12002321WA0111001126
B1719084748293N12002321WA0111001126
B1719094748293N12002321WA0111001126
B1719104748293N12002321WA0111001126
B1719114748293N12002321WA0111001126
B1719124748293N12002321WA0110901126
B1719134748293N12002321WA0110901126
B1719144748293N12002321WA0110901126
B1719154748293N12002321WA0110901126
B1719164748293N12002321WA0110901126
B1719174748293N12002321WA0110901125
B1719184748293N12002321WA0111001125
B1719194748293N12002321WA0111001125
B1719204748293N12002321WA0111001125
B1719214748293N12002321WA0111001125
B1719224748293N12002321WA0110901125
B1719234748293N12002321WA0110901125
B1719244748293N12002321WA0110901125
B1719254748293N12002321WA0110901125
B1719264748293N12002321WA0110901125
B1719274748293N12002321WA0110901125
B1719284748293N12002321WA0110901125
B1719294748293N12002321WA0110901125
B1719304748293N12002321WA0110901125
B1719314748293N12002321WA0110901125
B1719324748293N12002321WA0110901125
B1719334748293N12002321WA0110901125
B1719344748293N12002321WA0110901125
B1719354748293N12002321WA0110901125
B1719364748293N12002321WA0110901125
B1719374748293N12002321WA0110901125
B1719384748293N12002321WA0110901125
B1719394748293N12002321WA0110901125
B1719404748293N12002321WA0110901125
B1719414748293N12002321WA0110901125
B1719424748293N12002321WA0110901124
B1719434748293N12002321WA0110901124
B1719444748293N12002321WA0110901124
B1719454748293N12002320WA0110901124
B1719464748293N12002320WA0110901124
B1719474748293N12002320WA0110901124
B1719484748293N12002320WA0110901124
B1719494748293N12002320WA0110901124
B1719504748293N12002320WA0110901124
B1719514748293N12002320WA0110901124
B1719524748293N12002320WA0110901124
B1719534748293N12002320WA0110901124
B1719544748293N12002320WA0111001124
B1719554748293N12002320WA0111001124
B1719564748293N12002320WA0111001124
B1719574748293N12002320WA0111001124
B1719584748293N12002320WA0111001124
B1719594748293N12002320WA0111001125
B1720004748293N12002320WA0111001125
B1720014748293N12002320WA0111001125
B1720024748293N12002320WA0111001125
B1720034748293N12002320WA0111001125
B1720044748293N12002320WA0111001125
B1720054748293N12002320WA0111001125
B1720064748293N12002320WA0111001125
B1720074748293N12002320WA0111001125
B1720084748293N12002320WA0111001125
B1720094748293N12002320WA0111001125
B1720104748293N12002320WA0111001125
B1720114748293N12002320WA0111001125
B1720124748293N12002320WA0111001125
B1720134748293N12002320WA0111001125
B1720144748293N12002320WA0111001125
B1720154748293N12002320WA0111001125
B1720164748293N12002320WA0111001125
B1720174748293N12002320WA0111001125
B1720184748293N12002320WA0111001125
B1720194748293N12002320WA0111001125
B1720204748293N12002320WA0111001125
B1720214748293N12002320WA0111001125
B1720224748293N12002320WA0111001125
B1720234748293N12002320WA0111001125
B1720244748293N12002320WA0111001125
B1720254748293N12002320WA0111001125
B1720264748293N12002320WA0111001125
B1720274748293N12002320WA0111001125
B1720284748293N12002320WA0111001125
B1720294748293N12002320WA0111001125
B1720304748293N12002320WA0111001125
B1720314748293N12002320WA0111001125
B1720324748293N12002320WA0111001125
B1720334748293N12002320WA0111001124
B1720344748293N12002320WA0111001124
B1720354748293N12002320WA0111001124
B1720364748293N12002320WA0111001124
B1720374748293N12002320WA0111001124
B1720384748293N12002320WA0111001124
B1720394748293N12002320WA0111001124
B1720404748293N12002320WA0111001124
B1720414748293N12002320WA0111001124
B1720424748293N12002320WA0111001124
B1720434748293N12002320WA0111001124
B1720444748293N12002320WA0111001124
B1720454748293N12002320WA0111001124
B1720464748293N12002320WA0111001124
B1720474748293N12002320WA0111001124
B1720484748293N12002320WA0111001124
B1720494748293N12002320WA0111001124
B1720504748293N12002320WA0111001124
B1720514748293N12002320WA0111001124
B1720524748293N12002320WA0111001124
B1720534748293N12002320WA0111001124
B1720544748293N12002320WA0111001124
B1720554748293N12002320WA0111001124
B1720564748293N12002320WA0111001124
B1720574748293N12002320WA0111001124
B1720584748293N12002320WA0111001124
B1720594748293N12002320WA0111001123
B1721004748293N12002320WA0111001123
B1721014748293N12002320WA0111001123
B1721024748293N12002320WA0111001123
B1721034748293N12002320WA0111001123
B1721044748293N12002320WA0111001123
B1721054748293N12002320WA0111001123
B1721064748293N12002320WA0111001123
B1721074748294N12002320WA0111001123
B1721084748294N12002320WA0111001123
B1721094748294N12002320WA0111001123
B1721104748294N12002320WA0111001123
B1721114748294N12002320WA0111001123
B1721124748294N12002320WA0111001123
B1721134748294N12002320WA0111001123
B1721144748294N12002320WA0111001123
B1721154748294N12002320WA0111001123
B1721164748294N12002320WA0111001123
B1721174748294N12002320WA0111001122
B1721184748294N12002320WA0111001122
B1721194748294N12002320WA0111001122
B1721204748294N12002320WA0111001122
B1721214748294N12002320WA0111001122
B1721224748294N12002320WA0111001122
B1721234748294N12002320WA0111001122
B1721244748294N12002320WA0111001122
B1721254748294N12002320WA0111001122
B1721264748294N12002320WA0111001122
B1721274748294N12002320WA0111001122
B1721284748294N12002320WA0111001122
B1721294748294N12002320WA0111001122
B1721304748294N12002320WA0111001122
B1721314748294N12002320WA0111001122
B1721324748294N12002320WA0111001122
B1721334748294N12002321WA0111001122
B1721344748294N12002321WA0111001122
B1721354748294N12002321WA0111001122
B1721364748294N12002321WA0111001122
B1721374748294N12002321WA0111001122
B1721384748293N12002321WA0111001122
B1721394748293N12002321WA0111001122
B1721404748293N12002321WA0111001122
B1721414748293N12002321WA0111001122
B1721424748293N12002321WA0111001122
B1721434748293N12002321WA0111001122
B1721444748293N12002321WA0111001122
B1721454748293N12002321WA0111001122
B1721464748293N12002321WA0111001122
B1721474748293N12002321WA0111001122
B1721484748293N12002321WA0111001122
B1721494748293N12002321WA0111001122
B1721504748293N12002320WA0111001122
B1721514748293N12002320WA0111001122
B1721524748293N12002320WA0111001122
B1721534748293N12002320WA0111001122
B1721544748293N12002320WA0111001122
B1721554748293N12002320WA0111001122
B1721564748293N12002320WA0111001122
B1721574748293N12002320WA0111001122
B1721584748293N12002320WA0111001122
B1721594748293N12002321WA0111001122
B1722004748293N12002321WA0111001122
B1722014748293N12002321WA0111001122
B1722024748293N12002321WA0111001122
B1722034748293N12002321WA0111001122
B1722044748293N12002321WA0111001122
B1722054748293N12002321WA0111001122
B1722064748293N12002321WA0111001122
B1722074748293N12002321WA0111001122
B1722084748293N12002321WA0111001122
B1722094748293N12002321WA0111001122
B1722104748293N12002321WA0111001122
B1722114748293N12002321WA0111001122
B1722124748293N12002321WA0111001123
B1722134748293N12002321WA0111001123
B1722144748293N12002321WA0111001122
B1722154748293N12002321WA0111001123
B1722164748293N12002321WA0111001123
B1722174748293N12002321WA0111001123
B1722184748293N12002321WA0111001123
B1722194748293N12002321WA0111001123
B1722204748293N12002321WA0111001123
B1722214748293N12002321WA0111001123
B1722224748293N12002321WA0111001123
B1722234748293N12002321WA0111001123
B1722244748293N12002321WA0111001123
B1722254748293N12002321WA0111001123
B1722264748293N12002321WA0111001123
B1722274748293N12002321WA0111001123
B1722284748293N12002321WA0111001123
B1722294748293N12002321WA0111001123
B1722304748293N12002321WA0111001123
B1722314748293N12002321WA0111001123
B1722324748293N12002321WA0111001123
B1722334748293N12002321WA0111001123
B1722344748293N12002321WA0111001123
B1722354748293N12002321WA0111001123
B1722364748293N12002321WA0111001123
B1722374748293N12002321WA0111001123
B1722384748293N12002321WA0111001123
B1722394748293N12002321WA0111001123
B1722404748293N12002321WA0111001123
B1722414748293N12002321WA0111001123
B1722424748293N12002321WA0111001124
B1722434748293N12002321WA0111001124
B1722444748293N12002321WA0111001124
B1722454748293N12002321WA0111001124
B1722464748293N12002321WA0111001124
B1722474748293N12002321WA0111001124
B1722484748293N12002321WA0111001124
B1722494748293N12002321WA0111001124
B1722504748293N12002321WA0111001124
B1722514748293N12002321WA0111001124
B1722524748293N12002321WA0111001124
B1722534748293N12002321WA0111001124
B1722544748293N12002321WA0111001124
B1722554748293N12002321WA0111001124
B1722564748293N12002321WA0111001124
B1722574748293N12002321WA0111001124
B1722584748293N12002321WA0111001124
B1722594748293N12002321WA0111001124
B1723004748293N12002321WA0111001124
B1723014748293N12002321WA0111001124
B1723024748293N12002321WA0111001124
B1723034748293N12002321WA0111001124
B1723044748293N12002321WA0111001124
B1723054748293N12002321WA0111101124
B1723064748293N12002321WA0111101124
B1723074748293N12002321WA0111101124
B1723084748293N12002321WA0111101124
B1723094748293N12002321WA0111101125
B1723104748293N12002321WA0111101125
B1723114748293N12002321WA0111101125
B1723124748293N12002321WA0111101125
B1723134748293N12002322WA0111101125
B1723144748293N12002322WA0111101125
B1723154748293N12002322WA0111101125
B1723164748293N12002322WA0111101125
B1723174748293N12002322WA0111101125
B1723184748293N12002322WA0111101125
B1723194748293N12002322WA0111101125
B1723204748293N12002322WA0111101125
B1723214748293N12002322WA0111101126
B1723224748293N12002322WA0111101126
B1723234748293N12002322WA0111101126
B1723244748293N12002322WA0111101126
B1723254748293N12002322WA0111101126
B1723264748293N12002322WA0111101126
B1723274748293N12002322WA0111101126
B1723284748293N12002322WA0111101126
B1723294748293N12002322WA0111101126
B1723304748293N12002322WA0111101126
B1723314748293N12002322WA0111101126
B1723324748293N12002322WA0111101126
B1723334748293N12002322WA0111101126
B1723344748293N12002322WA0111101126
B1723354748293N12002322WA0111101126
B1723364748293N12002322WA0111101126
B1723374748293N12002322WA0111101126
B1723384748293N12002322WA0111101126
B1723394748293N12002322WA0111101126
B1723404748293N12002322WA0111101126
B1723414748293N12002322WA0111101126
B1723424748293N12002322WA0111101126
B1723434748293N12002322WA0111101127
B1723444748293N12002322WA0111101127
B1723454748293N12002322WA0111101127
B1723464748293N12002322WA0111101127
B1723474748293N12002322WA0111101127
B1723484748293N12002322WA0111101127
B1723494748293N12002322WA0111101127
B1723504748293N12002322WA0111001127
B1723514748293N12002322WA0111001127
B1723524748293N12002322WA0111001127
B1723534748293N12002322WA0111001127
B1723544748293N12002322WA0111001127
B1723554748293N12002322WA0111001127
B1723564748293N12002322WA0111001128
B1723574748293N12002322WA0111001128
B1723584748293N12002322WA0111001128
B1723594748293N12002322WA0111001128
B1724004748293N12002322WA0111001128
B1724014748293N12002322WA0111001128
B1724024748293N12002322WA0111001128
B1724034748293N12002322WA0111101128
B1724044748293N12002322WA0111001128
B1724054748293N12002322WA0111001128
B1724064748293N12002322WA0111001128
B1724074748293N12002322WA0111001128
B1724084748293N12002322WA0111001128
B1724094748293N12002322WA0111001128
B1724104748293N12002322WA0111001128
B1724114748293N12002322WA0111101128
B1724124748293N12002322WA0111101128
B1724134748292N12002322WA0111001128
B1724144748292N12002322WA0111101128
B1724154748292N12002322WA0111001128
B1724164748292N12002322WA0111001128
B1724174748292N12002322WA0111001128
B1724184748292N12002322WA0111001128
B1724194748292N12002322WA0111001128
B1724204748293N12002322WA0111001128
B1724214748293N12002322WA0111001128
B1724224748293N12002322WA0111001128
B1724234748293N12002322WA0111001128
B1724244748293N12002322WA0111001128
B1724254748293N12002322WA0111001128
B1724264748292N12002322WA0111001128
B1724274748292N12002322WA0111001128
B1724284748292N12002322WA0111001128
B1724294748292N12002322WA0111001128
B1724304748292N12002322WA0111001128
B1724314748292N12002322WA0111001128
B1724324748292N12002322WA0111001128
B1724334748292N12002322WA0111001128
B1724344748292N12002322WA0111001128
B1724354748292N12002322WA0111001128
B1724364748292N12002322WA0111001128
B1724374748292N12002322WA0111001128
B1724384748292N12002322WA0111001128
B1724394748292N12002322WA0111001128
B1724404748292N12002322WA0111001128
B1724414748292N12002322WA0111001128
B1724424748292N12002322WA0111001128
B1724434748292N12002322WA0111001128
B1724444748293N12002322WA0111001128
B1724454748293N12002322WA0111001128
B1724464748293N12002322WA0111001128
B1724474748293N12002322WA0111001128
B1724484748293N12002322WA0111001128
B1724494748293N12002322WA0111001128
B1724504748293N12002322WA0111001128
B1724514748293N12002322WA0111001128
B1724524748293N12002322WA0111001128
B1724534748293N12002322WA0111001128
B1724544748293N12002322WA0111001128
B1724554748293N12002322WA0111001128
B1724564748293N12002322WA0111001128
B1724574748293N12002322WA0111001128
B1724584748293N12002322WA0111001128
B1724594748293N12002322WA0111001128
B1725004748293N12002322WA0111001128
B1725014748293N12002322WA0111001128
B1725024748293N12002322WA0111001128
B1725034748293N12002322WA0111001128
B1725044748293N12002322WA0111001128
B1725054748293N12002322WA0111001128
B1725064748293N12002322WA0111001128
B1725074748293N12002322WA0111001128
B1725084748293N12002322WA0111101128
B1725094748293N12002322WA0111101128
B1725104748293N12002322WA0111101128
B1725114748293N12002322WA0111101128
B1725124748293N12002322WA0111101128
B1725134748293N12002322WA0111001128
B1725144748293N12002322WA0111001128
B1725154748293N12002322WA0111101128
B1725164748293N12002322WA0111101127
B1725174748293N12002322WA0111101127
B1725184748293N12002322WA0111101127
B1725194748293N12002322WA0111101127
B1725204748293N12002322WA0111101127
B1725214748293N12002322WA0111101127
B1725224748293N12002322WA0111101127
B1725234748293N12002322WA0111001127
B1725244748293N12002322WA0111001127
B1725254748293N12002322WA0111101127
B1725264748293N12002322WA0111101127
B1725274748293N12002322WA0111001127
B1725284748293N12002322WA0111001127
B1725294748293N12002322WA0111101127
B1725304748293N12002322WA0111001127
B1725314748293N12002322WA0111001128
B1725324748293N12002322WA0111001128
B1725334748293N12002322WA0111001128
B1725344748293N12002322WA0111001128
B1725354748293N12002322WA0111001128
B1725364748293N12002322WA0111001128
B1725374748293N12002322WA0111001127
B1725384748293N12002322WA0111001127
B1725394748293N12002322WA0111001127
B1725404748293N12002322WA0111001127
B1725414748293N12002322WA0111001127
B1725424748293N12002322WA0111001127
B1725434748293N12002322WA0111001127
B1725444748293N12002322WA0111001127
B1725454748293N12002322WA0111001127
B1725464748293N12002322WA0111001127
B1725474748293N12002322WA0111001127
B1725484748293N12002322WA0111001127
B1725494748293N12002322WA0111001127
B1725504748293N12002322WA0111001127
B1725514748293N12002322WA0111001127
B1725524748293N12002322WA0111001127
B1725534748293N12002322WA0111001127
B1725544748293N12002322WA0111001127
B1725554748293N12002322WA0111001127
B1725564748293N12002322WA0111001127
B1725574748293N12002322WA0111001127
B1725584748293N12002322WA0111001126
B1725594748293N12002322WA0111001126
B1726004748293N12002322WA0111001126
B1726014748293N12002322WA0111001126
B1726024748293N12002322WA0111001126
B1726034748293N12002322WA0111001126
B1726044748293N12002322WA0111001126
B1726054748293N12002322WA0111001126
B1726064748293N12002322WA0111001126
B1726074748293N12002322WA0111001126
B1726084748293N12002322WA0111001126
B1726094748293N12002322WA0111001126
B1726104748293N12002322WA0111001126
B1726114748293N12002322WA0111001126
B1726124748293N12002322WA0111001126
B1726134748293N12002322WA0111001126
B1726144748293N12002322WA0111001126
B1726154748293N12002322WA0111001126
B1726164748293N12002322WA0111001126
B1726174748293N12002322WA0111101126
B1726184748293N12002322WA0111101126
B1726194748293N12002322WA0111101126
B1726204748293N12002322WA0111001126
B1726214748293N12002322WA0111101126
B1726224748293N12002322WA0111101126
B1726234748293N12002322WA0111101126
B1726244748293N12002322WA0111101126
B1726254748293N12002322WA0111101126
B1726264748293N12002322WA0111101126
B1726274748293N12002322WA0111101126
B1726284748293N12002322WA0111101126
B1726294748293N12002322WA0111101126
B1726304748293N12002322WA0111001126
B1726314748293N12002322WA0111001126
B1726324748293N12002322WA0111001126
B1726334748293N12002322WA0111001126
B1726344748293N12002322WA0111001126
B1726354748293N12002322WA0111001126
B1726364748293N12002322WA0111001126
B1726374748293N12002322WA0111001126
B1726384748293N12002322WA0111001126
B1726394748293N12002322WA0111001126
B1726404748293N12002322WA0111001126
B1726414748293N12002322WA0111001126
B1726424748293N12002322WA0111001126
B1726434748293N12002322WA0111001126
B1726444748293N12002322WA0111001126
B1726454748293N12002322WA0111001126
B1726464748293N12002322WA0111001126
B1726474748293N12002322WA0111001126
B1726484748293N12002322WA0111001126
B1726494748293N12002322WA0111001126
B1726504748293N12002322WA0111001125
B1726514748293N12002322WA0111001125
B1726524748293N12002322WA0111001125
B1726534748293N12002322WA0111001125
B1726544748293N12002322WA0111001125
B1726554748293N12002322WA0111001125
B1726564748293N12002322WA0111001125
B1726574748293N12002322WA0111001125
B1726584748293N12002322WA0111001125
B1726594748293N12002322WA0111001125
B1727004748293N12002322WA0111001125
B1727014748293N12002322WA0111001125
B1727024748293N12002322WA0111001125
B1727034748293N12002322WA0111001125
B1727044748293N12002322WA0111001125
B1727054748293N12002322WA0111001125
B1727064748293N12002322WA0111001125
B1727074748293N12002322WA0111001125
B1727084748293N12002322WA0111001125
B1727094748293N12002322WA0111001125
B1727104748293N12002322WA0111001125
B1727114748293N12002322WA0111001125
B1727124748293N12002322WA0111001125
B1727134748293N12002322WA0111001125
B1727144748293N12002322WA0111001125
B1727154748293N12002322WA0111001125
B1727164748293N12002321WA0111001125
B1727174748293N12002322WA0111001125
B1727184748293N12002322WA0111001125
B1727194748293N12002322WA0111001125
B1727204748293N12002322WA0111001125
B1727214748293N12002322WA0111001125
B1727224748293N12002322WA0111001125
B1727234748293N12002322WA0111001125
B1727244748293N12002322WA0111001125
B1727254748293N12002322WA0111001125
B1727264748293N12002322WA0111001125
B1727274748293N12002322WA0111001125
B1727284748293N12002322WA0111001125
B1727294748293N12002322WA0111001125
B1727304748293N12002322WA0111001125
B1727314748293N12002322WA0111001125
B1727324748293N12002322WA0111001125
B1727334748293N12002322WA0111001125
B1727344748293N12002322WA0111001125
B1727354748293N12002322WA0111001125
B1727364748293N12002322WA0111001125
B1727374748293N12002322WA0111001125
B1727384748293N12002322WA0111001125
B1727394748293N12002322WA0111001125
B1727404748293N12002322WA0111001125
B1727414748293N12002322WA0111001125
B1727424748293N12002322WA0111101125
B1727434748293N12002322WA0111101125
B1727444748293N12002322WA0111101125
B1727454748293N12002322WA0111101125
B1727464748293N12002322WA0111101125
B1727474748293N12002322WA0111101126
B1727484748293N12002322WA0111101126
B1727494748293N12002322WA0111101125
B1727504748293N12002322WA0111101125
B1727514748293N12002322WA0111101125
B1727524748293N12002322WA0111101125
B1727534748293N12002322WA0111101125
B1727544748293N12002322WA0111101125
B1727554748293N12002322WA0111101125
B1727564748293N12002322WA0111101125
B1727574748293N12002322WA0111101125
B1727584748293N12002322WA0111101125
B1727594748293N12002322WA0111101125
B1728004748293N12002322WA0111101125
B1728014748293N12002322WA0111101125
B1728024748293N12002322WA0111101125
B1728034748293N12002322WA0111101125
B1728044748293N12002322WA0111101125
B1728054748293N12002322WA0111101125
B1728064748293N12002322WA0111101125
B1728074748293N12002322WA0111101125
B1728084748293N12002322WA0111101125
B1728094748293N12002322WA0111101125
B1728104748293N12002322WA0111101125
B1728114748293N12002322WA0111101125
B1728124748293N12002322WA0111101125
B1728134748293N12002322WA0111101125
B1728144748293N12002322WA0111101125
B1728154748293N12002322WA0111101125
B1728164748293N12002322WA0111101125
B1728174748293N12002322WA0111101125
B1728184748293N12002322WA0111101125
B1728194748293N12002322WA0111101125
B1728204748293N12002322WA0111101125
B1728214748293N12002322WA0111101125
B1728224748293N12002322WA0111101125
B1728234748293N12002322WA0111101125
B1728244748293N12002322WA0111101125
B1728254748293N12002322WA0111101125
B1728264748293N12002322WA0111101125
B1728274748293N12002322WA0111101125
B1728284748293N12002322WA0111101125
B1728294748293N12002322WA0111101125
B1728304748293N12002322WA0111101125
B1728314748293N12002322WA0111101125
B1728324748293N12002322WA0111101125
B1728334748293N12002322WA0111101125
B1728344748293N12002322WA0111101125
B1728354748293N12002322WA0111101125
B1728364748293N12002322WA0111101125
B1728374748293N12002322WA0111101125
B1728384748293N12002322WA0111101125
B1728394748293N12002322WA0111101125
B1728404748293N12002322WA0111101125
B1728414748293N12002322WA0111101125
B1728424748293N12002322WA0111101125
B1728434748293N12002322WA0111101125
B1728444748293N12002322WA0111101125
B1728454748293N12002322WA0111101125
B1728464748293N12002322WA0111101125
B1728474748293N12002322WA0111101125
B1728484748293N12002322WA0111101125
B1728494748293N12002322WA0111101125
B1728504748293N12002322WA0111101125
B1728514748293N12002322WA0111101125
B1728524748293N12002322WA0111101125
B1728534748293N12002322WA0111101125
B1728544748293N12002322WA0111101125
B1728554748293N12002322WA0111101125
B1728564748293N12002322WA0111101125
B1728574748293N12002322WA0111101125
B1728584748293N12002322WA0111101125
B1728594748293N12002322WA0111101125
B1729004748293N12002322WA0111101125
B1729014748293N12002322WA0111101125
B1729024748293N12002322WA0111101125
B1729034748293N12002322WA0111101125
B1729044748293N12002322WA0111101125
B1729054748293N12002322WA0111101125
B1729064748293N12002322WA0111101125
B1729074748293N12002322WA0111101125
B1729084748293N12002322WA0111101125
B1729094748293N12002322WA0111101125
B1729104748293N12002322WA0111101125
B1729114748293N12002322WA0111101125
B1729124748293N12002322WA0111101125
B1729134748293N12002322WA0111101125
B1729144748293N12002322WA0111101125
B1729154748293N12002322WA0111101125
B1729164748293N12002322WA0111101125
B1729174748293N12002322WA0111101125
B1729184748293N12002322WA0111101125
B1729194748293N12002322WA0111101125
B1729204748293N12002322WA0111101125
B1729214748293N12002322WA0111101125
B1729224748294N12002322WA0111101125
B1729234748294N12002322WA0111101125
B1729244748294N12002322WA0111101125
B1729254748294N12002322WA0111101125
B1729264748294N12002322WA0111101125
B1729274748294N12002322WA0111101125
B1729284748294N12002322WA0111101125
B1729294748294N12002322WA0111101125
B1729304748294N12002322WA0111101125
B1729314748294N12002322WA0111101125
B1729324748294N12002322WA0111101125
B1729334748294N12002322WA0111101125
B1729344748294N12002322WA0111101125
B1729354748294N12002322WA0111101125
B1729364748294N12002322WA0111101125
B1729374748294N12002322WA0111101125
B1729384748294N12002322WA0111101125
B1729394748294N12002322WA0111101125
B1729404748294N12002322WA0111101125
B1729414748294N12002322WA0111101125
B1729424748294N12002322WA0111101125
B1729434748294N12002322WA0111101125
B1729444748293N12002322WA0111101125
B1729454748293N12002322WA0111101125
B1729464748293N12002322WA0111101125
B1729474748293N12002322WA0111101125
B1729484748293N12002322WA0111101125
B1729494748293N12002322WA0111101125
B1729504748293N12002322WA0111101125
B1729514748293N12002322WA0111101125
B1729524748293N12002322WA0111101126
B1729534748293N12002322WA0111101126
B1729544748293N12002322WA0111101126
B1729554748293N12002322WA0111101126
B1729564748293N12002322WA0111101126
B1729574748293N12002322WA0111101126
B1729584748293N12002322WA0111101126
B1729594748293N12002322WA0111101126
B1730004748293N12002322WA0111101126
B1730014748293N12002322WA0111101126
B1730024748293N12002322WA0111101126
B1730034748293N12002322WA0111101126
B1730044748293N12002322WA0111101126
B1730054748293N12002322WA0111101126
B1730064748293N12002322WA0111101126
B1730074748293N12002322WA0111101126
B1730084748293N12002322WA0111101126
B1730094748293N12002322WA0111101126
B1730104748293N12002322WA0111101126
B1730114748293N12002322WA0111101126
B1730124748293N12002322WA0111101126
B1730134748293N12002322WA0111101126
B1730144748293N12002322WA0111101126
B1730154748293N12002322WA0111101126
B1730164748293N12002322WA0111101126
B1730174748293N12002322WA0111001126
B1730184748293N12002322WA0111001126
B1730194748293N12002322WA0111001126
B1730204748293N12002322WA0111001126
B1730214748293N12002322WA0111001126
B1730224748293N12002322WA0111001126
B1730234748293N12002322WA0111001126
B1730244748293N12002322WA0111001126
B1730254748293N12002322WA0111001126
B1730264748293N12002322WA0111001126
B1730274748293N12002322WA0111001126
B1730284748293N12002322WA0111001126
B1730294748293N12002322WA0111001126
B1730304748293N12002322WA0111001126
B1730314748293N12002322WA0111001126
B1730324748293N12002322WA0111001126
B1730334748293N12002322WA0111001126
B1730344748293N12002322WA0111001126
B1730354748293N12002322WA0111001126
B1730364748293N12002322WA0111001126
B1730374748293N12002322WA0111001126
B1730384748293N12002322WA0111001126
B1730394748293N12002322WA0111001126
B1730404748293N12002322WA0111001126
B1730414748293N12002322WA0111001126
B1730424748293N12002322WA0111001126
B1730434748293N12002322WA0111001126
B1730444748293N12002322WA0111001126
B1730454748293N12002322WA0111001126
B1730464748293N12002322WA0111001126
B1730474748293N12002322WA0111001126
B1730484748293N12002322WA0111001126
B1730494748293N12002322WA0111001126
B1730504748293N12002322WA0111001126
B1730514748293N12002322WA0111001126
B1730524748293N12002323WA0111001127
B1730534748293N12002323WA0111001126
B1730544748293N12002323WA0111001126
B1730554748293N12002323WA0111001126
B1730564748293N12002323WA0111001126
B1730574748293N12002323WA0111001126
B1730584748293N12002323WA0111001126
B1730594748293N12002323WA0111001126
B1731004748293N12002323WA0111001126
B1731014748293N12002323WA0111001126
B1731024748293N12002323WA0111001126
B1731034748293N12002323WA0111001126
B1731044748293N12002323WA0111001126
B1731054748293N12002323WA0111001126
B1731064748293N12002323WA0111001126
B1731074748293N12002323WA0111001126
B1731084748293N12002323WA0111001126
B1731094748293N12002323WA0111001126
B1731104748293N12002323WA0111001126
B1731114748293N12002323WA0111001126
B1731124748293N12002323WA0111001126
B1731134748293N12002323WA0111001126
B1731144748293N12002323WA0111001126
B1731154748293N12002323WA0111001126
B1731164748293N12002323WA0111001126
B1731174748293N12002323WA0111001127
B1731184748293N12002323WA0111001127
B1731194748293N12002323WA0111001127
B1731204748293N12002323WA0111001127
B1731214748293N12002323WA0111001127
B1731224748293N12002323WA0111001127
B1731234748293N12002323WA0111001127
B1731244748293N12002323WA0111001127
B1731254748293N12002323WA0111001127
B1731264748293N12002323WA0111001127
B1731274748293N12002323WA0111001127
B1731284748293N12002323WA0111001127
B1731294748293N12002323WA0111001127
B1731304748293N12002323WA0111001127
B1731314748293N12002323WA0111001127
B1731324748293N12002323WA0111001127
B1731334748293N12002323WA0111001127
B1731344748293N12002323WA0111001127
B1731354748293N12002323WA0111001127
B1731364748293N12002323WA0111001127
B1731374748293N12002323WA0111001127
B1731384748293N12002323WA0111001126
B1731394748293N12002323WA0111001126
B1731404748293N12002323WA0111001126
B1731414748293N12002323WA0111001126
B1731424748293N12002323WA0111001127
B1731434748293N12002323WA0111001127
B1731444748293N12002323WA0111001127
B1731454748293N12002323WA0111001127
B1731464748293N12002323WA0111001127
B1731474748293N12002323WA0111001127
B1731484748293N12002323WA0111001127
B1731494748293N12002323WA0111001127
B1731504748293N12002323WA0111001127
B1731514748293N12002323WA0111001127
B1731524748293N12002323WA0111001127
B1731534748293N12002323WA0111001127
B1731544748293N12002323WA0111001127
B1731554748293N12002323WA0111001127
B1731564748293N12002323WA0111001127
B1731574748293N12002323WA0111001127
B1731584748293N12002323WA0111001127
B1731594748293N12002323WA0111001127
B1732004748293N12002323WA0111001127
B1732014748293N12002323WA0111001127
B1732024748293N12002323WA0111001127
B1732034748293N12002323WA0111001127
B1732044748293N12002323WA0111001127
B1732054748293N12002323WA0111001127
B1732064748293N12002323WA0111001127
B1732074748293N12002323WA0111001127
B1732084748293N12002323WA0111001127
B1732094748293N12002323WA0111001127
B1732104748293N12002323WA0111101127
B1732114748293N12002323WA0111101127
B1732124748293N12002323WA0111101128
B1732134748293N12002323WA0111101128
B1732144748293N12002323WA0111101128
B1732154748293N12002323WA0111101128
B1732164748293N12002323WA0111101128
B1732174748293N12002323WA0111101128
B1732184748293N12002323WA0111101127
B1732194748293N12002323WA0111101127
B1732204748293N12002323WA0111101127
B1732214748293N12002323WA0111101127
B1732224748293N12002323WA0111101127
B1732234748293N12002323WA0111101127
B1732244748293N12002323WA0111101127
B1732254748293N12002323WA0111101127
B1732264748293N12002323WA0111101127
B1732274748293N12002323WA0111101127
B1732284748293N12002323WA0111101127
B1732294748293N12002323WA0111101127
B1732304748293N12002323WA0111001127
B1732314748293N12002323WA0111101127
B1732324748293N12002323WA0111101127
B1732334748293N12002323WA0111101127
B1732344748293N12002323WA0111101127
B1732354748293N12002323WA0111101127
B1732364748293N12002323WA0111101127
B1732374748293N12002323WA0111101127
B1732384748293N12002323WA0111101127
B1732394748293N12002323WA0111101127
B1732404748293N12002323WA0111101127
B1732414748293N12002323WA0111001127
B1732424748293N12002323WA0111001127
B1732434748293N12002323WA0111001127
B1732444748293N12002323WA0111001127
B1732454748293N12002323WA0111001127
B1732464748293N12002323WA0111001127
B1732474748293N12002323WA0110801127
B1732484748293N12002323WA0110801127
B1732494748294N12002322WA0111101127
B1732504748294N12002322WA0111101127
B1732514748294N12002322WA0111101127
B1732524748294N12002322WA0111001127
B1732534748294N12002322WA0111001127
B1732544748294N12002322WA0111001127
B1732554748294N12002322WA0111001127
B1732564748294N12002322WA0111001127
B1732574748294N12002322WA0111001127
B1732584748294N12002322WA0111001126
B1732594748294N12002322WA0111001126
B1733004748294N12002322WA0111001125
B1733014748294N12002322WA0111001125
B1733024748294N12002322WA0111001125
B1733034748294N12002322WA0111001125
B1733044748294N12002322WA0111001125
B1733054748294N12002322WA0111001125
B1733064748294N12002322WA0111001125
B1733074748294N12002322WA0111001125
B1733084748294N12002322WA0111001125
B1733094748294N12002321WA0111001124
B1733104748294N12002321WA0111001124
B1733114748294N12002321WA0111001124
B1733124748294N12002321WA0111001124
B1733134748294N12002321WA0111001124
B1733144748294N12002321WA0111001124
B1733154748294N12002321WA0111001124
B1733164748294N12002321WA0111001124
B1733174748294N12002321WA0111001124
B1733184748294N12002321WA0111001124
B1733194748294N12002321WA0111001124
B1733204748294N12002321WA0111101124
B1733214748294N12002321WA0111001123
B1733224748294N12002321WA0111001123
B1733234748294N12002321WA0111001123
B1733244748294N12002321WA0111001123
B1733254748294N12002321WA0111001123
B1733264748294N12002321WA0111001123
B1733274748294N12002321WA0111001123
B1733284748294N12002321WA0111001123
B1733294748294N12002321WA0111001123
B1733304748294N12002321WA0111001123
B1733314748294N12002321WA0111001124
B1733324748294N12002321WA0111001124
B1733334748294N12002321WA0111001124
B1733344748294N12002320WA0111001124
B1733354748294N12002321WA0111001123
B1733364748294N12002321WA0111001124
B1733374748294N12002321WA0111001124
B1733384748294N12002321WA0111001124
B1733394748294N12002321WA0111001124
B1733404748294N12002321WA0111001124
B1733414748294N12002321WA0111001123
B1733424748294N12002322WA0111001123
B1733434748294N12002322WA0111001123
B1733444748294N12002322WA0111001123
B1733454748294N12002322WA0111001124
B1733464748294N12002322WA0111001124
B1733474748294N12002322WA0111001125
B1733484748293N12002322WA0111001125
B1733494748293N12002322WA0111001125
B1733504748293N12002322WA0111001125
B1733514748293N12002322WA0111001125
B1733524748293N12002322WA0111001125
B1733534748293N12002322WA0111001125
B1733544748293N12002322WA0111001126
B1733554748293N12002322WA0111001126
B1733564748293N12002322WA0111001126
B1733574748293N12002322WA0111001126
B1733584748293N12002322WA0111001126
B1733594748293N12002322WA0111001126
B1734004748293N12002322WA0111001126
B1734014748293N12002322WA0111001126
B1734024748293N12002322WA0111001126
B1734034748293N12002322WA0111001126
B1734044748293N12002322WA0111001126
B1734054748293N12002322WA0111001126
B1734064748293N12002322WA0111001126
B1734074748293N12002322WA0111001126
B1734084748293N12002322WA0111001126
B1734094748293N12002322WA0111001126
B1734104748293N12002322WA0111001126
B1734114748293N12002322WA0111001126
B1734124748293N12002322WA0111001126
B1734134748293N12002322WA0111001126
B1734144748293N12002322WA0111001126
B1734154748293N12002322WA0111001126
B1734164748293N12002322WA0111001127
B1734174748293N12002322WA0111001127
B1734184748293N12002322WA0111001127
B1734194748293N12002322WA0111001127
B1734204748293N12002322WA0111001127
B1734214748293N12002322WA0111001127
B1734224748293N12002322WA0111001127
B1734234748293N12002322WA0111001127
B1734244748293N12002322WA0111001127
B1734254748293N12002322WA0111001127
B1734264748293N12002322WA0111001127
B1734274748293N12002322WA0111001127
B1734284748293N12002322WA0111001128
B1734294748293N12002322WA0111001128
B1734304748293N12002322WA0111001128
B1734314748293N12002322WA0111001128
B1734324748293N12002322WA0111001128
B1734334748293N12002322WA0111001128
B1734344748293N12002322WA0111001128
B1734354748293N12002322WA0111001128
B1734364748293N12002321WA0111001128
B1734374748293N12002321WA0111001128
B1734384748293N12002321WA0111001128
B1734394748293N12002321WA0111001128
B1734404748293N12002322WA0111001128
B1734414748293N12002322WA0111001128
B1734424748293N12002322WA0111001128
B1734434748293N12002322WA0111001128
B1734444748293N12002322WA0111001128
B1734454748293N12002322WA0111001128
B1734464748293N12002322WA0111001128
B1734474748293N12002322WA0111001128
B1734484748293N12002322WA0111001128
B1734494748293N12002322WA0111001127
B1734504748293N12002322WA0111001127
B1734514748293N12002322WA0111001127
B1734524748293N12002322WA0111001127
B1734534748293N12002322WA0111001127
B1734544748293N12002322WA0111001127
B1734554748293N12002322WA0111001127
B1734564748293N12002322WA0111001127
B1734574748293N12002322WA0111001127
B1734584748293N12002322WA0111001127
B1734594748293N12002322WA0111001127
B1735004748293N12002322WA0111001127
B1735014748293N12002322WA0111001127
B1735024748293N12002322WA0111001127
B1735034748293N12002322WA0111001127
B1735044748293N12002322WA0111001127
B1735054748293N12002322WA0111001127
B1735064748293N12002322WA0111001127
B1735074748293N12002322WA0111001127
B1735084748293N12002322WA0111001127
B1735094748293N12002322WA0111001127
B1735104748293N12002322WA0111001127
B1735114748293N12002322WA0111001127
B1735124748293N12002322WA0111001127
B1735134748293N12002322WA0111001127
B1735144748293N12002322WA0111001127
B1735154748293N12002322WA0111001127
B1735164748293N12002322WA0111001127
B1735174748293N12002322WA0111001127
B1735184748293N12002322WA0111001128
B1735194748293N12002322WA0111001128
B1735204748293N12002322WA0111001128
B1735214748293N12002322WA0111001128
B1735224748293N12002322WA0111001128
B1735234748293N12002322WA0111001128
B1735244748293N12002322WA0111001128
B1735254748293N12002322WA0111001128
B1735264748293N12002322WA0111001128
B1735274748293N12002322WA0111001128
B1735284748293N12002322WA0111001128
B1735294748293N12002322WA0111001128
B1735304748293N12002322WA0111001128
B1735314748293N12002322WA0111001128
B1735324748293N12002322WA0111001128
B1735334748293N12002322WA0111001128
B1735344748293N12002322WA0111001128
B1735354748293N12002322WA0111001128
B1735364748293N12002322WA0111001128
B1735374748293N12002322WA0111001128
B1735384748293N12002321WA0111001128
B1735394748293N12002321WA0111101125
B1735404748294N12002321WA0111101126
B1735414748294N12002321WA0111101125
B1735424748294N12002321WA0111101125
B1735434748294N12002321WA0111101124
B1735444748294N12002320WA0111101124
B1735454748294N12002320WA0111101124
B1735464748294N12002319WA0111101123
B1735474748294N12002319WA0111101122
B1735484748294N12002319WA0111101122
B1735494748294N12002319WA0111101122
B1735504748294N12002320WA0111101122
B1735514748294N12002320WA0111101122
B1735524748294N12002320WA0111101122
B1735534748295N12002319WA0111101123
B1735544748294N12002319WA0111101122
B1735554748294N12002319WA0111001122
B1735564748294N12002319WA0111001122
B1735574748294N12002319WA0111001122
B1735584748294N12002318WA0111001122
B1735594748294N12002318WA0111001121
B1736004748294N12002318WA0111001121
B1736014748294N12002318WA0111101121
B1736024748294N12002318WA0111001121
B1736034748294N12002318WA0111001121
B1736044748293N12002318WA0111001120
B1736054748293N12002318WA0111101120
B1736064748293N12002318WA0111101120
B1736074748293N12002318WA0111101120
B1736084748293N12002318WA0111101120
B1736094748294N12002318WA0111101120
B1736104748294N12002317WA0111101119
B1736114748294N12002317WA0111001119
B1736124748293N12002316WA0111001119
B1736134748294N12002316WA0111001119
B1736144748294N12002316WA0111001119
B1736154748294N12002316WA0111001119
B1736164748294N12002316WA0111101119
B1736174748294N12002316WA0111101119
B1736184748294N12002316WA0111101119
B1736194748294N12002317WA0111101119
B1736204748294N12002317WA0111001120
B1736214748294N12002317WA0111001120
B1736224748294N12002317WA0111101120
B1736234748294N12002317WA0111101119
B1736244748294N12002317WA0111101119
B1736254748294N12002317WA0111001119
B1736264748294N12002317WA0111001119
B1736274748294N12002317WA0111001119
B1736284748294N12002317WA0111001119
B1736294748294N12002317WA0111001119
B1736304748294N12002316WA0111001119
B1736314748294N12002316WA0111001118
B1736324748294N12002316WA0111001118
B1736334748294N12002316WA0111001118
B1736344748293N12002315WA0111001118
B1736354748293N12002315WA0111001117
B1736364748293N12002315WA0111001117
B1736374748293N12002315WA0111001117
B1736384748293N12002316WA0111001117
B1736394748293N12002315WA0111001117
B1736404748293N12002315WA0111001117
B1736414748293N12002316WA0111001117
B1736424748293N12002316WA0111001117
B1736434748293N12002315WA0111001117
B1736444748293N12002315WA0111001117
B1736454748293N12002315WA0111001117
B1736464748293N12002315WA0111001117
B1736474748293N12002315WA0111001117
B1736484748293N12002315WA0111001117
B1736494748294N12002315WA0111001117
B1736504748294N12002314WA0111001117
B1736514748293N12002314WA0111001117
B1736524748293N12002314WA0111001117
B1736534748293N12002314WA0111001117
B1736544748293N12002314WA0111001117
B1736554748293N12002314WA0111001117
B1736564748293N12002314WA0111001116
B1736574748293N12002314WA0111001116
B1736584748293N12002314WA0111001116
B1736594748293N12002314WA0111001116
B1737004748293N12002314WA0111001116
B1737014748293N12002314WA0111001116
B1737024748293N12002314WA0111001116
B1737034748293N12002314WA0111001116
B1737044748293N12002314WA0111001117
B1737054748293N12002314WA0111001117
B1737064748293N12002314WA0111001117
B1737074748293N12002314WA0111001117
B1737084748293N12002314WA0111001117
B1737094748293N12002314WA0111001117
B1737104748293N12002315WA0111001117
B1737114748293N12002314WA0111001117
B1737124748293N12002314WA0111001117
B1737134748293N12002314WA0111001117
B1737144748293N12002315WA0111001116
B1737154748293N12002315WA0111001116
B1737164748293N12002315WA0111001117
B1737174748293N12002315WA0111001117
B1737184748293N12002315WA0111001117
B1737194748293N12002315WA0111001117
B1737204748293N12002315WA0111001117
B1737214748293N12002315WA0111001117
B1737224748293N12002315WA0111001116
B1737234748293N12002315WA0111001116
B1737244748293N12002315WA0111001116
B1737254748293N12002315WA0111001116
B1737264748293N12002315WA0111001116
B1737274748293N12002315WA0111001116
B1737284748293N12002315WA0111001116
B1737294748293N12002315WA0111001116
B1737304748293N12002316WA0111001116
B1737314748293N12002316WA0111001116
B1737324748293N12002316WA0111001116
B1737334748293N12002315WA0111001116
B1737344748293N12002315WA0111001116
B1737354748293N12002315WA0111001116
B1737364748293N12002315WA0111001116
B1737374748293N12002315WA0111001116
B1737384748293N12002315WA0111001116
B1737394748293N12002315WA0111001116
B1737404748294N12002315WA0111001116
B1737414748294N12002315WA0111001117
B1737424748294N12002315WA0111001117
B1737434748294N12002315WA0111001117
B1737444748294N12002315WA0111001117
B1737454748294N12002315WA0111001118
B1737464748294N12002315WA0111001118
B1737474748295N12002315WA0111001118
B1737484748295N12002315WA0111001118
B1737494748295N12002315WA0111001118
B1737504748295N12002315WA0111001118
B1737514748295N12002315WA0111101118
B1737524748295N12002316WA0111001119
B1737534748295N12002316WA0111001119
B1737544748295N12002316WA0111001119
B1737554748294N12002315WA0111001119
B1737564748294N12002315WA0111001119
B1737574748294N12002314WA0111001118
B1737584748294N12002314WA0111001118
B1737594748294N12002314WA0111001118
B1738004748294N12002314WA0111001118
B1738014748294N12002314WA0111001118
B1738024748294N12002314WA0111001118
B1738034748294N12002314WA0111001119
B1738044748294N12002315WA0111001119
B1738054748294N12002315WA0111001119
B1738064748294N12002315WA0111001119
B1738074748294N12002315WA0111001119
B1738084748294N12002315WA0111001119
B1738094748294N12002315WA0111001119
B1738104748294N12002316WA0111001119
B1738114748294N12002316WA0111001119
B1738124748294N12002316WA0111001119
B1738134748294N12002316WA0111001119
B1738144748294N12002316WA0111101119
B1738154748294N12002316WA0111101119
B1738164748294N12002316WA0111001119
B1738174748293N12002316WA0111101119
B1738184748293N12002316WA0111101119
B1738194748294N12002316WA0111001119
B1738204748294N12002316WA0111101119
B1738214748294N12002316WA0111001119
B1738224748294N12002316WA0111001119
B1738234748294N12002316WA0111001119
B1738244748294N12002316WA0111001119
B1738254748294N12002316WA0111101119
B1738264748294N12002316WA0111101119
B1738274748294N12002316WA0111101119
B1738284748294N12002316WA0111101119
B1738294748294N12002316WA0111001119
B1738304748294N12002316WA0111001119
B1738314748294N12002316WA0111001119
B1738324748294N12002316WA0111001119
B1738334748294N12002316WA0111001119
B1738344748294N12002316WA0111101119
B1738354748294N12002316WA0111001119
B1738364748294N12002317WA0111001119
B1738374748294N12002317WA0111001119
B1738384748294N12002317WA0111001119
B1738394748294N12002317WA0111101119
B1738404748294N12002317WA0111001120
B1738414748295N12002317WA0111001120
B1738424748295N12002317WA0111001120
B1738434748295N12002317WA0111001120
B1738444748295N12002317WA0111001120
B1738454748295N12002317WA0111001120
B1738464748295N12002317WA0111001120
B1738474748295N12002317WA0111001120
B1738484748295N12002317WA0111001120
B1738494748295N12002317WA0111001120
B1738504748296N12002317WA0111001121
B1738514748296N12002316WA0111001120
B1738524748296N12002316WA0111001120
B1738534748296N12002316WA0111001120
B1738544748296N12002316WA0111001121
B1738554748296N12002315WA0111001121
B1738564748296N12002315WA0111001121
B1738574748296N12002316WA0111001121
B1738584748296N12002316WA0111001121
B1738594748296N12002316WA0111001121
B1739004748296N12002316WA0111001121
B1739014748296N12002316WA0111001121
B1739024748296N12002316WA0111001121
B1739034748296N12002316WA0111001121
B1739044748296N12002316WA0111001121
B1739054748296N12002316WA0111001121
B1739064748296N12002317WA0111001121
B1739074748296N12002316WA0111001121
B1739084748296N12002316WA0111001121
B1739094748296N12002316WA0111001121
B1739104748296N12002316WA0111001121
B1739114748296N12002316WA0111001121
B1739124748296N12002316WA0111001121
B1739134748296N12002316WA0111001121
B1739144748296N12002316WA0111001121
B1739154748296N12002316WA0111001121
B1739164748295N12002316WA0111001121
B1739174748295N12002316WA0111001120
B1739184748295N12002316WA0111001120
B1739194748295N12002316WA0111001120
B1739204748295N12002316WA0111001120
B1739214748295N12002317WA0111001120
B1739224748295N12002317WA0111001119
B1739234748294N12002316WA0111001119
B1739244748294N12002315WA0111001118
B1739254748294N12002315WA0111001117
B1739264748293N12002315WA0111001117
B1739274748293N12002315WA0111001117
B1739284748292N12002314WA0111001116
B1739294748292N12002314WA0111001115
B1739304748292N12002314WA0111001115
B1739314748292N12002314WA0111001115
B1739324748292N12002314WA0111001115
B1739334748292N12002315WA0111001115
B1739344748292N12002315WA0111001115
B1739354748292N12002315WA0111001115
B1739364748292N12002315WA0111001115
B1739374748292N12002315WA0111001115
B1739384748292N12002315WA0111001115
B1739394748292N12002315WA0111001115
B1739404748292N12002315WA0111001115
B1739414748292N12002315WA0111001115
B1739424748292N12002316WA0111001115
B1739434748292N12002316WA0111001115
B1739444748292N12002316WA0111001116
B1739454748292N12002316WA0111001115
B1739464748292N12002316WA0111001115
B1739474748292N12002316WA0111001115
B1739484748292N12002316WA0111001114
B1739494748292N12002316WA0111001114
B1739504748292N12002316WA0111001114
B1739514748291N12002316WA0111001114
B1739524748291N12002316WA0111001114
B1739534748291N12002316WA0111001114
B1739544748291N12002315WA0111001114
B1739554748291N12002315WA0111001113
B1739564748291N12002315WA0111001113
B1739574748291N12002316WA0111001113
B1739584748291N12002315WA0111001113
B1739594748291N12002315WA0111001113
B1740004748291N12002315WA0111001113
B1740014748291N12002315WA0111001112
B1740024748291N12002315WA0111001113
B1740034748291N12002315WA0111001113
B1740044748291N12002315WA0111001112
B1740054748291N12002315WA0111001112
B1740064748291N12002316WA0111001112
B1740074748291N12002316WA0111001113
B1740084748291N12002316WA0111001113
B1740094748291N12002316WA0111001113
B1740104748291N12002316WA0111001113
B1740114748291N12002316WA0111001113
B1740124748291N12002316WA0111001113
B1740134748291N12002316WA0111001113
B1740144748291N12002316WA0111001113
B1740154748291N12002316WA0111001113
B1740164748291N12002316WA0111001113
B1740174748291N12002316WA0111001113
B1740184748291N12002317WA0111001112
B1740194748290N12002317WA0111001112
B1740204748290N12002317WA0111001112
B1740214748291N12002317WA0111001112
B1740224748291N12002317WA0111001113
B1740234748290N12002317WA0111001113
B1740244748290N12002318WA0111001113
B1740254748290N12002318WA0111001113
B1740264748291N12002318WA0111001113
B1740274748291N12002318WA0111001113
B1740284748291N12002318WA0111001113
B1740294748291N12002318WA0111001113
B1740304748290N12002318WA0111001113
B1740314748291N12002318WA0111001113
B1740324748291N12002318WA0111001113
B1740334748291N12002318WA0111001113
B1740344748291N12002318WA0111001114
B1740354748291N12002318WA0111001114
B1740364748291N12002319WA0111001114
B1740374748291N12002319WA0111001114
B1740384748291N12002319WA0111001114
B1740394748291N12002319WA0111001114
B1740404748291N12002319WA0111001115
B1740414748291N12002319WA0111001115
B1740424748291N12002319WA0111001115
B1740434748291N12002319WA0111001115
B1740444748291N12002319WA0111001115
B1740454748291N12002319WA0111001115
B1740464748292N12002319WA0111001115
B1740474748292N12002319WA0111001115
B1740484748292N12002319WA0111001115
B1740494748292N12002319WA0111001115
B1740504748292N12002319WA0111001115
B1740514748292N12002319WA0111001115
B1740524748292N12002320WA0111001115
B1740534748292N12002320WA0111001115
B1740544748292N12002320WA0111001116
B1740554748292N12002320WA0111001116
B1740564748292N12002320WA0111001116
B1740574748292N12002320WA0111001116
B1740584748292N12002320WA0111001116
B1740594748292N12002320WA0111001116
B1741004748292N12002320WA0111001116
B1741014748292N12002320WA0111001116
B1741024748292N12002320WA0111001116
B1741034748292N12002320WA0111001116
B1741044748292N12002320WA0111001116
B1741054748292N12002320WA0111001116
B1741064748291N12002320WA0111001117
B1741074748291N12002320WA0111001116
B1741084748292N12002320WA0111001116
B1741094748292N12002320WA0111001117
B1741104748292N12002320WA0111001117
B1741114748292N12002320WA0111001117
B1741124748292N12002320WA0111001117
B1741134748292N12002320WA0111001117
B1741144748292N12002320WA0111001117
B1741154748292N12002320WA0111001117
B1741164748292N12002320WA0111001117
B1741174748291N12002320WA0111001116
B1741184748291N12002320WA0111001116
B1741194748291N12002320WA0111001116
B1741204748291N12002320WA0111001116
B1741214748291N12002320WA0111001116
B1741224748291N12002320WA0111001116
B1741234748291N12002320WA0111001116
B1741244748292N12002320WA0111001117
B1741254748292N12002320WA0111001117
B1741264748292N12002320WA0111001117
B1741274748292N12002320WA0111001117
B1741284748292N12002320WA0111001117
B1741294748292N12002320WA0111001117
B1741304748292N12002320WA0111001117
B1741314748292N12002320WA0111001118
B1741324748292N12002320WA0111001118
B1741334748292N12002320WA0111001118
B1741344748292N12002320WA0111001118
B1741354748292N12002320WA0111001118
B1741364748292N12002320WA0111001118
B1741374748292N12002320WA0111001118
B1741384748292N12002320WA0111001118
B1741394748292N12002320WA0111001118
B1741404748292N12002320WA0111001118
B1741414748292N12002320WA0111001118
B1741424748292N12002320WA0111001118
B1741434748292N12002319WA0111001118
B1741444748292N12002319WA0111001118
B1741454748292N12002319WA0111001118
B1741464748292N12002319WA0111001118
B1741474748292N12002319WA0111001118
B1741484748292N12002319WA0111001118
B1741494748292N12002319WA0111001118
B1741504748292N12002318WA0111001118
B1741514748292N12002319WA0111001118
B1741524748292N12002319WA0111001118
B1741534748292N12002319WA0111001118
B1741544748292N12002319WA0111001118
B1741554748292N12002319WA0111001118
B1741564748292N12002319WA0111001118
B1741574748292N12002319WA0111001118
B1741584748292N12002319WA0111001117
B1741594748291N12002318WA0111001117
B1742004748291N12002318WA0111001117
B1742014748291N12002317WA0111001117
B1742024748291N12002317WA0111001116
B1742034748291N12002317WA0111001116
B1742044748290N12002316WA0111001117
B1742054748290N12002316WA0111001116
B1742064748291N12002317WA0111001116
B1742074748290N12002317WA0111001116
B1742084748291N12002317WA0111001116
B1742094748291N12002317WA0111001117
B1742104748292N12002317WA0111001117
B1742114748292N12002317WA0111001118
B1742124748292N12002317WA0111001118
B1742134748292N12002317WA0111001119
B1742144748293N12002317WA0111001119
B1742154748293N12002317WA0111001119
B1742164748293N12002317WA0111001119
B1742174748293N12002317WA0111001120
B1742184748293N12002317WA0111001120
B1742194748293N12002317WA0111001120
B1742204748293N12002318WA0111001121
B1742214748293N12002318WA0111001121
B1742224748294N12002318WA0111001121
B1742234748293N12002317WA0111001121
B1742244748293N12002317WA0111001121
B1742254748293N12002317WA0111001121
B1742264748293N12002317WA0111001121
B1742274748293N12002316WA0111001121
B1742284748294N12002316WA0111001121
B1742294748294N12002316WA0111001121
B1742304748294N12002316WA0111001121
B1742314748294N12002317WA0111001121
B1742324748294N12002317WA0111001122
B1742334748294N12002317WA0111001121
B1742344748294N12002317WA0111001121
B1742354748294N12002317WA0111001121
B1742364748294N12002317WA0111001121
B1742374748294N12002317WA0111001121
B1742384748294N12002317WA0111001121
B1742394748295N12002316WA0111001121
B1742404748295N12002317WA0111001121
B1742414748295N12002317WA0111001121
B1742424748295N12002317WA0111001121
B1742434748295N12002317WA0111001121
B1742444748295N12002317WA0111001121
B1742454748295N12002316WA0111001121
B1742464748295N12002316WA0111001120
B1742474748295N12002316WA0111001120
B1742484748295N12002316WA0111001120
B1742494748295N12002316WA0111001120
B1742504748295N12002317WA0111001121
B1742514748295N12002317WA0111001121
B1742524748295N12002317WA0111001121
B1742534748295N12002317WA0111001121
B1742544748294N12002316WA0111001121
B1742554748294N12002316WA0111001121
B1742564748294N12002316WA0111001121
B1742574748294N12002317WA0111001120
B1742584748294N12002317WA0111001120
B1742594748294N12002317WA0111001120
B1743004748294N12002317WA0111001120
B1743014748294N12002316WA0111001120
B1743024748294N12002316WA0111001120
B1743034748294N12002316WA0111001120
B1743044748294N12002316WA0111001119
B1743054748294N12002316WA0111001119
B1743064748294N12002316WA0111001119
B1743074748294N12002316WA0111001119
B1743084748294N12002316WA0111001119
B1743094748294N12002316WA0111001119
B1743104748294N12002316WA0111001119
B1743114748294N12002317WA0111001119
B1743124748294N12002316WA0111001119
B1743134748293N12002316WA0111001119
B1743144748293N12002316WA0111001119
B1743154748293N12002316WA0111001119
B1743164748293N12002316WA0111001119
B1743174748293N12002316WA0111001119
B1743184748293N12002317WA0111001119
B1743194748293N12002317WA0111001119
B1743204748293N12002317WA0111001118
B1743214748293N12002317WA0111001119
B1743224748293N12002317WA0111001119
B1743234748293N12002317WA0111001119
B1743244748293N12002317WA0111001119
B1743254748293N12002317WA0111001119
B1743264748293N12002317WA0111001119
B1743274748293N12002317WA0111001119
B1743284748293N12002316WA0111001119
B1743294748293N12002316WA0111001118
B1743304748293N12002316WA0111001119
B1743314748293N12002316WA0111001118
B1743324748293N12002316WA0111001118
B1743334748293N12002316WA0111001118
B1743344748293N12002316WA0111001118
B1743354748293N12002316WA0111001118
B1743364748292N12002316WA0111001118
B1743374748292N12002316WA0111001118
B1743384748292N12002316WA0111001118
B1743394748292N12002316WA0111001118
B1743404748292N12002316WA0111001118
B1743414748292N12002316WA0111001118
B1743424748292N12002316WA0111001118
B1743434748292N12002316WA0111001118
B1743444748292N12002316WA0111001118
B1743454748292N12002316WA0111001117
B1743464748292N12002316WA0111001117
B1743474748291N12002316WA0111001117
B1743484748291N12002316WA0111001116
B1743494748291N12002316WA0111001116
B1743504748291N12002316WA0111001116
B1743514748291N12002316WA0111001116
B1743524748291N12002316WA0111001116
B1743534748291N12002316WA0111001116
B1743544748292N12002316WA0111001116
B1743554748292N12002317WA0111001117
B1743564748292N12002317WA0111001117
B1743574748292N12002317WA0111001117
B1743584748291N12002317WA0111001117
B1743594748291N12002317WA0111001116
B1744004748291N12002317WA0111001116
B1744014748291N12002317WA0111001116
B1744024748291N12002317WA0111001116
B1744034748291N12002317WA0111001116
B1744044748291N12002317WA0111001116
B1744054748291N12002317WA0111001116
B1744064748291N12002317WA0111001116
B1744074748291N12002317WA0111001116
B1744084748291N12002317WA0111001116
B1744094748291N12002317WA0111001116
B1744104748291N12002318WA0111001116
B1744114748291N12002318WA0111001116
B1744124748291N12002318WA0111001116
B1744134748291N12002318WA0111001116
B1744144748291N12002318WA0111001116
B1744154748291N12002318WA0111001116
B1744164748291N12002318WA0111001116
B1744174748291N12002318WA0111001116
B1744184748291N12002318WA0111001116
B1744194748290N12002318WA0111001116
B1744204748290N12002318WA0111001116
B1744214748289N12002318WA0111001116
B1744224748289N12002318WA0111001115
B1744234748289N12002318WA0111001115
B1744244748289N12002319WA0111001115
B1744254748289N12002319WA0111001115
B1744264748289N12002319WA0111001115
B1744274748289N12002319WA0111001115
B1744284748289N12002319WA0111001116
B1744294748289N12002319WA0111001115
B1744304748289N12002320WA0111001115
B1744314748290N12002320WA0111001116
B1744324748290N12002320WA0111001116
B1744334748290N12002320WA0111001116
B1744344748290N12002320WA0111001116
B1744354748290N12002320WA0111001116
B1744364748290N12002320WA0111001116
B1744374748290N12002320WA0111001116
B1744384748290N12002320WA0111001116
B1744394748290N12002320WA0111001116
B1744404748290N12002321WA0111001116
B1744414748290N12002321WA0111001116
B1744424748290N12002321WA0111001116
B1744434748290N12002321WA0111001116
B1744444748290N12002321WA0111001117
B1744454748290N12002321WA0111001117
B1744464748290N12002321WA0111001117
B1744474748290N12002321WA0111001117
B1744484748290N12002321WA0111001117
B1744494748290N12002321WA0111001117
B1744504748290N12002321WA0111001117
B1744514748290N12002321WA0111001117
B1744524748290N12002321WA0111001117
B1744534748290N12002321WA0111001117
B1744544748290N12002321WA0111001117
B1744554748290N12002321WA0111001117
B1744564748290N12002320WA0111001116
B1744574748290N12002320WA0111001116
B1744584748290N12002320WA0111001116
B1744594748290N12002320WA0111001116
B1745004748290N12002321WA0111001116
B1745014748290N12002321WA0111001116
B1745024748290N12002321WA0111001117
B1745034748290N12002321WA0111001117
B1745044748290N12002321WA0111001117
B1745054748290N12002321WA0111001117
B1745064748290N12002321WA0111001117
B1745074748290N12002321WA0111001117
B1745084748290N12002321WA0111001118
B1745094748290N12002321WA0111001118
B1745104748290N12002321WA0111001118
B1745114748290N12002321WA0111001118
B1745124748290N12002321WA0111001118
B1745134748290N12002321WA0111001119
B1745144748289N12002321WA0111001119
B1745154748290N12002321WA0111001119
B1745164748290N12002321WA0111001119
B1745174748290N12002321WA0111001119
B1745184748290N12002321WA0111001120
B1745194748290N12002321WA0111001120
B1745204748290N12002321WA0111001120
B1745214748290N12002321WA0111001121
B1745224748290N12002321WA0111001120
B1745234748290N12002321WA0111001121
B1745244748290N12002321WA0111001121
B1745254748290N12002321WA0111001121
B1745264748290N12002321WA0111001122
B1745274748290N12002321WA0111001122
B1745284748291N12002321WA0111001122
B1745294748291N12002321WA0111001122
B1745304748291N12002321WA0111001123
B1745314748291N12002321WA0111001123
B1745324748291N12002321WA0111001123
B1745334748291N12002321WA0111001123
B1745344748291N12002321WA0111001123
B1745354748291N12002321WA0111001123
B1745364748291N12002321WA0111001123
B1745374748291N12002321WA0111001123
B1745384748291N12002321WA0111001123
B1745394748291N12002321WA0111001123
B1745404748291N12002321WA0111001123
B1745414748291N12002322WA0111001123
B1745424748291N12002322WA0111001123
B1745434748291N12002322WA0111001124
B1745444748291N12002322WA0111001124
B1745454748291N12002322WA0111001124
B1745464748291N12002322WA0111001124
B1745474748291N12002322WA0111001124
B1745484748291N12002322WA0111001124
B1745494748291N12002322WA0111001124
B1745504748291N12002322WA0111001124
B1745514748291N12002322WA0111001124
B1745524748291N12002322WA0111001124
B1745534748291N12002321WA0111001124
B1745544748291N12002321WA0111001124
B1745554748291N12002321WA0111001124
B1745564748291N12002321WA0111001125
B1745574748291N12002321WA0111001125
B1745584748291N12002321WA0111001125
B1745594748291N12002322WA0111001125
B1746004748291N12002322WA0111001125
B1746014748291N12002321WA0111001125
B1746024748291N12002322WA0111001125
B1746034748291N12002321WA0111001125
B1746044748291N12002322WA0111001125
B1746054748291N12002322WA0111001125
B1746064748291N12002322WA0111001125
B1746074748291N12002322WA0111001125
B1746084748291N12002322WA0111001125
B1746094748291N12002322WA0111001125
B1746104748291N12002322WA0111001125
B1746114748291N12002322WA0111001125
B1746124748291N12002322WA0111001125
B1746134748291N12002322WA0111001124
B1746144748291N12002321WA0111001124
B1746154748291N12002321WA0111001124
B1746164748291N12002321WA0111001124
B1746174748291N12002321WA0111001124
B1746184748291N12002321WA0111001124
B1746194748290N12002321WA0110901124
B1746204748290N12002320WA0111001124
B1746214748290N12002320WA0111001124
B1746224748290N12002320WA0111001124
B1746234748291N12002320WA0111001124
B1746244748291N12002320WA0111001124
B1746254748291N12002320WA0111001124
B1746264748291N12002320WA0111001125
B1746274748291N12002320WA0111001124
B1746284748291N12002320WA0111001125
B1746294748291N12002320WA0111001125
B1746304748291N12002320WA0111001124
B1746314748291N12002320WA0111001124
B1746324748291N12002320WA0111001124
B1746334748291N12002321WA0111001123
B1746344748290N12002320WA0111001123
B1746354748290N12002320WA0111001123
B1746364748290N12002320WA0111001122
B1746374748290N12002320WA0111001122
B1746384748290N12002320WA0111001122
B1746394748291N12002320WA0111001122
B1746404748291N12002320WA0111001123
B1746414748291N12002320WA0111001123
B1746424748291N12002320WA0111001123
B1746434748291N12002320WA0111001123
B1746444748291N12002320WA0111001123
B1746454748291N12002320WA0111001123
B1746464748291N12002320WA0111001123
B1746474748291N12002319WA0111001123
B1746484748291N12002319WA0111001123
B1746494748291N12002319WA0111001124
B1746504748291N12002319WA0111001124
B1746514748292N12002319WA0111001124
B1746524748292N12002319WA0111001124
B1746534748292N12002319WA0111001123
B1746544748292N12002319WA0111001123
B1746554748292N12002319WA0111001123
B1746564748292N12002319WA0111001123
B1746574748292N12002319WA0111001123
B1746584748292N12002319WA0111001123
B1746594748292N12002318WA0111001123
B1747004748292N12002318WA0111001123
B1747014748292N12002318WA0111001123
B1747024748292N12002318WA0111001123
B1747034748292N12002318WA0111001123
B1747044748292N12002318WA0111001123
B1747054748292N12002318WA0111001123
B1747064748292N12002318WA0111001123
B1747074748292N12002318WA0111001123
B1747084748292N12002318WA0111001123
B1747094748292N12002317WA0111001123
B1747104748292N12002317WA0111001122
B1747114748292N12002317WA0111001122
B1747124748292N12002317WA0111001122
B1747134748292N12002317WA0111001122
B1747144748292N12002316WA0111001121
B1747154748292N12002317WA0111001120
B1747164748292N12002317WA0111001120
B1747174748292N12002317WA0111001121
B1747184748292N12002316WA0111001121
B1747194748292N12002316WA0111001121
B1747204748292N12002316WA0111001122
B1747214748292N12002316WA0111001122
B1747224748292N12002316WA0111001122
B1747234748292N12002317WA0111001122
B1747244748292N12002317WA0111001122
B1747254748292N12002317WA0111001123
B1747264748292N12002317WA0111001123
B1747274748292N12002317WA0111001123
B1747284748293N12002317WA0111001124
B1747294748293N12002317WA0111001124
B1747304748293N12002317WA0111001125
B1747314748293N12002317WA0111001125
B1747324748293N12002317WA0111001125
B1747334748293N12002317WA0111001125
B1747344748293N12002317WA0111001126
B1747354748293N12002317WA0111001126
B1747364748293N12002317WA0111001126
B1747374748293N12002318WA0111001126
B1747384748293N12002318WA0111001126
B1747394748294N12002318WA0111001126
B1747404748294N12002318WA0111001126
B1747414748294N12002318WA0111001126
B1747424748294N12002318WA0111001126
B1747434748294N12002318WA0111001127
B1747444748294N12002318WA0111001126
B1747454748294N12002318WA0111001126
B1747464748294N12002318WA0111001126
B1747474748294N12002318WA0111001126
B1747484748294N12002318WA0111001126
B1747494748294N12002318WA0111001126
B1747504748294N12002319WA0111001126
B1747514748294N12002319WA0111001127
B1747524748294N12002319WA0111001127
B1747534748294N12002319WA0111001126
B1747544748294N12002319WA0111001126
B1747554748294N12002319WA0111001125
B1747564748294N12002319WA0111001125
B1747574748294N12002319WA0111001125
B1747584748294N12002319WA0111001125
B1747594748294N12002319WA0111001124
B1748004748294N12002319WA0111001124
B1748014748294N12002319WA0111001124
B1748024748294N12002319WA0111001124
B1748034748294N12002320WA0111001124
B1748044748294N12002320WA0111001125
B1748054748294N12002320WA0111001125
B1748064748295N12002320WA0111001125
B1748074748295N12002320WA0111001126
B1748084748295N12002320WA0111001125
B1748094748295N12002320WA0111001126
B1748104748295N12002320WA0111001125
B1748114748295N12002320WA0111001125
B1748124748295N12002320WA0111001125
B1748134748294N12002320WA0111001125
B1748144748294N12002320WA0111001125
B1748154748294N12002320WA0111001125
B1748164748294N12002320WA0111001125
B1748174748294N12002320WA0111001124
B1748184748294N12002320WA0111001125
B1748194748294N12002320WA0111001124
B1748204748294N12002320WA0111001124
B1748214748293N12002320WA0111001123
B1748224748293N12002320WA0111001123
B1748234748293N12002320WA0111001123
B1748244748293N12002320WA0111001124
B1748254748293N12002320WA0111001124
B1748264748293N12002320WA0111001124
B1748274748293N12002320WA0111001123
B1748284748293N12002319WA0111001123
B1748294748293N12002319WA0111001123
B1748304748293N12002320WA0111001124
B1748314748293N12002319WA0111001124
B1748324748293N12002319WA0111001123
B1748334748293N12002319WA0111001123
B1748344748293N12002319WA0111001123
B1748354748293N12002320WA0111001123
B1748364748293N12002320WA0111001123
B1748374748293N12002320WA0111001123
B1748384748293N12002320WA0111001123
B1748394748293N12002320WA0111001123
B1748404748294N12002320WA0111001123
B1748414748293N12002320WA0111001123
B1748424748293N12002320WA0111001123
B1748434748293N12002319WA0111001123
B1748444748293N12002319WA0111001123
B1748454748293N12002319WA0111001123
B1748464748293N12002319WA0111001123
B1748474748293N12002319WA0111001123
B1748484748293N12002319WA0111001123
B1748494748293N12002319WA0111001123
B1748504748293N12002319WA0111001123
B1748514748293N12002319WA0111001124
B1748524748293N12002319WA0111001123
B1748534748293N12002320WA0111001124
B1748544748293N12002320WA0111001124
B1748554748293N12002320WA0111001124
B1748564748293N12002320WA0111001124
B1748574748293N12002320WA0111001125
B1748584748293N12002320WA0111001124
B1748594748293N12002320WA0111001124
B1749004748293N12002320WA0111001125
B1749014748293N12002320WA0111001125
B1749024748293N12002320WA0111001125
B1749034748293N12002320WA0111001125
B1749044748293N12002320WA0111001124
B1749054748293N12002320WA0111001124
B1749064748293N12002319WA0111001125
B1749074748293N12002319WA0111001125
B1749084748294N12002319WA0111001125
B1749094748294N12002319WA0111001125
B1749104748294N12002319WA0111001125
B1749114748294N12002319WA0111001125
B1749124748295N12002319WA0111001126
B1749134748295N12002319WA0111001126
B1749144748295N12002319WA0111001126
B1749154748295N12002319WA0111001127
B1749164748295N12002319WA0111001126
B1749174748295N12002319WA0111001126
B1749184748295N12002319WA0111001125
B1749194748295N12002319WA0111001125
B1749204748295N12002319WA0111001125
B1749214748295N12002319WA0111001125
B1749224748295N12002319WA0111001125
B1749234748295N12002319WA0111001125
B1749244748295N12002319WA0111001124
B1749254748295N12002319WA0111001124
B1749264748295N12002319WA0111001124
B1749274748295N12002319WA0111001124
B1749284748295N12002319WA0111001124
B1749294748295N12002319WA0111001124
B1749304748295N12002319WA0111001124
B1749314748295N12002319WA0111001124
B1749324748295N12002319WA0111001124
B1749334748295N12002319WA0111001124
B1749344748295N12002319WA0111001124
B1749354748295N12002319WA0111001124
B1749364748295N12002319WA0111001124
B1749374748295N12002319WA0111001124
B1749384748295N12002319WA0111001125
B1749394748295N12002319WA0111001124
B1749404748295N12002319WA0111001124
B1749414748295N12002319WA0111001124
B1749424748295N12002319WA0111001124
B1749434748295N12002319WA0111001124
B1749444748295N12002319WA0111001124
B1749454748295N12002319WA0111001124
B1749464748295N12002319WA0111001124
B1749474748295N12002319WA0111001124
B1749484748295N12002319WA0111001124
B1749494748295N12002319WA0111001125
B1749504748295N12002319WA0111101125
B1749514748295N12002319WA0111101125
B1749524748295N12002319WA0111101124
B1749534748295N12002319WA0111101124
B1749544748295N12002319WA0111101124
B1749554748295N12002319WA0111101124
B1749564748295N12002319WA0111101124
B1749574748295N12002319WA0111101124
B1749584748295N12002319WA0111001124
B1749594748295N12002319WA0111001124
B1750004748295N12002319WA0111001124
B1750014748295N12002319WA0111001124
B1750024748295N12002319WA0111001124
B1750034748295N12002319WA0111001124
B1750044748295N12002319WA0111001124
B1750054748295N12002319WA0111001124
B1750064748295N12002319WA0111001124
B1750074748295N12002319WA0111001124
B1750084748295N12002319WA0111001124
B1750094748295N12002319WA0111001124
B1750104748295N12002319WA0111001124
B1750114748295N12002319WA0111001124
B1750124748295N12002319WA0111001124
B1750134748295N12002319WA0111001124
B1750144748295N12002319WA0111001124
B1750154748295N12002319WA0111001124
B1750164748295N12002319WA0111001123
B1750174748295N12002319WA0111001123
B1750184748295N12002319WA0111001123
B1750194748295N12002319WA0111001123
B1750204748295N12002319WA0111001123
B1750214748295N12002319WA0111001123
B1750224748295N12002319WA0111001123
B1750234748295N12002319WA0111001123
B1750244748295N12002319WA0111001123
B1750254748295N12002319WA0111001123
B1750264748295N12002319WA0111001123
B1750274748295N12002319WA0111001123
B1750284748295N12002319WA0111001123
B1750294748295N12002319WA0111001123
B1750304748295N12002319WA0111001123
B1750314748295N12002319WA0111001123
B1750324748295N12002319WA0111001123
B1750334748295N12002319WA0111001123
B1750344748295N12002319WA0111001123
B1750354748295N12002319WA0111001123
B1750364748295N12002319WA0111001123
B1750374748295N12002319WA0111001123
B1750384748295N12002319WA0111001123
B1750394748295N12002319WA0111001123
B1750404748295N12002319WA0111001123
B1750414748295N12002319WA0111001123
B1750424748295N12002319WA0111001123
B1750434748295N12002319WA0111001123
B1750444748295N12002319WA0111001123
B1750454748295N12002319WA0111001123
B1750464748295N12002319WA0111001123
B1750474748295N12002319WA0111001123
B1750484748295N12002319WA0111001123
B1750494748295N12002319WA0111001123
B1750504748295N12002319WA0111001123
B1750514748295N12002319WA0111001123
B1750524748295N12002319WA0111001123
B1750534748295N12002319WA0111001123
B1750544748295N12002320WA0111001123
B1750554748295N12002320WA0111001123
B1750564748295N12002320WA0111001123
B1750574748295N12002320WA0111001123
B1750584748295N12002320WA0111001123
B1750594748295N12002320WA0111001123
B1751004748295N12002320WA0111001123
B1751014748295N12002320WA0111001123
B1751024748295N12002320WA0111001123
B1751034748295N12002320WA0111001124
B1751044748295N12002320WA0111001124
B1751054748295N12002320WA0111001124
B1751064748295N12002320WA0110901124
B1751074748295N12002320WA0111001124
B1751084748295N12002320WA0111101124
B1751094748295N12002320WA0111101124
B1751104748295N12002320WA0111101124
B1751114748295N12002320WA0111001124
B1751124748295N12002320WA0111001124
B1751134748295N12002320WA0111001124
B1751144748295N12002319WA0111001124
B1751154748295N12002319WA0111001124
B1751164748295N12002319WA0111001124
B1751174748295N12002320WA0111001124
B1751184748295N12002320WA0111001124
B1751194748295N12002320WA0111001124
B1751204748295N12002320WA0111001124
B1751214748295N12002320WA0111001124
B1751224748295N12002320WA0111001124
B1751234748295N12002320WA0111001124
B1751244748295N12002320WA0111001123
B1751254748295N12002320WA0111001123
B1751264748295N12002320WA0111001123
B1751274748295N12002320WA0111001123
B1751284748295N12002320WA0111001123
B1751294748295N12002320WA0111001123
B1751304748295N12002320WA0111001123
B1751314748295N12002320WA0111001123
B1751324748295N12002320WA0111001123
B1751334748295N12002320WA0111001123
B1751344748295N12002320WA0111001123
B1751354748295N12002320WA0111001123
B1751364748295N12002320WA0111001123
B1751374748295N12002320WA0111001123
B1751384748295N12002320WA0111001123
B1751394748295N12002320WA0111001123
B1751404748295N12002320WA0111001123
B1751414748295N12002320WA0111001123
B1751424748295N12002320WA0111001123
B1751434748295N12002320WA0111001123
B1751444748295N12002320WA0111001123
B1751454748295N12002320WA0111001123
B1751464748295N12002320WA0111001123
B1751474748295N12002320WA0111001123
B1751484748295N12002320WA0111001123
B1751494748295N12002320WA0111001123
B1751504748295N12002320WA0111001123
B1751514748295N12002320WA0111001123
B1751524748295N12002320WA0111001123
B1751534748295N12002320WA0111001123
B1751544748295N12002320WA0111001123
B1751554748295N12002320WA0111001124
B1751564748295N12002320WA0111001124
B1751574748295N12002320WA0111001124
B1751584748295N12002320WA0111001124
B1751594748295N12002320WA0111001124
B1752004748295N12002320WA0111001124
B1752014748296N12002320WA0111001124
B1752024748296N12002320WA0111001124
B1752034748296N12002320WA0111001124
B1752044748296N12002320WA0111001124
B1752054748296N12002320WA0111001124
B1752064748296N12002320WA0111001124
B1752074748296N12002320WA0111001124
B1752084748296N12002320WA0111001124
B1752094748296N12002320WA0111001124
B1752104748296N12002320WA0111001124
B1752114748296N12002320WA0111001124
B1752124748296N12002320WA0111001124
B1752134748296N12002320WA0111001124
B1752144748296N12002320WA0111001124
B1752154748296N12002320WA0111001123
B1752164748296N12002320WA0111001123
B1752174748296N12002320WA0111001123
B1752184748296N12002320WA0111001123
B1752194748296N12002320WA0111001123
B1752204748296N12002320WA0111001123
B1752214748296N12002320WA0111001123
B1752224748296N12002320WA0111001123
B1752234748296N12002320WA0111001123
B1752244748296N12002320WA0111001124
B1752254748296N12002320WA0111001124
B1752264748296N12002320WA0111001123
B1752274748296N12002320WA0111001123
B1752284748296N12002320WA0111001123
B1752294748296N12002320WA0111001123
B1752304748296N12002320WA0111001123
B1752314748296N12002320WA0111001123
B1752324748296N12002320WA0111001123
B1752334748296N12002320WA0111001123
B1752344748296N12002320WA0111001123
B1752354748296N12002320WA0111001124
B1752364748296N12002320WA0111001124
B1752374748296N12002320WA0111001124
B1752384748296N12002320WA0111001123
B1752394748296N12002320WA0111001123
B1752404748296N12002320WA0111001123
B1752414748296N12002320WA0111001123
B1752424748296N12002320WA0111001124
B1752434748296N12002320WA0111001124
B1752444748296N12002320WA0111001124
B1752454748296N12002320WA0111001124
B1752464748296N12002320WA0111001124
B1752474748296N12002320WA0111001124
B1752484748296N12002320WA0111001124
B1752494748296N12002320WA0111001124
B1752504748296N12002320WA0111001124
B1752514748295N12002320WA0111001124
B1752524748295N12002320WA0111001124
B1752534748295N12002320WA0111001124
B1752544748295N12002320WA0111001124
B1752554748295N12002320WA0111001124
B1752564748295N12002320WA0111001124
B1752574748295N12002320WA0111001124
B1752584748295N12002320WA0111001124
B1752594748295N12002320WA0111001124
B1753004748295N12002320WA0111001124
B1753014748295N12002320WA0111001124
B1753024748295N12002320WA0111001124
B1753034748295N12002320WA0111001124
B1753044748295N12002320WA0111001124
B1753054748295N12002320WA0111001124
B1753064748295N12002320WA0111001124
B1753074748295N12002320WA0111001124
B1753084748295N12002320WA0111001124
B1753094748295N12002320WA0111001124
B1753104748295N12002320WA0111001124
B1753114748295N12002320WA0111001124
B1753124748295N12002320WA0111001124
B1753134748295N12002320WA0111001124
B1753144748295N12002320WA0111001124
B1753154748295N12002320WA0111001124
B1753164748295N12002320WA0111001124
B1753174748295N12002320WA0111001124
B1753184748295N12002320WA0111001124
B1753194748295N12002320WA0111001124
B1753204748295N12002320WA0111001124
B1753214748295N12002320WA0111001124
B1753224748295N12002320WA0111001124
B1753234748295N12002320WA0111001124
B1753244748295N12002320WA0111001124
B1753254748295N12002320WA0111001124
B1753264748295N12002320WA0111001124
B1753274748295N12002320WA0111001124
B1753284748295N12002320WA0111001124
B1753294748295N12002320WA0111001124
B1753304748295N12002320WA0111001124
B1753314748295N12002320WA0111001124
B1753324748295N12002320WA0111001124
B1753334748295N12002320WA0111001124
B1753344748295N12002320WA0111001124
B1753354748295N12002320WA0111001124
B1753364748295N12002320WA0111001124
B1753374748295N12002320WA0111001124
B1753384748295N12002320WA0111001124
B1753394748295N12002320WA0111001124
B1753404748295N12002320WA0111001124
B1753414748295N12002320WA0111001124
B1753424748295N12002320WA0111001124
B1753434748295N12002320WA0111001124
B1753444748295N12002320WA0111001124
B1753454748295N12002320WA0111001124
B1753464748295N12002320WA0111001124
B1753474748295N12002320WA0111001124
B1753484748295N12002320WA0111001124
B1753494748295N12002320WA0111001124
B1753504748295N12002320WA0111001124
B1753514748295N12002320WA0111001124
B1753524748295N12002320WA0111001124
B1753534748295N12002320WA0111001124
B1753544748295N12002320WA0111001124
B1753554748295N12002320WA0111001124
B1753564748295N12002320WA0111001124
B1753574748295N12002320WA0111001124
B1753584748295N12002320WA0111001124
B1753594748295N12002320WA0111001124
B1754004748295N12002320WA0111001124
B1754014748295N12002320WA0111001124
B1754024748295N12002320WA0111001124
B1754034748295N12002320WA0111001124
B1754044748295N12002320WA0111001124
B1754054748295N12002320WA0111001124
B1754064748295N12002320WA0111001124
B1754074748295N12002320WA0111001124
B1754084748295N12002320WA0111001124
B1754094748295N12002320WA0111001124
B1754104748295N12002320WA0111001124
B1754114748295N12002320WA0111001124
B1754124748295N12002320WA0111001124
B1754134748295N12002320WA0111001124
B1754144748295N12002320WA0111001124
B1754154748295N12002320WA0111001124
B1754164748295N12002320WA0111001124
B1754174748295N12002320WA0111001124
B1754184748295N12002320WA0111001124
B1754194748295N12002320WA0111001124
B1754204748295N12002320WA0111001124
B1754214748295N12002320WA0111001124
B1754224748295N12002320WA0111001124
B1754234748295N12002320WA0111001124
B1754244748295N12002320WA0111001124
B1754254748295N12002320WA0111001124
B1754264748295N12002320WA0111001124
B1754274748295N12002320WA0111001124
B1754284748295N12002320WA0111001124
B1754294748295N12002320WA0111001124
B1754304748295N12002320WA0111001124
B1754314748295N12002320WA0111001124
B1754324748295N12002320WA0111001124
B1754334748295N12002320WA0111001124
B1754344748295N12002320WA0111001124
B1754354748295N12002320WA0111001124
B1754364748295N12002320WA0111001124
B1754374748295N12002320WA0111001124
B1754384748295N12002320WA0111001124
B1754394748295N12002320WA0111001124
B1754404748295N12002320WA0111001124
B1754414748295N12002320WA0111001124
B1754424748295N12002320WA0111001124
B1754434748295N12002320WA0111001124
B1754444748295N12002320WA0111001124
B1754454748295N12002320WA0111001124
B1754464748295N12002320WA0111001124
B1754474748295N12002320WA0111001124
B1754484748295N12002320WA0111001124
B1754494748295N12002320WA0111001124
B1754504748295N12002320WA0111001124
B1754514748295N12002320WA0111001124
B1754524748295N12002320WA0111001124
B1754534748295N12002320WA0111001124
B1754544748295N12002320WA0111001124
B1754554748295N12002320WA0111001124
B1754564748295N12002320WA0111001124
B1754574748295N12002320WA0111001124
B1754584748295N12002320WA0111001124
B1754594748295N12002320WA0111001124
B1755004748295N12002320WA0111001124
B1755014748295N12002320WA0111001124
B1755024748295N12002320WA0111001124
B1755034748295N12002320WA0111001124
B1755044748295N12002320WA0111001124
B1755054748295N12002320WA0111001124
B1755064748295N12002320WA0111001124
B1755074748295N12002320WA0111001124
B1755084748295N12002320WA0111001124
B1755094748295N12002320WA0111001124
B1755104748295N12002320WA0111001124
B1755114748295N12002320WA0111001124
B1755124748295N12002320WA0111001124
B1755134748295N12002320WA0111001124
B1755144748295N12002320WA0111001124
B1755154748295N12002320WA0111001124
B1755164748295N12002320WA0111001124
B1755174748295N12002320WA0111001124
B1755184748295N12002320WA0111001124
B1755194748295N12002320WA0111001124
B1755204748295N12002320WA0111001124
B1755214748295N12002320WA0111001124
B1755224748295N12002320WA0111001124
B1755234748295N12002320WA0111001124
B1755244748295N12002320WA0111001124
B1755254748295N12002320WA0111001124
B1755264748295N12002320WA0111001124
B1755274748295N12002320WA0111001124
B1755284748295N12002320WA0111001124
B1755294748295N12002320WA0111001124
B1755304748295N12002320WA0111001124
B1755314748295N12002320WA0111001124
B1755324748295N12002320WA0111001124
B1755334748295N12002320WA0111001123
B1755344748295N12002320WA0111001123
B1755354748295N12002320WA0111001123
B1755364748295N12002320WA0111001123
B1755374748295N12002320WA0111001123
B1755384748295N12002320WA0111001123
B1755394748295N12002320WA0111001123
B1755404748295N12002320WA0111001123
B1755414748295N12002320WA0111001123
B1755424748295N12002320WA0111001123
B1755434748295N12002320WA0111001123
B1755444748295N12002320WA0111001123
B1755454748295N12002320WA0111001123
B1755464748295N12002320WA0111001123
B1755474748295N12002320WA0111001123
B1755484748295N12002320WA0111001123
B1755494748295N12002320WA0111001123
B1755504748295N12002320WA0111001123
B1755514748295N12002320WA0111001123
B1755524748295N12002320WA0111001124
B1755534748295N12002320WA0111001124
B1755544748295N12002320WA0111001124
B1755554748295N12002320WA0111001124
B1755564748295N12002320WA0111001124
B1755574748295N12002320WA0111001124
B1755584748295N12002320WA0111001124
B1755594748295N12002320WA0111001124
B1756004748295N12002320WA0111001124
B1756014748295N12002320WA0111001124
B1756024748295N12002320WA0111001124
B1756034748295N12002320WA0111001124
B1756044748295N12002320WA0111001124
B1756054748295N12002320WA0111001124
B1756064748295N12002320WA0111001124
B1756074748295N12002320WA0111001124
B1756084748295N12002320WA0111001124
B1756094748295N12002320WA0111001124
B1756104748296N12002320WA0111001124
B1756114748296N12002320WA0111001124
B1756124748296N12002320WA0111001124
B1756134748296N12002320WA0111001124
B1756144748296N12002320WA0111001124
B1756154748296N12002320WA0111001124
B1756164748296N12002320WA0111001124
B1756174748296N12002320WA0111001124
B1756184748296N12002320WA0111001124
B1756194748296N12002320WA0111001124
B1756204748296N12002320WA0111001124
B1756214748296N12002320WA0111001124
B1756224748296N12002320WA0111001124
B1756234748296N12002320WA0111001124
B1756244748296N12002320WA0111001124
B1756254748296N12002320WA0111001124
B1756264748296N12002320WA0111001124
B1756274748296N12002320WA0111001124
B1756284748296N12002320WA0111001124
B1756294748296N12002320WA0111001124
B1756304748296N12002320WA0111001124
B1756314748296N12002320WA0111001124
B1756324748296N12002320WA0111001124
B1756334748296N12002320WA0111001124
B1756344748296N12002320WA0111001124
B1756354748296N12002320WA0111001125
B1756364748296N12002320WA0111001125
B1756374748296N12002320WA0111001125
B1756384748296N12002320WA0111001125
B1756394748296N12002320WA0111001125
B1756404748296N12002320WA0111001125
B1756414748296N12002320WA0111001125
B1756424748296N12002320WA0111001125
B1756434748296N12002320WA0111001125
B1756444748296N12002320WA0111001125
B1756454748296N12002320WA0111001125
B1756464748296N12002320WA0111001125
B1756474748296N12002320WA0111001125
B1756484748296N12002320WA0111001125
B1756494748296N12002320WA0111001125
B1756504748296N12002320WA0111001125
B1756514748296N12002320WA0111001125
B1756524748296N12002320WA0111001125
B1756534748296N12002320WA0111001125
B1756544748296N12002320WA0111001125
B1756554748296N12002320WA0111001125
B1756564748296N12002320WA0111001125
B1756574748296N12002320WA0111001125
B1756584748296N12002320WA0111001125
B1756594748296N12002320WA0111001125
B1757004748296N12002320WA0111001126
B1757014748296N12002320WA0111001126
B1757024748296N12002320WA0111001126
B1757034748296N12002320WA0111001126
B1757044748296N12002320WA0111001126
B1757054748296N12002320WA0111001126
B1757064748296N12002320WA0111001126
B1757074748296N12002320WA0111001126
B1757084748296N12002320WA0111001126
B1757094748296N12002320WA0111001126
B1757104748296N12002320WA0111001125
B1757114748296N12002320WA0111001125
B1757124748296N12002320WA0111001125
B1757134748296N12002320WA0111001125
B1757144748296N12002320WA0111001125
B1757154748296N12002320WA0111001125
B1757164748296N12002320WA0111001125
B1757174748296N12002320WA0111001125
B1757184748296N12002320WA0111001125
B1757194748296N12002320WA0111001125
B1757204748296N12002321WA0111001125
B1757214748296N12002321WA0111001125
B1757224748296N12002321WA0111001125
B1757234748296N12002321WA0111001125
B1757244748296N12002321WA0111001125
B1757254748296N12002321WA0111001125
B1757264748296N12002321WA0111001125
B1757274748296N12002321WA0111001125
B1757284748296N12002321WA0111001125
B1757294748296N12002321WA0111001125
B1757304748296N12002321WA0111001125
B1757314748296N12002321WA0111001125
B1757324748296N12002321WA0111001125
B1757334748296N12002321WA0111001125
B1757344748296N12002321WA0111001125
B1757354748296N12002321WA0111001125
B1757364748296N12002321WA0111001125
B1757374748296N12002321WA0111001125
B1757384748296N12002321WA0111001125
B1757394748296N12002321WA0111001125
B1757404748296N12002321WA0111001125
B1757414748296N12002321WA0111001125
B1757424748296N12002321WA0111001125
B1757434748296N12002321WA0111001125
B1757444748296N12002321WA0111001125
B1757454748296N12002321WA0111001125
B1757464748296N12002321WA0111001125
B1757474748296N12002321WA0111001125
B1757484748296N12002321WA0111001125
B1757494748296N12002321WA0111001125
B1757504748296N12002321WA0111001126
B1757514748296N12002321WA0111001126
B1757524748296N12002321WA0111001126
B1757534748296N12002321WA0111001126
B1757544748296N12002321WA0111001126
B1757554748296N12002321WA0111001126
B1757564748296N12002321WA0111001126
B1757574748296N12002321WA0111001126
B1757584748296N12002321WA0111001126
B1757594748296N12002321WA0111001126
B1758004748296N12002321WA0111001126
B1758014748296N12002321WA0111001126
B1758024748296N12002321WA0111001126
B1758034748296N12002321WA0111001126
B1758044748296N12002321WA0111001126
B1758054748296N12002321WA0111001126
B1758064748296N12002321WA0111001126
B1758074748296N12002321WA0111001126
B1758084748296N12002321WA0111001126
B1758094748296N12002321WA0111001126
B1758104748296N12002321WA0111001126
B1758114748296N12002321WA0111001126
B1758124748296N12002321WA0111001126
B1758134748296N12002321WA0111001126
B1758144748296N12002321WA0111001126
B1758154748296N12002321WA0111001126
B1758164748296N12002321WA0111001126
B1758174748296N12002321WA0111001126
B1758184748296N12002321WA0111001125
B1758194748296N12002321WA0111001125
B1758204748296N12002321WA0111001125
B1758214748296N12002321WA0111001125
B1758224748296N12002321WA0111001125
B1758234748296N12002321WA0111001125
B1758244748296N12002321WA0111001125
B1758254748296N12002321WA0111001125
B1758264748296N12002321WA0111001125
B1758274748296N12002321WA0111001125
B1758284748296N12002321WA0111001125
B1758294748296N12002321WA0111001125
B1758304748296N12002321WA0111001125
B1758314748296N12002321WA0111001125
B1758324748296N12002321WA0111001125
B1758334748296N12002321WA0111001125
B1758344748296N12002321WA0111001125
B1758354748295N12002321WA0111001125
B1758364748295N12002321WA0111001125
B1758374748295N12002321WA0111001125
B1758384748295N12002321WA0111001125
B1758394748295N12002321WA0111001125
B1758404748295N12002321WA0111001125
B1758414748295N12002321WA0111001125
B1758424748295N12002321WA0111001125
B1758434748295N12002321WA0111001125
B1758444748295N12002321WA0111001125
B1758454748295N12002321WA0111001125
B1758464748295N12002321WA0111001125
B1758474748295N12002321WA0111001125
B1758484748295N12002321WA0111001125
B1758494748295N12002321WA0111001125
B1758504748295N12002321WA0111001125
B1758514748295N12002321WA0111001125
B1758524748295N12002321WA0111001125
B1758534748295N12002321WA0111001125
B1758544748295N12002321WA0111001125
B1758554748295N12002321WA0111001125
B1758564748295N12002321WA0111001125
B1758574748295N12002321WA0111001125
B1758584748295N12002321WA0111001125
B1758594748295N12002321WA0111001125
B1759004748295N12002321WA0111001125
B1759014748295N12002321WA0111001125
B1759024748295N12002320WA0111001125
B1759034748295N12002320WA0111001125
B1759044748295N12002320WA0111001125
B1759054748295N12002320WA0111001125
B1759064748295N12002320WA0111001125
B1759074748295N12002320WA0111001125
B1759084748295N12002320WA0111001125
B1759094748295N12002320WA0111001125
B1759104748295N12002320WA0111001124
B1759114748295N12002320WA0111001124
B1759124748295N12002320WA0111001124
B1759134748295N12002320WA0111001124
B1759144748295N12002320WA0111001124
B1759154748295N12002320WA0111001124
B1759164748295N12002320WA0111001124
B1759174748295N12002320WA0111001124
B1759184748295N12002320WA0111001124
B1759194748295N12002320WA0111001124
B1759204748295N12002320WA0111001124
B1759214748295N12002320WA0111001124
B1759224748295N12002320WA0111001124
B1759234748295N12002320WA0111001124
B1759244748295N12002320WA0111001124
B1759254748295N12002320WA0111001124
B1759264748295N12002320WA0111001124
B1759274748295N12002320WA0111001124
B1759284748295N12002320WA0111001124
B1759294748295N12002320WA0111001124
B1759304748295N12002320WA0111001124
B1759314748295N12002320WA0111001124
B1759324748295N12002320WA0111001124
B1759334748295N12002320WA0111001124
B1759344748295N12002320WA0111001124
B1759354748295N12002320WA0111001124
B1759364748295N12002320WA0111001124
B1759374748295N12002320WA0111001125
B1759384748295N12002320WA0111001125
B1759394748295N12002320WA0111001125
B1759404748295N12002320WA0111001125
B1759414748295N12002320WA0111001125
B1759424748295N12002320WA0111001125
B1759434748295N12002320WA0111001125
B1759444748295N12002320WA0111001125
B1759454748295N12002320WA0111001125
B1759464748295N12002320WA0111001125
B1759474748295N12002320WA0111001125
B1759484748295N12002320WA0111001125
B1759494748295N12002320WA0111001125
B1759504748295N12002320WA0111001126
B1759514748295N12002320WA0111001126
B1759524748295N12002320WA0111001126
B1759534748295N12002320WA0111001126
B1759544748295N12002320WA0111001126
B1759554748295N12002320WA0111001126
B1759564748295N12002320WA0111001126
B1759574748295N12002320WA0111001126
B1759584748295N12002320WA0111001126
B1759594748295N12002320WA0111001126
B1800004748295N12002320WA0111001126
B1800014748295N12002320WA0111001126
B1800024748295N12002320WA0111001126
B1800034748295N12002320WA0111001126
B1800044748295N12002320WA0111001126
B1800054748295N12002320WA0111001126
B1800064748295N12002320WA0111001126
B1800074748295N12002320WA0111001126
B1800084748295N12002320WA0111001126
B1800094748295N12002320WA0111001126
B1800104748295N12002320WA0111001126
B1800114748295N12002320WA0111001126
B1800124748295N12002320WA0111001126
B1800134748295N12002320WA0111001125
B1800144748295N12002320WA0111001125
B1800154748295N12002320WA0111001125
B1800164748295N12002320WA0111001125
B1800174748295N12002320WA0111001125
B1800184748295N12002320WA0111001125
B1800194748295N12002320WA0111001125
B1800204748295N12002320WA0111001125
B1800214748295N12002320WA0111001125
B1800224748295N12002320WA0111001125
B1800234748295N12002320WA0111001125
B1800244748295N12002320WA0111001125
B1800254748295N12002320WA0111001125
B1800264748295N12002320WA0111001125
B1800274748295N12002320WA0111001125
B1800284748295N12002320WA0111001125
B1800294748295N12002320WA0111001125
B1800304748295N12002320WA0111001125
B1800314748295N12002320WA0111001125
B1800324748295N12002320WA0111001125
B1800334748295N12002320WA0111001125
B1800344748295N12002320WA0111001125
B1800354748295N12002320WA0111001125
B1800364748295N12002320WA0111001125
B1800374748295N12002320WA0111001125
B1800384748295N12002320WA0111001125
B1800394748295N12002320WA0111001125
B1800404748295N12002320WA0111001125
B1800414748295N12002320WA0111001125
B1800424748295N12002320WA0111001125
B1800434748295N12002320WA0111001125
B1800444748295N12002320WA0111001125
B1800454748295N12002320WA0111001125
B1800464748295N12002320WA0111001125
B1800474748295N12002320WA0111001125
B1800484748295N12002320WA0111001125
B1800494748295N12002320WA0111001125
B1800504748295N12002320WA0111001125
B1800514748295N12002320WA0111001125
B1800524748295N12002320WA0111001125
B1800534748295N12002320WA0111001124
B1800544748295N12002320WA0111001124
B1800554748295N12002320WA0111001124
B1800564748295N12002320WA0111001124
B1800574748295N12002320WA0111001124
B1800584748295N12002320WA0111001124
B1800594748295N12002320WA0111001124
B1801004748295N12002320WA0111001124
B1801014748295N12002320WA0111001125
B1801024748295N12002320WA0111001125
B1801034748295N12002320WA0111001125
B1801044748295N12002320WA0111001125
B1801054748295N12002320WA0111001125
B1801064748295N12002320WA0111001125
B1801074748295N12002320WA0111001124
B1801084748295N12002320WA0111001124
B1801094748295N12002320WA0111001124
B1801104748295N12002320WA0111001124
B1801114748295N12002320WA0111001124
B1801124748295N12002320WA0111001124
B1801134748295N12002321WA0111001124
B1801144748295N12002321WA0111001124
B1801154748295N12002321WA0111001124
B1801164748295N12002321WA0111001124
B1801174748295N12002321WA0111001125
B1801184748295N12002321WA0111001125
B1801194748295N12002321WA0111001124
B1801204748295N12002321WA0111001124
B1801214748295N12002321WA0111001125
B1801224748295N12002321WA0111001124
B1801234748295N12002321WA0111001124
B1801244748295N12002321WA0111001124
B1801254748295N12002321WA0111001124
B1801264748295N12002321WA0111001124
B1801274748295N12002321WA0111001124
B1801284748295N12002321WA0111001124
B1801294748295N12002321WA0111001124
B1801304748295N12002321WA0111001124
B1801314748295N12002321WA0111001124
B1801324748295N12002321WA0111001124
B1801334748295N12002321WA0111001124
B1801344748295N12002321WA0111001124
B1801354748295N12002321WA0111001124
B1801364748295N12002321WA0111001124
B1801374748295N12002321WA0111001124
B1801384748295N12002321WA0111001124
B1801394748295N12002320WA0111001124
B1801404748295N12002320WA0111001124
B1801414748295N12002320WA0111001124
B1801424748295N12002320WA0111001124
B1801434748295N12002320WA0111001124
B1801444748295N12002320WA0111001124
B1801454748295N12002320WA0111001124
B1801464748295N12002320WA0111001124
B1801474748295N12002320WA0111001124
B1801484748295N12002320WA0111001124
B1801494748295N12002320WA0111001124
B1801504748295N12002320WA0111001124
B1801514748295N12002320WA0111001124
B1801524748295N12002320WA0111001124
B1801534748295N12002320WA0111001124
B1801544748295N12002320WA0111001124
B1801554748295N12002320WA0111001124
B1801564748295N12002320WA0111001124
B1801574748295N12002320WA0111001124
B1801584748295N12002320WA0111001124
B1801594748295N12002320WA0111001124
B1802004748295N12002320WA0111001124
B1802014748295N12002320WA0111001124
B1802024748295N12002320WA0111001124
B1802034748295N12002321WA0111001124
B1802044748295N12002321WA0111001124
B1802054748295N12002321WA0111001124
B1802064748295N12002321WA0111001124
B1802074748295N12002321WA0111001124
B1802084748295N12002321WA0111001124
B1802094748295N12002321WA0111001124
B1802104748295N12002320WA0111001124
B1802114748295N12002320WA0111001124
B1802124748295N12002320WA0111001124
B1802134748295N12002320WA0111001124
B1802144748295N12002320WA0111001124
B1802154748295N12002320WA0111001124
B1802164748295N12002320WA0111001124
B1802174748295N12002320WA0111001124
B1802184748295N12002320WA0111001124
B1802194748295N12002320WA0111001124
B1802204748295N12002321WA0110901124
B1802214748295N12002321WA0111001124
B1802224748295N12002321WA0111001124
B1802234748295N12002321WA0111001124
B1802244748295N12002321WA0111001124
B1802254748295N12002321WA0111001124
B1802264748295N12002321WA0111001124
B1802274748295N12002321WA0111001124
B1802284748295N12002321WA0111001124
B1802294748295N12002321WA0111001124
B1802304748295N12002321WA0111001124
B1802314748295N12002321WA0111001124
B1802324748295N12002321WA0111001124
B1802334748295N12002321WA0111001124
B1802344748295N12002321WA0111001124
B1802354748295N12002321WA0111101124
B1802364748295N12002321WA0111101124
B1802374748295N12002321WA0111101124
B1802384748295N12002321WA0111001124
B1802394748295N12002321WA0111101124
B1802404748295N12002320WA0111001124
B1802414748295N12002321WA0111001124
B1802424748295N12002321WA0111001124
B1802434748295N12002321WA0111001124
B1802444748295N12002321WA0111001124
B1802454748295N12002321WA0111001124
B1802464748295N12002321WA0111001124
B1802474748295N12002321WA0111001124
B1802484748295N12002321WA0111001124
B1802494748295N12002321WA0111001124
B1802504748295N12002321WA0111001124
B1802514748295N12002321WA0111001124
B1802524748295N12002321WA0111001124
B1802534748295N12002321WA0111001124
B1802544748295N12002321WA0111001124
B1802554748295N12002321WA0111001125
B1802564748295N12002321WA0111001125
B1802574748295N12002321WA0111001125
B1802584748295N12002321WA0111001125
B1802594748295N12002321WA0111001125
B1803004748295N12002321WA0111001125
B1803014748295N12002321WA0111001125
B1803024748295N12002321WA0111001125
B1803034748295N12002321WA0111001125
B1803044748295N12002320WA0111001125
B1803054748295N12002320WA0111001125
B1803064748295N12002320WA0111001125
B1803074748295N12002320WA0111001125
B1803084748295N12002320WA0111001125
B1803094748295N12002320WA0111001125
B1803104748295N12002320WA0111001125
B1803114748295N12002320WA0111001125
B1803124748295N12002320WA0111001125
B1803134748295N12002320WA0111001125
B1803144748295N12002320WA0111001125
B1803154748295N12002320WA0111001125
B1803164748295N12002320WA0111001125
B1803174748295N12002320WA0111001125
B1803184748295N12002320WA0111001125
B1803194748295N12002320WA0111001125
B1803204748295N12002320WA0111001125
B1803214748295N12002320WA0111001125
B1803224748295N12002320WA0111001125
B1803234748295N12002320WA0111001125
B1803244748295N12002320WA0111001125
B1803254748295N12002320WA0111001125
B1803264748295N12002320WA0111001125
B1803274748295N12002320WA0111001125
B1803284748295N12002320WA0111001125
B1803294748295N12002320WA0111001125
B1803304748295N12002320WA0111001125
B1803314748295N12002320WA0111001125
B1803324748295N12002320WA0111001125
B1803334748295N12002320WA0111001125
B1803344748295N12002320WA0111001125
B1803354748295N12002320WA0111001125
B1803364748295N12002320WA0111001125
B1803374748295N12002320WA0111001125
B1803384748295N12002320WA0111001124
B1803394748295N12002320WA0111001124
B1803404748295N12002320WA0111001124
B1803414748295N12002320WA0111001124
B1803424748295N12002320WA0111001124
B1803434748295N12002320WA0111001124
B1803444748295N12002320WA0111001124
B1803454748295N12002320WA0111001124
B1803464748295N12002320WA0111001124
B1803474748295N12002320WA0111001124
B1803484748295N12002320WA0111001124
B1803494748295N12002320WA0111001124
B1803504748295N12002320WA0111001124
B1803514748295N12002320WA0111001124
B1803524748295N12002320WA0111001124
B1803534748295N12002320WA0111001124
B1803544748295N12002320WA0111001124
B1803554748295N12002320WA0111001124
B1803564748295N12002320WA0111001124
B1803574748295N12002320WA0111001124
B1803584748295N12002320WA0111001124
B1803594748295N12002320WA0111001124
B1804004748295N12002320WA0111001124
B1804014748295N12002320WA0111001124
B1804024748295N12002320WA0111001124
B1804034748295N12002320WA0111001124
B1804044748295N12002320WA0111001124
B1804054748295N12002320WA0111001124
B1804064748295N12002320WA0111001124
B1804074748295N12002320WA0111001124
B1804084748295N12002320WA0111001124
B1804094748295N12002320WA0111001124
B1804104748295N12002320WA0111001124
B1804114748295N12002320WA0111001124
B1804124748295N12002320WA0111001124
B1804134748295N12002320WA0111001124
B1804144748295N12002320WA0111001124
B1804154748295N12002320WA0111001124
B1804164748295N12002320WA0111001124
B1804174748295N12002320WA0111001124
B1804184748295N12002320WA0111001124
B1804194748295N12002320WA0111001124
B1804204748295N12002320WA0111001124
B1804214748295N12002320WA0111001124
B1804224748295N12002320WA0111001124
B1804234748295N12002320WA0111001124
B1804244748295N12002320WA0111001124
B1804254748295N12002320WA0111001124
B1804264748295N12002320WA0111001124
B1804274748295N12002320WA0111001124
B1804284748295N12002320WA0111001124
B1804294748295N12002320WA0111001124
B1804304748295N12002320WA0111001124
B1804314748295N12002320WA0111001124
B1804324748295N12002320WA0111001124
B1804334748295N12002320WA0111001124
B1804344748295N12002320WA0111001124
B1804354748295N12002320WA0111001124
B1804364748295N12002320WA0111001124
B1804374748295N12002320WA0111001124
B1804384748295N12002320WA0111001124
B1804394748295N12002320WA0111001124
B1804404748295N12002320WA0111001124
B1804414748295N12002320WA0111001124
B1804424748295N12002320WA0111001124
B1804434748295N12002320WA0111001124
B1804444748295N12002320WA0111001124
B1804454748295N12002320WA0111001124
B1804464748295N12002320WA0111001124
B1804474748295N12002320WA0111001124
B1804484748295N12002320WA0111001124
B1804494748295N12002320WA0111001124
B1804504748295N12002320WA0111001124
B1804514748295N12002320WA0111001124
B1804524748295N12002320WA0111001124
B1804534748295N12002320WA0111001124
B1804544748295N12002320WA0111001124
B1804554748295N12002320WA0111001124
B1804564748295N12002320WA0111001124
B1804574748295N12002320WA0111001124
B1804584748295N12002320WA0111001124
B1804594748295N12002320WA0111001124
B1805004748295N12002320WA0111001124
B1805014748295N12002320WA0111001124
B1805024748295N12002320WA0111001124
B1805034748295N12002320WA0111001124
B1805044748295N12002320WA0111001124
B1805054748295N12002320WA0111001124
B1805064748295N12002320WA0111001124
B1805074748295N12002320WA0111001124
B1805084748295N12002320WA0111001124
B1805094748295N12002320WA0111001124
B1805104748295N12002320WA0111001124
B1805114748295N12002320WA0111001124
B1805124748295N12002320WA0111001124
B1805134748295N12002320WA0111001124
B1805144748295N12002320WA0111001124
B1805154748295N12002320WA0111001124
B1805164748295N12002320WA0111001124
B1805174748295N12002320WA0111001124
B1805184748295N12002320WA0111001124
B1805194748295N12002320WA0111001124
B1805204748295N12002320WA0111001124
B1805214748295N12002320WA0111001124
B1805224748295N12002320WA0111001124
B1805234748295N12002320WA0111001124
B1805244748295N12002320WA0111001124
B1805254748295N12002320WA0111001124
B1805264748295N12002320WA0111001124
B1805274748295N12002320WA0111001124
B1805284748295N12002320WA0111001124
B1805294748295N12002320WA0111001124
B1805304748295N12002320WA0111001124
B1805314748295N12002320WA0111001124
B1805324748295N12002320WA0111001124
B1805334748295N12002320WA0111001124
B1805344748295N12002320WA0111001124
B1805354748295N12002320WA0111001124
B1805364748295N12002320WA0111001124
B1805374748295N12002320WA0111001124
B1805384748295N12002320WA0111001124
B1805394748295N12002320WA0111001124
B1805404748295N12002320WA0111001123
B1805414748295N12002320WA0111001123
B1805424748295N12002320WA0111001123
B1805434748295N12002320WA0111001123
B1805444748295N12002320WA0111001123
B1805454748295N12002320WA0111001123
B1805464748295N12002320WA0111001123
B1805474748295N12002320WA0111001123
B1805484748295N12002320WA0111001123
B1805494748295N12002320WA0111001123
B1805504748295N12002320WA0111001123
B1805514748295N12002320WA0111001123
B1805524748295N12002320WA0111001123
B1805534748295N12002320WA0111001123
B1805544748295N12002320WA0111001123
B1805554748295N12002320WA0111001123
B1805564748295N12002320WA0111001123
B1805574748295N12002320WA0111001123
B1805584748295N12002320WA0111001123
B1805594748295N12002320WA0111001124
B1806004748295N12002320WA0111001124
B1806014748295N12002320WA0111001124
B1806024748295N12002320WA0111001124
B1806034748295N12002320WA0111001124
B1806044748295N12002320WA0111001124
B1806054748295N12002320WA0111001124
B1806064748295N12002320WA0111001124
B1806074748295N12002320WA0111001124
B1806084748295N12002320WA0111001124
B1806094748295N12002320WA0111001124
B1806104748295N12002320WA0111001124
B1806114748295N12002320WA0111001124
B1806124748295N12002320WA0111001124
B1806134748295N12002320WA0111001124
B1806144748295N12002320WA0111001124
B1806154748295N12002320WA0111001124
B1806164748295N12002320WA0111001124
B1806174748295N12002320WA0111001124
B1806184748295N12002320WA0111001124
B1806194748295N12002320WA0111001124
B1806204748295N12002320WA0111001124
B1806214748295N12002320WA0111001124
B1806224748295N12002320WA0111001124
B1806234748295N12002320WA0111001124
B1806244748295N12002320WA0111001124
B1806254748295N12002320WA0111001124
B1806264748295N12002320WA0111001124
B1806274748295N12002320WA0111001124
B1806284748295N12002320WA0111001124
B1806294748295N12002320WA0111001124
B1806304748295N12002320WA0111001124
B1806314748295N12002320WA0111001124
B1806324748295N12002320WA0111001124
B1806334748295N12002320WA0111001124
B1806344748295N12002320WA0111001124
B1806354748295N12002320WA0111001124
B1806364748295N12002320WA0111001124
B1806374748295N12002320WA0111001124
B1806384748295N12002320WA0111001124
B1806394748295N12002320WA0111001124
B1806404748295N12002320WA0111001124
B1806414748295N12002320WA0111001124
B1806424748295N12002320WA0111001124
B1806434748295N12002320WA0111001124
B1806444748295N12002320WA0111001124
B1806454748295N12002320WA0111001124
B1806464748295N12002320WA0111001124
B1806474748295N12002320WA0111001124
B1806484748295N12002320WA0111001124
B1806494748295N12002320WA0111001124
B1806504748295N12002320WA0111001124
B1806514748295N12002320WA0111001124
B1806524748295N12002320WA0111001124
B1806534748295N12002320WA0111001124
B1806544748295N12002320WA0111001124
B1806554748295N12002320WA0111001124
B1806564748295N12002320WA0111001124
B1806574748295N12002320WA0111001124
B1806584748295N12002320WA0111001124
B1806594748295N12002320WA0111001124
B1807004748295N12002320WA0111001124
B1807014748295N12002320WA0111001124
B1807024748295N12002320WA0111001124
B1807034748295N12002320WA0111001124
B1807044748295N12002320WA0111001124
B1807054748295N12002320WA0111001124
B1807064748295N12002320WA0111001124
B1807074748295N12002320WA0111001124
B1807084748295N12002320WA0111001124
B1807094748295N12002320WA0111001124
B1807104748295N12002320WA0111001124
B1807114748295N12002320WA0111001124
B1807124748295N12002320WA0111001124
B1807134748295N12002320WA0111001124
B1807144748295N12002320WA0111001124
B1807154748295N12002320WA0111001124
B1807164748295N12002320WA0111001124
B1807174748295N12002320WA0111001124
B1807184748295N12002320WA0111001124
B1807194748295N12002320WA0111001124
B1807204748295N12002320WA0111001125
B1807214748295N12002320WA0111001125
B1807224748295N12002320WA0111001125
B1807234748295N12002320WA0111001125
B1807244748295N12002320WA0111001125
B1807254748295N12002320WA0111001125
B1807264748295N12002320WA0111001125
B1807274748295N12002320WA0111001125
B1807284748295N12002320WA0111001125
B1807294748295N12002320WA0111001125
B1807304748295N12002320WA0111001125
B1807314748295N12002320WA0111001125
B1807324748295N12002320WA0111001125
B1807334748295N12002320WA0111001125
B1807344748295N12002320WA0111001125
B1807354748295N12002320WA0111001125
B1807364748295N12002320WA0111001125
B1807374748295N12002320WA0111001125
B1807384748295N12002320WA0111001125
B1807394748295N12002320WA0111001125
B1807404748295N12002320WA0111001125
B1807414748295N12002320WA0111001125
B1807424748295N12002320WA0111001125
B1807434748295N12002320WA0111001125
B1807444748295N12002320WA0111001125
B1807454748295N12002320WA0111001125
B1807464748295N12002320WA0111001125
B1807474748295N12002320WA0111001125
B1807484748295N12002320WA0111001125
B1807494748295N12002320WA0111001125
B1807504748295N12002320WA0111001125
B1807514748295N12002320WA0111001125
B1807524748295N12002320WA0111001125
B1807534748295N12002320WA0111001125
B1807544748295N12002320WA0111001125
B1807554748295N12002320WA0111001125
B1807564748295N12002320WA0111001125
B1807574748295N12002320WA0111001125
B1807584748295N12002320WA0111001125
B1807594748295N12002320WA0111001125
B1808004748295N12002320WA0111001125
B1808014748295N12002320WA0111001125
B1808024748295N12002320WA0111001125
B1808034748295N12002320WA0111001125
B1808044748295N12002320WA0111001125
B1808054748295N12002320WA0111001125
B1808064748295N12002320WA0111001125
B1808074748295N12002320WA0111001125
B1808084748295N12002320WA0111001125
B1808094748295N12002320WA0111001125
B1808104748295N12002320WA0111001125
B1808114748295N12002320WA0111001125
B1808124748295N12002320WA0111001125
B1808134748295N12002320WA0111001125
B1808144748295N12002320WA0111001125
B1808154748295N12002320WA0111001125
B1808164748295N12002320WA0111001125
B1808174748295N12002320WA0111001125
B1808184748295N12002320WA0111001125
B1808194748295N12002320WA0111001125
B1808204748295N12002320WA0111001125
B1808214748295N12002320WA0111001124
B1808224748295N12002320WA0111001124
B1808234748295N12002320WA0111001124
B1808244748295N12002320WA0111001124
B1808254748295N12002320WA0111001124
B1808264748295N12002320WA0111001124
B1808274748295N12002320WA0111001124
B1808284748295N12002320WA0111001124
B1808294748295N12002320WA0111001124
B1808304748295N12002320WA0111001124
B1808314748295N12002320WA0111001124
B1808324748295N12002320WA0111001124
B1808334748295N12002320WA0111001124
B1808344748295N12002320WA0111001124
B1808354748295N12002320WA0111001124
B1808364748295N12002320WA0111001124
B1808374748295N12002320WA0111001124
B1808384748295N12002320WA0111001124
B1808394748295N12002320WA0111001124
B1808404748295N12002320WA0111001124
B1808414748295N12002320WA0111001124
B1808424748295N12002320WA0111001124
B1808434748295N12002320WA0111001124
B1808444748295N12002320WA0111001124
B1808454748295N12002320WA0111001125
B1808464748295N12002320WA0111001125
B1808474748295N12002320WA0111001125
B1808484748295N12002320WA0111001125
B1808494748295N12002320WA0111001125
B1808504748295N12002320WA0111001125
B1808514748295N12002320WA0111001125
B1808524748295N12002320WA0111001126
B1808534748295N12002320WA0111001126
B1808544748295N12002320WA0111001126
B1808554748295N12002320WA0111001126
B1808564748295N12002320WA0111001126
B1808574748295N12002320WA0111001126
B1808584748295N12002320WA0111001126
B1808594748295N12002320WA0111001126
B1809004748295N12002320WA0111001126
B1809014748295N12002320WA0111001126
B1809024748295N12002320WA0111001126
B1809034748295N12002320WA0111001126
B1809044748295N12002320WA0111001126
B1809054748295N12002320WA0111001126
B1809064748295N12002320WA0111001126
B1809074748295N12002320WA0111001126
B1809084748295N12002320WA0111001126
B1809094748295N12002320WA0111001126
B1809104748295N12002320WA0111001126
B1809114748295N12002320WA0111001126
B1809124748295N12002320WA0111001126
B1809134748295N12002320WA0111001126
B1809144748295N12002320WA0111001126
B1809154748295N12002320WA0111001126
B1809164748295N12002320WA0111001126
B1809174748295N12002320WA0111001126
B1809184748295N12002320WA0111001126
B1809194748295N12002320WA0111001126
B1809204748295N12002320WA0111001126
B1809214748295N12002320WA0111001126
B1809224748295N12002320WA0111001126
B1809234748295N12002320WA0111001126
B1809244748295N12002320WA0111001126
B1809254748295N12002320WA0111001126
B1809264748295N12002320WA0111001126
B1809274748295N12002320WA0111001126
B1809284748295N12002320WA0111001126
B1809294748295N12002320WA0111001126
B1809304748295N12002320WA0111001126
B1809314748295N12002320WA0111001126
B1809324748295N12002320WA0111001126
B1809334748295N12002320WA0111001126
B1809344748295N12002320WA0111001126
B1809354748295N12002320WA0111001126
B1809364748295N12002320WA0111001126
B1809374748295N12002320WA0111001126
B1809384748295N12002320WA0111001126
B1809394748295N12002320WA0111001126
B1809404748295N12002320WA0111001126
B1809414748295N12002320WA0111001126
B1809424748295N12002320WA0111001126
B1809434748295N12002320WA0111001126
B1809444748295N12002320WA0111001126
B1809454748295N12002320WA0111001126
B1809464748295N12002320WA0111001126
B1809474748295N12002320WA0111001126
B1809484748295N12002320WA0111001126
B1809494748295N12002320WA0111001126
B1809504748295N12002320WA0111001126
B1809514748295N12002320WA0111001126
B1809524748295N12002320WA0111001126
B1809534748295N12002320WA0111001126
B1809544748295N12002320WA0111001126
B1809554748295N12002320WA0111001126
B1809564748295N12002320WA0111001126
B1809574748295N12002320WA0111001125
B1809584748295N12002320WA0111001125
B1809594748295N12002320WA0111001125
B1810004748295N12002320WA0111001125
B1810014748295N12002320WA0111001125
B1810024748295N12002320WA0111001125
B1810034748295N12002320WA0111001125
B1810044748295N12002320WA0111001125
B1810054748295N12002320WA0111001125
B1810064748295N12002320WA0111001125
B1810074748295N12002320WA0111001125
B1810084748295N12002320WA0111001125
B1810094748295N12002320WA0111001125
B1810104748295N12002320WA0111001125
B1810114748295N12002320WA0111001125
B1810124748295N12002320WA0111001125
B1810134748295N12002320WA0111001125
B1810144748295N12002320WA0111001125
B1810154748295N12002320WA0111001125
B1810164748295N12002320WA0111001125
B1810174748295N12002320WA0111001125
B1810184748295N12002320WA0111001125
B1810194748295N12002320WA0111001125
B1810204748295N12002320WA0111001125
B1810214748295N12002320WA0111001125
B1810224748295N12002320WA0111001125
B1810234748295N12002320WA0111001125
B1810244748295N12002320WA0111001125
B1810254748295N12002320WA0111001125
B1810264748295N12002320WA0111001125
B1810274748295N12002320WA0111001126
B1810284748295N12002320WA0111001126
B1810294748295N12002320WA0111001126
B1810304748295N12002320WA0111001126
B1810314748295N12002320WA0111001126
B1810324748295N12002320WA0111001126
B1810334748295N12002320WA0111001126
B1810344748295N12002320WA0111001126
B1810354748295N12002320WA0111001126
B1810364748295N12002320WA0111001126
B1810374748295N12002320WA0111001126
B1810384748295N12002320WA0111001126
B1810394748295N12002320WA0111001126
B1810404748295N12002320WA0111001126
B1810414748295N12002320WA0111001126
B1810424748295N12002320WA0111001126
B1810434748295N12002320WA0111001126
B1810444748295N12002320WA0111001127
B1810454748295N12002320WA0111001127
B1810464748295N12002320WA0111001126
B1810474748295N12002320WA0111001126
B1810484748295N12002320WA0111001126
B1810494748295N12002320WA0111001126
B1810504748295N12002320WA0111001126
B1810514748295N12002320WA0111001126
B1810524748295N12002320WA0111001126
B1810534748295N12002320WA0111001126
B1810544748295N12002320WA0111001126
B1810554748295N12002320WA0111001126
B1810564748295N12002320WA0111001126
B1810574748295N12002320WA0111001126
B1810584748295N12002320WA0111001126
B1810594748295N12002320WA0111001125
B1811004748295N12002320WA0111001125
B1811014748295N12002320WA0111001125
B1811024748295N12002320WA0111001125
B1811034748295N12002320WA0111001125
B1811044748295N12002320WA0111001125
B1811054748295N12002320WA0111001125
B1811064748295N12002320WA0111001125
B1811074748295N12002320WA0111001125
B1811084748295N12002320WA0111001125
B1811094748295N12002320WA0111001125
B1811104748295N12002320WA0111001125
B1811114748295N12002320WA0111001125
B1811124748295N12002320WA0111001125
B1811134748295N12002320WA0111001125
B1811144748295N12002320WA0111001125
B1811154748295N12002320WA0111001125
B1811164748295N12002320WA0111001125
B1811174748295N12002320WA0111001125
B1811184748295N12002320WA0111001125
B1811194748295N12002320WA0111001125
B1811204748295N12002320WA0111001125
B1811214748295N12002320WA0111001125
B1811224748295N12002320WA0111001125
B1811234748295N12002320WA0111001125
B1811244748295N12002320WA0111001125
B1811254748295N12002320WA0111001125
B1811264748295N12002320WA0111001125
B1811274748295N12002320WA0111001125
B1811284748296N12002320WA0111001125
B1811294748296N12002320WA0111001125
B1811304748295N12002320WA0111001125
B1811314748295N12002320WA0111001125
B1811324748295N12002320WA0111001125
B1811334748295N12002320WA0111001125
B1811344748295N12002320WA0111001125
B1811354748295N12002320WA0111001125
B1811364748295N12002320WA0111001125
B1811374748295N12002320WA0111001125
B1811384748295N12002320WA0111001125
B1811394748295N12002320WA0111001125
B1811404748295N12002320WA0111001125
B1811414748295N12002320WA0111001125
B1811424748295N12002320WA0111001125
B1811434748296N12002320WA0111001125
B1811444748296N12002320WA0111001125
B1811454748296N12002320WA0111001125
B1811464748296N12002320WA0111001125
B1811474748296N12002320WA0111001125
B1811484748296N12002320WA0111001125
B1811494748296N12002320WA0111001125
B1811504748296N12002320WA0111001125
B1811514748296N12002320WA0111001125
B1811524748296N12002320WA0111001125
B1811534748296N12002320WA0111001125
B1811544748296N12002320WA0111001125
B1811554748296N12002320WA0111001125
B1811564748296N12002320WA0111001125
B1811574748296N12002320WA0111001125
B1811584748296N12002320WA0111001125
B1811594748296N12002320WA0111001125
B1812004748296N12002320WA0111001125
B1812014748296N12002320WA0111001125
B1812024748296N12002320WA0111001125
B1812034748296N12002320WA0111001125
B1812044748296N12002320WA0111001125
B1812054748296N12002320WA0111001126
B1812064748296N12002320WA0111001126
B1812074748296N12002320WA0111001126
B1812084748296N12002320WA0111001125
B1812094748296N12002320WA0111001125
B1812104748296N12002320WA0111001125
B1812114748296N12002320WA0111001126
B1812124748296N12002320WA0111001126
B1812134748296N12002320WA0111001126
B1812144748296N12002320WA0111001126
B1812154748296N12002320WA0111001126
B1812164748296N12002320WA0111001126
B1812174748296N12002320WA0111001126
B1812184748296N12002320WA0111001126
B1812194748296N12002320WA0111001126
B1812204748296N12002320WA0111001125
B1812214748296N12002320WA0111001125
B1812224748296N12002320WA0111001125
B1812234748296N12002320WA0111001125
B1812244748296N12002320WA0111001125
B1812254748296N12002320WA0111001125
B1812264748296N12002320WA0111001125
B1812274748296N12002320WA0111001125
B1812284748296N12002320WA0111001125
B1812294748296N12002320WA0111001125
B1812304748296N12002320WA0111001125
B1812314748296N12002319WA0111001125
B1812324748296N12002319WA0111001125
B1812334748295N12002319WA0111001125
B1812344748295N12002319WA0111001125
B1812354748295N12002319WA0111001124
B1812364748295N12002319WA0111001124
B1812374748295N12002319WA0111001124
B1812384748295N12002319WA0111001124
B1812394748295N12002319WA0111001124
B1812404748295N12002319WA0111001124
B1812414748295N12002319WA0111001124
B1812424748295N12002319WA0111001124
B1812434748295N12002319WA0111001124
B1812444748295N12002319WA0111001124
B1812454748295N12002319WA0111001124
B1812464748295N12002319WA0111001124
B1812474748295N12002319WA0111001124
B1812484748295N12002319WA0111001124
B1812494748295N12002319WA0111001124
B1812504748295N12002319WA0111001124
B1812514748295N12002319WA0111001124
B1812524748295N12002319WA0111001124
B1812534748295N12002319WA0111001124
B1812544748295N12002319WA0111001124
B1812554748295N12002319WA0111001123
B1812564748295N12002319WA0111001123
B1812574748295N12002319WA0111001123
B1812584748295N12002319WA0111001123
B1812594748295N12002319WA0111001123
B1813004748295N12002319WA0111001123
B1813014748295N12002320WA0111001123
B1813024748295N12002320WA0111001123
B1813034748295N12002320WA0111001124
B1813044748295N12002320WA0111001124
B1813054748295N12002320WA0111001124
B1813064748295N12002320WA0111001124
B1813074748295N12002320WA0111001123
B1813084748295N12002320WA0111001123
B1813094748295N12002320WA0111001123
B1813104748295N12002320WA0111001124
B1813114748295N12002319WA0111001123
B1813124748295N12002319WA0111001123
B1813134748295N12002320WA0111001123
B1813144748295N12002320WA0111001124
B1813154748295N12002320WA0111001124
B1813164748295N12002320WA0111001124
B1813174748295N12002320WA0111001123
B1813184748295N12002320WA0111001124
B1813194748295N12002320WA0111001123
B1813204748295N12002320WA0111001123
B1813214748295N12002320WA0111001124
B1813224748295N12002320WA0111001124
B1813234748295N12002320WA0111001124
B1813244748295N12002320WA0111001124
B1813254748295N12002320WA0111001124
B1813264748295N12002320WA0111001124
B1813274748295N12002320WA0111001124
B1813284748295N12002320WA0111001124
B1813294748295N12002320WA0111001125
B1813304748295N12002320WA0111001125
B1813314748295N12002320WA0111001125
B1813324748295N12002320WA0111001125
B1813334748295N12002320WA0111001126
B1813344748295N12002320WA0111001126
B1813354748295N12002320WA0111001126
B1813364748295N12002320WA0111001126
B1813374748295N12002320WA0111001126
B1813384748295N12002320WA0111001126
B1813394748295N12002320WA0111001126
B1813404748295N12002320WA0111001126
B1813414748295N12002320WA0111001126
B1813424748295N12002320WA0111001126
B1813434748296N12002320WA0111001126
B1813444748296N12002320WA0111001126
B1813454748295N12002320WA0111001126
B1813464748296N12002320WA0111001126
B1813474748296N12002320WA0111001126
B1813484748296N12002320WA0111001126
B1813494748296N12002320WA0111001126
B1813504748296N12002320WA0111001126
B1813514748296N12002320WA0111001126
B1813524748296N12002320WA0111001126
B1813534748296N12002320WA0111001126
B1813544748296N12002320WA0111001126
B1813554748296N12002320WA0111001126
B1813564748296N12002320WA0111001126
B1813574748296N12002320WA0111001126
B1813584748296N12002320WA0111001125
B1813594748295N12002320WA0111001125
B1814004748295N12002320WA0111001125
B1814014748295N12002320WA0111001125
B1814024748295N12002320WA0111001125
B1814034748295N12002320WA0111001125
B1814044748295N12002320WA0111001125
B1814054748295N12002320WA0111001125
B1814064748295N12002320WA0111001125
B1814074748295N12002320WA0111001125
B1814084748295N12002320WA0111001125
B1814094748295N12002320WA0111001125
B1814104748295N12002320WA0111001125
B1814114748295N12002320WA0111001125
B1814124748295N12002320WA0111001125
B1814134748295N12002320WA0111001125
B1814144748295N12002320WA0111001125
B1814154748295N12002320WA0111001125
B1814164748295N12002320WA0111001125
B1814174748295N12002320WA0111001125
B1814184748295N12002320WA0111001125
B1814194748295N12002320WA0111001125
B1814204748295N12002320WA0111001125
B1814214748295N12002320WA0111001125
B1814224748295N12002320WA0111001125
B1814234748295N12002320WA0111001125
B1814244748295N12002320WA0111001125
B1814254748295N12002320WA0111001125
B1814264748295N12002320WA0111001125
B1814274748295N12002320WA0111001125
B1814284748295N12002320WA0111001125
B1814294748295N12002320WA0111001125
B1814304748295N12002320WA0111001125
B1814314748295N12002320WA0111001125
B1814324748295N12002320WA0111001125
B1814334748295N12002320WA0111001125
B1814344748295N12002320WA0111001125
B1814354748295N12002320WA0111001125
B1814364748295N12002320WA0111001125
B1814374748295N12002320WA0111001125
B1814384748295N12002320WA0111001125
B1814394748295N12002320WA0111001125
B1814404748295N12002320WA0111001125
B1814414748295N12002320WA0111001125
B1814424748295N12002320WA0111001125
B1814434748295N12002320WA0111001125
B1814444748295N12002320WA0111001125
B1814454748295N12002320WA0111001125
B1814464748295N12002320WA0111001125
B1814474748295N12002320WA0111001125
B1814484748295N12002320WA0111001126
B1814494748295N12002320WA0111001126
B1814504748295N12002320WA0111001126
B1814514748295N12002320WA0111001126
B1814524748295N12002320WA0111001126
B1814534748295N12002320WA0111001126
B1814544748295N12002320WA0111001126
B1814554748295N12002320WA0111001125
B1814564748295N12002320WA0111001125
B1814574748295N12002320WA0111001125
B1814584748295N12002320WA0111001125
B1814594748295N12002320WA0111001125
B1815004748295N12002320WA0111001125
B1815014748295N12002320WA0111001125
B1815024748295N12002320WA0111001125
B1815034748295N12002320WA0111001125
B1815044748295N12002320WA0111001125
B1815054748295N12002320WA0111001125
B1815064748295N12002320WA0111001125
B1815074748295N12002320WA0111001125
B1815084748295N12002320WA0111001125
B1815094748295N12002320WA0111001125
B1815104748295N12002320WA0111001125
B1815114748295N12002320WA0111001125
B1815124748295N12002320WA0111001125
B1815134748295N12002320WA0111001125
B1815144748295N12002320WA0111001125
B1815154748295N12002320WA0111001125
B1815164748295N12002320WA0111001125
B1815174748295N12002320WA0111001125
B1815184748295N12002320WA0111001125
B1815194748295N12002320WA0111001125
B1815204748295N12002320WA0111001125
B1815214748295N12002320WA0111001125
B1815224748295N12002320WA0111001125
B1815234748295N12002320WA0111001125
B1815244748295N12002320WA0111001125
B1815254748295N12002320WA0111001125
B1815264748295N12002320WA0111001125
B1815274748295N12002320WA0111001125
B1815284748295N12002320WA0111001125
B1815294748295N12002320WA0111001125
B1815304748295N12002320WA0111001125
B1815314748295N12002320WA0111001125
B1815324748295N12002320WA0111001125
B1815334748295N12002320WA0111001125
B1815344748295N12002320WA0111001125
B1815354748295N12002320WA0111001125
B1815364748295N12002320WA0111001125
B1815374748295N12002320WA0111001125
B1815384748295N12002320WA0111001125
B1815394748295N12002320WA0111001125
B1815404748295N12002320WA0111001125
B1815414748295N12002320WA0111001125
B1815424748295N12002320WA0111001125
B1815434748295N12002320WA0111001125
B1815444748295N12002320WA0111001125
B1815454748295N12002320WA0111001125
B1815464748295N12002320WA0111001125
B1815474748295N12002320WA0111001125
B1815484748295N12002320WA0111001125
B1815494748295N12002320WA0111001125
B1815504748295N12002320WA0111001125
B1815514748295N12002320WA0111001125
B1815524748295N12002320WA0111001125
B1815534748295N12002320WA0111001125
B1815544748295N12002320WA0111001125
B1815554748295N12002320WA0111001125
B1815564748295N12002320WA0111001125
B1815574748295N12002320WA0111001125
B1815584748295N12002320WA0111001125
B1815594748295N12002320WA0111001125
B1816004748295N12002320WA0111001125
B1816014748295N12002320WA0111001125
B1816024748295N12002320WA0111001125
B1816034748295N12002320WA0111001125
B1816044748295N12002320WA0111001125
B1816054748295N12002320WA0111001125
B1816064748295N12002320WA0111001125
B1816074748295N12002320WA0111001125
B1816084748295N12002320WA0111001125
B1816094748295N12002320WA0111001125
B1816104748295N12002320WA0111001125
B1816114748295N12002320WA0111001125
B1816124748295N12002320WA0111001125
B1816134748295N12002320WA0111001125
B1816144748295N12002320WA0111001125
B1816154748295N12002320WA0111001125
B1816164748295N12002320WA0111001125
B1816174748295N12002320WA0111001125
B1816184748295N12002320WA0111001125
B1816194748295N12002320WA0111001125
B1816204748295N12002320WA0111001125
B1816214748295N12002320WA0111001125
B1816224748295N12002320WA0111001125
B1816234748295N12002320WA0111001125
B1816244748295N12002320WA0111001125
B1816254748295N12002320WA0111001125
B1816264748295N12002320WA0111001125
B1816274748295N12002320WA0111001125
B1816284748295N12002321WA0111001125
B1816294748295N12002321WA0111001125
B1816304748295N12002321WA0111001125
B1816314748295N12002321WA0111001125
B1816324748295N12002321WA0111001125
B1816334748295N12002321WA0111001125
B1816344748295N12002321WA0111001125
B1816354748295N12002321WA0111001125
B1816364748295N12002321WA0111001125
B1816374748295N12002321WA0111001125
B1816384748295N12002321WA0111001125
B1816394748295N12002321WA0111001125
B1816404748295N12002321WA0111001125
B1816414748295N12002321WA0111001125
B1816424748295N12002321WA0111001125
B1816434748295N12002321WA0111001125
B1816444748295N12002321WA0111001125
B1816454748295N12002321WA0111001125
B1816464748295N12002321WA0111001125
B1816474748295N12002321WA0111001125
B1816484748295N12002321WA0111001125
B1816494748295N12002321WA0111001125
B1816504748295N12002321WA0111001125
B1816514748295N12002321WA0111001125
B1816524748295N12002321WA0111001125
B1816534748295N12002321WA0111001125
B1816544748295N12002321WA0111001125
B1816554748295N12002321WA0111001125
B1816564748295N12002321WA0111001125
B1816574748295N12002321WA0111001125
B1816584748295N12002321WA0111001125
B1816594748295N12002321WA0111001125
B1817004748295N12002321WA0111001125
B1817014748295N12002321WA0111001125
B1817024748295N12002321WA0111001126
B1817034748295N12002321WA0111001126
B1817044748295N12002321WA0111001126
B1817054748295N12002321WA0111001126
B1817064748295N12002321WA0111001126
B1817074748295N12002321WA0111001126
B1817084748295N12002321WA0111001126
B1817094748295N12002321WA0111001126
B1817104748295N12002321WA0111001126
B1817114748295N12002321WA0111001126
B1817124748295N12002321WA0111001126
B1817134748295N12002321WA0111001126
B1817144748295N12002321WA0111001126
B1817154748295N12002321WA0111001126
B1817164748295N12002321WA0111001126
B1817174748295N12002321WA0111001126
B1817184748295N12002321WA0111001126
B1817194748295N12002321WA0111001126
B1817204748295N12002321WA0111001126
B1817214748295N12002321WA0111001126
B1817224748295N12002321WA0111001126
B1817234748295N12002321WA0111001126
B1817244748295N12002321WA0111001126
B1817254748295N12002321WA0111001126
B1817264748295N12002321WA0111001126
B1817274748295N12002321WA0111001126
B1817284748295N12002321WA0111001126
B1817294748295N12002321WA0111001126
B1817304748295N12002321WA0111001126
B1817314748295N12002321WA0111001126
B1817324748295N12002321WA0111001126
B1817334748295N12002321WA0111001126
B1817344748295N12002321WA0111001126
B1817354748295N12002321WA0111001126
B1817364748295N12002321WA0111001126
B1817374748295N12002321WA0111001126
B1817384748295N12002321WA0111001126
B1817394748295N12002321WA0111001126
B1817404748295N12002321WA0111001126
B1817414748295N12002321WA0111001126
B1817424748295N12002321WA0111001126
B1817434748295N12002321WA0111001126
B1817444748295N12002321WA0111001126
B1817454748295N12002321WA0111001125
B1817464748295N12002321WA0111001125
B1817474748295N12002321WA0111001125
B1817484748295N12002321WA0111001125
B1817494748295N12002321WA0111001125
B1817504748295N12002321WA0111001125
B1817514748295N12002321WA0111001125
B1817524748295N12002321WA0111001125
B1817534748295N12002321WA0111001125
B1817544748295N12002321WA0111001125
B1817554748295N12002321WA0111001125
B1817564748295N12002321WA0111001125
B1817574748295N12002321WA0111001125
B1817584748295N12002321WA0111001125
B1817594748295N12002321WA0111001125
B1818004748295N12002321WA0111001125
B1818014748295N12002321WA0111001125
B1818024748295N12002321WA0111001125
B1818034748295N12002321WA0111001125
B1818044748295N12002321WA0111001124
B1818054748295N12002321WA0111001124
B1818064748295N12002321WA0111001124
B1818074748295N12002321WA0111001124
B1818084748295N12002321WA0111001124
B1818094748295N12002321WA0111001124
B1818104748295N12002321WA0111001124
B1818114748295N12002321WA0111001124
B1818124748295N12002321WA0111001124
B1818134748295N12002321WA0111001124
B1818144748295N12002321WA0111001125
B1818154748295N12002321WA0111001125
B1818164748295N12002321WA0111001125
B1818174748295N12002321WA0111001125
B1818184748295N12002321WA0111001125
B1818194748295N12002321WA0111001125
B1818204748295N12002321WA0111001125
B1818214748295N12002321WA0111001125
B1818224748295N12002321WA0111001125
B1818234748295N12002321WA0111001125
B1818244748295N12002321WA0111001125
B1818254748295N12002321WA0111001125
B1818264748295N12002321WA0111001125
B1818274748295N12002321WA0111001125
B1818284748295N12002321WA0111001125
B1818294748295N12002321WA0111001125
B1818304748295N12002321WA0111001125
B1818314748295N12002321WA0111001125
B1818324748295N12002321WA0111001125
B1818334748295N12002321WA0111001125
B1818344748295N12002321WA0111001125
B1818354748295N12002321WA0111001125
B1818364748295N12002321WA0111001125
B1818374748295N12002321WA0111001125
B1818384748295N12002321WA0111001125
B1818394748295N12002321WA0111001125
B1818404748295N12002321WA0111001125
B1818414748295N12002321WA0111001125
B1818424748295N12002321WA0111001125
B1818434748295N12002321WA0111001125
B1818444748295N12002321WA0111001125
B1818454748295N12002321WA0111001125
B1818464748295N12002321WA0111001125
B1818474748295N12002321WA0111001125
B1818484748295N12002321WA0111001125
B1818494748295N12002321WA0111001125
B1818504748295N12002321WA0111001125
B1818514748295N12002321WA0111001125
B1818524748295N12002321WA0111001125
B1818534748295N12002321WA0111001125
B1818544748295N12002321WA0111001125
B1818554748295N12002321WA0111001125
B1818564748295N12002321WA0111001125
B1818574748295N12002321WA0111001125
B1818584748295N12002321WA0111001125
B1818594748295N12002321WA0111001125
B1819004748295N12002321WA0111001125
B1819014748295N12002321WA0111001125
B1819024748295N12002321WA0111001125
B1819034748295N12002321WA0111001125
B1819044748295N12002321WA0111001125
B1819054748295N12002321WA0111001125
B1819064748295N12002321WA0111001125
B1819074748295N12002321WA0111001125
B1819084748295N12002321WA0111001125
B1819094748295N12002321WA0111001125
B1819104748295N12002321WA0111001125
B1819114748295N12002321WA0111001125
B1819124748295N12002321WA0111001125
B1819134748295N12002321WA0111001125
B1819144748295N12002321WA0111001125
B1819154748295N12002321WA0111001125
B1819164748295N12002321WA0111001125
B1819174748295N12002321WA0111001125
B1819184748295N12002321WA0111001125
B1819194748295N12002321WA0111001125
B1819204748295N12002321WA0111001125
B1819214748295N12002321WA0111001125
B1819224748295N12002321WA0111001125
B1819234748295N12002321WA0111001125
B1819244748295N12002321WA0111001125
B1819254748295N12002321WA0111001125
B1819264748295N12002321WA0111001125
B1819274748295N12002321WA0111001125
B1819284748295N12002321WA0111001125
B1819294748295N12002321WA0111001125
B1819304748295N12002321WA0111001125
B1819314748295N12002321WA0111001125
B1819324748295N12002321WA0111001125
B1819334748295N12002321WA0111001125
B1819344748295N12002321WA0111001125
B1819354748295N12002321WA0111001125
B1819364748295N12002321WA0111001125
B1819374748295N12002321WA0111001125
B1819384748295N12002321WA0111001125
B1819394748295N12002321WA0111001125
B1819404748295N12002321WA0111001125
B1819414748295N12002321WA0111001125
B1819424748295N12002321WA0111001125
B1819434748295N12002321WA0111001125
B1819444748295N12002321WA0111001125
B1819454748295N12002321WA0111001125
B1819464748295N12002321WA0111001125
B1819474748295N12002321WA0111001125
B1819484748295N12002321WA0111001125
B1819494748295N12002321WA0111001125
B1819504748295N12002321WA0111001125
B1819514748295N12002321WA0111001125
B1819524748295N12002321WA0111001125
B1819534748295N12002321WA0111001125
B1819544748295N12002321WA0111001125
B1819554748295N12002321WA0111001125
B1819564748295N12002321WA0111001125
B1819574748295N12002321WA0111001125
B1819584748295N12002321WA0111001125
B1819594748295N12002321WA0111001125
B1820004748295N12002321WA0111001125
B1820014748295N12002321WA0111001125
B1820024748295N12002321WA0111001125
B1820034748295N12002321WA0111001125
B1820044748295N12002321WA0111001125
B1820054748295N12002321WA0111001125
B1820064748295N12002321WA0111001126
B1820074748295N12002321WA0111001126
B1820084748295N12002321WA0111001126
B1820094748295N12002321WA0111001126
B1820104748295N12002321WA0111001126
B1820114748295N12002321WA0111001126
B1820124748295N12002321WA0111001126
B1820134748295N12002321WA0111001126
B1820144748295N12002321WA0111001126
B1820154748295N12002321WA0111001126
B1820164748295N12002321WA0111001126
B1820174748295N12002321WA0111001126
B1820184748295N12002321WA0111001126
B1820194748295N12002321WA0111001126
B1820204748295N12002321WA0111001126
B1820214748295N12002321WA0111001126
B1820224748295N12002321WA0111001126
B1820234748295N12002321WA0111001126
B1820244748295N12002321WA0111001126
B1820254748295N12002321WA0111001126
B1820264748295N12002321WA0111001126
B1820274748295N12002321WA0111001126
B1820284748295N12002321WA0111001126
B1820294748295N12002321WA0111001126
B1820304748295N12002321WA0111001126
B1820314748295N12002321WA0111001126
B1820324748295N12002321WA0111001126
B1820334748295N12002321WA0111001126
B1820344748295N12002321WA0111001126
B1820354748295N12002321WA0111001126
B1820364748295N12002321WA0111001126
B1820374748295N12002321WA0111001126
B1820384748295N12002321WA0111001126
B1820394748295N12002321WA0111001126
B1820404748295N12002321WA0111001126
B1820414748295N12002321WA0111001126
B1820424748295N12002321WA0111001126
B1820434748295N12002321WA0111001126
B1820444748295N12002321WA0111001126
B1820454748295N12002321WA0111001126
B1820464748295N12002321WA0111001126
B1820474748295N12002321WA0111001126
B1820484748295N12002321WA0111001126
B1820494748295N12002321WA0111001126
B1820504748295N12002321WA0111001126
B1820514748295N12002321WA0111001126
B1820524748295N12002321WA0111001126
B1820534748295N12002321WA0111001126
B1820544748295N12002321WA0111001126
B1820554748295N12002321WA0111001126
B1820564748295N12002321WA0111001126
B1820574748295N12002321WA0111001126
B1820584748295N12002321WA0111001126
B1820594748295N12002321WA0111001126
B1821004748295N12002321WA0111001126
B1821014748295N12002321WA0111001126
B1821024748295N12002321WA0111001126
B1821034748295N12002321WA0111001126
B1821044748295N12002321WA0111001126
B1821054748295N12002321WA0111001126
B1821064748295N12002321WA0111001126
B1821074748295N12002321WA0111001126
B1821084748295N12002321WA0110901126
B1821094748295N12002321WA0110901126
B1821104748295N12002321WA0110901126
B1821114748295N12002321WA0110901126
B1821124748295N12002321WA0110901126
B1821134748295N12002321WA0110901126
B1821144748295N12002321WA0110901126
B1821154748295N12002321WA0110901126
B1821164748295N12002321WA0110901126
B1821174748295N12002321WA0110901126
B1821184748295N12002321WA0110901126
B1821194748296N12002321WA0110901126
B1821204748295N12002321WA0110901126
B1821214748296N12002321WA0110901126
B1821224748296N12002321WA0110901126
B1821234748296N12002321WA0110901126
B1821244748296N12002321WA0110901126
B1821254748296N12002321WA0110901126
B1821264748296N12002321WA0110901126
B1821274748296N12002321WA0110901126
B1821284748296N12002321WA0110901126
B1821294748295N12002321WA0110901126
B1821304748295N12002321WA0110901126
B1821314748296N12002321WA0110901125
B1821324748296N12002321WA0110901126
B1821334748296N12002321WA0110901126
B1821344748296N12002321WA0110901126
B1821354748296N12002321WA0110901126
B1821364748295N12002321WA0110901126
B1821374748295N12002321WA0110901126
B1821384748295N12002321WA0110901126
B1821394748295N12002321WA0110901126
B1821404748295N12002321WA0110901126
B1821414748295N12002321WA0110901126
B1821424748295N12002321WA0110901126
B1821434748295N12002321WA0110901126
B1821444748295N12002321WA0110901126
B1821454748295N12002321WA0110901125
B1821464748295N12002321WA0110901125
B1821474748295N12002321WA0110901125
B1821484748295N12002321WA0110901125
B1821494748295N12002321WA0110901125
B1821504748295N12002321WA0110901125
B1821514748295N12002321WA0110901125
B1821524748295N12002321WA0110901125
B1821534748295N12002321WA0110901125
B1821544748295N12002321WA0110901125
B1821554748295N12002321WA0110901125
B1821564748295N12002320WA0110901125
B1821574748295N12002320WA0110901125
B1821584748295N12002320WA0110901125
B1821594748295N12002320WA0110901125
B1822004748295N12002320WA0110901125
B1822014748295N12002320WA0110901125
B1822024748295N12002320WA0110901125
B1822034748295N12002320WA0110901125
B1822044748295N12002320WA0110901125
B1822054748295N12002320WA0110901125
B1822064748295N12002320WA0110901125
B1822074748295N12002320WA0110901125
B1822084748295N12002320WA0110901125
B1822094748295N12002320WA0110901125
B1822104748295N12002320WA0110901125
B1822114748295N12002320WA0110901125
B1822124748295N12002320WA0110901125
B1822134748295N12002320WA0110901125
B1822144748295N12002320WA0110901125
B1822154748295N12002320WA0110901125
B1822164748295N12002320WA0110901125
B1822174748295N12002320WA0110901125
B1822184748295N12002320WA0110901125
B1822194748295N12002320WA0110901125
B1822204748295N12002320WA0110901125
B1822214748295N12002320WA0110901125
B1822224748295N12002320WA0110901125
B1822234748295N12002320WA0110901125
B1822244748295N12002320WA0110901125
B1822254748295N12002320WA0110901125
B1822264748295N12002320WA0110901124
B1822274748295N12002320WA0110901124
B1822284748295N12002320WA0110901124
B1822294748295N12002320WA0110901124
B1822304748295N12002320WA0110901124
B1822314748295N12002320WA0110901124
B1822324748295N12002320WA0110901124
B1822334748295N12002320WA0110901124
B1822344748295N12002320WA0110901124
B1822354748295N12002320WA0110901124
B1822364748295N12002320WA0110901124
B1822374748295N12002320WA0110901124
B1822384748295N12002320WA0110901124
B1822394748295N12002320WA0110901124
B1822404748295N12002320WA0110901124
B1822414748295N12002320WA0110901124
B1822424748295N12002320WA0110901124
B1822434748295N12002320WA0110901124
B1822444748295N12002320WA0110901125
B1822454748295N12002320WA0110901125
B1822464748295N12002320WA0110901125
B1822474748295N12002320WA0110901125
B1822484748295N12002320WA0110901125
B1822494748295N12002320WA0110901125
B1822504748295N12002320WA0110901125
B1822514748295N12002320WA0110901125
B1822524748295N12002320WA0110901125
B1822534748295N12002320WA0110901125
B1822544748295N12002320WA0110901125
B1822554748295N12002320WA0110901125
B1822564748295N12002320WA0110901125
B1822574748295N12002320WA0110901125
B1822584748295N12002320WA0110901125
B1822594748295N12002320WA0110901125
B1823004748295N12002320WA0110901125
B1823014748295N12002320WA0110901125
B1823024748295N12002320WA0110901125
B1823034748295N12002320WA0110901125
B1823044748295N12002320WA0110901125
B1823054748295N12002320WA0110901125
B1823064748295N12002320WA0110901125
B1823074748295N12002320WA0110901125
B1823084748295N12002320WA0110901125
B1823094748295N12002320WA0110901125
B1823104748295N12002320WA0110901125
B1823114748295N12002320WA0110901125
B1823124748295N12002320WA0110901125
B1823134748295N12002320WA0110901125
B1823144748295N12002320WA0110901125
B1823154748295N12002320WA0110901125
B1823164748295N12002320WA0110901125
B1823174748295N12002320WA0110901125
B1823184748295N12002320WA0110901125
B1823194748295N12002320WA0110901125
B1823204748295N12002320WA0110901125
B1823214748295N12002320WA0110901125
B1823224748295N12002320WA0110901125
B1823234748295N12002320WA0110901125
B1823244748295N12002320WA0110901126
B1823254748295N12002320WA0110901126
B1823264748295N12002320WA0111001126
B1823274748295N12002320WA0111001126
B1823284748296N12002320WA0111001126
B1823294748295N12002320WA0111001126
B1823304748295N12002320WA0111001126
B1823314748295N12002320WA0111001126
B1823324748295N12002320WA0111001126
B1823334748295N12002320WA0111001126
B1823344748295N12002320WA0111001126
B1823354748295N12002320WA0111001126
B1823364748295N12002320WA0111001126
B1823374748295N12002320WA0111001126
B1823384748295N12002320WA0111001126
B1823394748295N12002320WA0111001126
B1823404748295N12002320WA0111001126
B1823414748295N12002320WA0111001126
B1823424748295N12002320WA0111001126
B1823434748295N12002320WA0111001126
B1823444748295N12002320WA0111001126
B1823454748295N12002320WA0111001126
B1823464748295N12002320WA0111001126
B1823474748295N12002320WA0111001126
B1823484748295N12002320WA0111001127
B1823494748295N12002320WA0111001127
B1823504748295N12002320WA0111001127
B1823514748295N12002320WA0111001127
B1823524748295N12002320WA0111001127
B1823534748295N12002320WA0111001127
B1823544748295N12002320WA0111001127
B1823554748295N12002320WA0111001127
B1823564748295N12002320WA0111001127
B1823574748295N12002320WA0111001127
B1823584748295N12002320WA0111001127
B1823594748295N12002320WA0111001128
B1824004748295N12002320WA0111001128
B1824014748295N12002320WA0111001128
B1824024748295N12002320WA0111001128
B1824034748295N12002320WA0111001128
B1824044748295N12002320WA0111001128
B1824054748295N12002320WA0111001128
B1824064748295N12002320WA0111001128
B1824074748295N12002320WA0111001129
B1824084748295N12002320WA0111001129
B1824094748295N12002320WA0111001129
B1824104748295N12002320WA0111001128
B1824114748295N12002320WA0111001128
B1824124748295N12002320WA0111001129
B1824134748295N12002320WA0111001129
B1824144748295N12002320WA0111001129
B1824154748295N12002320WA0111001129
B1824164748295N12002320WA0111001129
B1824174748295N12002320WA0111001129
B1824184748295N12002320WA0111001129
B1824194748295N12002320WA0111001129
B1824204748295N12002320WA0111001129
B1824214748295N12002320WA0111001129
B1824224748295N12002320WA0111001129
B1824234748295N12002320WA0111001129
B1824244748295N12002320WA0111001129
B1824254748295N12002320WA0111001129
B1824264748295N12002320WA0111001129
B1824274748295N12002320WA0111001129
B1824284748295N12002320WA0111001129
B1824294748295N12002320WA0111001129
B1824304748295N12002320WA0111001129
B1824314748295N12002320WA0111001130
B1824324748295N12002320WA0111001130
B1824334748295N12002320WA0111001130
B1824344748295N12002320WA0111001130
B1824354748295N12002320WA0111001130
B1824364748295N12002320WA0111001130
B1824374748295N12002320WA0111001130
B1824384748295N12002320WA0111001130
B1824394748295N12002320WA0111001130
B1824404748295N12002321WA0111001130
B1824414748295N12002320WA0111001130
B1824424748295N12002320WA0111001131
B1824434748295N12002320WA0111001131
B1824444748295N12002320WA0111001131
B1824454748295N12002320WA0111001131
B1824464748295N12002320WA0111001131
B1824474748295N12002320WA0111001131
B1824484748295N12002320WA0111001131
B1824494748295N12002320WA0111001131
B1824504748295N12002320WA0111001132
B1824514748295N12002320WA0111001132
B1824524748295N12002320WA0111001132
B1824534748295N12002320WA0111001132
B1824544748295N12002321WA0111001132
B1824554748295N12002321WA0111001133
B1824564748295N12002321WA0111001133
B1824574748295N12002321WA0111001133
B1824584748295N12002321WA0111001134
B1824594748295N12002321WA0111001134
B1825004748295N12002321WA0111001134
B1825014748295N12002321WA0111001134
B1825024748295N12002321WA0111001134
B1825034748295N12002321WA0111001135
B1825044748295N12002321WA0111001135
B1825054748295N12002321WA0111001135
B1825064748295N12002321WA0111001135
B1825074748295N12002321WA0111001135
B1825084748295N12002321WA0111001135
B1825094748295N12002321WA0111001135
B1825104748295N12002321WA0111001135
B1825114748295N12002321WA0111001135
B1825124748295N12002321WA0111001135
B1825134748295N12002321WA0111001135
B1825144748295N12002321WA0111001135
B1825154748295N12002321WA0111001135
B1825164748295N12002321WA0111001135
B1825174748295N12002321WA0111001135
B1825184748295N12002321WA0111001135
B1825194748295N12002321WA0111001135
B1825204748295N12002321WA0111001135
B1825214748295N12002321WA0111001135
B1825224748295N12002321WA0111001135
B1825234748295N12002321WA0111001135
B1825244748295N12002321WA0111001135
B1825254748295N12002321WA0111001135
B1825264748295N12002320WA0111001135
B1825274748295N12002320WA0111001135
B1825284748295N12002320WA0111001135
B1825294748295N12002321WA0111001135
B1825304748296N12002321WA0111001135
B1825314748296N12002321WA0111001135
B1825324748296N12002321WA0111001135
B1825334748296N12002321WA0111001135
B1825344748295N12002321WA0111001135
B1825354748295N12002321WA0111001135
B1825364748296N12002321WA0111001135
B1825374748296N12002321WA0111001135
B1825384748296N12002321WA0111001135
B1825394748296N12002321WA0111001135
B1825404748296N12002321WA0111001135
B1825414748296N12002321WA0111001135
B1825424748296N12002321WA0111001135
B1825434748295N12002321WA0111001135
B1825444748295N12002321WA0111001135
B1825454748295N12002321WA0111001135
B1825464748295N12002321WA0111001135
B1825474748295N12002321WA0111001135
B1825484748295N12002321WA0111001135
B1825494748295N12002321WA0111101135
B1825504748295N12002320WA0111101135
B1825514748295N12002321WA0111101134
B1825524748295N12002321WA0111001134
B1825534748295N12002321WA0111001134
B1825544748295N12002321WA0111001134
B1825554748295N12002321WA0111001134
B1825564748295N12002321WA0111001134
B1825574748295N12002321WA0111101134
B1825584748295N12002321WA0111101134
B1825594748295N12002321WA0111001135
B1826004748295N12002321WA0111001135
B1826014748295N12002321WA0111001135
B1826024748295N12002321WA0111001135
B1826034748296N12002321WA0111001135
B1826044748295N12002321WA0111001135
B1826054748295N12002321WA0111001135
B1826064748295N12002321WA0111001135
B1826074748295N12002322WA0111001134
B1826084748295N12002322WA0111001134
B1826094748295N12002322WA0111001134
B1826104748295N12002321WA0111001134
B1826114748295N12002322WA0111001134
B1826124748295N12002322WA0111001134
B1826134748295N12002321WA0111001134
B1826144748295N12002321WA0111001135
B1826154748295N12002321WA0111001135
B1826164748295N12002321WA0111001135
B1826174748295N12002321WA0111001135
B1826184748295N12002321WA0111001135
B1826194748295N12002321WA0111001135
B1826204748295N12002321WA0111001135
B1826214748295N12002321WA0111001135
B1826224748295N12002321WA0111001135
B1826234748295N12002321WA0111001134
B1826244748295N12002321WA0111001134
B1826254748295N12002321WA0111001134
B1826264748295N12002321WA0111001134
B1826274748295N12002321WA0111001134
B1826284748295N12002321WA0111001134
B1826294748295N12002321WA0111001134
B1826304748295N12002321WA0111001134
B1826314748295N12002321WA0111001134
B1826324748295N12002321WA0111001134
B1826334748295N12002321WA0111001134
B1826344748295N12002322WA0111001134
B1826354748295N12002322WA0111001134
B1826364748295N12002321WA0111001133
B1826374748295N12002321WA0111001133
B1826384748295N12002321WA0111001133
B1826394748295N12002321WA0111001133
B1826404748295N12002321WA0111001133
B1826414748295N12002321WA0111101133
B1826424748295N12002321WA0111101133
B1826434748295N12002321WA0111101132
B1826444748295N12002321WA0111101132
B1826454748295N12002322WA0111101132
B1826464748295N12002322WA0111101132
B1826474748295N12002322WA0111101132
B1826484748295N12002322WA0111101132
B1826494748295N12002322WA0111101132
B1826504748295N12002322WA0111101132
B1826514748295N12002321WA0111101132
B1826524748295N12002321WA0111101132
B1826534748295N12002321WA0111101133
B1826544748295N12002321WA0111101132
B1826554748295N12002321WA0111101132
B1826564748295N12002321WA0111101132
B1826574748295N12002321WA0111101132
B1826584748295N12002321WA0111101132
B1826594748295N12002321WA0111101132
B1827004748295N12002321WA0111101132
B1827014748295N12002321WA0111101132
B1827024748295N12002321WA0111101131
B1827034748295N12002321WA0111101131
B1827044748295N12002321WA0111101131
B1827054748295N12002321WA0111101131
B1827064748295N12002321WA0111101131
B1827074748295N12002321WA0111101131
B1827084748295N12002321WA0111101131
B1827094748295N12002321WA0111101131
B1827104748295N12002321WA0111101131
B1827114748295N12002321WA0111101132
B1827124748295N12002321WA0111101132
B1827134748295N12002321WA0111101132
B1827144748295N12002321WA0111101132
B1827154748295N12002321WA0111101132
B1827164748295N12002322WA0111101132
B1827174748295N12002322WA0111101133
B1827184748295N12002322WA0111101133
B1827194748295N12002322WA0111101133
B1827204748295N12002322WA0111101133
B1827214748295N12002322WA0111101133
B1827224748295N12002322WA0111101133
B1827234748295N12002322WA0111101133
B1827244748295N12002322WA0111101134
B1827254748295N12002322WA0111101134
B1827264748295N12002322WA0111101134
B1827274748295N12002322WA0111101134
B1827284748295N12002322WA0111101134
B1827294748295N12002322WA0111101135
B1827304748295N12002322WA0111101135
B1827314748295N12002322WA0111101135
B1827324748295N12002322WA0111101135
B1827334748295N12002322WA0111101135
B1827344748296N12002322WA0111101135
B1827354748296N12002322WA0111001134
B1827364748296N12002322WA0111001134
B1827374748296N12002322WA0111001134
B1827384748296N12002322WA0111001134
B1827394748296N12002322WA0111001134
B1827404748296N12002322WA0111001134
B1827414748295N12002322WA0111001134
B1827424748296N12002322WA0111001133
B1827434748296N12002323WA0111001133
B1827444748296N12002323WA0111001133
B1827454748296N12002323WA0111001133
B1827464748296N12002324WA0111101133
B1827474748296N12002324WA0111101133
B1827484748296N12002324WA0111001133
B1827494748296N12002325WA0111001133
B1827504748296N12002325WA0111101132
B1827514748296N12002324WA0111101132
B1827524748295N12002323WA0111001132
B1827534748295N12002322WA0111001132
B1827544748295N12002322WA0111001132
B1827554748295N12002321WA0111101132
B1827564748295N12002321WA0111101132
B1827574748295N12002322WA0111101132
B1827584748296N12002322WA0111101132
B1827594748296N12002323WA0111101132
B1828004748296N12002323WA0111101132
B1828014748296N12002323WA0111001132
B1828024748296N12002324WA0111101133
B1828034748297N12002324WA0111101134
B1828044748297N12002325WA0111001133
B1828054748297N12002326WA0111001133
B1828064748297N12002326WA0111001133
B1828074748298N12002327WA0111001133
B1828084748298N12002327WA0111001133
B1828094748299N12002328WA0111001133
B1828104748299N12002329WA0111001133
B1828114748300N12002329WA0111001133
B1828124748300N12002330WA0111001133
B1828134748300N12002330WA0111001133
B1828144748301N12002331WA0111001132
B1828154748301N12002331WA0111001132
B1828164748301N12002332WA0111001132
B1828174748301N12002333WA0111001132
B1828184748300N12002333WA0111001132
B1828194748300N12002334WA0111001132
B1828204748300N12002334WA0111001132
B1828214748300N12002334WA0111001131
B1828224748300N12002335WA0111001132
B1828234748300N12002334WA0111001132
B1828244748300N12002334WA0111001132
B1828254748300N12002333WA0111001132
B1828264748300N12002333WA0111001132
B1828274748300N12002333WA0111001132
B1828284748300N12002333WA0111001132
B1828294748300N12002333WA0111001132
B1828304748300N12002333WA0111001132
B1828314748300N12002333WA0111001132
B1828324748300N12002333WA0111001131
B1828334748300N12002333WA0111001131
B1828344748300N12002333WA0111001131
B1828354748300N12002334WA0111001131
B1828364748299N12002334WA0111001131
B1828374748299N12002334WA0111001131
B1828384748299N12002334WA0111001131
B1828394748299N12002334WA0111001131
B1828404748299N12002334WA0111001131
B1828414748299N12002334WA0111001131
B1828424748299N12002334WA0111001131
B1828434748299N12002334WA0111001131
B1828444748299N12002335WA0111001131
B1828454748299N12002334WA0111001131
B1828464748299N12002335WA0111001131
B1828474748299N12002335WA0111001131
B1828484748299N12002335WA0111001131
B1828494748299N12002335WA0111001130
B1828504748299N12002335WA0111001130
B1828514748299N12002335WA0111001130
B1828524748300N12002335WA0111001130
B1828534748300N12002335WA0111001130
B1828544748300N12002335WA0111001130
B1828554748300N12002335WA0111001130
B1828564748300N12002335WA0111001130
B1828574748300N12002335WA0111001130
B1828584748300N12002334WA0111001130
B1828594748300N12002334WA0111001130
B1829004748299N12002334WA0111001130
B1829014748299N12002334WA0111001130
B1829024748300N12002334WA0111001130
B1829034748300N12002334WA0111001131
B1829044748300N12002334WA0111001130
B1829054748299N12002334WA0111001130
B1829064748299N12002334WA0111001130
B1829074748300N12002334WA0111001129
B1829084748300N12002334WA0111001129
B1829094748300N12002335WA0111001129
B1829104748299N12002335WA0111001129
B1829114748300N12002335WA0111001129
B1829124748300N12002335WA0111001129
B1829134748300N12002334WA0111001129
B1829144748300N12002333WA0111001129
B1829154748300N12002333WA0111001129
B1829164748300N12002332WA0111001129
B1829174748300N12002332WA0111001129
B1829184748299N12002331WA0111001129
B1829194748300N12002332WA0111001128
B1829204748300N12002332WA0111001128
B1829214748300N12002332WA0111001128
B1829224748301N12002332WA0111001128
B1829234748301N12002332WA0111001128
B1829244748301N12002332WA0111001128
B1829254748301N12002332WA0111001128
B1829264748301N12002332WA0111001128
B1829274748302N12002332WA0111001128
B1829284748302N12002332WA0111001128
B1829294748302N12002333WA0111001128
B1829304748302N12002333WA0111001128
B1829314748302N12002334WA0111001128
B1829324748302N12002334WA0111001128
B1829334748302N12002335WA0111001128
B1829344748302N12002336WA0111001128
B1829354748302N12002336WA0111001128
B1829364748302N12002336WA0111001127
B1829374748303N12002336WA0111001127
B1829384748303N12002337WA0111001127
B1829394748303N12002337WA0110901127
B1829404748303N12002337WA0110901127
B1829414748303N12002337WA0110901127
B1829424748303N12002337WA0110901127
B1829434748303N12002337WA0110901127
B1829444748303N12002337WA0110901127
B1829454748303N12002337WA0110901127
B1829464748303N12002337WA0110901126
B1829474748303N12002337WA0110901126
B1829484748303N12002337WA0110901126
B1829494748302N12002337WA0110901126
B1829504748302N12002337WA0110901126
B1829514748302N12002336WA0110901126
B1829524748302N12002337WA0110901127
B1829534748303N12002337WA0110901126
B1829544748303N12002337WA0110901126
B1829554748303N12002337WA0110901126
B1829564748303N12002337WA0110901126
B1829574748303N12002337WA0110901126
B1829584748303N12002337WA0110901126
B1829594748303N12002337WA0110901127
B1830004748303N12002337WA0110901126
B1830014748303N12002337WA0110901126
B1830024748302N12002337WA0110901126
B1830034748302N12002337WA0110901126
B1830044748302N12002337WA0110901126
B1830054748302N12002337WA0110901126
B1830064748303N12002337WA0110901127
B1830074748303N12002337WA0110901127
B1830084748303N12002337WA0110901127
B1830094748303N12002337WA0110901127
B1830104748303N12002337WA0110901127
B1830114748303N12002337WA0110901127
B1830124748303N12002337WA0110901127
B1830134748303N12002337WA0110901128
B1830144748303N12002337WA0110901128
B1830154748303N12002337WA0110901128
B1830164748303N12002337WA0110901128
B1830174748303N12002337WA0110901128
B1830184748303N12002337WA0110901128
B1830194748303N12002337WA0110901128
B1830204748303N12002337WA0110901128
B1830214748303N12002337WA0110901127
B1830224748302N12002337WA0110901127
B1830234748302N12002337WA0110901127
B1830244748302N12002337WA0110901127
B1830254748302N12002337WA0110901127
B1830264748302N12002337WA0110901127
B1830274748302N12002337WA0110901127
B1830284748302N12002337WA0110901127
B1830294748302N12002337WA0110901127
B1830304748302N12002337WA0110901127
B1830314748302N12002337WA0110901127
B1830324748302N12002337WA0110901127
B1830334748302N12002337WA0110901128
B1830344748302N12002337WA0110901128
B1830354748302N12002337WA0110901128
B1830364748302N12002337WA0110901128
B1830374748302N12002337WA0110901128
B1830384748302N12002337WA0110901128
B1830394748302N12002337WA0110901128
B1830404748302N12002337WA0110901128
B1830414748302N12002337WA0110901128
B1830424748302N12002337WA0110901128
B1830434748302N12002337WA0110901128
B1830444748302N12002337WA0110901128
B1830454748302N12002337WA0110901128
B1830464748302N12002337WA0110901128
B1830474748302N12002337WA0110901128
B1830484748302N12002337WA0110901128
B1830494748302N12002337WA0110901128
B1830504748302N12002337WA0110901128
B1830514748302N12002337WA0110901128
B1830524748302N12002337WA0110901128
B1830534748302N12002337WA0110901128
B1830544748303N12002337WA0110901128
B1830554748303N12002337WA0110901128
B1830564748303N12002337WA0110901128
B1830574748303N12002337WA0110901128
B1830584748303N12002337WA0110901128
B1830594748303N12002337WA0110901128
B1831004748303N12002337WA0110901128
B1831014748303N12002337WA0110901128
B1831024748303N12002337WA0110901128
B1831034748303N12002337WA0110901128
B1831044748303N12002337WA0110901128
B1831054748303N12002337WA0110901128
B1831064748303N12002337WA0110901128
B1831074748303N12002337WA0110901128
B1831084748303N12002337WA0110901128
B1831094748303N12002337WA0110901128
B1831104748303N12002337WA0110901128
B1831114748303N12002337WA0110901128
B1831124748303N12002337WA0110901128
B1831134748303N12002337WA0110901128
B1831144748303N12002337WA0110901128
B1831154748303N12002337WA0110901128
B1831164748303N12002337WA0110901128
B1831174748303N12002337WA0110901128
B1831184748303N12002337WA0110901128
B1831194748303N12002336WA0110901129
B1831204748303N12002336WA0110901129
B1831214748303N12002336WA0110901129
B1831224748303N12002336WA0110901129
B1831234748303N12002336WA0110901129
B1831244748303N12002336WA0110901129
B1831254748303N12002336WA0110901129
B1831264748303N12002336WA0110901129
B1831274748303N12002336WA0110901129
B1831284748303N12002336WA0110901129
B1831294748303N12002336WA0110901129
B1831304748303N12002337WA0110901129
B1831314748303N12002337WA0110901130
B1831324748303N12002337WA0110901130
B1831334748303N12002337WA0110901129
B1831344748303N12002337WA0110901130
B1831354748303N12002337WA0110901129
B1831364748303N12002337WA0110901129
B1831374748303N12002337WA0110901130
B1831384748303N12002337WA0110901130
B1831394748303N12002337WA0110901130
B1831404748303N12002337WA0110901130
B1831414748303N12002337WA0110901130
B1831424748303N12002337WA0110901130
B1831434748303N12002337WA0110901130
B1831444748303N12002337WA0110901130
B1831454748303N12002337WA0110901130
B1831464748303N12002337WA0110901130
B1831474748303N12002337WA0110901130
B1831484748303N12002337WA0110901130
B1831494748303N12002337WA0110901130
B1831504748303N12002337WA0110901130
B1831514748303N12002337WA0110901130
B1831524748303N12002337WA0110901130
B1831534748303N12002337WA0110901130
B1831544748303N12002337WA0110901130
B1831554748303N12002337WA0110901130
B1831564748303N12002337WA0110901130
B1831574748303N12002337WA0110901130
B1831584748303N12002337WA0110901130
B1831594748303N12002337WA0110901130
B1832004748303N12002337WA0110901130
B1832014748303N12002337WA0110901130
B1832024748303N12002337WA0110901130
B1832034748303N12002337WA0110901131
B1832044748303N12002337WA0110901131
B1832054748303N12002337WA0110901131
B1832064748303N12002337WA0110901131
B1832074748303N12002337WA0110901131
B1832084748303N12002338WA0110901131
B1832094748303N12002338WA0110901131
B1832104748303N12002339WA0110901131
B1832114748304N12002340WA0110901131
B1832124748305N12002341WA0110901131
B1832134748305N12002342WA0110901130
B1832144748306N12002342WA0110901130
B1832154748307N12002343WA0110801130
B1832164748307N12002345WA0110801129
B1832174748308N12002346WA0110801129
B1832184748307N12002346WA0110801129
B1832194748307N12002345WA0110801129
B1832204748307N12002346WA0110801129
B1832214748307N12002346WA0110801129
B1832224748307N12002346WA0110801129
B1832234748307N12002346WA0110801129
B1832244748307N12002346WA0110801129
B1832254748307N12002346WA0110801129
B1832264748307N12002346WA0110801129
B1832274748307N12002346WA0110801129
B1832284748308N12002346WA0110801129
B1832294748308N12002346WA0110801129
B1832304748308N12002346WA0110801129
B1832314748308N12002346WA0110801128
B1832324748308N12002345WA0110801128
B1832334748308N12002345WA0110801128
B1832344748308N12002345WA0110701128
B1832354748308N12002345WA0110701128
B1832364748308N12002345WA0110701128
B1832374748308N12002345WA0110701128
B1832384748309N12002346WA0110701128
B1832394748309N12002345WA0110701127
B1832404748309N12002345WA0110701127
B1832414748309N12002345WA0110701127
B1832424748309N12002345WA0110701127
B1832434748309N12002345WA0110701127
B1832444748309N12002345WA0110701127
B1832454748309N12002345WA0110701127
B1832464748309N12002345WA0110701127
B1832474748309N12002345WA0110701127
B1832484748309N12002345WA0110701127
B1832494748309N12002345WA0110701127
B1832504748308N12002345WA0110701127
B1832514748308N12002345WA0110701127
B1832524748308N12002344WA0110701128
B1832534748307N12002344WA0110701128
B1832544748307N12002343WA0110701128
B1832554748306N12002342WA0110701128
B1832564748306N12002341WA0110701128
B1832574748305N12002341WA0110701128
B1832584748305N12002340WA0110701129
B1832594748305N12002339WA0110801129
B1833004748304N12002339WA0110801129
B1833014748304N12002338WA0110801129
B1833024748304N12002337WA0110801129
B1833034748303N12002337WA0110801129
B1833044748303N12002336WA0110801130
B1833054748303N12002335WA0110801130
B1833064748302N12002334WA0110801130
B1833074748302N12002334WA0110901130
B1833084748301N12002333WA0110901130
B1833094748301N12002332WA0110901131
B1833104748301N12002332WA0110901131
B1833114748300N12002331WA0110901131
B1833124748300N12002332WA0110901131
B1833134748300N12002332WA0110901131
B1833144748300N12002332WA0110901131
B1833154748300N12002332WA0110901131
B1833164748300N12002332WA0110901131
B1833174748300N12002332WA0111001131
B1833184748300N12002332WA0111001131
B1833194748300N12002332WA0111001131
B1833204748300N12002332WA0111001131
B1833214748300N12002332WA0111001131
B1833224748300N12002332WA0111001131
B1833234748300N12002332WA0111001131
B1833244748300N12002332WA0111001131
B1833254748300N12002332WA0111001131
B1833264748300N12002331WA0111001131
B1833274748300N12002331WA0111001131
B1833284748300N12002331WA0111001131
B1833294748300N12002331WA0111001130
B1833304748300N12002331WA0111001131
B1833314748300N12002331WA0111001131
B1833324748300N12002331WA0111001131
B1833334748300N12002331WA0111001131
B1833344748300N12002331WA0111001131
B1833354748300N12002331WA0111001131
B1833364748300N12002331WA0111001131
B1833374748300N12002331WA0111001131
B1833384748300N12002331WA0111001131
B1833394748300N12002331WA0111001131
B1833404748300N12002331WA0111001131
B1833414748300N12002331WA0111001131
B1833424748300N12002331WA0111001131
B1833434748300N12002331WA0111001131
B1833444748300N12002331WA0111001131
B1833454748300N12002331WA0111001131
B1833464748300N12002331WA0111001131
B1833474748301N12002331WA0111001130
B1833484748301N12002332WA0111001130
B1833494748301N12002333WA0111001130
B1833504748301N12002333WA0111001130
B1833514748301N12002333WA0111001130
B1833524748301N12002334WA0111001130
B1833534748301N12002334WA0111001130
B1833544748301N12002334WA0111001130
B1833554748301N12002334WA0111001130
B1833564748301N12002334WA0111001130
B1833574748301N12002334WA0111001130
B1833584748301N12002334WA0111001129
B1833594748301N12002333WA0111001130
B1834004748302N12002333WA0111001129
B1834014748302N12002333WA0111001129
B1834024748302N12002333WA0111001130
B1834034748303N12002333WA0111001129
B1834044748303N12002332WA0111001130
B1834054748303N12002333WA0111001130
B1834064748303N12002333WA0111001129
B1834074748303N12002334WA0111001129
B1834084748303N12002334WA0111001129
B1834094748303N12002334WA0111001130
B1834104748303N12002335WA0111001130
B1834114748303N12002335WA0111001130
B1834124748303N12002335WA0111001130
B1834134748304N12002335WA0111001129
B1834144748304N12002336WA0111001129
B1834154748304N12002336WA0111001129
B1834164748304N12002336WA0111001129
B1834174748304N12002337WA0111001129
B1834184748304N12002337WA0111001129
B1834194748304N12002336WA0111001129
B1834204748304N12002336WA0111001129
B1834214748304N12002336WA0111001129
B1834224748304N12002336WA0111001129
B1834234748304N12002336WA0111001129
B1834244748304N12002336WA0111001129
B1834254748304N12002336WA0111001129
B1834264748304N12002336WA0111001129
B1834274748304N12002336WA0111001129
B1834284748304N12002336WA0111001129
B1834294748304N12002336WA0111001130
B1834304748304N12002336WA0111001130
B1834314748304N12002336WA0111001130
B1834324748304N12002336WA0111001130
B1834334748304N12002336WA0111001130
B1834344748303N12002336WA0111001130
B1834354748303N12002336WA0111001130
B1834364748304N12002336WA0111001130
B1834374748304N12002336WA0111001130
B1834384748304N12002336WA0111001130
B1834394748304N12002337WA0111001129
B1834404748304N12002337WA0111001129
B1834414748304N12002337WA0111001130
B1834424748304N12002336WA0111001130
B1834434748304N12002336WA0111001130
B1834444748304N12002336WA0111001130
B1834454748304N12002336WA0111001130
B1834464748304N12002336WA0111001130
B1834474748304N12002336WA0111001130
B1834484748304N12002336WA0111001130
B1834494748304N12002336WA0111001130
B1834504748304N12002336WA0111001130
B1834514748304N12002336WA0111001130
B1834524748304N12002336WA0111001130
B1834534748304N12002336WA0111001130
B1834544748303N12002336WA0111001130
B1834554748303N12002336WA0111001130
B1834564748303N12002336WA0111001130
B1834574748303N12002336WA0111001130
B1834584748304N12002336WA0111001130
B1834594748304N12002336WA0111001130
B1835004748303N12002337WA0111001130
B1835014748303N12002337WA0111001130
B1835024748303N12002337WA0111001130
B1835034748303N12002337WA0111001130
B1835044748303N12002337WA0111001130
B1835054748303N12002337WA0111001130
B1835064748303N12002337WA0111001130
B1835074748304N12002337WA0111001130
B1835084748304N12002337WA0111001130
B1835094748304N12002337WA0111001130
B1835104748304N12002336WA0111001130
B1835114748304N12002336WA0111001129
B1835124748304N12002336WA0111001129
B1835134748304N12002336WA0111001129
B1835144748304N12002336WA0111001129
B1835154748304N12002336WA0111001130
B1835164748304N12002336WA0111001129
B1835174748304N12002336WA0111001129
B1835184748304N12002336WA0111001129
B1835194748304N12002336WA0111001130
B1835204748304N12002336WA0111001130
B1835214748304N12002336WA0111001130
B1835224748304N12002337WA0111001130
B1835234748304N12002337WA0111001130
B1835244748304N12002337WA0111001129
B1835254748304N12002337WA0111001129
B1835264748304N12002337WA0111001129
B1835274748304N12002337WA0111001129
B1835284748304N12002337WA0111001129
B1835294748304N12002336WA0111001129
B1835304748304N12002336WA0111001129
B1835314748304N12002336WA0111001129
B1835324748303N12002336WA0111001129
B1835334748304N12002336WA0111001129
B1835344748304N12002336WA0111001129
B1835354748304N12002336WA0111001129
B1835364748304N12002336WA0111001129
B1835374748304N12002336WA0111001129
B1835384748304N12002336WA0111001129
B1835394748304N12002336WA0111001129
B1835404748304N12002336WA0111001129
B1835414748304N12002336WA0111001129
B1835424748304N12002336WA0111001129
B1835434748304N12002336WA0111001129
B1835444748304N12002336WA0111001129
B1835454748304N12002336WA0111001129
B1835464748304N12002336WA0111001129
B1835474748304N12002336WA0111001129
B1835484748304N12002336WA0111001129
B1835494748304N12002336WA0111001129
B1835504748304N12002336WA0111001129
B1835514748304N12002336WA0111001129
B1835524748304N12002337WA0111001129
B1835534748303N12002337WA0111001128
B1835544748303N12002337WA0111001128
B1835554748303N12002337WA0111001128
B1835564748303N12002337WA0111001128
B1835574748304N12002339WA0111001128
B1835584748304N12002340WA0111001128
B1835594748304N12002342WA0110901128
B1836004748304N12002343WA0110901128
B1836014748304N12002343WA0110901128
B1836024748304N12002345WA0110901128
B1836034748304N12002347WA0110901128
B1836044748304N12002351WA0110901128
B1836054748304N12002354WA0110901127
B1836064748305N12002357WA0110801126
B1836074748306N12002363WA0110801124
B1836084748307N12002369WA0110701122
B1836094748307N12002376WA0110601121
B1836104748307N12002384WA0110501119
B1836114748305N12002391WA0110501119
B1836124748304N12002398WA0110401118
B1836134748303N12002405WA0110301118
B1836144748302N12002411WA0110301118
B1836154748300N12002417WA0110201118
B1836164748299N12002423WA0110201118
B1836174748298N12002430WA0110101118
B1836184748296N12002437WA0110101118
B1836194748295N12002443WA0110101120
B1836204748294N12002447WA0110201123
B1836214748294N12002450WA0110201125
B1836224748294N12002453WA0110301127
B1836234748294N12002458WA0110301125
B1836244748294N12002463WA0110301124
B1836254748292N12002470WA0110301121
B1836264748289N12002476WA0110301120
B1836274748285N12002480WA0110301120
B1836284748282N12002482WA0110301121
B1836294748280N12002483WA0110301124
B1836304748278N12002485WA0110301125
B1836314748275N12002486WA0110401124
B1836324748271N12002489WA0110301122
B1836334748267N12002492WA0110301120
B1836344748262N12002497WA0110201119
B1836354748259N12002501WA0110101119
B1836364748256N12002504WA0110101120
B1836374748254N12002508WA0110101122
B1836384748253N12002511WA0110201124
B1836394748251N12002516WA0110201123
B1836404748249N12002521WA0110201123
B1836414748246N12002527WA0110101122
B1836424748243N12002533WA0110101121
B1836434748240N12002538WA0110101122
B1836444748237N12002543WA0110101124
B1836454748235N12002546WA0110201126
B1836464748232N12002549WA0110301129
B1836474748229N12002551WA0110401132
B1836484748226N12002552WA0110601135
B1836494748224N12002554WA0110701138
B1836504748223N12002556WA0110901141
B1836514748222N12002559WA0111101143
B1836524748222N12002563WA0111201144
B1836534748223N12002569WA0111301145
B1836544748226N12002574WA0111501146
B1836554748230N12002578WA0111601147
B1836564748234N12002581WA0111801149
B1836574748238N12002584WA0111901153
B1836584748241N12002587WA0112201156
B1836594748244N12002589WA0112301158
B1837004748248N12002592WA0112601159
B1837014748254N12002594WA0112701160
B1837024748260N12002593WA0112901161
B1837034748265N12002588WA0112901161
B1837044748268N12002579WA0113101161
B1837054748269N12002568WA0113101162
B1837064748266N12002559WA0113201163
B1837074748262N12002552WA0113301166
B1837084748257N12002550WA0113501168
B1837094748252N12002551WA0113601171
B1837104748248N12002556WA0113901174
B1837114748246N12002561WA0114001177
B1837124748245N12002567WA0114301180
B1837134748244N12002573WA0114501184
B1837144748244N12002577WA0114801187
B1837154748245N12002583WA0115001190
B1837164748248N12002589WA0115301192
B1837174748252N12002593WA0115401192
B1837184748258N12002595WA0115601194
B1837194748264N12002594WA0115801195
B1837204748269N12002588WA0115901197
B1837214748272N12002579WA0116101199
B1837224748273N12002570WA0116301202
B1837234748270N12002562WA0116501205
B1837244748265N12002557WA0116701206
B1837254748259N12002554WA0116801207
B1837264748253N12002554WA0117001209
B1837274748247N12002556WA0117201211
B1837284748244N12002560WA0117401214
B1837294748241N12002564WA0117601217
B1837304748240N12002567WA0117901221
B1837314748240N12002571WA0118101223
B1837324748240N12002574WA0118401226
B1837334748242N12002578WA0118601228
B1837344748245N12002582WA0118901230
B1837354748250N12002584WA0119101233
B1837364748255N12002584WA0119401237
B1837374748260N12002583WA0119701241
B1837384748266N12002579WA0120001244
B1837394748272N12002573WA0120201247
B1837404748276N12002565WA0120501251
B1837414748277N12002555WA0120701253
B1837424748276N12002546WA0121001255
B1837434748272N12002537WA0121201255
B1837444748265N12002531WA0121401255
B1837454748259N12002527WA0121501257
B1837464748253N12002526WA0121801259
B1837474748249N12002526WA0121901261
B1837484748244N12002529WA0122201262
B1837494748241N12002534WA0122301264
B1837504748238N12002539WA0122501267
B1837514748236N12002543WA0122701270
B1837524748235N12002545WA0123001275
B1837534748235N12002547WA0123301278
B1837544748236N12002550WA0123601279
B1837554748238N12002555WA0123701280
B1837564748241N12002558WA0123901280
B1837574748246N12002560WA0124001281
B1837584748252N12002559WA0124201283
B1837594748258N12002556WA0124401285
B1838004748264N12002552WA0124601288
B1838014748269N12002547WA0124801293
B1838024748272N12002541WA0125101297
B1838034748275N12002533WA0125301298
B1838044748277N12002524WA0125501299
B1838054748277N12002514WA0125701299
B1838064748275N12002504WA0125901300
B1838074748271N12002495WA0126001301
B1838084748266N12002487WA0126201302
B1838094748261N12002481WA0126301303
B1838104748255N12002475WA0126501305
B1838114748249N12002471WA0126601306
B1838124748242N12002467WA0126801309
B1838134748236N12002466WA0126901310
B1838144748231N12002466WA0127101313
B1838154748228N12002469WA0127201315
B1838164748226N12002473WA0127401315
B1838174748226N12002479WA0127501314
B1838184748227N12002484WA0127601315
B1838194748228N12002489WA0127701317
B1838204748229N12002492WA0127901318
B1838214748231N12002495WA0128001320
B1838224748234N12002498WA0128201320
B1838234748237N12002502WA0128301320
B1838244748241N12002506WA0128301320
B1838254748245N12002510WA0128401321
B1838264748249N12002512WA0128501322
B1838274748254N12002514WA0128601324
B1838284748259N12002514WA0128801326
B1838294748264N12002511WA0128901328
B1838304748269N12002507WA0129101332
B1838314748272N12002500WA0129201334
B1838324748274N12002491WA0129401336
B1838334748273N12002481WA0129501337
B1838344748271N12002471WA0129701336
B1838354748267N12002460WA0129801337
B1838364748263N12002452WA0130001341
B1838374748259N12002445WA0130101345
B1838384748256N12002441WA0130401349
B1838394748252N12002438WA0130601350
B1838404748246N12002436WA0130801350
B1838414748240N12002434WA0130801349
B1838424748233N12002434WA0130901348
B1838434748228N12002435WA0131001349
B1838444748225N12002439WA0131101350
B1838454748224N12002443WA0131201352
B1838464748225N12002449WA0131301351
B1838474748228N12002454WA0131301349
B1838484748232N12002459WA0131401349
B1838494748236N12002461WA0131401351
B1838504748240N12002462WA0131501353
B1838514748245N12002461WA0131601354
B1838524748250N12002460WA0131701354
B1838534748255N12002457WA0131801355
B1838544748261N12002453WA0131901355
B1838554748266N12002445WA0131901355
B1838564748270N12002436WA0132001355
B1838574748274N12002426WA0132001355
B1838584748278N12002416WA0132101356
B1838594748281N12002405WA0132201358
B1839004748283N12002395WA0132301360
B1839014748284N12002385WA0132401364
B1839024748284N12002375WA0132701368
B1839034748282N12002367WA0132801372
B1839044748278N12002361WA0133001373
B1839054748274N12002359WA0133201375
B1839064748269N12002362WA0133401377
B1839074748266N12002367WA0133501378
B1839084748265N12002373WA0133701381
B1839094748266N12002379WA0133901385
B1839104748269N12002382WA0134201389
B1839114748274N12002383WA0134401392
B1839124748280N12002381WA0134601393
B1839134748287N12002376WA0134701393
B1839144748293N12002369WA0134901395
B1839154748297N12002361WA0135101400
B1839164748298N12002352WA0135401405
B1839174748298N12002344WA0135601409
B1839184748296N12002337WA0136001411
B1839194748294N12002329WA0136201413
B1839204748291N12002323WA0136501415
B1839214748286N12002317WA0136701417
B1839224748282N12002314WA0137001420
B1839234748277N12002314WA0137201423
B1839244748273N12002316WA0137501425
B1839254748270N12002320WA0137701428
B1839264748268N12002326WA0138001429
B1839274748269N12002334WA0138101431
B1839284748272N12002340WA0138401433
B1839294748276N12002345WA0138501435
B1839304748280N12002347WA0138801438
B1839314748286N12002347WA0139101442
B1839324748292N12002346WA0139401444
B1839334748298N12002343WA0139601446
B1839344748305N12002339WA0139801450
B1839354748310N12002334WA0140101454
B1839364748313N12002328WA0140401459
B1839374748315N12002320WA0140701463
B1839384748315N12002312WA0141101466
B1839394748314N12002302WA0141301469
B1839404748312N12002293WA0141601472
B1839414748308N12002286WA0141901477
B1839424748304N12002283WA0142301482
B1839434748299N12002283WA0142601485
B1839444748293N12002286WA0142901487
B1839454748289N12002292WA0143201490
B1839464748287N12002299WA0143501493
B1839474748288N12002307WA0143801497
B1839484748291N12002313WA0144101501
B1839494748296N12002318WA0144401504
B1839504748302N12002321WA0144801507
B1839514748308N12002321WA0145001511
B1839524748314N12002318WA0145501516
B1839534748318N12002313WA0145801520
B1839544748321N12002306WA0146201524
B1839554748323N12002298WA0146501528
B1839564748323N12002288WA0146901531
B1839574748321N12002278WA0147201534
B1839584748318N12002269WA0147601538
B1839594748313N12002263WA0147901542
B1840004748307N12002260WA0148301545
B1840014748302N12002261WA0148601549
B1840024748297N12002265WA0149001552
B1840034748295N12002272WA0149201555
B1840044748294N12002279WA0149601558
B1840054748296N12002286WA0149901561
B1840064748300N12002292WA0150301565
B1840074748306N12002295WA0150601568
B1840084748312N12002296WA0151001572
B1840094748318N12002293WA0151301575
B1840104748322N12002288WA0151701579
B1840114748326N12002279WA0152001584
B1840124748327N12002270WA0152401587
B1840134748327N12002260WA0152701591
B1840144748325N12002252WA0153201596
B1840154748321N12002245WA0153501600
B1840164748316N12002241WA0153901603
B1840174748311N12002240WA0154201607
B1840184748306N12002243WA0154601610
B1840194748302N12002248WA0154901613
B1840204748301N12002255WA0155301617
B1840214748302N12002263WA0155601621
B1840224748305N12002269WA0156001625
B1840234748309N12002273WA0156401630
B1840244748314N12002274WA0156801634
B1840254748320N12002271WA0157101638
B1840264748325N12002266WA0157601641
B1840274748329N12002259WA0157901645
B1840284748330N12002250WA0158301649
B1840294748330N12002241WA0158601653
B1840304748328N12002230WA0159101657
B1840314748326N12002221WA0159401660
B1840324748322N12002213WA0159801665
B1840334748317N12002208WA0160201670
B1840344748311N12002205WA0160601674
B1840354748305N12002206WA0160901678
B1840364748300N12002209WA0161401681
B1840374748297N12002214WA0161701685
B1840384748296N12002221WA0162101688
B1840394748297N12002227WA0162401691
B1840404748300N12002234WA0162801695
B1840414748305N12002238WA0163101699
B1840424748309N12002240WA0163601704
B1840434748315N12002240WA0163901708
B1840444748320N12002237WA0164401712
B1840454748324N12002234WA0164701716
B1840464748328N12002229WA0165301721
B1840474748331N12002223WA0165601725
B1840484748334N12002215WA0166101729
B1840494748335N12002205WA0166401733
B1840504748335N12002194WA0166801737
B1840514748334N12002185WA0167201742
B1840524748330N12002177WA0167601747
B1840534748324N12002173WA0168001751
B1840544748318N12002172WA0168401756
B1840554748313N12002174WA0168701760
B1840564748310N12002178WA0169301765
B1840574748308N12002182WA0169701770
B1840584748308N12002187WA0170201774
B1840594748309N12002193WA0170501776
B1841004748311N12002200WA0171001779
B1841014748315N12002205WA0171301782
B1841024748320N12002208WA0171701786
B1841034748326N12002207WA0172001789
B1841044748332N12002202WA0172401793
B1841054748337N12002195WA0172701797
B1841064748341N12002186WA0173201802
B1841074748342N12002177WA0173501808
B1841084748342N12002168WA0174001814
B1841094748340N12002161WA0174401819
B1841104748335N12002154WA0174901823
B1841114748329N12002149WA0175201825
B1841124748322N12002147WA0175601828
B1841134748315N12002148WA0176001833
B1841144748311N12002152WA0176501839
B1841154748309N12002157WA0176801844
B1841164748309N12002162WA0177401848
B1841174748310N12002168WA0177701851
B1841184748313N12002174WA0178201853
B1841194748317N12002178WA0178501857
B1841204748321N12002181WA0179001860
B1841214748326N12002182WA0179301865
B1841224748331N12002181WA0179801869
B1841234748336N12002179WA0180101873
B1841244748341N12002175WA0180501877
B1841254748345N12002169WA0180801880
B1841264748348N12002162WA0181301884
B1841274748349N12002153WA0181601888
B1841284748348N12002143WA0182001891
B1841294748344N12002135WA0182301894
B1841304748338N12002128WA0182701898
B1841314748332N12002124WA0183001902
B1841324748326N12002122WA0183401906
B1841334748320N12002124WA0183701911
B1841344748316N12002127WA0184201915
B1841354748314N12002132WA0184501920
B1841364748313N12002138WA0185001924
B1841374748313N12002145WA0185301927
B1841384748316N12002152WA0185701929
B1841394748321N12002158WA0186001932
B1841404748326N12002160WA0186401936
B1841414748332N12002158WA0186701941
B1841424748337N12002153WA0187201945
B1841434748339N12002144WA0187401949
B1841444748339N12002135WA0187801951
B1841454748337N12002126WA0188101954
B1841464748332N12002118WA0188501957
B1841474748327N12002112WA0188801960
B1841484748320N12002109WA0189201962
B1841494748313N12002106WA0189401965
B1841504748307N12002104WA0189801968
B1841514748300N12002102WA0190101972
B1841524748295N12002099WA0190501977
B1841534748289N12002097WA0190801981
B1841544748283N12002097WA0191301985
B1841554748278N12002098WA0191601989
B1841564748273N12002103WA0191901991
B1841574748269N12002109WA0192201992
B1841584748267N12002117WA0192501994
B1841594748268N12002123WA0192701996
B1842004748270N12002128WA0193101998
B1842014748274N12002132WA0193201999
B1842024748279N12002132WA0193502000
B1842034748284N12002130WA0193702002
B1842044748289N12002126WA0193902004
B1842054748294N12002122WA0194102005
B1842064748298N12002116WA0194402008
B1842074748301N12002111WA0194602012
B1842084748304N12002105WA0194902015
B1842094748307N12002098WA0195102019
B1842104748309N12002091WA0195402021
B1842114748310N12002082WA0195602022
B1842124748309N12002071WA0195802023
B1842134748307N12002060WA0196002024
B1842144748303N12002050WA0196202028
B1842154748296N12002044WA0196402034
B1842164748290N12002042WA0196802040
B1842174748285N12002044WA0197102042
B1842184748280N12002049WA0197402045
B1842194748276N12002054WA0197602049
B1842204748275N12002060WA0198002052
B1842214748277N12002067WA0198302055
B1842224748280N12002072WA0198602058
B1842234748285N12002075WA0198802059
B1842244748291N12002075WA0199102062
B1842254748295N12002071WA0199402066
B1842264748299N12002063WA0199702068
B1842274748301N12002053WA0199902069
B1842284748301N12002042WA0200202069
B1842294748299N12002030WA0200302071
B1842304748294N12002020WA0200602075
B1842314748289N12002013WA0200902080
B1842324748283N12002009WA0201302086
B1842334748277N12002007WA0201602091
B1842344748271N12002008WA0202002095
B1842354748266N12002010WA0202302099
B1842364748262N12002014WA0202702103
B1842374748260N12002018WA0203002106
B1842384748259N12002024WA0203402108
B1842394748260N12002031WA0203602109
B1842404748263N12002037WA0203902110
B1842414748267N12002041WA0204102112
B1842424748271N12002042WA0204402115
B1842434748276N12002038WA0204602118
B1842444748281N12002031WA0204902118
B1842454748283N12002020WA0205002118
B1842464748283N12002007WA0205202119
B1842474748281N12001996WA0205402123
B1842484748276N12001988WA0205702128
B1842494748271N12001982WA0206002132
B1842504748264N12001979WA0206302136
B1842514748258N12001977WA0206602139
B1842524748252N12001975WA0206902143
B1842534748246N12001976WA0207202146
B1842544748241N12001978WA0207602149
B1842554748238N12001982WA0207802151
B1842564748235N12001988WA0208102152
B1842574748234N12001994WA0208302153
B1842584748234N12002000WA0208602155
B1842594748234N12002006WA0208702158
B1843004748236N12002009WA0209102160
B1843014748240N12002010WA0209202161
B1843024748245N12002009WA0209402161
B1843034748252N12002005WA0209502160
B1843044748257N12001998WA0209702160
B1843054748261N12001989WA0209802163
B1843064748263N12001980WA0210002166
B1843074748264N12001970WA0210202169
B1843084748263N12001960WA0210402171
B1843094748261N12001949WA0210602173
B1843104748258N12001939WA0210802175
B1843114748254N12001928WA0210902176
B1843124748249N12001918WA0211102178
B1843134748242N12001910WA0211202180
B1843144748235N12001904WA0211502183
B1843154748228N12001900WA0211602185
B1843164748221N12001899WA0211902189
B1843174748215N12001899WA0212102192
B1843184748210N12001900WA0212402195
B1843194748206N12001904WA0212602197
B1843204748203N12001908WA0212802199
B1843214748202N12001912WA0213002199
B1843224748203N12001917WA0213202199
B1843234748206N12001920WA0213302199
B1843244748210N12001921WA0213402199
B1843254748215N12001919WA0213502198
B1843264748220N12001915WA0213602198
B1843274748226N12001908WA0213702199
B1843284748230N12001900WA0213802201
B1843294748232N12001890WA0213902204
B1843304748233N12001880WA0214102207
B1843314748233N12001869WA0214202210
B1843324748232N12001857WA0214402211
B1843334748229N12001845WA0214602212
B1843344748225N12001833WA0214702212
B1843354748220N12001823WA0214802213
B1843364748214N12001813WA0215002214
B1843374748207N12001805WA0215102215
B1843384748200N12001799WA0215202216
B1843394748193N12001795WA0215302217
B1843404748186N12001793WA0215402218
B1843414748179N12001792WA0215502218
B1843424748173N12001791WA0215602220
B1843434748167N12001790WA0215702221
B1843444748162N12001791WA0215902222
B1843454748158N12001794WA0216002221
B1843464748155N12001799WA0216002218
B1843474748154N12001804WA0216002215
B1843484748155N12001809WA0215902213
B1843494748158N12001811WA0215802211
B1843504748162N12001810WA0215802209
B1843514748166N12001809WA0215702207
B1843524748170N12001806WA0215602206
B1843534748174N12001804WA0215602206
B1843544748178N12001802WA0215502206
B1843554748183N12001800WA0215502207
B1843564748187N12001798WA0215502207
B1843574748192N12001797WA0215402208
B1843584748196N12001796WA0215402209
B1843594748201N12001794WA0215502210
B1844004748206N12001792WA0215502212
B1844014748210N12001788WA0215502214
B1844024748214N12001783WA0215602215
B1844034748217N12001776WA0215702217
B1844044748221N12001767WA0215802218
B1844054748223N12001756WA0215802218
B1844064748223N12001744WA0215902218
B1844074748222N12001731WA0215902218
B1844084748219N12001719WA0216002219
B1844094748213N12001709WA0216002221
B1844104748207N12001701WA0216102222
B1844114748200N12001697WA0216202224
B1844124748194N12001695WA0216302225
B1844134748188N12001697WA0216402226
B1844144748184N12001699WA0216502228
B1844154748181N12001702WA0216602230
B1844164748179N12001706WA0216802231
B1844174748177N12001710WA0216802231
B1844184748175N12001715WA0216902232
B1844194748174N12001721WA0217002232
B1844204748175N12001727WA0217102232
B1844214748177N12001732WA0217102233
B1844224748179N12001736WA0217202233
B1844234748183N12001737WA0217302235
B1844244748186N12001737WA0217402236
B1844254748189N12001735WA0217502239
B1844264748192N12001732WA0217702240
B1844274748195N12001728WA0217802242
B1844284748198N12001724WA0217902243
B1844294748202N12001720WA0218002244
B1844304748206N12001714WA0218202246
B1844314748209N12001706WA0218302249
B1844324748210N12001697WA0218502253
B1844334748210N12001686WA0218602255
B1844344748207N12001675WA0218802255
B1844354748203N12001665WA0218902255
B1844364748197N12001657WA0219002255
B1844374748190N12001651WA0219102254
B1844384748183N12001648WA0219202254
B1844394748177N12001645WA0219202255
B1844404748171N12001643WA0219402257
B1844414748165N12001642WA0219502259
B1844424748161N12001644WA0219602259
B1844434748156N12001648WA0219702258
B1844444748152N12001653WA0219702257
B1844454748150N12001660WA0219702256
B1844464748148N12001667WA0219802258
B1844474748148N12001672WA0219802259
B1844484748150N12001676WA0219902261
B1844494748151N12001681WA0220002261
B1844504748153N12001686WA0220102261
B1844514748154N12001692WA0220102262
B1844524748155N12001698WA0220202262
B1844534748157N12001702WA0220202264
B1844544748158N12001706WA0220302265
B1844554748160N12001708WA0220402265
B1844564748163N12001710WA0220502264
B1844574748167N12001713WA0220502263
B1844584748171N12001714WA0220402262
B1844594748176N12001714WA0220502263
B1845004748180N12001713WA0220502267
B1845014748182N12001712WA0220702271
B1845024748184N12001711WA0220902274
B1845034748186N12001710WA0221002276
B1845044748189N12001709WA0221102276
B1845054748193N12001708WA0221202274
B1845064748198N12001706WA0221202273
B1845074748202N12001703WA0221302273
B1845084748206N12001702WA0221302275
B1845094748209N12001700WA0221402277
B1845104748212N12001699WA0221602278
B1845114748215N12001697WA0221602280
B1845124748219N12001693WA0221702280
B1845134748222N12001688WA0221802280
B1845144748226N12001680WA0221802279
B1845154748229N12001670WA0221802279
B1845164748231N12001659WA0221902279
B1845174748230N12001647WA0221902280
B1845184748228N12001636WA0222002281
B1845194748225N12001626WA0222002281
B1845204748220N12001617WA0222102280
B1845214748215N12001609WA0222102280
B1845224748209N12001602WA0222102281
B1845234748203N12001597WA0222102280
B1845244748195N12001593WA0222202279
B1845254748188N12001591WA0222102278
B1845264748181N12001591WA0222102278
B1845274748176N12001593WA0222102277
B1845284748172N12001598WA0222102276
B1845294748170N12001604WA0222002275
B1845304748169N12001611WA0222002275
B1845314748169N12001617WA0222002275
B1845324748170N12001621WA0222002276
B1845334748171N12001624WA0222002277
B1845344748172N12001626WA0222002278
B1845354748174N12001629WA0222102279
B1845364748175N12001632WA0222102279
B1845374748177N12001636WA0222102280
B1845384748179N12001640WA0222102281
B1845394748181N12001642WA0222202282
B1845404748183N12001644WA0222202283
B1845414748185N12001645WA0222302284
B1845424748186N12001645WA0222302284
B1845434748187N12001645WA0222402283
B1845444748189N12001646WA0222302280
B1845454748192N12001647WA0222302277
B1845464748195N12001649WA0222202274
B1845474748199N12001651WA0222102272
B1845484748202N12001652WA0222002272
B1845494748205N12001653WA0221902273
B1845504748208N12001653WA0221902274
B1845514748210N12001653WA0221902276
B1845524748213N12001654WA0221902276
B1845534748216N12001654WA0221902276
B1845544748220N12001654WA0221902275
B1845554748224N12001654WA0221902274
B1845564748228N12001652WA0221802273
B1845574748233N12001650WA0221802272
B1845584748239N12001647WA0221702271
B1845594748244N12001644WA0221602270
B1846004748250N12001642WA0221502268
B1846014748255N12001641WA0221502267
B1846024748261N12001639WA0221402265
B1846034748266N12001638WA0221302263
B1846044748273N12001637WA0221102261
B1846054748280N12001636WA0221002259
B1846064748287N12001635WA0220802257
B1846074748295N12001633WA0220602255
B1846084748303N12001632WA0220302253
B1846094748310N12001629WA0220202253
B1846104748317N12001626WA0220102253
B1846114748323N12001624WA0220002252
B1846124748331N12001622WA0219802249
B1846134748339N12001619WA0219602246
B1846144748348N12001616WA0219302242
B1846154748357N12001611WA0219102239
B1846164748365N12001607WA0218902238
B1846174748372N12001603WA0218802237
B1846184748379N12001599WA0218602238
B1846194748385N12001595WA0218602239
B1846204748390N12001592WA0218502240
B1846214748394N12001590WA0218502241
B1846224748399N12001587WA0218502241
B1846234748403N12001584WA0218502241
B1846244748407N12001582WA0218502240
B1846254748412N12001579WA0218402238
B1846264748418N12001577WA0218302236
B1846274748423N12001574WA0218202234
B1846284748429N12001572WA0218102232
B1846294748434N12001569WA0218002231
B1846304748438N12001566WA0218002231
B1846314748443N12001561WA0217902230
B1846324748446N12001557WA0217802229
B1846334748450N12001553WA0217802227
B1846344748455N12001551WA0217602224
B1846354748460N12001549WA0217502221
B1846364748465N12001548WA0217302218
B1846374748471N12001547WA0217102215
B1846384748476N12001545WA0216902214
B1846394748480N12001543WA0216802212
B1846404748485N12001541WA0216602210
B1846414748490N12001539WA0216402208
B1846424748496N12001536WA0216202205
B1846434748501N12001533WA0216002202
B1846444748507N12001531WA0215802199
B1846454748512N12001528WA0215602196
B1846464748517N12001526WA0215302193
B1846474748523N12001523WA0215102190
B1846484748529N12001520WA0214802187
B1846494748535N12001517WA0214602184
B1846504748540N12001513WA0214402183
B1846514748546N12001510WA0214202182
B1846524748551N12001507WA0214002181
B1846534748556N12001505WA0213902182
B1846544748561N12001503WA0213802183
B1846554748566N12001501WA0213702186
B1846564748572N12001498WA0213702189
B1846574748577N12001495WA0213802192
B1846584748582N12001492WA0213902196
B1846594748587N12001490WA0213902199
B1847004748592N12001488WA0214102202
B1847014748597N12001486WA0214202205
B1847024748602N12001485WA0214402208
B1847034748606N12001485WA0214502210
B1847044748612N12001485WA0214702212
B1847054748618N12001483WA0214802214
B1847064748624N12001479WA0214902215
B1847074748629N12001471WA0215102216
B1847084748633N12001460WA0215202217
B1847094748634N12001448WA0215302217
B1847104748632N12001436WA0215402218
B1847114748628N12001426WA0215502219
B1847124748624N12001420WA0215602221
B1847134748619N12001416WA0215702224
B1847144748615N12001413WA0215902225
B1847154748610N12001413WA0216002224
B1847164748604N12001415WA0216102223
B1847174748599N12001418WA0216102222
B1847184748596N12001424WA0216202222
B1847194748596N12001430WA0216202224
B1847204748597N12001435WA0216402226
B1847214748600N12001441WA0216502227
B1847224748603N12001446WA0216602228
B1847234748606N12001451WA0216702230
B1847244748608N12001456WA0216902234
B1847254748610N12001460WA0217002238
B1847264748610N12001463WA0217302242
B1847274748611N12001467WA0217502245
B1847284748612N12001472WA0217702246
B1847294748613N12001477WA0217802246
B1847304748615N12001480WA0218002246
B1847314748618N12001482WA0218102246
B1847324748622N12001483WA0218302246
B1847334748626N12001483WA0218302245
B1847344748632N12001483WA0218402245
B1847354748637N12001482WA0218502246
B1847364748642N12001480WA0218502246
B1847374748647N12001476WA0218602247
B1847384748652N12001472WA0218702246
B1847394748657N12001468WA0218702245
B1847404748664N12001464WA0218702243
B1847414748672N12001459WA0218602241
B1847424748680N12001452WA0218602241
B1847434748685N12001446WA0218602244
B1847444748689N12001441WA0218702249
B1847454748691N12001437WA0218802253
B1847464748694N12001434WA0219002254
B1847474748697N12001428WA0219102254
B1847484748702N12001421WA0219202251
B1847494748707N12001411WA0219102249
B1847504748712N12001401WA0219102248
B1847514748714N12001391WA0219202251
B1847524748716N12001382WA0219302254
B1847534748717N12001375WA0219402257
B1847544748718N12001368WA0219502257
B1847554748720N12001360WA0219602256
B1847564748721N12001350WA0219602254
B1847574748721N12001340WA0219602252
B1847584748719N12001329WA0219502251
B1847594748716N12001320WA0219502251
B1848004748712N12001313WA0219502253
B1848014748709N12001308WA0219502256
B1848024748705N12001305WA0219602259
B1848034748703N12001301WA0219702261
B1848044748700N12001297WA0219902263
B1848054748696N12001291WA0220002264
B1848064748691N12001286WA0220102264
B1848074748687N12001284WA0220102265
B1848084748681N12001283WA0220202266
B1848094748676N12001285WA0220302266
B1848104748671N12001288WA0220302266
B1848114748666N12001289WA0220402268
B1848124748662N12001291WA0220602271
B1848134748660N12001292WA0220702274
B1848144748659N12001295WA0220902276
B1848154748659N12001299WA0221002275
B1848164748659N12001305WA0221102274
B1848174748659N12001311WA0221102274
B1848184748659N12001316WA0221202276
B1848194748661N12001320WA0221302278
B1848204748663N12001322WA0221402280
B1848214748665N12001325WA0221502280
B1848224748668N12001327WA0221602280
B1848234748671N12001331WA0221702279
B1848244748673N12001337WA0221702278
B1848254748675N12001343WA0221702277
B1848264748677N12001348WA0221802278
B1848274748678N12001353WA0221802280
B1848284748679N12001357WA0221902282
B1848294748680N12001361WA0222002283
B1848304748679N12001367WA0222102283
B1848314748679N12001373WA0222102283
B1848324748678N12001380WA0222102284
B1848334748677N12001385WA0222202284
B1848344748677N12001389WA0222302286
B1848354748677N12001393WA0222402287
B1848364748677N12001398WA0222502285
B1848374748678N12001404WA0222502283
B1848384748678N12001412WA0222402279
B1848394748679N12001418WA0222302277
B1848404748679N12001424WA0222302277
B1848414748679N12001428WA0222302278
B1848424748679N12001433WA0222302279
B1848434748678N12001437WA0222302279
B1848444748676N12001442WA0222202278
B1848454748673N12001446WA0222202276
B1848464748671N12001450WA0222102274
B1848474748668N12001453WA0222002272
B1848484748666N12001457WA0221902270
B1848494748664N12001462WA0221802267
B1848504748662N12001467WA0221602264
B1848514748661N12001472WA0221502261
B1848524748659N12001478WA0221202258
B1848534748658N12001483WA0221102256
B1848544748656N12001489WA0220802254
B1848554748656N12001495WA0220702252
B1848564748655N12001500WA0220502250
B1848574748656N12001506WA0220302247
B1848584748656N12001512WA0220102245
B1848594748658N12001518WA0219902242
B1849004748659N12001523WA0219602240
B1849014748661N12001529WA0219402238
B1849024748663N12001534WA0219202236
B1849034748665N12001539WA0219002235
B1849044748667N12001544WA0218802233
B1849054748668N12001549WA0218602232
B1849064748669N12001555WA0218402230
B1849074748669N12001561WA0218302227
B1849084748668N12001567WA0218002226
B1849094748668N12001574WA0217902224
B1849104748669N12001580WA0217702223
B1849114748669N12001586WA0217502222
B1849124748669N12001592WA0217302221
B1849134748668N12001598WA0217202219
B1849144748666N12001605WA0217002217
B1849154748665N12001611WA0216902216
B1849164748664N12001618WA0216702215
B1849174748662N12001625WA0216602214
B1849184748661N12001632WA0216402213
B1849194748660N12001639WA0216302212
B1849204748659N12001646WA0216202211
B1849214748658N12001654WA0216102210
B1849224748657N12001661WA0216002210
B1849234748656N12001669WA0215902210
B1849244748656N12001676WA0215802210
B1849254748656N12001683WA0215802212
B1849264748655N12001688WA0215802213
B1849274748655N12001694WA0215802214
B1849284748655N12001701WA0215702214
B1849294748656N12001708WA0215702214
B1849304748656N12001716WA0215702214
B1849314748656N12001724WA0215702214
B1849324748657N12001731WA0215702214
B1849334748657N12001738WA0215702215
B1849344748658N12001746WA0215702216
B1849354748658N12001753WA0215802217
B1849364748659N12001760WA0215802219
B1849374748661N12001768WA0215902220
B1849384748663N12001775WA0215902221
B1849394748667N12001781WA0216002223
B1849404748671N12001787WA0216102224
B1849414748675N12001790WA0216102226
B1849424748680N12001791WA0216302228
B1849434748685N12001791WA0216402229
B1849444748691N12001788WA0216502230
B1849454748696N12001784WA0216602230
B1849464748701N12001778WA0216702231
B1849474748703N12001770WA0216802231
B1849484748703N12001760WA0216802230
B1849494748701N12001750WA0216802228
B1849504748698N12001741WA0216802227
B1849514748694N12001734WA0216802227
B1849524748689N12001730WA0216802227
B1849534748683N12001728WA0216802228
B1849544748678N12001727WA0216902228
B1849554748673N12001728WA0216902228
B1849564748667N12001730WA0216902228
B1849574748662N12001733WA0216902228
B1849584748658N12001738WA0216902228
B1849594748655N12001744WA0216902229
B1850004748653N12001750WA0217002230
B1850014748651N12001758WA0217002231
B1850024748651N12001766WA0217102232
B1850034748653N12001774WA0217102232
B1850044748655N12001782WA0217202233
B1850054748659N12001788WA0217202235
B1850064748664N12001792WA0217302236
B1850074748670N12001794WA0217402238
B1850084748676N12001794WA0217502238
B1850094748682N12001792WA0217502239
B1850104748688N12001788WA0217602240
B1850114748693N12001785WA0217702242
B1850124748698N12001781WA0217902245
B1850134748702N12001776WA0218002247
B1850144748706N12001771WA0218202249
B1850154748709N12001764WA0218302249
B1850164748711N12001756WA0218402247
B1850174748711N12001745WA0218402245
B1850184748709N12001734WA0218402243
B1850194748705N12001725WA0218402242
B1850204748700N12001718WA0218402242
B1850214748695N12001714WA0218402243
B1850224748689N12001712WA0218402243
B1850234748683N12001711WA0218402243
B1850244748677N12001711WA0218502243
B1850254748671N12001711WA0218502244
B1850264748666N12001712WA0218502245
B1850274748661N12001714WA0218602246
B1850284748656N12001718WA0218602246
B1850294748652N12001724WA0218702246
B1850304748647N12001730WA0218702246
B1850314748643N12001735WA0218702248
B1850324748640N12001741WA0218802250
B1850334748637N12001745WA0218902250
B1850344748634N12001751WA0218902250
B1850354748630N12001756WA0219002248
B1850364748626N12001763WA0218902245
B1850374748621N12001770WA0218902244
B1850384748618N12001777WA0218802246
B1850394748617N12001785WA0218902247
B1850404748618N12001793WA0218902247
B1850414748619N12001801WA0218902246
B1850424748620N12001809WA0218802245
B1850434748619N12001818WA0218802244
B1850444748617N12001826WA0218802242
B1850454748615N12001834WA0218702242
B1850464748614N12001842WA0218702242
B1850474748615N12001851WA0218702242
B1850484748615N12001859WA0218602242
B1850494748616N12001867WA0218602242
B1850504748618N12001875WA0218602243
B1850514748621N12001881WA0218602242
B1850524748626N12001886WA0218502240
B1850534748633N12001888WA0218502238
B1850544748640N12001888WA0218302236
B1850554748647N12001886WA0218302235
B1850564748653N12001883WA0218202234
B1850574748659N12001879WA0218102235
B1850584748664N12001875WA0218102235
B1850594748668N12001870WA0218102235
B1851004748673N12001865WA0218002234
B1851014748677N12001860WA0218002234
B1851024748681N12001854WA0218002234
B1851034748684N12001846WA0217902233
B1851044748685N12001837WA0217802233
B1851054748685N12001827WA0217802234
B1851064748682N12001819WA0217802236
B1851074748679N12001813WA0217802237
B1851084748675N12001809WA0217902239
B1851094748670N12001808WA0217902240
B1851104748665N12001809WA0218002241
B1851114748660N12001812WA0218002241
B1851124748656N12001817WA0218102241
B1851134748653N12001824WA0218102241
B1851144748651N12001832WA0218102240
B1851154748651N12001840WA0218102239
B1851164748651N12001849WA0218102238
B1851174748653N12001858WA0218102238
B1851184748655N12001866WA0218102237
B1851194748658N12001874WA0218102236
B1851204748662N12001883WA0218002234
B1851214748668N12001890WA0217902233
B1851224748674N12001896WA0217902232
B1851234748681N12001899WA0217802233
B1851244748687N12001899WA0217802233
B1851254748693N12001897WA0217802233
B1851264748698N12001894WA0217802232
B1851274748704N12001892WA0217702232
B1851284748709N12001890WA0217702232
B1851294748714N12001888WA0217702232
B1851304748719N12001886WA0217702232
B1851314748725N12001886WA0217702232
B1851324748730N12001885WA0217702232
B1851334748736N12001886WA0217702233
B1851344748742N12001886WA0217702232
B1851354748748N12001887WA0217602232
B1851364748754N12001889WA0217602231
B1851374748760N12001890WA0217602230
B1851384748767N12001893WA0217502229
B1851394748773N12001896WA0217502228
B1851404748780N12001899WA0217402228
B1851414748786N12001902WA0217302228
B1851424748792N12001904WA0217302228
B1851434748798N12001906WA0217302229
B1851444748803N12001909WA0217302229
B1851454748809N12001914WA0217302228
B1851464748814N12001921WA0217202227
B1851474748820N12001927WA0217202225
B1851484748826N12001933WA0217102224
B1851494748833N12001938WA0217002223
B1851504748839N12001942WA0217002224
B1851514748845N12001945WA0216902224
B1851524748850N12001947WA0216902224
B1851534748855N12001947WA0216902223
B1851544748860N12001945WA0216802219
B1851554748866N12001940WA0216702215
B1851564748870N12001933WA0216502210
B1851574748874N12001925WA0216302205
B1851584748875N12001915WA0215902200
B1851594748874N12001905WA0215702196
B1852004748871N12001897WA0215402193
B1852014748868N12001890WA0215202193
B1852024748865N12001885WA0215002193
B1852034748862N12001880WA0214902193
B1852044748860N12001874WA0214702192
B1852054748857N12001868WA0214502190
B1852064748854N12001861WA0214302188
B1852074748850N12001855WA0214202187
B1852084748847N12001849WA0214002186
B1852094748843N12001845WA0213902186
B1852104748840N12001841WA0213802187
B1852114748838N12001837WA0213702186
B1852124748835N12001832WA0213602185
B1852134748832N12001825WA0213502183
B1852144748829N12001819WA0213302182
B1852154748827N12001812WA0213302181
B1852164748825N12001806WA0213202181
B1852174748823N12001800WA0213102180
B1852184748821N12001793WA0213002179
B1852194748819N12001787WA0212902178
B1852204748817N12001780WA0212802177
B1852214748815N12001774WA0212702176
B1852224748812N12001767WA0212502174
B1852234748809N12001760WA0212402172
B1852244748805N12001753WA0212302171
B1852254748801N12001747WA0212202170
B1852264748798N12001741WA0212102170
B1852274748795N12001735WA0212002170
B1852284748793N12001729WA0211902170
B1852294748791N12001722WA0211902169
B1852304748789N12001715WA0211802169
B1852314748787N12001707WA0211702169
B1852324748784N12001700WA0211702168
B1852334748782N12001692WA0211602169
B1852344748779N12001685WA0211602169
B1852354748776N12001677WA0211602170
B1852364748773N12001670WA0211502171
B1852374748770N12001663WA0211502172
B1852384748767N12001655WA0211602172
B1852394748764N12001647WA0211602172
B1852404748761N12001638WA0211602173
B1852414748758N12001629WA0211602173
B1852424748755N12001621WA0211602174
B1852434748753N12001613WA0211702175
B1852444748750N12001604WA0211702175
B1852454748747N12001595WA0211702176
B1852464748743N12001586WA0211802177
B1852474748739N12001580WA0211802178
B1852484748735N12001577WA0211902180
B1852494748730N12001576WA0211902181
B1852504748725N12001575WA0212002181
B1852514748720N12001575WA0212102182
B1852524748715N12001576WA0212102182
B1852534748711N12001577WA0212202184
B1852544748708N12001579WA0212302186
B1852554748706N12001582WA0212402188
B1852564748705N12001586WA0212502189
B1852574748704N12001590WA0212602190
B1852584748702N12001594WA0212802191
B1852594748700N12001597WA0212902192
B1853004748697N12001599WA0213002192
B1853014748694N12001601WA0213002193
B1853024748692N12001603WA0213102193
B1853034748689N12001606WA0213202193
B1853044748685N12001609WA0213202193
B1853054748682N12001613WA0213302194
B1853064748680N12001617WA0213402196
B1853074748679N12001620WA0213502199
B1853084748680N12001623WA0213602200
B1853094748680N12001626WA0213702200
B1853104748679N12001630WA0213802199
B1853114748677N12001637WA0213902197
B1853124748674N12001644WA0213802195
B1853134748671N12001651WA0213902197
B1853144748670N12001655WA0214002200
B1853154748670N12001659WA0214102204
B1853164748670N12001663WA0214202207
B1853174748670N12001668WA0214402210
B1853184748669N12001674WA0214602212
B1853194748669N12001681WA0214702214
B1853204748670N12001689WA0214902216
B1853214748673N12001695WA0215002219
B1853224748678N12001699WA0215202220
B1853234748684N12001700WA0215302221
B1853244748691N12001698WA0215402222
B1853254748696N12001693WA0215502223
B1853264748698N12001686WA0215702223
B1853274748699N12001677WA0215802220
B1853284748698N12001667WA0215802217
B1853294748696N12001659WA0215802216
B1853304748693N12001652WA0215802216
B1853314748688N12001647WA0215802218
B1853324748682N12001642WA0215902219
B1853334748675N12001640WA0215902220
B1853344748669N12001639WA0216002223
B1853354748664N12001640WA0216102226
B1853364748659N12001642WA0216302229
B1853374748655N12001645WA0216402231
B1853384748650N12001648WA0216602233
B1853394748646N12001652WA0216802235
B1853404748642N12001657WA0217002237
B1853414748638N12001661WA0217102239
B1853424748635N12001665WA0217302241
B1853434748631N12001670WA0217402243
B1853444748627N12001674WA0217602243
B1853454748623N12001679WA0217702243
B1853464748618N12001684WA0217802242
B1853474748614N12001691WA0217802242
B1853484748610N12001698WA0217902242
B1853494748607N12001705WA0218002243
B1853504748605N12001713WA0218102244
B1853514748604N12001719WA0218202245
B1853524748605N12001726WA0218302244
B1853534748606N12001733WA0218302242
B1853544748608N12001740WA0218302240
B1853554748610N12001747WA0218302238
B1853564748612N12001755WA0218202236
B1853574748614N12001763WA0218202234
B1853584748617N12001771WA0218102233
B1853594748620N12001778WA0218102233
B1854004748623N12001784WA0218102233
B1854014748626N12001789WA0218002234
B1854024748630N12001794WA0218002233
B1854034748634N12001797WA0218002233
B1854044748638N12001800WA0217902232
B1854054748643N12001802WA0217902231
B1854064748649N12001804WA0217802229
B1854074748654N12001805WA0217702227
B1854084748660N12001807WA0217602226
B1854094748666N12001807WA0217502226
B1854104748671N12001807WA0217402226
B1854114748676N12001806WA0217402226
B1854124748680N12001805WA0217302225
B1854134748685N12001802WA0217302224
B1854144748689N12001799WA0217202223
B1854154748694N12001794WA0217102221
B1854164748698N12001790WA0217002219
B1854174748702N12001785WA0216902218
B1854184748706N12001780WA0216802217
B1854194748709N12001775WA0216702215
B1854204748710N12001768WA0216502213
B1854214748711N12001761WA0216402210
B1854224748711N12001754WA0216202207
B1854234748711N12001746WA0216102205
B1854244748713N12001738WA0215902203
B1854254748715N12001731WA0215802202
B1854264748717N12001725WA0215602201
B1854274748718N12001719WA0215502201
B1854284748718N12001712WA0215402200
B1854294748716N12001705WA0215202198
B1854304748712N12001699WA0215002197
B1854314748708N12001693WA0214902197
B1854324748704N12001689WA0214802198
B1854334748700N12001687WA0214802199
B1854344748695N12001685WA0214702200
B1854354748690N12001683WA0214702200
B1854364748685N12001681WA0214602199
B1854374748678N12001679WA0214602198
B1854384748672N12001677WA0214502198
B1854394748665N12001675WA0214502199
B1854404748659N12001673WA0214502200
B1854414748654N12001673WA0214502202
B1854424748648N12001674WA0214502203
B1854434748642N12001675WA0214602204
B1854444748636N12001675WA0214602205
B1854454748630N12001675WA0214702205
B1854464748624N12001675WA0214702206
B1854474748617N12001676WA0214802206
B1854484748610N12001678WA0214802207
B1854494748604N12001681WA0214802207
B1854504748598N12001686WA0214902207
B1854514748593N12001692WA0214902208
B1854524748589N12001700WA0215002208
B1854534748587N12001709WA0215002207
B1854544748586N12001719WA0215002205
B1854554748587N12001728WA0215002204
B1854564748589N12001737WA0214902202
B1854574748592N12001745WA0214902201
B1854584748595N12001753WA0214802200
B1854594748600N12001760WA0214802199
B1855004748604N12001765WA0214702197
B1855014748609N12001769WA0214602196
B1855024748615N12001770WA0214502195
B1855034748620N12001770WA0214402194
B1855044748625N12001767WA0214302193
B1855054748629N12001764WA0214302192
B1855064748632N12001760WA0214202192
B1855074748635N12001757WA0214202192
B1855084748638N12001753WA0214102191
B1855094748641N12001749WA0214002191
B1855104748645N12001745WA0214002189
B1855114748649N12001740WA0213902188
B1855124748652N12001736WA0213802186
B1855134748656N12001731WA0213702185
B1855144748660N12001726WA0213602184
B1855154748663N12001720WA0213502183
B1855164748665N12001715WA0213402184
B1855174748667N12001710WA0213402185
B1855184748669N12001706WA0213302184
B1855194748671N12001702WA0213302184
B1855204748673N12001696WA0213202182
B1855214748675N12001690WA0213202180
B1855224748676N12001683WA0213002180
B1855234748676N12001675WA0213002179
B1855244748676N12001667WA0212902178
B1855254748674N12001660WA0212802179
B1855264748672N12001654WA0212802180
B1855274748669N12001649WA0212802183
B1855284748666N12001644WA0212902184
B1855294748662N12001640WA0212902186
B1855304748659N12001635WA0212902187
B1855314748655N12001631WA0213002188
B1855324748650N12001627WA0213002188
B1855334748645N12001626WA0213002188
B1855344748639N12001626WA0213002189
B1855354748634N12001627WA0213102190
B1855364748628N12001630WA0213202192
B1855374748623N12001635WA0213302193
B1855384748619N12001643WA0213302194
B1855394748617N12001652WA0213402195
B1855404748617N12001662WA0213402195
B1855414748618N12001671WA0213502197
B1855424748622N12001677WA0213602197
B1855434748627N12001683WA0213602196
B1855444748633N12001687WA0213702195
B1855454748639N12001692WA0213702194
B1855464748645N12001695WA0213702195
B1855474748650N12001697WA0213702195
B1855484748657N12001697WA0213702195
B1855494748663N12001695WA0213702194
B1855504748669N12001691WA0213702194
B1855514748674N12001686WA0213802195
B1855524748678N12001680WA0213802196
B1855534748680N12001675WA0213902198
B1855544748682N12001670WA0214002199
B1855554748683N12001664WA0214002199
B1855564748683N12001658WA0214102198
B1855574748682N12001652WA0214102197
B1855584748679N12001644WA0214102196
B1855594748676N12001638WA0214002195
B1856004748671N12001633WA0214002195
B1856014748665N12001630WA0214002195
B1856024748660N12001631WA0214002196
B1856034748654N12001634WA0214002196
B1856044748649N12001639WA0214002196
B1856054748645N12001646WA0214002196
B1856064748642N12001653WA0214002197
B1856074748641N12001661WA0214002198
B1856084748641N12001669WA0214102198
B1856094748643N12001678WA0214102197
B1856104748645N12001686WA0214002196
B1856114748648N12001693WA0214002196
B1856124748653N12001699WA0214002195
B1856134748658N12001702WA0214002195
B1856144748664N12001703WA0214002194
B1856154748669N12001700WA0213902194
B1856164748674N12001696WA0213902195
B1856174748677N12001691WA0213902196
B1856184748678N12001685WA0214002197
B1856194748678N12001680WA0214002197
B1856204748678N12001673WA0214002196
B1856214748678N12001666WA0214002195
B1856224748677N12001659WA0214002194
B1856234748676N12001650WA0213902192
B1856244748673N12001643WA0213902192
B1856254748670N12001636WA0213902192
B1856264748666N12001630WA0213902193
B1856274748662N12001625WA0213902194
B1856284748657N12001621WA0213902194
B1856294748651N12001617WA0213902194
B1856304748646N12001615WA0213902195
B1856314748640N12001616WA0213802194
B1856324748634N12001618WA0213802194
B1856334748630N12001622WA0213802194
B1856344748626N12001627WA0213902195
B1856354748623N12001633WA0213902195
B1856364748620N12001639WA0213902194
B1856374748617N12001647WA0213902193
B1856384748615N12001655WA0213902192
B1856394748613N12001664WA0213802191
B1856404748611N12001673WA0213702189
B1856414748608N12001683WA0213702187
B1856424748606N12001693WA0213602187
B1856434748603N12001703WA0213502187
B1856444748600N12001712WA0213502187
B1856454748598N12001721WA0213502187
B1856464748597N12001729WA0213402188
B1856474748596N12001738WA0213402188
B1856484748595N12001747WA0213402189
B1856494748594N12001755WA0213402189
B1856504748594N12001764WA0213402189
B1856514748594N12001772WA0213402188
B1856524748593N12001781WA0213402187
B1856534748593N12001789WA0213402186
B1856544748594N12001798WA0213302184
B1856554748595N12001806WA0213202182
B1856564748597N12001812WA0213102181
B1856574748601N12001817WA0213002179
B1856584748606N12001819WA0212902177
B1856594748611N12001822WA0212802175
B1857004748616N12001823WA0212602171
B1857014748622N12001825WA0212502169
B1857024748627N12001827WA0212302166
B1857034748631N12001830WA0212102163
B1857044748634N12001835WA0211902161
B1857054748636N12001840WA0211702159
B1857064748637N12001845WA0211502157
B1857074748638N12001851WA0211302155
B1857084748639N12001856WA0211102153
B1857094748640N12001862WA0210902152
B1857104748641N12001867WA0210702151
B1857114748642N12001873WA0210602150
B1857124748642N12001879WA0210402148
B1857134748641N12001886WA0210202146
B1857144748640N12001893WA0210002144
B1857154748640N12001900WA0209902144
B1857164748640N12001906WA0209702144
B1857174748639N12001911WA0209702145
B1857184748639N12001916WA0209602144
B1857194748638N12001921WA0209502144
B1857204748638N12001927WA0209402143
B1857214748638N12001933WA0209302142
B1857224748638N12001939WA0209102140
B1857234748638N12001947WA0209002137
B1857244748639N12001955WA0208802135
B1857254748639N12001964WA0208602132
B1857264748640N12001973WA0208402130
B1857274748640N12001982WA0208202129
B1857284748640N12001990WA0208002129
B1857294748641N12001997WA0207902128
B1857304748641N12002005WA0207702127
B1857314748641N12002012WA0207602126
B1857324748642N12002020WA0207402124
B1857334748642N12002028WA0207302121
B1857344748642N12002036WA0207102119
B1857354748641N12002044WA0206902116
B1857364748640N12002052WA0206702114
B1857374748639N12002060WA0206502111
B1857384748638N12002068WA0206202109
B1857394748636N12002076WA0206102107
B1857404748635N12002084WA0205802104
B1857414748634N12002092WA0205702102
B1857424748633N12002101WA0205402099
B1857434748632N12002110WA0205202097
B1857444748631N12002118WA0204902094
B1857454748631N12002127WA0204802092
B1857464748630N12002135WA0204502090
B1857474748630N12002143WA0204302089
B1857484748630N12002151WA0204102088
B1857494748629N12002158WA0204002086
B1857504748629N12002165WA0203802085
B1857514748627N12002172WA0203702082
B1857524748625N12002179WA0203402079
B1857534748624N12002188WA0203202075
B1857544748622N12002197WA0202902072
B1857554748621N12002206WA0202702069
B1857564748620N12002214WA0202402068
B1857574748620N12002221WA0202302068
B1857584748620N12002227WA0202102067
B1857594748620N12002234WA0202002066
B1858004748620N12002240WA0201902065
B1858014748620N12002246WA0201802065
B1858024748620N12002251WA0201702066
B1858034748619N12002255WA0201602066
B1858044748619N12002258WA0201602067
B1858054748619N12002262WA0201602066
B1858064748619N12002266WA0201502064
B1858074748619N12002271WA0201402062
B1858084748619N12002276WA0201302060
B1858094748619N12002282WA0201202058
B1858104748619N12002287WA0201002057
B1858114748619N12002291WA0201002058
B1858124748620N12002294WA0200902058
B1858134748620N12002297WA0200902059
B1858144748620N12002301WA0200802058
B1858154748619N12002305WA0200802057
B1858164748619N12002309WA0200602055
B1858174748620N12002314WA0200602054
B1858184748620N12002318WA0200502053
B1858194748620N12002321WA0200402053
B1858204748621N12002325WA0200402052
B1858214748621N12002329WA0200302051
B1858224748621N12002333WA0200202050
B1858234748622N12002338WA0200102049
B1858244748622N12002342WA0200002047
B1858254748623N12002346WA0199902046
B1858264748623N12002349WA0199802045
B1858274748624N12002352WA0199702043
B1858284748624N12002356WA0199602041
B1858294748624N12002359WA0199502039
B1858304748625N12002364WA0199202035
B1858314748625N12002371WA0199002031
B1858324748626N12002378WA0198702028
B1858334748626N12002385WA0198502025
B1858344748627N12002391WA0198302024
B1858354748627N12002396WA0198202024
B1858364748627N12002401WA0198002024
B1858374748627N12002405WA0197902023
B1858384748627N12002410WA0197702022
B1858394748627N12002416WA0197602020
B1858404748627N12002422WA0197302018
B1858414748627N12002428WA0197202016
B1858424748627N12002433WA0197102016
B1858434748627N12002439WA0197002015
B1858444748627N12002444WA0196802013
B1858454748627N12002450WA0196702011
B1858464748627N12002456WA0196502009
B1858474748628N12002462WA0196302006
B1858484748629N12002467WA0196202005
B1858494748630N12002472WA0196102005
B1858504748631N12002475WA0196002006
B1858514748632N12002480WA0195902005
B1858524748632N12002484WA0195802004
B1858534748633N12002490WA0195602001
B1858544748634N12002495WA0195501999
B1858554748635N12002500WA0195401998
B1858564748636N12002505WA0195201997
B1858574748636N12002509WA0195201996
B1858584748636N12002514WA0195001995
B1858594748636N12002519WA0194901993
B1859004748637N12002525WA0194701991
B1859014748637N12002530WA0194601991
B1859024748638N12002534WA0194501991
B1859034748639N12002538WA0194401991
B1859044748640N12002541WA0194301991
B1859054748640N12002545WA0194301990
B1859064748641N12002550WA0194101987
B1859074748642N12002555WA0194001984
B1859084748642N12002562WA0193701980
B1859094748643N12002568WA0193601978
B1859104748643N12002573WA0193401978
B1859114748643N12002577WA0193301978
B1859124748643N12002581WA0193201978
B1859134748643N12002585WA0193101977
B1859144748643N12002590WA0193001974
B1859154748643N12002595WA0192801971
B1859164748643N12002602WA0192601967
B1859174748643N12002608WA0192501965
B1859184748643N12002613WA0192201963
B1859194748643N12002618WA0192101962
B1859204748643N12002623WA0191901960
B1859214748644N12002627WA0191801958
B1859224748644N12002632WA0191601956
B1859234748645N12002638WA0191401953
B1859244748646N12002643WA0191201950
B1859254748648N12002648WA0191001947
B1859264748650N12002654WA0190701944
B1859274748652N12002660WA0190501942
B1859284748654N12002666WA0190301942
B1859294748655N12002670WA0190201942
B1859304748656N12002674WA0190101944
B1859314748657N12002677WA0190001946
B1859324748658N12002679WA0190001946
B1859334748660N12002682WA0189901946
B1859344748662N12002685WA0189901945
B1859354748665N12002688WA0189801944
B1859364748668N12002691WA0189701944
B1859374748670N12002695WA0189701945
B1859384748672N12002697WA0189701945
B1859394748675N12002698WA0189701946
B1859404748677N12002699WA0189701946
B1859414748679N12002701WA0189701944
B1859424748683N12002703WA0189601941
B1859434748686N12002706WA0189501939
B1859444748689N12002709WA0189401937
B1859454748692N12002711WA0189301936
B1859464748695N12002712WA0189301936
B1859474748697N12002713WA0189201935
B1859484748700N12002716WA0189101934
B1859494748703N12002719WA0189001933
B1859504748705N12002723WA0188901933
B1859514748706N12002727WA0188901933
B1859524748706N12002732WA0188801933
B1859534748705N12002736WA0188801933
B1859544748704N12002741WA0188801933
B1859554748702N12002746WA0188701932
B1859564748701N12002752WA0188601931
B1859574748699N12002758WA0188601931
B1859584748698N12002764WA0188501931
B1859594748697N12002769WA0188501931
B1900004748696N12002775WA0188501931
B1900014748696N12002780WA0188501931
B1900024748696N12002786WA0188401931
B1900034748696N12002793WA0188401931
B1900044748695N12002799WA0188401932
B1900054748694N12002804WA0188401933
B1900064748693N12002808WA0188401933
B1900074748693N12002813WA0188401933
B1900084748692N12002819WA0188401932
B1900094748692N12002825WA0188301931
B1900104748692N12002831WA0188301931
B1900114748692N12002837WA0188301931
B1900124748693N12002841WA0188301931
B1900134748693N12002845WA0188301931
B1900144748694N12002848WA0188301930
B1900154748695N12002852WA0188201929
B1900164748697N12002857WA0188101927
B1900174748700N12002861WA0188001925
B1900184748703N12002865WA0187901923
B1900194748706N12002868WA0187901922
B1900204748708N12002870WA0187801922
B1900214748712N12002870WA0187801921
B1900224748716N12002870WA0187701919
B1900234748721N12002868WA0187501916
B1900244748727N12002867WA0187301912
B1900254748733N12002864WA0187201910
B1900264748739N12002859WA0187001909
B1900274748743N12002852WA0186901909
B1900284748746N12002842WA0186801908
B1900294748747N12002831WA0186701906
B1900304748748N12002819WA0186501904
B1900314748747N12002807WA0186401902
B1900324748744N12002796WA0186201901
B1900334748741N12002786WA0186101899
B1900344748736N12002778WA0185901897
B1900354748731N12002771WA0185801896
B1900364748725N12002765WA0185701894
B1900374748719N12002760WA0185501892
B1900384748712N12002756WA0185401891
B1900394748705N12002753WA0185201890
B1900404748699N12002750WA0185101890
B1900414748693N12002748WA0185001889
B1900424748688N12002746WA0184901889
B1900434748682N12002745WA0184801888
B1900444748676N12002743WA0184701886
B1900454748669N12002743WA0184601885
B1900464748663N12002743WA0184401884
B1900474748657N12002745WA0184301883
B1900484748651N12002746WA0184201883
B1900494748646N12002748WA0184201883
B1900504748642N12002750WA0184101883
B1900514748639N12002753WA0184001882
B1900524748636N12002757WA0183901881
B1900534748634N12002762WA0183801880
B1900544748632N12002766WA0183801879
B1900554748629N12002770WA0183701879
B1900564748626N12002773WA0183701879
B1900574748623N12002775WA0183601878
B1900584748618N12002778WA0183601877
B1900594748615N12002781WA0183501876
B1901004748611N12002785WA0183401876
B1901014748608N12002789WA0183401877
B1901024748605N12002792WA0183401878
B1901034748602N12002796WA0183401879
B1901044748599N12002799WA0183301878
B1901054748596N12002804WA0183301876
B1901064748594N12002808WA0183201875
B1901074748591N12002814WA0183101874
B1901084748588N12002819WA0183101873
B1901094748586N12002824WA0183001874
B1901104748585N12002828WA0183001875
B1901114748585N12002833WA0183001874
B1901124748585N12002838WA0182901874
B1901134748585N12002843WA0182901872
B1901144748586N12002848WA0182801870
B1901154748587N12002853WA0182701868
B1901164748588N12002859WA0182601866
B1901174748589N12002864WA0182501865
B1901184748590N12002868WA0182401864
B1901194748592N12002872WA0182301862
B1901204748593N12002877WA0182101859
B1901214748595N12002883WA0182001857
B1901224748596N12002888WA0181801855
B1901234748597N12002893WA0181701855
B1901244748597N12002896WA0181601856
B1901254748598N12002899WA0181601856
B1901264748599N12002903WA0181501855
B1901274748600N12002907WA0181401853
B1901284748601N12002913WA0181201849
B1901294748603N12002919WA0181001845
B1901304748604N12002925WA0180801842
B1901314748605N12002930WA0180601839
B1901324748606N12002936WA0180301837
B1901334748606N12002942WA0180201835
B1901344748607N12002949WA0179901831
B1901354748607N12002956WA0179601828
B1901364748607N12002964WA0179301825
B1901374748607N12002970WA0179101823
B1901384748607N12002977WA0178901821
B1901394748607N12002983WA0178701819
B1901404748607N12002989WA0178401816
B1901414748607N12002996WA0178201813
B1901424748607N12003004WA0177901810
B1901434748608N12003012WA0177701806
B1901444748608N12003020WA0177401804
B1901454748608N12003028WA0177201802
B1901464748609N12003035WA0176901800
B1901474748609N12003042WA0176701799
B1901484748609N12003049WA0176401797
B1901494748610N12003056WA0176301794
B1901504748610N12003063WA0176001792
B1901514748610N12003071WA0175801790
B1901524748611N12003079WA0175601788
B1901534748611N12003087WA0175401786
B1901544748611N12003095WA0175101784
B1901554748611N12003102WA0175001783
B1901564748612N12003109WA0174801783
B1901574748614N12003116WA0174701783
B1901584748615N12003121WA0174501783
B1901594748616N12003127WA0174501783
B1902004748616N12003131WA0174401782
B1902014748614N12003136WA0174301781
B1902024748611N12003140WA0174201779
B1902034748609N12003144WA0174101778
B1902044748607N12003148WA0174001778
B1902054748607N12003153WA0173901778
B1902064748606N12003157WA0173901779
B1902074748605N12003161WA0173901780
B1902084748605N12003164WA0173901781
B1902094748604N12003168WA0173801780
B1902104748603N12003173WA0173801779
B1902114748601N12003178WA0173701777
B1902124748598N12003182WA0173601777
B1902134748595N12003183WA0173601776
B1902144748591N12003182WA0173501775
B1902154748587N12003179WA0173401774
B1902164748583N12003174WA0173401773
B1902174748579N12003168WA0173301772
B1902184748576N12003161WA0173201772
B1902194748573N12003155WA0173201771
B1902204748569N12003148WA0173101770
B1902214748566N12003141WA0173101770
B1902224748563N12003134WA0173001769
B1902234748560N12003126WA0172901769
B1902244748558N12003118WA0172901769
B1902254748555N12003110WA0172901769
B1902264748553N12003102WA0172801768
B1902274748550N12003093WA0172801766
B1902284748546N12003086WA0172701766
B1902294748543N12003079WA0172601764
B1902304748539N12003071WA0172501763
B1902314748536N12003061WA0172401761
B1902324748533N12003051WA0172401760
B1902334748530N12003041WA0172201759
B1902344748527N12003032WA0172101759
B1902354748524N12003025WA0172101758
B1902364748521N12003019WA0172001758
B1902374748518N12003013WA0172001756
B1902384748514N12003007WA0171801754
B1902394748510N12003000WA0171701751
B1902404748505N12002994WA0171501749
B1902414748500N12002989WA0171401747
B1902424748496N12002984WA0171201746
B1902434748491N12002979WA0171101745
B1902444748486N12002974WA0170901744
B1902454748481N12002969WA0170801743
B1902464748477N12002965WA0170701742
B1902474748472N12002961WA0170601740
B1902484748467N12002957WA0170401739
B1902494748462N12002953WA0170301738
B1902504748458N12002951WA0170201740
B1902514748454N12002949WA0170201744
B1902524748452N12002947WA0170301748
B1902534748451N12002945WA0170401750
B1902544748449N12002943WA0170501752
B1902554748445N12002941WA0170601751
B1902564748441N12002938WA0170601749
B1902574748436N12002935WA0170601749
B1902584748432N12002932WA0170601750
B1902594748428N12002929WA0170701753
B1903004748425N12002927WA0170801756
B1903014748422N12002926WA0170901758
B1903024748419N12002924WA0171001760
B1903034748415N12002922WA0171201762
B1903044748412N12002920WA0171301763
B1903054748409N12002918WA0171401765
B1903064748406N12002915WA0171501766
B1903074748402N12002913WA0171701767
B1903084748399N12002911WA0171801768
B1903094748395N12002908WA0171901770
B1903104748391N12002905WA0172001772
B1903114748387N12002902WA0172201775
B1903124748384N12002899WA0172401777
B1903134748381N12002898WA0172601780
B1903144748378N12002898WA0172701781
B1903154748376N12002900WA0172901783
B1903164748374N12002903WA0173101785
B1903174748374N12002908WA0173201786
B1903184748375N12002913WA0173401788
B1903194748379N12002919WA0173601790
B1903204748384N12002924WA0173701791
B1903214748390N12002928WA0173901792
B1903224748398N12002929WA0174001794
B1903234748406N12002927WA0174101794
B1903244748414N12002921WA0174201795
B1903254748419N12002912WA0174301795
B1903264748423N12002901WA0174401795
B1903274748424N12002891WA0174501796
B1903284748424N12002882WA0174601797
B1903294748422N12002875WA0174801799
B1903304748419N12002869WA0174901801
B1903314748416N12002865WA0175101803
B1903324748413N12002862WA0175201805
B1903334748410N12002860WA0175401807
B1903344748407N12002857WA0175501809
B1903354748403N12002853WA0175701811
B1903364748399N12002849WA0175801813
B1903374748396N12002844WA0176001816
B1903384748392N12002841WA0176101818
B1903394748389N12002839WA0176301822
B1903404748386N12002839WA0176501825
B1903414748384N12002840WA0176801828
B1903424748382N12002843WA0177001830
B1903434748382N12002846WA0177201832
B1903444748381N12002851WA0177401835
B1903454748382N12002856WA0177701837
B1903464748384N12002862WA0177801840
B1903474748388N12002867WA0178101842
B1903484748394N12002872WA0178201844
B1903494748401N12002874WA0178501845
B1903504748408N12002875WA0178701846
B1903514748416N12002872WA0178901847
B1903524748424N12002866WA0179001848
B1903534748432N12002857WA0179201848
B1903544748438N12002846WA0179201848
B1903554748442N12002834WA0179401848
B1903564748443N12002823WA0179501849
B1903574748442N12002812WA0179601850
B1903584748439N12002803WA0179701851
B1903594748436N12002796WA0179901851
B1904004748432N12002789WA0180001852
B1904014748428N12002784WA0180101854
B1904024748425N12002781WA0180201858
B1904034748423N12002778WA0180401862
B1904044748421N12002775WA0180601865
B1904054748419N12002773WA0180901867
B1904064748416N12002772WA0181001868
B1904074748413N12002772WA0181201868
B1904084748410N12002773WA0181301869
B1904094748408N12002778WA0181501869
B1904104748407N12002784WA0181601869
B1904114748409N12002792WA0181601870
B1904124748413N12002800WA0181701871
B1904134748419N12002805WA0181901873
B1904144748426N12002807WA0182001876
B1904154748434N12002806WA0182201878
B1904164748442N12002802WA0182301879
B1904174748449N12002795WA0182501880
B1904184748454N12002785WA0182601880
B1904194748458N12002774WA0182701880
B1904204748460N12002762WA0182801880
B1904214748460N12002751WA0182901882
B1904224748459N12002742WA0183001883
B1904234748456N12002735WA0183201884
B1904244748453N12002729WA0183201885
B1904254748450N12002723WA0183401887
B1904264748447N12002719WA0183501889
B1904274748444N12002716WA0183701891
B1904284748441N12002716WA0183801893
B1904294748438N12002717WA0183901894
B1904304748435N12002721WA0184001894
B1904314748434N12002726WA0184101894
B1904324748434N12002732WA0184201894
B1904334748435N12002739WA0184301895
B1904344748439N12002746WA0184301896
B1904354748444N12002751WA0184501899
B1904364748449N12002753WA0184601900
B1904374748456N12002755WA0184701902
B1904384748464N12002754WA0184801902
B1904394748472N12002751WA0184901902
B1904404748480N12002744WA0185001901
B1904414748487N12002735WA0185001901
B1904424748492N12002724WA0185001901
B1904434748495N12002712WA0185101901
B1904444748496N12002701WA0185101903
B1904454748495N12002691WA0185201903
B1904464748493N12002682WA0185301904
B1904474748491N12002673WA0185301906
B1904484748488N12002667WA0185401907
B1904494748485N12002661WA0185501908
B1904504748481N12002657WA0185601910
B1904514748478N12002654WA0185701912
B1904524748474N12002653WA0185801913
B1904534748471N12002652WA0186001914
B1904544748467N12002653WA0186001915
B1904554748464N12002655WA0186101915
B1904564748461N12002658WA0186201916
B1904574748459N12002663WA0186301917
B1904584748458N12002668WA0186401918
B1904594748458N12002674WA0186501919
B1905004748460N12002679WA0186601920
B1905014748463N12002684WA0186701923
B1905024748467N12002688WA0186801924
B1905034748472N12002691WA0186901924
B1905044748479N12002692WA0187001923
B1905054748486N12002692WA0187001921
B1905064748495N12002690WA0187001920
B1905074748503N12002685WA0187001918
B1905084748510N12002677WA0187001917
B1905094748516N12002667WA0187001917
B1905104748521N12002656WA0187001917
B1905114748523N12002645WA0187001918
B1905124748524N12002634WA0187001919
B1905134748523N12002624WA0187001920
B1905144748522N12002616WA0187101922
B1905154748520N12002609WA0187101923
B1905164748517N12002603WA0187201924
B1905174748514N12002599WA0187301925
B1905184748511N12002595WA0187301925
B1905194748507N12002593WA0187401925
B1905204748504N12002591WA0187401926
B1905214748500N12002590WA0187501927
B1905224748497N12002591WA0187501928
B1905234748494N12002594WA0187601929
B1905244748492N12002597WA0187701930
B1905254748491N12002602WA0187801932
B1905264748491N12002607WA0187801933
B1905274748493N12002613WA0187901934
B1905284748497N12002618WA0188001935
B1905294748503N12002622WA0188101934
B1905304748509N12002624WA0188101933
B1905314748517N12002623WA0188101931
B1905324748525N12002622WA0188101929
B1905334748532N12002618WA0188101927
B1905344748540N12002613WA0188001926
B1905354748547N12002605WA0188001925
B1905364748553N12002595WA0187901923
B1905374748558N12002583WA0187801921
B1905384748562N12002571WA0187801922
B1905394748564N12002559WA0187701923
B1905404748565N12002549WA0187701924
B1905414748565N12002539WA0187701926
B1905424748565N12002529WA0187801927
B1905434748564N12002521WA0187801928
B1905444748563N12002512WA0187801928
B1905454748560N12002505WA0187801928
B1905464748557N12002498WA0187801927
B1905474748553N12002493WA0187801927
B1905484748549N12002490WA0187801927
B1905494748546N12002487WA0187901927
B1905504748542N12002486WA0187901928
B1905514748539N12002486WA0187901928
B1905524748536N12002487WA0187901929
B1905534748533N12002488WA0187901930
B1905544748531N12002489WA0188001931
B1905554748528N12002489WA0188101932
B1905564748525N12002490WA0188101934
B1905574748523N12002491WA0188201935
B1905584748520N12002493WA0188301936
B1905594748517N12002496WA0188401937
B1906004748515N12002499WA0188401938
B1906014748514N12002502WA0188501940
B1906024748513N12002506WA0188601942
B1906034748514N12002511WA0188801944
B1906044748516N12002515WA0188901945
B1906054748519N12002521WA0189001946
B1906064748524N12002525WA0189101946
B1906074748530N12002528WA0189201947
B1906084748537N12002529WA0189301948
B1906094748545N12002527WA0189401948
B1906104748552N12002521WA0189401948
B1906114748559N12002514WA0189501948
B1906124748564N12002504WA0189501947
B1906134748568N12002492WA0189501947
B1906144748571N12002480WA0189601947
B1906154748572N12002469WA0189601948
B1906164748571N12002459WA0189701950
B1906174748570N12002450WA0189801952
B1906184748569N12002441WA0189901953
B1906194748567N12002432WA0189901953
B1906204748564N12002424WA0190001953
B1906214748561N12002417WA0190001952
B1906224748557N12002411WA0190001953
B1906234748552N12002408WA0190101954
B1906244748549N12002407WA0190201956
B1906254748546N12002408WA0190301958
B1906264748543N12002411WA0190301959
B1906274748542N12002416WA0190401960
B1906284748542N12002421WA0190501962
B1906294748542N12002427WA0190601963
B1906304748544N12002433WA0190701964
B1906314748548N12002439WA0190901965
B1906324748552N12002444WA0190901966
B1906334748558N12002448WA0191101967
B1906344748565N12002450WA0191201969
B1906354748572N12002450WA0191301970
B1906364748580N12002447WA0191401971
B1906374748587N12002442WA0191501973
B1906384748594N12002435WA0191601974
B1906394748600N12002426WA0191701974
B1906404748605N12002416WA0191801974
B1906414748608N12002404WA0191901974
B1906424748609N12002392WA0191901974
B1906434748609N12002381WA0192001975
B1906444748608N12002372WA0192101976
B1906454748606N12002363WA0192201978
B1906464748603N12002356WA0192301979
B1906474748600N12002350WA0192401980
B1906484748597N12002345WA0192401980
B1906494748593N12002340WA0192501981
B1906504748589N12002337WA0192601982
B1906514748586N12002334WA0192701983
B1906524748583N12002333WA0192801985
B1906534748580N12002333WA0192901987
B1906544748578N12002335WA0193001987
B1906554748577N12002339WA0193101985
B1906564748576N12002345WA0193101984
B1906574748576N12002352WA0193101982
B1906584748577N12002359WA0193101982
B1906594748579N12002365WA0193101983
B1907004748584N12002371WA0193101985
B1907014748589N12002375WA0193201986
B1907024748595N12002378WA0193201987
B1907034748601N12002380WA0193301989
B1907044748608N12002380WA0193401990
B1907054748615N12002379WA0193501991
B1907064748623N12002376WA0193601991
B1907074748630N12002370WA0193601991
B1907084748638N12002363WA0193701991
B1907094748644N12002354WA0193701992
B1907104748649N12002344WA0193801992
B1907114748651N12002333WA0193801992
B1907124748652N12002321WA0193901992
B1907134748652N12002310WA0193901992
B1907144748650N12002300WA0193901992
B1907154748648N12002292WA0194001993
B1907164748645N12002286WA0194001994
B1907174748642N12002282WA0194001994
B1907184748639N12002280WA0194101995
B1907194748636N12002278WA0194201996
B1907204748633N12002278WA0194201996
B1907214748630N12002278WA0194301995
B1907224748627N12002279WA0194301995
B1907234748625N12002281WA0194301994
B1907244748622N12002285WA0194301994
B1907254748621N12002289WA0194201993
B1907264748620N12002294WA0194301994
B1907274748620N12002299WA0194301994
B1907284748619N12002304WA0194301993
B1907294748619N12002310WA0194301992
B1907304748618N12002315WA0194201991
B1907314748616N12002321WA0194201991
B1907324748614N12002325WA0194201992
B1907334748612N12002329WA0194201994
B1907344748610N12002333WA0194201996
B1907354748608N12002337WA0194301996
B1907364748607N12002342WA0194301996
B1907374748605N12002347WA0194401996
B1907384748604N12002352WA0194401996
B1907394748604N12002357WA0194401997
B1907404748605N12002363WA0194501997
B1907414748608N12002369WA0194501998
B1907424748611N12002373WA0194501999
B1907434748617N12002376WA0194601999
B1907444748623N12002377WA0194601998
B1907454748630N12002377WA0194601997
B1907464748638N12002374WA0194601996
B1907474748644N12002369WA0194601997
B1907484748650N12002362WA0194601997
B1907494748655N12002353WA0194601996
B1907504748659N12002343WA0194601996
B1907514748661N12002333WA0194601995
B1907524748663N12002322WA0194601995
B1907534748663N12002311WA0194601996
B1907544748663N12002301WA0194601997
B1907554748661N12002292WA0194601999
B1907564748659N12002285WA0194702000
B1907574748656N12002279WA0194702001
B1907584748653N12002272WA0194802001
B1907594748650N12002266WA0194802002
B1908004748646N12002262WA0194802002
B1908014748641N12002259WA0194902002
B1908024748637N12002259WA0194902003
B1908034748634N12002260WA0195002004
B1908044748631N12002262WA0195002005
B1908054748629N12002265WA0195102006
B1908064748627N12002268WA0195102006
B1908074748625N12002273WA0195202006
B1908084748625N12002277WA0195202006
B1908094748624N12002283WA0195302007
B1908104748625N12002289WA0195302007
B1908114748627N12002295WA0195402007
B1908124748629N12002300WA0195402008
B1908134748633N12002305WA0195402008
B1908144748638N12002308WA0195502007
B1908154748644N12002310WA0195502006
B1908164748650N12002311WA0195402004
B1908174748657N12002311WA0195402003
B1908184748664N12002308WA0195402003
B1908194748670N12002303WA0195402003
B1908204748676N12002297WA0195302003
B1908214748681N12002289WA0195302003
B1908224748686N12002280WA0195302003
B1908234748689N12002270WA0195302004
B1908244748691N12002260WA0195302005
B1908254748693N12002249WA0195302006
B1908264748693N12002239WA0195402007
B1908274748692N12002229WA0195402008
B1908284748690N12002219WA0195502009
B1908294748687N12002211WA0195502010
B1908304748684N12002204WA0195502010
B1908314748680N12002199WA0195602011
B1908324748676N12002195WA0195602011
B1908334748673N12002193WA0195702011
B1908344748669N12002191WA0195702011
B1908354748664N12002190WA0195702011
B1908364748660N12002190WA0195702010
B1908374748656N12002191WA0195802010
B1908384748653N12002193WA0195802011
B1908394748650N12002197WA0195802011
B1908404748648N12002201WA0195902011
B1908414748646N12002206WA0195902010
B1908424748643N12002210WA0195902010
B1908434748641N12002215WA0195902010
B1908444748638N12002219WA0195902010
B1908454748636N12002223WA0195902011
B1908464748632N12002227WA0196002012
B1908474748629N12002230WA0196002013
B1908484748626N12002232WA0196102014
B1908494748622N12002234WA0196102014
B1908504748618N12002236WA0196102015
B1908514748614N12002238WA0196202015
B1908524748610N12002240WA0196202016
B1908534748606N12002241WA0196302017
B1908544748602N12002242WA0196302017
B1908554748599N12002244WA0196402017
B1908564748596N12002246WA0196402017
B1908574748593N12002250WA0196402016
B1908584748590N12002254WA0196502015
B1908594748588N12002259WA0196502015
B1909004748587N12002265WA0196502015
B1909014748587N12002272WA0196502015
B1909024748589N12002279WA0196502015
B1909034748593N12002285WA0196402014
B1909044748598N12002291WA0196402014
B1909054748605N12002294WA0196402014
B1909064748612N12002295WA0196402015
B1909074748619N12002294WA0196402015
B1909084748626N12002291WA0196402014
B1909094748632N12002287WA0196402014
B1909104748639N12002282WA0196402014
B1909114748645N12002276WA0196402014
B1909124748651N12002269WA0196402013
B1909134748657N12002262WA0196402013
B1909144748662N12002255WA0196402013
B1909154748667N12002248WA0196402013
B1909164748672N12002241WA0196402014
B1909174748676N12002233WA0196402013
B1909184748680N12002226WA0196402012
B1909194748685N12002219WA0196402011
B1909204748690N12002211WA0196302009
B1909214748695N12002204WA0196202007
B1909224748701N12002198WA0196202006
B1909234748706N12002192WA0196102005
B1909244748711N12002186WA0196002003
B1909254748717N12002180WA0195902002
B1909264748723N12002175WA0195902000
B1909274748730N12002171WA0195701999
B1909284748737N12002169WA0195601998
B1909294748743N12002167WA0195501998
B1909304748750N12002164WA0195501999
B1909314748756N12002160WA0195402000
B1909324748762N12002156WA0195402000
B1909334748768N12002150WA0195402001
B1909344748774N12002143WA0195402003
B1909354748778N12002134WA0195402005
B1909364748781N12002124WA0195402006
B1909374748782N12002113WA0195502007
B1909384748783N12002103WA0195502008
B1909394748782N12002093WA0195602010
B1909404748779N12002087WA0195602013
B1909414748775N12002084WA0195702014
B1909424748771N12002084WA0195802015
B1909434748767N12002085WA0195902015
B1909444748763N12002089WA0196002016
B1909454748761N12002095WA0196102017
B1909464748761N12002102WA0196102019
B1909474748762N12002108WA0196202020
B1909484748766N12002114WA0196302022
B1909494748770N12002117WA0196502024
B1909504748775N12002119WA0196602025
B1909514748782N12002119WA0196802026
B1909524748788N12002116WA0196802026
B1909534748795N12002110WA0196902026
B1909544748800N12002102WA0197002027
B1909554748804N12002092WA0197102028
B1909564748805N12002081WA0197102029
B1909574748804N12002071WA0197202031
B1909584748802N12002063WA0197302033
B1909594748799N12002057WA0197502036
B1910004748796N12002053WA0197602038
B1910014748792N12002052WA0197802040
B1910024748788N12002053WA0197902041
B1910034748784N12002055WA0198102041
B1910044748781N12002059WA0198102041
B1910054748779N12002064WA0198302042
B1910064748779N12002070WA0198302043
B1910074748781N12002076WA0198402043
B1910084748784N12002082WA0198502044
B1910094748789N12002086WA0198602045
B1910104748795N12002089WA0198702046
B1910114748801N12002089WA0198802048
B1910124748808N12002087WA0198902049
B1910134748815N12002083WA0199102051
B1910144748820N12002076WA0199102052
B1910154748823N12002066WA0199302053
B1910164748825N12002056WA0199302053
B1910174748825N12002046WA0199402054
B1910184748824N12002036WA0199502057
B1910194748823N12002029WA0199702060
B1910204748822N12002022WA0199902063
B1910214748819N12002017WA0200102064
B1910224748815N12002013WA0200202065
B1910234748811N12002011WA0200302064
B1910244748806N12002011WA0200402064
B1910254748802N12002013WA0200402064
B1910264748800N12002018WA0200502065
B1910274748799N12002023WA0200602066
B1910284748800N12002029WA0200702067
B1910294748802N12002034WA0200802068
B1910304748806N12002039WA0200902068
B1910314748811N12002043WA0201002069
B1910324748817N12002044WA0201102070
B1910334748824N12002044WA0201202072
B1910344748830N12002042WA0201302074
B1910354748835N12002037WA0201402076
B1910364748840N12002031WA0201502077
B1910374748844N12002024WA0201702077
B1910384748848N12002016WA0201802078
B1910394748852N12002007WA0201902079
B1910404748855N12001997WA0202002080
B1910414748856N12001988WA0202102082
B1910424748856N12001979WA0202202083
B1910434748854N12001970WA0202302084
B1910444748851N12001964WA0202402084
B1910454748846N12001959WA0202402084
B1910464748842N12001958WA0202502084
B1910474748838N12001958WA0202602084
B1910484748834N12001961WA0202602085
B1910494748832N12001965WA0202702085
B1910504748831N12001970WA0202702086
B1910514748831N12001976WA0202802086
B1910524748832N12001983WA0202902087
B1910534748835N12001989WA0203002087
B1910544748839N12001994WA0203002088
B1910554748844N12001999WA0203102089
B1910564748849N12002003WA0203202091
B1910574748856N12002005WA0203302093
B1910584748863N12002005WA0203402094
B1910594748869N12002001WA0203502094
B1911004748875N12001994WA0203502094
B1911014748879N12001985WA0203602094
B1911024748882N12001974WA0203602094
B1911034748882N12001962WA0203702094
B1911044748881N12001952WA0203702095
B1911054748880N12001944WA0203802097
B1911064748877N12001938WA0203902099
B1911074748873N12001935WA0204002099
B1911084748868N12001933WA0204002098
B1911094748864N12001934WA0204102098
B1911104748860N12001936WA0204102098
B1911114748857N12001940WA0204202100
B1911124748855N12001944WA0204202101
B1911134748855N12001949WA0204402102
B1911144748856N12001953WA0204402103
B1911154748858N12001959WA0204502103
B1911164748861N12001965WA0204602102
B1911174748865N12001972WA0204602102
B1911184748869N12001978WA0204602103
B1911194748874N12001982WA0204702104
B1911204748880N12001985WA0204802106
B1911214748887N12001985WA0204802106
B1911224748894N12001983WA0204902106
B1911234748901N12001978WA0205002107
B1911244748908N12001971WA0205002107
B1911254748912N12001962WA0205102107
B1911264748915N12001952WA0205102107
B1911274748915N12001940WA0205102106
B1911284748914N12001930WA0205102106
B1911294748911N12001923WA0205102107
B1911304748908N12001918WA0205102110
B1911314748905N12001916WA0205302111
B1911324748901N12001916WA0205302111
B1911334748896N12001917WA0205402111
B1911344748892N12001920WA0205402112
B1911354748889N12001925WA0205502113
B1911364748888N12001931WA0205502114
B1911374748887N12001939WA0205602114
B1911384748888N12001947WA0205602115
B1911394748890N12001954WA0205702117
B1911404748894N12001959WA0205802118
B1911414748900N12001962WA0205902119
B1911424748906N12001963WA0206002119
B1911434748913N12001962WA0206002118
B1911444748920N12001961WA0206102118
B1911454748926N12001957WA0206102118
B1911464748932N12001951WA0206202117
B1911474748938N12001942WA0206102116
B1911484748942N12001931WA0206102115
B1911494748943N12001921WA0206102115
B1911504748943N12001910WA0206102115
B1911514748941N12001901WA0206102115
B1911524748938N12001893WA0206102115
B1911534748935N12001887WA0206102116
B1911544748931N12001881WA0206202117
B1911554748928N12001877WA0206202119
B1911564748925N12001873WA0206302120
B1911574748921N12001870WA0206402122
B1911584748918N12001867WA0206402122
B1911594748914N12001866WA0206502122
B1912004748910N12001865WA0206502122
B1912014748906N12001867WA0206502121
B1912024748903N12001870WA0206502121
B1912034748899N12001872WA0206602122
B1912044748896N12001873WA0206602122
B1912054748893N12001873WA0206602122
B1912064748889N12001872WA0206702121
B1912074748885N12001871WA0206602119
B1912084748879N12001869WA0206602116
B1912094748874N12001866WA0206502114
B1912104748869N12001864WA0206402113
B1912114748864N12001862WA0206302113
B1912124748859N12001861WA0206302113
B1912134748854N12001861WA0206202113
B1912144748849N12001860WA0206202112
B1912154748843N12001858WA0206102111
B1912164748838N12001856WA0206002109
B1912174748832N12001855WA0205902109
B1912184748827N12001853WA0205802108
B1912194748822N12001853WA0205802108
B1912204748817N12001854WA0205702108
B1912214748812N12001855WA0205702108
B1912224748808N12001857WA0205602107
B1912234748804N12001860WA0205602107
B1912244748800N12001863WA0205502108
B1912254748797N12001865WA0205602110
B1912264748794N12001868WA0205602111
B1912274748792N12001870WA0205602111
B1912284748789N12001872WA0205602111
B1912294748787N12001876WA0205702111
B1912304748785N12001879WA0205702111
B1912314748784N12001883WA0205702112
B1912324748783N12001887WA0205702112
B1912334748783N12001891WA0205702111
B1912344748783N12001896WA0205702111
B1912354748782N12001902WA0205702110
B1912364748782N12001908WA0205702111
B1912374748783N12001913WA0205702111
B1912384748783N12001917WA0205802112
B1912394748783N12001922WA0205802112
B1912404748783N12001928WA0205802111
B1912414748784N12001933WA0205702109
B1912424748785N12001939WA0205702106
B1912434748787N12001946WA0205502104
B1912444748789N12001952WA0205502102
B1912454748791N12001958WA0205302101
B1912464748791N12001962WA0205302101
B1912474748789N12001966WA0205202101
B1912484748787N12001968WA0205102100
B1912494748784N12001970WA0205002099
B1912504748781N12001971WA0205002097
B1912514748778N12001972WA0204902095
B1912524748773N12001970WA0204802093
B1912534748768N12001965WA0204602091
B1912544748763N12001957WA0204502088
B1912554748759N12001946WA0204202086
B1912564748756N12001934WA0204102087
B1912574748755N12001924WA0204002088
B1912584748754N12001913WA0204002089
B1912594748753N12001903WA0203902090
B1913004748751N12001893WA0203902090
B1913014748750N12001883WA0203902089
B1913024748749N12001872WA0203802087
B1913034748748N12001860WA0203702086
B1913044748747N12001849WA0203702084
B1913054748746N12001838WA0203502082
B1913064748744N12001827WA0203502081
B1913074748742N12001815WA0203302079
B1913084748740N12001804WA0203202076
B1913094748738N12001791WA0203102074
B1913104748736N12001779WA0202902073
B1913114748734N12001768WA0202802072
B1913124748732N12001758WA0202702072
B1913134748730N12001748WA0202602072
B1913144748727N12001739WA0202502071
B1913154748723N12001732WA0202402070
B1913164748718N12001727WA0202302069
B1913174748713N12001725WA0202202069
B1913184748709N12001726WA0202102069
B1913194748706N12001728WA0202002069
B1913204748704N12001732WA0202002069
B1913214748704N12001737WA0201902068
B1913224748706N12001741WA0201802066
B1913234748709N12001746WA0201702063
B1913244748713N12001750WA0201602060
B1913254748718N12001753WA0201402057
B1913264748723N12001756WA0201302055
B1913274748728N12001759WA0201102054
B1913284748733N12001761WA0201002053
B1913294748738N12001764WA0200902051
B1913304748743N12001766WA0200702049
B1913314748748N12001768WA0200602048
B1913324748753N12001771WA0200502046
B1913334748757N12001773WA0200302044
B1913344748762N12001776WA0200202042
B1913354748767N12001779WA0200002039
B1913364748772N12001781WA0199802036
B1913374748777N12001784WA0199602034
B1913384748783N12001787WA0199502032
B1913394748788N12001791WA0199302031
B1913404748793N12001795WA0199102030
B1913414748798N12001799WA0199002030
B1913424748803N12001803WA0198902030
B1913434748808N12001806WA0198802031
B1913444748812N12001810WA0198702032
B1913454748818N12001812WA0198702034
B1913464748823N12001814WA0198702036
B1913474748830N12001814WA0198702037
B1913484748837N12001812WA0198702037
B1913494748844N12001807WA0198702037
B1913504748850N12001800WA0198702037
B1913514748856N12001791WA0198702037
B1913524748861N12001781WA0198702037
B1913534748864N12001771WA0198702039
B1913544748865N12001760WA0198702040
B1913554748864N12001750WA0198702039
B1913564748861N12001740WA0198702037
B1913574748858N12001731WA0198702035
B1913584748853N12001725WA0198602034
B1913594748848N12001723WA0198502033
B1914004748843N12001723WA0198502031
B1914014748839N12001726WA0198402029
B1914024748835N12001731WA0198302028
B1914034748832N12001737WA0198202026
B1914044748830N12001743WA0198102026
B1914054748829N12001749WA0198102027
B1914064748829N12001754WA0198002028
B1914074748829N12001758WA0198002028
B1914084748828N12001763WA0198002028
B1914094748827N12001768WA0198002027
B1914104748825N12001774WA0198002028
B1914114748823N12001780WA0197902028
B1914124748822N12001785WA0198002030
B1914134748821N12001789WA0198002034
B1914144748820N12001793WA0198102037
B1914154748818N12001797WA0198202038
B1914164748815N12001799WA0198302038
B1914174748811N12001800WA0198302038
B1914184748807N12001798WA0198402038
B1914194748803N12001797WA0198502039
B1914204748800N12001797WA0198502040
B1914214748797N12001799WA0198602040
B1914224748794N12001803WA0198602040
B1914234748793N12001810WA0198602039
B1914244748793N12001817WA0198602038
B1914254748794N12001824WA0198602037
B1914264748799N12001830WA0198602035
B1914274748805N12001834WA0198502032
B1914284748813N12001835WA0198402028
B1914294748821N12001833WA0198202025
B1914304748828N12001830WA0198102025
B1914314748833N12001825WA0198002025
B1914324748838N12001819WA0198002024
B1914334748842N12001811WA0197902022
B1914344748844N12001802WA0197802020
B1914354748846N12001793WA0197602017
B1914364748848N12001783WA0197502015
B1914374748848N12001772WA0197302012
B1914384748849N12001760WA0197202010
B1914394748849N12001749WA0197002009
B1914404748849N12001737WA0196902008
B1914414748849N12001726WA0196702009
B1914424748849N12001716WA0196602010
B1914434748849N12001706WA0196602011
B1914444748849N12001697WA0196502012
B1914454748848N12001688WA0196502014
B1914464748847N12001679WA0196502016
B1914474748845N12001672WA0196602017
B1914484748841N12001666WA0196602017
B1914494748837N12001660WA0196602017
B1914504748832N12001656WA0196602016
B1914514748827N12001655WA0196502016
B1914524748822N12001657WA0196502016
B1914534748818N12001662WA0196502016
B1914544748816N12001669WA0196502016
B1914554748814N12001676WA0196502016
B1914564748812N12001682WA0196502017
B1914574748810N12001687WA0196602019
B1914584748807N12001692WA0196602021
B1914594748804N12001695WA0196702023
B1915004748800N12001698WA0196802025
B1915014748795N12001698WA0196902026
B1915024748790N12001695WA0197002027
B1915034748785N12001689WA0197102027
B1915044748782N12001681WA0197102027
B1915054748781N12001672WA0197202029
B1915064748782N12001664WA0197302031
B1915074748786N12001658WA0197402033
B1915084748791N12001654WA0197502032
B1915094748798N12001651WA0197502031
B1915104748804N12001649WA0197602029
B1915114748811N12001651WA0197602029
B1915124748817N12001657WA0197602028
B1915134748821N12001663WA0197602029
B1915144748824N12001670WA0197602031
B1915154748825N12001676WA0197702033
B1915164748824N12001681WA0197802036
B1915174748823N12001685WA0198002037
B1915184748821N12001690WA0198002038
B1915194748820N12001694WA0198202038
B1915204748818N12001699WA0198202038
B1915214748816N12001703WA0198302036
B1915224748811N12001705WA0198302034
B1915234748806N12001706WA0198202031
B1915244748800N12001705WA0198202030
B1915254748795N12001703WA0198102030
B1915264748791N12001700WA0198102032
B1915274748787N12001697WA0198102033
B1915284748784N12001693WA0198202034
B1915294748780N12001690WA0198202034
B1915304748775N12001687WA0198202033
B1915314748770N12001685WA0198102032
B1915324748765N12001685WA0198102031
B1915334748760N12001687WA0198102031
B1915344748757N12001690WA0198102031
B1915354748754N12001693WA0198002030
B1915364748752N12001696WA0198002028
B1915374748751N12001701WA0197902026
B1915384748750N12001706WA0197902025
B1915394748750N12001711WA0197802023
B1915404748751N12001716WA0197702021
B1915414748753N12001720WA0197602020
B1915424748757N12001723WA0197502018
B1915434748762N12001725WA0197302016
B1915444748768N12001724WA0197202014
B1915454748774N12001721WA0197102013
B1915464748780N12001715WA0196902011
B1915474748784N12001707WA0196802010
B1915484748788N12001698WA0196702008
B1915494748790N12001687WA0196502006
B1915504748793N12001677WA0196402004
B1915514748795N12001667WA0196202003
B1915524748797N12001656WA0196102002
B1915534748799N12001645WA0196002001
B1915544748801N12001634WA0195802000
B1915554748804N12001622WA0195702000
B1915564748807N12001611WA0195602001
B1915574748810N12001601WA0195502003
B1915584748812N12001591WA0195502005
B1915594748814N12001582WA0195602008
B1916004748815N12001573WA0195602009
B1916014748816N12001563WA0195702010
B1916024748818N12001553WA0195702010
B1916034748820N12001542WA0195702010
B1916044748822N12001531WA0195702009
B1916054748823N12001521WA0195702010
B1916064748823N12001511WA0195702009
B1916074748824N12001501WA0195702008
B1916084748825N12001490WA0195702006
B1916094748827N12001479WA0195602003
B1916104748829N12001467WA0195502001
B1916114748831N12001455WA0195401998
B1916124748833N12001443WA0195301997
B1916134748834N12001432WA0195201996
B1916144748835N12001421WA0195101996
B1916154748836N12001412WA0195001995
B1916164748837N12001402WA0194901994
B1916174748839N12001392WA0194801991
B1916184748841N12001382WA0194601987
B1916194748843N12001371WA0194401982
B1916204748846N12001361WA0194201978
B1916214748850N12001353WA0193901975
B1916224748854N12001345WA0193701971
B1916234748858N12001337WA0193401968
B1916244748862N12001330WA0193201964
B1916254748867N12001322WA0192901959
B1916264748872N12001315WA0192601955
B1916274748878N12001310WA0192301950
B1916284748884N12001306WA0192001947
B1916294748889N12001302WA0191601945
B1916304748893N12001297WA0191401942
B1916314748897N12001290WA0191101938
B1916324748902N12001282WA0190801933
B1916334748906N12001273WA0190301928
B1916344748911N12001264WA0190001923
B1916354748915N12001255WA0189601921
B1916364748919N12001247WA0189401921
B1916374748923N12001240WA0189101921
B1916384748926N12001233WA0188901920
B1916394748929N12001225WA0188601918
B1916404748933N12001217WA0188401915
B1916414748937N12001208WA0188101913
B1916424748941N12001199WA0188001911
B1916434748945N12001190WA0187801912
B1916444748947N12001182WA0187701913
B1916454748949N12001174WA0187601916
B1916464748950N12001168WA0187601919
B1916474748951N12001161WA0187601922
B1916484748952N12001153WA0187601923
B1916494748953N12001144WA0187601923
B1916504748952N12001135WA0187501923
B1916514748949N12001127WA0187501924
B1916524748946N12001119WA0187501925
B1916534748941N12001114WA0187601927
B1916544748935N12001112WA0187601929
B1916554748930N12001113WA0187701931
B1916564748925N12001117WA0187701932
B1916574748922N12001124WA0187801932
B1916584748921N12001132WA0187801932
B1916594748922N12001140WA0187901933
B1917004748926N12001146WA0188001934
B1917014748933N12001149WA0188101935
B1917024748939N12001149WA0188101936
B1917034748946N12001145WA0188201937
B1917044748951N12001140WA0188301938
B1917054748955N12001135WA0188401940
B1917064748958N12001130WA0188501942
B1917074748961N12001124WA0188701942
B1917084748963N12001117WA0188701942
B1917094748966N12001109WA0188801940
B1917104748969N12001099WA0188801939
B1917114748970N12001089WA0188801939
B1917124748970N12001079WA0188801940
B1917134748969N12001069WA0188901942
B1917144748965N12001062WA0189001944
B1917154748960N12001056WA0189101947
B1917164748955N12001052WA0189201950
B1917174748949N12001049WA0189401954
B1917184748944N12001048WA0189601957
B1917194748938N12001048WA0189801960
B1917204748932N12001050WA0189901962
B1917214748928N12001054WA0190101962
B1917224748925N12001059WA0190301963
B1917234748923N12001065WA0190401963
B1917244748924N12001072WA0190501962
B1917254748927N12001077WA0190601961
B1917264748932N12001079WA0190601958
B1917274748939N12001077WA0190601956
B1917284748945N12001071WA0190501954
B1917294748951N12001064WA0190501955
B1917304748954N12001056WA0190601956
B1917314748957N12001047WA0190601957
B1917324748959N12001039WA0190701959
B1917334748960N12001031WA0190801960
B1917344748962N12001021WA0190801960
B1917354748963N12001010WA0190801960
B1917364748964N12000998WA0190901961
B1917374748964N12000989WA0191001965
B1917384748964N12000981WA0191101970
B1917394748964N12000974WA0191301973
B1917404748964N12000966WA0191501975
B1917414748964N12000957WA0191701976
B1917424748963N12000948WA0191801975
B1917434748960N12000938WA0191901976
B1917444748956N12000931WA0191901977
B1917454748950N12000926WA0192101978
B1917464748945N12000923WA0192101979
B1917474748941N12000922WA0192301980
B1917484748937N12000922WA0192401982
B1917494748933N12000924WA0192501983
B1917504748930N12000927WA0192601984
B1917514748928N12000931WA0192801985
B1917524748926N12000935WA0192901987
B1917534748926N12000940WA0193101989
B1917544748927N12000944WA0193201990
B1917554748930N12000949WA0193301990
B1917564748933N12000953WA0193401989
B1917574748938N12000956WA0193501989
B1917584748944N12000956WA0193501990
B1917594748949N12000953WA0193601991
B1918004748954N12000948WA0193701992
B1918014748958N12000942WA0193801994
B1918024748962N12000934WA0193901995
B1918034748965N12000925WA0194001996
B1918044748968N12000915WA0194101997
B1918054748970N12000906WA0194201997
B1918064748971N12000897WA0194201998
B1918074748971N12000889WA0194301999
B1918084748969N12000881WA0194401998
B1918094748966N12000874WA0194401995
B1918104748961N12000866WA0194401993
B1918114748956N12000859WA0194401992
B1918124748951N12000852WA0194401993
B1918134748946N12000848WA0194401994
B1918144748941N12000845WA0194401996
B1918154748937N12000845WA0194501997
B1918164748934N12000847WA0194501997
B1918174748931N12000849WA0194501996
B1918184748928N12000853WA0194501995
B1918194748925N12000856WA0194501995
B1918204748921N12000860WA0194501995
B1918214748918N12000864WA0194501995
B1918224748916N12000869WA0194501996
B1918234748914N12000874WA0194501995
B1918244748914N12000880WA0194501995
B1918254748914N12000886WA0194501994
B1918264748916N12000890WA0194501994
B1918274748919N12000893WA0194501994
B1918284748922N12000893WA0194501993
B1918294748926N12000892WA0194401991
B1918304748930N12000891WA0194401991
B1918314748934N12000890WA0194301990
B1918324748937N12000889WA0194301991
B1918334748940N12000888WA0194401993
B1918344748942N12000885WA0194401994
B1918354748945N12000882WA0194401993
B1918364748948N12000877WA0194401991
B1918374748952N12000873WA0194401988
B1918384748956N12000869WA0194301984
B1918394748961N12000863WA0194101981
B1918404748966N12000857WA0194001979
B1918414748971N12000851WA0193801977
B1918424748975N12000845WA0193701976
B1918434748980N12000840WA0193601976
B1918444748984N12000834WA0193501975
B1918454748989N12000827WA0193301974
B1918464748994N12000820WA0193201973
B1918474748998N12000812WA0193101972
B1918484749003N12000802WA0193001971
B1918494749007N12000793WA0192901971
B1918504749011N12000783WA0192801972
B1918514749015N12000773WA0192801973
B1918524749018N12000764WA0192701973
B1918534749022N12000755WA0192701973
B1918544749024N12000746WA0192701973
B1918554749027N12000737WA0192701972
B1918564749031N12000727WA0192601971
B1918574749034N12000718WA0192601970
B1918584749039N12000707WA0192501969
B1918594749043N12000697WA0192401969
B1919004749048N12000689WA0192401970
B1919014749053N12000681WA0192401971
B1919024749057N12000674WA0192401974
B1919034749062N12000667WA0192501976
B1919044749066N12000660WA0192601977
B1919054749072N12000654WA0192601978
B1919064749077N12000648WA0192701979
B1919074749083N12000641WA0192701981
B1919084749087N12000635WA0192801983
B1919094749091N12000627WA0193001986
B1919104749095N12000619WA0193101987
B1919114749097N12000609WA0193201987
B1919124749098N12000598WA0193201987
B1919134749097N12000587WA0193301986
B1919144749094N12000577WA0193301986
B1919154749089N12000569WA0193301986
B1919164749084N12000564WA0193401988
B1919174749079N12000561WA0193501991
B1919184749075N12000562WA0193601994
B1919194749072N12000565WA0193701996
B1919204749070N12000569WA0193801997
B1919214749069N12000573WA0194001998
B1919224749069N12000578WA0194101998
B1919234749069N12000583WA0194201998
B1919244749069N12000588WA0194302000
B1919254749069N12000593WA0194502001
B1919264749070N12000598WA0194602003
B1919274749071N12000604WA0194702004
B1919284749073N12000609WA0194802005
B1919294749075N12000614WA0194902006
B1919304749077N12000620WA0195002006
B1919314749080N12000625WA0195102007
B1919324749082N12000629WA0195202007
B1919334749084N12000634WA0195302008
B1919344749087N12000638WA0195302008
B1919354749089N12000643WA0195402008
B1919364749092N12000647WA0195402008
B1919374749094N12000652WA0195502007
B1919384749097N12000657WA0195502006
B1919394749100N12000663WA0195502006
B1919404749103N12000668WA0195502007
B1919414749105N12000674WA0195502008
B1919424749107N12000679WA0195602007
B1919434749109N12000685WA0195602006
B1919444749112N12000691WA0195502005
B1919454749114N12000696WA0195502005
B1919464749116N12000701WA0195502004
B1919474749118N12000707WA0195502004
B1919484749120N12000712WA0195402003
B1919494749122N12000718WA0195402001
B1919504749125N12000723WA0195302000
B1919514749129N12000727WA0195301999
B1919524749133N12000729WA0195201998
B1919534749137N12000731WA0195201997
B1919544749142N12000733WA0195201996
B1919554749148N12000736WA0195101994
B1919564749155N12000740WA0195001993
B1919574749161N12000744WA0194901994
B1919584749167N12000747WA0194801995
B1919594749172N12000751WA0194801996
B1920004749177N12000754WA0194801997
B1920014749182N12000758WA0194901998
B1920024749187N12000762WA0194902000
B1920034749192N12000765WA0194902002
B1920044749198N12000766WA0195002003
B1920054749204N12000767WA0195102004
B1920064749211N12000766WA0195102004
B1920074749218N12000763WA0195202006
B1920084749224N12000757WA0195202007
B1920094749229N12000749WA0195302009
B1920104749231N12000740WA0195402012
B1920114749231N12000730WA0195502014
B1920124749230N12000721WA0195602015
B1920134749227N12000714WA0195802017
B1920144749223N12000708WA0195902018
B1920154749218N12000705WA0196002018
B1920164749212N12000704WA0196102019
B1920174749208N12000706WA0196202021
B1920184749205N12000710WA0196302023
B1920194749204N12000716WA0196502025
B1920204749205N12000724WA0196602026
B1920214749207N12000730WA0196702028
B1920224749211N12000736WA0196802029
B1920234749216N12000739WA0197002030
B1920244749222N12000741WA0197102031
B1920254749230N12000740WA0197202031
B1920264749237N12000737WA0197302031
B1920274749244N12000732WA0197402031
B1920284749249N12000725WA0197502032
B1920294749254N12000716WA0197602034
B1920304749256N12000706WA0197602035
B1920314749257N12000696WA0197702036
B1920324749256N12000685WA0197802037
B1920334749253N12000676WA0197902038
B1920344749250N12000668WA0198002040
B1920354749246N12000663WA0198102041
B1920364749243N12000660WA0198202043
B1920374749239N12000659WA0198402044
B1920384749235N12000657WA0198502046
B1920394749231N12000657WA0198702047
B1920404749228N12000659WA0198802048
B1920414749225N12000663WA0198902049
B1920424749224N12000670WA0199002048
B1920434749224N12000677WA0199102049
B1920444749226N12000685WA0199102049
B1920454749229N12000692WA0199202051
B1920464749233N12000696WA0199302054
B1920474749239N12000699WA0199502056
B1920484749244N12000700WA0199602057
B1920494749251N12000699WA0199802057
B1920504749258N12000696WA0199802056
B1920514749265N12000691WA0199902056
B1920524749270N12000684WA0199902057
B1920534749274N12000676WA0200002059
B1920544749276N12000666WA0200102059
B1920554749276N12000656WA0200202060
B1920564749275N12000646WA0200302060
B1920574749273N12000637WA0200402062
B1920584749269N12000631WA0200502064
B1920594749265N12000627WA0200602066
B1921004749262N12000626WA0200702068
B1921014749258N12000627WA0200902069
B1921024749255N12000628WA0201002070
B1921034749252N12000631WA0201102070
B1921044749249N12000635WA0201202070
B1921054749246N12000640WA0201202069
B1921064749242N12000645WA0201302070
B1921074749240N12000651WA0201402071
B1921084749237N12000657WA0201402072
B1921094749234N12000662WA0201502073
B1921104749231N12000668WA0201602073
B1921114749228N12000674WA0201702074
B1921124749226N12000680WA0201702074
B1921134749223N12000687WA0201802075
B1921144749222N12000694WA0201902076
B1921154749221N12000702WA0202002077
B1921164749222N12000709WA0202002077
B1921174749223N12000716WA0202102077
B1921184749225N12000724WA0202102076
B1921194749229N12000729WA0202102074
B1921204749234N12000734WA0202102072
B1921214749240N12000736WA0202002070
B1921224749246N12000737WA0202002068
B1921234749252N12000736WA0201902067
B1921244749258N12000735WA0201802065
B1921254749264N12000732WA0201702064
B1921264749269N12000730WA0201702064
B1921274749275N12000727WA0201602063
B1921284749280N12000724WA0201502063
B1921294749285N12000721WA0201402062
B1921304749290N12000716WA0201402061
B1921314749295N12000711WA0201302059
B1921324749299N12000704WA0201202058
B1921334749303N12000697WA0201102059
B1921344749306N12000690WA0201102060
B1921354749309N12000683WA0201102061
B1921364749313N12000676WA0201102062
B1921374749316N12000669WA0201002062
B1921384749319N12000660WA0201002062
B1921394749321N12000651WA0201002062
B1921404749322N12000643WA0201002064
B1921414749320N12000636WA0201102066
B1921424749317N12000629WA0201102068
B1921434749313N12000624WA0201202070
B1921444749308N12000621WA0201302071
B1921454749303N12000621WA0201402073
B1921464749298N12000624WA0201502074
B1921474749295N12000630WA0201602075
B1921484749294N12000638WA0201602075
B1921494749294N12000646WA0201702076
B1921504749297N12000653WA0201802076
B1921514749302N12000658WA0201802076
B1921524749308N12000660WA0201902075
B1921534749314N12000658WA0201902074
B1921544749320N12000654WA0201902074
B1921554749325N12000647WA0201902074
B1921564749328N12000640WA0202002076
B1921574749330N12000632WA0202102078
B1921584749330N12000624WA0202102080
B1921594749330N12000616WA0202202080
B1922004749329N12000608WA0202302081
B1922014749327N12000601WA0202402082
B1922024749324N12000594WA0202402082
B1922034749320N12000589WA0202502083
B1922044749315N12000588WA0202602084
B1922054749309N12000589WA0202602084
B1922064749305N12000594WA0202702084
B1922074749301N12000600WA0202702084
B1922084749300N12000608WA0202802085
B1922094749300N12000616WA0202902086
B1922104749301N12000624WA0202902086
B1922114749303N12000632WA0203002086
B1922124749307N12000638WA0203002085
B1922134749312N12000642WA0203002084
B1922144749318N12000643WA0203002083
B1922154749324N12000643WA0203002082
B1922164749330N12000641WA0202902081
B1922174749335N12000637WA0202902081
B1922184749339N12000632WA0202902081
B1922194749343N12000627WA0202902080
B1922204749347N12000622WA0202902080
B1922214749351N12000616WA0202802078
B1922224749355N12000610WA0202802077
B1922234749360N12000604WA0202702076
B1922244749365N12000598WA0202702075
B1922254749370N12000593WA0202602075
B1922264749373N12000587WA0202602075
B1922274749377N12000579WA0202502074
B1922284749379N12000570WA0202502074
B1922294749380N12000561WA0202402073
B1922304749379N12000551WA0202302072
B1922314749376N12000543WA0202202072
B1922324749371N12000537WA0202202072
B1922334749366N12000533WA0202202074
B1922344749362N12000531WA0202202076
B1922354749357N12000532WA0202202078
B1922364749353N12000535WA0202202078
B1922374749349N12000539WA0202302078
B1922384749346N12000544WA0202302078
B1922394749343N12000550WA0202302078
B1922404749340N12000555WA0202302078
B1922414749337N12000560WA0202402079
B1922424749333N12000565WA0202402079
B1922434749328N12000568WA0202402079
B1922444749322N12000570WA0202402079
B1922454749317N12000572WA0202502079
B1922464749313N12000573WA0202502079
B1922474749308N12000574WA0202502078
B1922484749302N12000575WA0202402076
B1922494749295N12000577WA0202302072
B1922504749288N12000578WA0202102068
B1922514749280N12000579WA0201902064
B1922524749272N12000580WA0201702061
B1922534749264N12000579WA0201402058
B1922544749256N12000579WA0201302056
B1922554749248N12000578WA0201002054
B1922564749241N12000577WA0200902052
B1922574749233N12000575WA0200602051
B1922584749226N12000573WA0200502050
B1922594749220N12000571WA0200302049
B1923004749213N12000569WA0200202047
B1923014749206N12000568WA0200002044
B1923024749198N12000568WA0199802040
B1923034749191N12000567WA0199602037
B1923044749184N12000567WA0199402034
B1923054749178N12000567WA0199102030
B1923064749171N12000567WA0198902026
B1923074749163N12000567WA0198502021
B1923084749156N12000567WA0198202018
B1923094749151N12000567WA0198002018
B1923104749146N12000567WA0197902020
B1923114749143N12000567WA0197802022
B1923124749139N12000566WA0197702022
B1923134749135N12000565WA0197602022
B1923144749131N12000564WA0197502020
B1923154749125N12000564WA0197402019
B1923164749120N12000564WA0197302019
B1923174749116N12000564WA0197202020
B1923184749113N12000564WA0197202021
B1923194749109N12000564WA0197202022
B1923204749106N12000565WA0197202022
B1923214749102N12000566WA0197102020
B1923224749098N12000567WA0197102019
B1923234749093N12000568WA0197002018
B1923244749088N12000569WA0197002017
B1923254749082N12000569WA0196902017
B1923264749077N12000570WA0196802016
B1923274749072N12000571WA0196702015
B1923284749067N12000573WA0196602013
B1923294749062N12000577WA0196502011
B1923304749057N12000581WA0196402009
B1923314749054N12000587WA0196202006
B1923324749051N12000593WA0196102004
B1923334749049N12000599WA0195902002
B1923344749046N12000606WA0195802000
B1923354749044N12000614WA0195601997
B1923364749042N12000621WA0195501995
B1923374749040N12000628WA0195301994
B1923384749039N12000635WA0195101992
B1923394749038N12000642WA0194901989
B1923404749036N12000650WA0194801985
B1923414749035N12000660WA0194401980
B1923424749033N12000670WA0194201976
B1923434749031N12000682WA0193701971
B1923444749029N12000693WA0193501969
B1923454749028N12000702WA0193201970
B1923464749027N12000709WA0193101971
B1923474749026N12000715WA0193001971
B1923484749025N12000721WA0192901970
B1923494749024N12000729WA0192701967
B1923504749023N12000738WA0192501962
B1923514749022N12000748WA0192201957
B1923524749021N12000757WA0192001955
B1923534749020N12000766WA0191701954
B1923544749019N12000773WA0191601953
B1923554749019N12000779WA0191401952
B1923564749019N12000786WA0191301950
B1923574749018N12000793WA0191001948
B1923584749018N12000801WA0190801945
B1923594749017N12000809WA0190601943
B1924004749017N12000818WA0190401940
B1924014749016N12000827WA0190101938
B1924024749016N12000837WA0189901936
B1924034749017N12000847WA0189601933
B1924044749017N12000857WA0189401932
B1924054749019N12000866WA0189201930
B1924064749020N12000876WA0189001928
B1924074749022N12000885WA0188701926
B1924084749023N12000894WA0188501924
B1924094749024N12000903WA0188301921
B1924104749025N12000911WA0188101919
B1924114749026N12000919WA0187901916
B1924124749028N12000929WA0187701912
B1924134749030N12000939WA0187301908
B1924144749033N12000950WA0187101905
B1924154749036N12000960WA0186701902
B1924164749039N12000969WA0186501901
B1924174749041N12000978WA0186301900
B1924184749044N12000986WA0186101899
B1924194749047N12000994WA0185901896
B1924204749050N12001004WA0185701892
B1924214749053N12001014WA0185301888
B1924224749056N12001024WA0185101886
B1924234749060N12001032WA0184801885
B1924244749064N12001039WA0184701885
B1924254749067N12001045WA0184501886
B1924264749071N12001051WA0184401885
B1924274749075N12001057WA0184301884
B1924284749080N12001062WA0184201882
B1924294749084N12001068WA0184001879
B1924304749090N12001074WA0183801878
B1924314749095N12001079WA0183701878
B1924324749101N12001084WA0183601877
B1924334749107N12001089WA0183501877
B1924344749113N12001095WA0183401878
B1924354749119N12001099WA0183401878
B1924364749125N12001103WA0183401880
B1924374749129N12001107WA0183401882
B1924384749133N12001110WA0183401884
B1924394749138N12001113WA0183501885
B1924404749142N12001116WA0183501884
B1924414749147N12001120WA0183501882
B1924424749152N12001124WA0183501880
B1924434749157N12001128WA0183401878
B1924444749163N12001132WA0183401875
B1924454749170N12001134WA0183301873
B1924464749177N12001136WA0183201872
B1924474749185N12001138WA0183101870
B1924484749193N12001139WA0183001868
B1924494749201N12001138WA0182801866
B1924504749209N12001135WA0182701866
B1924514749216N12001132WA0182601868
B1924524749222N12001129WA0182601869
B1924534749226N12001127WA0182701871
B1924544749230N12001125WA0182701872
B1924554749235N12001122WA0182701871
B1924564749240N12001118WA0182701869
B1924574749247N12001113WA0182601866
B1924584749253N12001107WA0182501865
B1924594749258N12001099WA0182401866
B1925004749261N12001090WA0182401867
B1925014749263N12001080WA0182401868
B1925024749265N12001071WA0182401867
B1925034749266N12001061WA0182401867
B1925044749265N12001051WA0182301867
B1925054749263N12001043WA0182301867
B1925064749259N12001037WA0182201865
B1925074749254N12001034WA0182101864
B1925084749250N12001033WA0182101864
B1925094749247N12001035WA0182001865
B1925104749246N12001037WA0182001866
B1925114749246N12001041WA0182001866
B1925124749247N12001044WA0182101867
B1925134749249N12001047WA0182101867
B1925144749251N12001049WA0182101867
B1925154749253N12001052WA0182101866
B1925164749254N12001055WA0182101864
B1925174749255N12001058WA0182001861
B1925184749255N12001062WA0181901857
B1925194749253N12001065WA0181701853
B1925204749250N12001068WA0181601852
B1925214749247N12001069WA0181501853
B1925224749246N12001068WA0181401855
B1925234749244N12001067WA0181401858
B1925244749241N12001066WA0181501859
B1925254749238N12001065WA0181501860
B1925264749235N12001064WA0181501860
B1925274749231N12001065WA0181501861
B1925284749229N12001066WA0181501862
B1925294749227N12001069WA0181601864
B1925304749228N12001073WA0181601867
B1925314749230N12001076WA0181701869
B1925324749234N12001080WA0181801870
B1925334749240N12001081WA0181901871
B1925344749247N12001080WA0181901872
B1925354749254N12001076WA0182001874
B1925364749260N12001067WA0182101877
B1925374749264N12001056WA0182301879
B1925384749266N12001043WA0182401880
B1925394749266N12001031WA0182501881
B1925404749263N12001019WA0182601881
B1925414749258N12001010WA0182701882
B1925424749253N12001004WA0182801883
B1925434749248N12001001WA0182901886
B1925444749245N12001001WA0183101889
B1925454749243N12001002WA0183301891
B1925464749242N12001006WA0183401893
B1925474749241N12001010WA0183601894
B1925484749242N12001016WA0183701895
B1925494749243N12001022WA0183901896
B1925504749244N12001028WA0184001897
B1925514749245N12001034WA0184101899
B1925524749245N12001040WA0184301901
B1925534749245N12001045WA0184501903
B1925544749245N12001051WA0184601905
B1925554749247N12001057WA0184801908
B1925564749249N12001062WA0185001912
B1925574749252N12001066WA0185301915
B1925584749254N12001070WA0185501918
B1925594749258N12001074WA0185801921
B1926004749264N12001078WA0186001923
B1926014749271N12001078WA0186201924
B1926024749280N12001075WA0186401926
B1926034749287N12001068WA0186601927
B1926044749293N12001060WA0186701929
B1926054749297N12001051WA0187001932
B1926064749299N12001041WA0187101934
B1926074749299N12001032WA0187301935
B1926084749298N12001022WA0187501935
B1926094749295N12001013WA0187601935
B1926104749291N12001007WA0187701935
B1926114749287N12001004WA0187901936
B1926124749283N12001004WA0188001938
B1926134749280N12001007WA0188201940
B1926144749277N12001010WA0188301942
B1926154749275N12001015WA0188501944
B1926164749273N12001021WA0188601946
B1926174749272N12001027WA0188801948
B1926184749273N12001033WA0189001951
B1926194749275N12001040WA0189201954
B1926204749279N12001046WA0189401955
B1926214749285N12001052WA0189601956
B1926224749291N12001058WA0189701957
B1926234749298N12001061WA0189901959
B1926244749305N12001062WA0190001961
B1926254749313N12001061WA0190301963
B1926264749321N12001056WA0190401964
B1926274749329N12001049WA0190501965
B1926284749334N12001040WA0190601967
B1926294749338N12001030WA0190801969
B1926304749340N12001020WA0191001970
B1926314749341N12001010WA0191101972
B1926324749340N12001002WA0191301972
B1926334749338N12000995WA0191401973
B1926344749335N12000990WA0191501974
B1926354749332N12000987WA0191701974
B1926364749328N12000988WA0191801974
B1926374749325N12000989WA0191801975
B1926384749322N12000992WA0191901977
B1926394749320N12000995WA0192101980
B1926404749319N12000998WA0192301982
B1926414749318N12001003WA0192401984
B1926424749318N12001008WA0192501984
B1926434749320N12001015WA0192701984
B1926444749323N12001023WA0192801983
B1926454749328N12001031WA0192801983
B1926464749334N12001037WA0192801982
B1926474749341N12001041WA0192901983
B1926484749348N12001042WA0192901983
B1926494749356N12001040WA0193001983
B1926504749362N12001035WA0193001982
B1926514749369N12001028WA0193101982
B1926524749374N12001021WA0193101981
B1926534749379N12001013WA0193101982
B1926544749383N12001005WA0193201982
B1926554749385N12000996WA0193201982
B1926564749387N12000986WA0193201980
B1926574749388N12000974WA0193101979
B1926584749388N12000963WA0193101979
B1926594749387N12000954WA0193101981
B1927004749384N12000947WA0193101983
B1927014749382N12000943WA0193201986
B1927024749379N12000941WA0193301987
B1927034749376N12000939WA0193401988
B1927044749373N12000938WA0193401988
B1927054749369N12000938WA0193501987
B1927064749365N12000939WA0193501985
B1927074749361N12000942WA0193501986
B1927084749358N12000947WA0193501986
B1927094749356N12000952WA0193501987
B1927104749356N12000957WA0193501988
B1927114749354N12000963WA0193601988
B1927124749352N12000967WA0193601988
B1927134749349N12000969WA0193501986
B1927144749347N12000969WA0193501985
B1927154749345N12000968WA0193501984
B1927164749343N12000966WA0193501983
B1927174749341N12000965WA0193501983
B1927184749339N12000964WA0193401981
B1927194749336N12000962WA0193301977
B1927204749331N12000960WA0193201973
B1927214749326N12000959WA0192901970
B1927224749320N12000959WA0192801967
B1927234749314N12000959WA0192501964
B1927244749309N12000958WA0192301962
B1927254749303N12000957WA0192001959
B1927264749297N12000956WA0191801956
B1927274749290N12000953WA0191501954
B1927284749284N12000951WA0191301951
B1927294749278N12000948WA0191101949
B1927304749272N12000945WA0190901948
B1927314749266N12000943WA0190601946
B1927324749260N12000941WA0190501944
B1927334749254N12000938WA0190301942
B1927344749248N12000936WA0190101939
B1927354749242N12000934WA0189801935
B1927364749235N12000932WA0189601932
B1927374749228N12000930WA0189201928
B1927384749221N12000928WA0189001924
B1927394749213N12000926WA0188601920
B1927404749205N12000923WA0188301915
B1927414749197N12000921WA0187901911
B1927424749190N12000919WA0187601908
B1927434749183N12000916WA0187201906
B1927444749176N12000913WA0187001904
B1927454749171N12000911WA0186701903
B1927464749165N12000909WA0186501901
B1927474749160N12000907WA0186201899
B1927484749154N12000905WA0186001894
B1927494749147N12000904WA0185601890
B1927504749140N12000902WA0185401887
B1927514749134N12000900WA0185101887
B1927524749128N12000897WA0185001889
B1927534749124N12000893WA0184901892
B1927544749120N12000889WA0184901894
B1927554749115N12000885WA0184901895
B1927564749111N12000880WA0184901895
B1927574749106N12000876WA0184801896
B1927584749102N12000872WA0184801897
B1927594749099N12000868WA0184801898
B1928004749096N12000864WA0184901899
B1928014749093N12000860WA0184901900
B1928024749089N12000856WA0184901899
B1928034749085N12000852WA0184901899
B1928044749081N12000848WA0184901898
B1928054749077N12000845WA0184901898
B1928064749074N12000842WA0185001900
B1928074749072N12000838WA0185001902
B1928084749069N12000835WA0185101902
B1928094749066N12000832WA0185101901
B1928104749062N12000829WA0185101899
B1928114749058N12000826WA0185001896
B1928124749053N12000823WA0185001896
B1928134749050N12000819WA0184901896
B1928144749047N12000815WA0184901897
B1928154749043N12000811WA0184901898
B1928164749039N12000807WA0184901899
B1928174749035N12000804WA0185001900
B1928184749031N12000799WA0185001902
B1928194749027N12000794WA0185101903
B1928204749024N12000788WA0185101904
B1928214749020N12000783WA0185201905
B1928224749016N12000779WA0185201905
B1928234749012N12000774WA0185301905
B1928244749007N12000769WA0185301905
B1928254749003N12000765WA0185401905
B1928264748999N12000761WA0185401906
B1928274748994N12000758WA0185401907
B1928284748988N12000755WA0185501906
B1928294748983N12000753WA0185501907
B1928304748978N12000751WA0185601911
B1928314748973N12000749WA0185801914
B1928324748969N12000747WA0185901918
B1928334748964N12000745WA0186101920
B1928344748959N12000745WA0186201921
B1928354748955N12000746WA0186401923
B1928364748952N12000749WA0186501926
B1928374748951N12000753WA0186801928
B1928384748951N12000758WA0186901929
B1928394748953N12000763WA0187101931
B1928404748956N12000767WA0187201931
B1928414748960N12000769WA0187401932
B1928424748965N12000767WA0187501933
B1928434748971N12000763WA0187601933
B1928444748976N12000756WA0187701933
B1928454748980N12000747WA0187801932
B1928464748982N12000735WA0187801929
B1928474748982N12000723WA0187801927
B1928484748981N12000711WA0187801927
B1928494748979N12000700WA0187801928
B1928504748976N12000691WA0187801929
B1928514748973N12000683WA0187901932
B1928524748970N12000677WA0188001934
B1928534748966N12000671WA0188101935
B1928544748962N12000665WA0188201936
B1928554748956N12000659WA0188301937
B1928564748950N12000653WA0188301939
B1928574748945N12000649WA0188401940
B1928584748939N12000647WA0188501941
B1928594748935N12000647WA0188601942
B1929004748932N12000647WA0188801944
B1929014748929N12000646WA0188901945
B1929024748926N12000646WA0189001944
B1929034748922N12000646WA0189101943
B1929044748917N12000645WA0189101940
B1929054748911N12000642WA0189001937
B1929064748906N12000637WA0189001934
B1929074748902N12000632WA0188901933
B1929084748898N12000625WA0188801932
B1929094748895N12000618WA0188801931
B1929104748891N12000611WA0188701928
B1929114748887N12000602WA0188501925
B1929124748882N12000593WA0188401922
B1929134748878N12000584WA0188201919
B1929144748874N12000573WA0188001917
B1929154748871N12000562WA0187801915
B1929164748869N12000551WA0187601913
B1929174748866N12000540WA0187401910
B1929184748863N12000529WA0187201908
B1929194748860N12000517WA0187001905
B1929204748856N12000505WA0186801902
B1929214748853N12000494WA0186501900
B1929224748850N12000482WA0186301898
B1929234748847N12000471WA0186101897
B1929244748844N12000461WA0186001895
B1929254748842N12000450WA0185701893
B1929264748839N12000438WA0185601890
B1929274748836N12000424WA0185301886
B1929284748834N12000409WA0185001881
B1929294748831N12000393WA0184601877
B1929304748828N12000378WA0184401875
B1929314748825N12000365WA0184101875
B1929324748822N12000353WA0184001877
B1929334748820N12000342WA0183901878
B1929344748817N12000331WA0183801877
B1929354748815N12000319WA0183601876
B1929364748813N12000306WA0183501872
B1929374748811N12000293WA0183301869
B1929384748809N12000280WA0183101866
B1929394748806N12000267WA0182901864
B1929404748804N12000255WA0182701863
B1929414748801N12000243WA0182501861
B1929424748798N12000232WA0182401859
B1929434748795N12000220WA0182101856
B1929444748792N12000208WA0181901853
B1929454748790N12000195WA0181601848
B1929464748787N12000181WA0181301843
B1929474748785N12000167WA0180901840
B1929484748783N12000154WA0180701837
B1929494748782N12000140WA0180401834
B1929504748779N12000127WA0180201832
B1929514748777N12000114WA0179801828
B1929524748775N12000100WA0179601824
B1929534748772N12000087WA0179201821
B1929544748768N12000074WA0179001818
B1929554748765N12000061WA0178601815
B1929564748761N12000048WA0178401813
B1929574748758N12000035WA0178001809
B1929584748754N12000022WA0177801806
B1929594748751N12000008WA0177401803
B1930004748747N11959994WA0177101799
B1930014748744N11959981WA0176801797
B1930024748741N11959969WA0176601795
B1930034748739N11959957WA0176201792
B1930044748735N11959944WA0176001787
B1930054748732N11959930WA0175601781
B1930064748728N11959916WA0175301775
B1930074748724N11959900WA0174701770
B1930084748721N11959886WA0174401767
B1930094748717N11959872WA0174001765
B1930104748715N11959859WA0173801765
B1930114748712N11959848WA0173501764
B1930124748710N11959836WA0173401762
B1930134748707N11959824WA0173001759
B1930144748704N11959810WA0172801755
B1930154748701N11959797WA0172501753
B1930164748697N11959784WA0172301752
B1930174748694N11959772WA0172101752
B1930184748691N11959760WA0171901752
B1930194748689N11959748WA0171701750
B1930204748686N11959736WA0171601746
B1930214748683N11959721WA0171201741
B1930224748679N11959706WA0170901734
B1930234748676N11959690WA0170501729
B1930244748672N11959674WA0170201725
B1930254748669N11959661WA0169801724
B1930264748666N11959648WA0169601723
B1930274748664N11959635WA0169401722
B1930284748662N11959623WA0169201719
B1930294748659N11959610WA0168801715
B1930304748657N11959595WA0168601709
B1930314748654N11959580WA0168101703
B1930324748651N11959564WA0167801698
B1930334748648N11959549WA0167301695
B1930344748646N11959535WA0167101694
B1930354748644N11959523WA0166801692
B1930364748641N11959511WA0166601690
B1930374748637N11959498WA0166201685
B1930384748634N11959485WA0165901680
B1930394748629N11959471WA0165501676
B1930404748625N11959458WA0165201673
B1930414748620N11959446WA0164801671
B1930424748616N11959435WA0164601670
B1930434748612N11959424WA0164301668
B1930444748608N11959412WA0164101666
B1930454748604N11959399WA0163801662
B1930464748600N11959386WA0163501659
B1930474748596N11959373WA0163201655
B1930484748591N11959360WA0162901652
B1930494748587N11959347WA0162601650
B1930504748582N11959334WA0162401648
B1930514748577N11959322WA0162101646
B1930524748573N11959311WA0161901645
B1930534748568N11959301WA0161701644
B1930544748564N11959290WA0161501642
B1930554748558N11959278WA0161201638
B1930564748553N11959265WA0161001635
B1930574748548N11959252WA0160701633
B1930584748544N11959239WA0160601633
B1930594748540N11959227WA0160401633
B1931004748536N11959215WA0160201633
B1931014748533N11959204WA0160101633
B1931024748531N11959194WA0160001633
B1931034748529N11959185WA0160001632
B1931044748526N11959175WA0159801629
B1931054748522N11959164WA0159601624
B1931064748518N11959151WA0159401619
B1931074748514N11959138WA0159101615
B1931084748511N11959126WA0158901613
B1931094748508N11959115WA0158701611
B1931104748505N11959104WA0158501610
B1931114748503N11959093WA0158301607
B1931124748500N11959080WA0158001602
B1931134748497N11959068WA0157701598
B1931144748494N11959055WA0157501595
B1931154748491N11959043WA0157201592
B1931164748488N11959030WA0156901590
B1931174748486N11959019WA0156701589
B1931184748484N11959007WA0156501587
B1931194748481N11958996WA0156201584
B1931204748478N11958984WA0156001581
B1931214748475N11958971WA0155601577
B1931224748471N11958958WA0155401574
B1931234748467N11958944WA0155101573
B1931244748464N11958932WA0154901573
B1931254748461N11958920WA0154701573
B1931264748459N11958909WA0154601573
B1931274748456N11958899WA0154501572
B1931284748454N11958888WA0154401571
B1931294748450N11958876WA0154101567
B1931304748447N11958863WA0153901563
B1931314748444N11958849WA0153701562
B1931324748441N11958836WA0153501561
B1931334748439N11958825WA0153401562
B1931344748437N11958813WA0153301561
B1931354748434N11958802WA0153101559
B1931364748431N11958789WA0152901555
B1931374748427N11958777WA0152701552
B1931384748424N11958765WA0152501550
B1931394748420N11958754WA0152301549
B1931404748418N11958743WA0152201549
B1931414748415N11958732WA0152001548
B1931424748411N11958722WA0151901546
B1931434748408N11958711WA0151701544
B1931444748405N11958699WA0151601541
B1931454748402N11958687WA0151401539
B1931464748399N11958675WA0151201538
B1931474748396N11958663WA0151001537
B1931484748393N11958651WA0150901535
B1931494748389N11958639WA0150701533
B1931504748386N11958627WA0150601530
B1931514748382N11958614WA0150301527
B1931524748379N11958602WA0150101525
B1931534748375N11958590WA0149901523
B1931544748372N11958579WA0149801521
B1931554748368N11958567WA0149501518
B1931564748365N11958555WA0149301515
B1931574748361N11958543WA0149001512
B1931584748358N11958531WA0148801510
B1931594748355N11958520WA0148601510
B1932004748353N11958510WA0148501509
B1932014748351N11958499WA0148301507
B1932024748348N11958488WA0148201505
B1932034748345N11958476WA0147901501
B1932044748342N11958463WA0147701498
B1932054748339N11958451WA0147401496
B1932064748336N11958439WA0147301493
B1932074748333N11958427WA0147001491
B1932084748329N11958414WA0146801488
B1932094748326N11958400WA0146501485
B1932104748323N11958386WA0146301481
B1932114748319N11958372WA0145901477
B1932124748315N11958358WA0145701474
B1932134748312N11958345WA0145401473
B1932144748308N11958333WA0145201472
B1932154748304N11958321WA0145001470
B1932164748301N11958309WA0144801467
B1932174748297N11958296WA0144501463
B1932184748293N11958283WA0144201459
B1932194748289N11958270WA0143901456
B1932204748285N11958257WA0143701453
B1932214748281N11958245WA0143401451
B1932224748278N11958232WA0143201450
B1932234748274N11958220WA0142901447
B1932244748270N11958207WA0142701445
B1932254748266N11958195WA0142401442
B1932264748262N11958183WA0142201440
B1932274748257N11958172WA0141901438
B1932284748252N11958162WA0141701436
B1932294748247N11958152WA0141501436
B1932304748242N11958143WA0141301434
B1932314748236N11958135WA0141101433
B1932324748231N11958126WA0141001431
B1932334748225N11958117WA0140701428
B1932344748219N11958108WA0140601426
B1932354748213N11958098WA0140301424
B1932364748207N11958090WA0140201422
B1932374748202N11958081WA0140001421
B1932384748196N11958072WA0139801419
B1932394748191N11958063WA0139601417
B1932404748185N11958053WA0139401413
B1932414748178N11958043WA0139101410
B1932424748172N11958032WA0138801406
B1932434748165N11958021WA0138501404
B1932444748159N11958010WA0138301402
B1932454748153N11957999WA0138101401
B1932464748147N11957989WA0138001401
B1932474748142N11957979WA0137801400
B1932484748136N11957968WA0137601399
B1932494748130N11957957WA0137401397
B1932504748124N11957945WA0137201394
B1932514748118N11957933WA0137001393
B1932524748112N11957921WA0136901392
B1932534748107N11957911WA0136701392
B1932544748101N11957900WA0136601392
B1932554748096N11957890WA0136501391
B1932564748090N11957879WA0136401390
B1932574748084N11957868WA0136201388
B1932584748079N11957857WA0136101387
B1932594748073N11957846WA0136001387
B1933004748069N11957836WA0135901389
B1933014748067N11957825WA0135901391
B1933024748064N11957815WA0135901391
B1933034748062N11957804WA0135901391
B1933044748059N11957793WA0135901389
B1933054748056N11957782WA0135801387
B1933064748053N11957770WA0135701385
B1933074748051N11957757WA0135601383
B1933084748049N11957744WA0135501383
B1933094748047N11957731WA0135401382
B1933104748045N11957719WA0135401381
B1933114748043N11957706WA0135201380
B1933124748041N11957693WA0135201379
B1933134748039N11957680WA0135001378
B1933144748038N11957667WA0135001377
B1933154748036N11957655WA0134901377
B1933164748035N11957643WA0134801376
B1933174748034N11957630WA0134701375
B1933184748033N11957618WA0134701374
B1933194748032N11957606WA0134601372
B1933204748030N11957594WA0134501371
B1933214748029N11957581WA0134401369
B1933224748028N11957566WA0134301367
B1933234748027N11957552WA0134101365
B1933244748027N11957539WA0134001365
B1933254748026N11957526WA0133901365
B1933264748025N11957514WA0133901364
B1933274748024N11957501WA0133701362
B1933284748022N11957487WA0133601359
B1933294748020N11957472WA0133401356
B1933304748018N11957457WA0133201355
B1933314748017N11957444WA0133101354
B1933324748016N11957432WA0133001354
B1933334748015N11957421WA0132901354
B1933344748014N11957409WA0132901353
B1933354748012N11957396WA0132701350
B1933364748011N11957383WA0132501346
B1933374748009N11957370WA0132301343
B1933384748007N11957357WA0132201342
B1933394748005N11957345WA0132001341
B1933404748003N11957333WA0131901339
B1933414748001N11957321WA0131701337
B1933424748000N11957309WA0131601334
B1933434747998N11957296WA0131301331
B1933444747995N11957283WA0131201329
B1933454747993N11957271WA0130901327
B1933464747991N11957259WA0130801326
B1933474747989N11957248WA0130601325
B1933484747987N11957237WA0130501323
B1933494747984N11957225WA0130301320
B1933504747982N11957213WA0130101318
B1933514747980N11957201WA0129801315
B1933524747978N11957188WA0129701314
B1933534747976N11957177WA0129501313
B1933544747974N11957165WA0129401312
B1933554747972N11957154WA0129201310
B1933564747970N11957142WA0129001308
B1933574747968N11957130WA0128801306
B1933584747966N11957117WA0128701304
B1933594747964N11957105WA0128501303
B1934004747962N11957094WA0128301301
B1934014747960N11957082WA0128101300
B1934024747957N11957070WA0128001298
B1934034747955N11957058WA0127801296
B1934044747953N11957046WA0127601294
B1934054747951N11957034WA0127401293
B1934064747949N11957022WA0127301292
B1934074747947N11957011WA0127201291
B1934084747944N11956999WA0127001289
B1934094747942N11956988WA0126901288
B1934104747940N11956975WA0126701286
B1934114747938N11956963WA0126501284
B1934124747936N11956951WA0126401282
B1934134747934N11956940WA0126201281
B1934144747932N11956929WA0126101280
B1934154747929N11956917WA0126001279
B1934164747927N11956906WA0125901277
B1934174747925N11956894WA0125701275
B1934184747922N11956882WA0125501274
B1934194747920N11956871WA0125401273
B1934204747917N11956860WA0125301272
B1934214747915N11956849WA0125101272
B1934224747912N11956838WA0125101271
B1934234747910N11956827WA0124901270
B1934244747907N11956816WA0124801268
B1934254747904N11956804WA0124701267
B1934264747902N11956793WA0124601266
B1934274747900N11956781WA0124401265
B1934284747899N11956770WA0124401264
B1934294747897N11956759WA0124201263
B1934304747895N11956748WA0124101261
B1934314747893N11956736WA0124001258
B1934324747890N11956725WA0123801256
B1934334747887N11956713WA0123601254
B1934344747885N11956701WA0123501252
B1934354747882N11956690WA0123301251
B1934364747880N11956679WA0123201249
B1934374747878N11956668WA0123001248
B1934384747876N11956657WA0122901247
B1934394747874N11956646WA0122801246
B1934404747872N11956636WA0122701245
B1934414747871N11956624WA0122501243
B1934424747869N11956613WA0122401240
B1934434747867N11956600WA0122201237
B1934444747864N11956587WA0122001235
B1934454747862N11956575WA0121801233
B1934464747861N11956563WA0121701233
B1934474747860N11956552WA0121501232
B1934484747858N11956541WA0121401231
B1934494747857N11956529WA0121301230
B1934504747856N11956517WA0121101228
B1934514747854N11956505WA0121001227
B1934524747853N11956493WA0120901227
B1934534747851N11956482WA0120801228
B1934544747850N11956471WA0120701227
B1934554747848N11956460WA0120701227
B1934564747846N11956449WA0120601226
B1934574747844N11956438WA0120501226
B1934584747842N11956428WA0120501225
B1934594747841N11956417WA0120401225
B1935004747839N11956406WA0120301225
B1935014747838N11956395WA0120301224
B1935024747837N11956384WA0120201223
B1935034747835N11956373WA0120101222
B1935044747833N11956362WA0120001221
B1935054747832N11956351WA0120001220
B1935064747830N11956340WA0119901219
B1935074747829N11956329WA0119801218
B1935084747827N11956318WA0119701217
B1935094747825N11956307WA0119601216
B1935104747823N11956296WA0119501215
B1935114747821N11956285WA0119401214
B1935124747819N11956273WA0119301213
B1935134747818N11956262WA0119201212
B1935144747816N11956251WA0119201211
B1935154747815N11956239WA0119101210
B1935164747814N11956228WA0119001209
B1935174747812N11956217WA0118901208
B1935184747811N11956205WA0118801207
B1935194747810N11956193WA0118701206
B1935204747809N11956181WA0118601204
B1935214747808N11956170WA0118501203
B1935224747806N11956158WA0118401202
B1935234747805N11956147WA0118301201
B1935244747804N11956135WA0118201199
B1935254747803N11956123WA0118101198
B1935264747802N11956111WA0118001196
B1935274747800N11956099WA0117801194
B1935284747799N11956087WA0117701192
B1935294747797N11956074WA0117501191
B1935304747795N11956062WA0117401190
B1935314747793N11956051WA0117301188
B1935324747791N11956039WA0117201187
B1935334747789N11956027WA0117001186
B1935344747786N11956015WA0116901184
B1935354747783N11956004WA0116701183
B1935364747780N11955992WA0116601182
B1935374747777N11955981WA0116501181
B1935384747774N11955970WA0116401180
B1935394747771N11955959WA0116201179
B1935404747768N11955947WA0116101177
B1935414747765N11955936WA0115901175
B1935424747761N11955924WA0115801174
B1935434747758N11955913WA0115701173
B1935444747755N11955902WA0115601173
B1935454747752N11955892WA0115501172
B1935464747749N11955881WA0115401171
B1935474747746N11955871WA0115301169
B1935484747742N11955860WA0115101168
B1935494747738N11955848WA0115001166
B1935504747735N11955837WA0114901167
B1935514747733N11955827WA0114901169
B1935524747731N11955818WA0114901172
B1935534747729N11955808WA0114901173
B1935544747727N11955799WA0114901172
B1935554747724N11955789WA0114901172
B1935564747722N11955778WA0114801171
B1935574747720N11955768WA0114801171
B1935584747718N11955757WA0114801171
B1935594747717N11955746WA0114801172
B1936004747716N11955735WA0114801174
B1936014747715N11955725WA0114901177
B1936024747713N11955716WA0115001180
B1936034747711N11955709WA0115201184
B1936044747707N11955703WA0115301186
B1936054747702N11955700WA0115401187
B1936064747698N11955700WA0115501188
B1936074747695N11955702WA0115601190
B1936084747696N11955707WA0115701191
B1936094747700N11955710WA0115801191
B1936104747706N11955713WA0115801190
B1936114747713N11955713WA0115901190
B1936124747720N11955710WA0116001193
B1936134747726N11955704WA0116201197
B1936144747731N11955694WA0116301199
B1936154747735N11955682WA0116501198
B1936164747738N11955669WA0116501198
B1936174747740N11955655WA0116601199
B1936184747738N11955643WA0116701202
B1936194747735N11955633WA0116901204
B1936204747731N11955627WA0117001206
B1936214747726N11955624WA0117201207
B1936224747721N11955623WA0117301209
B1936234747718N11955623WA0117501212
B1936244747717N11955625WA0117601216
B1936254747717N11955628WA0117901218
B1936264747720N11955631WA0118001218
B1936274747725N11955633WA0118201216
B1936284747731N11955635WA0118201216
B1936294747738N11955635WA0118401217
B1936304747745N11955632WA0118501220
B1936314747752N11955625WA0118601222
B1936324747758N11955615WA0118701222
B1936334747764N11955603WA0118901223
B1936344747767N11955591WA0119001224
B1936354747769N11955579WA0119101226
B1936364747768N11955568WA0119201227
B1936374747766N11955558WA0119301227
B1936384747762N11955549WA0119401227
B1936394747758N11955543WA0119501228
B1936404747753N11955540WA0119601230
B1936414747750N11955538WA0119801231
B1936424747746N11955537WA0119901232
B1936434747743N11955536WA0120001234
B1936444747741N11955536WA0120101235
B1936454747738N11955536WA0120301236
B1936464747738N11955538WA0120401238
B1936474747738N11955540WA0120501238
B1936484747740N11955544WA0120501237
B1936494747744N11955549WA0120601237
B1936504747748N11955552WA0120601237
B1936514747753N11955554WA0120701239
B1936524747759N11955552WA0120801239
B1936534747765N11955550WA0120901240
B1936544747772N11955547WA0120901239
B1936554747780N11955543WA0121001239
B1936564747787N11955537WA0121001239
B1936574747793N11955528WA0121101240
B1936584747797N11955517WA0121101240
B1936594747800N11955504WA0121101239
B1937004747799N11955492WA0121101238
B1937014747798N11955481WA0121101238
B1937024747795N11955471WA0121101238
B1937034747791N11955463WA0121101239
B1937044747788N11955456WA0121101239
B1937054747785N11955449WA0121101239
B1937064747782N11955443WA0121101240
B1937074747778N11955436WA0121201239
B1937084747774N11955429WA0121201239
B1937094747770N11955421WA0121201239
B1937104747766N11955413WA0121201239
B1937114747762N11955405WA0121201241
B1937124747758N11955397WA0121201242
B1937134747754N11955389WA0121301244
B1937144747750N11955381WA0121401245
B1937154747745N11955372WA0121401246
B1937164747741N11955364WA0121501247
B1937174747737N11955356WA0121601249
B1937184747733N11955349WA0121701250
B1937194747728N11955341WA0121801251
B1937204747723N11955334WA0121801251
B1937214747718N11955325WA0121901251
B1937224747712N11955317WA0121901252
B1937234747707N11955309WA0122001253
B1937244747701N11955302WA0122101253
B1937254747695N11955297WA0122201254
B1937264747689N11955292WA0122201254
B1937274747684N11955287WA0122301254
B1937284747679N11955282WA0122301255
B1937294747674N11955276WA0122401256
B1937304747669N11955270WA0122401257
B1937314747664N11955263WA0122501257
B1937324747660N11955255WA0122501257
B1937334747655N11955248WA0122601257
B1937344747650N11955240WA0122601256
B1937354747645N11955233WA0122601256
B1937364747640N11955225WA0122601255
B1937374747635N11955218WA0122601255
B1937384747631N11955210WA0122601255
B1937394747627N11955201WA0122601254
B1937404747624N11955193WA0122601254
B1937414747621N11955186WA0122701253
B1937424747617N11955179WA0122601252
B1937434747613N11955171WA0122501248
B1937444747608N11955162WA0122401244
B1937454747603N11955153WA0122201241
B1937464747597N11955143WA0122101237
B1937474747591N11955134WA0121801235
B1937484747585N11955125WA0121701234
B1937494747580N11955116WA0121501233
B1937504747574N11955107WA0121401233
B1937514747570N11955099WA0121301232
B1937524747565N11955090WA0121201230
B1937534747560N11955082WA0121001228
B1937544747555N11955073WA0120801226
B1937554747550N11955064WA0120601224
B1937564747545N11955055WA0120501223
B1937574747540N11955046WA0120301222
B1937584747535N11955038WA0120201221
B1937594747531N11955030WA0120101220
B1938004747526N11955022WA0120001219
B1938014747522N11955014WA0119801217
B1938024747517N11955005WA0119701214
B1938034747511N11954996WA0119501212
B1938044747506N11954987WA0119401210
B1938054747501N11954978WA0119101208
B1938064747497N11954970WA0119001207
B1938074747493N11954962WA0118901207
B1938084747489N11954953WA0118801206
B1938094747485N11954945WA0118601203
B1938104747481N11954936WA0118401198
B1938114747475N11954927WA0118201194
B1938124747470N11954919WA0118001192
B1938134747465N11954911WA0117701191
B1938144747460N11954904WA0117601191
B1938154747456N11954898WA0117401191
B1938164747452N11954892WA0117301190
B1938174747447N11954885WA0117101189
B1938184747442N11954878WA0117001187
B1938194747437N11954870WA0116801185
B1938204747432N11954862WA0116701184
B1938214747427N11954853WA0116501183
B1938224747422N11954845WA0116401182
B1938234747418N11954837WA0116301181
B1938244747412N11954829WA0116101180
B1938254747407N11954820WA0116001178
B1938264747402N11954812WA0115901177
B1938274747396N11954803WA0115701176
B1938284747391N11954795WA0115601176
B1938294747387N11954786WA0115501175
B1938304747382N11954778WA0115401174
B1938314747377N11954770WA0115301172
B1938324747372N11954762WA0115201171
B1938334747366N11954754WA0115101170
B1938344747361N11954746WA0115001170
B1938354747356N11954738WA0114901171
B1938364747352N11954730WA0114901172
B1938374747348N11954722WA0114901174
B1938384747344N11954714WA0114901176
B1938394747340N11954706WA0115001177
B1938404747336N11954698WA0115001178
B1938414747331N11954693WA0115101180
B1938424747325N11954691WA0115201182
B1938434747321N11954691WA0115301183
B1938444747317N11954692WA0115301183
B1938454747314N11954694WA0115401183
B1938464747310N11954694WA0115401184
B1938474747305N11954694WA0115501184
B1938484747300N11954694WA0115501184
B1938494747295N11954692WA0115601184
B1938504747290N11954689WA0115601184
B1938514747285N11954686WA0115601183
B1938524747279N11954681WA0115601181
B1938534747274N11954675WA0115601180
B1938544747268N11954668WA0115501178
B1938554747263N11954660WA0115401175
B1938564747258N11954651WA0115401172
B1938574747253N11954643WA0115201169
B1938584747247N11954635WA0115101166
B1938594747241N11954626WA0114801163
B1939004747235N11954617WA0114601159
B1939014747228N11954607WA0114301155
B1939024747222N11954598WA0114101152
B1939034747215N11954588WA0113801149
B1939044747209N11954579WA0113601146
B1939054747202N11954570WA0113301144
B1939064747195N11954561WA0113201141
B1939074747189N11954551WA0112801139
B1939084747182N11954542WA0112601136
B1939094747175N11954532WA0112301134
B1939104747169N11954522WA0112201132
B1939114747162N11954513WA0111901130
B1939124747156N11954503WA0111701129
B1939134747149N11954495WA0111501130
B1939144747144N11954488WA0111501133
B1939154747139N11954482WA0111501136
B1939164747135N11954477WA0111501139
B1939174747130N11954471WA0111501139
B1939184747125N11954465WA0111501137
B1939194747120N11954458WA0111401134
B1939204747113N11954450WA0111301132
B1939214747107N11954442WA0111201131
B1939224747102N11954435WA0111201132
B1939234747096N11954428WA0111101132
B1939244747091N11954421WA0111101132
B1939254747085N11954414WA0111001131
B1939264747079N11954406WA0111001130
B1939274747073N11954398WA0110901128
B1939284747066N11954389WA0110801127
B1939294747060N11954381WA0110701127
B1939304747055N11954373WA0110701127
B1939314747049N11954366WA0110701128
B1939324747045N11954358WA0110701129
B1939334747040N11954349WA0110701129
B1939344747035N11954340WA0110601129
B1939354747030N11954331WA0110601127
B1939364747025N11954322WA0110501126
B1939374747021N11954313WA0110401124
B1939384747015N11954304WA0110401121
B1939394747010N11954295WA0110301120
B1939404747005N11954285WA0110201121
B1939414747000N11954277WA0110201122
B1939424746996N11954269WA0110201124
B1939434746993N11954261WA0110101124
B1939444746989N11954254WA0110101122
B1939454746984N11954245WA0110001119
B1939464746978N11954235WA0109901115
B1939474746973N11954225WA0109701112
B1939484746967N11954217WA0109601111
B1939494746962N11954209WA0109501111
B1939504746957N11954201WA0109401110
B1939514746953N11954193WA0109301110
B1939524746948N11954184WA0109201108
B1939534746942N11954174WA0109101106
B1939544746937N11954165WA0109001104
B1939554746932N11954156WA0108801102
B1939564746926N11954146WA0108701102
B1939574746921N11954137WA0108601101
B1939584746916N11954128WA0108501099
B1939594746911N11954118WA0108301097
B1940004746905N11954107WA0108101095
B1940014746899N11954097WA0108001093
B1940024746894N11954087WA0107901093
B1940034746889N11954077WA0107701094
B1940044746884N11954068WA0107701094
B1940054746879N11954059WA0107601094
B1940064746873N11954050WA0107501093
B1940074746868N11954040WA0107401092
B1940084746863N11954031WA0107301090
B1940094746858N11954021WA0107201087
B1940104746852N11954011WA0107001084
B1940114746847N11954001WA0106801080
B1940124746841N11953992WA0106701078
B1940134746836N11953982WA0106401076
B1940144746830N11953973WA0106301074
B1940154746826N11953964WA0106101072
B1940164746821N11953955WA0106001070
B1940174746816N11953946WA0105801068
B1940184746811N11953936WA0105601066
B1940194746807N11953927WA0105401064
B1940204746802N11953918WA0105301062
B1940214746798N11953909WA0105101060
B1940224746793N11953899WA0104901057
B1940234746787N11953890WA0104601052
B1940244746782N11953879WA0104401050
B1940254746777N11953870WA0104101049
B1940264746773N11953861WA0104001048
B1940274746769N11953852WA0103801047
B1940284746765N11953844WA0103701045
B1940294746761N11953835WA0103401043
B1940304746757N11953825WA0103301040
B1940314746753N11953816WA0103001037
B1940324746749N11953806WA0102801034
B1940334746746N11953796WA0102601032
B1940344746742N11953787WA0102401030
B1940354746739N11953777WA0102201028
B1940364746736N11953768WA0102001025
B1940374746732N11953760WA0101801023
B1940384746728N11953752WA0101701022
B1940394746724N11953745WA0101501022
B1940404746720N11953738WA0101401024
B1940414746716N11953731WA0101301026
B1940424746712N11953725WA0101301027
B1940434746708N11953719WA0101201027
B1940444746703N11953714WA0101201027
B1940454746698N11953710WA0101101027
B1940464746693N11953708WA0101101028
B1940474746689N11953708WA0101101029
B1940484746685N11953709WA0101101031
B1940494746682N11953712WA0101201032
B1940504746679N11953714WA0101201034
B1940514746678N11953718WA0101201035
B1940524746677N11953722WA0101301036
B1940534746679N11953727WA0101301036
B1940544746682N11953731WA0101301036
B1940554746686N11953735WA0101401035
B1940564746692N11953736WA0101401033
B1940574746698N11953734WA0101301031
B1940584746704N11953729WA0101201028
B1940594746708N11953722WA0101101026
B1941004746712N11953714WA0101101025
B1941014746713N11953705WA0101001024
B1941024746714N11953695WA0101001023
B1941034746713N11953686WA0100901021
B1941044746711N11953676WA0100801019
B1941054746710N11953666WA0100701019
B1941064746708N11953656WA0100601020
B1941074746706N11953646WA0100601022
B1941084746704N11953637WA0100601024
B1941094746701N11953629WA0100601026
B1941104746698N11953620WA0100701028
B1941114746695N11953611WA0100701028
B1941124746691N11953603WA0100701027
B1941134746687N11953594WA0100701027
B1941144746682N11953588WA0100701028
B1941154746677N11953585WA0100801031
B1941164746672N11953583WA0100901033
B1941174746667N11953583WA0101001035
B1941184746662N11953584WA0101001035
B1941194746657N11953586WA0101101034
B1941204746652N11953587WA0101101034
B1941214746646N11953588WA0101201035
B1941224746641N11953586WA0101201037
B1941234746636N11953584WA0101401038
B1941244746631N11953580WA0101401039
B1941254746626N11953575WA0101501037
B1941264746620N11953570WA0101501035
B1941274746614N11953564WA0101501032
B1941284746607N11953558WA0101401031
B1941294746600N11953553WA0101401030
B1941304746594N11953548WA0101301029
B1941314746588N11953543WA0101301029
B1941324746582N11953538WA0101201028
B1941334746576N11953532WA0101201027
B1941344746572N11953526WA0101101026
B1941354746567N11953520WA0101101024
B1941364746562N11953513WA0101001021
B1941374746555N11953507WA0100801018
B1941384746549N11953500WA0100701014
B1941394746542N11953494WA0100501012
B1941404746536N11953487WA0100301011
B1941414746530N11953481WA0100201009
B1941424746524N11953474WA0100001007
B1941434746519N11953467WA0099801004
B1941444746513N11953460WA0099600999
B1941454746506N11953452WA0099300995
B1941464746501N11953445WA0099100992
B1941474746495N11953439WA0098800989
B1941484746489N11953432WA0098600986
B1941494746484N11953425WA0098300983
B1941504746479N11953418WA0098100979
B1941514746473N11953411WA0097900976
B1941524746467N11953405WA0097700974
B1941534746461N11953400WA0097400973
B1941544746456N11953396WA0097300975
B1941554746451N11953392WA0097200979
B1941564746447N11953389WA0097200982
B1941574746444N11953386WA0097200985
B1941584746439N11953383WA0097200986
B1941594746434N11953381WA0097200986
B1942004746428N11953380WA0097100986
B1942014746424N11953381WA0097100987
B1942024746421N11953384WA0097100988
B1942034746419N11953387WA0097200990
B1942044746419N11953390WA0097200991
B1942054746421N11953392WA0097200992
B1942064746423N11953394WA0097300992
B1942074746427N11953393WA0097300990
B1942084746432N11953389WA0097300988
B1942094746437N11953381WA0097200986
B1942104746441N11953370WA0097100983
B1942114746444N11953356WA0096900980
B1942124746444N11953342WA0096800977
B1942134746443N11953327WA0096700976
B1942144746439N11953315WA0096600975
B1942154746434N11953305WA0096500975
B1942164746428N11953297WA0096400976
B1942174746423N11953291WA0096400978
B1942184746418N11953286WA0096400980
B1942194746413N11953283WA0096500981
B1942204746407N11953280WA0096500982
B1942214746400N11953277WA0096500982
B1942224746394N11953274WA0096600982
B1942234746387N11953274WA0096600983
B1942244746382N11953276WA0096600986
B1942254746379N11953279WA0096700988
B1942264746378N11953283WA0096800990
B1942274746378N11953285WA0096900992
B1942284746380N11953287WA0097000993
B1942294746383N11953289WA0097100995
B1942304746386N11953289WA0097200997
B1942314746389N11953288WA0097300999
B1942324746393N11953284WA0097401000
B1942334746397N11953278WA0097500999
B1942344746401N11953268WA0097500998
B1942354746403N11953256WA0097600996
B1942364746404N11953243WA0097500995
B1942374746403N11953229WA0097500994
B1942384746399N11953216WA0097500993
B1942394746393N11953206WA0097500995
B1942404746387N11953199WA0097600998
B1942414746380N11953194WA0097701000
B1942424746373N11953191WA0097701001
B1942434746366N11953190WA0097801002
B1942444746359N11953192WA0097901003
B1942454746354N11953195WA0098001005
B1942464746350N11953198WA0098001008
B1942474746348N11953200WA0098201012
B1942484746347N11953201WA0098401015
B1942494746346N11953202WA0098601018
B1942504746346N11953204WA0098801019
B1942514746346N11953207WA0098901019
B1942524746349N11953209WA0099001020
B1942534746353N11953208WA0099201021
B1942544746357N11953205WA0099201021
B1942554746362N11953199WA0099401021
B1942564746366N11953190WA0099401022
B1942574746368N11953178WA0099501022
B1942584746368N11953166WA0099601023
B1942594746367N11953153WA0099701024
B1943004746363N11953142WA0099801027
B1943014746359N11953133WA0100001031
B1943024746353N11953127WA0100201035
B1943034746347N11953121WA0100401037
B1943044746341N11953115WA0100601039
B1943054746333N11953109WA0100801039
B1943064746326N11953106WA0100901040
B1943074746319N11953106WA0101001041
B1943084746313N11953109WA0101101041
B1943094746310N11953113WA0101201042
B1943104746308N11953117WA0101301045
B1943114746309N11953119WA0101601048
B1943124746310N11953120WA0101701051
B1943134746312N11953120WA0102001053
B1943144746315N11953118WA0102101053
B1943154746318N11953115WA0102301054
B1943164746322N11953109WA0102401055
B1943174746325N11953101WA0102501056
B1943184746327N11953091WA0102701059
B1943194746327N11953079WA0102901061
B1943204746324N11953068WA0103001063
B1943214746318N11953058WA0103201064
B1943224746311N11953050WA0103301065
B1943234746304N11953045WA0103501066
B1943244746298N11953044WA0103601068
B1943254746292N11953045WA0103801069
B1943264746288N11953048WA0103901070
B1943274746286N11953052WA0104101072
B1943284746285N11953055WA0104201074
B1943294746285N11953058WA0104401076
B1943304746287N11953060WA0104501078
B1943314746290N11953059WA0104701079
B1943324746294N11953056WA0104801082
B1943334746299N11953050WA0105001084
B1943344746302N11953040WA0105101086
B1943354746303N11953027WA0105301088
B1943364746301N11953014WA0105401090
B1943374746296N11953002WA0105601092
B1943384746289N11952993WA0105801094
B1943394746282N11952988WA0106001096
B1943404746276N11952987WA0106101098
B1943414746270N11952989WA0106301100
B1943424746266N11952992WA0106501100
B1943434746263N11952995WA0106701102
B1943444746262N11952998WA0106801104
B1943454746262N11953001WA0107001105
B1943464746265N11953002WA0107201106
B1943474746268N11953001WA0107401108
B1943484746273N11952998WA0107501111
B1943494746277N11952991WA0107701113
B1943504746281N11952983WA0107901116
B1943514746283N11952973WA0108101119
B1943524746284N11952961WA0108301123
B1943534746284N11952950WA0108501125
B1943544746281N11952937WA0108701126
B1943554746277N11952925WA0108901126
B1943564746272N11952915WA0109001127
B1943574746266N11952908WA0109201129
B1943584746259N11952905WA0109301130
B1943594746253N11952905WA0109501131
B1944004746247N11952907WA0109601131
B1944014746243N11952911WA0109801133
B1944024746240N11952914WA0109901134
B1944034746239N11952919WA0110101135
B1944044746240N11952922WA0110201136
B1944054746242N11952925WA0110301137
B1944064746246N11952926WA0110401138
B1944074746250N11952923WA0110501140
B1944084746255N11952919WA0110601140
B1944094746259N11952912WA0110801141
B1944104746263N11952903WA0110801142
B1944114746265N11952891WA0111001144
B1944124746265N11952879WA0111101146
B1944134746262N11952867WA0111201147
B1944144746257N11952857WA0111301148
B1944154746251N11952850WA0111401148
B1944164746243N11952848WA0111501147
B1944174746237N11952850WA0111501148
B1944184746233N11952854WA0111601149
B1944194746231N11952858WA0111701151
B1944204746231N11952862WA0111801154
B1944214746233N11952864WA0112001156
B1944224746236N11952866WA0112101157
B1944234746240N11952866WA0112301158
B1944244746245N11952864WA0112401159
B1944254746249N11952859WA0112501161
B1944264746254N11952851WA0112701163
B1944274746256N11952840WA0112801165
B1944284746257N11952827WA0112901167
B1944294746256N11952814WA0113101168
B1944304746252N11952803WA0113201169
B1944314746245N11952793WA0113301169
B1944324746238N11952789WA0113401168
B1944334746231N11952788WA0113501169
B1944344746226N11952790WA0113601170
B1944354746222N11952793WA0113701172
B1944364746220N11952796WA0113801174
B1944374746218N11952799WA0114001176
B1944384746217N11952801WA0114201178
B1944394746216N11952805WA0114301178
B1944404746217N11952809WA0114401179
B1944414746219N11952814WA0114501179
B1944424746222N11952816WA0114601181
B1944434746225N11952816WA0114801182
B1944444746229N11952813WA0114901184
B1944454746233N11952808WA0115001184
B1944464746236N11952801WA0115101185
B1944474746239N11952792WA0115201186
B1944484746241N11952782WA0115301187
B1944494746241N11952769WA0115401187
B1944504746239N11952756WA0115501187
B1944514746235N11952743WA0115501188
B1944524746229N11952733WA0115601190
B1944534746223N11952727WA0115801193
B1944544746217N11952724WA0115901196
B1944554746212N11952724WA0116101197
B1944564746208N11952725WA0116201199
B1944574746204N11952728WA0116301200
B1944584746202N11952731WA0116401202
B1944594746202N11952735WA0116601203
B1945004746203N11952738WA0116701204
B1945014746206N11952740WA0116801204
B1945024746211N11952739WA0116901204
B1945034746215N11952735WA0117001205
B1945044746219N11952728WA0117101206
B1945054746221N11952718WA0117201207
B1945064746222N11952706WA0117201207
B1945074746221N11952693WA0117401207
B1945084746220N11952681WA0117401208
B1945094746217N11952669WA0117501209
B1945104746212N11952657WA0117601209
B1945114746207N11952647WA0117701210
B1945124746201N11952639WA0117801212
B1945134746194N11952634WA0117901213
B1945144746189N11952632WA0118001215
B1945154746184N11952632WA0118101216
B1945164746180N11952634WA0118201217
B1945174746177N11952637WA0118301218
B1945184746175N11952641WA0118401220
B1945194746176N11952644WA0118501221
B1945204746179N11952646WA0118601221
B1945214746183N11952647WA0118701221
B1945224746187N11952645WA0118701222
B1945234746191N11952640WA0118801223
B1945244746195N11952631WA0118901224
B1945254746197N11952620WA0119001225
B1945264746198N11952607WA0119101225
B1945274746197N11952594WA0119201227
B1945284746196N11952581WA0119301228
B1945294746194N11952568WA0119401229
B1945304746192N11952556WA0119501231
B1945314746189N11952544WA0119701232
B1945324746185N11952533WA0119801233
B1945334746181N11952523WA0119901233
B1945344746176N11952512WA0119901232
B1945354746172N11952501WA0120001231
B1945364746168N11952490WA0120001230
B1945374746165N11952478WA0120001229
B1945384746161N11952467WA0120001227
B1945394746157N11952455WA0119901225
B1945404746153N11952444WA0119901224
B1945414746149N11952434WA0119901225
B1945424746145N11952424WA0119801224
B1945434746141N11952413WA0119801223
B1945444746136N11952402WA0119701222
B1945454746131N11952391WA0119701221
B1945464746127N11952379WA0119601221
B1945474746123N11952368WA0119601221
B1945484746118N11952357WA0119601222
B1945494746115N11952347WA0119501223
B1945504746111N11952338WA0119501224
B1945514746108N11952329WA0119601224
B1945524746105N11952320WA0119601223
B1945534746102N11952311WA0119501222
B1945544746099N11952301WA0119501221
B1945554746095N11952290WA0119401220
B1945564746091N11952280WA0119401220
B1945574746088N11952271WA0119401220
B1945584746085N11952262WA0119401220
B1945594746081N11952252WA0119301220
B1946004746078N11952242WA0119301219
B1946014746074N11952232WA0119201217
B1946024746071N11952220WA0119201216
B1946034746069N11952209WA0119101214
B1946044746067N11952197WA0119001214
B1946054746064N11952186WA0118901212
B1946064746062N11952175WA0118801210
B1946074746060N11952163WA0118701208
B1946084746059N11952151WA0118601206
B1946094746058N11952139WA0118501205
B1946104746057N11952127WA0118401204
B1946114746055N11952116WA0118301203
B1946124746054N11952104WA0118201201
B1946134746052N11952092WA0118001199
B1946144746051N11952080WA0117901198
B1946154746050N11952068WA0117701196
B1946164746048N11952056WA0117601195
B1946174746047N11952045WA0117501195
B1946184746046N11952033WA0117501196
B1946194746044N11952023WA0117401196
B1946204746043N11952013WA0117401195
B1946214746041N11952003WA0117201193
B1946224746039N11951991WA0117101190
B1946234746037N11951979WA0116901187
B1946244746034N11951967WA0116801185
B1946254746032N11951955WA0116701184
B1946264746029N11951943WA0116601183
B1946274746027N11951932WA0116401181
B1946284746024N11951920WA0116301179
B1946294746022N11951907WA0116101176
B1946304746019N11951895WA0115901175
B1946314746015N11951884WA0115801175
B1946324746013N11951874WA0115701175
B1946334746010N11951865WA0115601177
B1946344746008N11951855WA0115601177
B1946354746006N11951845WA0115601178
B1946364746004N11951835WA0115501178
B1946374746003N11951825WA0115501176
B1946384746001N11951815WA0115401176
B1946394746000N11951804WA0115301175
B1946404745999N11951794WA0115301174
B1946414745998N11951783WA0115201174
B1946424745997N11951774WA0115201173
B1946434745996N11951764WA0115101172
B1946444745995N11951754WA0115101171
B1946454745994N11951745WA0115001170
B1946464745992N11951735WA0114901167
B1946474745992N11951724WA0114801164
B1946484745992N11951712WA0114601161
B1946494745994N11951699WA0114401157
B1946504745997N11951687WA0114301154
B1946514746000N11951675WA0114101153
B1946524746004N11951665WA0114001154
B1946534746007N11951654WA0113801154
B1946544746010N11951643WA0113701154
B1946554746013N11951632WA0113601153
B1946564746017N11951621WA0113501152
B1946574746021N11951611WA0113401152
B1946584746025N11951601WA0113401152
B1946594746029N11951592WA0113301152
B1947004746033N11951583WA0113301152
B1947014746038N11951573WA0113201151
B1947024746042N11951564WA0113101150
B1947034746047N11951553WA0113001149
B1947044746051N11951542WA0113001148
B1947054746056N11951532WA0112901148
B1947064746060N11951522WA0112901148
B1947074746064N11951512WA0112801149
B1947084746068N11951502WA0112801150
B1947094746071N11951493WA0112801150
B1947104746074N11951483WA0112801150
B1947114746078N11951474WA0112701148
B1947124746081N11951464WA0112701144
B1947134746085N11951453WA0112501141
B1947144746089N11951442WA0112401137
B1947154746093N11951430WA0112201134
B1947164746097N11951419WA0112101132
B1947174746101N11951408WA0111901129
B1947184746104N11951397WA0111801126
B1947194746108N11951385WA0111501122
B1947204746113N11951374WA0111301118
B1947214746117N11951362WA0111001114
B1947224746122N11951349WA0110801109
B1947234746127N11951336WA0110301103
B1947244746131N11951323WA0110101099
B1947254746136N11951310WA0109701095
B1947264746139N11951299WA0109401095
B1947274746143N11951289WA0109101093
B1947284746147N11951279WA0108901090
B1947294746151N11951268WA0108501085
B1947304746155N11951255WA0108201079
B1947314746160N11951242WA0107801075
B1947324746163N11951230WA0107501072
B1947334746166N11951219WA0107201071
B1947344746168N11951208WA0107001070
B1947354746170N11951197WA0106701068
B1947364746173N11951187WA0106501065
B1947374746177N11951175WA0106101061
B1947384746180N11951164WA0105901057
B1947394746184N11951153WA0105501054
B1947404746187N11951142WA0105301052
B1947414746191N11951131WA0104901049
B1947424746195N11951120WA0104701045
B1947434746199N11951109WA0104401043
B1947444746203N11951099WA0104201040
B1947454746206N11951090WA0103801038
B1947464746210N11951080WA0103601035
B1947474746214N11951070WA0103301031
B1947484746218N11951059WA0103001028
B1947494746222N11951048WA0102701024
B1947504746226N11951037WA0102501022
B1947514746229N11951027WA0102201020
B1947524746232N11951016WA0102001020
B1947534746235N11951006WA0101701018
B1947544746239N11950996WA0101501016
B1947554746243N11950986WA0101301014
B1947564746246N11950976WA0101101011
B1947574746250N11950965WA0100801008
B1947584746253N11950953WA0100601007
B1947594746256N11950941WA0100301005
B1948004746259N11950928WA0100201004
B1948014746261N11950916WA0100001004
B1948024746261N11950904WA0099901006
B1948034746261N11950893WA0099801009
B1948044746260N11950882WA0099801010
B1948054746258N11950871WA0099701010
B1948064746254N11950860WA0099701008
B1948074746249N11950849WA0099501005
B1948084746242N11950840WA0099401004
B1948094746236N11950835WA0099301005
B1948104746230N11950832WA0099301007
B1948114746226N11950832WA0099201006
B1948124746223N11950834WA0099201004
B1948134746221N11950838WA0099001000
B1948144746220N11950842WA0098900998
B1948154746221N11950846WA0098800996
B1948164746223N11950850WA0098700995
B1948174746226N11950852WA0098500994
B1948184746231N11950851WA0098400994
B1948194746236N11950848WA0098300993
B1948204746240N11950844WA0098300993
B1948214746243N11950842WA0098200992
B1948224746246N11950841WA0098100989
B1948234746250N11950841WA0097900986
B1948244746252N11950842WA0097800983
B1948254746254N11950846WA0097500979
B1948264746256N11950850WA0097400978
B1948274746256N11950853WA0097200978
B1948284746256N11950855WA0097100978
B1948294746255N11950858WA0097000978
B1948304746254N11950860WA0096900977
B1948314746252N11950862WA0096700975
B1948324746251N11950865WA0096600973
B1948334746250N11950867WA0096500971
B1948344746248N11950871WA0096400968
B1948354746247N11950876WA0096100965
B1948364746245N11950882WA0095900961
B1948374746243N11950888WA0095600958
B1948384746242N11950893WA0095500958
B1948394746242N11950897WA0095300958
B1948404746241N11950901WA0095200958
B1948414746241N11950904WA0095100958
B1948424746240N11950907WA0095000957
B1948434746239N11950911WA0094900954
B1948444746238N11950916WA0094700950
B1948454746236N11950922WA0094500947
B1948464746235N11950927WA0094300946
B1948474746234N11950930WA0094100945
B1948484746233N11950933WA0094100944
B1948494746232N11950937WA0093900942
B1948504746230N11950940WA0093800939
B1948514746228N11950945WA0093600935
B1948524746224N11950950WA0093400932
B1948534746221N11950955WA0093200930
B1948544746219N11950960WA0093100929
B1948554746217N11950964WA0092900929
B1948564746216N11950968WA0092800928
B1948574746214N11950972WA0092700927
B1948584746212N11950977WA0092500925
B1948594746209N11950982WA0092400922
B1949004746206N11950986WA0092200920
B1949014746203N11950990WA0092000918
B1949024746200N11950994WA0091900917
B1949034746197N11950997WA0091700914
B1949044746194N11951001WA0091600912
B1949054746191N11951006WA0091300908
B1949064746188N11951011WA0091100905
B1949074746184N11951016WA0090900901
B1949084746181N11951020WA0090700899
B1949094746178N11951023WA0090400897
B1949104746175N11951026WA0090300896
B1949114746173N11951030WA0090100894
B1949124746170N11951034WA0089900892
B1949134746168N11951038WA0089700890
B1949144746164N11951043WA0089500887
B1949154746161N11951047WA0089200884
B1949164746158N11951053WA0089000881
B1949174746155N11951059WA0088700878
B1949184746152N11951064WA0088600877
B1949194746149N11951070WA0088300876
B1949204746147N11951073WA0088200875
B1949214746147N11951074WA0088000874
B1949224746147N11951074WA0087900874
B1949234746147N11951074WA0087800874
B1949244746147N11951073WA0087700873
B1949254746147N11951074WA0087600873
B1949264746146N11951074WA0087600873
B1949274746146N11951074WA0087500874
B1949284746146N11951074WA0087500874
B1949294746147N11951073WA0087400874
B1949304746147N11951073WA0087400874
B1949314746146N11951073WA0087400874
B1949324746146N11951074WA0087300874
B1949334746146N11951074WA0087300874
B1949344746146N11951074WA0087300874
B1949354746146N11951074WA0087300874
B1949364746146N11951074WA0087300874
B1949374746146N11951074WA0087300874
B1949384746146N11951074WA0087300874
B1949394746146N11951074WA0087200874
B1949404746146N11951074WA0087200874
B1949414746146N11951074WA0087200874
B1949424746146N11951074WA0087200874
B1949434746146N11951074WA0087200874
B1949444746146N11951074WA0087200874
B1949454746146N11951074WA0087200874
B1949464746146N11951074WA0087200874
B1949474746146N11951074WA0087200874
B1949484746146N11951074WA0087200874
B1949494746146N11951074WA0087200874
B1949504746146N11951074WA0087200874
B1949514746146N11951074WA0087200874
B1949524746146N11951074WA0087200874
B1949534746145N11951074WA0087200874
B1949544746145N11951074WA0087200874
B1949554746144N11951073WA0087200874
B1949564746144N11951073WA0087200874
B1949574746144N11951074WA0087200874
B1949584746144N11951074WA0087200873
B1949594746144N11951073WA0087200874
B1950004746144N11951073WA0087200874
B1950014746144N11951073WA0087200874
B1950024746143N11951073WA0087200874
B1950034746142N11951073WA0087200874
B1950044746142N11951073WA0087200874
B1950054746141N11951074WA0087200873
B1950064746141N11951074WA0087200873
B1950074746141N11951075WA0087200873
B1950084746141N11951075WA0087200873
B1950094746141N11951075WA0087200873
B1950104746141N11951075WA0087200873
B1950114746141N11951075WA0087100873
B1950124746141N11951075WA0087100874
B1950134746141N11951075WA0087100874
B1950144746141N11951075WA0087100874
B1950154746141N11951075WA0087100874
B1950164746141N11951076WA0087100874
B1950174746141N11951076WA0087100874
B1950184746141N11951076WA0087100874
B1950194746141N11951076WA0087100874
B1950204746141N11951076WA0087100874
B1950214746141N11951076WA0087100874
B1950224746141N11951076WA0087100874
B1950234746141N11951076WA0087100874
B1950244746141N11951076WA0087100874
B1950254746141N11951076WA0087100874
B1950264746141N11951076WA0087100874
B1950274746141N11951076WA0087200873
B1950284746141N11951076WA0087200873
B1950294746141N11951077WA0087200873
B1950304746141N11951078WA0087200873
B1950314746141N11951078WA0087200873
B1950324746141N11951079WA0087200873
B1950334746141N11951080WA0087200873
B1950344746140N11951080WA0087200873
B1950354746140N11951081WA0087200873
B1950364746140N11951081WA0087200873
B1950374746140N11951082WA0087200873
B1950384746139N11951083WA0087200873
B1950394746139N11951084WA0087200873
B1950404746139N11951085WA0087200873
B1950414746139N11951086WA0087200873
B1950424746138N11951086WA0087200873
B1950434746138N11951087WA0087200873
B1950444746138N11951088WA0087200873
B1950454746138N11951089WA0087200873
B1950464746137N11951089WA0087200873
B1950474746137N11951090WA0087200873
B1950484746137N11951090WA0087200873
B1950494746137N11951091WA0087200873
B1950504746137N11951091WA0087200873
B1950514746136N11951091WA0087200873
B1950524746136N11951091WA0087200873
B1950534746136N11951091WA0087200873
B1950544746136N11951091WA0087200873
B1950554746136N11951091WA0087200873
B1950564746136N11951091WA0087200873
B1950574746136N11951092WA0087200873
B1950584746136N11951091WA0087200873
B1950594746136N11951091WA0087200873
B1951004746136N11951091WA0087200873
B1951014746136N11951091WA0087200873
B1951024746136N11951091WA0087200873
B1951034746136N11951091WA0087200873
B1951044746136N11951091WA0087200873
B1951054746136N11951091WA0087200873
B1951064746136N11951091WA0087200873
B1951074746136N11951091WA0087200873
B1951084746136N11951091WA0087200873
B1951094746136N11951091WA0087200873
B1951104746136N11951091WA0087200873
B1951114746136N11951091WA0087200873
B1951124746136N11951091WA0087200873
B1951134746137N11951091WA0087200873
B1951144746137N11951091WA0087200873
B1951154746137N11951091WA0087200873
B1951164746136N11951091WA0087200873
B1951174746136N11951091WA0087200873
B1951184746136N11951091WA0087200873
B1951194746136N11951091WA0087200873
B1951204746136N11951091WA0087200873
B1951214746136N11951091WA0087200873
B1951224746136N11951091WA0087200873
B1951234746136N11951091WA0087200873
B1951244746136N11951091WA0087200873
B1951254746136N11951091WA0087200873
B1951264746136N11951091WA0087200873
B1951274746136N11951091WA0087200873
B1951284746136N11951091WA0087200873
B1951294746136N11951091WA0087200873
B1951304746136N11951091WA0087200873
B1951314746136N11951091WA0087200873
B1951324746136N11951091WA0087200873
B1951334746136N11951091WA0087300873
B1951344746137N11951091WA0087300873
B1951354746137N11951091WA0087300873
B1951364746137N11951091WA0087300873
B1951374746137N11951091WA0087300873
B1951384746137N11951091WA0087300873
B1951394746137N11951091WA0087300873
B1951404746136N11951091WA0087300873
B1951414746136N11951091WA0087300873
B1951424746136N11951091WA0087300873
B1951434746136N11951091WA0087300873
B1951444746136N11951091WA0087300873
B1951454746136N11951091WA0087300873
B1951464746136N11951091WA0087300873
B1951474746136N11951091WA0087300873
B1951484746136N11951091WA0087300873
B1951494746136N11951091WA0087300873
B1951504746136N11951091WA0087300873
B1951514746136N11951091WA0087300873
B1951524746136N11951091WA0087300873
B1951534746136N11951091WA0087300873
B1951544746136N11951091WA0087300873
B1951554746136N11951091WA0087300873
B1951564746136N11951091WA0087300873
B1951574746136N11951091WA0087300873
B1951584746136N11951092WA0087300873
B1951594746136N11951092WA0087300873
B1952004746136N11951092WA0087300873
B1952014746136N11951092WA0087300873
B1952024746136N11951092WA0087300873
B1952034746136N11951092WA0087300873
B1952044746136N11951092WA0087300873
B1952054746136N11951092WA0087300873
B1952064746136N11951092WA0087300873
B1952074746136N11951092WA0087300873
B1952084746136N11951092WA0087300873
B1952094746136N11951092WA0087300874
B1952104746136N11951092WA0087300873
B1952114746136N11951091WA0087300873
B1952124746136N11951092WA0087300873
B1952134746136N11951091WA0087300873
B1952144746136N11951091WA0087300873
B1952154746136N11951091WA0087200874
B1952164746136N11951091WA0087300874
B1952174746136N11951091WA0087300874
B1952184746136N11951091WA0087300874
B1952194746137N11951091WA0087300874
B1952204746136N11951091WA0087300874
B1952214746136N11951091WA0087300873
B1952224746136N11951091WA0087300874
B1952234746136N11951091WA0087300874
B1952244746136N11951091WA0087300874
B1952254746137N11951091WA0087300874
B1952264746137N11951091WA0087300874
B1952274746137N11951091WA0087300874
B1952284746137N11951091WA0087300874
B1952294746137N11951091WA0087300874
B1952304746137N11951091WA0087300873
B1952314746137N11951091WA0087300873
B1952324746137N11951091WA0087300873
B1952334746137N11951091WA0087300873
B1952344746137N11951091WA0087300873
B1952354746137N11951091WA0087300873
B1952364746137N11951091WA0087300873
B1952374746137N11951091WA0087300873
B1952384746137N11951091WA0087300873
B1952394746137N11951091WA0087300873
B1952404746137N11951091WA0087300873
B1952414746137N11951091WA0087300872
B1952424746137N11951091WA0087300872
B1952434746137N11951091WA0087300872
B1952444746137N11951091WA0087200872
B1952454746137N11951091WA0087200872
B1952464746137N11951091WA0087200872
B1952474746137N11951091WA0087300872
B1952484746137N11951091WA0087200872
B1952494746137N11951091WA0087200872
B1952504746137N11951091WA0087200872
B1952514746137N11951091WA0087200872
B1952524746137N11951091WA0087200872
B1952534746137N11951091WA0087300872
B1952544746137N11951091WA0087300872
B1952554746137N11951091WA0087300872
B1952564746137N11951091WA0087300872
B1952574746137N11951091WA0087300872
B1952584746137N11951091WA0087300872
B1952594746137N11951091WA0087300872
B1953004746137N11951091WA0087300872
B1953014746137N11951091WA0087300872
B1953024746137N11951091WA0087300872
B1953034746137N11951091WA0087300873
B1953044746137N11951091WA0087300873
B1953054746137N11951091WA0087300873
B1953064746137N11951091WA0087300872
B1953074746137N11951091WA0087300872
B1953084746137N11951091WA0087300872
B1953094746137N11951091WA0087300872
B1953104746137N11951092WA0087300873
B1953114746137N11951092WA0087300872
B1953124746137N11951092WA0087300872
B1953134746137N11951092WA0087300872
B1953144746137N11951091WA0087300872
B1953154746137N11951091WA0087300872
B1953164746137N11951091WA0087300873
B1953174746137N11951091WA0087300873
B1953184746137N11951091WA0087300873
B1953194746137N11951091WA0087300873
B1953204746137N11951091WA0087300873
B1953214746137N11951091WA0087300873
B1953224746137N11951091WA0087300872
B1953234746137N11951091WA0087300872
B1953244746137N11951091WA0087300872
B1953254746137N11951091WA0087300872
B1953264746137N11951091WA0087300872
B1953274746137N11951091WA0087300872
B1953284746137N11951091WA0087300872
B1953294746137N11951091WA0087300872
B1953304746137N11951091WA0087300872
B1953314746137N11951091WA0087300872
B1953324746137N11951091WA0087300872
B1953334746137N11951091WA0087300872
B1953344746137N11951090WA0087300871
B1953354746137N11951090WA0087200870
B1953364746137N11951090WA0087200871
B1953374746137N11951090WA0087200872
B1953384746137N11951090WA0087200872
B1953394746137N11951090WA0087200872
B1953404746137N11951090WA0087200872
B1953414746137N11951090WA0087200872
B1953424746137N11951090WA0087200873
B1953434746137N11951090WA0087200873
B1953444746137N11951090WA0087200873
B1953454746137N11951090WA0087200873
B1953464746137N11951090WA0087200873
B1953474746137N11951090WA0087200873
B1953484746137N11951090WA0087200873
B1953494746137N11951090WA0087200873
B1953504746137N11951090WA0087200872
B1953514746137N11951090WA0087200872
B1953524746137N11951090WA0087200872
B1953534746137N11951090WA0087200872
B1953544746137N11951090WA0087200872
B1953554746137N11951090WA0087200872
B1953564746137N11951090WA0087200872
B1953574746137N11951090WA0087200872
B1953584746137N11951090WA0087200872
B1953594746137N11951090WA0087200872
B1954004746137N11951090WA0087200872
B1954014746137N11951090WA0087200872
B1954024746137N11951090WA0087200872
B1954034746137N11951090WA0087200873
B1954044746137N11951090WA0087200873
B1954054746137N11951090WA0087200873
B1954064746137N11951090WA0087200872
B1954074746137N11951090WA0087200873
B1954084746137N11951090WA0087200873
B1954094746137N11951090WA0087100873
B1954104746137N11951090WA0087100873
B1954114746137N11951090WA0087100873
B1954124746137N11951090WA0087100873
B1954134746137N11951090WA0087100873
B1954144746137N11951090WA0087100873
B1954154746137N11951090WA0087100873
B1954164746137N11951090WA0087100873
B1954174746137N11951090WA0087100873
B1954184746137N11951090WA0087100873
B1954194746137N11951090WA0087100873
B1954204746137N11951090WA0087100873
B1954214746137N11951090WA0087100873
B1954224746137N11951090WA0087100873
B1954234746137N11951090WA0087100873
B1954244746137N11951090WA0087100874
B1954254746137N11951090WA0087100874
B1954264746137N11951090WA0087100873
B1954274746137N11951090WA0087100874
B1954284746137N11951090WA0087100874
B1954294746137N11951090WA0087100874
B1954304746137N11951090WA0087100874
B1954314746137N11951090WA0087100874
B1954324746137N11951090WA0087100874
B1954334746137N11951090WA0087100874
B1954344746137N11951090WA0087100874
B1954354746137N11951090WA0087100874
B1954364746137N11951090WA0087100874
B1954374746137N11951090WA0087100874
B1954384746137N11951090WA0087200874
B1954394746137N11951090WA0087200874
B1954404746137N11951090WA0087200874
B1954414746137N11951090WA0087200874
B1954424746137N11951090WA0087200873
B1954434746137N11951090WA0087200873
B1954444746137N11951090WA0087200873
B1954454746137N11951090WA0087200873
B1954464746137N11951090WA0087200873
B1954474746137N11951090WA0087200873
B1954484746137N11951090WA0087200873
B1954494746137N11951090WA0087200873
B1954504746137N11951089WA0087200873
B1954514746137N11951089WA0087200873
B1954524746137N11951089WA0087200873
B1954534746137N11951089WA0087200873
B1954544746137N11951089WA0087200873
B1954554746137N11951089WA0087200873
B1954564746137N11951089WA0087200873
B1954574746137N11951089WA0087200873
B1954584746137N11951089WA0087200873
B1954594746137N11951089WA0087200873
B1955004746137N11951089WA0087200873
B1955014746137N11951089WA0087200873
B1955024746137N11951089WA0087200873
B1955034746137N11951089WA0087200873
B1955044746137N11951089WA0087200873
B1955054746137N11951089WA0087200873
B1955064746137N11951089WA0087200873
B1955074746137N11951089WA0087200873
B1955084746137N11951089WA0087200873
B1955094746137N11951089WA0087200873
B1955104746137N11951089WA0087200873
B1955114746137N11951089WA0087200873
B1955124746137N11951089WA0087200872
B1955134746137N11951089WA0087200872
B1955144746137N11951089WA0087200872
B1955154746137N11951089WA0087200872
B1955164746137N11951089WA0087200872
B1955174746137N11951089WA0087200872
B1955184746137N11951089WA0087100872
B1955194746137N11951089WA0087100872
B1955204746137N11951089WA0087100872
B1955214746137N11951089WA0087200872
B1955224746137N11951089WA0087200872
B1955234746137N11951089WA0087100872
B1955244746137N11951089WA0087100872
B1955254746137N11951089WA0087100872
B1955264746137N11951089WA0087100872
B1955274746137N11951089WA0087100872
B1955284746137N11951089WA0087100872
B1955294746137N11951089WA0087100872
B1955304746137N11951089WA0087100872
B1955314746137N11951089WA0087100872
B1955324746137N11951089WA0087100872
B1955334746137N11951089WA0087100872
B1955344746137N11951089WA0087100872
B1955354746137N11951089WA0087100872
B1955364746137N11951089WA0087100872
B1955374746137N11951089WA0087100872
B1955384746137N11951089WA0087100872
B1955394746137N11951089WA0087100872
B1955404746137N11951089WA0087100872
B1955414746137N11951089WA0087100872
B1955424746137N11951089WA0087100872
B1955434746137N11951089WA0087100872
B1955444746137N11951089WA0087100872
B1955454746137N11951089WA0087100872
B1955464746137N11951089WA0087100872
B1955474746137N11951089WA0087100872
B1955484746137N11951089WA0087100872
B1955494746137N11951089WA0087100872
B1955504746137N11951089WA0087100872
B1955514746137N11951089WA0087100873
B1955524746137N11951089WA0087100873
B1955534746137N11951089WA0087100873
B1955544746137N11951089WA0087100873
B1955554746137N11951089WA0087100873
B1955564746137N11951089WA0087100873
B1955574746137N11951089WA0087100873
B1955584746137N11951089WA0087100873
B1955594746137N11951089WA0087100873
B1956004746137N11951089WA0087100873
B1956014746137N11951089WA0087100872
B1956024746137N11951089WA0087100872
B1956034746137N11951089WA0087100872
B1956044746137N11951089WA0087100872
B1956054746137N11951089WA0087100872
B1956064746137N11951089WA0087100873
B1956074746137N11951089WA0087100872
B1956084746137N11951089WA0087100872
B1956094746137N11951089WA0087100873
B1956104746137N11951089WA0087100872
B1956114746137N11951089WA0087100872
B1956124746137N11951089WA0087100873
B1956134746137N11951089WA0087100873
B1956144746137N11951089WA0087100873
B1956154746137N11951089WA0087100872
B1956164746137N11951089WA0087100872
B1956174746137N11951089WA0087100872
B1956184746137N11951089WA0087100872
B1956194746137N11951089WA0087100872
B1956204746137N11951089WA0087100873
B1956214746137N11951089WA0087100873
B1956224746137N11951089WA0087100872
B1956234746137N11951089WA0087100872
B1956244746137N11951089WA0087100872
B1956254746137N11951089WA0087100872
B1956264746137N11951089WA0087100872
B1956274746137N11951089WA0087100872
B1956284746137N11951089WA0087100872
B1956294746137N11951089WA0087100872
B1956304746137N11951089WA0087100872
B1956314746137N11951089WA0087100872
B1956324746137N11951089WA0087100872
B1956334746137N11951089WA0087100872
B1956344746136N11951089WA0087100872
B1956354746136N11951089WA0087100872
B1956364746136N11951089WA0087100872
B1956374746136N11951089WA0087100872
B1956384746137N11951089WA0087100872
B1956394746137N11951089WA0087100872
B1956404746137N11951089WA0087100872
B1956414746137N11951089WA0087100872
B1956424746137N11951089WA0087100872
B1956434746137N11951089WA0087100872
B1956444746137N11951089WA0087100872
B1956454746137N11951089WA0087100872
B1956464746137N11951089WA0087100872
B1956474746137N11951089WA0087100872
B1956484746137N11951089WA0087100873
B1956494746137N11951089WA0087100873
B1956504746137N11951089WA0087100873
B1956514746137N11951089WA0087100873
B1956524746137N11951089WA0087100873
B1956534746137N11951089WA0087100873
B1956544746137N11951089WA0087200873
B1956554746136N11951089WA0087200873
B1956564746136N11951089WA0087200873
B1956574746136N11951089WA0087200873
B1956584746136N11951089WA0087200873
B1956594746136N11951089WA0087200873
B1957004746136N11951089WA0087200873
B1957014746136N11951089WA0087200873
B1957024746136N11951089WA0087200873
B1957034746136N11951089WA0087200873
B1957044746136N11951089WA0087100873
B1957054746136N11951089WA0087100873
B1957064746136N11951089WA0087100873
B1957074746136N11951089WA0087100873
B1957084746136N11951089WA0087100873
B1957094746136N11951089WA0087100873
B1957104746136N11951089WA0087100873
B1957114746136N11951089WA0087100873
B1957124746136N11951089WA0087100873
B1957134746136N11951089WA0087100873
B1957144746136N11951089WA0087100873
B1957154746136N11951089WA0087100873
B1957164746136N11951089WA0087100873
B1957174746136N11951089WA0087100873
B1957184746136N11951089WA0087100873
B1957194746136N11951089WA0087100873
B1957204746136N11951089WA0087100873
B1957214746136N11951089WA0087100873
B1957224746136N11951089WA0087100873
B1957234746136N11951089WA0087100873
B1957244746136N11951089WA0087100873
B1957254746136N11951089WA0087100873
B1957264746136N11951089WA0087200873
B1957274746136N11951089WA0087200873
B1957284746136N11951089WA0087200873
B1957294746136N11951089WA0087200873
B1957304746136N11951089WA0087200873
B1957314746136N11951089WA0087100873
B1957324746136N11951089WA0087100873
B1957334746137N11951089WA0087100873
B1957344746137N11951089WA0087100873
B1957354746137N11951089WA0087100873
B1957364746137N11951089WA0087100874
B1957374746137N11951089WA0087100874
B1957384746137N11951089WA0087100873
B1957394746137N11951089WA0087100873
B1957404746137N11951089WA0087100873
B1957414746137N11951089WA0087100873
B1957424746137N11951089WA0087100873
B1957434746137N11951089WA0087100873
B1957444746137N11951089WA0087100873
B1957454746137N11951089WA0087100873
B1957464746137N11951089WA0087100873
B1957474746137N11951089WA0087100873
B1957484746137N11951089WA0087100873
B1957494746137N11951089WA0087100873
B1957504746137N11951089WA0087100873
B1957514746137N11951089WA0087100873
B1957524746137N11951089WA0087100873
B1957534746137N11951089WA0087100873
B1957544746137N11951089WA0087100873
B1957554746137N11951089WA0087100873
B1957564746137N11951089WA0087100873
B1957574746137N11951089WA0087100873
B1957584746137N11951089WA0087100873
B1957594746137N11951089WA0087100873
B1958004746137N11951089WA0087100873
B1958014746137N11951089WA0087100873
B1958024746137N11951089WA0087100873
B1958034746137N11951089WA0087000873
B1958044746137N11951089WA0087100873
B1958054746137N11951089WA0087100873
B1958064746137N11951089WA0087100873
B1958074746137N11951089WA0087100873
B1958084746137N11951089WA0087200873
B1958094746137N11951089WA0087200873
B1958104746137N11951089WA0087200872
B1958114746137N11951089WA0087200873
B1958124746137N11951089WA0087200873
B1958134746137N11951089WA0087200873
B1958144746137N11951089WA0087200873
B1958154746137N11951089WA0087100873
B1958164746137N11951089WA0087100873
B1958174746137N11951089WA0087100873
B1958184746137N11951089WA0087100873
B1958194746137N11951089WA0087100873
B1958204746137N11951089WA0087100873
B1958214746137N11951089WA0087100873
B1958224746137N11951090WA0087100874
B1958234746137N11951090WA0087100874
B1958244746137N11951090WA0087100874
B1958254746137N11951090WA0087100874
B1958264746137N11951090WA0087100874
B1958274746137N11951090WA0087100874
B1958284746137N11951090WA0087100874
B1958294746137N11951090WA0087100874
B1958304746137N11951090WA0087100874
B1958314746137N11951090WA0087100874
B1958324746137N11951090WA0087100874
B1958334746137N11951090WA0087100874
B1958344746137N11951090WA0087100874
B1958354746137N11951090WA0087100874
B1958364746137N11951090WA0087100874
B1958374746137N11951090WA0087100874
B1958384746137N11951090WA0087100874
B1958394746137N11951090WA0087100874
B1958404746137N11951090WA0087100874
B1958414746137N11951090WA0087100874
B1958424746137N11951090WA0087100874
B1958434746137N11951090WA0087100874
B1958444746137N11951090WA0087100874
B1958454746137N11951090WA0087100874
B1958464746137N11951090WA0087100874
B1958474746137N11951090WA0087100874
B1958484746137N11951090WA0087100874
B1958494746137N11951090WA0087100874
B1958504746137N11951090WA0087100874
B1958514746137N11951090WA0087100874
B1958524746137N11951090WA0087100874
B1958534746137N11951090WA0087100874
B1958544746137N11951090WA0087100874
B1958554746137N11951090WA0087100874
B1958564746137N11951090WA0087100874
B1958574746137N11951090WA0087100874
B1958584746137N11951090WA0087100874
B1958594746137N11951090WA0087100874
B1959004746137N11951090WA0087100874
B1959014746137N11951090WA0087100873
B1959024746137N11951090WA0087100873
B1959034746137N11951090WA0087100873
B1959044746137N11951090WA0087100873
B1959054746137N11951090WA0087100873
B1959064746137N11951090WA0087100873
B1959074746137N11951090WA0087100873
B1959084746138N11951090WA0087100873
B1959094746138N11951090WA0087100873
B1959104746138N11951090WA0087100873
B1959114746138N11951090WA0087100873
B1959124746138N11951090WA0087100873
B1959134746138N11951090WA0087100873
B1959144746138N11951090WA0087100873
B1959154746138N11951090WA0087100873
B1959164746138N11951090WA0087100873
B1959174746138N11951090WA0087100873
B1959184746138N11951090WA0087100873
B1959194746138N11951090WA0087100873
B1959204746138N11951090WA0087100873
B1959214746138N11951090WA0087100873
B1959224746138N11951090WA0087100873
B1959234746138N11951090WA0087100873
B1959244746138N11951090WA0087100873
B1959254746138N11951090WA0087100873
B1959264746138N11951090WA0087100873
B1959274746138N11951090WA0087100873
B1959284746138N11951090WA0087100873
B1959294746138N11951090WA0087100873
B1959304746138N11951090WA0087100873
B1959314746138N11951090WA0087100873
B1959324746138N11951090WA0087100873
B1959334746138N11951090WA0087100873
B1959344746138N11951090WA0087100873
B1959354746138N11951090WA0087100874
B1959364746138N11951090WA0087100874
B1959374746138N11951090WA0087100873
B1959384746138N11951090WA0087100873
B1959394746138N11951090WA0087100873
B1959404746138N11951090WA0087100873
B1959414746138N11951090WA0087100873
B1959424746138N11951090WA0087100873
B1959434746138N11951090WA0087100873
B1959444746138N11951090WA0087100873
B1959454746138N11951090WA0087100873
B1959464746138N11951090WA0087100873
B1959474746138N11951090WA0087100873
B1959484746138N11951090WA0087100873
B1959494746138N11951090WA0087100874
B1959504746138N11951090WA0087100874
B1959514746138N11951090WA0087100874
B1959524746138N11951090WA0087100874
B1959534746138N11951090WA0087100874
B1959544746138N11951090WA0087100874
B1959554746138N11951090WA0087100874
B1959564746138N11951090WA0087100874
B1959574746138N11951090WA0087100874
B1959584746138N11951090WA0087100874
B1959594746138N11951090WA0087100874
B2000004746138N11951090WA0087100874
B2000014746138N11951090WA0087100874
B2000024746138N11951090WA0087100874
B2000034746138N11951090WA0087100874
B2000044746138N11951090WA0087100874
B2000054746138N11951090WA0087100874
B2000064746138N11951090WA0087100874
B2000074746138N11951090WA0087100874
B2000084746138N11951090WA0087100874
B2000094746138N11951090WA0087100874
B2000104746138N11951090WA0087100874
B2000114746138N11951090WA0087100874
B2000124746138N11951090WA0087100874
B2000134746138N11951090WA0087100874
B2000144746138N11951090WA0087100874
B2000154746138N11951090WA0087100874
B2000164746138N11951090WA0087100874
B2000174746138N11951090WA0087100874
B2000184746138N11951090WA0087100874
B2000194746138N11951090WA0087100874
B2000204746138N11951090WA0087100874
B2000214746138N11951090WA0087100874
B2000224746138N11951090WA0087100874
B2000234746138N11951090WA0087100874
B2000244746138N11951090WA0087100874
B2000254746138N11951090WA0087100874
B2000264746138N11951090WA0087100874
B2000274746138N11951090WA0087100874
B2000284746138N11951090WA0087100874
B2000294746138N11951090WA0087100874
B2000304746138N11951090WA0087100874
B2000314746138N11951090WA0087100874
B2000324746138N11951090WA0087100874
B2000334746138N11951090WA0087100874
B2000344746138N11951090WA0087100874
B2000354746138N11951090WA0087100874
B2000364746138N11951090WA0087100875
B2000374746138N11951090WA0087100875
B2000384746138N11951090WA0087100875
B2000394746138N11951090WA0087100875
B2000404746138N11951090WA0087100875
B2000414746138N11951090WA0087100875
B2000424746138N11951090WA0087100875
B2000434746138N11951090WA0087100875
B2000444746138N11951090WA0087100875
B2000454746138N11951090WA0087100875
B2000464746138N11951090WA0087100875
B2000474746138N11951090WA0087100875
B2000484746138N11951090WA0087100875
B2000494746138N11951090WA0087100875
B2000504746138N11951090WA0087100875
B2000514746138N11951091WA0087100876
B2000524746138N11951091WA0087100876
B2000534746138N11951091WA0087100876
B2000544746138N11951091WA0087200876
B2000554746138N11951091WA0087200877
B2000564746138N11951091WA0087200877
B2000574746138N11951091WA0087200877
B2000584746138N11951091WA0087200877
B2000594746138N11951091WA0087200878
B2001004746138N11951091WA0087100878
B2001014746138N11951091WA0087100878
B2001024746138N11951091WA0087100878
B2001034746138N11951091WA0087100878
B2001044746137N11951091WA0087100878
B2001054746137N11951091WA0087100878
B2001064746137N11951091WA0087100878
B2001074746137N11951091WA0087100878
B2001084746138N11951091WA0087100878
B2001094746138N11951091WA0087100878
B2001104746138N11951091WA0087100878
B2001114746138N11951091WA0087100878
B2001124746138N11951091WA0087100878
B2001134746138N11951091WA0087100877
B2001144746138N11951091WA0087100877
B2001154746138N11951091WA0087100877
B2001164746138N11951091WA0087100877
B2001174746138N11951091WA0087100877
B2001184746138N11951091WA0087100877
B2001194746138N11951091WA0087100877
B2001204746138N11951091WA0087100877
B2001214746138N11951091WA0087100877
B2001224746138N11951091WA0087100877
B2001234746138N11951091WA0087100877
B2001244746138N11951091WA0087100877
B2001254746138N11951091WA0087100877
B2001264746138N11951091WA0087100877
B2001274746138N11951091WA0087100877
B2001284746138N11951091WA0087100877
B2001294746138N11951091WA0087100877
B2001304746138N11951091WA0087100877
B2001314746138N11951091WA0087100877
B2001324746138N11951091WA0087100877
B2001334746138N11951091WA0087100877
B2001344746138N11951091WA0087100876
B2001354746138N11951091WA0087100876
B2001364746138N11951091WA0087100877
B2001374746138N11951091WA0087100876
B2001384746138N11951092WA0087100876
B2001394746138N11951092WA0087100876
B2001404746138N11951092WA0087100876
B2001414746138N11951092WA0087100876
B2001424746138N11951092WA0087100876
B2001434746138N11951092WA0087100876
B2001444746138N11951092WA0087100876
B2001454746138N11951092WA0087100876
B2001464746138N11951092WA0087100876
B2001474746138N11951092WA0087100876
B2001484746138N11951092WA0087100876
B2001494746138N11951092WA0087100876
B2001504746138N11951092WA0087100876
B2001514746138N11951091WA0087100876
B2001524746138N11951091WA0087100876
B2001534746138N11951091WA0087100876
B2001544746138N11951091WA0087100876
B2001554746138N11951091WA0087100875
B2001564746138N11951091WA0087100875
B2001574746138N11951091WA0087100875
B2001584746138N11951091WA0087100875
B2001594746138N11951091WA0087100875
B2002004746138N11951091WA0087100875
B2002014746138N11951091WA0087100875
B2002024746138N11951091WA0087100875
B2002034746138N11951091WA0087100875
B2002044746138N11951091WA0087100875
B2002054746138N11951091WA0087100875
B2002064746138N11951091WA0087100875
B2002074746138N11951091WA0087100875
B2002084746138N11951091WA0087100875
B2002094746138N11951091WA0087100875
B2002104746138N11951091WA0087100875
B2002114746138N11951091WA0087100875
B2002124746138N11951091WA0087100875
B2002134746138N11951091WA0087100875
B2002144746138N11951091WA0087100875
B2002154746138N11951091WA0087100875
B2002164746138N11951091WA0087100875
B2002174746138N11951091WA0087100875
B2002184746138N11951091WA0087100876
B2002194746138N11951091WA0087100876
B2002204746138N11951091WA0087100876
B2002214746138N11951091WA0087100876
B2002224746138N11951091WA0087100876
B2002234746138N11951091WA0087100876
B2002244746138N11951091WA0087100876
B2002254746138N11951091WA0087100876
B2002264746138N11951091WA0087100876
B2002274746138N11951091WA0087100876
B2002284746138N11951091WA0087100876
B2002294746138N11951091WA0087100877
B2002304746138N11951091WA0087100877
B2002314746138N11951091WA0087100877
B2002324746138N11951091WA0087100877
B2002334746138N11951091WA0087100877
B2002344746138N11951091WA0087100877
B2002354746138N11951091WA0087100877
B2002364746138N11951091WA0087100877
B2002374746138N11951091WA0087100877
B2002384746138N11951091WA0087100877
B2002394746138N11951091WA0087100877
B2002404746138N11951091WA0087100877
B2002414746138N11951091WA0087100877
B2002424746138N11951091WA0087100877
B2002434746138N11951091WA0087100877
B2002444746138N11951091WA0087100877
B2002454746138N11951091WA0087100877
B2002464746138N11951091WA0087100877
B2002474746138N11951091WA0087100877
B2002484746138N11951091WA0087100877
B2002494746138N11951091WA0087100877
B2002504746138N11951091WA0087100877
B2002514746138N11951091WA0087100877
B2002524746138N11951091WA0087100876
B2002534746138N11951091WA0087100876
B2002544746138N11951091WA0087100876
B2002554746138N11951091WA0087100876
B2002564746138N11951091WA0087100876
B2002574746138N11951091WA0087100876
B2002584746138N11951091WA0087100876
B2002594746138N11951091WA0087100876
B2003004746138N11951091WA0087100876
B2003014746138N11951091WA0087100876
B2003024746138N11951091WA0087100876
B2003034746138N11951091WA0087100876
B2003044746138N11951091WA0087100876
B2003054746138N11951091WA0087100876
B2003064746138N11951091WA0087100876
B2003074746138N11951091WA0087100876
B2003084746138N11951091WA0087100876
B2003094746138N11951091WA0087100876
B2003104746138N11951091WA0087100876
B2003114746138N11951091WA0087100876
B2003124746138N11951091WA0087100876
B2003134746138N11951091WA0087100876
B2003144746138N11951091WA0087100876
B2003154746138N11951091WA0087100876
B2003164746138N11951092WA0087100876
B2003174746138N11951091WA0087100876
B2003184746138N11951091WA0087100876
B2003194746138N11951091WA0087100875
B2003204746138N11951091WA0087100875
B2003214746138N11951091WA0087100875
B2003224746138N11951091WA0087100875
B2003234746138N11951091WA0087100875
B2003244746138N11951091WA0087100875
B2003254746138N11951091WA0087100875
B2003264746138N11951091WA0087100875
B2003274746138N11951091WA0087100875
B2003284746138N11951091WA0087100875
B2003294746138N11951091WA0087100875
B2003304746138N11951091WA0087100875
B2003314746138N11951091WA0087100875
B2003324746138N11951091WA0087100875
B2003334746138N11951091WA0087100875
B2003344746138N11951091WA0087100875
B2003354746138N11951091WA0087100875
B2003364746138N11951091WA0087100875
B2003374746138N11951091WA0087100875
B2003384746138N11951091WA0087100875
B2003394746138N11951091WA0087100875
B2003404746138N11951091WA0087100875
B2003414746138N11951091WA0087100875
B2003424746138N11951092WA0087100875
B2003434746138N11951091WA0087100875
B2003444746138N11951092WA0087100875
B2003454746138N11951092WA0087100875
B2003464746138N11951092WA0087100875
B2003474746138N11951092WA0087100875
B2003484746138N11951091WA0087100875
B2003494746138N11951091WA0087100875
B2003504746138N11951092WA0087100875
B2003514746138N11951092WA0087100875
B2003524746138N11951092WA0087100875
B2003534746138N11951092WA0087100875
B2003544746138N11951092WA0087100875
B2003554746138N11951092WA0087100875
B2003564746138N11951092WA0087100875
B2003574746138N11951092WA0087100875
B2003584746138N11951092WA0087100875
B2003594746138N11951092WA0087100875
B2004004746138N11951092WA0087100875
B2004014746138N11951092WA0087100875
B2004024746138N11951092WA0087100875
B2004034746138N11951092WA0087100875
B2004044746138N11951092WA0087100875
B2004054746138N11951092WA0087100875
B2004064746138N11951092WA0087100875
B2004074746138N11951092WA0087100875
B2004084746138N11951092WA0087100875
B2004094746138N11951091WA0087100875
B2004104746138N11951091WA0087100875
B2004114746138N11951091WA0087100875
B2004124746138N11951091WA0087100875
B2004134746138N11951091WA0087100875
B2004144746138N11951091WA0087100875
B2004154746138N11951091WA0087100875
B2004164746138N11951091WA0087100875
B2004174746138N11951091WA0087100875
B2004184746138N11951091WA0087100875
B2004194746138N11951091WA0087100876
B2004204746138N11951091WA0087100876
B2004214746138N11951091WA0087100876
B2004224746138N11951091WA0087100876
B2004234746138N11951091WA0087100876
B2004244746138N11951091WA0087100876
B2004254746138N11951091WA0087100876
B2004264746138N11951091WA0087100876
B2004274746138N11951091WA0087100876
B2004284746138N11951091WA0087100876
B2004294746138N11951091WA0087100875
B2004304746138N11951091WA0087100875
B2004314746138N11951091WA0087100875
B2004324746138N11951092WA0087100875
B2004334746138N11951092WA0087100875
B2004344746138N11951092WA0087100876
B2004354746138N11951092WA0087100876
B2004364746138N11951092WA0087100876
B2004374746138N11951092WA0087100876
B2004384746138N11951092WA0087100876
B2004394746138N11951092WA0087100876
B2004404746138N11951092WA0087100876
B2004414746138N11951092WA0087100876
B2004424746138N11951092WA0087100876
B2004434746138N11951092WA0087100876
B2004444746138N11951092WA0087100876
B2004454746138N11951092WA0087100876
B2004464746138N11951092WA0087100876
B2004474746138N11951092WA0087100876
B2004484746138N11951092WA0087100876
B2004494746138N11951092WA0087100876
B2004504746138N11951092WA0087100876
B2004514746138N11951092WA0087100876
B2004524746138N11951092WA0087100876
B2004534746138N11951092WA0087100876
B2004544746138N11951092WA0087100876
B2004554746138N11951092WA0087100876
B2004564746138N11951092WA0087100876
B2004574746138N11951092WA0087100876
B2004584746139N11951092WA0087100876
B2004594746139N11951092WA0087100875
B2005004746139N11951092WA0087100875
B2005014746139N11951092WA0087100875
B2005024746139N11951092WA0087100875
B2005034746139N11951092WA0087100875
B2005044746139N11951092WA0087100875
B2005054746139N11951092WA0087100875
B2005064746139N11951092WA0087100875
B2005074746139N11951092WA0087100875
B2005084746139N11951092WA0087100874
B2005094746139N11951092WA0087100874
B2005104746139N11951092WA0087100874
B2005114746139N11951092WA0087100874
B2005124746139N11951092WA0087100874
B2005134746139N11951092WA0087100874
B2005144746139N11951092WA0087100874
B2005154746139N11951092WA0087100874
B2005164746139N11951092WA0087100874
B2005174746139N11951092WA0087100874
B2005184746139N11951092WA0087100874
B2005194746139N11951092WA0087100874
B2005204746139N11951092WA0087100874
B2005214746139N11951092WA0087100874
B2005224746139N11951092WA0087100874
B2005234746139N11951092WA0087100875
B2005244746139N11951092WA0087100875
B2005254746139N11951092WA0087100875
B2005264746139N11951092WA0087100875
B2005274746139N11951092WA0087100875
B2005284746139N11951092WA0087100875
B2005294746139N11951092WA0087100875
B2005304746139N11951092WA0087100875
B2005314746139N11951092WA0087100875
B2005324746139N11951092WA0087100875
B2005334746139N11951092WA0087100875
B2005344746139N11951092WA0087100875
B2005354746139N11951092WA0087100875
B2005364746139N11951092WA0087100875
B2005374746139N11951092WA0087100875
B2005384746139N11951092WA0087100875
B2005394746139N11951092WA0087100875
B2005404746139N11951092WA0087100875
B2005414746139N11951092WA0087100875
B2005424746139N11951092WA0087100875
B2005434746139N11951092WA0087100875
B2005444746139N11951092WA0087100875
B2005454746139N11951092WA0087100875
B2005464746139N11951092WA0087100875
B2005474746139N11951092WA0087100875
B2005484746139N11951092WA0087100875
B2005494746139N11951092WA0087100875
B2005504746139N11951092WA0087100875
B2005514746139N11951092WA0087100875
B2005524746139N11951092WA0087100875
B2005534746139N11951092WA0087100875
B2005544746139N11951092WA0087100875
B2005554746139N11951092WA0087100875
B2005564746139N11951092WA0087100875
B2005574746139N11951092WA0087100875
B2005584746139N11951092WA0087100875
B2005594746139N11951092WA0087100875
B2006004746139N11951092WA0087200875
B2006014746139N11951092WA0087200875
B2006024746139N11951092WA0087200875
B2006034746139N11951092WA0087200875
B2006044746139N11951092WA0087200875
B2006054746139N11951092WA0087200875
B2006064746139N11951092WA0087200875
B2006074746139N11951092WA0087200875
B2006084746139N11951092WA0087200875
B2006094746139N11951092WA0087200875
B2006104746139N11951092WA0087200875
B2006114746139N11951092WA0087200876
B2006124746139N11951092WA0087200876
B2006134746139N11951092WA0087200876
B2006144746139N11951092WA0087200876
B2006154746139N11951092WA0087200876
B2006164746139N11951092WA0087200876
B2006174746139N11951092WA0087200876
B2006184746139N11951092WA0087200876
B2006194746139N11951092WA0087200876
B2006204746139N11951092WA0087200876
B2006214746139N11951092WA0087200876
B2006224746139N11951092WA0087200876
B2006234746139N11951092WA0087200876
B2006244746139N11951092WA0087200876
B2006254746139N11951092WA0087200876
B2006264746139N11951092WA0087200876
B2006274746139N11951092WA0087200876
B2006284746139N11951092WA0087200876
B2006294746139N11951092WA0087200876
B2006304746139N11951092WA0087200876
B2006314746139N11951092WA0087200876
B2006324746139N11951092WA0087200876
B2006334746139N11951092WA0087200876
B2006344746139N11951092WA0087200876
B2006354746139N11951092WA0087200876
B2006364746139N11951092WA0087200876
B2006374746139N11951092WA0087200876
B2006384746139N11951092WA0087200876
B2006394746139N11951092WA0087200876
B2006404746139N11951092WA0087200876
B2006414746139N11951092WA0087200876
B2006424746139N11951092WA0087200876
B2006434746139N11951092WA0087200876
B2006444746139N11951092WA0087200876
B2006454746139N11951092WA0087200876
B2006464746139N11951092WA0087200876
B2006474746139N11951092WA0087200876
B2006484746139N11951092WA0087200876
B2006494746139N11951092WA0087200876
B2006504746139N11951092WA0087200876
B2006514746139N11951092WA0087200877
B2006524746139N11951092WA0087200877
B2006534746139N11951092WA0087200877
B2006544746139N11951092WA0087200877
B2006554746139N11951092WA0087200877
B2006564746139N11951092WA0087200877
B2006574746139N11951092WA0087200877
B2006584746139N11951092WA0087200877
B2006594746139N11951092WA0087200876
B2007004746139N11951092WA0087200876
B2007014746139N11951092WA0087200876
B2007024746139N11951092WA0087200876
B2007034746139N11951092WA0087200876
B2007044746139N11951092WA0087200877
B2007054746139N11951092WA0087200877
B2007064746139N11951092WA0087200877
B2007074746139N11951092WA0087200876
B2007084746139N11951092WA0087200876
B2007094746139N11951092WA0087200876
B2007104746139N11951092WA0087200876
B2007114746139N11951092WA0087200876
B2007124746139N11951092WA0087200876
B2007134746139N11951092WA0087200876
B2007144746139N11951092WA0087200876
B2007154746139N11951092WA0087200876
B2007164746139N11951092WA0087200876
B2007174746139N11951092WA0087200876
B2007184746139N11951092WA0087200876
B2007194746139N11951092WA0087200876
B2007204746139N11951092WA0087200876
B2007214746139N11951092WA0087200876
B2007224746139N11951092WA0087200876
B2007234746139N11951092WA0087200876
B2007244746139N11951092WA0087200876
B2007254746139N11951092WA0087200876
B2007264746139N11951092WA0087200876
B2007274746139N11951092WA0087200876
B2007284746139N11951092WA0087200876
B2007294746139N11951092WA0087200876
B2007304746139N11951092WA0087200876
B2007314746139N11951092WA0087200876
B2007324746139N11951092WA0087200876
B2007334746139N11951092WA0087200876
B2007344746139N11951092WA0087200876
B2007354746139N11951092WA0087200876
B2007364746139N11951092WA0087200876
B2007374746139N11951092WA0087200876
B2007384746139N11951092WA0087200876
B2007394746139N11951092WA0087200876
B2007404746139N11951092WA0087200876
B2007414746139N11951092WA0087200876
B2007424746139N11951092WA0087200876
B2007434746139N11951092WA0087200876
B2007444746139N11951092WA0087200876
B2007454746139N11951093WA0087200876
B2007464746139N11951093WA0087200876
B2007474746139N11951093WA0087200876
B2007484746139N11951093WA0087200876
B2007494746139N11951093WA0087200876
B2007504746139N11951093WA0087200876
B2007514746139N11951093WA0087200876
B2007524746139N11951093WA0087200876
B2007534746139N11951093WA0087200876
B2007544746139N11951093WA0087200876
B2007554746139N11951093WA0087200876
B2007564746139N11951093WA0087200876
B2007574746139N11951093WA0087200876
B2007584746139N11951093WA0087200876
B2007594746139N11951093WA0087200876
B2008004746139N11951093WA0087200876
B2008014746139N11951093WA0087200876
B2008024746139N11951093WA0087200876
B2008034746139N11951093WA0087200876
B2008044746139N11951093WA0087200876
B2008054746139N11951093WA0087200876
B2008064746139N11951093WA0087200876
B2008074746139N11951093WA0087200876
B2008084746139N11951093WA0087200876
B2008094746139N11951092WA0087200876
B2008104746139N11951092WA0087200876
B2008114746139N11951092WA0087200876
B2008124746139N11951092WA0087200876
B2008134746139N11951092WA0087200876
B2008144746139N11951092WA0087200876
B2008154746139N11951092WA0087200876
B2008164746139N11951092WA0087200876
B2008174746139N11951092WA0087200876
B2008184746139N11951092WA0087200876
B2008194746139N11951092WA0087200876
B2008204746139N11951092WA0087200875
B2008214746139N11951092WA0087200875
B2008224746139N11951092WA0087200875
B2008234746139N11951092WA0087200875
B2008244746139N11951092WA0087200875
B2008254746139N11951092WA0087200875
B2008264746139N11951092WA0087200875
B2008274746139N11951092WA0087200875
B2008284746139N11951092WA0087200875
B2008294746139N11951092WA0087200875
B2008304746139N11951092WA0087200875
B2008314746139N11951092WA0087200875
B2008324746139N11951092WA0087200875
B2008334746139N11951092WA0087200875
B2008344746139N11951092WA0087200875
B2008354746139N11951092WA0087200875
B2008364746139N11951092WA0087200875
B2008374746139N11951092WA0087200875
B2008384746139N11951092WA0087200875
B2008394746139N11951092WA0087200875
B2008404746139N11951092WA0087200875
B2008414746139N11951092WA0087200875
B2008424746138N11951092WA0087200875
B2008434746138N11951092WA0087200875
B2008444746138N11951092WA0087200875
B2008454746138N11951092WA0087200875
B2008464746138N11951092WA0087200875
B2008474746138N11951092WA0087200875
B2008484746138N11951092WA0087200875
B2008494746138N11951092WA0087200875
B2008504746138N11951092WA0087200875
B2008514746138N11951092WA0087200875
B2008524746139N11951092WA0087200875
B2008534746139N11951092WA0087200875
B2008544746139N11951092WA0087200875
B2008554746139N11951092WA0087200875
B2008564746139N11951092WA0087200875
B2008574746139N11951092WA0087200875
B2008584746139N11951092WA0087200875
B2008594746139N11951092WA0087200875
B2009004746139N11951092WA0087200875
B2009014746139N11951092WA0087200875
B2009024746139N11951092WA0087200875
B2009034746139N11951092WA0087200875
B2009044746139N11951092WA0087200875
B2009054746139N11951092WA0087200875
B2009064746139N11951092WA0087200875
B2009074746139N11951092WA0087200875
B2009084746139N11951092WA0087200874
B2009094746139N11951092WA0087200874
B2009104746139N11951092WA0087200874
B2009114746139N11951092WA0087200874
B2009124746139N11951092WA0087200874
B2009134746139N11951092WA0087100874
B2009144746139N11951092WA0087100874
B2009154746139N11951092WA0087100874
B2009164746139N11951092WA0087100874
B2009174746139N11951092WA0087100874
B2009184746139N11951092WA0087100874
B2009194746139N11951092WA0087100874
B2009204746139N11951092WA0087100874
B2009214746139N11951092WA0087100874
B2009224746139N11951092WA0087100874
B2009234746139N11951092WA0087100874
B2009244746139N11951092WA0087100874
B2009254746139N11951092WA0087100874
B2009264746139N11951092WA0087100874
B2009274746138N11951092WA0087100874
B2009284746138N11951092WA0087100874
B2009294746138N11951092WA0087100874
B2009304746138N11951092WA0087100874
B2009314746138N11951092WA0087100874
B2009324746138N11951092WA0087100874
B2009334746138N11951092WA0087100874
B2009344746138N11951092WA0087100874
B2009354746138N11951092WA0087100874
B2009364746138N11951092WA0087100874
B2009374746138N11951092WA0087100874
B2009384746138N11951092WA0087100874
B2009394746138N11951092WA0087100874
B2009404746138N11951092WA0087100874
B2009414746138N11951092WA0087100874
B2009424746138N11951092WA0087100874
B2009434746138N11951092WA0087100874
B2009444746138N11951092WA0087100874
B2009454746138N11951092WA0087100874
B2009464746138N11951092WA0087100874
B2009474746138N11951092WA0087100874
B2009484746138N11951092WA0087100874
B2009494746138N11951092WA0087100874
B2009504746138N11951092WA0087100874
B2009514746138N11951092WA0087100874
B2009524746138N11951092WA0087100874
B2009534746138N11951092WA0087100874
B2009544746138N11951092WA0087100874
B2009554746138N11951092WA0087100874
B2009564746138N11951092WA0087100874
B2009574746138N11951092WA0087100874
B2009584746138N11951092WA0087100874
B2009594746138N11951092WA0087200874
B2010004746139N11951092WA0087200874
B2010014746139N11951092WA0087200874
B2010024746139N11951092WA0087200874
B2010034746138N11951092WA0087200874
B2010044746139N11951092WA0087200874
B2010054746139N11951092WA0087200874
B2010064746139N11951092WA0087200874
B2010074746139N11951092WA0087200874
B2010084746139N11951092WA0087200874
B2010094746139N11951092WA0087200874
B2010104746139N11951092WA0087200874
B2010114746139N11951092WA0087200874
B2010124746139N11951092WA0087200874
B2010134746139N11951092WA0087200874
B2010144746139N11951092WA0087200874
B2010154746139N11951092WA0087200874
B2010164746139N11951092WA0087100874
B2010174746139N11951092WA0087100874
B2010184746139N11951092WA0087100874
B2010194746139N11951092WA0087100874
B2010204746139N11951092WA0087100874
B2010214746139N11951092WA0087100874
B2010224746139N11951092WA0087200874
B2010234746139N11951092WA0087200874
B2010244746139N11951092WA0087200874
B2010254746139N11951092WA0087200874
B2010264746139N11951092WA0087200874
B2010274746139N11951092WA0087200874
B2010284746139N11951092WA0087100874
B2010294746139N11951092WA0087200874
B2010304746139N11951092WA0087200874
B2010314746139N11951092WA0087200874
B2010324746139N11951092WA0087200874
B2010334746139N11951092WA0087200874
B2010344746139N11951092WA0087200874
B2010354746139N11951092WA0087200874
B2010364746139N11951092WA0087200874
B2010374746139N11951092WA0087200874
B2010384746139N11951092WA0087200874
B2010394746139N11951092WA0087200874
B2010404746139N11951092WA0087200874
B2010414746139N11951092WA0087200874
B2010424746139N11951092WA0087200874
B2010434746139N11951092WA0087200874
B2010444746139N11951092WA0087200874
B2010454746139N11951092WA0087200874
B2010464746139N11951092WA0087200874
B2010474746139N11951092WA0087200874
B2010484746139N11951092WA0087200874
B2010494746139N11951092WA0087200874
B2010504746139N11951092WA0087200874
B2010514746139N11951092WA0087200874
B2010524746139N11951092WA0087200874
B2010534746139N11951092WA0087200874
B2010544746139N11951092WA0087200874
B2010554746139N11951092WA0087200874
B2010564746139N11951092WA0087200874
B2010574746139N11951092WA0087200874
B2010584746139N11951092WA0087200874
B2010594746139N11951092WA0087200874
B2011004746139N11951092WA0087200874
B2011014746139N11951092WA0087200874
B2011024746139N11951092WA0087200874
B2011034746139N11951092WA0087200874
B2011044746139N11951092WA0087200874
B2011054746139N11951092WA0087200874
B2011064746139N11951092WA0087200874
B2011074746139N11951092WA0087200874
B2011084746139N11951092WA0087200874
B2011094746139N11951092WA0087200874
B2011104746139N11951092WA0087200874
B2011114746139N11951092WA0087200874
B2011124746139N11951092WA0087200874
B2011134746139N11951092WA0087200874
B2011144746139N11951092WA0087200874
B2011154746139N11951092WA0087200874
B2011164746139N11951092WA0087200874
B2011174746139N11951092WA0087200874
B2011184746139N11951092WA0087200875
B2011194746139N11951092WA0087200875
B2011204746139N11951092WA0087200875
B2011214746139N11951092WA0087200876
B2011224746139N11951092WA0087200875
B2011234746139N11951092WA0087200875
B2011244746139N11951092WA0087200875
B2011254746139N11951092WA0087200875
B2011264746139N11951092WA0087200875
B2011274746139N11951092WA0087200875
B2011284746139N11951092WA0087200875
B2011294746139N11951092WA0087200875
B2011304746138N11951092WA0087200875
B2011314746138N11951092WA0087200876
B2011324746138N11951092WA0087200876
B2011334746138N11951092WA0087200876
B2011344746138N11951092WA0087200876
B2011354746138N11951092WA0087200876
B2011364746138N11951092WA0087200876
B2011374746138N11951092WA0087200876
B2011384746138N11951092WA0087200876
B2011394746138N11951092WA0087200876
B2011404746138N11951092WA0087200875
B2011414746138N11951092WA0087200875
B2011424746138N11951092WA0087200875
B2011434746138N11951092WA0087200875
B2011444746138N11951092WA0087200875
B2011454746138N11951092WA0087200875
B2011464746138N11951092WA0087200875
B2011474746138N11951092WA0087200875
B2011484746138N11951092WA0087200875
B2011494746138N11951092WA0087200875
B2011504746138N11951092WA0087200875
B2011514746138N11951092WA0087200875
B2011524746138N11951092WA0087200875
B2011534746138N11951092WA0087200876
B2011544746138N11951092WA0087200876
B2011554746138N11951092WA0087200876
B2011564746138N11951092WA0087200876
B2011574746138N11951092WA0087200876
B2011584746138N11951092WA0087200876
B2011594746138N11951092WA0087200876
B2012004746138N11951092WA0087200876
B2012014746138N11951092WA0087200876
B2012024746138N11951091WA0087200876
B2012034746138N11951091WA0087200876
B2012044746138N11951091WA0087200876
B2012054746138N11951091WA0087200876
B2012064746138N11951091WA0087200876
B2012074746138N11951091WA0087200876
B2012084746138N11951091WA0087200876
B2012094746138N11951091WA0087200876
B2012104746138N11951091WA0087200876
B2012114746138N11951091WA0087200876
B2012124746138N11951091WA0087200876
B2012134746138N11951091WA0087100875
B2012144746138N11951091WA0087200874
B2012154746138N11951091WA0087200873
B2012164746138N11951091WA0087200873
B2012174746138N11951091WA0087200874
B2012184746138N11951092WA0087200874
B2012194746138N11951092WA0087200874
B2012204746138N11951093WA0087200873
B2012214746138N11951093WA0087200871
B2012224746138N11951093WA0087200871
B2012234746138N11951093WA0087200870
B2012244746138N11951093WA0087200869
B2012254746138N11951093WA0087200868
B2012264746138N11951093WA0087200868
B2012274746138N11951093WA0087200868
B2012284746138N11951093WA0087200868
B2012294746138N11951092WA0087200869
B2012304746138N11951092WA0087200869
B2012314746138N11951092WA0087200870
B2012324746138N11951092WA0087200870
B2012334746138N11951092WA0087200870
B2012344746138N11951093WA0087200869
B2012354746138N11951093WA0087200869
B2012364746138N11951093WA0087200870
B2012374746138N11951093WA0087200870
B2012384746137N11951093WA0087200870
B2012394746137N11951093WA0087200870
B2012404746137N11951093WA0087200871
B2012414746137N11951093WA0087200871
B2012424746137N11951093WA0087200871
B2012434746137N11951093WA0087200872
B2012444746137N11951093WA0087200872
B2012454746137N11951093WA0087200872
B2012464746137N11951093WA0087200872
B2012474746137N11951093WA0087200872
B2012484746137N11951093WA0087200872
B2012494746137N11951093WA0087200872
B2012504746137N11951093WA0087200872
B2012514746137N11951093WA0087200872
B2012524746137N11951092WA0087200872
B2012534746137N11951092WA0087200873
B2012544746137N11951092WA0087200873
B2012554746137N11951092WA0087200873
B2012564746137N11951092WA0087200873
B2012574746137N11951092WA0087200873
B2012584746137N11951092WA0087200873
B2012594746137N11951092WA0087200872
B2013004746137N11951092WA0087200872
B2013014746137N11951092WA0087200872
B2013024746137N11951092WA0087200873
B2013034746137N11951092WA0087200873
B2013044746137N11951092WA0087200873
B2013054746137N11951092WA0087200873
B2013064746137N11951092WA0087200873
B2013074746137N11951092WA0087200873
B2013084746137N11951092WA0087200873
B2013094746137N11951092WA0087200874
B2013104746137N11951092WA0087200874
B2013114746137N11951093WA0087200874
B2013124746137N11951092WA0087200874
B2013134746137N11951093WA0087200874
B2013144746137N11951093WA0087200874
B2013154746137N11951092WA0087200874
B2013164746137N11951092WA0087200874
B2013174746137N11951092WA0087200874
B2013184746137N11951092WA0087200874
B2013194746137N11951093WA0087200874
B2013204746136N11951093WA0087200875
B2013214746136N11951093WA0087200875
B2013224746136N11951093WA0087200875
B2013234746136N11951092WA0087200875
B2013244746136N11951092WA0087200875
B2013254746136N11951092WA0087200875
B2013264746136N11951092WA0087200875
B2013274746136N11951092WA0087200875
B2013284746136N11951092WA0087200875
B2013294746136N11951092WA0087200875
B2013304746136N11951092WA0087200875
B2013314746136N11951092WA0087200876
B2013324746136N11951092WA0087200876
B2013334746136N11951092WA0087200876
B2013344746136N11951092WA0087200876
B2013354746136N11951093WA0087200876
B2013364746136N11951093WA0087200875
B2013374746136N11951093WA0087200875
B2013384746136N11951093WA0087200875
B2013394746136N11951093WA0087200875
B2013404746136N11951093WA0087200875
B2013414746136N11951093WA0087200876
B2013424746136N11951093WA0087200876
B2013434746136N11951093WA0087200876
B2013444746136N11951093WA0087100876
B2013454746136N11951093WA0087100876
B2013464746136N11951093WA0087100876
B2013474746136N11951093WA0087100876
B2013484746136N11951093WA0087100876
B2013494746136N11951093WA0087100876
B2013504746136N11951093WA0087100876
B2013514746136N11951093WA0087100876
B2013524746136N11951093WA0087100876
B2013534746136N11951093WA0087100876
B2013544746136N11951093WA0087100876
B2013554746136N11951093WA0087100876
B2013564746136N11951093WA0087100876
B2013574746136N11951093WA0087100876
B2013584746136N11951093WA0087100876
B2013594746136N11951093WA0087100876
B2014004746136N11951093WA0087100876
B2014014746136N11951093WA0087100876
B2014024746136N11951093WA0087100876
B2014034746136N11951093WA0087100876
B2014044746136N11951093WA0087100876
B2014054746136N11951093WA0087100876
B2014064746136N11951093WA0087100876
B2014074746136N11951093WA0087100876
B2014084746136N11951093WA0087100876
B2014094746136N11951093WA0087100876
B2014104746136N11951093WA0087100876
B2014114746136N11951093WA0087100876
B2014124746136N11951093WA0087100876
B2014134746136N11951093WA0087100876
B2014144746136N11951093WA0087100876
B2014154746136N11951093WA0087100876
B2014164746136N11951093WA0087100876
B2014174746136N11951093WA0087100876
B2014184746136N11951093WA0087100876
B2014194746136N11951093WA0087100876
B2014204746136N11951093WA0087100876
B2014214746136N11951093WA0087100876
B2014224746136N11951093WA0087100876
B2014234746136N11951093WA0087100876
B2014244746136N11951093WA0087100876
B2014254746136N11951093WA0087100876
B2014264746136N11951093WA0087100876
B2014274746136N11951093WA0087100876
B2014284746136N11951093WA0087200876
B2014294746136N11951093WA0087200876
B2014304746136N11951093WA0087200876
B2014314746136N11951093WA0087200876
B2014324746136N11951093WA0087200876
B2014334746136N11951093WA0087200876
B2014344746136N11951093WA0087200876
B2014354746136N11951093WA0087200876
B2014364746136N11951093WA0087200876
B2014374746136N11951093WA0087200876
B2014384746136N11951093WA0087200876
B2014394746136N11951093WA0087200876
B2014404746136N11951093WA0087200876
B2014414746136N11951093WA0087200876
B2014424746136N11951093WA0087200876
B2014434746136N11951093WA0087200876
B2014444746136N11951093WA0087200876
B2014454746136N11951093WA0087200876
B2014464746136N11951093WA0087200876
B2014474746136N11951093WA0087200876
B2014484746136N11951093WA0087200875
B2014494746136N11951093WA0087200876
B2014504746136N11951093WA0087200876
B2014514746136N11951093WA0087200876
B2014524746136N11951093WA0087200876
B2014534746136N11951093WA0087200876
B2014544746136N11951093WA0087200876
B2014554746136N11951093WA0087200876
B2014564746136N11951093WA0087200876
B2014574746136N11951093WA0087200876
B2014584746136N11951093WA0087200876
B2014594746136N11951093WA0087200876
B2015004746136N11951093WA0087200876
B2015014746136N11951093WA0087200876
B2015024746136N11951093WA0087200876
B2015034746136N11951093WA0087200876
B2015044746136N11951093WA0087200876
B2015054746136N11951093WA0087200876
B2015064746136N11951093WA0087200876
B2015074746136N11951093WA0087200876
B2015084746136N11951093WA0087200876
B2015094746136N11951093WA0087200876
B2015104746136N11951093WA0087200876
B2015114746136N11951093WA0087200876
B2015124746136N11951093WA0087200876
B2015134746136N11951093WA0087200876
B2015144746136N11951093WA0087200876
B2015154746136N11951093WA0087200876
B2015164746136N11951093WA0087200876
B2015174746136N11951093WA0087200876
B2015184746136N11951093WA0087200876
B2015194746136N11951093WA0087200876
B2015204746136N11951093WA0087200876
B2015214746136N11951093WA0087200876
B2015224746136N11951093WA0087200876
B2015234746136N11951093WA0087200876
B2015244746136N11951093WA0087200876
B2015254746136N11951093WA0087200876
B2015264746136N11951093WA0087200876
B2015274746136N11951093WA0087200876
B2015284746136N11951093WA0087200876
B2015294746136N11951093WA0087200876
B2015304746136N11951093WA0087200876
B2015314746136N11951093WA0087200876
B2015324746136N11951093WA0087200876
B2015334746136N11951093WA0087200876
B2015344746137N11951093WA0087200876
B2015354746137N11951093WA0087200876
B2015364746137N11951093WA0087200875
B2015374746137N11951093WA0087200875
B2015384746137N11951093WA0087200875
B2015394746137N11951093WA0087200875
B2015404746137N11951093WA0087200875
B2015414746137N11951093WA0087200875
B2015424746137N11951093WA0087200875
B2015434746137N11951093WA0087200875
B2015444746137N11951093WA0087200875
B2015454746137N11951093WA0087200875
B2015464746137N11951093WA0087200875
B2015474746137N11951093WA0087200875
B2015484746137N11951093WA0087200875
B2015494746137N11951093WA0087200875
B2015504746137N11951093WA0087200875
B2015514746137N11951093WA0087200875
B2015524746137N11951093WA0087200875
B2015534746137N11951093WA0087200875
B2015544746137N11951093WA0087200875
B2015554746137N11951093WA0087200875
B2015564746137N11951093WA0087200875
B2015574746137N11951093WA0087200875
B2015584746137N11951093WA0087200875
B2015594746137N11951093WA0087200875
B2016004746137N11951093WA0087200875
B2016014746137N11951093WA0087200875
B2016024746137N11951093WA0087200875
B2016034746137N11951093WA0087200875
B2016044746137N11951093WA0087200875
B2016054746137N11951093WA0087200875
B2016064746137N11951093WA0087200875
B2016074746137N11951093WA0087200875
B2016084746137N11951093WA0087200875
B2016094746137N11951093WA0087200875
B2016104746137N11951093WA0087200875
B2016114746137N11951093WA0087200875
B2016124746137N11951093WA0087200875
B2016134746137N11951093WA0087200875
B2016144746137N11951093WA0087200875
B2016154746137N11951093WA0087200875
B2016164746137N11951093WA0087200875
B2016174746137N11951093WA0087200875
B2016184746137N11951093WA0087200875
B2016194746137N11951093WA0087200875
B2016204746137N11951093WA0087200875
B2016214746137N11951093WA0087200875
B2016224746137N11951093WA0087200875
B2016234746137N11951093WA0087200875
B2016244746137N11951093WA0087200875
B2016254746137N11951093WA0087200875
B2016264746137N11951093WA0087200875
B2016274746137N11951093WA0087200875
B2016284746137N11951093WA0087200875
B2016294746137N11951093WA0087200875
B2016304746137N11951093WA0087200875
B2016314746137N11951093WA0087200875
B2016324746136N11951093WA0087200875
B2016334746136N11951093WA0087200876
B2016344746136N11951093WA0087200876
B2016354746136N11951093WA0087200876
B2016364746136N11951093WA0087200876
B2016374746136N11951093WA0087200876
B2016384746136N11951093WA0087200876
B2016394746136N11951093WA0087200876
B2016404746136N11951093WA0087200876
B2016414746136N11951093WA0087200876
B2016424746136N11951093WA0087200876
B2016434746136N11951093WA0087200876
B2016444746136N11951093WA0087200876
B2016454746136N11951093WA0087200876
B2016464746136N11951093WA0087200876
B2016474746136N11951093WA0087200876
B2016484746136N11951093WA0087200876
B2016494746136N11951093WA0087200876
B2016504746136N11951093WA0087200876
B2016514746136N11951093WA0087200876
B2016524746136N11951093WA0087200876
B2016534746136N11951093WA0087200875
B2016544746136N11951093WA0087200875
B2016554746136N11951093WA0087200875
B2016564746136N11951093WA0087200875
B2016574746136N11951093WA0087200875
B2016584746136N11951093WA0087200875
B2016594746136N11951093WA0087200875
B2017004746136N11951093WA0087200875
B2017014746136N11951093WA0087200875
B2017024746136N11951093WA0087200875
B2017034746136N11951093WA0087200875
B2017044746136N11951093WA0087200875
B2017054746136N11951093WA0087200875
B2017064746136N11951093WA0087200875
B2017074746136N11951093WA0087200875
B2017084746136N11951093WA0087200875
B2017094746136N11951093WA0087200875
B2017104746136N11951093WA0087200875
B2017114746136N11951093WA0087200875
B2017124746136N11951093WA0087200875
B2017134746136N11951093WA0087200875
B2017144746136N11951093WA0087200875
B2017154746136N11951093WA0087200875
B2017164746136N11951093WA0087200875
B2017174746136N11951093WA0087200875
B2017184746136N11951093WA0087200875
B2017194746136N11951093WA0087200875
B2017204746136N11951093WA0087200875
B2017214746136N11951093WA0087200875
B2017224746137N11951093WA0087200875
B2017234746137N11951093WA0087200876
B2017244746137N11951093WA0087200876
B2017254746137N11951093WA0087200876
B2017264746137N11951093WA0087200876
B2017274746137N11951093WA0087200876
B2017284746137N11951093WA0087200876
B2017294746137N11951093WA0087200876
B2017304746137N11951093WA0087200876
B2017314746137N11951093WA0087200876
B2017324746137N11951093WA0087300876
B2017334746137N11951093WA0087300876
B2017344746137N11951093WA0087300876
B2017354746137N11951093WA0087300876
B2017364746137N11951093WA0087300876
B2017374746137N11951093WA0087300876
B2017384746137N11951093WA0087300876
B2017394746137N11951093WA0087300876
B2017404746137N11951092WA0087300876
B2017414746137N11951092WA0087300876
B2017424746137N11951092WA0087300876
B2017434746137N11951092WA0087300876
B2017444746136N11951093WA0087300876
B2017454746136N11951093WA0087300875
B2017464746136N11951093WA0087300874
B2017474746136N11951093WA0087300874
B2017484746136N11951093WA0087300874
B2017494746136N11951093WA0087300874
B2017504746136N11951093WA0087200874
B2017514746136N11951093WA0087200874
B2017524746136N11951093WA0087200874
B2017534746136N11951092WA0087200874
B2017544746136N11951092WA0087200874
B2017554746136N11951092WA0087200874
B2017564746136N11951092WA0087200874
B2017574746136N11951092WA0087200874
B2017584746136N11951092WA0087200874
B2017594746136N11951092WA0087200874
B2018004746136N11951092WA0087200874
B2018014746136N11951092WA0087200874
B2018024746136N11951092WA0087200874
B2018034746136N11951092WA0087200874
B2018044746136N11951092WA0087200874
B2018054746136N11951092WA0087200874
B2018064746137N11951092WA0087200874
B2018074746137N11951092WA0087200874
B2018084746136N11951092WA0087200874
B2018094746136N11951092WA0087200874
B2018104746137N11951092WA0087200874
B2018114746137N11951092WA0087200874
B2018124746137N11951092WA0087200874
B2018134746137N11951092WA0087200874
B2018144746136N11951092WA0087200874
B2018154746136N11951092WA0087200874
B2018164746136N11951092WA0087200875
B2018174746136N11951092WA0087200875
B2018184746136N11951092WA0087200875
B2018194746136N11951092WA0087200875
B2018204746136N11951092WA0087200875
B2018214746136N11951093WA0087200875
B2018224746136N11951093WA0087200875
B2018234746136N11951093WA0087200875
B2018244746136N11951093WA0087200875
B2018254746136N11951093WA0087200874
B2018264746136N11951093WA0087200874
B2018274746136N11951093WA0087200874
B2018284746136N11951093WA0087200874
B2018294746136N11951093WA0087200874
B2018304746136N11951093WA0087200874
B2018314746136N11951093WA0087200874
B2018324746136N11951093WA0087200874
B2018334746136N11951093WA0087200874
B2018344746136N11951093WA0087200874
B2018354746136N11951093WA0087200874
B2018364746136N11951093WA0087200874
B2018374746136N11951093WA0087200874
B2018384746136N11951093WA0087200874
B2018394746136N11951093WA0087200874
B2018404746136N11951093WA0087200874
B2018414746136N11951093WA0087200874
B2018424746136N11951093WA0087200874
B2018434746136N11951093WA0087200874
B2018444746136N11951093WA0087200874
B2018454746136N11951093WA0087200874
B2018464746136N11951093WA0087200874
B2018474746136N11951093WA0087200874
B2018484746136N11951093WA0087200874
B2018494746136N11951093WA0087200874
B2018504746136N11951093WA0087200875
B2018514746136N11951093WA0087200875
B2018524746136N11951094WA0087200875
B2018534746136N11951094WA0087200875
B2018544746136N11951095WA0087200875
B2018554746136N11951095WA0087200875
B2018564746136N11951096WA0087200876
B2018574746136N11951096WA0087200876
B2018584746136N11951097WA0087200875
B2018594746136N11951097WA0087200875
B2019004746136N11951098WA0087200875
B2019014746136N11951098WA0087200875
B2019024746136N11951098WA0087200875
B2019034746137N11951099WA0087200876
B2019044746137N11951099WA0087200875
B2019054746137N11951100WA0087200876
B2019064746137N11951100WA0087300876
B2019074746137N11951100WA0087300876
B2019084746137N11951101WA0087300876
B2019094746137N11951102WA0087300876
B2019104746137N11951102WA0087300876
B2019114746137N11951103WA0087300876
B2019124746137N11951104WA0087300876
B2019134746137N11951104WA0087300876
B2019144746137N11951105WA0087300876
B2019154746137N11951106WA0087300876
B2019164746137N11951107WA0087300876
B2019174746137N11951107WA0087300876
B2019184746137N11951108WA0087300876
B2019194746138N11951109WA0087300876
B2019204746138N11951109WA0087300876
B2019214746138N11951110WA0087300876
B2019224746138N11951111WA0087300876
B2019234746138N11951112WA0087400876
B2019244746137N11951112WA0087400876
B2019254746137N11951113WA0087400876
B2019264746137N11951114WA0087400876
B2019274746138N11951115WA0087400876
B2019284746138N11951115WA0087400877
B2019294746138N11951116WA0087400877
B2019304746138N11951117WA0087400877
B2019314746138N11951117WA0087400877
B2019324746138N11951118WA0087400877
B2019334746138N11951119WA0087400877
B2019344746138N11951119WA0087400877
B2019354746138N11951119WA0087400877
B2019364746138N11951119WA0087400876
B2019374746138N11951119WA0087400876
B2019384746138N11951119WA0087400876
B2019394746138N11951119WA0087400876
B2019404746138N11951119WA0087400876
B2019414746138N11951119WA0087400876
B2019424746138N11951119WA0087400876
B2019434746139N11951119WA0087400876
B2019444746139N11951119WA0087400876
B2019454746139N11951120WA0087400876
B2019464746139N11951121WA0087400876
B2019474746139N11951121WA0087400876
B2019484746139N11951122WA0087400876
B2019494746139N11951122WA0087400876
B2019504746139N11951123WA0087400876
B2019514746139N11951123WA0087400876
B2019524746140N11951124WA0087400876
B2019534746140N11951124WA0087400876
B2019544746140N11951125WA0087400876
B2019554746140N11951125WA0087400876
B2019564746140N11951126WA0087400876
B2019574746141N11951127WA0087400876
B2019584746141N11951127WA0087400876
B2019594746141N11951128WA0087400876
B2020004746142N11951128WA0087400876
B2020014746142N11951129WA0087400877
B2020024746142N11951129WA0087400876
B2020034746142N11951130WA0087400877
B2020044746143N11951131WA0087400877
B2020054746143N11951131WA0087400877
B2020064746143N11951132WA0087400877
B2020074746143N11951133WA0087400877
B2020084746144N11951133WA0087400877
B2020094746144N11951134WA0087400877
B2020104746144N11951135WA0087400876
B2020114746144N11951135WA0087400876
B2020124746144N11951136WA0087400876
B2020134746145N11951137WA0087400876
B2020144746145N11951137WA0087400876
B2020154746145N11951138WA0087400876
B2020164746145N11951138WA0087400876
B2020174746146N11951139WA0087400876
B2020184746146N11951140WA0087400876
B2020194746146N11951140WA0087400876
B2020204746146N11951141WA0087400876
B2020214746146N11951142WA0087400876
B2020224746147N11951142WA0087400876
B2020234746147N11951143WA0087400876
B2020244746147N11951143WA0087400877
B2020254746147N11951144WA0087400877
B2020264746148N11951145WA0087400877
B2020274746148N11951146WA0087400876
B2020284746148N11951146WA0087400876
B2020294746148N11951147WA0087400876
B2020304746148N11951148WA0087400876
B2020314746149N11951148WA0087400876
B2020324746149N11951149WA0087400876
B2020334746149N11951149WA0087400876
B2020344746149N11951150WA0087400877
B2020354746149N11951151WA0087400876
B2020364746149N11951151WA0087400876
B2020374746149N11951152WA0087400876
B2020384746149N11951153WA0087400876
B2020394746150N11951154WA0087400876
B2020404746150N11951154WA0087400876
B2020414746150N11951155WA0087400876
B2020424746150N11951155WA0087500876
B2020434746150N11951156WA0087500876
B2020444746151N11951156WA0087500876
B2020454746151N11951157WA0087500876
B2020464746151N11951157WA0087500876
B2020474746152N11951158WA0087500875
B2020484746152N11951158WA0087500876
B2020494746152N11951159WA0087500876
B2020504746152N11951160WA0087500876
B2020514746152N11951160WA0087500876
B2020524746152N11951161WA0087500875
B2020534746153N11951161WA0087500876
B2020544746153N11951162WA0087500876
B2020554746153N11951163WA0087500875
B2020564746154N11951163WA0087500876
B2020574746154N11951164WA0087500876
B2020584746154N11951164WA0087500875
B2020594746154N11951165WA0087500875
B2021004746154N11951166WA0087500876
B2021014746154N11951167WA0087500876
B2021024746154N11951167WA0087500876
B2021034746154N11951168WA0087500876
B2021044746155N11951168WA0087500876
B2021054746155N11951169WA0087500876
B2021064746155N11951169WA0087500876
B2021074746155N11951169WA0087500877
B2021084746155N11951170WA0087500877
B2021094746156N11951170WA0087500877
B2021104746156N11951171WA0087500877
B2021114746156N11951172WA0087500877
B2021124746156N11951172WA0087600877
B2021134746156N11951173WA0087600877
B2021144746157N11951173WA0087600877
B2021154746157N11951174WA0087600877
B2021164746157N11951175WA0087600877
B2021174746157N11951176WA0087600877
B2021184746157N11951176WA0087600878
B2021194746158N11951177WA0087600878
B2021204746158N11951178WA0087600878
B2021214746158N11951178WA0087600878
B2021224746158N11951179WA0087600878
B2021234746158N11951179WA0087600878
B2021244746159N11951180WA0087600878
B2021254746159N11951181WA0087600878
B2021264746159N11951181WA0087600878
B2021274746159N11951182WA0087600878
B2021284746160N11951182WA0087600878
B2021294746160N11951183WA0087600879
B2021304746160N11951184WA0087600879
B2021314746160N11951184WA0087600879
B2021324746161N11951185WA0087600879
B2021334746161N11951186WA0087600879
B2021344746161N11951186WA0087600879
B2021354746161N11951187WA0087600879
B2021364746162N11951188WA0087600879
B2021374746162N11951188WA0087600879
B2021384746162N11951189WA0087600879
B2021394746162N11951189WA0087600879
B2021404746162N11951190WA0087600879
B2021414746162N11951190WA0087600879
B2021424746163N11951191WA0087600880
B2021434746163N11951192WA0087600880
B2021444746163N11951192WA0087600879
B2021454746163N11951193WA0087700880
B2021464746164N11951193WA0087700880
B2021474746164N11951194WA0087700879
B2021484746164N11951194WA0087700879
B2021494746164N11951195WA0087700879
B2021504746164N11951196WA0087700879
B2021514746165N11951196WA0087700880
B2021524746165N11951197WA0087700879
B2021534746165N11951197WA0087700879
B2021544746165N11951198WA0087700879
B2021554746166N11951199WA0087700879
B2021564746166N11951199WA0087700879
B2021574746166N11951200WA0087700880
B2021584746166N11951200WA0087700880
B2021594746166N11951201WA0087700880
B2022004746166N11951201WA0087700880
B2022014746166N11951201WA0087700880
B2022024746166N11951201WA0087700880
B2022034746166N11951201WA0087700880
B2022044746166N11951201WA0087700880
B2022054746166N11951201WA0087700880
B2022064746167N11951202WA0087700880
B2022074746167N11951202WA0087700880
B2022084746167N11951203WA0087700880
B2022094746168N11951203WA0087700880
B2022104746168N11951204WA0087700880
B2022114746168N11951205WA0087800880
B2022124746168N11951205WA0087800880
B2022134746169N11951206WA0087800880
B2022144746169N11951206WA0087800880
B2022154746169N11951207WA0087800880
B2022164746169N11951208WA0087800880
B2022174746169N11951208WA0087800881
B2022184746170N11951209WA0087800881
B2022194746170N11951210WA0087800880
B2022204746170N11951211WA0087800880
B2022214746171N11951211WA0087800880
B2022224746171N11951212WA0087800880
B2022234746171N11951212WA0087800880
B2022244746171N11951213WA0087800880
B2022254746172N11951214WA0087800880
B2022264746172N11951214WA0087800880
B2022274746172N11951215WA0087800880
B2022284746172N11951216WA0087800880
B2022294746173N11951216WA0087800880
B2022304746173N11951217WA0087900880
B2022314746173N11951218WA0087900880
B2022324746173N11951218WA0087900879
B2022334746174N11951219WA0087900879
B2022344746174N11951219WA0087900880
B2022354746174N11951220WA0087900879
B2022364746175N11951221WA0087900880
B2022374746175N11951221WA0087900880
B2022384746175N11951222WA0087800880
B2022394746176N11951222WA0087800880
B2022404746176N11951223WA0087800879
B2022414746176N11951224WA0087800880
B2022424746177N11951225WA0087800879
B2022434746177N11951225WA0087800879
B2022444746177N11951226WA0087800879
B2022454746178N11951226WA0087800879
B2022464746178N11951227WA0087800879
B2022474746179N11951227WA0087800879
B2022484746179N11951228WA0087800879
B2022494746179N11951229WA0087800879
B2022504746179N11951229WA0087800878
B2022514746180N11951230WA0087800878
B2022524746180N11951230WA0087800878
B2022534746180N11951231WA0087800878
B2022544746181N11951232WA0087800878
B2022554746181N11951232WA0087800878
B2022564746182N11951233WA0087800878
B2022574746182N11951233WA0087800878
B2022584746182N11951234WA0087800878
B2022594746183N11951234WA0087800878
B2023004746183N11951235WA0087800878
B2023014746183N11951236WA0087800878
B2023024746184N11951237WA0087800878
B2023034746184N11951237WA0087800878
B2023044746184N11951239WA0087800878
B2023054746184N11951240WA0087800878
B2023064746185N11951241WA0087700879
B2023074746185N11951242WA0087700879
B2023084746185N11951243WA0087700879
B2023094746185N11951245WA0087700879
B2023104746186N11951246WA0087700880
B2023114746186N11951247WA0087700880
B2023124746186N11951248WA0087700880
B2023134746187N11951249WA0087700880
B2023144746187N11951251WA0087700880
B2023154746187N11951252WA0087700880
B2023164746187N11951253WA0087700880
B2023174746187N11951254WA0087700881
B2023184746188N11951255WA0087700880
B2023194746188N11951257WA0087700880
B2023204746188N11951258WA0087700879
B2023214746188N11951259WA0087700879
B2023224746189N11951260WA0087700879
B2023234746189N11951261WA0087700880
B2023244746189N11951262WA0087700880
B2023254746189N11951263WA0087700880
B2023264746189N11951264WA0087700880
B2023274746189N11951265WA0087700879
B2023284746189N11951266WA0087700879
B2023294746190N11951266WA0087700879
B2023304746190N11951267WA0087700879
B2023314746190N11951268WA0087700879
B2023324746190N11951269WA0087700879
B2023334746191N11951269WA0087700879
B2023344746191N11951270WA0087700878
B2023354746191N11951271WA0087700878
B2023364746192N11951271WA0087600878
B2023374746192N11951272WA0087600878
B2023384746193N11951273WA0087600877
B2023394746193N11951274WA0087600877
B2023404746193N11951274WA0087600877
B2023414746193N11951275WA0087600877
B2023424746194N11951276WA0087600877
B2023434746194N11951276WA0087600877
B2023444746195N11951277WA0087600877
B2023454746195N11951277WA0087600877
B2023464746195N11951278WA0087600877
B2023474746196N11951279WA0087600877
B2023484746196N11951279WA0087600877
B2023494746196N11951280WA0087600877
B2023504746197N11951280WA0087600877
B2023514746197N11951281WA0087600877
B2023524746197N11951281WA0087600877
B2023534746197N11951281WA0087600877
B2023544746197N11951282WA0087600877
B2023554746198N11951282WA0087600877
B2023564746198N11951283WA0087600877
B2023574746198N11951283WA0087600877
B2023584746198N11951284WA0087600877
B2023594746198N11951284WA0087600878
B2024004746199N11951285WA0087600878
B2024014746199N11951285WA0087600878
B2024024746199N11951285WA0087600878
B2024034746199N11951285WA0087600878
B2024044746199N11951285WA0087600878
B2024054746199N11951285WA0087600878
B2024064746199N11951285WA0087600878
B2024074746199N11951285WA0087600878
B2024084746199N11951286WA0087600878
B2024094746199N11951287WA0087600878
B2024104746199N11951287WA0087600878
B2024114746199N11951288WA0087600878
B2024124746199N11951289WA0087600878
B2024134746199N11951290WA0087600878
B2024144746199N11951291WA0087600878
B2024154746199N11951292WA0087600878
B2024164746199N11951292WA0087500878
B2024174746199N11951293WA0087500878
B2024184746200N11951294WA0087500879
B2024194746200N11951295WA0087500878
B2024204746200N11951296WA0087500879
B2024214746200N11951297WA0087500879
B2024224746200N11951298WA0087500878
B2024234746200N11951299WA0087500879
B2024244746200N11951299WA0087500879
B2024254746200N11951300WA0087500879
B2024264746200N11951301WA0087500879
B2024274746200N11951302WA0087500879
B2024284746200N11951303WA0087500879
B2024294746200N11951304WA0087500879
B2024304746200N11951305WA0087500879
B2024314746200N11951306WA0087500879
B2024324746200N11951307WA0087500879
B2024334746200N11951307WA0087500878
B2024344746200N11951308WA0087500878
B2024354746201N11951309WA0087500878
B2024364746200N11951310WA0087500878
B2024374746201N11951311WA0087500878
B2024384746201N11951311WA0087500879
B2024394746201N11951312WA0087500879
B2024404746201N11951313WA0087500879
B2024414746201N11951314WA0087500879
B2024424746201N11951315WA0087500879
B2024434746201N11951316WA0087500879
B2024444746201N11951317WA0087500879
B2024454746201N11951318WA0087500879
B2024464746201N11951319WA0087500879
B2024474746201N11951319WA0087500879
B2024484746201N11951320WA0087500879
B2024494746201N11951321WA0087500879
B2024504746201N11951322WA0087500879
B2024514746201N11951323WA0087500879
B2024524746201N11951324WA0087500879
B2024534746201N11951325WA0087500879
B2024544746201N11951326WA0087500879
B2024554746201N11951327WA0087500879
B2024564746201N11951328WA0087500879
B2024574746201N11951328WA0087500879
B2024584746201N11951329WA0087500879
B2024594746201N11951330WA0087500879
B2025004746201N11951331WA0087400879
B2025014746201N11951332WA0087400879
B2025024746201N11951333WA0087400879
B2025034746201N11951334WA0087400879
B2025044746201N11951334WA0087400878
B2025054746200N11951335WA0087400879
B2025064746200N11951336WA0087400879
B2025074746200N11951337WA0087400878
B2025084746200N11951337WA0087400878
B2025094746200N11951338WA0087400878
B2025104746200N11951339WA0087400878
B2025114746200N11951339WA0087400878
B2025124746200N11951340WA0087400878
B2025134746200N11951341WA0087400878
B2025144746200N11951342WA0087400878
B2025154746200N11951342WA0087400878
B2025164746200N11951343WA0087400878
B2025174746200N11951344WA0087400878
B2025184746200N11951345WA0087400878
B2025194746200N11951346WA0087400878
B2025204746200N11951347WA0087400878
B2025214746200N11951347WA0087400878
B2025224746200N11951348WA0087400878
B2025234746200N11951349WA0087400878
B2025244746200N11951350WA0087400878
B2025254746200N11951350WA0087400878
B2025264746200N11951351WA0087400878
B2025274746200N11951352WA0087400878
B2025284746200N11951353WA0087400878
B2025294746200N11951354WA0087400878
B2025304746200N11951354WA0087400877
B2025314746200N11951355WA0087400877
B2025324746200N11951356WA0087400877
B2025334746200N11951357WA0087400878
B2025344746200N11951358WA0087400878
B2025354746200N11951358WA0087400878
B2025364746200N11951359WA0087400878
B2025374746200N11951360WA0087400878
B2025384746200N11951361WA0087400878
B2025394746200N11951361WA0087400878
B2025404746200N11951362WA0087400878
B2025414746200N11951363WA0087400878
B2025424746200N11951364WA0087400878
B2025434746200N11951364WA0087400878
B2025444746200N11951365WA0087400878
B2025454746200N11951365WA0087400878
B2025464746200N11951366WA0087400878
B2025474746200N11951367WA0087400878
B2025484746200N11951368WA0087400878
B2025494746200N11951369WA0087400878
B2025504746200N11951369WA0087400878
B2025514746200N11951370WA0087400878
B2025524746200N11951371WA0087400878
B2025534746200N11951372WA0087400878
B2025544746200N11951373WA0087400878
B2025554746200N11951373WA0087400878
B2025564746201N11951374WA0087400878
B2025574746201N11951375WA0087400878
B2025584746200N11951376WA0087400878
B2025594746200N11951377WA0087400878
B2026004746201N11951378WA0087400878
B2026014746201N11951378WA0087400878
B2026024746201N11951378WA0087400878
B2026034746202N11951379WA0087400878
B2026044746202N11951380WA0087400878
B2026054746202N11951380WA0087400878
B2026064746203N11951380WA0087400879
B2026074746203N11951380WA0087400878
B2026084746204N11951380WA0087400878
B2026094746204N11951380WA0087400878
B2026104746204N11951380WA0087300878
B2026114746204N11951380WA0087300878
B2026124746204N11951380WA0087300877
B2026134746204N11951380WA0087300877
B2026144746204N11951380WA0087300877
B2026154746204N11951380WA0087300877
B2026164746204N11951380WA0087300877
B2026174746204N11951380WA0087300877
B2026184746203N11951380WA0087300877
B2026194746204N11951380WA0087300877
B2026204746204N11951380WA0087300877
B2026214746204N11951380WA0087300877
B2026224746204N11951379WA0087300877
B2026234746204N11951379WA0087300876
B2026244746204N11951379WA0087300877
B2026254746204N11951379WA0087300875
B2026264746204N11951379WA0087300875
B2026274746204N11951379WA0087300875
B2026284746204N11951379WA0087300875
B2026294746204N11951379WA0087200875
B2026304746204N11951379WA0087200875
B2026314746204N11951379WA0087200875
B2026324746204N11951379WA0087200875
B2026334746204N11951379WA0087200875
B2026344746204N11951379WA0087200875
B2026354746204N11951379WA0087200876
B2026364746204N11951379WA0087200876
B2026374746204N11951379WA0087200876
B2026384746204N11951379WA0087200876
B2026394746204N11951379WA0087200876
B2026404746204N11951379WA0087200876
B2026414746204N11951379WA0087200876
B2026424746204N11951379WA0087300876
B2026434746204N11951379WA0087200876
B2026444746204N11951379WA0087200876
B2026454746204N11951379WA0087200877
B2026464746205N11951379WA0087200876
B2026474746205N11951379WA0087200876
B2026484746205N11951379WA0087200876
B2026494746205N11951379WA0087200876
B2026504746205N11951379WA0087200876
B2026514746205N11951379WA0087200876
B2026524746205N11951379WA0087100876
B2026534746205N11951379WA0087100876
B2026544746205N11951379WA0087100876
B2026554746205N11951379WA0087100876
B2026564746205N11951379WA0087100876
B2026574746205N11951379WA0087100876
B2026584746205N11951379WA0087100876
B2026594746205N11951379WA0087100876
B2027004746205N11951379WA0087100876
B2027014746205N11951379WA0087100876
B2027024746205N11951379WA0087100876
B2027034746205N11951379WA0087100876
B2027044746205N11951379WA0087100875
B2027054746205N11951379WA0087100875
B2027064746205N11951379WA0087200875
B2027074746205N11951379WA0087200875
B2027084746205N11951379WA0087200875
B2027094746205N11951379WA0087200875
B2027104746205N11951379WA0087200875
B2027114746205N11951379WA0087200875
B2027124746205N11951379WA0087200875
B2027134746205N11951379WA0087100875
B2027144746205N11951379WA0087100875
B2027154746205N11951379WA0087100875
B2027164746205N11951379WA0087100875
B2027174746205N11951379WA0087100875
B2027184746205N11951379WA0087100875
B2027194746205N11951379WA0087100875
B2027204746205N11951379WA0087100875
B2027214746205N11951379WA0087000875
B2027224746205N11951379WA0087000875
B2027234746205N11951379WA0087000875
B2027244746205N11951380WA0087000875
B2027254746205N11951380WA0087000875
B2027264746205N11951380WA0087100876
B2027274746205N11951380WA0087100875
B2027284746204N11951379WA0087100875
B2027294746204N11951379WA0087100875
B2027304746204N11951379WA0087100876
B2027314746204N11951379WA0087100876
B2027324746204N11951379WA0087100876
B2027334746204N11951379WA0087100876
B2027344746204N11951379WA0087100876
B2027354746204N11951379WA0087100876
B2027364746204N11951379WA0087100876
B2027374746204N11951379WA0087200875
B2027384746204N11951379WA0087200875
B2027394746204N11951379WA0087200875
B2027404746204N11951379WA0087300875
B2027414746204N11951379WA0087300875
B2027424746204N11951379WA0087300875
B2027434746204N11951379WA0087300875
B2027444746204N11951379WA0087300875
B2027454746204N11951379WA0087300875
B2027464746204N11951379WA0087400875
B2027474746204N11951379WA0087400875
B2027484746204N11951379WA0087400875
B2027494746204N11951379WA0087400875
B2027504746204N11951379WA0087400875
B2027514746204N11951379WA0087400875
B2027524746204N11951379WA0087400875
B2027534746204N11951378WA0087400875
B2027544746204N11951378WA0087400875
B2027554746204N11951378WA0087400875
B2027564746204N11951378WA0087400875
B2027574746204N11951378WA0087400875
B2027584746204N11951378WA0087400874
B2027594746204N11951378WA0087400874
B2028004746204N11951379WA0087400874
B2028014746204N11951379WA0087400874
B2028024746204N11951379WA0087400874
B2028034746204N11951379WA0087400874
B2028044746204N11951379WA0087400874
B2028054746204N11951379WA0087400874
B2028064746204N11951379WA0087400874
B2028074746204N11951379WA0087400874
B2028084746204N11951379WA0087400874
B2028094746204N11951379WA0087400874
B2028104746204N11951379WA0087400874
B2028114746204N11951379WA0087400874
B2028124746204N11951379WA0087400873
B2028134746204N11951379WA0087400873
B2028144746204N11951379WA0087400874
B2028154746204N11951379WA0087400874
B2028164746204N11951379WA0087400874
B2028174746204N11951379WA0087400874
B2028184746204N11951379WA0087400874
B2028194746204N11951379WA0087400874
B2028204746204N11951379WA0087400874
B2028214746204N11951379WA0087400874
B2028224746204N11951379WA0087300874
B2028234746204N11951379WA0087300874
B2028244746204N11951379WA0087300874
B2028254746204N11951378WA0087300874
B2028264746204N11951378WA0087200874
B2028274746204N11951378WA0087200874
B2028284746204N11951378WA0087300874
B2028294746204N11951378WA0087300873
B2028304746204N11951378WA0087300873
B2028314746204N11951378WA0087300873
B2028324746204N11951378WA0087300873
B2028334746204N11951378WA0087300873
B2028344746204N11951378WA0087300873
B2028354746204N11951378WA0087300873
B2028364746204N11951378WA0087300873
B2028374746204N11951378WA0087300873
B2028384746204N11951378WA0087300873
B2028394746204N11951378WA0087300873
B2028404746204N11951378WA0087300873
B2028414746204N11951378WA0087300873
B2028424746204N11951378WA0087300873
B2028434746204N11951378WA0087300872
B2028444746204N11951378WA0087300873
B2028454746204N11951378WA0087300873
B2028464746204N11951378WA0087300872
B2028474746203N11951378WA0087300872
B2028484746203N11951378WA0087300872
B2028494746203N11951378WA0087300872
B2028504746204N11951378WA0087300871
B2028514746204N11951378WA0087300871
B2028524746204N11951378WA0087300871
B2028534746204N11951378WA0087300871
B2028544746204N11951378WA0087300871
B2028554746204N11951378WA0087300871
B2028564746204N11951378WA0087300872
B2028574746204N11951378WA0087300872
B2028584746204N11951378WA0087300872
B2028594746204N11951378WA0087300872
B2029004746204N11951378WA0087300872
B2029014746204N11951378WA0087300872
B2029024746204N11951378WA0087300872
B2029034746204N11951378WA0087300873
B2029044746204N11951378WA0087300873
B2029054746204N11951378WA0087300872
B2029064746204N11951378WA0087300872
B2029074746204N11951378WA0087300872
B2029084746204N11951378WA0087300872
B2029094746204N11951378WA0087300871
B2029104746204N11951378WA0087300871
B2029114746204N11951378WA0087300871
B2029124746204N11951377WA0087300871
B2029134746204N11951377WA0087300871
B2029144746204N11951377WA0087300871
B2029154746204N11951378WA0087300872
B2029164746204N11951377WA0087300872
B2029174746204N11951377WA0087300872
B2029184746204N11951378WA0087300872
B2029194746204N11951378WA0087300872
B2029204746203N11951378WA0087300873
B2029214746203N11951378WA0087300873
B2029224746203N11951378WA0087300874
B2029234746203N11951378WA0087300874
B2029244746203N11951378WA0087300873
B2029254746203N11951378WA0087300874
B2029264746203N11951378WA0087300874
B2029274746203N11951378WA0087300874
B2029284746203N11951378WA0087300874
B2029294746203N11951378WA0087300874
B2029304746203N11951378WA0087300874
B2029314746203N11951378WA0087300875
B2029324746203N11951378WA0087300875
B2029334746203N11951378WA0087300875
B2029344746203N11951378WA0087300875
B2029354746204N11951378WA0087300875
B2029364746204N11951378WA0087300875
B2029374746204N11951378WA0087300875
B2029384746204N11951378WA0087300875
B2029394746204N11951378WA0087300875
B2029404746204N11951378WA0087300875
B2029414746203N11951378WA0087300876
B2029424746204N11951378WA0087300876
B2029434746203N11951378WA0087300876
B2029444746203N11951378WA0087300877
B2029454746204N11951378WA0087300878
B2029464746204N11951378WA0087300878
B2029474746204N11951378WA0087300878
B2029484746204N11951378WA0087300879
B2029494746204N11951378WA0087300879
B2029504746204N11951378WA0087300878
B2029514746204N11951378WA0087300878
B2029524746203N11951378WA0087300879
B2029534746203N11951378WA0087300879
B2029544746204N11951378WA0087300878
B2029554746204N11951378WA0087300878
B2029564746204N11951378WA0087300878
B2029574746204N11951378WA0087300878
B2029584746204N11951378WA0087300878
B2029594746204N11951378WA0087300879
B2030004746204N11951378WA0087300878
B2030014746204N11951378WA0087300878
B2030024746204N11951378WA0087300878
B2030034746204N11951378WA0087300878
B2030044746204N11951378WA0087300878
B2030054746204N11951378WA0087300878
B2030064746204N11951378WA0087300879
B2030074746204N11951378WA0087300879
B2030084746204N11951377WA0087300878
B2030094746204N11951377WA0087300879
B2030104746204N11951377WA0087300879
B2030114746204N11951377WA0087300879
B2030124746205N11951377WA0087300879
B2030134746205N11951377WA0087300879
B2030144746205N11951377WA0087300879
B2030154746205N11951377WA0087300879
B2030164746205N11951377WA0087300879
B2030174746205N11951377WA0087300880
B2030184746205N11951377WA0087300880
B2030194746205N11951377WA0087300880
B2030204746205N11951378WA0087300879
B2030214746205N11951378WA0087300880
B2030224746205N11951378WA0087300880
B2030234746205N11951378WA0087200879
B2030244746205N11951378WA0087200879
B2030254746205N11951378WA0087200879
B2030264746205N11951378WA0087200880
B2030274746205N11951378WA0087200880
B2030284746205N11951378WA0087200880
B2030294746205N11951378WA0087200880
B2030304746205N11951378WA0087300880
B2030314746205N11951378WA0087300880
B2030324746205N11951378WA0087300880
B2030334746205N11951378WA0087300879
B2030344746205N11951378WA0087300879
B2030354746205N11951378WA0087300879
B2030364746205N11951378WA0087300879
B2030374746206N11951378WA0087300879
B2030384746206N11951378WA0087300877
B2030394746206N11951378WA0087300877
B2030404746206N11951378WA0087300877
B2030414746206N11951378WA0087300876
B2030424746206N11951378WA0087300876
B2030434746206N11951377WA0087300876
B2030444746205N11951377WA0087300876
B2030454746205N11951377WA0087300875
B2030464746205N11951377WA0087300875
B2030474746205N11951377WA0087300875
B2030484746206N11951377WA0087300876
B2030494746206N11951377WA0087300876
B2030504746206N11951377WA0087300876
B2030514746206N11951377WA0087300876
B2030524746206N11951377WA0087300876
B2030534746206N11951377WA0087300876
B2030544746206N11951377WA0087300876
B2030554746206N11951377WA0087300876
B2030564746206N11951377WA0087300877
B2030574746206N11951377WA0087300877
B2030584746206N11951378WA0087300877
B2030594746206N11951378WA0087300878
B2031004746206N11951378WA0087300877
B2031014746206N11951378WA0087300878
B2031024746206N11951378WA0087300878
B2031034746206N11951378WA0087300878
B2031044746206N11951378WA0087300878
B2031054746206N11951378WA0087300878
B2031064746206N11951378WA0087300878
B2031074746206N11951377WA0087300878
B2031084746206N11951377WA0087300877
B2031094746206N11951377WA0087300878
B2031104746206N11951377WA0087300877
B2031114746206N11951377WA0087300877
B2031124746206N11951377WA0087300877
B2031134746206N11951377WA0087300876
B2031144746206N11951377WA0087300876
B2031154746206N11951377WA0087300877
B2031164746206N11951377WA0087300876
B2031174746206N11951377WA0087300877
B2031184746206N11951377WA0087300876
B2031194746206N11951377WA0087300876
B2031204746206N11951377WA0087300876
B2031214746206N11951377WA0087300876
B2031224746206N11951377WA0087300876
B2031234746206N11951377WA0087300876
B2031244746206N11951377WA0087300876
B2031254746205N11951377WA0087300876
B2031264746206N11951378WA0087300875
B2031274746206N11951377WA0087300876
B2031284746206N11951378WA0087300876
B2031294746206N11951378WA0087300876
B2031304746206N11951378WA0087300876
B2031314746206N11951378WA0087300877
B2031324746206N11951378WA0087300877
B2031334746206N11951378WA0087300877
B2031344746206N11951378WA0087300878
B2031354746206N11951378WA0087300878
B2031364746206N11951378WA0087300878
B2031374746206N11951378WA0087300877
B2031384746206N11951378WA0087300877
B2031394746206N11951378WA0087300877
B2031404746206N11951378WA0087300877
B2031414746206N11951378WA0087300876
B2031424746206N11951378WA0087300876
B2031434746206N11951378WA0087300876
B2031444746205N11951378WA0087300876
B2031454746205N11951378WA0087300875
B2031464746205N11951378WA0087300875
B2031474746205N11951378WA0087300875
B2031484746205N11951378WA0087300876
B2031494746205N11951378WA0087300875
B2031504746205N11951378WA0087300875
B2031514746205N11951378WA0087300875
B2031524746205N11951378WA0087300876
B2031534746205N11951378WA0087300876
B2031544746205N11951378WA0087300876
B2031554746206N11951378WA0087300877
B2031564746206N11951378WA0087300877
B2031574746206N11951378WA0087300876
B2031584746206N11951379WA0087300875
B2031594746206N11951379WA0087300875
B2032004746206N11951379WA0087300876
B2032014746206N11951379WA0087300876
B2032024746206N11951379WA0087300877
B2032034746206N11951379WA0087300876
B2032044746206N11951379WA0087300876
B2032054746206N11951379WA0087300876
B2032064746206N11951379WA0087300877
B2032074746206N11951379WA0087300877
B2032084746206N11951379WA0087300877
B2032094746206N11951379WA0087300877
B2032104746206N11951379WA0087300877
B2032114746206N11951379WA0087300878
B2032124746206N11951379WA0087300877
B2032134746206N11951379WA0087300877
B2032144746206N11951379WA0087300877
B2032154746206N11951379WA0087300877
B2032164746205N11951379WA0087300877
B2032174746205N11951379WA0087300878
B2032184746206N11951379WA0087300878
B2032194746205N11951379WA0087300878
B2032204746206N11951379WA0087300878
B2032214746206N11951379WA0087300879
B2032224746206N11951379WA0087300878
B2032234746206N11951379WA0087300878
B2032244746206N11951379WA0087300878
B2032254746206N11951379WA0087300878
B2032264746206N11951379WA0087300878
B2032274746206N11951379WA0087300878
B2032284746206N11951379WA0087300878
B2032294746206N11951379WA0087300878
B2032304746206N11951379WA0087300878
B2032314746206N11951379WA0087300878
B2032324746206N11951379WA0087300878
B2032334746206N11951379WA0087300878
B2032344746206N11951379WA0087300878
B2032354746206N11951379WA0087400878
B2032364746206N11951379WA0087400878
B2032374746206N11951379WA0087400878
B2032384746206N11951379WA0087400879
B2032394746206N11951379WA0087400879
B2032404746206N11951379WA0087400880
B2032414746206N11951379WA0087400880
B2032424746206N11951379WA0087400880
B2032434746206N11951379WA0087300880
B2032444746207N11951379WA0087400880
B2032454746207N11951379WA0087400880
B2032464746207N11951379WA0087300881
B2032474746207N11951379WA0087300881
B2032484746207N11951379WA0087300881
B2032494746207N11951378WA0087300882
B2032504746207N11951378WA0087300883
B2032514746207N11951378WA0087300883
B2032524746208N11951378WA0087300884
B2032534746208N11951378WA0087300885
B2032544746207N11951378WA0087300885
B2032554746207N11951378WA0087300885
B2032564746207N11951378WA0087300885
B2032574746207N11951378WA0087300885
B2032584746207N11951378WA0087300886
B2032594746207N11951378WA0087300886
B2033004746207N11951378WA0087300886
B2033014746206N11951378WA0087300886
B2033024746205N11951378WA0087300886
B2033034746203N11951378WA0087300886
B2033044746201N11951378WA0087400886
B2033054746198N11951378WA0087400886
B2033064746196N11951378WA0087400886
B2033074746193N11951378WA0087400886
B2033084746190N11951377WA0087400886
B2033094746187N11951377WA0087400886
B2033104746183N11951377WA0087400886
B2033114746180N11951376WA0087400886
B2033124746176N11951376WA0087400886
B2033134746172N11951377WA0087400886
B2033144746169N11951376WA0087400886
B2033154746166N11951376WA0087400885
B2033164746162N11951376WA0087400885
B2033174746158N11951376WA0087400885
B2033184746154N11951376WA0087400885
B2033194746149N11951376WA0087400884
B2033204746144N11951376WA0087400884
B2033214746139N11951376WA0087500884
B2033224746133N11951376WA0087500883
B2033234746127N11951376WA0087500882
B2033244746121N11951376WA0087500882
B2033254746115N11951376WA0087500881
B2033264746109N11951376WA0087500881
B2033274746103N11951376WA0087500881
B2033284746097N11951376WA0087500881
B2033294746090N11951376WA0087500881
B2033304746083N11951376WA0087500880
B2033314746076N11951376WA0087500880
B2033324746069N11951376WA0087500880
B2033334746061N11951376WA0087400880
B2033344746053N11951376WA0087400880
B2033354746045N11951376WA0087400879
B2033364746038N11951376WA0087400879
B2033374746030N11951376WA0087400879
B2033384746022N11951376WA0087400878
B2033394746014N11951376WA0087400877
B2033404746005N11951376WA0087400877
B2033414745997N11951376WA0087300876
B2033424745989N11951376WA0087300876
B2033434745982N11951376WA0087300875
B2033444745974N11951376WA0087300875
B2033454745967N11951376WA0087300874
B2033464745960N11951375WA0087200873
B2033474745953N11951375WA0087200872
B2033484745946N11951375WA0087200872
B2033494745940N11951375WA0087100870
B2033504745935N11951375WA0087100869
B2033514745929N11951376WA0087000868
B2033524745924N11951376WA0087000868
B2033534745919N11951376WA0086900867
B2033544745914N11951376WA0086900867
B2033554745910N11951376WA0086900866
B2033564745906N11951376WA0086800866
B2033574745902N11951377WA0086800866
B2033584745898N11951377WA0086700866
B2033594745895N11951377WA0086700865
B2034004745892N11951377WA0086600865
B2034014745889N11951377WA0086600865
B2034024745887N11951377WA0086600865
B2034034745884N11951377WA0086600865
B2034044745881N11951377WA0086500865
B2034054745877N11951377WA0086500865
B2034064745874N11951377WA0086500865
B2034074745870N11951377WA0086500865
B2034084745866N11951376WA0086500865
B2034094745862N11951376WA0086500866
B2034104745857N11951375WA0086500866
B2034114745853N11951375WA0086500866
B2034124745847N11951375WA0086500866
B2034134745842N11951375WA0086500866
B2034144745836N11951376WA0086500866
B2034154745829N11951376WA0086500866
B2034164745823N11951376WA0086500866
B2034174745816N11951377WA0086500865
B2034184745810N11951377WA0086500865
B2034194745803N11951376WA0086500865
B2034204745796N11951377WA0086600866
B2034214745789N11951377WA0086600866
B2034224745782N11951377WA0086600865
B2034234745775N11951377WA0086600865
B2034244745767N11951378WA0086600865
B2034254745759N11951378WA0086600865
B2034264745751N11951378WA0086600864
B2034274745744N11951378WA0086600864
B2034284745735N11951378WA0086500864
B2034294745727N11951379WA0086500863
B2034304745719N11951379WA0086500863
B2034314745710N11951379WA0086500862
B2034324745701N11951379WA0086500862
B2034334745692N11951379WA0086500862
B2034344745684N11951380WA0086400861
B2034354745675N11951380WA0086400861
B2034364745667N11951380WA0086400861
B2034374745658N11951380WA0086300861
B2034384745650N11951380WA0086300860
B2034394745642N11951380WA0086300860
B2034404745634N11951381WA0086200859
B2034414745626N11951381WA0086200859
B2034424745618N11951381WA0086200858
B2034434745610N11951381WA0086100857
B2034444745603N11951381WA0086100856
B2034454745595N11951382WA0086000856
B2034464745587N11951382WA0086000855
B2034474745580N11951382WA0085900855
B2034484745572N11951382WA0085900854
B2034494745565N11951382WA0085800853
B2034504745558N11951382WA0085800852
B2034514745551N11951383WA0085700852
B2034524745545N11951383WA0085600851
B2034534745538N11951384WA0085600850
B2034544745532N11951384WA0085500850
B2034554745525N11951384WA0085400849
B2034564745518N11951384WA0085400849
B2034574745513N11951384WA0085300848
B2034584745507N11951384WA0085200848
B2034594745501N11951384WA0085200848
B2035004745495N11951385WA0085100848
B2035014745489N11951385WA0085100847
B2035024745484N11951385WA0085000847
B2035034745479N11951385WA0084900847
B2035044745475N11951386WA0084900847
B2035054745471N11951386WA0084800847
B2035064745468N11951386WA0084800847
B2035074745465N11951387WA0084700848
B2035084745463N11951387WA0084700848
B2035094745461N11951387WA0084700848
B2035104745461N11951387WA0084600848
B2035114745460N11951387WA0084600848
B2035124745460N11951387WA0084600848
B2035134745460N11951387WA0084500848
B2035144745460N11951387WA0084500848
B2035154745460N11951387WA0084500848
B2035164745460N11951387WA0084500848
B2035174745460N11951387WA0084500848
B2035184745460N11951387WA0084500848
B2035194745459N11951387WA0084400847
B2035204745459N11951387WA0084400847
B2035214745459N11951387WA0084400848
B2035224745459N11951387WA0084400848
B2035234745459N11951387WA0084400848
B2035244745459N11951387WA0084400847
B2035254745459N11951387WA0084400847
B2035264745459N11951387WA0084400847
B2035274745459N11951388WA0084400847
B2035284745459N11951388WA0084400847
B2035294745459N11951388WA0084400847
B2035304745459N11951388WA0084400847
B2035314745459N11951388WA0084400847
B2035324745459N11951388WA0084400847
B2035334745459N11951388WA0084400847
B2035344745459N11951388WA0084400848
B2035354745459N11951388WA0084400848
B2035364745459N11951388WA0084400848
B2035374745459N11951388WA0084400848
B2035384745459N11951388WA0084400848
B2035394745459N11951388WA0084400848
B2035404745459N11951388WA0084400848
B2035414745459N11951388WA0084400848
B2035424745459N11951388WA0084400848
B2035434745459N11951388WA0084400848
B2035444745459N11951388WA0084400848
B2035454745460N11951388WA0084400848
B2035464745460N11951388WA0084400848
B2035474745460N11951388WA0084400848
B2035484745460N11951388WA0084400848
B2035494745460N11951388WA0084400848
B2035504745460N11951388WA0084400847
B2035514745460N11951388WA0084400847
B2035524745459N11951388WA0084400847
B2035534745459N11951389WA0084400848
B2035544745459N11951389WA0084400848
B2035554745459N11951389WA0084400848
B2035564745459N11951389WA0084400848
B2035574745459N11951389WA0084400848
B2035584745459N11951389WA0084400848
B2035594745459N11951389WA0084400848
B2036004745459N11951389WA0084400848
B2036014745459N11951389WA0084400848
B2036024745459N11951389WA0084400848
B2036034745459N11951389WA0084400848
B2036044745459N11951389WA0084400848
B2036054745459N11951389WA0084400847
B2036064745459N11951389WA0084400847
B2036074745459N11951389WA0084400847
B2036084745459N11951389WA0084400847
B2036094745459N11951389WA0084400847
B2036104745459N11951389WA0084400847
B2036114745459N11951389WA0084400847
B2036124745459N11951389WA0084400847
B2036134745459N11951389WA0084400847
B2036144745459N11951389WA0084400847
B2036154745459N11951389WA0084400846
B2036164745459N11951389WA0084400846
B2036174745459N11951389WA0084400846
B2036184745459N11951389WA0084400846
B2036194745459N11951389WA0084400846
B2036204745459N11951389WA0084400846
B2036214745459N11951389WA0084400846
B2036224745459N11951389WA0084400846
B2036234745459N11951389WA0084400846
B2036244745459N11951389WA0084400846
B2036254745459N11951389WA0084400846
B2036264745459N11951389WA0084400845
B2036274745459N11951389WA0084400845
B2036284745459N11951389WA0084400845
B2036294745459N11951389WA0084400845
B2036304745459N11951389WA0084400845
B2036314745459N11951389WA0084400845
B2036324745459N11951389WA0084400845
B2036334745460N11951389WA0084400845
B2036344745460N11951389WA0084400845
B2036354745460N11951389WA0084400844
B2036364745460N11951389WA0084400844
B2036374745460N11951389WA0084400844
B2036384745460N11951389WA0084400844
B2036394745460N11951389WA0084400844
B2036404745460N11951389WA0084400844
B2036414745460N11951389WA0084400845
B2036424745460N11951389WA0084400845
B2036434745460N11951389WA0084400845
B2036444745460N11951389WA0084400845
B2036454745460N11951389WA0084400845
B2036464745460N11951389WA0084400845
B2036474745460N11951389WA0084400845
B2036484745460N11951389WA0084400845
B2036494745460N11951389WA0084400845
B2036504745460N11951389WA0084400846
B2036514745460N11951389WA0084400846
B2036524745460N11951389WA0084400846
B2036534745460N11951389WA0084400846
B2036544745459N11951389WA0084400846
B2036554745459N11951389WA0084400846
B2036564745459N11951389WA0084400846
B2036574745459N11951389WA0084400846
B2036584745459N11951389WA0084400846
B2036594745459N11951389WA0084400846
B2037004745459N11951389WA0084400846
B2037014745459N11951389WA0084400846
B2037024745459N11951389WA0084400846
B2037034745459N11951389WA0084400846
B2037044745459N11951389WA0084400846
B2037054745459N11951389WA0084400846
B2037064745459N11951389WA0084400846
B2037074745459N11951389WA0084400846
B2037084745459N11951389WA0084400846
B2037094745459N11951389WA0084400846
B2037104745459N11951389WA0084400846
B2037114745459N11951389WA0084400846
B2037124745459N11951389WA0084400846
B2037134745459N11951389WA0084400846
B2037144745459N11951389WA0084400846
B2037154745459N11951389WA0084400846
B2037164745459N11951389WA0084400846
B2037174745459N11951389WA0084400847
B2037184745459N11951389WA0084400847
B2037194745459N11951389WA0084400847
B2037204745459N11951389WA0084400847
B2037214745459N11951389WA0084400847
B2037224745459N11951389WA0084400847
B2037234745459N11951389WA0084400847
B2037244745459N11951389WA0084400847
B2037254745459N11951389WA0084400847
B2037264745459N11951389WA0084400847
B2037274745459N11951389WA0084400847
B2037284745459N11951389WA0084400848
B2037294745459N11951389WA0084400848
B2037304745459N11951389WA0084400848
B2037314745459N11951389WA0084400848
B2037324745459N11951389WA0084400848
B2037334745459N11951389WA0084400848
B2037344745459N11951389WA0084400848
B2037354745459N11951389WA0084400848
B2037364745459N11951389WA0084400848
B2037374745459N11951389WA0084400848
B2037384745459N11951389WA0084400848
B2037394745459N11951389WA0084400848
B2037404745459N11951389WA0084400848
B2037414745459N11951389WA0084400848
B2037424745459N11951389WA0084400848
B2037434745459N11951389WA0084400848
B2037444745459N11951389WA0084400848
B2037454745459N11951389WA0084400848
B2037464745459N11951389WA0084400848
B2037474745459N11951389WA0084400848
B2037484745459N11951389WA0084400848
B2037494745459N11951389WA0084400848
B2037504745459N11951389WA0084400848
B2037514745459N11951389WA0084400848
B2037524745459N11951389WA0084400848
B2037534745458N11951389WA0084400848
B2037544745458N11951389WA0084400848
B2037554745458N11951389WA0084400848
B2037564745458N11951389WA0084400848
B2037574745458N11951389WA0084400848
B2037584745458N11951389WA0084400848
B2037594745458N11951389WA0084400848
B2038004745458N11951389WA0084400848
B2038014745458N11951389WA0084400848
B2038024745458N11951389WA0084400848
B2038034745458N11951389WA0084400848
B2038044745458N11951389WA0084400848
B2038054745458N11951389WA0084400848
B2038064745458N11951389WA0084400848
B2038074745458N11951389WA0084400847
B2038084745458N11951389WA0084400848
B2038094745458N11951389WA0084400847
B2038104745458N11951388WA0084400847
B2038114745458N11951388WA0084400847
B2038124745459N11951388WA0084400847
B2038134745459N11951388WA0084400847
B2038144745459N11951388WA0084400847
B2038154745459N11951388WA0084400847
B2038164745459N11951388WA0084400847
B2038174745459N11951388WA0084400847
B2038184745459N11951388WA0084400846
B2038194745459N11951388WA0084400846
B2038204745459N11951388WA0084400846
B2038214745459N11951388WA0084400846
B2038224745458N11951388WA0084400846
B2038234745458N11951388WA0084400846
B2038244745458N11951388WA0084400846
B2038254745459N11951388WA0084400846
B2038264745458N11951388WA0084400846
B2038274745458N11951388WA0084400846
B2038284745458N11951388WA0084400846
B2038294745458N11951388WA0084400846
B2038304745458N11951388WA0084400846
B2038314745458N11951388WA0084300846
B2038324745458N11951388WA0084300847
B2038334745458N11951389WA0084300847
B2038344745458N11951389WA0084300847
B2038354745458N11951389WA0084300847
B2038364745458N11951389WA0084300847
B2038374745458N11951389WA0084300847
B2038384745458N11951389WA0084300847
B2038394745458N11951389WA0084300847
B2038404745458N11951389WA0084300847
B2038414745458N11951389WA0084300847
B2038424745458N11951389WA0084300846
B2038434745458N11951389WA0084300846
B2038444745458N11951389WA0084300846
B2038454745457N11951389WA0084300846
B2038464745457N11951389WA0084300846
B2038474745456N11951389WA0084300846
B2038484745455N11951389WA0084300846
B2038494745454N11951389WA0084300846
B2038504745453N11951389WA0084300847
B2038514745452N11951389WA0084300848
B2038524745451N11951389WA0084300848
B2038534745449N11951389WA0084300848
B2038544745447N11951390WA0084300848
B2038554745444N11951390WA0084400848
B2038564745441N11951390WA0084400848
B2038574745437N11951390WA0084400847
B2038584745432N11951390WA0084400846
B2038594745426N11951390WA0084400846
B2039004745419N11951390WA0084400844
B2039014745412N11951390WA0084300843
B2039024745404N11951390WA0084300843
B2039034745396N11951390WA0084300842
B2039044745388N11951390WA0084300842
B2039054745381N11951390WA0084200842
B2039064745373N11951390WA0084200843
B2039074745366N11951389WA0084200843
B2039084745358N11951389WA0084200843
B2039094745350N11951389WA0084200843
B2039104745341N11951390WA0084200842
B2039114745333N11951390WA0084200842
B2039124745324N11951390WA0084200841
B2039134745316N11951390WA0084100841
B2039144745307N11951390WA0084100841
B2039154745298N11951390WA0084100840
B2039164745289N11951390WA0084000839
B2039174745280N11951390WA0084000838
B2039184745270N11951390WA0084000838
B2039194745261N11951390WA0084000838
B2039204745252N11951390WA0083900838
B2039214745243N11951391WA0083900838
B2039224745235N11951391WA0083900838
B2039234745227N11951391WA0083800837
B2039244745218N11951392WA0083800837
B2039254745210N11951392WA0083800837
B2039264745202N11951392WA0083700838
B2039274745194N11951392WA0083700837
B2039284745186N11951392WA0083600837
B2039294745178N11951393WA0083600838
B2039304745171N11951393WA0083500837
B2039314745164N11951393WA0083500836
B2039324745156N11951393WA0083400836
B2039334745150N11951394WA0083300836
B2039344745143N11951394WA0083300836
B2039354745135N11951394WA0083200836
B2039364745128N11951394WA0083100835
B2039374745121N11951394WA0083100834
B2039384745114N11951394WA0083000833
B2039394745107N11951394WA0082900834
B2039404745099N11951394WA0082900834
B2039414745091N11951394WA0082800833
B2039424745083N11951393WA0082800833
B2039434745075N11951393WA0082700834
B2039444745067N11951392WA0082700834
B2039454745058N11951392WA0082700834
B2039464745050N11951392WA0082600835
B2039474745041N11951392WA0082600834
B2039484745032N11951391WA0082600834
B2039494745022N11951391WA0082600834
B2039504745012N11951391WA0082600835
B2039514745002N11951391WA0082600835
B2039524744992N11951391WA0082600834
B2039534744982N11951391WA0082600834
B2039544744972N11951391WA0082600833
B2039554744962N11951391WA0082600833
B2039564744953N11951391WA0082500834
B2039574744943N11951391WA0082500834
B2039584744933N11951391WA0082500833
B2039594744924N11951391WA0082400832
B2040004744914N11951391WA0082400832
B2040014744905N11951390WA0082300831
B2040024744896N11951390WA0082300831
B2040034744887N11951390WA0082300831
B2040044744879N11951390WA0082200831
B2040054744870N11951389WA0082200830
B2040064744862N11951389WA0082200830
B2040074744854N11951389WA0082100829
B2040084744845N11951389WA0082100828
B2040094744838N11951388WA0082100827
B2040104744829N11951388WA0082100826
B2040114744821N11951388WA0082000825
B2040124744812N11951388WA0082000825
B2040134744804N11951388WA0082000825
B2040144744795N11951388WA0081900825
B2040154744787N11951388WA0081900826
B2040164744778N11951388WA0081900827
B2040174744770N11951387WA0081900828
B2040184744762N11951387WA0081900828
B2040194744753N11951387WA0081900829
B2040204744745N11951387WA0081900829
B2040214744736N11951386WA0082000831
B2040224744727N11951386WA0082000831
B2040234744718N11951386WA0082000833
B2040244744709N11951386WA0082100833
B2040254744699N11951385WA0082100835
B2040264744690N11951385WA0082100836
B2040274744681N11951385WA0082200838
B2040284744673N11951385WA0082200839
B2040294744664N11951385WA0082300839
B2040304744655N11951385WA0082300840
B2040314744647N11951385WA0082400841
B2040324744638N11951384WA0082400841
B2040334744629N11951384WA0082400840
B2040344744620N11951384WA0082500840
B2040354744611N11951384WA0082500840
B2040364744602N11951384WA0082500840
B2040374744593N11951384WA0082500840
B2040384744584N11951384WA0082500840
B2040394744574N11951384WA0082400839
B2040404744565N11951384WA0082400840
B2040414744556N11951384WA0082400841
B2040424744548N11951384WA0082400841
B2040434744539N11951384WA0082400841
B2040444744531N11951384WA0082400841
B2040454744523N11951384WA0082500842
B2040464744515N11951385WA0082500842
B2040474744507N11951385WA0082500842
B2040484744499N11951385WA0082500841
B2040494744490N11951384WA0082500841
B2040504744481N11951384WA0082500841
B2040514744473N11951384WA0082500840
B2040524744464N11951384WA0082500841
B2040534744456N11951384WA0082500841
B2040544744448N11951385WA0082500840
B2040554744439N11951385WA0082500839
B2040564744431N11951385WA0082500839
B2040574744422N11951385WA0082500838
B2040584744414N11951385WA0082500837
B2040594744406N11951385WA0082500837
B2041004744397N11951385WA0082400837
B2041014744389N11951385WA0082400836
B2041024744381N11951386WA0082400836
B2041034744373N11951386WA0082300836
B2041044744365N11951386WA0082300836
B2041054744357N11951386WA0082300835
B2041064744349N11951386WA0082200835
B2041074744341N11951386WA0082200836
B2041084744333N11951386WA0082200836
B2041094744325N11951387WA0082100835
B2041104744317N11951387WA0082100834
B2041114744310N11951387WA0082000834
B2041124744303N11951387WA0082000833
B2041134744295N11951387WA0082000833
B2041144744288N11951387WA0081900832
B2041154744282N11951387WA0081900832
B2041164744275N11951388WA0081900832
B2041174744269N11951388WA0081900832
B2041184744263N11951388WA0081900832
B2041194744257N11951388WA0081900832
B2041204744251N11951388WA0081900832
B2041214744245N11951388WA0081900832
B2041224744239N11951388WA0081900831
B2041234744232N11951388WA0081900830
B2041244744224N11951388WA0081900830
B2041254744216N11951388WA0081900830
B2041264744209N11951388WA0081900830
B2041274744201N11951388WA0081900829
B2041284744194N11951388WA0081800829
B2041294744187N11951388WA0081800828
B2041304744179N11951388WA0081800828
B2041314744171N11951388WA0081800828
B2041324744164N11951388WA0081800828
B2041334744156N11951388WA0081800828
B2041344744147N11951387WA0081800828
B2041354744139N11951388WA0081800827
B2041364744130N11951388WA0081800828
B2041374744122N11951388WA0081800829
B2041384744114N11951387WA0081800828
B2041394744107N11951387WA0081800828
B2041404744100N11951387WA0081800829
B2041414744093N11951387WA0081800829
B2041424744087N11951387WA0081800828
B2041434744080N11951386WA0081800828
B2041444744073N11951386WA0081800828
B2041454744067N11951386WA0081800827
B2041464744061N11951386WA0081800827
B2041474744054N11951386WA0081800827
B2041484744048N11951385WA0081800826
B2041494744042N11951385WA0081800826
B2041504744036N11951385WA0081800826
B2041514744029N11951384WA0081800825
B2041524744023N11951384WA0081800825
B2041534744017N11951384WA0081800825
B2041544744010N11951384WA0081700824
B2041554744004N11951383WA0081700824
B2041564743997N11951383WA0081700824
B2041574743991N11951383WA0081700823
B2041584743984N11951382WA0081700823
B2041594743978N11951382WA0081700822
B2042004743971N11951382WA0081600822
B2042014743965N11951382WA0081600821
B2042024743959N11951381WA0081600821
B2042034743953N11951381WA0081600821
B2042044743947N11951381WA0081600820
B2042054743940N11951381WA0081500819
B2042064743934N11951381WA0081500819
B2042074743928N11951380WA0081500819
B2042084743921N11951380WA0081500818
B2042094743914N11951380WA0081500818
B2042104743907N11951380WA0081400817
B2042114743901N11951380WA0081400817
B2042124743894N11951380WA0081400816
B2042134743887N11951380WA0081400815
B2042144743880N11951380WA0081300815
B2042154743872N11951380WA0081300815
B2042164743865N11951380WA0081300815
B2042174743858N11951380WA0081300814
B2042184743851N11951380WA0081300814
B2042194743843N11951380WA0081200814
B2042204743836N11951380WA0081200813
B2042214743830N11951380WA0081200813
B2042224743823N11951380WA0081200812
B2042234743816N11951380WA0081200811
B2042244743810N11951380WA0081200811
B2042254743803N11951380WA0081100810
B2042264743797N11951380WA0081100810
B2042274743790N11951380WA0081100810
B2042284743784N11951381WA0081100810
B2042294743777N11951381WA0081100809
B2042304743771N11951381WA0081000810
B2042314743765N11951381WA0081000809
B2042324743759N11951381WA0081000809
B2042334743754N11951381WA0081000809
B2042344743748N11951381WA0081000808
B2042354743744N11951381WA0081000809
B2042364743740N11951381WA0080900809
B2042374743736N11951381WA0080900808
B2042384743733N11951381WA0080900808
B2042394743730N11951381WA0080900808
B2042404743727N11951381WA0080900808
B2042414743726N11951381WA0080900808
B2042424743725N11951381WA0080900808
B2042434743725N11951381WA0080900808
B2042444743724N11951381WA0080900808
B2042454743724N11951381WA0080900808
B2042464743724N11951381WA0080900808
B2042474743724N11951381WA0080900808
B2042484743724N11951381WA0080900808
B2042494743724N11951381WA0080900809
B2042504743724N11951381WA0080900809
B2042514743724N11951381WA0080900809
B2042524743724N11951381WA0080800808
B2042534743724N11951381WA0080800809
B2042544743724N11951381WA0080900809
B2042554743724N11951381WA0080900809
B2042564743724N11951381WA0080900809
B2042574743723N11951381WA0080900809
B2042584743723N11951381WA0080900809
B2042594743723N11951381WA0080900809
B2043004743723N11951381WA0080900809
B2043014743723N11951381WA0080900809
B2043024743723N11951381WA0080900809
B2043034743723N11951381WA0080900809
B2043044743723N11951381WA0080900809
B2043054743723N11951381WA0080900810
B2043064743723N11951381WA0080900810
B2043074743723N11951381WA0080900810
B2043084743723N11951381WA0080900810
B2043094743723N11951381WA0080900809
B2043104743723N11951381WA0080900809
B2043114743723N11951381WA0080900809
B2043124743723N11951381WA0080900809
B2043134743723N11951381WA0080900809
B2043144743723N11951381WA0080900809
B2043154743723N11951381WA0080900809
B2043164743723N11951381WA0080900809
B2043174743723N11951381WA0080900809
B2043184743723N11951381WA0080900809
B2043194743723N11951381WA0080900809
B2043204743723N11951381WA0080900809
B2043214743723N11951381WA0080900809
B2043224743722N11951381WA0080900809
B2043234743722N11951381WA0080900809
B2043244743722N11951381WA0080900809
B2043254743722N11951381WA0080800809
B2043264743722N11951381WA0080800808
B2043274743722N11951381WA0080800808
B2043284743722N11951381WA0080800808
B2043294743722N11951381WA0080800808
B2043304743722N11951381WA0080800808
B2043314743722N11951381WA0080800808
B2043324743722N11951381WA0080900808
B2043334743722N11951382WA0080900808
B2043344743722N11951382WA0080900808
B2043354743722N11951382WA0080900808
B2043364743722N11951382WA0080900808
B2043374743722N11951382WA0080900808
B2043384743722N11951382WA0080900808
B2043394743722N11951382WA0080900807
B2043404743722N11951382WA0080900808
B2043414743722N11951382WA0080900808
B2043424743722N11951382WA0080900807
B2043434743722N11951382WA0080900808
B2043444743722N11951382WA0080900808
B2043454743722N11951382WA0080900807
B2043464743722N11951382WA0080800807
B2043474743722N11951382WA0080800807
B2043484743722N11951382WA0080800806
B2043494743722N11951383WA0080800806
B2043504743722N11951383WA0080800806
B2043514743722N11951383WA0080800806
B2043524743722N11951383WA0080800807
B2043534743722N11951383WA0080800807
B2043544743722N11951383WA0080800807
B2043554743722N11951383WA0080800807
B2043564743722N11951383WA0080800807
B2043574743722N11951384WA0080800807
B2043584743722N11951385WA0080800807
B2043594743723N11951385WA0080800808
B2044004743723N11951385WA0080800808
B2044014743724N11951385WA0080800808
B2044024743724N11951385WA0080800808
B2044034743724N11951385WA0080800809
B2044044743724N11951386WA0080800809
B2044054743724N11951386WA0080800809
B2044064743724N11951386WA0080800809
B2044074743724N11951386WA0080800809
B2044084743724N11951386WA0080800809
B2044094743724N11951386WA0080800809
B2044104743724N11951386WA0080800809
B2044114743724N11951386WA0080800809
B2044124743724N11951386WA0080800809
B2044134743724N11951386WA0080800809
B2044144743724N11951386WA0080800810
B2044154743724N11951386WA0080800810
B2044164743724N11951386WA0080800810
B2044174743724N11951386WA0080800810
B2044184743724N11951386WA0080800810
B2044194743724N11951386WA0080800810
B2044204743724N11951386WA0080800810
B2044214743724N11951386WA0080800810
B2044224743724N11951386WA0080800810
B2044234743724N11951386WA0080800810
B2044244743724N11951386WA0080800810
B2044254743724N11951386WA0080800810
B2044264743724N11951386WA0080800810
B2044274743724N11951386WA0080800810
B2044284743724N11951386WA0080800810
B2044294743724N11951386WA0080800810
B2044304743724N11951386WA0080800810
B2044314743724N11951386WA0080800810
B2044324743724N11951386WA0080800810
B2044334743724N11951386WA0080800810
B2044344743724N11951386WA0080800810
B2044354743724N11951385WA0080800810
B2044364743724N11951385WA0080800810
B2044374743723N11951385WA0080800810
B2044384743723N11951385WA0080800810
B2044394743723N11951385WA0080800810
B2044404743723N11951385WA0080800810
B2044414743723N11951385WA0080800810
B2044424743723N11951384WA0080800810
B2044434743723N11951384WA0080800809
B2044444743723N11951384WA0080800810
B2044454743723N11951384WA0080800810
B2044464743723N11951384WA0080800809
B2044474743723N11951384WA0080800809
B2044484743723N11951383WA0080800809
B2044494743724N11951383WA0080800809
B2044504743724N11951384WA0080800809
B2044514743723N11951384WA0080800809
B2044524743723N11951384WA0080800809
B2044534743723N11951384WA0080800809
B2044544743723N11951383WA0080800810
B2044554743723N11951383WA0080800810
B2044564743723N11951383WA0080800810
B2044574743723N11951383WA0080800810
B2044584743723N11951383WA0080800810
B2044594743723N11951383WA0080800810
B2045004743723N11951383WA0080800810
B2045014743723N11951383WA0080800810
B2045024743723N11951383WA0080800810
B2045034743723N11951383WA0080700810
B2045044743723N11951383WA0080700810
B2045054743723N11951383WA0080700810
B2045064743723N11951383WA0080700810
B2045074743723N11951383WA0080700810
B2045084743723N11951383WA0080700810
B2045094743722N11951383WA0080700810
B2045104743722N11951383WA0080700810
B2045114743722N11951383WA0080700810
B2045124743722N11951383WA0080700810
B2045134743722N11951383WA0080700810
B2045144743722N11951383WA0080700810
B2045154743722N11951383WA0080700810
B2045164743722N11951383WA0080700810
B2045174743722N11951383WA0080800810
B2045184743722N11951383WA0080800810
B2045194743722N11951383WA0080800810
B2045204743722N11951384WA0080800810
B2045214743722N11951384WA0080800810
B2045224743722N11951384WA0080800810
B2045234743722N11951384WA0080800810
B2045244743722N11951384WA0080800810
B2045254743722N11951384WA0080800810
B2045264743722N11951384WA0080800810
B2045274743722N11951384WA0080800810
B2045284743722N11951384WA0080800810
B2045294743722N11951384WA0080800810
B2045304743722N11951384WA0080800810
B2045314743722N11951384WA0080900810
B2045324743722N11951384WA0080900810
B2045334743722N11951384WA0080900810
B2045344743721N11951384WA0080900810
B2045354743721N11951384WA0080900810
B2045364743721N11951384WA0080900810
B2045374743721N11951384WA0080900810
B2045384743721N11951384WA0080900810
B2045394743721N11951384WA0080900810
B2045404743721N11951384WA0080900810
B2045414743721N11951384WA0080900810
B2045424743721N11951384WA0080900810
B2045434743721N11951384WA0080900810
B2045444743721N11951384WA0080900810
B2045454743721N11951384WA0080900810
B2045464743721N11951384WA0080900810
B2045474743721N11951384WA0080900809
B2045484743721N11951384WA0080900809
B2045494743721N11951384WA0080900809
B2045504743721N11951384WA0080900809
B2045514743721N11951384WA0080900809
B2045524743721N11951384WA0080900809
B2045534743721N11951384WA0080900809
B2045544743721N11951384WA0080900809
B2045554743721N11951384WA0080900809
B2045564743721N11951384WA0080900809
B2045574743721N11951384WA0080900809
B2045584743721N11951384WA0080900809
B2045594743721N11951384WA0080900809
B2046004743721N11951384WA0080900809
B2046014743721N11951384WA0080900809
B2046024743721N11951384WA0080900809
B2046034743721N11951384WA0080900809
B2046044743721N11951384WA0080900809
B2046054743721N11951384WA0080900809
B2046064743721N11951384WA0080900809
B2046074743721N11951384WA0080900808
B2046084743721N11951384WA0080900808
B2046094743721N11951384WA0080900808
B2046104743721N11951384WA0080900808
B2046114743721N11951384WA0080900808
B2046124743721N11951384WA0080900808
B2046134743721N11951384WA0080900808
B2046144743721N11951384WA0080900808
B2046154743721N11951384WA0080900807
B2046164743721N11951384WA0080900807
B2046174743720N11951383WA0080900807
B2046184743720N11951383WA0080900807
B2046194743719N11951382WA0080900807
B2046204743718N11951381WA0080900807
B2046214743717N11951379WA0080900807
B2046224743716N11951376WA0080900807
B2046234743716N11951372WA0080900807
B2046244743716N11951367WA0080900807
B2046254743716N11951360WA0080900807
B2046264743715N11951353WA0080900807
B2046274743715N11951344WA0080900807
B2046284743715N11951334WA0080900807
B2046294743715N11951322WA0080900807
B2046304743715N11951309WA0080900806
B2046314743715N11951295WA0080900806
B2046324743715N11951279WA0080900806
B2046334743715N11951261WA0080900805
B2046344743715N11951242WA0080900805
B2046354743715N11951222WA0080900805
B2046364743715N11951201WA0081000805
B2046374743715N11951179WA0081000805
B2046384743715N11951157WA0081000805
B2046394743715N11951133WA0081000804
B2046404743715N11951109WA0081000804
B2046414743715N11951084WA0081100804
B2046424743715N11951059WA0081100804
B2046434743714N11951033WA0081100804
B2046444743714N11951006WA0081100804
B2046454743714N11950980WA0081200804
B2046464743714N11950954WA0081200804
B2046474743714N11950927WA0081200804
B2046484743714N11950901WA0081200804
B2046494743714N11950875WA0081200804
B2046504743714N11950849WA0081200804
B2046514743714N11950822WA0081100803
B2046524743714N11950796WA0081100803
B2046534743713N11950769WA0081100802
B2046544743713N11950742WA0081100802
B2046554743713N11950715WA0081100801
B2046564743713N11950688WA0081000800
B2046574743713N11950660WA0081000800
B2046584743713N11950632WA0081000799
B2046594743713N11950604WA0080900799
B2047004743713N11950576WA0080900798
B2047014743713N11950547WA0080800798
B2047024743713N11950519WA0080800797
B2047034743712N11950490WA0080800797
B2047044743712N11950462WA0080700797
B2047054743712N11950433WA0080700796
B2047064743712N11950405WA0080700796
B2047074743712N11950376WA0080800796
B2047084743712N11950348WA0080900796
B2047094743712N11950320WA0080900796
B2047104743712N11950292WA0080900797
B2047114743712N11950264WA0080900797
B2047124743712N11950236WA0080900797
B2047134743711N11950208WA0081000798
B2047144743711N11950181WA0081000798
B2047154743711N11950154WA0081000799
B2047164743711N11950127WA0081000799
B2047174743711N11950100WA0081000799
B2047184743711N11950073WA0081000799
B2047194743711N11950046WA0080900799
B2047204743711N11950020WA0080900799
B2047214743711N11949992WA0080900799
B2047224743710N11949965WA0080900799
B2047234743710N11949938WA0080900798
B2047244743710N11949911WA0080800798
B2047254743710N11949884WA0080800797
B2047264743710N11949857WA0080800796
B2047274743710N11949831WA0080700796
B2047284743710N11949805WA0080700795
B2047294743710N11949779WA0080600794
B2047304743710N11949753WA0080500794
B2047314743710N11949726WA0080500793
B2047324743710N11949700WA0080400793
B2047334743710N11949673WA0080400792
B2047344743710N11949646WA0080300792
B2047354743710N11949618WA0080300791
B2047364743710N11949591WA0080200790
B2047374743710N11949563WA0080100789
B2047384743709N11949535WA0080100788
B2047394743709N11949507WA0080000788
B2047404743709N11949479WA0079900788
B2047414743709N11949451WA0079900789
B2047424743709N11949422WA0079900790
B2047434743709N11949394WA0079900791
B2047444743709N11949366WA0079900792
B2047454743709N11949338WA0079900792
B2047464743709N11949310WA0079900793
B2047474743709N11949283WA0079900793
B2047484743709N11949256WA0079900793
B2047494743709N11949230WA0080000794
B2047504743709N11949204WA0080000794
B2047514743709N11949178WA0080000794
B2047524743709N11949153WA0080000794
B2047534743709N11949129WA0080000794
B2047544743709N11949105WA0080000794
B2047554743709N11949082WA0080000794
B2047564743709N11949060WA0080000794
B2047574743709N11949038WA0079900794
B2047584743709N11949016WA0079900794
B2047594743709N11948995WA0079900794
B2048004743709N11948975WA0079900795
B2048014743709N11948955WA0079900795
B2048024743709N11948937WA0079900795
B2048034743709N11948920WA0079900796
B2048044743709N11948904WA0079900796
B2048054743709N11948890WA0079800796
B2048064743709N11948876WA0079800797
B2048074743709N11948864WA0079800797
B2048084743709N11948854WA0079800797
B2048094743709N11948846WA0079800797
B2048104743709N11948840WA0079800797
B2048114743709N11948836WA0079700797
B2048124743709N11948833WA0079700797
B2048134743709N11948831WA0079700797
B2048144743709N11948829WA0079700797
B2048154743710N11948826WA0079700797
B2048164743712N11948823WA0079700797
B2048174743714N11948821WA0079700798
B2048184743718N11948820WA0079700798
B2048194743722N11948819WA0079700798
B2048204743726N11948819WA0079700799
B2048214743732N11948819WA0079700799
B2048224743738N11948819WA0079700800
B2048234743745N11948819WA0079700800
B2048244743754N11948819WA0079800800
B2048254743763N11948819WA0079800800
B2048264743773N11948819WA0079800800
B2048274743784N11948819WA0079900801
B2048284743796N11948818WA0079900801
B2048294743809N11948818WA0080000801
B2048304743822N11948818WA0080000802
B2048314743836N11948818WA0080100803
B2048324743850N11948818WA0080200803
B2048334743865N11948818WA0080300804
B2048344743880N11948818WA0080300804
B2048354743896N11948818WA0080400805
B2048364743913N11948818WA0080400805
B2048374743930N11948818WA0080500805
B2048384743947N11948818WA0080600805
B2048394743965N11948818WA0080600805
B2048404743983N11948818WA0080700804
B2048414744001N11948819WA0080700804
B2048424744020N11948819WA0080800804
B2048434744039N11948818WA0080800804
B2048444744058N11948818WA0080800804
B2048454744077N11948818WA0080900805
B2048464744096N11948818WA0081000807
B2048474744115N11948818WA0081100809
B2048484744135N11948818WA0081200811
B2048494744154N11948818WA0081300812
B2048504744173N11948818WA0081400814
B2048514744192N11948818WA0081600817
B2048524744211N11948818WA0081700819
B2048534744229N11948819WA0081900821
B2048544744248N11948818WA0082000824
B2048554744267N11948818WA0082200826
B2048564744286N11948818WA0082400828
B2048574744304N11948818WA0082600830
B2048584744323N11948818WA0082700832
B2048594744342N11948818WA0082900834
B2049004744360N11948818WA0083100835
B2049014744379N11948818WA0083300837
B2049024744398N11948818WA0083400839
B2049034744416N11948818WA0083600841
B2049044744435N11948818WA0083800843
B2049054744453N11948818WA0084000845
B2049064744471N11948818WA0084100847
B2049074744489N11948818WA0084300849
B2049084744506N11948818WA0084500849
B2049094744523N11948818WA0084600850
B2049104744540N11948818WA0084700851
B2049114744557N11948818WA0084900853
B2049124744574N11948818WA0085000855
B2049134744590N11948818WA0085100857
B2049144744607N11948818WA0085300859
B2049154744623N11948818WA0085400861
B2049164744639N11948818WA0085500862
B2049174744655N11948818WA0085700863
B2049184744671N11948818WA0085800862
B2049194744688N11948818WA0085800861
B2049204744704N11948818WA0085900860
B2049214744721N11948819WA0085900859
B2049224744738N11948819WA0086000859
B2049234744755N11948819WA0086000859
B2049244744772N11948819WA0086100858
B2049254744789N11948819WA0086100858
B2049264744806N11948819WA0086100857
B2049274744822N11948819WA0086100857
B2049284744839N11948819WA0086100856
B2049294744855N11948819WA0086100855
B2049304744871N11948819WA0086100854
B2049314744887N11948819WA0086100853
B2049324744903N11948820WA0086100853
B2049334744919N11948820WA0086000853
B2049344744935N11948820WA0086000853
B2049354744950N11948820WA0085900853
B2049364744965N11948820WA0085900852
B2049374744980N11948820WA0085900852
B2049384744995N11948820WA0085800852
B2049394745009N11948821WA0085800853
B2049404745023N11948821WA0085800853
B2049414745037N11948821WA0085700853
B2049424745051N11948821WA0085700854
B2049434745065N11948820WA0085700854
B2049444745078N11948820WA0085700854
B2049454745092N11948820WA0085700854
B2049464745106N11948820WA0085700854
B2049474745120N11948820WA0085700854
B2049484745134N11948820WA0085700854
B2049494745147N11948819WA0085700853
B2049504745160N11948819WA0085700853
B2049514745174N11948819WA0085600853
B2049524745187N11948819WA0085600852
B2049534745200N11948819WA0085500852
B2049544745213N11948818WA0085500851
B2049554745226N11948818WA0085500851
B2049564745238N11948818WA0085400850
B2049574745251N11948818WA0085400849
B2049584745265N11948819WA0085300848
B2049594745278N11948819WA0085300847
B2050004745292N11948819WA0085200846
B2050014745305N11948819WA0085100846
B2050024745319N11948819WA0085100845
B2050034745332N11948819WA0085000844
B2050044745346N11948819WA0084900843
B2050054745360N11948819WA0084900843
B2050064745373N11948819WA0084800843
B2050074745387N11948819WA0084800842
B2050084745401N11948819WA0084700842
B2050094745414N11948819WA0084700842
B2050104745427N11948819WA0084600842
B2050114745440N11948819WA0084600841
B2050124745453N11948819WA0084500841
B2050134745466N11948819WA0084500841
B2050144745479N11948819WA0084400840
B2050154745491N11948819WA0084400840
B2050164745504N11948818WA0084400840
B2050174745517N11948818WA0084300840
B2050184745530N11948818WA0084300839
B2050194745542N11948818WA0084300839
B2050204745555N11948818WA0084200840
B2050214745569N11948818WA0084200839
B2050224745582N11948818WA0084200839
B2050234745595N11948818WA0084200840
B2050244745608N11948817WA0084200840
B2050254745622N11948817WA0084100840
B2050264745635N11948817WA0084100840
B2050274745649N11948817WA0084100840
B2050284745663N11948817WA0084100840
B2050294745677N11948817WA0084100840
B2050304745691N11948817WA0084100840
B2050314745705N11948817WA0084200840
B2050324745719N11948817WA0084200841
B2050334745733N11948817WA0084200841
B2050344745747N11948817WA0084200841
B2050354745761N11948817WA0084200841
B2050364745774N11948817WA0084200841
B2050374745787N11948817WA0084300841
B2050384745801N11948816WA0084300842
B2050394745814N11948816WA0084300842
B2050404745827N11948816WA0084300842
B2050414745841N11948816WA0084300842
B2050424745854N11948816WA0084300842
B2050434745867N11948816WA0084300841
B2050444745881N11948816WA0084300841
B2050454745894N11948816WA0084300840
B2050464745907N11948816WA0084300840
B2050474745920N11948815WA0084300839
B2050484745933N11948815WA0084300839
B2050494745946N11948815WA0084200838
B2050504745959N11948815WA0084200838
B2050514745972N11948815WA0084200838
B2050524745984N11948815WA0084200837
B2050534745997N11948815WA0084100837
B2050544746010N11948815WA0084100837
B2050554746022N11948815WA0084100837
B2050564746035N11948815WA0084100838
B2050574746047N11948815WA0084000839
B2050584746058N11948814WA0084000839
B2050594746070N11948814WA0084000839
B2051004746081N11948814WA0084000839
B2051014746093N11948814WA0084000839
B2051024746104N11948814WA0084000838
B2051034746117N11948814WA0084000838
B2051044746130N11948814WA0084000838
B2051054746143N11948814WA0084000838
B2051064746158N11948814WA0084000837
B2051074746172N11948814WA0084000837
B2051084746188N11948813WA0084000837
B2051094746203N11948813WA0084000837
B2051104746219N11948813WA0084000837
B2051114746234N11948813WA0084000838
B2051124746248N11948813WA0084000839
B2051134746261N11948813WA0084100839
B2051144746272N11948812WA0084100840
B2051154746282N11948812WA0084100840
B2051164746291N11948812WA0084000840
B2051174746299N11948812WA0084000840
B2051184746305N11948812WA0084000840
B2051194746310N11948812WA0084000840
B2051204746314N11948812WA0083900841
B2051214746317N11948814WA0083900840
B2051224746319N11948816WA0083900841
B2051234746320N11948819WA0083900841
B2051244746321N11948823WA0083800841
B2051254746321N11948827WA0083800841
B2051264746320N11948831WA0083800842
B2051274746319N11948835WA0083800842
B2051284746318N11948840WA0083800842
B2051294746317N11948845WA0083800843
B2051304746316N11948850WA0083800843
B2051314746316N11948854WA0083800843
B2051324746316N11948859WA0083800843
B2051334746317N11948863WA0083800844
B2051344746319N11948867WA0083900844
B2051354746320N11948871WA0083900844
B2051364746321N11948874WA0083900844
B2051374746322N11948878WA0083900845
B2051384746323N11948881WA0083900845
B2051394746323N11948884WA0083900845
B2051404746323N11948887WA0083900845
B2051414746323N11948890WA0084000845
B2051424746323N11948892WA0084000845
B2051434746323N11948895WA0084000845
B2051444746323N11948897WA0084000845
B2051454746323N11948900WA0084000845
B2051464746322N11948904WA0084000845
B2051474746322N11948907WA0084000845
B2051484746321N11948910WA0084000844
B2051494746320N11948914WA0084000844
B2051504746319N11948917WA0084000844
B2051514746318N11948920WA0084000844
B2051524746316N11948923WA0084000843
B2051534746315N11948925WA0084000843
B2051544746313N11948928WA0084000842
B2051554746312N11948931WA0084000842
B2051564746311N11948934WA0084000842
B2051574746310N11948937WA0083900842
B2051584746310N11948941WA0083900841
B2051594746310N11948945WA0083900841
B2052004746311N11948949WA0083900840
B2052014746313N11948953WA0083800839
B2052024746315N11948957WA0083800839
B2052034746317N11948962WA0083800839
B2052044746319N11948966WA0083800838
B2052054746320N11948971WA0083800838
B2052064746321N11948976WA0083700838
B2052074746322N11948981WA0083700837
B2052084746322N11948988WA0083700837
B2052094746321N11948995WA0083700837
B2052104746319N11949002WA0083700837
B2052114746319N11949010WA0083700837
B2052124746318N11949017WA0083700837
B2052134746318N11949023WA0083700837
B2052144746317N11949029WA0083700838
B2052154746318N11949035WA0083700838
B2052164746318N11949041WA0083700838
B2052174746319N11949047WA0083700839
B2052184746320N11949053WA0083700839
B2052194746321N11949059WA0083700839
B2052204746321N11949066WA0083700840
B2052214746322N11949073WA0083800841
B2052224746323N11949079WA0083800842
B2052234746324N11949085WA0083900843
B2052244746325N11949090WA0083900844
B2052254746325N11949096WA0084000845
B2052264746325N11949101WA0084000845
B2052274746326N11949106WA0084100846
B2052284746326N11949111WA0084200846
B2052294746326N11949115WA0084200847
B2052304746326N11949120WA0084300847
B2052314746326N11949124WA0084300847
B2052324746325N11949129WA0084400847
B2052334746325N11949133WA0084400847
B2052344746325N11949138WA0084400847
B2052354746325N11949143WA0084500848
B2052364746325N11949148WA0084500848
B2052374746325N11949152WA0084500848
B2052384746325N11949157WA0084500848
B2052394746325N11949162WA0084600848
B2052404746325N11949167WA0084600849
B2052414746325N11949172WA0084600849
B2052424746326N11949177WA0084600849
B2052434746326N11949182WA0084700848
B2052444746326N11949188WA0084700848
B2052454746326N11949194WA0084700848
B2052464746326N11949200WA0084700848
B2052474746326N11949206WA0084700848
B2052484746326N11949213WA0084700848
B2052494746326N11949219WA0084700848
B2052504746326N11949226WA0084700848
B2052514746326N11949233WA0084700848
B2052524746326N11949240WA0084700848
B2052534746326N11949247WA0084700848
B2052544746326N11949254WA0084800847
B2052554746326N11949261WA0084800847
B2052564746325N11949269WA0084800847
B2052574746325N11949276WA0084800847
B2052584746325N11949284WA0084800847
B2052594746325N11949291WA0084800848
B2053004746325N11949299WA0084800848
B2053014746325N11949306WA0084800848
B2053024746325N11949314WA0084800848
B2053034746325N11949322WA0084800848
B2053044746325N11949330WA0084800849
B2053054746325N11949338WA0084900849
B2053064746325N11949347WA0084900849
B2053074746325N11949355WA0084900850
B2053084746325N11949364WA0084900851
B2053094746325N11949373WA0085000851
B2053104746325N11949382WA0085000852
B2053114746325N11949389WA0085100853
B2053124746325N11949396WA0085100854
B2053134746325N11949403WA0085200854
B2053144746325N11949410WA0085200855
B2053154746325N11949417WA0085200855
B2053164746325N11949425WA0085200854
B2053174746325N11949433WA0085300855
B2053184746325N11949441WA0085300854
B2053194746325N11949449WA0085300854
B2053204746325N11949457WA0085300854
B2053214746325N11949466WA0085300854
B2053224746325N11949474WA0085300854
B2053234746325N11949483WA0085300853
B2053244746325N11949491WA0085300853
B2053254746325N11949500WA0085300853
B2053264746325N11949508WA0085300853
B2053274746326N11949517WA0085300854
B2053284746326N11949526WA0085300854
B2053294746325N11949534WA0085300854
B2053304746325N11949543WA0085300855
B2053314746325N11949552WA0085300856
B2053324746325N11949560WA0085400857
B2053334746325N11949569WA0085400857
B2053344746325N11949577WA0085400858
B2053354746326N11949585WA0085500859
B2053364746326N11949594WA0085500860
B2053374746326N11949602WA0085600861
B2053384746326N11949609WA0085600862
B2053394746326N11949617WA0085700863
B2053404746326N11949624WA0085700864
B2053414746326N11949632WA0085800865
B2053424746326N11949638WA0085900866
B2053434746326N11949645WA0085900866
B2053444746325N11949651WA0086000867
B2053454746324N11949657WA0086100868
B2053464746322N11949662WA0086100869
B2053474746320N11949667WA0086200869
B2053484746318N11949672WA0086300870
B2053494746316N11949676WA0086300871
B2053504746313N11949680WA0086400872
B2053514746311N11949684WA0086400872
B2053524746309N11949688WA0086500873
B2053534746307N11949692WA0086500873
B2053544746305N11949697WA0086500873
B2053554746304N11949701WA0086600873
B2053564746302N11949706WA0086600873
B2053574746300N11949710WA0086600873
B2053584746298N11949714WA0086600874
B2053594746296N11949718WA0086700874
B2054004746295N11949721WA0086700874
B2054014746294N11949724WA0086700874
B2054024746293N11949726WA0086700874
B2054034746292N11949729WA0086700874
B2054044746292N11949732WA0086800874
B2054054746291N11949735WA0086800874
B2054064746290N11949740WA0086800874
B2054074746289N11949744WA0086800874
B2054084746289N11949749WA0086800874
B2054094746289N11949754WA0086800873
B2054104746288N11949760WA0086800873
B2054114746288N11949766WA0086800872
B2054124746288N11949771WA0086800871
B2054134746289N11949777WA0086800871
B2054144746289N11949782WA0086700871
B2054154746290N11949787WA0086700871
B2054164746291N11949792WA0086700870
B2054174746293N11949796WA0086700870
B2054184746294N11949800WA0086700870
B2054194746296N11949804WA0086600869
B2054204746298N11949807WA0086600869
B2054214746301N11949809WA0086500869
B2054224746304N11949811WA0086500868
B2054234746307N11949813WA0086500868
B2054244746310N11949815WA0086500867
B2054254746313N11949816WA0086400867
B2054264746316N11949817WA0086400867
B2054274746319N11949818WA0086400867
B2054284746321N11949820WA0086400868
B2054294746323N11949821WA0086300868
B2054304746324N11949822WA0086300867
B2054314746325N11949822WA0086300867
B2054324746325N11949823WA0086300866
B2054334746325N11949823WA0086300866
B2054344746325N11949823WA0086300866
B2054354746325N11949823WA0086200866
B2054364746325N11949823WA0086200866
B2054374746325N11949823WA0086200866
B2054384746326N11949823WA0086200866
B2054394746326N11949825WA0086200866
B2054404746327N11949827WA0086200866
B2054414746327N11949830WA0086200866
B2054424746327N11949833WA0086200865
B2054434746327N11949837WA0086200865
B2054444746327N11949842WA0086200865
B2054454746326N11949848WA0086200865
B2054464746326N11949854WA0086200865
B2054474746326N11949858WA0086200865
B2054484746326N11949862WA0086200866
B2054494746326N11949866WA0086200866
B2054504746326N11949870WA0086200867
B2054514746326N11949873WA0086200867
B2054524746326N11949877WA0086200867
B2054534746326N11949881WA0086200868
B2054544746326N11949885WA0086200868
B2054554746326N11949890WA0086300868
B2054564746326N11949895WA0086300869
B2054574746326N11949900WA0086300869
B2054584746326N11949905WA0086300870
B2054594746326N11949910WA0086400870
B2055004746326N11949915WA0086400871
B2055014746326N11949920WA0086400872
B2055024746326N11949924WA0086500872
B2055034746326N11949929WA0086500872
B2055044746326N11949933WA0086600873
B2055054746326N11949937WA0086600873
B2055064746326N11949941WA0086600873
B2055074746326N11949944WA0086700874
B2055084746326N11949947WA0086700874
B2055094746326N11949951WA0086800874
B2055104746326N11949954WA0086800875
B2055114746326N11949957WA0086900875
B2055124746326N11949961WA0086900875
B2055134746326N11949965WA0087000876
B2055144746326N11949969WA0087000876
B2055154746327N11949972WA0087100876
B2055164746327N11949976WA0087100877
B2055174746327N11949980WA0087100877
B2055184746327N11949983WA0087200877
B2055194746327N11949986WA0087200877
B2055204746327N11949989WA0087200877
B2055214746326N11949992WA0087300877
B2055224746326N11949995WA0087300877
B2055234746326N11949997WA0087300877
B2055244746326N11949999WA0087300878
B2055254746326N11950001WA0087400878
B2055264746326N11950002WA0087400878
B2055274746326N11950002WA0087400878
B2055284746326N11950003WA0087400878
B2055294746326N11950004WA0087400878
B2055304746326N11950005WA0087400878
B2055314746326N11950006WA0087400878
B2055324746326N11950006WA0087400878
B2055334746326N11950007WA0087400878
B2055344746326N11950007WA0087500878
B2055354746326N11950007WA0087500878
B2055364746326N11950007WA0087500878
B2055374746326N11950007WA0087500878
B2055384746326N11950007WA0087500878
B2055394746326N11950007WA0087500878
B2055404746326N11950007WA0087500879
B2055414746326N11950007WA0087500879
B2055424746326N11950007WA0087500879
B2055434746326N11950007WA0087500879
B2055444746326N11950007WA0087500879
B2055454746326N11950007WA0087500879
B2055464746326N11950007WA0087500879
B2055474746326N11950007WA0087500879
B2055484746326N11950007WA0087500880
B2055494746326N11950007WA0087500880
B2055504746326N11950007WA0087500880
B2055514746326N11950007WA0087500880
B2055524746326N11950007WA0087500880
B2055534746326N11950007WA0087500880
B2055544746326N11950007WA0087500880
B2055554746326N11950007WA0087500880
B2055564746326N11950007WA0087500880
B2055574746326N11950007WA0087500880
B2055584746326N11950007WA0087500880
B2055594746326N11950007WA0087500880
B2056004746326N11950007WA0087500880
B2056014746326N11950006WA0087500880
B2056024746326N11950006WA0087500880
B2056034746326N11950006WA0087500880
B2056044746326N11950006WA0087500880
B2056054746326N11950006WA0087500880
B2056064746326N11950006WA0087500880
B2056074746326N11950006WA0087500880
B2056084746326N11950006WA0087500880
B2056094746326N11950006WA0087500880
B2056104746326N11950006WA0087500880
B2056114746326N11950006WA0087500880
B2056124746326N11950006WA0087500880
B2056134746326N11950005WA0087500880
B2056144746326N11950005WA0087500880
B2056154746326N11950005WA0087500880
B2056164746326N11950004WA0087500880
B2056174746326N11950004WA0087500881
B2056184746326N11950004WA0087500881
B2056194746325N11950004WA0087500881
B2056204746325N11950003WA0087500881
B2056214746325N11950003WA0087500881
B2056224746325N11950003WA0087500881
B2056234746325N11950002WA0087500881
B2056244746325N11950002WA0087500882
B2056254746325N11950002WA0087500882
B2056264746325N11950002WA0087500882
B2056274746325N11950002WA0087500882
B2056284746325N11950001WA0087500882
B2056294746325N11950001WA0087500883
B2056304746325N11950000WA0087500883
B2056314746325N11950000WA0087500883
B2056324746325N11949999WA0087500883
B2056334746325N11949999WA0087500883
B2056344746325N11949998WA0087500883
B2056354746325N11949998WA0087500883
B2056364746325N11949997WA0087500883
B2056374746325N11949997WA0087500883
B2056384746325N11949997WA0087500883
B2056394746325N11949996WA0087500883
B2056404746325N11949996WA0087500883
B2056414746325N11949995WA0087500883
B2056424746325N11949995WA0087500883
B2056434746325N11949994WA0087500883
B2056444746325N11949994WA0087500883
B2056454746325N11949993WA0087500883
B2056464746325N11949993WA0087500883
B2056474746325N11949992WA0087500883
B2056484746325N11949992WA0087500883
B2056494746325N11949991WA0087400882
B2056504746325N11949990WA0087400882
B2056514746325N11949990WA0087400882
B2056524746325N11949989WA0087400882
B2056534746325N11949988WA0087400882
B2056544746325N11949988WA0087400882
B2056554746325N11949987WA0087400882
B2056564746325N11949987WA0087400882
B2056574746325N11949986WA0087400882
B2056584746325N11949986WA0087400882
B2056594746326N11949985WA0087400882
B2057004746326N11949985WA0087400882
B2057014746326N11949984WA0087400882
B2057024746326N11949984WA0087400881
B2057034746326N11949983WA0087400881
B2057044746326N11949983WA0087400881
B2057054746326N11949983WA0087400881
B2057064746326N11949983WA0087400881
B2057074746326N11949983WA0087400880
B2057084746325N11949983WA0087400880
B2057094746325N11949983WA0087400880
B2057104746325N11949983WA0087400880
B2057114746325N11949982WA0087400880
B2057124746325N11949982WA0087400879
B2057134746325N11949982WA0087400880
B2057144746325N11949981WA0087300879
B2057154746325N11949981WA0087300879
B2057164746325N11949981WA0087300879
B2057174746325N11949980WA0087300879
B2057184746325N11949980WA0087300879
B2057194746325N11949980WA0087300879
B2057204746325N11949980WA0087300879
B2057214746325N11949980WA0087300879
B2057224746325N11949979WA0087300879
B2057234746325N11949979WA0087300879
B2057244746325N11949979WA0087300879
B2057254746325N11949979WA0087300879
B2057264746325N11949979WA0087300879
B2057274746325N11949979WA0087300879
B2057284746325N11949979WA0087300879
B2057294746325N11949979WA0087300879
B2057304746325N11949979WA0087300879
B2057314746325N11949979WA0087300879
B2057324746325N11949980WA0087400878
B2057334746325N11949980WA0087400878
B2057344746325N11949980WA0087400878
B2057354746325N11949980WA0087400877
B2057364746325N11949980WA0087400877
B2057374746325N11949980WA0087400877
B2057384746325N11949980WA0087400877
B2057394746325N11949980WA0087400876
B2057404746325N11949980WA0087400876
B2057414746325N11949980WA0087400876
B2057424746325N11949980WA0087400875
B2057434746325N11949980WA0087400875
B2057444746325N11949980WA0087400874
B2057454746326N11949980WA0087400874
B2057464746326N11949980WA0087400874
B2057474746326N11949980WA0087400873
B2057484746326N11949980WA0087400873
B2057494746326N11949980WA0087400873
B2057504746325N11949980WA0087400872
B2057514746325N11949980WA0087400872
B2057524746325N11949980WA0087400872
B2057534746326N11949980WA0087400872
B2057544746325N11949980WA0087400872
B2057554746325N11949980WA0087400871
B2057564746325N11949980WA0087400871
B2057574746325N11949981WA0087400871
B2057584746325N11949981WA0087400871
B2057594746325N11949981WA0087400871
B2058004746325N11949981WA0087400871
B2058014746325N11949981WA0087400871
B2058024746325N11949981WA0087400871
B2058034746325N11949981WA0087400871
B2058044746325N11949981WA0087400871
B2058054746325N11949981WA0087400871
B2058064746325N11949981WA0087400871
B2058074746325N11949981WA0087400871
B2058084746325N11949981WA0087400871
B2058094746325N11949981WA0087400870
B2058104746325N11949981WA0087400870
B2058114746325N11949981WA0087400870
B2058124746325N11949981WA0087400870
B2058134746325N11949981WA0087400870
B2058144746325N11949981WA0087400870
B2058154746325N11949981WA0087400870
B2058164746325N11949982WA0087400870
B2058174746325N11949982WA0087400870
B2058184746325N11949982WA0087400870
B2058194746325N11949982WA0087400870
B2058204746325N11949982WA0087400870
B2058214746325N11949982WA0087400870
B2058224746325N11949982WA0087400870
B2058234746325N11949982WA0087400870
B2058244746325N11949982WA0087400870
B2058254746325N11949982WA0087400870
B2058264746325N11949982WA0087400870
B2058274746325N11949982WA0087400870
B2058284746325N11949982WA0087400870
B2058294746325N11949982WA0087400869
B2058304746325N11949982WA0087400870
B2058314746325N11949982WA0087400869
B2058324746325N11949982WA0087400869
B2058334746325N11949982WA0087400869
B2058344746325N11949982WA0087400869
B2058354746325N11949982WA0087400869
B2058364746325N11949982WA0087400869
B2058374746325N11949982WA0087400869
B2058384746325N11949982WA0087400869
B2058394746325N11949982WA0087400869
B2058404746325N11949982WA0087400869
B2058414746325N11949982WA0087400869
B2058424746325N11949982WA0087400869
B2058434746325N11949982WA0087400869
B2058444746325N11949982WA0087400869
B2058454746325N11949982WA0087400869
B2058464746325N11949982WA0087400869
B2058474746325N11949982WA0087400869
B2058484746325N11949982WA0087400869
B2058494746325N11949981WA0087400869
B2058504746325N11949981WA0087400869
B2058514746325N11949981WA0087400869
B2058524746325N11949981WA0087400869
B2058534746325N11949981WA0087400869
B2058544746325N11949981WA0087400869
B2058554746325N11949981WA0087400869
B2058564746325N11949981WA0087400869
B2058574746325N11949981WA0087400869
B2058584746325N11949981WA0087400870
B2058594746325N11949981WA0087400870
B2059004746325N11949981WA0087400870
B2059014746325N11949981WA0087400869
B2059024746325N11949981WA0087400869
B2059034746325N11949981WA0087400869
B2059044746325N11949981WA0087400869
B2059054746325N11949981WA0087400869
B2059064746325N11949981WA0087400869
B2059074746325N11949981WA0087400869
B2059084746325N11949981WA0087400869
B2059094746325N11949981WA0087400870
B2059104746325N11949981WA0087400870
B2059114746325N11949981WA0087400870
B2059124746325N11949981WA0087400870
B2059134746325N11949981WA0087400870
B2059144746325N11949981WA0087400870
B2059154746325N11949982WA0087400870
B2059164746325N11949982WA0087400870
B2059174746325N11949982WA0087400870
B2059184746325N11949982WA0087400870
B2059194746325N11949982WA0087400870
B2059204746325N11949982WA0087400870
B2059214746325N11949982WA0087400870
B2059224746325N11949982WA0087400870
B2059234746325N11949982WA0087400870
B2059244746325N11949982WA0087400870
B2059254746325N11949982WA0087400870
B2059264746325N11949982WA0087400870
B2059274746325N11949982WA0087400870
B2059284746325N11949982WA0087400870
B2059294746325N11949982WA0087400870
B2059304746325N11949982WA0087400870
B2059314746325N11949982WA0087400870
B2059324746325N11949982WA0087400870
B2059334746325N11949982WA0087400870
B2059344746325N11949982WA0087400870
B2059354746325N11949982WA0087400870
B2059364746325N11949982WA0087400870
B2059374746325N11949982WA0087400870
B2059384746325N11949982WA0087400870
B2059394746326N11949982WA0087400870
B2059404746326N11949982WA0087400870
B2059414746326N11949982WA0087400870
B2059424746326N11949982WA0087400870
B2059434746326N11949982WA0087400870
B2059444746326N11949981WA0087400870
B2059454746326N11949981WA0087400870
B2059464746326N11949981WA0087400870
B2059474746326N11949981WA0087400870
B2059484746326N11949981WA0087400870
B2059494746326N11949981WA0087400870
B2059504746326N11949981WA0087400870
B2059514746326N11949981WA0087400870
B2059524746326N11949981WA0087400870
B2059534746326N11949981WA0087400870
B2059544746326N11949981WA0087400870
B2059554746326N11949981WA0087400870
B2059564746325N11949981WA0087400870
B2059574746325N11949981WA0087400870
B2059584746325N11949981WA0087400870
B2059594746325N11949981WA0087400870
B2100004746325N11949981WA0087400870
B2100014746325N11949981WA0087400870
B2100024746325N11949981WA0087400870
B2100034746326N11949981WA0087400870
B2100044746326N11949981WA0087400870
B2100054746326N11949981WA0087400870
B2100064746326N11949981WA0087400870
B2100074746326N11949981WA0087400870
B2100084746326N11949981WA0087400870
B2100094746326N11949981WA0087400870
B2100104746326N11949981WA0087400870
B2100114746326N11949981WA0087400870
B2100124746326N11949981WA0087400870
B2100134746326N11949981WA0087400870
B2100144746326N11949981WA0087400870
B2100154746326N11949981WA0087400870
B2100164746326N11949981WA0087400870
B2100174746326N11949981WA0087400870
B2100184746326N11949981WA0087400870
B2100194746326N11949981WA0087400870
B2100204746325N11949981WA0087400870
B2100214746325N11949981WA0087400870
B2100224746325N11949981WA0087400870
B2100234746325N11949980WA0087400870
B2100244746325N11949980WA0087400870
B2100254746325N11949980WA0087400870
B2100264746325N11949980WA0087400870
B2100274746325N11949980WA0087500870
B2100284746325N11949980WA0087500870
B2100294746325N11949980WA0087400870
B2100304746325N11949980WA0087400870
B2100314746325N11949980WA0087400870
B2100324746325N11949980WA0087400871
B2100334746325N11949980WA0087400871
B2100344746325N11949980WA0087400871
B2100354746325N11949980WA0087400872
B2100364746325N11949980WA0087400872
B2100374746325N11949980WA0087400872
B2100384746325N11949980WA0087400872
B2100394746325N11949980WA0087400872
B2100404746325N11949980WA0087400873
B2100414746325N11949980WA0087400873
B2100424746325N11949980WA0087400873
B2100434746325N11949980WA0087400873
B2100444746326N11949980WA0087300873
B2100454746326N11949980WA0087300874
B2100464746326N11949980WA0087300874
B2100474746326N11949980WA0087300875
B2100484746326N11949980WA0087300875
B2100494746326N11949980WA0087300875
B2100504746326N11949980WA0087300875
B2100514746326N11949980WA0087300875
B2100524746326N11949980WA0087400875
B2100534746326N11949980WA0087400876
B2100544746326N11949980WA0087400876
B2100554746326N11949980WA0087400876
B2100564746326N11949980WA0087400876
B2100574746326N11949980WA0087400876
B2100584746326N11949980WA0087400877
B2100594746326N11949980WA0087400876
B2101004746326N11949980WA0087400876
B2101014746326N11949980WA0087400877
B2101024746326N11949979WA0087400876
B2101034746326N11949979WA0087400876
B2101044746326N11949979WA0087400876
B2101054746326N11949978WA0087400876
B2101064746326N11949978WA0087400876
B2101074746326N11949978WA0087400876
B2101084746326N11949978WA0087400876
B2101094746326N11949978WA0087400876
B2101104746326N11949978WA0087400876
B2101114746326N11949978WA0087400876
B2101124746326N11949978WA0087400876
B2101134746326N11949977WA0087400875
B2101144746326N11949977WA0087400875
B2101154746326N11949977WA0087400875
B2101164746326N11949977WA0087400876
B2101174746326N11949977WA0087400875
B2101184746326N11949977WA0087400875
B2101194746326N11949977WA0087400875
B2101204746326N11949977WA0087400875
B2101214746326N11949977WA0087400875
B2101224746326N11949977WA0087400875
B2101234746326N11949977WA0087400875
B2101244746326N11949976WA0087400875
B2101254746326N11949976WA0087400875
B2101264746326N11949976WA0087400874
B2101274746326N11949976WA0087400874
B2101284746326N11949976WA0087400874
B2101294746326N11949976WA0087400874
B2101304746326N11949976WA0087400874
B2101314746326N11949976WA0087400874
B2101324746326N11949976WA0087400874
B2101334746326N11949976WA0087400874
B2101344746326N11949976WA0087400874
B2101354746326N11949976WA0087400874
B2101364746326N11949976WA0087400874
B2101374746326N11949976WA0087400873
B2101384746326N11949976WA0087400874
B2101394746326N11949976WA0087400873
B2101404746326N11949976WA0087400873
B2101414746326N11949976WA0087400873
B2101424746326N11949976WA0087400873
B2101434746326N11949977WA0087400873
B2101444746326N11949977WA0087400873
B2101454746327N11949978WA0087400873
B2101464746327N11949979WA0087400873
B2101474746327N11949979WA0087400873
B2101484746326N11949980WA0087400873
B2101494746326N11949982WA0087400873
B2101504746326N11949984WA0087400874
B2101514746326N11949985WA0087400874
B2101524746326N11949985WA0087400874
B2101534746326N11949985WA0087400874
B2101544746326N11949985WA0087400874
B2101554746326N11949985WA0087400874
B2101564746326N11949985WA0087400874
B2101574746326N11949985WA0087400874
B2101584746326N11949985WA0087400874
B2101594746326N11949985WA0087400874
B2102004746326N11949984WA0087400874
B2102014746326N11949984WA0087500874
B2102024746326N11949984WA0087500874
B2102034746326N11949984WA0087500874
B2102044746326N11949983WA0087500874
B2102054746326N11949983WA0087500874
B2102064746326N11949982WA0087500874
B2102074746326N11949982WA0087500874
B2102084746326N11949982WA0087500874
B2102094746326N11949981WA0087500874
B2102104746326N11949980WA0087500874
B2102114746326N11949978WA0087400874
B2102124746326N11949977WA0087400873
B2102134746325N11949975WA0087400873
B2102144746324N11949973WA0087400873
B2102154746324N11949972WA0087400873
B2102164746323N11949972WA0087300873
B2102174746322N11949971WA0087300873
B2102184746322N11949971WA0087300874
B2102194746322N11949971WA0087300874
B2102204746322N11949971WA0087300875
B2102214746322N11949971WA0087300875
B2102224746322N11949971WA0087300876
B2102234746322N11949971WA0087300876
B2102244746322N11949971WA0087300876
B2102254746322N11949970WA0087300876
B2102264746322N11949970WA0087200876
B2102274746322N11949970WA0087200876
B2102284746322N11949970WA0087200876
B2102294746322N11949970WA0087200876
B2102304746322N11949970WA0087200876
B2102314746322N11949970WA0087200876
B2102324746322N11949970WA0087300876
B2102334746322N11949970WA0087300876
B2102344746322N11949970WA0087300876
B2102354746322N11949970WA0087300876
B2102364746322N11949970WA0087300876
B2102374746322N11949969WA0087300876
B2102384746322N11949970WA0087300876
B2102394746322N11949970WA0087300876
B2102404746322N11949970WA0087300876
B2102414746322N11949970WA0087300876
B2102424746322N11949970WA0087300876
B2102434746322N11949970WA0087300876
B2102444746322N11949970WA0087300876
B2102454746322N11949970WA0087300876
B2102464746322N11949970WA0087300876
B2102474746322N11949970WA0087300876
B2102484746322N11949969WA0087300876
B2102494746322N11949969WA0087300876
B2102504746322N11949969WA0087300876
B2102514746322N11949969WA0087300876
B2102524746322N11949969WA0087300876
B2102534746322N11949969WA0087300876
B2102544746322N11949969WA0087300876
B2102554746322N11949969WA0087300876
B2102564746322N11949969WA0087300876
B2102574746322N11949969WA0087300876
B2102584746322N11949969WA0087300876
B2102594746322N11949969WA0087300876
B2103004746322N11949969WA0087300877
B2103014746322N11949969WA0087300877
B2103024746322N11949969WA0087300877
B2103034746322N11949969WA0087300876
B2103044746322N11949969WA0087300876
B2103054746322N11949969WA0087300876
B2103064746322N11949969WA0087300876
B2103074746322N11949969WA0087300876
B2103084746322N11949969WA0087300876
B2103094746322N11949969WA0087300876
B2103104746322N11949969WA0087300876
B2103114746322N11949969WA0087300876
B2103124746322N11949969WA0087300876
B2103134746322N11949969WA0087300876
B2103144746322N11949970WA0087300876
B2103154746322N11949970WA0087300876
B2103164746322N11949970WA0087300876
B2103174746322N11949970WA0087300876
B2103184746322N11949970WA0087300876
B2103194746322N11949970WA0087300876
B2103204746322N11949970WA0087300877
B2103214746322N11949970WA0087300877
B2103224746322N11949970WA0087300877
B2103234746322N11949970WA0087400877
B2103244746322N11949970WA0087400877
B2103254746322N11949970WA0087400877
B2103264746322N11949970WA0087400877
B2103274746322N11949970WA0087400877
B2103284746322N11949970WA0087400877
B2103294746322N11949970WA0087400877
B2103304746322N11949970WA0087400877
B2103314746322N11949970WA0087400877
B2103324746322N11949970WA0087400877
B2103334746322N11949970WA0087400877
B2103344746322N11949970WA0087400877
B2103354746322N11949970WA0087300877
B2103364746322N11949970WA0087300877
B2103374746322N11949970WA0087300877
B2103384746323N11949970WA0087300877
B2103394746323N11949969WA0087300877
B2103404746324N11949968WA0087300876
B2103414746324N11949967WA0087300876
B2103424746325N11949965WA0087300876
B2103434746325N11949962WA0087300877
B2103444746325N11949959WA0087300876
B2103454746325N11949955WA0087300876
B2103464746325N11949950WA0087300875
B2103474746325N11949945WA0087300874
B2103484746325N11949938WA0087200873
B2103494746325N11949931WA0087200872
B2103504746325N11949924WA0087200871
B2103514746325N11949916WA0087100870
B2103524746325N11949908WA0087100869
B2103534746325N11949899WA0087000867
B2103544746325N11949890WA0087000866
B2103554746325N11949881WA0086900865
B2103564746325N11949872WA0086800864
B2103574746325N11949863WA0086700863
B2103584746326N11949854WA0086700862
B2103594746326N11949845WA0086600861
B2104004746327N11949837WA0086600861
B2104014746327N11949831WA0086500862
B2104024746327N11949826WA0086500862
B2104034746325N11949823WA0086400862
B2104044746324N11949820WA0086400862
B2104054746321N11949819WA0086400862
B2104064746319N11949817WA0086400862
B2104074746316N11949816WA0086300862
B2104084746312N11949815WA0086300862
B2104094746309N11949813WA0086300862
B2104104746306N11949812WA0086300862
B2104114746303N11949810WA0086300862
B2104124746300N11949807WA0086300862
B2104134746298N11949803WA0086300862
B2104144746295N11949799WA0086300863
B2104154746293N11949795WA0086300863
B2104164746292N11949790WA0086300863
B2104174746290N11949785WA0086300863
B2104184746289N11949780WA0086300864
B2104194746289N11949774WA0086300864
B2104204746289N11949768WA0086300864
B2104214746289N11949761WA0086400865
B2104224746289N11949755WA0086400865
B2104234746289N11949749WA0086400866
B2104244746290N11949743WA0086400867
B2104254746290N11949737WA0086500868
B2104264746291N11949731WA0086500868
B2104274746293N11949726WA0086500869
B2104284746294N11949722WA0086600869
B2104294746296N11949717WA0086600869
B2104304746297N11949713WA0086600869
B2104314746299N11949708WA0086600868
B2104324746301N11949704WA0086600868
B2104334746303N11949700WA0086600868
B2104344746305N11949694WA0086700867
B2104354746307N11949689WA0086700867
B2104364746309N11949685WA0086700868
B2104374746312N11949680WA0086700868
B2104384746314N11949676WA0086700867
B2104394746316N11949673WA0086700867
B2104404746318N11949669WA0086700867
B2104414746320N11949666WA0086700866
B2104424746321N11949661WA0086700866
B2104434746323N11949657WA0086700865
B2104444746324N11949653WA0086600865
B2104454746325N11949649WA0086600865
B2104464746325N11949644WA0086600864
B2104474746325N11949639WA0086600863
B2104484746325N11949633WA0086600863
B2104494746325N11949628WA0086500861
B2104504746325N11949622WA0086500861
B2104514746325N11949617WA0086400860
B2104524746325N11949611WA0086400859
B2104534746325N11949605WA0086300859
B2104544746325N11949599WA0086300858
B2104554746325N11949593WA0086200858
B2104564746325N11949587WA0086200857
B2104574746325N11949581WA0086100856
B2104584746325N11949575WA0086100855
B2104594746325N11949569WA0086000855
B2105004746325N11949562WA0086000854
B2105014746325N11949556WA0085900854
B2105024746325N11949549WA0085900853
B2105034746325N11949542WA0085800853
B2105044746325N11949535WA0085700852
B2105054746325N11949527WA0085700852
B2105064746325N11949520WA0085600852
B2105074746325N11949512WA0085600851
B2105084746325N11949503WA0085500851
B2105094746325N11949496WA0085500851
B2105104746325N11949488WA0085500851
B2105114746325N11949480WA0085400851
B2105124746325N11949472WA0085400851
B2105134746325N11949464WA0085400851
B2105144746325N11949456WA0085400851
B2105154746325N11949448WA0085300851
B2105164746325N11949439WA0085300851
B2105174746325N11949431WA0085300852
B2105184746324N11949423WA0085300852
B2105194746324N11949416WA0085300852
B2105204746324N11949409WA0085300851
B2105214746325N11949402WA0085300852
B2105224746325N11949395WA0085300852
B2105234746325N11949390WA0085300852
B2105244746325N11949384WA0085300852
B2105254746325N11949377WA0085300852
B2105264746325N11949370WA0085300851
B2105274746325N11949363WA0085300850
B2105284746325N11949355WA0085200850
B2105294746324N11949348WA0085200849
B2105304746324N11949341WA0085200849
B2105314746324N11949333WA0085200848
B2105324746324N11949326WA0085100848
B2105334746324N11949318WA0085100848
B2105344746325N11949310WA0085100847
B2105354746325N11949302WA0085000847
B2105364746325N11949294WA0085000847
B2105374746325N11949285WA0085000847
B2105384746325N11949277WA0084900846
B2105394746325N11949269WA0084900846
B2105404746326N11949261WA0084900846
B2105414746326N11949253WA0084900846
B2105424746326N11949245WA0084800846
B2105434746326N11949237WA0084800846
B2105444746326N11949229WA0084800847
B2105454746326N11949221WA0084800847
B2105464746325N11949213WA0084800846
B2105474746325N11949206WA0084800846
B2105484746325N11949198WA0084800846
B2105494746325N11949190WA0084800846
B2105504746325N11949183WA0084700846
B2105514746325N11949176WA0084700847
B2105524746325N11949169WA0084700847
B2105534746325N11949162WA0084700847
B2105544746325N11949155WA0084700846
B2105554746325N11949148WA0084700846
B2105564746325N11949142WA0084700846
B2105574746325N11949136WA0084700845
B2105584746325N11949130WA0084700845
B2105594746325N11949124WA0084700845
B2106004746325N11949119WA0084700845
B2106014746325N11949113WA0084700845
B2106024746325N11949109WA0084700845
B2106034746325N11949103WA0084600844
B2106044746325N11949098WA0084600844
B2106054746325N11949093WA0084600843
B2106064746324N11949087WA0084600842
B2106074746324N11949081WA0084500842
B2106084746323N11949075WA0084500841
B2106094746322N11949068WA0084400839
B2106104746321N11949061WA0084400839
B2106114746320N11949054WA0084300838
B2106124746319N11949047WA0084300838
B2106134746318N11949040WA0084200837
B2106144746318N11949033WA0084200836
B2106154746317N11949026WA0084100836
B2106164746317N11949019WA0084100835
B2106174746318N11949012WA0084000835
B2106184746318N11949006WA0084000834
B2106194746319N11949000WA0083900833
B2106204746320N11948993WA0083900833
B2106214746321N11948987WA0083800833
B2106224746322N11948981WA0083800833
B2106234746322N11948976WA0083800833
B2106244746321N11948970WA0083700833
B2106254746319N11948965WA0083700833
B2106264746317N11948960WA0083700833
B2106274746315N11948956WA0083700833
B2106284746313N11948951WA0083700834
B2106294746312N11948947WA0083700834
B2106304746310N11948943WA0083700835
B2106314746310N11948939WA0083700835
B2106324746310N11948934WA0083700835
B2106334746311N11948931WA0083700836
B2106344746312N11948927WA0083700836
B2106354746314N11948924WA0083800837
B2106364746316N11948920WA0083800837
B2106374746318N11948916WA0083800837
B2106384746320N11948912WA0083800837
B2106394746321N11948908WA0083900837
B2106404746322N11948903WA0083900837
B2106414746322N11948899WA0083900838
B2106424746323N11948895WA0083900837
B2106434746323N11948890WA0084000838
B2106444746323N11948886WA0084000837
B2106454746323N11948881WA0084000838
B2106464746322N11948877WA0084000838
B2106474746322N11948873WA0084000837
B2106484746321N11948869WA0084000837
B2106494746320N11948866WA0084000837
B2106504746318N11948862WA0084000837
B2106514746317N11948859WA0084000836
B2106524746317N11948855WA0084000836
B2106534746316N11948851WA0084000836
B2106544746317N11948847WA0084000835
B2106554746317N11948842WA0084000835
B2106564746318N11948838WA0084000835
B2106574746319N11948835WA0084000835
B2106584746320N11948832WA0084000835
B2106594746321N11948829WA0083900835
B2107004746321N11948826WA0083900835
B2107014746320N11948824WA0083900834
B2107024746320N11948822WA0083900834
B2107034746320N11948822WA0083900834
B2107044746320N11948821WA0083900834
B2107054746320N11948821WA0083900834
B2107064746320N11948821WA0083800834
B2107074746320N11948821WA0083800834
B2107084746320N11948822WA0083800834
B2107094746320N11948822WA0083800834
B2107104746320N11948822WA0083800834
B2107114746320N11948822WA0083800835
B2107124746320N11948822WA0083800835
B2107134746320N11948822WA0083800835
B2107144746320N11948821WA0083800835
B2107154746320N11948821WA0083800835
B2107164746320N11948821WA0083800835
B2107174746320N11948821WA0083800835
B2107184746320N11948821WA0083800836
B2107194746320N11948821WA0083800836
B2107204746320N11948821WA0083800836
B2107214746320N11948821WA0083800836
B2107224746320N11948821WA0083800836
B2107234746320N11948821WA0083800836
B2107244746320N11948821WA0083800836
B2107254746320N11948821WA0083800836
B2107264746320N11948821WA0083800836
B2107274746320N11948821WA0083800836
B2107284746320N11948821WA0083800836
B2107294746320N11948821WA0083800836
B2107304746320N11948821WA0083800836
B2107314746320N11948821WA0083800836
B2107324746320N11948821WA0083800836
B2107334746320N11948821WA0083800836
B2107344746320N11948821WA0083800836
B2107354746320N11948821WA0083800836
B2107364746320N11948821WA0083800836
B2107374746320N11948821WA0083800836
B2107384746320N11948821WA0083800836
B2107394746320N11948821WA0083800836
B2107404746320N11948821WA0083800836
B2107414746320N11948821WA0083800836
B2107424746320N11948821WA0083800836
B2107434746320N11948821WA0083800836
B2107444746320N11948821WA0083800836
B2107454746320N11948821WA0083800836
B2107464746320N11948821WA0083800836
B2107474746320N11948821WA0083800836
B2107484746320N11948821WA0083800836
B2107494746320N11948821WA0083800836
B2107504746320N11948821WA0083800836
B2107514746320N11948821WA0083800836
B2107524746320N11948821WA0083800836
B2107534746320N11948821WA0083800836
B2107544746320N11948821WA0083800836
B2107554746320N11948821WA0083800837
B2107564746320N11948821WA0083800837
B2107574746320N11948821WA0083800837
B2107584746320N11948821WA0083800837
B2107594746320N11948821WA0083800837
B2108004746320N11948821WA0083800837
B2108014746320N11948821WA0083800837
B2108024746320N11948821WA0083800837
B2108034746320N11948821WA0083800837
B2108044746320N11948821WA0083800837
B2108054746320N11948821WA0083800837
B2108064746320N11948821WA0083800837
B2108074746320N11948821WA0083800837
B2108084746320N11948821WA0083800837
B2108094746320N11948821WA0083800837
B2108104746320N11948821WA0083800837
B2108114746320N11948821WA0083800837
B2108124746320N11948821WA0083800837
B2108134746320N11948821WA0083800837
B2108144746320N11948821WA0083800837
B2108154746320N11948821WA0083800837
B2108164746320N11948821WA0083800837
B2108174746320N11948821WA0083800837
B2108184746320N11948821WA0083800837
B2108194746320N11948821WA0083800837
B2108204746320N11948821WA0083800837
B2108214746320N11948821WA0083800837
B2108224746320N11948821WA0083800838
B2108234746320N11948821WA0083800838
B2108244746320N11948821WA0083800838
B2108254746320N11948820WA0083800838
B2108264746320N11948820WA0083800838
B2108274746320N11948820WA0083800838
B2108284746319N11948820WA0083800838
B2108294746319N11948819WA0083800838
B2108304746318N11948819WA0083800838
B2108314746318N11948819WA0083800838
B2108324746318N11948818WA0083800838
B2108334746318N11948818WA0083800838
B2108344746318N11948818WA0083800839
B2108354746318N11948818WA0083800839
B2108364746318N11948818WA0083800839
B2108374746318N11948818WA0083800839
B2108384746318N11948818WA0083800839
B2108394746318N11948818WA0083800839
B2108404746318N11948818WA0083800839
B2108414746318N11948818WA0083800839
B2108424746318N11948818WA0083800839
B2108434746318N11948818WA0083800839
B2108444746318N11948818WA0083800840
B2108454746318N11948818WA0083800840
B2108464746318N11948818WA0083800840
B2108474746318N11948818WA0083800840
B2108484746318N11948818WA0083800840
B2108494746318N11948818WA0083800840
B2108504746318N11948818WA0083800840
B2108514746318N11948818WA0083800840
B2108524746318N11948818WA0083800840
B2108534746318N11948818WA0083800840
B2108544746318N11948818WA0083800840
B2108554746318N11948818WA0083800840
B2108564746318N11948818WA0083800840
B2108574746318N11948818WA0083800840
B2108584746318N11948818WA0083800840
B2108594746318N11948818WA0083800840
B2109004746318N11948818WA0083800840
B2109014746318N11948818WA0083800840
B2109024746318N11948817WA0083800840
B2109034746318N11948817WA0083800840
B2109044746318N11948817WA0083800840
B2109054746318N11948817WA0083800840
B2109064746318N11948817WA0083800840
B2109074746318N11948817WA0083800840
B2109084746318N11948817WA0083800840
B2109094746318N11948817WA0083800840
B2109104746318N11948817WA0083800840
B2109114746318N11948818WA0083800840
B2109124746319N11948818WA0083800839
B2109134746319N11948818WA0083800839
B2109144746319N11948818WA0083800839
B2109154746319N11948818WA0083800839
B2109164746319N11948818WA0083800839
B2109174746319N11948818WA0083800838
B2109184746319N11948818WA0083800838
B2109194746319N11948818WA0083800838
B2109204746319N11948818WA0083800838
B2109214746319N11948818WA0083800838
B2109224746319N11948818WA0083800838
B2109234746319N11948818WA0083800838
B2109244746319N11948818WA0083800838
B2109254746319N11948819WA0083800838
B2109264746319N11948819WA0083800837
B2109274746319N11948819WA0083800837
B2109284746319N11948819WA0083800837
B2109294746319N11948819WA0083800838
B2109304746319N11948819WA0083800838
B2109314746319N11948819WA0083800837
B2109324746319N11948819WA0083800837
B2109334746319N11948819WA0083800837
B2109344746319N11948819WA0083800837
B2109354746319N11948819WA0083800837
B2109364746319N11948819WA0083800837
B2109374746319N11948819WA0083800837
B2109384746319N11948819WA0083800837
B2109394746319N11948819WA0083800837
B2109404746319N11948819WA0083800837
B2109414746319N11948819WA0083800837
B2109424746319N11948819WA0083800837
B2109434746319N11948819WA0083800838
B2109444746319N11948819WA0083800838
B2109454746319N11948819WA0083800838
B2109464746319N11948819WA0083800838
B2109474746319N11948818WA0083800838
B2109484746319N11948818WA0083800838
B2109494746319N11948818WA0083800838
B2109504746319N11948818WA0083800838
B2109514746319N11948818WA0083800838
B2109524746319N11948818WA0083800838
B2109534746319N11948818WA0083800838
B2109544746319N11948818WA0083800838
B2109554746319N11948818WA0083800838
B2109564746319N11948818WA0083800838
B2109574746319N11948818WA0083800838
B2109584746319N11948818WA0083800838
B2109594746319N11948818WA0083800839
B2110004746319N11948818WA0083800839
B2110014746319N11948818WA0083800839
B2110024746319N11948818WA0083800839
B2110034746319N11948818WA0083700839
B2110044746319N11948818WA0083700839
B2110054746319N11948818WA0083700839
B2110064746319N11948818WA0083700839
B2110074746319N11948818WA0083700839
B2110084746319N11948818WA0083700839
B2110094746319N11948818WA0083700839
B2110104746319N11948818WA0083700840
B2110114746319N11948818WA0083700840
B2110124746319N11948818WA0083800840
B2110134746319N11948818WA0083800840
B2110144746319N11948818WA0083800840
B2110154746319N11948818WA0083800840
B2110164746319N11948818WA0083800840
B2110174746319N11948818WA0083800840
B2110184746319N11948818WA0083800840
B2110194746319N11948818WA0083800840
B2110204746319N11948818WA0083800840
B2110214746319N11948818WA0083800840
B2110224746319N11948818WA0083800840
B2110234746319N11948818WA0083800840
B2110244746319N11948818WA0083800840
B2110254746319N11948818WA0083800840
B2110264746319N11948818WA0083800840
B2110274746319N11948818WA0083800840
B2110284746319N11948818WA0083800840
B2110294746319N11948818WA0083800840
B2110304746319N11948818WA0083800840
B2110314746319N11948818WA0083800840
B2110324746319N11948818WA0083800840
B2110334746319N11948818WA0083800840
B2110344746319N11948818WA0083800840
B2110354746319N11948818WA0083800840
B2110364746319N11948818WA0083800840
B2110374746319N11948818WA0083800840
B2110384746319N11948818WA0083800839
B2110394746319N11948818WA0083800840
B2110404746319N11948818WA0083800840
B2110414746319N11948818WA0083800839
B2110424746319N11948818WA0083800839
B2110434746319N11948818WA0083800839
B2110444746319N11948818WA0083800839
B2110454746319N11948818WA0083800839
B2110464746319N11948818WA0083800839
B2110474746319N11948818WA0083800839
B2110484746319N11948818WA0083800839
B2110494746319N11948818WA0083800839
B2110504746319N11948818WA0083800839
B2110514746319N11948818WA0083800839
B2110524746319N11948818WA0083800839
B2110534746319N11948818WA0083800839
B2110544746319N11948818WA0083800838
B2110554746319N11948818WA0083800838
B2110564746319N11948818WA0083800838
B2110574746319N11948818WA0083800838
B2110584746319N11948818WA0083800838
B2110594746319N11948818WA0083800838
B2111004746319N11948818WA0083800838
B2111014746319N11948818WA0083800838
B2111024746319N11948818WA0083800838
B2111034746319N11948818WA0083800838
B2111044746319N11948818WA0083800838
B2111054746319N11948817WA0083800838
B2111064746319N11948817WA0083800838
B2111074746319N11948817WA0083800837
B2111084746319N11948817WA0083800837
B2111094746319N11948817WA0083800837
B2111104746319N11948817WA0083800837
B2111114746319N11948817WA0083800837
B2111124746319N11948817WA0083800837
B2111134746319N11948817WA0083800837
B2111144746319N11948817WA0083800837
B2111154746319N11948817WA0083800837
B2111164746319N11948817WA0083800837
B2111174746319N11948817WA0083800837
B2111184746319N11948817WA0083800837
B2111194746319N11948817WA0083800837
B2111204746319N11948817WA0083800837
B2111214746319N11948817WA0083800837
B2111224746319N11948817WA0083800837
B2111234746319N11948817WA0083800837
B2111244746319N11948817WA0083800837
B2111254746319N11948817WA0083800837
B2111264746319N11948817WA0083800837
B2111274746319N11948817WA0083800837
B2111284746319N11948817WA0083800837
B2111294746319N11948817WA0083800837
B2111304746319N11948817WA0083800838
B2111314746319N11948817WA0083800838
B2111324746319N11948817WA0083800838
B2111334746319N11948817WA0083800838
B2111344746319N11948817WA0083800838
B2111354746319N11948817WA0083800838
B2111364746319N11948817WA0083800838
B2111374746319N11948817WA0083800838
B2111384746319N11948817WA0083800838
B2111394746319N11948817WA0083800839
B2111404746319N11948817WA0083800839
B2111414746319N11948817WA0083800839
B2111424746319N11948817WA0083800839
B2111434746319N11948817WA0083800839
B2111444746319N11948817WA0083800839
B2111454746319N11948817WA0083800839
B2111464746319N11948817WA0083800839
B2111474746319N11948817WA0083800839
B2111484746319N11948817WA0083800839
B2111494746319N11948817WA0083800839
B2111504746319N11948817WA0083800839
B2111514746319N11948817WA0083800839
B2111524746319N11948817WA0083800839
B2111534746319N11948817WA0083800839
B2111544746319N11948817WA0083800839
B2111554746319N11948817WA0083800839
B2111564746319N11948817WA0083800839
B2111574746319N11948817WA0083800839
B2111584746319N11948817WA0083800839
B2111594746319N11948817WA0083800839
B2112004746319N11948817WA0083800839
B2112014746319N11948817WA0083800839
B2112024746319N11948817WA0083800839
B2112034746318N11948817WA0083800839
B2112044746318N11948817WA0083800839
B2112054746318N11948817WA0083800839
B2112064746318N11948817WA0083800839
B2112074746318N11948817WA0083800839
B2112084746318N11948817WA0083800839
B2112094746318N11948817WA0083800839
B2112104746318N11948817WA0083800839
B2112114746318N11948817WA0083800839
B2112124746318N11948817WA0083800838
B2112134746318N11948817WA0083800838
B2112144746318N11948817WA0083800838
B2112154746318N11948817WA0083800838
B2112164746318N11948817WA0083800838
B2112174746318N11948817WA0083800838
B2112184746318N11948817WA0083800838
B2112194746318N11948817WA0083800838
B2112204746318N11948817WA0083800838
B2112214746318N11948817WA0083800838
B2112224746318N11948817WA0083800838
B2112234746318N11948817WA0083800838
B2112244746318N11948817WA0083800838
B2112254746318N11948817WA0083800838
B2112264746318N11948818WA0083800838
B2112274746318N11948818WA0083800838
B2112284746318N11948818WA0083800838
B2112294746318N11948818WA0083800838
B2112304746318N11948818WA0083800838
B2112314746318N11948817WA0083800838
B2112324746318N11948817WA0083800838
B2112334746318N11948817WA0083800838
B2112344746318N11948817WA0083800838
B2112354746318N11948817WA0083800838
B2112364746318N11948817WA0083800839
B2112374746318N11948817WA0083800839
B2112384746318N11948818WA0083800839
B2112394746318N11948818WA0083800839
B2112404746318N11948818WA0083800839
B2112414746318N11948818WA0083800839
B2112424746318N11948818WA0083800839
B2112434746319N11948818WA0083800838
B2112444746319N11948818WA0083800839
B2112454746319N11948818WA0083800838
B2112464746319N11948818WA0083800838
B2112474746319N11948818WA0083800838
B2112484746319N11948818WA0083800838
B2112494746319N11948818WA0083800838
B2112504746319N11948818WA0083800838
B2112514746319N11948818WA0083800838
B2112524746319N11948818WA0083800838
B2112534746319N11948818WA0083800838
B2112544746319N11948818WA0083800838
B2112554746319N11948818WA0083800838
B2112564746319N11948818WA0083800838
B2112574746319N11948818WA0083800838
B2112584746319N11948818WA0083800838
B2112594746319N11948818WA0083800838
B2113004746319N11948818WA0083800838
B2113014746319N11948818WA0083800838
B2113024746319N11948818WA0083800838
B2113034746319N11948818WA0083800838
B2113044746319N11948818WA0083800838
B2113054746319N11948818WA0083800838
B2113064746319N11948818WA0083800838
B2113074746319N11948818WA0083800838
B2113084746319N11948818WA0083800838
B2113094746319N11948818WA0083800838
B2113104746319N11948818WA0083800838
B2113114746319N11948818WA0083800838
B2113124746319N11948818WA0083800838
B2113134746319N11948818WA0083800839
B2113144746319N11948818WA0083800839
B2113154746319N11948818WA0083800839
B2113164746319N11948818WA0083800839
B2113174746319N11948818WA0083800839
B2113184746319N11948818WA0083800840
B2113194746319N11948818WA0083800840
B2113204746319N11948818WA0083800840
B2113214746319N11948818WA0083800840
B2113224746319N11948818WA0083800840
B2113234746319N11948818WA0083800840
B2113244746319N11948818WA0083800840
B2113254746319N11948818WA0083800840
B2113264746319N11948818WA0083800840
B2113274746319N11948818WA0083800840
B2113284746319N11948818WA0083800840
B2113294746319N11948818WA0083800840
B2113304746319N11948818WA0083800841
B2113314746319N11948818WA0083800840
B2113324746319N11948818WA0083800840
B2113334746319N11948818WA0083800840
B2113344746319N11948818WA0083800840
B2113354746319N11948818WA0083800840
B2113364746319N11948818WA0083800840
B2113374746319N11948818WA0083800840
B2113384746319N11948818WA0083800840
B2113394746319N11948818WA0083800840
B2113404746319N11948818WA0083800840
B2113414746318N11948818WA0083800840
B2113424746318N11948818WA0083800839
B2113434746318N11948818WA0083800839
B2113444746318N11948817WA0083800839
B2113454746318N11948817WA0083800839
B2113464746317N11948816WA0083800839
B2113474746316N11948815WA0083800839
B2113484746314N11948814WA0083800839
B2113494746312N11948813WA0083800839
B2113504746309N11948813WA0083800839
B2113514746305N11948813WA0083800839
B2113524746300N11948813WA0083800839
B2113534746295N11948813WA0083800839
B2113544746289N11948812WA0083900838
B2113554746282N11948813WA0083900838
B2113564746275N11948813WA0083900838
B2113574746267N11948813WA0083900838
B2113584746258N11948813WA0083900837
B2113594746249N11948813WA0083900837
B2114004746240N11948813WA0083900836
B2114014746230N11948813WA0084000836
B2114024746220N11948813WA0084000835
B2114034746210N11948813WA0084000835
B2114044746200N11948813WA0084000834
B2114054746189N11948813WA0084000834
B2114064746178N11948813WA0083900834
B2114074746167N11948814WA0083900834
B2114084746156N11948814WA0083900834
B2114094746145N11948814WA0083900834
B2114104746134N11948814WA0084000834
B2114114746124N11948814WA0084000834
B2114124746113N11948814WA0084000834
B2114134746102N11948814WA0084000834
B2114144746091N11948814WA0084000834
B2114154746080N11948814WA0084000834
B2114164746069N11948814WA0084000834
B2114174746057N11948815WA0084000834
B2114184746046N11948815WA0084000834
B2114194746035N11948815WA0084000833
B2114204746023N11948815WA0084000833
B2114214746011N11948815WA0084000833
B2114224746000N11948815WA0084000833
B2114234745988N11948815WA0084000832
B2114244745976N11948815WA0084000832
B2114254745964N11948816WA0084000832
B2114264745951N11948816WA0084000833
B2114274745939N11948816WA0084000833
B2114284745927N11948816WA0084000833
B2114294745914N11948816WA0084000834
B2114304745902N11948816WA0084000835
B2114314745889N11948816WA0084100835
B2114324745877N11948816WA0084100836
B2114334745864N11948817WA0084100836
B2114344745852N11948817WA0084100837
B2114354745839N11948817WA0084200837
B2114364745826N11948817WA0084200837
B2114374745813N11948817WA0084200837
B2114384745799N11948817WA0084300837
B2114394745786N11948817WA0084300837
B2114404745772N11948817WA0084300836
B2114414745758N11948817WA0084300836
B2114424745745N11948817WA0084300836
B2114434745731N11948817WA0084300835
B2114444745717N11948817WA0084300835
B2114454745703N11948817WA0084300835
B2114464745689N11948818WA0084300835
B2114474745675N11948818WA0084300835
B2114484745661N11948818WA0084300835
B2114494745647N11948818WA0084300834
B2114504745633N11948818WA0084300834
B2114514745619N11948818WA0084300834
B2114524745605N11948818WA0084400834
B2114534745591N11948818WA0084400834
B2114544745577N11948819WA0084400834
B2114554745563N11948819WA0084300833
B2114564745549N11948819WA0084300833
B2114574745536N11948819WA0084300833
B2114584745522N11948819WA0084300833
B2114594745509N11948819WA0084300833
B2115004745495N11948819WA0084300833
B2115014745482N11948819WA0084300834
B2115024745468N11948819WA0084300834
B2115034745455N11948819WA0084300834
B2115044745442N11948819WA0084300834
B2115054745429N11948819WA0084300834
B2115064745416N11948819WA0084300834
B2115074745402N11948820WA0084300834
B2115084745389N11948820WA0084300835
B2115094745376N11948820WA0084400835
B2115104745363N11948820WA0084400835
B2115114745350N11948820WA0084400835
B2115124745337N11948819WA0084400836
B2115134745324N11948819WA0084400836
B2115144745311N11948819WA0084400837
B2115154745298N11948820WA0084500837
B2115164745284N11948820WA0084500838
B2115174745271N11948820WA0084500839
B2115184745258N11948820WA0084600839
B2115194745244N11948820WA0084600840
B2115204745231N11948820WA0084700841
B2115214745218N11948820WA0084700842
B2115224745204N11948820WA0084800842
B2115234745191N11948820WA0084900843
B2115244745177N11948820WA0084900844
B2115254745164N11948821WA0085000844
B2115264745150N11948821WA0085100844
B2115274745136N11948821WA0085100845
B2115284745122N11948822WA0085200845
B2115294745108N11948822WA0085200845
B2115304745094N11948822WA0085300845
B2115314745080N11948823WA0085300845
B2115324745066N11948823WA0085400845
B2115334745052N11948822WA0085400846
B2115344745038N11948822WA0085400846
B2115354745023N11948822WA0085500845
B2115364745009N11948822WA0085500845
B2115374744995N11948822WA0085500845
B2115384744981N11948822WA0085500845
B2115394744966N11948822WA0085500844
B2115404744952N11948822WA0085500844
B2115414744937N11948822WA0085500845
B2115424744923N11948822WA0085500845
B2115434744908N11948822WA0085600845
B2115444744894N11948822WA0085600845
B2115454744879N11948822WA0085600845
B2115464744865N11948822WA0085600845
B2115474744851N11948822WA0085600846
B2115484744836N11948822WA0085600847
B2115494744823N11948822WA0085600848
B2115504744809N11948822WA0085700849
B2115514744795N11948822WA0085700849
B2115524744781N11948822WA0085700850
B2115534744768N11948822WA0085800850
B2115544744754N11948822WA0085800851
B2115554744741N11948822WA0085800851
B2115564744727N11948822WA0085900852
B2115574744714N11948821WA0085900851
B2115584744700N11948821WA0085900851
B2115594744687N11948821WA0085900852
B2116004744673N11948821WA0085900853
B2116014744660N11948821WA0086000853
B2116024744647N11948821WA0086000854
B2116034744634N11948821WA0086100855
B2116044744622N11948821WA0086100856
B2116054744609N11948820WA0086100856
B2116064744597N11948820WA0086100855
B2116074744584N11948820WA0086100853
B2116084744572N11948820WA0086100852
B2116094744559N11948821WA0086000851
B2116104744546N11948821WA0086000849
B2116114744533N11948821WA0085900847
B2116124744519N11948821WA0085900846
B2116134744506N11948821WA0085800845
B2116144744493N11948821WA0085700845
B2116154744480N11948821WA0085600844
B2116164744467N11948821WA0085600844
B2116174744455N11948821WA0085500843
B2116184744442N11948821WA0085400842
B2116194744429N11948821WA0085300841
B2116204744416N11948821WA0085300839
B2116214744403N11948821WA0085200838
B2116224744390N11948821WA0085100837
B2116234744377N11948821WA0084900835
B2116244744363N11948821WA0084900834
B2116254744350N11948821WA0084700833
B2116264744337N11948821WA0084700832
B2116274744324N11948821WA0084500830
B2116284744310N11948821WA0084500829
B2116294744297N11948821WA0084300828
B2116304744284N11948821WA0084200826
B2116314744270N11948821WA0084100825
B2116324744257N11948821WA0084000823
B2116334744244N11948821WA0083800822
B2116344744230N11948821WA0083800821
B2116354744217N11948821WA0083600819
B2116364744203N11948821WA0083500817
B2116374744189N11948821WA0083300816
B2116384744176N11948821WA0083200814
B2116394744162N11948821WA0083100812
B2116404744147N11948821WA0083000811
B2116414744133N11948821WA0082800809
B2116424744119N11948821WA0082700808
B2116434744105N11948821WA0082500807
B2116444744091N11948821WA0082400805
B2116454744077N11948821WA0082200803
B2116464744062N11948821WA0082100801
B2116474744048N11948822WA0081900799
B2116484744034N11948822WA0081800798
B2116494744020N11948821WA0081700798
B2116504744006N11948822WA0081600797
B2116514743992N11948822WA0081500797
B2116524743979N11948822WA0081400796
B2116534743965N11948822WA0081300796
B2116544743952N11948822WA0081200796
B2116554743940N11948822WA0081100797
B2116564743927N11948822WA0081100797
B2116574743915N11948822WA0081000797
B2116584743903N11948822WA0081000797
B2116594743891N11948822WA0080900797
B2117004743879N11948822WA0080800797
B2117014743868N11948822WA0080800797
B2117024743856N11948822WA0080700797
B2117034743845N11948822WA0080700796
B2117044743834N11948821WA0080700796
B2117054743823N11948821WA0080600795
B2117064743812N11948822WA0080600795
B2117074743801N11948822WA0080500795
B2117084743790N11948822WA0080500794
B2117094743779N11948822WA0080500794
B2117104743768N11948822WA0080400794
B2117114743757N11948822WA0080400794
B2117124743746N11948823WA0080400794
B2117134743735N11948823WA0080300794
B2117144743724N11948823WA0080300794
B2117154743713N11948823WA0080300794
B2117164743703N11948823WA0080200794
B2117174743692N11948823WA0080200793
B2117184743681N11948823WA0080200793
B2117194743670N11948824WA0080100793
B2117204743659N11948825WA0080100792
B2117214743648N11948826WA0080100791
B2117224743637N11948827WA0080000790
B2117234743626N11948828WA0080000789
B2117244743615N11948829WA0079900788
B2117254743604N11948830WA0079900787
B2117264743592N11948832WA0079800786
B2117274743580N11948833WA0079700784
B2117284743568N11948834WA0079600783
B2117294743556N11948836WA0079500781
B2117304743544N11948837WA0079400779
B2117314743531N11948839WA0079300778
B2117324743518N11948841WA0079200776
B2117334743506N11948842WA0079100775
B2117344743493N11948844WA0079000775
B2117354743481N11948846WA0078900776
B2117364743469N11948847WA0078900778
B2117374743457N11948848WA0078800779
B2117384743446N11948848WA0078800781
B2117394743435N11948848WA0078800782
B2117404743424N11948847WA0078900783
B2117414743413N11948847WA0078900785
B2117424743402N11948845WA0078900785
B2117434743391N11948844WA0079000786
B2117444743380N11948842WA0079000786
B2117454743368N11948839WA0079000786
B2117464743357N11948836WA0079100785
B2117474743345N11948834WA0079100785
B2117484743333N11948831WA0079100785
B2117494743321N11948828WA0079200785
B2117504743309N11948826WA0079200785
B2117514743297N11948823WA0079300786
B2117524743285N11948821WA0079300786
B2117534743273N11948819WA0079400787
B2117544743261N11948818WA0079400787
B2117554743249N11948817WA0079400788
B2117564743237N11948817WA0079400788
B2117574743226N11948817WA0079500789
B2117584743214N11948817WA0079500789
B2117594743202N11948817WA0079500789
B2118004743191N11948817WA0079600789
B2118014743180N11948817WA0079600789
B2118024743168N11948817WA0079600789
B2118034743157N11948817WA0079600789
B2118044743146N11948817WA0079600789
B2118054743134N11948817WA0079700789
B2118064743123N11948817WA0079700789
B2118074743112N11948817WA0079600788
B2118084743100N11948817WA0079600788
B2118094743089N11948817WA0079600787
B2118104743078N11948817WA0079600787
B2118114743066N11948817WA0079600786
B2118124743055N11948816WA0079600786
B2118134743044N11948817WA0079500786
B2118144743033N11948817WA0079500785
B2118154743022N11948817WA0079500785
B2118164743011N11948817WA0079400785
B2118174743000N11948817WA0079400784
B2118184742989N11948817WA0079400784
B2118194742978N11948817WA0079300784
B2118204742968N11948817WA0079300784
B2118214742957N11948817WA0079300784
B2118224742947N11948817WA0079200783
B2118234742936N11948817WA0079200783
B2118244742926N11948817WA0079200783
B2118254742916N11948817WA0079100784
B2118264742905N11948816WA0079100783
B2118274742895N11948816WA0079100783
B2118284742885N11948816WA0079100783
B2118294742875N11948816WA0079000783
B2118304742865N11948816WA0079000783
B2118314742855N11948816WA0079000783
B2118324742845N11948815WA0079000783
B2118334742835N11948815WA0079000782
B2118344742825N11948815WA0079000782
B2118354742815N11948815WA0078900782
B2118364742805N11948815WA0078900782
B2118374742794N11948815WA0078900781
B2118384742784N11948815WA0078800781
B2118394742773N11948814WA0078800781
B2118404742763N11948814WA0078800781
B2118414742752N11948814WA0078800780
B2118424742741N11948814WA0078700779
B2118434742730N11948814WA0078700779
B2118444742719N11948814WA0078700778
B2118454742708N11948814WA0078600778
B2118464742697N11948814WA0078600777
B2118474742686N11948814WA0078500776
B2118484742675N11948814WA0078500776
B2118494742664N11948813WA0078500777
B2118504742652N11948813WA0078500777
B2118514742641N11948813WA0078400778
B2118524742630N11948813WA0078400778
B2118534742619N11948813WA0078400778
B2118544742608N11948812WA0078400779
B2118554742597N11948812WA0078400779
B2118564742586N11948812WA0078400779
B2118574742575N11948812WA0078400779
B2118584742564N11948812WA0078400779
B2118594742553N11948812WA0078400779
B2119004742543N11948812WA0078400778
B2119014742532N11948812WA0078400778
B2119024742522N11948812WA0078400778
B2119034742511N11948812WA0078400777
B2119044742501N11948812WA0078300777
B2119054742491N11948812WA0078300777
B2119064742481N11948812WA0078300776
B2119074742471N11948812WA0078200776
B2119084742461N11948811WA0078200776
B2119094742452N11948811WA0078200776
B2119104742444N11948811WA0078100776
B2119114742437N11948811WA0078100776
B2119124742431N11948811WA0078100775
B2119134742426N11948811WA0078000775
B2119144742421N11948812WA0078000775
B2119154742418N11948811WA0077900775
B2119164742415N11948811WA0077900775
B2119174742412N11948810WA0077900775
B2119184742410N11948808WA0077800775
B2119194742409N11948806WA0077800774
B2119204742408N11948803WA0077800774
B2119214742408N11948801WA0077800773
B2119224742408N11948799WA0077700773
B2119234742407N11948796WA0077700773
B2119244742407N11948793WA0077700773
B2119254742407N11948790WA0077700774
B2119264742407N11948788WA0077700774
B2119274742407N11948785WA0077600773
B2119284742407N11948783WA0077600774
B2119294742406N11948782WA0077600774
B2119304742406N11948780WA0077600774
B2119314742406N11948779WA0077600774
B2119324742407N11948777WA0077600774
B2119334742407N11948776WA0077600774
B2119344742407N11948774WA0077600774
B2119354742407N11948771WA0077600774
B2119364742407N11948768WA0077600774
B2119374742408N11948765WA0077600774
B2119384742408N11948762WA0077600774
B2119394742408N11948758WA0077600774
B2119404742408N11948754WA0077600774
B2119414742408N11948750WA0077600774
B2119424742408N11948746WA0077600774
B2119434742408N11948743WA0077600774
B2119444742408N11948739WA0077600774
B2119454742408N11948736WA0077600774
B2119464742408N11948732WA0077600775
B2119474742408N11948728WA0077600775
B2119484742408N11948724WA0077600775
B2119494742408N11948720WA0077600775
B2119504742408N11948717WA0077600775
B2119514742408N11948713WA0077600775
B2119524742407N11948710WA0077600775
B2119534742407N11948707WA0077600775
B2119544742406N11948705WA0077600775
B2119554742406N11948702WA0077600775
B2119564742406N11948700WA0077600776
B2119574742405N11948697WA0077600776
B2119584742404N11948695WA0077600776
B2119594742403N11948693WA0077600775
B2120004742402N11948690WA0077600775
B2120014742401N11948688WA0077600775
B2120024742400N11948686WA0077600775
B2120034742399N11948684WA0077600775
B2120044742398N11948682WA0077600775
B2120054742397N11948680WA0077600775
B2120064742395N11948678WA0077600775
B2120074742394N11948676WA0077600775
B2120084742393N11948674WA0077600775
B2120094742391N11948672WA0077600775
B2120104742389N11948671WA0077600775
B2120114742388N11948669WA0077600775
B2120124742386N11948668WA0077500775
B2120134742384N11948666WA0077500776
B2120144742383N11948665WA0077500776
B2120154742381N11948663WA0077500776
B2120164742379N11948662WA0077500776
B2120174742378N11948660WA0077500776
B2120184742376N11948659WA0077500776
B2120194742374N11948657WA0077500776
B2120204742373N11948655WA0077500777
B2120214742371N11948653WA0077500777
B2120224742369N11948651WA0077500777
B2120234742367N11948649WA0077500777
B2120244742365N11948647WA0077500777
B2120254742363N11948644WA0077500777
B2120264742360N11948642WA0077500777
B2120274742358N11948640WA0077500777
B2120284742356N11948638WA0077500776
B2120294742354N11948636WA0077500775
B2120304742353N11948635WA0077500775
B2120314742351N11948634WA0077500774
B2120324742349N11948634WA0077500774
B2120334742347N11948635WA0077500773
B2120344742346N11948636WA0077500773
B2120354742344N11948638WA0077500773
B2120364742343N11948640WA0077500772
B2120374742342N11948642WA0077400772
B2120384742341N11948645WA0077400771
B2120394742339N11948648WA0077400771
B2120404742338N11948651WA0077400771
B2120414742337N11948654WA0077400771
B2120424742335N11948657WA0077400771
B2120434742334N11948660WA0077400771
B2120444742332N11948664WA0077400771
B2120454742331N11948667WA0077400771
B2120464742329N11948671WA0077400771
B2120474742328N11948674WA0077400771
B2120484742326N11948678WA0077400770
B2120494742324N11948681WA0077300770
B2120504742323N11948684WA0077300770
B2120514742321N11948687WA0077300770
B2120524742320N11948690WA0077300770
B2120534742319N11948693WA0077300770
B2120544742317N11948695WA0077300770
B2120554742317N11948697WA0077200770
B2120564742316N11948699WA0077200770
B2120574742315N11948700WA0077200770
B2120584742315N11948700WA0077200770
B2120594742314N11948701WA0077200770
B2121004742314N11948702WA0077200770
B2121014742313N11948703WA0077200770
B2121024742313N11948704WA0077200770
B2121034742312N11948706WA0077200770
B2121044742311N11948707WA0077200769
B2121054742310N11948709WA0077200769
B2121064742309N11948711WA0077200769
B2121074742308N11948713WA0077200769
B2121084742306N11948716WA0077200769
B2121094742305N11948718WA0077200769
B2121104742304N11948721WA0077200769
B2121114742303N11948723WA0077200768
B2121124742301N11948726WA0077200769
B2121134742300N11948728WA0077200769
B2121144742299N11948731WA0077200769
B2121154742298N11948733WA0077200770
B2121164742297N11948736WA0077200770
B2121174742296N11948738WA0077200770
B2121184742295N11948740WA0077200770
B2121194742294N11948742WA0077200771
B2121204742293N11948743WA0077200771
B2121214742292N11948745WA0077200771
B2121224742292N11948746WA0077200771
B2121234742291N11948748WA0077200771
B2121244742291N11948749WA0077200771
B2121254742290N11948750WA0077200771
B2121264742289N11948752WA0077200771
B2121274742288N11948754WA0077200771
B2121284742287N11948756WA0077200771
B2121294742286N11948757WA0077200771
B2121304742285N11948759WA0077200771
B2121314742285N11948761WA0077200771
B2121324742284N11948762WA0077200771
B2121334742283N11948763WA0077200771
B2121344742283N11948765WA0077200771
B2121354742282N11948765WA0077200771
B2121364742282N11948766WA0077200772
B2121374742282N11948766WA0077200771
B2121384742282N11948767WA0077200771
B2121394742282N11948767WA0077200772
B2121404742281N11948767WA0077200772
B2121414742281N11948767WA0077200772
B2121424742281N11948768WA0077200772
B2121434742281N11948768WA0077300772
B2121444742280N11948769WA0077300772
B2121454742280N11948770WA0077300772
B2121464742280N11948771WA0077300773
B2121474742280N11948772WA0077300773
B2121484742281N11948773WA0077300772
B2121494742282N11948774WA0077300772
B2121504742283N11948775WA0077300772
B2121514742284N11948777WA0077300772
B2121524742285N11948778WA0077300772
B2121534742286N11948779WA0077300772
B2121544742287N11948780WA0077300772
B2121554742287N11948780WA0077300773
B2121564742288N11948781WA0077300773
B2121574742288N11948781WA0077300773
B2121584742288N11948782WA0077300773
B2121594742288N11948782WA0077300773
B2122004742288N11948782WA0077300773
B2122014742288N11948782WA0077300773
B2122024742288N11948782WA0077300773
B2122034742288N11948782WA0077300773
B2122044742288N11948782WA0077300773
B2122054742288N11948782WA0077300772
B2122064742288N11948782WA0077300772
B2122074742288N11948782WA0077300772
B2122084742288N11948782WA0077300772
B2122094742288N11948782WA0077300772
B2122104742288N11948782WA0077300772
B2122114742288N11948782WA0077300772
B2122124742288N11948782WA0077300772
B2122134742288N11948782WA0077300772
B2122144742288N11948782WA0077400772
B2122154742288N11948782WA0077400772
B2122164742289N11948782WA0077400772
B2122174742289N11948782WA0077400772
B2122184742289N11948783WA0077400771
B2122194742289N11948783WA0077400771
B2122204742289N11948783WA0077400771
B2122214742289N11948783WA0077400771
B2122224742289N11948783WA0077400771
B2122234742289N11948783WA0077400771
B2122244742289N11948783WA0077400771
B2122254742289N11948783WA0077400771
B2122264742289N11948783WA0077400771
B2122274742289N11948783WA0077400771
B2122284742289N11948783WA0077400771
B2122294742289N11948783WA0077400771
B2122304742289N11948783WA0077400771
B2122314742289N11948783WA0077400771
B2122324742289N11948783WA0077400771
B2122334742289N11948783WA0077400771
B2122344742289N11948783WA0077400771
B2122354742289N11948783WA0077400771
B2122364742289N11948783WA0077400771
B2122374742289N11948783WA0077400771
B2122384742289N11948783WA0077400771
B2122394742289N11948783WA0077400771
B2122404742289N11948783WA0077400771
B2122414742289N11948783WA0077400771
B2122424742289N11948783WA0077400771
B2122434742289N11948783WA0077400771
B2122444742289N11948783WA0077400771
B2122454742289N11948783WA0077400771
B2122464742289N11948783WA0077400772
B2122474742289N11948783WA0077400772
B2122484742289N11948783WA0077400772
B2122494742289N11948783WA0077400772
B2122504742289N11948783WA0077400771
B2122514742289N11948783WA0077400771
B2122524742289N11948783WA0077400772
B2122534742289N11948783WA0077400772
B2122544742289N11948783WA0077400772
B2122554742289N11948783WA0077400772
B2122564742289N11948783WA0077400772
B2122574742289N11948783WA0077400772
B2122584742289N11948783WA0077400772
B2122594742289N11948783WA0077400772
B2123004742289N11948783WA0077400772
B2123014742289N11948783WA0077400772
B2123024742289N11948783WA0077400772
B2123034742289N11948783WA0077400772
B2123044742289N11948783WA0077400772
B2123054742289N11948783WA0077400772
B2123064742289N11948783WA0077400772
B2123074742289N11948783WA0077400771
B2123084742289N11948783WA0077400771
B2123094742289N11948783WA0077300771
B2123104742289N11948783WA0077300771
B2123114742289N11948783WA0077300771
B2123124742289N11948783WA0077300771
B2123134742289N11948783WA0077300772
B2123144742289N11948783WA0077300771
B2123154742289N11948783WA0077300772
B2123164742289N11948783WA0077300772
B2123174742289N11948783WA0077300772
B2123184742289N11948783WA0077300772
B2123194742289N11948783WA0077300772
B2123204742289N11948783WA0077300772
B2123214742289N11948783WA0077300772
B2123224742289N11948783WA0077300772
B2123234742289N11948783WA0077300772
B2123244742289N11948783WA0077300772
B2123254742289N11948783WA0077300772
B2123264742289N11948783WA0077300772
B2123274742289N11948783WA0077300772
B2123284742289N11948783WA0077300772
B2123294742289N11948783WA0077300772
B2123304742289N11948783WA0077300772
B2123314742289N11948783WA0077300772
B2123324742289N11948783WA0077300772
B2123334742289N11948783WA0077300772
B2123344742289N11948783WA0077300772
B2123354742289N11948783WA0077300772
B2123364742289N11948783WA0077300772
B2123374742290N11948784WA0077300772
B2123384742291N11948785WA0077300772
B2123394742292N11948786WA0077300772
B2123404742293N11948788WA0077300772
B2123414742295N11948789WA0077300772
B2123424742296N11948791WA0077400772
B2123434742298N11948793WA0077400772
B2123444742299N11948794WA0077400772
B2123454742300N11948796WA0077400772
B2123464742301N11948797WA0077400772
B2123474742302N11948798WA0077400772
B2123484742303N11948799WA0077400772
B2123494742303N11948799WA0077400772
B2123504742304N11948800WA0077400772
B2123514742304N11948801WA0077400772
B2123524742305N11948801WA0077400772
B2123534742305N11948802WA0077400772
B2123544742306N11948802WA0077400772
B2123554742307N11948804WA0077400772
B2123564742309N11948805WA0077400773
B2123574742311N11948806WA0077400773
B2123584742313N11948807WA0077400773
B2123594742316N11948807WA0077500773
B2124004742319N11948807WA0077500774
B2124014742322N11948807WA0077500774
B2124024742326N11948807WA0077500774
B2124034742330N11948807WA0077500773
B2124044742335N11948807WA0077500773
B2124054742339N11948807WA0077500773
B2124064742344N11948807WA0077600773
B2124074742348N11948807WA0077600773
B2124084742353N11948807WA0077600772
B2124094742358N11948807WA0077600772
B2124104742363N11948807WA0077600772
B2124114742367N11948808WA0077600772
B2124124742372N11948808WA0077600772
B2124134742376N11948808WA0077600772
B2124144742380N11948808WA0077600772
B2124154742384N11948808WA0077600772
B2124164742388N11948807WA0077600772
B2124174742391N11948807WA0077600771
B2124184742395N11948807WA0077600771
B2124194742398N11948807WA0077600771
B2124204742400N11948806WA0077600771
B2124214742402N11948805WA0077600771
B2124224742404N11948804WA0077600770
B2124234742405N11948803WA0077600770
B2124244742406N11948803WA0077600770
B2124254742407N11948802WA0077600771
B2124264742408N11948802WA0077600770
B2124274742409N11948802WA0077600770
B2124284742409N11948803WA0077600770
B2124294742409N11948803WA0077600770
B2124304742409N11948803WA0077600770
B2124314742409N11948803WA0077600770
B2124324742409N11948803WA0077600770
B2124334742409N11948803WA0077600770
B2124344742409N11948803WA0077600770
B2124354742409N11948803WA0077600770
B2124364742409N11948803WA0077600769
B2124374742409N11948803WA0077600769
B2124384742409N11948803WA0077600769
B2124394742409N11948803WA0077600769
B2124404742410N11948803WA0077600769
B2124414742410N11948803WA0077600769
B2124424742409N11948803WA0077600769
B2124434742409N11948803WA0077600769
B2124444742409N11948803WA0077600769
B2124454742409N11948803WA0077600769
B2124464742409N11948803WA0077600769
B2124474742409N11948803WA0077600769
B2124484742409N11948803WA0077600769
B2124494742409N11948803WA0077600769
B2124504742409N11948803WA0077600769
B2124514742409N11948803WA0077600769
B2124524742409N11948803WA0077600769
B2124534742409N11948803WA0077600769
B2124544742409N11948803WA0077600769
B2124554742409N11948803WA0077600768
B2124564742409N11948803WA0077600768
B2124574742409N11948803WA0077600768
B2124584742409N11948803WA0077600768
B2124594742409N11948803WA0077600768
B2125004742409N11948803WA0077600768
B2125014742409N11948803WA0077600768
B2125024742409N11948803WA0077600768
B2125034742409N11948803WA0077600768
B2125044742409N11948803WA0077600768
B2125054742410N11948803WA0077600768
B2125064742410N11948804WA0077600768
B2125074742410N11948804WA0077600768
B2125084742411N11948804WA0077600768
B2125094742412N11948805WA0077600768
B2125104742413N11948806WA0077600768
B2125114742415N11948806WA0077600768
B2125124742417N11948807WA0077600768
B2125134742420N11948807WA0077600769
B2125144742423N11948808WA0077600769
B2125154742426N11948808WA0077700769
B2125164742430N11948808WA0077700769
B2125174742434N11948808WA0077700769
B2125184742438N11948808WA0077700769
B2125194742443N11948808WA0077700769
B2125204742448N11948808WA0077700769
B2125214742453N11948808WA0077700769
B2125224742458N11948808WA0077800769
B2125234742464N11948808WA0077800769
B2125244742470N11948808WA0077800769
B2125254742477N11948808WA0077800769
B2125264742483N11948808WA0077800769
B2125274742490N11948808WA0077900770
B2125284742497N11948808WA0077900770
B2125294742504N11948808WA0077900770
B2125304742511N11948808WA0077900770
B2125314742518N11948808WA0078000771
B2125324742525N11948808WA0078000771
B2125334742533N11948808WA0078000771
B2125344742540N11948808WA0078000771
B2125354742548N11948808WA0078000772
B2125364742555N11948808WA0078100772
B2125374742563N11948808WA0078100772
B2125384742571N11948808WA0078100773
B2125394742578N11948808WA0078100773
B2125404742586N11948808WA0078100773
B2125414742594N11948808WA0078200773
B2125424742601N11948808WA0078200773
B2125434742609N11948809WA0078200773
B2125444742617N11948809WA0078200773
B2125454742625N11948809WA0078200773
B2125464742632N11948809WA0078200773
B2125474742641N11948809WA0078200772
B2125484742649N11948809WA0078200772
B2125494742657N11948810WA0078200772
B2125504742665N11948810WA0078200771
B2125514742674N11948810WA0078300771
B2125524742683N11948810WA0078200771
B2125534742692N11948810WA0078300771
B2125544742701N11948810WA0078300771
B2125554742709N11948810WA0078300771
B2125564742718N11948810WA0078300771
B2125574742727N11948810WA0078300771
B2125584742736N11948810WA0078300772
B2125594742745N11948810WA0078300772
B2126004742754N11948811WA0078400773
B2126014742762N11948811WA0078400773
B2126024742771N11948811WA0078400774
B2126034742779N11948811WA0078400774
B2126044742787N11948811WA0078400774
B2126054742794N11948811WA0078400775
B2126064742801N11948811WA0078500775
B2126074742808N11948811WA0078500775
B2126084742815N11948811WA0078500775
B2126094742821N11948811WA0078500776
B2126104742827N11948811WA0078500776
B2126114742831N11948812WA0078500776
B2126124742835N11948811WA0078500776
B2126134742839N11948811WA0078500776
B2126144742841N11948810WA0078500776
B2126154742843N11948810WA0078500776
B2126164742844N11948809WA0078500777
B2126174742846N11948809WA0078500777
B2126184742846N11948810WA0078500777
B2126194742847N11948810WA0078600777
B2126204742847N11948811WA0078600777
B2126214742848N11948812WA0078600777
B2126224742848N11948814WA0078600777
B2126234742848N11948815WA0078600777
B2126244742847N11948816WA0078600776
B2126254742847N11948818WA0078600776
B2126264742846N11948819WA0078600776
B2126274742845N11948819WA0078500775
B2126284742844N11948819WA0078500775
B2126294742844N11948819WA0078500776
B2126304742844N11948819WA0078500776
B2126314742844N11948819WA0078500776
B2126324742844N11948819WA0078500776
B2126334742844N11948819WA0078500776
B2126344742844N11948819WA0078500776
B2126354742844N11948819WA0078500776
B2126364742844N11948819WA0078500776
B2126374742844N11948818WA0078500776
B2126384742845N11948818WA0078500776
B2126394742845N11948818WA0078500776
B2126404742845N11948818WA0078500776
B2126414742845N11948818WA0078500776
B2126424742845N11948818WA0078500776
B2126434742844N11948818WA0078500776
B2126444742844N11948818WA0078500777
B2126454742844N11948818WA0078500777
B2126464742844N11948818WA0078500777
B2126474742844N11948818WA0078500777
B2126484742844N11948818WA0078500777
B2126494742844N11948818WA0078500777
B2126504742844N11948818WA0078500777
B2126514742844N11948818WA0078500777
B2126524742844N11948818WA0078500777
B2126534742844N11948818WA0078500777
B2126544742844N11948818WA0078500777
B2126554742844N11948818WA0078500777
B2126564742843N11948818WA0078500777
B2126574742842N11948817WA0078500777
B2126584742841N11948816WA0078500777
B2126594742839N11948815WA0078500777
B2127004742836N11948815WA0078500778
B2127014742833N11948815WA0078500778
B2127024742829N11948814WA0078500778
B2127034742824N11948814WA0078500778
B2127044742819N11948814WA0078500778
B2127054742813N11948814WA0078500778
B2127064742806N11948814WA0078500778
B2127074742800N11948814WA0078500778
B2127084742793N11948814WA0078500778
B2127094742785N11948814WA0078500778
B2127104742777N11948814WA0078500778
B2127114742769N11948813WA0078500778
B2127124742761N11948813WA0078500778
B2127134742752N11948813WA0078500778
B2127144742744N11948813WA0078500777
B2127154742734N11948813WA0078400777
B2127164742725N11948813WA0078400777
B2127174742716N11948813WA0078400776
B2127184742706N11948813WA0078400776
B2127194742696N11948813WA0078400775
B2127204742686N11948812WA0078400775
B2127214742676N11948812WA0078300775
B2127224742665N11948812WA0078300775
B2127234742655N11948812WA0078300776
B2127244742645N11948812WA0078300776
B2127254742635N11948812WA0078300776
B2127264742626N11948812WA0078300777
B2127274742616N11948811WA0078300777
B2127284742607N11948811WA0078300778
B2127294742598N11948811WA0078300778
B2127304742588N11948811WA0078300778
B2127314742579N11948811WA0078300778
B2127324742570N11948811WA0078300778
B2127334742562N11948811WA0078300777
B2127344742553N11948811WA0078300777
B2127354742544N11948811WA0078300777
B2127364742536N11948811WA0078300777
B2127374742527N11948811WA0078200776
B2127384742519N11948811WA0078200776
B2127394742511N11948811WA0078200776
B2127404742503N11948811WA0078200775
B2127414742495N11948811WA0078100775
B2127424742487N11948811WA0078100775
B2127434742479N11948811WA0078100775
B2127444742471N11948810WA0078100775
B2127454742463N11948810WA0078000774
B2127464742456N11948810WA0078000774
B2127474742449N11948811WA0078000774
B2127484742442N11948811WA0078000773
B2127494742435N11948811WA0077900773
B2127504742428N11948810WA0077900773
B2127514742421N11948810WA0077900772
B2127524742414N11948810WA0077900772
B2127534742408N11948810WA0077800772
B2127544742402N11948810WA0077800772
B2127554742396N11948811WA0077800772
B2127564742390N11948811WA0077800772
B2127574742384N11948811WA0077700772
B2127584742379N11948811WA0077700772
B2127594742373N11948811WA0077700772
B2128004742369N11948811WA0077700772
B2128014742365N11948811WA0077700772
B2128024742362N11948811WA0077600772
B2128034742359N11948811WA0077600772
B2128044742358N11948811WA0077600772
B2128054742356N11948811WA0077600772
B2128064742355N11948811WA0077600772
B2128074742353N11948811WA0077600772
B2128084742351N11948811WA0077600772
B2128094742349N11948811WA0077500772
B2128104742346N11948811WA0077500771
B2128114742343N11948811WA0077500771
B2128124742339N11948811WA0077500771
B2128134742335N11948811WA0077500771
B2128144742330N11948811WA0077500771
B2128154742326N11948811WA0077500771
B2128164742321N11948811WA0077500771
B2128174742317N11948811WA0077500771
B2128184742313N11948812WA0077500771
B2128194742310N11948812WA0077500771
B2128204742308N11948812WA0077500770
B2128214742306N11948812WA0077500770
B2128224742305N11948812WA0077400770
B2128234742304N11948811WA0077400770
B2128244742303N11948810WA0077400770
B2128254742303N11948809WA0077400771
B2128264742303N11948808WA0077400771
B2128274742303N11948807WA0077400771
B2128284742303N11948805WA0077400771
B2128294742303N11948803WA0077400772
B2128304742304N11948802WA0077400772
B2128314742304N11948802WA0077400773
B2128324742304N11948802WA0077400773
B2128334742304N11948802WA0077400773
B2128344742304N11948802WA0077400773
B2128354742304N11948802WA0077400773
B2128364742303N11948802WA0077400773
B2128374742303N11948802WA0077400773
B2128384742303N11948802WA0077400773
B2128394742303N11948801WA0077400773
B2128404742303N11948802WA0077400773
B2128414742303N11948803WA0077400773
B2128424742303N11948803WA0077400773
B2128434742303N11948804WA0077400773
B2128444742302N11948804WA0077400773
B2128454742302N11948804WA0077400773
B2128464742302N11948804WA0077400773
B2128474742303N11948804WA0077400772
B2128484742303N11948804WA0077400772
B2128494742304N11948804WA0077400772
B2128504742305N11948804WA0077400772
B2128514742307N11948804WA0077400771
B2128524742309N11948805WA0077400771
B2128534742312N11948806WA0077400772
B2128544742316N11948807WA0077400772
B2128554742321N11948807WA0077500772
B2128564742327N11948808WA0077500772
B2128574742334N11948808WA0077500772
B2128584742342N11948807WA0077500772
B2128594742350N11948807WA0077600772
B2129004742358N11948807WA0077600772
B2129014742366N11948807WA0077600773
B2129024742374N11948807WA0077600773
B2129034742380N11948807WA0077600773
B2129044742386N11948806WA0077600772
B2129054742391N11948806WA0077600772
B2129064742395N11948806WA0077600772
B2129074742399N11948806WA0077600772
B2129084742402N11948804WA0077600772
B2129094742404N11948802WA0077600771
B2129104742406N11948799WA0077600771
B2129114742407N11948796WA0077600771
B2129124742408N11948792WA0077600771
B2129134742408N11948788WA0077600770
B2129144742408N11948784WA0077600770
B2129154742408N11948780WA0077500770
B2129164742408N11948778WA0077500770
B2129174742408N11948777WA0077500770
B2129184742409N11948776WA0077500769
B2129194742409N11948775WA0077500769
B2129204742409N11948774WA0077500769
B2129214742409N11948774WA0077500769
B2129224742409N11948774WA0077500769
B2129234742409N11948774WA0077500769
B2129244742409N11948774WA0077500769
B2129254742409N11948774WA0077500769
B2129264742409N11948774WA0077500770
B2129274742409N11948774WA0077500770
B2129284742408N11948774WA0077500769
B2129294742409N11948774WA0077500769
B2129304742408N11948774WA0077500769
B2129314742409N11948774WA0077500769
B2129324742408N11948774WA0077500769
B2129334742408N11948774WA0077500769
B2129344742409N11948774WA0077500769
B2129354742409N11948774WA0077500769
B2129364742409N11948774WA0077500769
B2129374742409N11948774WA0077500769
B2129384742409N11948774WA0077500770
B2129394742409N11948774WA0077500770
B2129404742409N11948774WA0077500770
B2129414742409N11948774WA0077500770
B2129424742409N11948774WA0077500770
B2129434742409N11948774WA0077500770
B2129444742409N11948774WA0077500770
B2129454742409N11948774WA0077500770
B2129464742409N11948774WA0077500771
B2129474742409N11948774WA0077500771
B2129484742409N11948774WA0077500771
B2129494742408N11948774WA0077500771
B2129504742408N11948774WA0077500771
B2129514742408N11948774WA0077500771
B2129524742408N11948774WA0077500771
B2129534742408N11948774WA0077500771
B2129544742408N11948774WA0077500772
B2129554742408N11948774WA0077500772
B2129564742408N11948774WA0077500772
B2129574742408N11948774WA0077500772
B2129584742408N11948774WA0077500772
B2129594742408N11948774WA0077500772
B2130004742408N11948774WA0077500772
B2130014742408N11948774WA0077500772
B2130024742408N11948774WA0077500772
B2130034742408N11948774WA0077500772
B2130044742408N11948774WA0077500772
B2130054742408N11948774WA0077500772
B2130064742408N11948774WA0077500772
B2130074742408N11948774WA0077500771
B2130084742408N11948774WA0077500771
B2130094742408N11948774WA0077500771
B2130104742408N11948774WA0077500771
B2130114742408N11948774WA0077500771
B2130124742408N11948773WA0077500771
B2130134742408N11948773WA0077500771
B2130144742408N11948773WA0077500771
B2130154742408N11948773WA0077400771
B2130164742408N11948773WA0077400771
B2130174742408N11948773WA0077400771
B2130184742408N11948773WA0077400771
B2130194742408N11948773WA0077400771
B2130204742408N11948773WA0077400771
B2130214742408N11948773WA0077400771
B2130224742408N11948773WA0077400771
B2130234742408N11948773WA0077400771
B2130244742408N11948773WA0077400771
B2130254742408N11948773WA0077400771
B2130264742408N11948773WA0077400771
B2130274742408N11948773WA0077400771
B2130284742408N11948773WA0077400771
B2130294742408N11948773WA0077400771
B2130304742408N11948773WA0077400771
B2130314742408N11948773WA0077400771
B2130324742408N11948773WA0077400771
B2130334742408N11948773WA0077400771
B2130344742408N11948773WA0077400771
B2130354742408N11948773WA0077400771
B2130364742408N11948773WA0077400771
B2130374742408N11948773WA0077400771
B2130384742408N11948773WA0077400771
B2130394742408N11948773WA0077400772
B2130404742408N11948773WA0077400772
B2130414742408N11948773WA0077400772
B2130424742408N11948773WA0077400772
B2130434742408N11948773WA0077400772
B2130444742408N11948773WA0077400772
B2130454742408N11948773WA0077400772
B2130464742408N11948773WA0077400772
B2130474742408N11948773WA0077500772
B2130484742408N11948773WA0077500772
B2130494742408N11948773WA0077500772
B2130504742408N11948773WA0077500772
B2130514742408N11948773WA0077500772
B2130524742408N11948773WA0077400772
B2130534742408N11948773WA0077400772
B2130544742408N11948773WA0077400772
B2130554742408N11948773WA0077400772
B2130564742408N11948773WA0077400772
B2130574742408N11948773WA0077400772
B2130584742408N11948773WA0077400772
B2130594742408N11948773WA0077400772
B2131004742408N11948773WA0077400772
B2131014742408N11948773WA0077400772
B2131024742408N11948773WA0077400772
B2131034742408N11948773WA0077400772
B2131044742408N11948773WA0077400772
B2131054742408N11948773WA0077400772
B2131064742408N11948773WA0077400773
B2131074742408N11948773WA0077400773
B2131084742408N11948773WA0077400773
B2131094742408N11948773WA0077400773
B2131104742408N11948773WA0077400773
B2131114742408N11948773WA0077500773
B2131124742408N11948773WA0077500773
B2131134742408N11948773WA0077500773
B2131144742408N11948773WA0077500773
B2131154742408N11948773WA0077500773
B2131164742408N11948773WA0077500773
B2131174742408N11948773WA0077500773
B2131184742408N11948773WA0077500773
B2131194742408N11948773WA0077500772
B2131204742408N11948773WA0077500773
B2131214742408N11948773WA0077500772
B2131224742408N11948773WA0077500772
B2131234742408N11948773WA0077500772
B2131244742408N11948773WA0077500773
B2131254742408N11948773WA0077500773
B2131264742408N11948773WA0077500773
B2131274742408N11948773WA0077500773
B2131284742408N11948773WA0077400773
B2131294742408N11948773WA0077400773
B2131304742408N11948773WA0077400773
B2131314742408N11948773WA0077400773
B2131324742408N11948773WA0077400773
B2131334742408N11948773WA0077400773
B2131344742408N11948773WA0077400774
B2131354742408N11948773WA0077400774
B2131364742408N11948773WA0077400774
B2131374742408N11948773WA0077400774
B2131384742408N11948773WA0077400774
B2131394742408N11948773WA0077400774
B2131404742408N11948773WA0077400774
B2131414742408N11948773WA0077400774
B2131424742408N11948773WA0077400774
B2131434742408N11948773WA0077400774
B2131444742408N11948773WA0077400774
B2131454742408N11948773WA0077400774
B2131464742409N11948773WA0077400774
B2131474742409N11948773WA0077400774
B2131484742409N11948773WA0077400774
B2131494742409N11948773WA0077400774
B2131504742409N11948773WA0077400774
B2131514742409N11948773WA0077400775
B2131524742409N11948773WA0077400775
B2131534742409N11948773WA0077400775
B2131544742409N11948773WA0077400775
B2131554742409N11948773WA0077400775
B2131564742409N11948773WA0077400775
B2131574742409N11948773WA0077400775
B2131584742409N11948773WA0077400775
B2131594742409N11948773WA0077400775
B2132004742409N11948773WA0077400775
B2132014742409N11948773WA0077400775
B2132024742409N11948773WA0077400775
B2132034742409N11948773WA0077400776
B2132044742409N11948773WA0077400776
B2132054742409N11948773WA0077400776
B2132064742409N11948773WA0077400776
B2132074742409N11948773WA0077400776
B2132084742409N11948773WA0077400776
B2132094742409N11948773WA0077400776
B2132104742409N11948773WA0077400776
B2132114742409N11948773WA0077400776
B2132124742409N11948773WA0077400776
B2132134742409N11948773WA0077400776
B2132144742409N11948773WA0077400776
B2132154742409N11948773WA0077400776
B2132164742409N11948773WA0077400776
B2132174742409N11948773WA0077400775
B2132184742409N11948773WA0077400775
B2132194742409N11948773WA0077400775
B2132204742409N11948773WA0077400775
B2132214742409N11948773WA0077400775
B2132224742409N11948773WA0077400775
B2132234742409N11948773WA0077400775
B2132244742409N11948773WA0077400775
B2132254742409N11948773WA0077400775
B2132264742409N11948773WA0077400775
B2132274742409N11948773WA0077400775
B2132284742409N11948773WA0077400775
B2132294742409N11948773WA0077400775
B2132304742409N11948773WA0077400775
B2132314742409N11948773WA0077400775
B2132324742409N11948773WA0077400775
B2132334742409N11948773WA0077400775
B2132344742409N11948773WA0077400775
B2132354742409N11948773WA0077400775
B2132364742409N11948773WA0077400775
B2132374742409N11948773WA0077400775
B2132384742409N11948773WA0077400775
B2132394742409N11948773WA0077400775
B2132404742409N11948773WA0077400775
B2132414742409N11948773WA0077400775
B2132424742409N11948773WA0077400775
B2132434742409N11948773WA0077400775
B2132444742409N11948773WA0077400775
B2132454742409N11948773WA0077400775
B2132464742409N11948773WA0077400775
B2132474742409N11948773WA0077400776
B2132484742409N11948773WA0077400776
B2132494742409N11948773WA0077400776
B2132504742409N11948773WA0077400776
B2132514742409N11948773WA0077400776
B2132524742409N11948773WA0077400776
B2132534742409N11948773WA0077400776
B2132544742409N11948773WA0077400775
B2132554742409N11948773WA0077400775
B2132564742409N11948773WA0077400775
B2132574742409N11948773WA0077400775
B2132584742409N11948773WA0077400775
B2132594742409N11948773WA0077500775
B2133004742409N11948773WA0077500775
B2133014742409N11948773WA0077500775
B2133024742409N11948773WA0077500775
B2133034742409N11948773WA0077500775
B2133044742409N11948774WA0077500775
B2133054742409N11948774WA0077500774
B2133064742409N11948774WA0077500774
B2133074742409N11948774WA0077500774
B2133084742409N11948774WA0077500774
B2133094742409N11948774WA0077500774
B2133104742409N11948774WA0077500774
B2133114742409N11948774WA0077500774
B2133124742409N11948774WA0077500774
B2133134742409N11948774WA0077500774
B2133144742409N11948774WA0077500774
B2133154742409N11948774WA0077500774
B2133164742409N11948774WA0077500774
B2133174742409N11948774WA0077500774
B2133184742409N11948774WA0077500774
B2133194742409N11948774WA0077500774
B2133204742409N11948774WA0077500774
B2133214742409N11948774WA0077500774
B2133224742409N11948774WA0077500774
B2133234742409N11948774WA0077500774
B2133244742409N11948774WA0077500774
B2133254742409N11948774WA0077500774
B2133264742409N11948774WA0077500773
B2133274742409N11948774WA0077500773
B2133284742409N11948774WA0077500774
B2133294742409N11948774WA0077500773
B2133304742409N11948774WA0077500773
B2133314742409N11948773WA0077500773
B2133324742409N11948772WA0077500773
B2133334742409N11948771WA0077500773
B2133344742409N11948769WA0077500773
B2133354742410N11948768WA0077500773
B2133364742410N11948766WA0077500773
B2133374742410N11948765WA0077500773
B2133384742410N11948764WA0077500772
B2133394742410N11948763WA0077500772
B2133404742410N11948763WA0077500772
B2133414742410N11948763WA0077500772
B2133424742410N11948763WA0077500772
B2133434742410N11948763WA0077500772
B2133444742410N11948763WA0077500772
B2133454742410N11948763WA0077500772
B2133464742410N11948763WA0077500772
B2133474742410N11948763WA0077500772
B2133484742410N11948763WA0077500772
B2133494742410N11948763WA0077500772
B2133504742410N11948762WA0077500772
B2133514742410N11948761WA0077500772
B2133524742410N11948760WA0077500772
B2133534742410N11948759WA0077500772
B2133544742410N11948757WA0077500772
B2133554742410N11948754WA0077500771
B2133564742409N11948752WA0077500771
B2133574742409N11948748WA0077500771
B2133584742409N11948745WA0077500771
B2133594742409N11948741WA0077500771
B2134004742409N11948737WA0077500771
B2134014742409N11948734WA0077500770
B2134024742409N11948732WA0077500770
B2134034742409N11948731WA0077500770
B2134044742409N11948730WA0077500770
B2134054742409N11948730WA0077500770
B2134064742409N11948730WA0077500770
B2134074742409N11948730WA0077500770
B2134084742409N11948730WA0077500770
B2134094742409N11948730WA0077500770
B2134104742409N11948730WA0077500770
B2134114742409N11948730WA0077500770
B2134124742409N11948730WA0077500770
B2134134742409N11948730WA0077500770
B2134144742409N11948730WA0077500770
B2134154742409N11948730WA0077500770
B2134164742409N11948730WA0077500770
B2134174742409N11948730WA0077500770
B2134184742409N11948730WA0077500770
B2134194742409N11948730WA0077500770
B2134204742409N11948730WA0077500770
B2134214742409N11948730WA0077500770
B2134224742409N11948730WA0077500770
B2134234742409N11948730WA0077500770
B2134244742409N11948730WA0077500770
B2134254742409N11948730WA0077500770
B2134264742409N11948730WA0077500770
B2134274742409N11948730WA0077500770
B2134284742409N11948730WA0077500770
B2134294742409N11948730WA0077500770
B2134304742409N11948730WA0077500770
B2134314742409N11948728WA0077500770
B2134324742409N11948725WA0077500770
B2134334742409N11948721WA0077500770
B2134344742409N11948717WA0077600770
B2134354742408N11948712WA0077600770
B2134364742407N11948707WA0077600771
B2134374742406N11948702WA0077600771
B2134384742405N11948697WA0077600771
B2134394742403N11948692WA0077600771
B2134404742401N11948688WA0077600771
B2134414742399N11948684WA0077600770
B2134424742397N11948680WA0077600770
B2134434742395N11948677WA0077600770
B2134444742392N11948673WA0077600770
B2134454742389N11948671WA0077600770
B2134464742387N11948668WA0077500769
B2134474742384N11948665WA0077500769
B2134484742381N11948663WA0077500768
B2134494742379N11948660WA0077500768
B2134504742376N11948658WA0077500768
B2134514742374N11948655WA0077500768
B2134524742371N11948653WA0077500768
B2134534742368N11948651WA0077500767
B2134544742366N11948648WA0077500767
B2134554742363N11948646WA0077500767
B2134564742361N11948644WA0077500767
B2134574742359N11948641WA0077500767
B2134584742357N11948639WA0077500767
B2134594742355N11948637WA0077500767
B2135004742353N11948636WA0077500767
B2135014742352N11948635WA0077400767
B2135024742351N11948634WA0077400767
B2135034742351N11948634WA0077400767
B2135044742351N11948634WA0077400767
B2135054742351N11948634WA0077400768
B2135064742351N11948634WA0077400769
B2135074742351N11948634WA0077400769
B2135084742351N11948634WA0077400769
B2135094742351N11948634WA0077400769
B2135104742351N11948634WA0077400770
B2135114742351N11948634WA0077400770
B2135124742351N11948634WA0077400770
B2135134742351N11948634WA0077400770
B2135144742350N11948633WA0077400770
B2135154742350N11948633WA0077400770
B2135164742349N11948634WA0077400770
B2135174742349N11948634WA0077400770
B2135184742348N11948634WA0077400771
B2135194742348N11948634WA0077400771
B2135204742347N11948634WA0077400771
B2135214742347N11948635WA0077400771
B2135224742346N11948636WA0077400771
B2135234742345N11948639WA0077400771
B2135244742343N11948642WA0077400771
B2135254742342N11948645WA0077400771
B2135264742340N11948648WA0077400770
B2135274742339N11948652WA0077400770
B2135284742337N11948656WA0077400770
B2135294742335N11948660WA0077400770
B2135304742333N11948663WA0077400770
B2135314742331N11948667WA0077400770
B2135324742329N11948671WA0077400769
B2135334742327N11948675WA0077400769
B2135344742325N11948679WA0077300769
B2135354742323N11948683WA0077300769
B2135364742321N11948687WA0077300768
B2135374742319N11948691WA0077300768
B2135384742317N11948695WA0077300768
B2135394742315N11948699WA0077300768
B2135404742313N11948702WA0077200767
B2135414742312N11948706WA0077200767
B2135424742310N11948709WA0077200767
B2135434742308N11948712WA0077200766
B2135444742306N11948715WA0077200766
B2135454742305N11948718WA0077200766
B2135464742303N11948721WA0077200766
B2135474742302N11948724WA0077200765
B2135484742300N11948727WA0077200765
B2135494742299N11948730WA0077200765
B2135504742298N11948732WA0077200765
B2135514742297N11948735WA0077100766
B2135524742296N11948737WA0077100766
B2135534742295N11948740WA0077200767
B2135544742293N11948742WA0077200767
B2135554742292N11948745WA0077200767
B2135564742290N11948749WA0077200767
B2135574742288N11948752WA0077200767
B2135584742287N11948755WA0077200767
B2135594742285N11948758WA0077200767
B2136004742284N11948761WA0077200767
B2136014742282N11948764WA0077200767
B2136024742281N11948767WA0077200767
B2136034742281N11948769WA0077200767
B2136044742281N11948772WA0077200767
B2136054742282N11948774WA0077200767
B2136064742284N11948777WA0077200767
B2136074742286N11948779WA0077200767
B2136084742288N11948781WA0077200768
B2136094742290N11948784WA0077200768
B2136104742293N11948786WA0077300768
B2136114742295N11948789WA0077300768
B2136124742298N11948791WA0077300768
B2136134742300N11948793WA0077300769
B2136144742302N11948795WA0077300769
B2136154742303N11948797WA0077300769
B2136164742305N11948798WA0077300769
B2136174742305N11948800WA0077300769
B2136184742305N11948801WA0077400770
B2136194742305N11948803WA0077400770
B2136204742305N11948804WA0077400770
B2136214742304N11948806WA0077400770
B2136224742303N11948808WA0077400770
B2136234742301N11948808WA0077400770
B2136244742299N11948809WA0077400770
B2136254742296N11948809WA0077400770
B2136264742292N11948809WA0077400770
B2136274742287N11948809WA0077400770
B2136284742282N11948809WA0077400770
B2136294742276N11948809WA0077400770
B2136304742270N11948809WA0077400770
B2136314742264N11948809WA0077400770
B2136324742257N11948809WA0077400770
B2136334742250N11948809WA0077400770
B2136344742243N11948809WA0077400769
B2136354742235N11948809WA0077400769
B2136364742227N11948809WA0077400769
B2136374742219N11948809WA0077400769
B2136384742211N11948809WA0077400769
B2136394742202N11948809WA0077400769
B2136404742193N11948809WA0077400769
B2136414742184N11948809WA0077400769
B2136424742174N11948809WA0077400769
B2136434742164N11948809WA0077400769
B2136444742154N11948809WA0077400769
B2136454742144N11948809WA0077500770
B2136464742134N11948809WA0077500770
B2136474742123N11948809WA0077500770
B2136484742112N11948809WA0077500770
B2136494742102N11948809WA0077500770
B2136504742091N11948809WA0077500770
B2136514742080N11948809WA0077500770
B2136524742069N11948809WA0077500770
B2136534742057N11948809WA0077500770
B2136544742046N11948809WA0077500770
B2136554742035N11948809WA0077500770
B2136564742023N11948809WA0077500769
B2136574742011N11948809WA0077500769
B2136584742000N11948809WA0077500769
B2136594741988N11948809WA0077500769
B2137004741975N11948809WA0077500768
B2137014741963N11948809WA0077500768
B2137024741951N11948809WA0077500767
B2137034741938N11948809WA0077500767
B2137044741926N11948809WA0077500767
B2137054741913N11948809WA0077500767
B2137064741900N11948809WA0077500767
B2137074741888N11948809WA0077500767
B2137084741875N11948809WA0077500767
B2137094741862N11948809WA0077500768
B2137104741849N11948809WA0077500768
B2137114741835N11948809WA0077500769
B2137124741822N11948810WA0077600770
B2137134741809N11948810WA0077600771
B2137144741796N11948810WA0077600771
B2137154741783N11948810WA0077600772
B2137164741770N11948810WA0077700772
B2137174741757N11948810WA0077700773
B2137184741743N11948811WA0077800774
B2137194741730N11948811WA0077800775
B2137204741717N11948811WA0077900776
B2137214741704N11948811WA0077900778
B2137224741691N11948811WA0078000779
B2137234741679N11948811WA0078100781
B2137244741666N11948811WA0078200782
B2137254741653N11948810WA0078300783
B2137264741640N11948811WA0078400784
B2137274741628N11948811WA0078400784
B2137284741615N11948811WA0078500785
B2137294741602N11948811WA0078600785
B2137304741590N11948811WA0078700786
B2137314741578N11948811WA0078700786
B2137324741566N11948811WA0078800787
B2137334741554N11948811WA0078800787
B2137344741541N11948811WA0078900787
B2137354741529N11948811WA0078900787
B2137364741516N11948810WA0079000787
B2137374741503N11948810WA0079000787
B2137384741490N11948810WA0079100787
B2137394741476N11948810WA0079100787
B2137404741462N11948810WA0079100787
B2137414741448N11948810WA0079200787
B2137424741433N11948810WA0079200786
B2137434741418N11948810WA0079200786
B2137444741403N11948810WA0079200786
B2137454741387N11948810WA0079200785
B2137464741371N11948810WA0079200785
B2137474741355N11948810WA0079300784
B2137484741339N11948810WA0079300784
B2137494741322N11948810WA0079300785
B2137504741306N11948810WA0079300785
B2137514741289N11948810WA0079300785
B2137524741272N11948810WA0079300784
B2137534741256N11948810WA0079300784
B2137544741238N11948810WA0079200784
B2137554741221N11948810WA0079200783
B2137564741204N11948809WA0079200783
B2137574741187N11948809WA0079200782
B2137584741169N11948809WA0079200781
B2137594741152N11948809WA0079100781
B2138004741134N11948809WA0079100780
B2138014741117N11948809WA0079100780
B2138024741099N11948809WA0079000780
B2138034741082N11948809WA0079000781
B2138044741065N11948809WA0079000782
B2138054741048N11948809WA0079000783
B2138064741031N11948809WA0079000784
B2138074741014N11948809WA0079000785
B2138084740997N11948809WA0079100785
B2138094740980N11948809WA0079100785
B2138104740963N11948809WA0079100785
B2138114740947N11948809WA0079100786
B2138124740930N11948809WA0079200786
B2138134740913N11948809WA0079200787
B2138144740896N11948809WA0079200787
B2138154740879N11948809WA0079200788
B2138164740863N11948810WA0079300788
B2138174740847N11948810WA0079300789
B2138184740830N11948810WA0079400790
B2138194740814N11948810WA0079400790
B2138204740798N11948810WA0079500791
B2138214740782N11948810WA0079500791
B2138224740765N11948810WA0079500790
B2138234740749N11948811WA0079500790
B2138244740732N11948811WA0079600791
B2138254740715N11948811WA0079600790
B2138264740698N11948811WA0079600790
B2138274740681N11948812WA0079600790
B2138284740664N11948812WA0079600789
B2138294740647N11948812WA0079600789
B2138304740629N11948812WA0079600788
B2138314740612N11948812WA0079600788
B2138324740595N11948813WA0079500788
B2138334740578N11948813WA0079500788
B2138344740562N11948813WA0079500787
B2138354740545N11948813WA0079500787
B2138364740529N11948813WA0079400787
B2138374740512N11948813WA0079400786
B2138384740495N11948813WA0079400786
B2138394740479N11948813WA0079300785
B2138404740462N11948813WA0079300785
B2138414740446N11948813WA0079300786
B2138424740429N11948813WA0079200786
B2138434740413N11948813WA0079200786
B2138444740396N11948813WA0079200786
B2138454740380N11948813WA0079200786
B2138464740364N11948814WA0079200786
B2138474740349N11948814WA0079200786
B2138484740334N11948814WA0079200787
B2138494740319N11948814WA0079200788
B2138504740304N11948814WA0079200788
B2138514740290N11948814WA0079200789
B2138524740275N11948814WA0079200789
B2138534740261N11948814WA0079200789
B2138544740246N11948814WA0079200789
B2138554740231N11948814WA0079200789
B2138564740217N11948813WA0079200789
B2138574740202N11948813WA0079200789
B2138584740187N11948813WA0079200789
B2138594740171N11948813WA0079200788
B2139004740156N11948813WA0079200788
B2139014740141N11948813WA0079200788
B2139024740126N11948813WA0079200788
B2139034740110N11948813WA0079200788
B2139044740095N11948813WA0079200788
B2139054740079N11948813WA0079200787
B2139064740064N11948813WA0079200787
B2139074740049N11948812WA0079200788
B2139084740034N11948812WA0079200788
B2139094740018N11948812WA0079200788
B2139104740003N11948812WA0079200787
B2139114739988N11948812WA0079200787
B2139124739973N11948812WA0079200787
B2139134739957N11948811WA0079200786
B2139144739942N11948811WA0079200786
B2139154739926N11948811WA0079200786
B2139164739911N11948810WA0079200786
B2139174739895N11948810WA0079200787
B2139184739880N11948810WA0079200787
B2139194739864N11948810WA0079200787
B2139204739849N11948809WA0079200787
B2139214739833N11948809WA0079200787
B2139224739818N11948809WA0079200787
B2139234739802N11948808WA0079300788
B2139244739787N11948808WA0079300788
B2139254739771N11948808WA0079300789
B2139264739756N11948808WA0079300790
B2139274739740N11948807WA0079400790
B2139284739725N11948807WA0079400790
B2139294739710N11948806WA0079500791
B2139304739694N11948806WA0079500791
B2139314739679N11948806WA0079500792
B2139324739663N11948805WA0079600792
B2139334739648N11948805WA0079600792
B2139344739632N11948805WA0079700792
B2139354739617N11948805WA0079700792
B2139364739601N11948804WA0079800792
B2139374739585N11948804WA0079800792
B2139384739569N11948804WA0079800792
B2139394739554N11948803WA0079900792
B2139404739538N11948803WA0079900791
B2139414739522N11948803WA0079900790
B2139424739506N11948803WA0079800789
B2139434739490N11948802WA0079800788
B2139444739474N11948802WA0079800787
B2139454739458N11948802WA0079800786
B2139464739441N11948802WA0079700785
B2139474739425N11948802WA0079700784
B2139484739407N11948802WA0079600783
B2139494739390N11948802WA0079600782
B2139504739373N11948802WA0079500780
B2139514739355N11948802WA0079400779
B2139524739337N11948802WA0079400779
B2139534739319N11948802WA0079300778
B2139544739301N11948802WA0079300778
B2139554739283N11948802WA0079200777
B2139564739264N11948802WA0079200776
B2139574739246N11948802WA0079100775
B2139584739227N11948803WA0079100775
B2139594739208N11948803WA0079000774
B2140004739189N11948803WA0079000773
B2140014739170N11948803WA0078900772
B2140024739151N11948803WA0078900772
B2140034739132N11948803WA0078800771
B2140044739113N11948804WA0078800771
B2140054739094N11948804WA0078800771
B2140064739074N11948804WA0078800771
B2140074739055N11948804WA0078700771
B2140084739035N11948804WA0078700770
B2140094739016N11948804WA0078700770
B2140104738996N11948804WA0078700770
B2140114738977N11948804WA0078700770
B2140124738957N11948804WA0078600769
B2140134738937N11948804WA0078600769
B2140144738917N11948805WA0078600768
B2140154738897N11948805WA0078600769
B2140164738877N11948805WA0078500769
B2140174738857N11948805WA0078500769
B2140184738837N11948805WA0078500769
B2140194738817N11948805WA0078500769
B2140204738797N11948806WA0078500769
B2140214738777N11948806WA0078500769
B2140224738757N11948806WA0078500769
B2140234738737N11948806WA0078500770
B2140244738717N11948806WA0078500771
B2140254738697N11948806WA0078500772
B2140264738677N11948806WA0078600772
B2140274738658N11948806WA0078600773
B2140284738639N11948807WA0078600774
B2140294738620N11948807WA0078600775
B2140304738602N11948807WA0078600775
B2140314738584N11948807WA0078700775
B2140324738566N11948807WA0078700776
B2140334738549N11948808WA0078700777
B2140344738532N11948808WA0078800777
B2140354738516N11948808WA0078800777
B2140364738499N11948808WA0078800777
B2140374738482N11948808WA0078800778
B2140384738466N11948808WA0078900778
B2140394738449N11948808WA0078900778
B2140404738432N11948808WA0078900778
B2140414738415N11948808WA0078900778
B2140424738399N11948808WA0078900777
B2140434738382N11948807WA0078900777
B2140444738365N11948807WA0078900777
B2140454738347N11948807WA0078900777
B2140464738330N11948807WA0078900776
B2140474738313N11948807WA0078900776
B2140484738295N11948807WA0078900775
B2140494738278N11948807WA0078900774
B2140504738260N11948807WA0078800773
B2140514738242N11948807WA0078800771
B2140524738224N11948807WA0078700770
B2140534738206N11948807WA0078700769
B2140544738189N11948807WA0078600768
B2140554738171N11948807WA0078600767
B2140564738153N11948807WA0078500766
B2140574738135N11948807WA0078400764
B2140584738117N11948807WA0078400764
B2140594738099N11948807WA0078300762
B2141004738081N11948807WA0078200762
B2141014738064N11948807WA0078200761
B2141024738046N11948807WA0078100760
B2141034738029N11948807WA0078000759
B2141044738011N11948807WA0077900758
B2141054737993N11948807WA0077900757
B2141064737976N11948806WA0077800756
B2141074737958N11948806WA0077700755
B2141084737941N11948806WA0077600754
B2141094737923N11948806WA0077500753
B2141104737905N11948806WA0077400753
B2141114737888N11948806WA0077400753
B2141124737871N11948807WA0077300753
B2141134737854N11948807WA0077200754
B2141144737837N11948807WA0077200755
B2141154737821N11948806WA0077200757
B2141164737805N11948806WA0077100758
B2141174737790N11948806WA0077100760
B2141184737775N11948806WA0077100761
B2141194737759N11948806WA0077200763
B2141204737744N11948805WA0077200763
B2141214737729N11948805WA0077200763
B2141224737714N11948805WA0077200764
B2141234737699N11948805WA0077300764
B2141244737683N11948805WA0077300764
B2141254737668N11948804WA0077300764
B2141264737654N11948804WA0077300763
B2141274737639N11948804WA0077300762
B2141284737625N11948804WA0077300761
B2141294737610N11948804WA0077200760
B2141304737596N11948805WA0077200759
B2141314737581N11948805WA0077200758
B2141324737567N11948805WA0077100757
B2141334737553N11948805WA0077000756
B2141344737538N11948806WA0077000755
B2141354737524N11948806WA0076900754
B2141364737510N11948806WA0076800753
B2141374737495N11948807WA0076700752
B2141384737481N11948807WA0076600751
B2141394737466N11948808WA0076600750
B2141404737452N11948808WA0076500749
B2141414737437N11948808WA0076400748
B2141424737423N11948808WA0076300747
B2141434737408N11948808WA0076200746
B2141444737393N11948808WA0076200745
B2141454737378N11948808WA0076100744
B2141464737363N11948808WA0076000743
B2141474737348N11948808WA0075900742
B2141484737333N11948808WA0075800741
B2141494737317N11948809WA0075800740
B2141504737302N11948809WA0075700739
B2141514737286N11948809WA0075600738
B2141524737271N11948809WA0075500737
B2141534737255N11948810WA0075400736
B2141544737239N11948810WA0075400736
B2141554737222N11948810WA0075300735
B2141564737206N11948810WA0075200734
B2141574737189N11948810WA0075200733
B2141584737173N11948809WA0075100733
B2141594737156N11948809WA0075000732
B2142004737138N11948809WA0075000732
B2142014737121N11948809WA0074900731
B2142024737104N11948809WA0074900731
B2142034737086N11948809WA0074800731
B2142044737069N11948809WA0074800731
B2142054737051N11948809WA0074800731
B2142064737034N11948809WA0074700731
B2142074737016N11948809WA0074700731
B2142084736999N11948809WA0074700732
B2142094736982N11948808WA0074700732
B2142104736965N11948808WA0074700732
B2142114736949N11948808WA0074700732
B2142124736933N11948808WA0074700733
B2142134736917N11948808WA0074700733
B2142144736903N11948809WA0074700733
B2142154736889N11948809WA0074700734
B2142164736875N11948809WA0074700734
B2142174736863N11948808WA0074700735
B2142184736851N11948808WA0074600735
B2142194736840N11948808WA0074600736
B2142204736830N11948808WA0074600736
B2142214736821N11948808WA0074600737
B2142224736814N11948808WA0074600737
B2142234736807N11948808WA0074600737
B2142244736800N11948808WA0074500737
B2142254736795N11948808WA0074500736
B2142264736789N11948807WA0074500736
B2142274736784N11948807WA0074400736
B2142284736779N11948807WA0074400736
B2142294736775N11948807WA0074400735
B2142304736771N11948807WA0074300735
B2142314736768N11948807WA0074300735
B2142324736766N11948807WA0074300735
B2142334736764N11948807WA0074300735
B2142344736763N11948807WA0074200735
B2142354736761N11948807WA0074200734
B2142364736758N11948804WA0074200734
B2142374736757N11948800WA0074200735
B2142384736756N11948795WA0074200735
B2142394736755N11948788WA0074200735
B2142404736755N11948780WA0074200735
B2142414736755N11948771WA0074200736
B2142424736755N11948761WA0074200736
B2142434736755N11948750WA0074200736
B2142444736755N11948737WA0074200736
B2142454736755N11948723WA0074300737
B2142464736755N11948708WA0074300737
B2142474736755N11948691WA0074400738
B2142484736755N11948674WA0074400738
B2142494736755N11948655WA0074500739
B2142504736755N11948636WA0074500739
B2142514736755N11948615WA0074600740
B2142524736755N11948594WA0074700740
B2142534736755N11948572WA0074700740
B2142544736755N11948550WA0074800741
B2142554736755N11948527WA0074900741
B2142564736755N11948504WA0075000741
B2142574736755N11948482WA0075000742
B2142584736755N11948459WA0075100742
B2142594736755N11948436WA0075100743
B2143004736755N11948413WA0075200744
B2143014736755N11948391WA0075200744
B2143024736755N11948368WA0075300745
B2143034736755N11948345WA0075400745
B2143044736755N11948322WA0075400746
B2143054736755N11948299WA0075500746
B2143064736754N11948276WA0075600747
B2143074736754N11948253WA0075600747
B2143084736754N11948229WA0075700748
B2143094736754N11948206WA0075700748
B2143104736754N11948183WA0075800749
B2143114736754N11948159WA0075800749
B2143124736754N11948136WA0075900749
B2143134736754N11948112WA0075900749
B2143144736754N11948088WA0076000749
B2143154736755N11948065WA0076000750
B2143164736755N11948040WA0076100750
B2143174736755N11948016WA0076100750
B2143184736755N11947991WA0076100750
B2143194736755N11947967WA0076100750
B2143204736754N11947942WA0076200750
B2143214736754N11947917WA0076200750
B2143224736754N11947892WA0076200750
B2143234736754N11947867WA0076300750
B2143244736755N11947841WA0076300751
B2143254736755N11947816WA0076300751
B2143264736755N11947790WA0076300751
B2143274736755N11947764WA0076400751
B2143284736755N11947739WA0076400751
B2143294736755N11947713WA0076400752
B2143304736755N11947687WA0076500752
B2143314736755N11947661WA0076500753
B2143324736755N11947635WA0076500753
B2143334736755N11947609WA0076600753
B2143344736755N11947582WA0076600753
B2143354736755N11947556WA0076600754
B2143364736755N11947530WA0076700754
B2143374736755N11947504WA0076700755
B2143384736755N11947478WA0076800755
B2143394736755N11947452WA0076800756
B2143404736755N11947427WA0076900756
B2143414736755N11947402WA0076900757
B2143424736755N11947377WA0077000758
B2143434736755N11947353WA0077000759
B2143444736756N11947329WA0077100760
B2143454736756N11947305WA0077200761
B2143464736756N11947281WA0077300761
B2143474736756N11947257WA0077300762
B2143484736756N11947232WA0077400763
B2143494736756N11947209WA0077400763
B2143504736756N11947184WA0077500764
B2143514736756N11947160WA0077500764
B2143524736756N11947136WA0077600764
B2143534736756N11947111WA0077600764
B2143544736756N11947087WA0077700764
B2143554736756N11947062WA0077700764
B2143564736756N11947037WA0077800764
B2143574736756N11947011WA0077800764
B2143584736756N11946986WA0077800765
B2143594736756N11946960WA0077900765
B2144004736756N11946934WA0077900765
B2144014736756N11946909WA0077900765
B2144024736756N11946883WA0077900765
B2144034736756N11946857WA0077900765
B2144044736756N11946832WA0078000765
B2144054736756N11946807WA0078000765
B2144064736756N11946783WA0078000765
B2144074736756N11946758WA0078000765
B2144084736757N11946734WA0078000764
B2144094736757N11946711WA0078000764
B2144104736757N11946687WA0077900763
B2144114736757N11946663WA0077900762
B2144124736757N11946639WA0077900762
B2144134736757N11946615WA0077900761
B2144144736757N11946591WA0077800760
B2144154736757N11946567WA0077800760
B2144164736757N11946543WA0077700759
B2144174736757N11946519WA0077700758
B2144184736757N11946495WA0077600757
B2144194736757N11946470WA0077600756
B2144204736757N11946445WA0077500756
B2144214736757N11946420WA0077500755
B2144224736757N11946395WA0077400754
B2144234736758N11946370WA0077300754
B2144244736758N11946345WA0077300754
B2144254736758N11946320WA0077300754
B2144264736758N11946295WA0077200754
B2144274736758N11946270WA0077200754
B2144284736758N11946245WA0077200754
B2144294736758N11946221WA0077200755
B2144304736758N11946196WA0077200756
B2144314736758N11946171WA0077200756
B2144324736758N11946147WA0077200757
B2144334736758N11946123WA0077200758
B2144344736758N11946100WA0077200759
B2144354736758N11946076WA0077300759
B2144364736758N11946053WA0077300760
B2144374736758N11946030WA0077300761
B2144384736758N11946007WA0077400762
B2144394736758N11945984WA0077400762
B2144404736758N11945961WA0077500763
B2144414736757N11945938WA0077500764
B2144424736757N11945916WA0077600764
B2144434736757N11945893WA0077600765
B2144444736757N11945870WA0077600766
B2144454736757N11945847WA0077700766
B2144464736757N11945824WA0077700766
B2144474736757N11945801WA0077800767
B2144484736757N11945778WA0077800767
B2144494736757N11945755WA0077800768
B2144504736757N11945731WA0077900768
B2144514736757N11945708WA0077900769
B2144524736757N11945684WA0078000769
B2144534736757N11945660WA0078000769
B2144544736757N11945635WA0078000770
B2144554736757N11945611WA0078100770
B2144564736756N11945587WA0078100770
B2144574736756N11945564WA0078100770
B2144584736755N11945540WA0078100770
B2144594736754N11945516WA0078100770
B2145004736753N11945493WA0078100770
B2145014736751N11945469WA0078100770
B2145024736748N11945446WA0078200769
B2145034736744N11945422WA0078200769
B2145044736740N11945400WA0078200769
B2145054736736N11945377WA0078200769
B2145064736731N11945355WA0078200768
B2145074736726N11945333WA0078200768
B2145084736720N11945312WA0078200768
B2145094736714N11945291WA0078200767
B2145104736707N11945270WA0078100767
B2145114736700N11945249WA0078100766
B2145124736692N11945228WA0078100765
B2145134736683N11945208WA0078100764
B2145144736674N11945188WA0078000763
B2145154736664N11945168WA0078000763
B2145164736655N11945149WA0077900762
B2145174736646N11945130WA0077900761
B2145184736636N11945110WA0077800760
B2145194736627N11945091WA0077800759
B2145204736618N11945072WA0077700758
B2145214736609N11945053WA0077700758
B2145224736600N11945034WA0077600757
B2145234736591N11945015WA0077600756
B2145244736581N11944996WA0077500755
B2145254736572N11944977WA0077500754
B2145264736564N11944957WA0077400753
B2145274736555N11944938WA0077300752
B2145284736547N11944918WA0077200752
B2145294736539N11944898WA0077200751
B2145304736532N11944878WA0077100751
B2145314736524N11944857WA0077100750
B2145324736517N11944837WA0077000750
B2145334736510N11944816WA0077000749
B2145344736503N11944795WA0076900749
B2145354736496N11944774WA0076800749
B2145364736488N11944754WA0076800748
B2145374736481N11944733WA0076700748
B2145384736474N11944712WA0076600747
B2145394736467N11944692WA0076600747
B2145404736460N11944672WA0076500746
B2145414736453N11944651WA0076500746
B2145424736446N11944631WA0076400746
B2145434736439N11944611WA0076400745
B2145444736432N11944590WA0076300745
B2145454736425N11944570WA0076300744
B2145464736418N11944550WA0076200744
B2145474736411N11944530WA0076200743
B2145484736405N11944510WA0076100743
B2145494736398N11944490WA0076100742
B2145504736391N11944470WA0076000742
B2145514736384N11944450WA0076000741
B2145524736377N11944431WA0076000741
B2145534736371N11944411WA0075900741
B2145544736364N11944392WA0075900740
B2145554736357N11944373WA0075900740
B2145564736349N11944354WA0075800739
B2145574736342N11944335WA0075800739
B2145584736333N11944317WA0075700738
B2145594736325N11944299WA0075700738
B2146004736315N11944282WA0075600737
B2146014736305N11944265WA0075600736
B2146024736295N11944249WA0075600736
B2146034736284N11944233WA0075500735
B2146044736273N11944217WA0075500734
B2146054736261N11944203WA0075400732
B2146064736249N11944189WA0075400731
B2146074736237N11944176WA0075300730
B2146084736224N11944163WA0075200729
B2146094736211N11944151WA0075200727
B2146104736198N11944140WA0075100726
B2146114736185N11944130WA0075000725
B2146124736172N11944119WA0074900724
B2146134736159N11944108WA0074900723
B2146144736145N11944098WA0074700721
B2146154736132N11944087WA0074700720
B2146164736119N11944076WA0074600719
B2146174736106N11944066WA0074500718
B2146184736093N11944056WA0074400716
B2146194736080N11944045WA0074300715
B2146204736067N11944035WA0074200713
B2146214736054N11944024WA0074100712
B2146224736041N11944013WA0074000711
B2146234736028N11944003WA0073900710
B2146244736015N11943992WA0073800709
B2146254736003N11943982WA0073700708
B2146264735990N11943970WA0073600707
B2146274735978N11943958WA0073500706
B2146284735966N11943945WA0073400704
B2146294735955N11943930WA0073300703
B2146304735944N11943915WA0073200703
B2146314735933N11943900WA0073100701
B2146324735923N11943883WA0073000700
B2146334735913N11943866WA0072900699
B2146344735903N11943848WA0072700698
B2146354735893N11943830WA0072600696
B2146364735883N11943812WA0072500695
B2146374735873N11943794WA0072400694
B2146384735863N11943776WA0072300693
B2146394735853N11943758WA0072200692
B2146404735843N11943740WA0072100691
B2146414735833N11943722WA0072000689
B2146424735823N11943704WA0071900689
B2146434735813N11943685WA0071900687
B2146444735803N11943667WA0071800686
B2146454735793N11943649WA0071700685
B2146464735783N11943631WA0071600684
B2146474735773N11943613WA0071500682
B2146484735762N11943595WA0071400681
B2146494735752N11943577WA0071300680
B2146504735742N11943560WA0071200678
B2146514735731N11943544WA0071100677
B2146524735719N11943527WA0071000676
B2146534735707N11943512WA0070900675
B2146544735694N11943498WA0070800675
B2146554735681N11943485WA0070800674
B2146564735668N11943472WA0070700674
B2146574735655N11943459WA0070600673
B2146584735641N11943446WA0070500672
B2146594735628N11943434WA0070400671
B2147004735615N11943422WA0070300670
B2147014735601N11943409WA0070200670
B2147024735588N11943397WA0070100669
B2147034735575N11943385WA0070000668
B2147044735562N11943373WA0069900668
B2147054735549N11943361WA0069800667
B2147064735536N11943348WA0069700666
B2147074735524N11943335WA0069600666
B2147084735512N11943321WA0069500665
B2147094735501N11943305WA0069400665
B2147104735490N11943289WA0069300665
B2147114735480N11943272WA0069200664
B2147124735471N11943254WA0069100664
B2147134735461N11943236WA0069000663
B2147144735452N11943217WA0068900662
B2147154735445N11943197WA0068800661
B2147164735438N11943177WA0068700660
B2147174735432N11943156WA0068600659
B2147184735426N11943135WA0068500659
B2147194735421N11943113WA0068400657
B2147204735418N11943092WA0068300655
B2147214735414N11943070WA0068200654
B2147224735412N11943048WA0068100653
B2147234735410N11943026WA0068000652
B2147244735410N11943004WA0067900651
B2147254735410N11942982WA0067900650
B2147264735410N11942960WA0067700649
B2147274735411N11942938WA0067700648
B2147284735412N11942917WA0067500647
B2147294735412N11942895WA0067500646
B2147304735413N11942873WA0067300645
B2147314735413N11942851WA0067300645
B2147324735413N11942830WA0067100643
B2147334735413N11942808WA0067100642
B2147344735411N11942786WA0067000641
B2147354735409N11942764WA0066900641
B2147364735404N11942743WA0066800641
B2147374735399N11942723WA0066700640
B2147384735392N11942703WA0066600639
B2147394735384N11942684WA0066500639
B2147404735375N11942666WA0066400638
B2147414735364N11942650WA0066300637
B2147424735353N11942634WA0066200636
B2147434735341N11942619WA0066200636
B2147444735329N11942606WA0066100635
B2147454735315N11942593WA0066000634
B2147464735302N11942581WA0065900632
B2147474735289N11942570WA0065900631
B2147484735276N11942558WA0065800631
B2147494735263N11942546WA0065700630
B2147504735251N11942533WA0065600630
B2147514735239N11942519WA0065600629
B2147524735228N11942504WA0065400628
B2147534735217N11942488WA0065400628
B2147544735207N11942471WA0065300627
B2147554735199N11942453WA0065200627
B2147564735190N11942434WA0065100626
B2147574735183N11942414WA0065000624
B2147584735176N11942393WA0064900623
B2147594735171N11942371WA0064800622
B2148004735167N11942349WA0064700620
B2148014735164N11942326WA0064700619
B2148024735162N11942303WA0064600617
B2148034735161N11942279WA0064500616
B2148044735161N11942255WA0064400614
B2148054735161N11942231WA0064300612
B2148064735160N11942207WA0064100610
B2148074735160N11942183WA0064000608
B2148084735159N11942158WA0063900607
B2148094735158N11942134WA0063800605
B2148104735155N11942110WA0063600603
B2148114735152N11942085WA0063500602
B2148124735146N11942062WA0063300600
B2148134735140N11942039WA0063200599
B2148144735133N11942016WA0063000597
B2148154735126N11941993WA0062900596
B2148164735119N11941970WA0062700594
B2148174735113N11941947WA0062600592
B2148184735106N11941924WA0062400590
B2148194735099N11941900WA0062300588
B2148204735092N11941877WA0062100587
B2148214735085N11941853WA0062000585
B2148224735078N11941830WA0061800583
B2148234735071N11941806WA0061600581
B2148244735065N11941782WA0061400579
B2148254735060N11941757WA0061300577
B2148264735055N11941732WA0061100576
B2148274735052N11941707WA0061000574
B2148284735049N11941681WA0060700572
B2148294735048N11941655WA0060600569
B2148304735047N11941629WA0060400567
B2148314735048N11941603WA0060200565
B2148324735049N11941577WA0060000562
B2148334735051N11941550WA0059900560
B2148344735054N11941524WA0059600557
B2148354735058N11941499WA0059500555
B2148364735063N11941474WA0059300553
B2148374735069N11941449WA0059100551
B2148384735076N11941425WA0058900549
B2148394735084N11941402WA0058800548
B2148404735092N11941380WA0058500546
B2148414735100N11941359WA0058400545
B2148424735109N11941339WA0058200543
B2148434735119N11941321WA0058100542
B2148444735130N11941303WA0057900541
B2148454735141N11941286WA0057800540
B2148464735153N11941270WA0057600539
B2148474735165N11941253WA0057600538
B2148484735178N11941237WA0057400538
B2148494735190N11941220WA0057400538
B2148504735203N11941203WA0057300537
B2148514735216N11941186WA0057200537
B2148524735229N11941168WA0057100536
B2148534735243N11941149WA0057100536
B2148544735256N11941131WA0057000535
B2148554735270N11941112WA0057000535
B2148564735284N11941093WA0056900534
B2148574735299N11941074WA0056900534
B2148584735314N11941054WA0056900533
B2148594735328N11941035WA0056800533
B2149004735344N11941015WA0056800532
B2149014735359N11940995WA0056700531
B2149024735375N11940974WA0056700531
B2149034735390N11940953WA0056600530
B2149044735406N11940932WA0056600528
B2149054735422N11940912WA0056500527
B2149064735438N11940891WA0056400526
B2149074735454N11940870WA0056400525
B2149084735470N11940849WA0056300523
B2149094735485N11940828WA0056200522
B2149104735501N11940808WA0056100520
B2149114735517N11940787WA0056000518
B2149124735532N11940766WA0055800517
B2149134735548N11940746WA0055700515
B2149144735563N11940725WA0055600513
B2149154735579N11940705WA0055400511
B2149164735594N11940684WA0055300510
B2149174735610N11940663WA0055100508
B2149184735626N11940642WA0055000506
B2149194735643N11940620WA0054900504
B2149204735659N11940599WA0054700503
B2149214735675N11940577WA0054600502
B2149224735692N11940555WA0054400502
B2149234735708N11940534WA0054400502
B2149244735724N11940512WA0054200502
B2149254735741N11940490WA0054200502
B2149264735757N11940469WA0054100503
B2149274735774N11940447WA0054100503
B2149284735790N11940426WA0054000503
B2149294735806N11940405WA0054000504
B2149304735823N11940383WA0053900504
B2149314735839N11940362WA0053900504
B2149324735855N11940340WA0053900505
B2149334735871N11940319WA0053900505
B2149344735887N11940297WA0053900506
B2149354735904N11940276WA0053900506
B2149364735920N11940256WA0053900506
B2149374735937N11940236WA0054000507
B2149384735954N11940216WA0054000508
B2149394735972N11940198WA0054000508
B2149404735989N11940180WA0054000510
B2149414736007N11940163WA0054000511
B2149424736025N11940147WA0054100513
B2149434736043N11940131WA0054200515
B2149444736061N11940116WA0054300518
B2149454736079N11940102WA0054400520
B2149464736097N11940089WA0054500523
B2149474736114N11940076WA0054600525
B2149484736132N11940063WA0054800528
B2149494736149N11940050WA0054900531
B2149504736166N11940038WA0055100533
B2149514736183N11940026WA0055200536
B2149524736200N11940014WA0055400539
B2149534736216N11940002WA0055500541
B2149544736232N11939990WA0055800544
B2149554736248N11939978WA0055900546
B2149564736264N11939966WA0056100549
B2149574736280N11939955WA0056200551
B2149584736295N11939943WA0056500553
B2149594736310N11939932WA0056600556
B2150004736325N11939920WA0056800558
B2150014736339N11939907WA0057000560
B2150024736352N11939893WA0057200562
B2150034736364N11939877WA0057400564
B2150044736375N11939860WA0057600566
B2150054736385N11939843WA0057700568
B2150064736393N11939824WA0057900570
B2150074736401N11939804WA0058100572
B2150084736407N11939784WA0058300574
B2150094736412N11939763WA0058500575
B2150104736416N11939741WA0058700577
B2150114736419N11939719WA0058800580
B2150124736420N11939696WA0059000582
B2150134736420N11939674WA0059200584
B2150144736420N11939651WA0059400586
B2150154736419N11939629WA0059600588
B2150164736418N11939606WA0059800590
B2150174736418N11939583WA0059900591
B2150184736417N11939561WA0060200593
B2150194736417N11939538WA0060300595
B2150204736416N11939515WA0060600596
B2150214736416N11939492WA0060700598
B2150224736416N11939469WA0061000600
B2150234736416N11939446WA0061100601
B2150244736415N11939423WA0061300603
B2150254736415N11939399WA0061500604
B2150264736414N11939375WA0061700605
B2150274736414N11939351WA0061800607
B2150284736413N11939327WA0062000608
B2150294736413N11939303WA0062100609
B2150304736412N11939278WA0062300610
B2150314736412N11939253WA0062400611
B2150324736411N11939227WA0062600611
B2150334736411N11939202WA0062700612
B2150344736410N11939175WA0062800612
B2150354736410N11939149WA0062900613
B2150364736409N11939123WA0063000614
B2150374736409N11939097WA0063100614
B2150384736408N11939070WA0063300615
B2150394736408N11939043WA0063300616
B2150404736407N11939017WA0063400617
B2150414736407N11938990WA0063500617
B2150424736406N11938963WA0063600618
B2150434736406N11938936WA0063700620
B2150444736405N11938909WA0063800621
B2150454736405N11938882WA0063900622
B2150464736404N11938855WA0064000623
B2150474736404N11938828WA0064100625
B2150484736403N11938801WA0064200626
B2150494736402N11938774WA0064300628
B2150504736401N11938747WA0064500629
B2150514736400N11938720WA0064500630
B2150524736398N11938693WA0064700630
B2150534736396N11938666WA0064800631
B2150544736394N11938641WA0064900632
B2150554736392N11938615WA0064900632
B2150564736390N11938590WA0065000633
B2150574736387N11938565WA0065100633
B2150584736383N11938541WA0065200634
B2150594736380N11938517WA0065200635
B2151004736376N11938492WA0065300635
B2151014736372N11938468WA0065300636
B2151024736367N11938443WA0065400637
B2151034736362N11938419WA0065400637
B2151044736357N11938395WA0065500638
B2151054736352N11938371WA0065500638
B2151064736347N11938347WA0065600639
B2151074736342N11938322WA0065600639
B2151084736336N11938298WA0065700640
B2151094736331N11938274WA0065800640
B2151104736326N11938250WA0065800641
B2151114736321N11938226WA0065900641
B2151124736315N11938202WA0065900642
B2151134736310N11938178WA0066000643
B2151144736305N11938154WA0066100644
B2151154736300N11938130WA0066100645
B2151164736295N11938106WA0066200645
B2151174736290N11938082WA0066200646
B2151184736285N11938058WA0066300647
B2151194736279N11938034WA0066300647
B2151204736274N11938010WA0066400648
B2151214736269N11937987WA0066500649
B2151224736264N11937963WA0066600649
B2151234736259N11937939WA0066600650
B2151244736254N11937915WA0066700650
B2151254736249N11937891WA0066800651
B2151264736244N11937867WA0066900652
B2151274736239N11937843WA0066900652
B2151284736234N11937819WA0067000653
B2151294736229N11937795WA0067000654
B2151304736223N11937771WA0067100655
B2151314736218N11937747WA0067200655
B2151324736213N11937723WA0067200656
B2151334736208N11937699WA0067300657
B2151344736203N11937675WA0067400658
B2151354736198N11937651WA0067400658
B2151364736192N11937627WA0067500659
B2151374736187N11937603WA0067600660
B2151384736182N11937579WA0067600661
B2151394736177N11937555WA0067700662
B2151404736172N11937531WA0067800662
B2151414736167N11937506WA0067800663
B2151424736162N11937482WA0067900664
B2151434736157N11937458WA0068000665
B2151444736151N11937434WA0068100666
B2151454736146N11937410WA0068100666
B2151464736141N11937386WA0068200667
B2151474736136N11937361WA0068300668
B2151484736131N11937337WA0068300669
B2151494736125N11937313WA0068400669
B2151504736120N11937289WA0068500670
B2151514736115N11937265WA0068500671
B2151524736110N11937240WA0068600672
B2151534736105N11937216WA0068600672
B2151544736099N11937192WA0068700673
B2151554736094N11937167WA0068800674
B2151564736089N11937143WA0068900675
B2151574736084N11937119WA0068900676
B2151584736079N11937096WA0069000677
B2151594736074N11937073WA0069100678
B2152004736069N11937050WA0069200679
B2152014736064N11937027WA0069200680
B2152024736059N11937005WA0069300681
B2152034736055N11936982WA0069400682
B2152044736050N11936960WA0069500684
B2152054736045N11936938WA0069500685
B2152064736040N11936916WA0069600686
B2152074736036N11936894WA0069700687
B2152084736031N11936872WA0069800688
B2152094736026N11936851WA0069900690
B2152104736022N11936829WA0070000691
B2152114736017N11936807WA0070100692
B2152124736013N11936786WA0070200693
B2152134736008N11936765WA0070300694
B2152144736004N11936744WA0070400695
B2152154735999N11936722WA0070500696
B2152164735995N11936701WA0070600698
B2152174735991N11936680WA0070700699
B2152184735987N11936659WA0070800700
B2152194735984N11936638WA0070900701
B2152204735980N11936617WA0071000702
B2152214735977N11936596WA0071100703
B2152224735974N11936575WA0071200704
B2152234735972N11936555WA0071300706
B2152244735970N11936534WA0071400707
B2152254735967N11936512WA0071500708
B2152264735965N11936490WA0071600709
B2152274735963N11936468WA0071700710
B2152284735962N11936444WA0071800711
B2152294735961N11936421WA0071900712
B2152304735959N11936396WA0072000713
B2152314735959N11936372WA0072100714
B2152324735958N11936347WA0072300714
B2152334735958N11936322WA0072300715
B2152344735958N11936298WA0072500716
B2152354735957N11936273WA0072500717
B2152364735957N11936249WA0072600717
B2152374735958N11936225WA0072700717
B2152384735958N11936201WA0072800718
B2152394735958N11936178WA0072800718
B2152404735958N11936154WA0072900719
B2152414735958N11936131WA0073000719
B2152424735958N11936107WA0073000719
B2152434735958N11936084WA0073100719
B2152444735958N11936061WA0073100720
B2152454735958N11936038WA0073100720
B2152464735958N11936015WA0073200720
B2152474735958N11935993WA0073200721
B2152484735958N11935970WA0073200721
B2152494735958N11935948WA0073300721
B2152504735958N11935925WA0073300721
B2152514735958N11935903WA0073300722
B2152524735958N11935880WA0073400722
B2152534735958N11935857WA0073400722
B2152544735958N11935834WA0073400723
B2152554735958N11935811WA0073400723
B2152564735958N11935788WA0073500724
B2152574735958N11935766WA0073500725
B2152584735958N11935743WA0073600726
B2152594735958N11935720WA0073600727
B2153004735958N11935697WA0073700728
B2153014735958N11935674WA0073800729
B2153024735959N11935652WA0073800730
B2153034735959N11935629WA0073900731
B2153044735959N11935606WA0074000732
B2153054735959N11935583WA0074000733
B2153064735959N11935561WA0074100734
B2153074735959N11935538WA0074200735
B2153084735959N11935515WA0074300735
B2153094735959N11935492WA0074300736
B2153104735959N11935469WA0074400737
B2153114735959N11935446WA0074500738
B2153124735959N11935423WA0074600739
B2153134735959N11935400WA0074600740
B2153144735959N11935377WA0074700740
B2153154735959N11935354WA0074700741
B2153164735959N11935331WA0074800741
B2153174735959N11935307WA0074900742
B2153184735959N11935284WA0074900742
B2153194735959N11935260WA0075000742
B2153204735959N11935236WA0075000743
B2153214735959N11935212WA0075100743
B2153224735959N11935188WA0075100743
B2153234735959N11935164WA0075200744
B2153244735959N11935139WA0075200744
B2153254735960N11935115WA0075300744
B2153264735960N11935090WA0075300745
B2153274735960N11935065WA0075400745
B2153284735960N11935041WA0075400745
B2153294735960N11935016WA0075500746
B2153304735960N11934991WA0075500746
B2153314735960N11934966WA0075600746
B2153324735960N11934941WA0075600746
B2153334735960N11934915WA0075700747
B2153344735960N11934890WA0075700747
B2153354735960N11934865WA0075700748
B2153364735960N11934840WA0075800749
B2153374735960N11934815WA0075800750
B2153384735960N11934790WA0075900750
B2153394735960N11934765WA0075900751
B2153404735961N11934740WA0076000752
B2153414735961N11934715WA0076100754
B2153424735961N11934690WA0076200755
B2153434735961N11934665WA0076200756
B2153444735961N11934640WA0076300757
B2153454735961N11934616WA0076400758
B2153464735961N11934591WA0076500759
B2153474735961N11934567WA0076500760
B2153484735961N11934542WA0076600761
B2153494735961N11934518WA0076700762
B2153504735961N11934494WA0076800763
B2153514735961N11934470WA0076900764
B2153524735961N11934446WA0077000765
B2153534735961N11934422WA0077100766
B2153544735961N11934398WA0077200767
B2153554735962N11934374WA0077200768
B2153564735962N11934350WA0077300769
B2153574735962N11934326WA0077400769
B2153584735962N11934302WA0077500770
B2153594735962N11934278WA0077600771
B2154004735962N11934254WA0077600771
B2154014735962N11934229WA0077700771
B2154024735962N11934205WA0077800772
B2154034735962N11934181WA0077800772
B2154044735962N11934156WA0077900772
B2154054735962N11934132WA0077900772
B2154064735962N11934108WA0077900772
B2154074735962N11934084WA0078000771
B2154084735962N11934059WA0078000771
B2154094735962N11934035WA0078000770
B2154104735962N11934010WA0078000770
B2154114735962N11933985WA0078000769
B2154124735962N11933960WA0078000768
B2154134735962N11933935WA0078000767
B2154144735963N11933910WA0078000767
B2154154735963N11933885WA0078000766
B2154164735963N11933859WA0078000766
B2154174735963N11933834WA0078000767
B2154184735962N11933808WA0078000767
B2154194735962N11933783WA0078000768
B2154204735962N11933758WA0078000768
B2154214735962N11933732WA0078000768
B2154224735962N11933707WA0078000769
B2154234735962N11933682WA0078000769
B2154244735962N11933656WA0078100770
B2154254735962N11933630WA0078100770
B2154264735962N11933605WA0078100770
B2154274735962N11933579WA0078100770
B2154284735963N11933553WA0078100770
B2154294735963N11933528WA0078200771
B2154304735963N11933502WA0078200771
B2154314735963N11933477WA0078200771
B2154324735964N11933452WA0078200770
B2154334735964N11933426WA0078200770
B2154344735965N11933401WA0078200770
B2154354735965N11933376WA0078100769
B2154364735965N11933351WA0078100768
B2154374735965N11933325WA0078100767
B2154384735966N11933300WA0078100767
B2154394735966N11933274WA0078000766
B2154404735967N11933247WA0078000765
B2154414735967N11933221WA0078000764
B2154424735967N11933194WA0077900763
B2154434735968N11933168WA0077900762
B2154444735968N11933141WA0077900761
B2154454735968N11933114WA0077800760
B2154464735969N11933087WA0077800759
B2154474735969N11933061WA0077700759
B2154484735970N11933034WA0077700759
B2154494735970N11933008WA0077700758
B2154504735970N11932981WA0077600758
B2154514735970N11932955WA0077600758
B2154524735971N11932929WA0077600758
B2154534735971N11932904WA0077600758
B2154544735971N11932878WA0077500758
B2154554735972N11932853WA0077500758
B2154564735972N11932828WA0077500757
B2154574735972N11932803WA0077400757
B2154584735973N11932779WA0077400757
B2154594735973N11932755WA0077400757
B2155004735973N11932730WA0077300757
B2155014735974N11932706WA0077300756
B2155024735974N11932681WA0077300756
B2155034735974N11932657WA0077300756
B2155044735974N11932633WA0077300756
B2155054735974N11932609WA0077200756
B2155064735975N11932586WA0077200757
B2155074735975N11932563WA0077200757
B2155084735975N11932540WA0077200758
B2155094735976N11932517WA0077200759
B2155104735976N11932495WA0077300760
B2155114735976N11932472WA0077300761
B2155124735976N11932450WA0077300762
B2155134735977N11932428WA0077400763
B2155144735977N11932405WA0077400763
B2155154735977N11932383WA0077400764
B2155164735977N11932361WA0077500765
B2155174735977N11932339WA0077500765
B2155184735977N11932317WA0077600766
B2155194735978N11932294WA0077600766
B2155204735978N11932272WA0077700767
B2155214735978N11932249WA0077700767
B2155224735978N11932227WA0077800767
B2155234735978N11932204WA0077800768
B2155244735978N11932181WA0077800768
B2155254735978N11932157WA0077900768
B2155264735978N11932134WA0077900768
B2155274735979N11932110WA0077900767
B2155284735979N11932087WA0078000767
B2155294735979N11932063WA0078000767
B2155304735979N11932040WA0078000767
B2155314735979N11932016WA0078000766
B2155324735978N11931992WA0078000766
B2155334735978N11931968WA0078000766
B2155344735978N11931944WA0078000766
B2155354735978N11931920WA0078000766
B2155364735978N11931895WA0078000766
B2155374735978N11931871WA0078000766
B2155384735978N11931848WA0078000766
B2155394735978N11931823WA0078000766
B2155404735978N11931799WA0078000766
B2155414735978N11931775WA0078000766
B2155424735978N11931751WA0078000766
B2155434735978N11931727WA0078000767
B2155444735978N11931703WA0078000767
B2155454735978N11931679WA0078000767
B2155464735978N11931655WA0077900767
B2155474735978N11931631WA0077900767
B2155484735978N11931607WA0077900767
B2155494735978N11931584WA0077900767
B2155504735978N11931560WA0077900766
B2155514735978N11931537WA0077900766
B2155524735978N11931513WA0077900765
B2155534735978N11931489WA0077900765
B2155544735978N11931466WA0077800764
B2155554735978N11931442WA0077800763
B2155564735978N11931418WA0077700762
B2155574735978N11931394WA0077700761
B2155584735978N11931370WA0077600761
B2155594735978N11931346WA0077600759
B2156004735978N11931322WA0077500759
B2156014735978N11931298WA0077500758
B2156024735978N11931274WA0077400757
B2156034735978N11931250WA0077300756
B2156044735978N11931227WA0077300755
B2156054735978N11931203WA0077200754
B2156064735978N11931179WA0077100753
B2156074735979N11931156WA0077000752
B2156084735980N11931132WA0077000752
B2156094735983N11931108WA0076900751
B2156104735986N11931084WA0076800751
B2156114735990N11931061WA0076800750
B2156124735994N11931038WA0076700750
B2156134735999N11931016WA0076700749
B2156144736005N11930994WA0076600748
B2156154736012N11930972WA0076600747
B2156164736020N11930951WA0076500747
B2156174736028N11930930WA0076500746
B2156184736037N11930911WA0076400746
B2156194736047N11930892WA0076400746
B2156204736057N11930873WA0076300745
B2156214736068N11930856WA0076300745
B2156224736080N11930839WA0076200744
B2156234736093N11930823WA0076200744
B2156244736105N11930807WA0076100743
B2156254736118N11930791WA0076100743
B2156264736131N11930776WA0076000742
B2156274736144N11930761WA0076000742
B2156284736157N11930746WA0075900742
B2156294736170N11930731WA0075900741
B2156304736183N11930716WA0075800741
B2156314736196N11930701WA0075800741
B2156324736208N11930686WA0075800740
B2156334736221N11930671WA0075700740
B2156344736234N11930656WA0075700740
B2156354736246N11930641WA0075600739
B2156364736258N11930625WA0075600739
B2156374736270N11930609WA0075600739
B2156384736281N11930591WA0075500738
B2156394736293N11930573WA0075500738
B2156404736303N11930554WA0075400737
B2156414736314N11930535WA0075400737
B2156424736324N11930514WA0075300736
B2156434736333N11930493WA0075300736
B2156444736342N11930471WA0075300736
B2156454736351N11930449WA0075200736
B2156464736359N11930426WA0075200736
B2156474736367N11930402WA0075200736
B2156484736374N11930378WA0075100736
B2156494736380N11930354WA0075100736
B2156504736385N11930330WA0075100735
B2156514736390N11930305WA0075100735
B2156524736395N11930281WA0075000735
B2156534736398N11930256WA0075000735
B2156544736401N11930232WA0075000734
B2156554736404N11930207WA0074900734
B2156564736406N11930183WA0074900733
B2156574736407N11930158WA0074900733
B2156584736408N11930134WA0074900733
B2156594736408N11930110WA0074800733
B2157004736408N11930086WA0074800732
B2157014736408N11930062WA0074800732
B2157024736408N11930038WA0074800732
B2157034736408N11930014WA0074800731
B2157044736408N11929990WA0074700731
B2157054736408N11929966WA0074700730
B2157064736407N11929942WA0074700730
B2157074736407N11929918WA0074600729
B2157084736407N11929893WA0074600729
B2157094736407N11929870WA0074600728
B2157104736407N11929845WA0074500728
B2157114736407N11929821WA0074500727
B2157124736406N11929797WA0074400727
B2157134736406N11929774WA0074400726
B2157144736406N11929750WA0074300726
B2157154736406N11929727WA0074300726
B2157164736406N11929703WA0074200725
B2157174736407N11929680WA0074200725
B2157184736408N11929657WA0074100725
B2157194736410N11929635WA0074100725
B2157204736413N11929612WA0074100725
B2157214736417N11929589WA0074100725
B2157224736422N11929567WA0074000724
B2157234736428N11929545WA0074000724
B2157244736435N11929523WA0074000724
B2157254736443N11929502WA0074000724
B2157264736451N11929482WA0074000724
B2157274736460N11929461WA0074000723
B2157284736469N11929441WA0074000723
B2157294736478N11929421WA0073900723
B2157304736487N11929400WA0073900723
B2157314736496N11929380WA0073900723
B2157324736505N11929359WA0073900723
B2157334736515N11929339WA0073900723
B2157344736524N11929318WA0073900723
B2157354736534N11929297WA0073900723
B2157364736543N11929276WA0073900723
B2157374736553N11929255WA0073900723
B2157384736562N11929234WA0073900724
B2157394736571N11929213WA0073900724
B2157404736581N11929192WA0073900725
B2157414736590N11929171WA0074000725
B2157424736600N11929149WA0074000726
B2157434736609N11929128WA0074000726
B2157444736619N11929107WA0074000727
B2157454736628N11929086WA0074100727
B2157464736637N11929065WA0074100728
B2157474736647N11929044WA0074100728
B2157484736656N11929023WA0074200728
B2157494736666N11929002WA0074200728
B2157504736675N11928981WA0074200728
B2157514736685N11928961WA0074200728
B2157524736694N11928941WA0074200729
B2157534736703N11928920WA0074200729
B2157544736712N11928901WA0074200728
B2157554736720N11928881WA0074200728
B2157564736729N11928861WA0074200728
B2157574736738N11928842WA0074200728
B2157584736747N11928823WA0074200728
B2157594736756N11928803WA0074200727
B2158004736764N11928784WA0074200727
B2158014736773N11928764WA0074200727
B2158024736782N11928744WA0074200727
B2158034736791N11928725WA0074200727
B2158044736800N11928705WA0074200727
B2158054736808N11928686WA0074100727
B2158064736817N11928667WA0074100727
B2158074736825N11928648WA0074100727
B2158084736833N11928629WA0074100727
B2158094736842N11928610WA0074100727
B2158104736850N11928592WA0074100727
B2158114736859N11928573WA0074100727
B2158124736868N11928554WA0074000727
B2158134736876N11928535WA0074000726
B2158144736885N11928515WA0074000727
B2158154736893N11928496WA0074000726
B2158164736902N11928477WA0074000727
B2158174736911N11928458WA0074000727
B2158184736919N11928439WA0074000727
B2158194736928N11928420WA0074000727
B2158204736937N11928400WA0074000727
B2158214736945N11928381WA0073900726
B2158224736954N11928361WA0073900726
B2158234736963N11928342WA0073900726
B2158244736972N11928322WA0073900726
B2158254736981N11928303WA0073900726
B2158264736989N11928284WA0073900726
B2158274736998N11928264WA0073900725
B2158284737007N11928245WA0073800725
B2158294737016N11928225WA0073800725
B2158304737024N11928205WA0073800725
B2158314737033N11928185WA0073800725
B2158324737042N11928165WA0073800725
B2158334737051N11928145WA0073800725
B2158344737060N11928125WA0073800725
B2158354737070N11928104WA0073800725
B2158364737079N11928084WA0073800725
B2158374737088N11928063WA0073800725
B2158384737097N11928042WA0073800725
B2158394737106N11928022WA0073800724
B2158404737116N11928001WA0073800724
B2158414737125N11927981WA0073800724
B2158424737134N11927960WA0073800724
B2158434737143N11927939WA0073800724
B2158444737152N11927918WA0073800724
B2158454737160N11927896WA0073800724
B2158464737167N11927874WA0073800724
B2158474737173N11927850WA0073800724
B2158484737179N11927826WA0073800724
B2158494737183N11927802WA0073800725
B2158504737186N11927776WA0073800724
B2158514737188N11927751WA0073800724
B2158524737189N11927725WA0073800724
B2158534737190N11927699WA0073800724
B2158544737190N11927673WA0073800724
B2158554737190N11927647WA0073800724
B2158564737189N11927621WA0073900724
B2158574737189N11927594WA0073900724
B2158584737189N11927568WA0073900724
B2158594737189N11927542WA0073900723
B2159004737189N11927515WA0073900723
B2159014737189N11927489WA0073900723
B2159024737189N11927462WA0073900723
B2159034737189N11927436WA0073900723
B2159044737189N11927410WA0073900724
B2159054737189N11927384WA0074000724
B2159064737189N11927358WA0074000724
B2159074737189N11927331WA0074000725
B2159084737189N11927305WA0074100725
B2159094737189N11927279WA0074100725
B2159104737189N11927253WA0074100725
B2159114737189N11927227WA0074100725
B2159124737189N11927200WA0074100725
B2159134737189N11927174WA0074200726
B2159144737189N11927148WA0074200726
B2159154737189N11927122WA0074200726
B2159164737189N11927095WA0074200726
B2159174737189N11927069WA0074200727
B2159184737189N11927043WA0074300727
B2159194737189N11927017WA0074300727
B2159204737189N11926991WA0074300727
B2159214737189N11926966WA0074300727
B2159224737189N11926940WA0074300728
B2159234737189N11926914WA0074400728
B2159244737189N11926888WA0074400728
B2159254737189N11926863WA0074400728
B2159264737189N11926837WA0074400728
B2159274737189N11926812WA0074400728
B2159284737189N11926786WA0074400728
B2159294737189N11926760WA0074500728
B2159304737188N11926735WA0074500728
B2159314737188N11926710WA0074500728
B2159324737189N11926685WA0074500729
B2159334737189N11926660WA0074500729
B2159344737189N11926635WA0074500729
B2159354737189N11926611WA0074500729
B2159364737189N11926586WA0074500728
B2159374737189N11926562WA0074500729
B2159384737188N11926538WA0074500729
B2159394737188N11926514WA0074500729
B2159404737188N11926490WA0074500729
B2159414737188N11926466WA0074500729
B2159424737188N11926443WA0074600729
B2159434737188N11926419WA0074600729
B2159444737188N11926395WA0074600729
B2159454737188N11926372WA0074600729
B2159464737188N11926348WA0074600729
B2159474737188N11926324WA0074600729
B2159484737188N11926300WA0074600729
B2159494737188N11926276WA0074600729
B2159504737188N11926252WA0074600729
B2159514737188N11926228WA0074600729
B2159524737188N11926204WA0074600729
B2159534737188N11926180WA0074600729
B2159544737188N11926156WA0074600729
B2159554737188N11926131WA0074600729
B2159564737188N11926107WA0074600729
B2159574737187N11926082WA0074600729
B2159584737188N11926057WA0074600729
B2159594737188N11926033WA0074600730
B2200004737188N11926008WA0074600730
B2200014737188N11925983WA0074600730
B2200024737188N11925958WA0074600730
B2200034737188N11925933WA0074700730
B2200044737188N11925908WA0074700731
B2200054737188N11925883WA0074700731
B2200064737188N11925858WA0074800731
B2200074737187N11925833WA0074800731
B2200084737187N11925808WA0074800731
B2200094737187N11925783WA0074800732
B2200104737187N11925758WA0074900732
B2200114737187N11925733WA0074900732
B2200124737187N11925708WA0075000732
B2200134737187N11925683WA0075000732
B2200144737187N11925657WA0075000732
B2200154737187N11925632WA0075000733
B2200164737187N11925607WA0075100733
B2200174737187N11925582WA0075100733
B2200184737187N11925557WA0075100734
B2200194737187N11925531WA0075100734
B2200204737187N11925506WA0075100734
B2200214737187N11925481WA0075200735
B2200224737187N11925455WA0075200735
B2200234737187N11925430WA0075200735
B2200244737187N11925405WA0075200735
B2200254737187N11925380WA0075300735
B2200264737187N11925355WA0075300736
B2200274737187N11925330WA0075300736
B2200284737187N11925305WA0075300736
B2200294737187N11925281WA0075300736
B2200304737187N11925257WA0075400736
B2200314737187N11925233WA0075400737
B2200324737187N11925209WA0075400737
B2200334737187N11925185WA0075400737
B2200344737186N11925161WA0075400737
B2200354737186N11925138WA0075500738
B2200364737187N11925114WA0075500738
B2200374737187N11925091WA0075500738
B2200384737187N11925068WA0075500738
B2200394737187N11925045WA0075500738
B2200404737187N11925022WA0075500737
B2200414737187N11924999WA0075500737
B2200424737187N11924977WA0075500737
B2200434737187N11924954WA0075500737
B2200444737187N11924932WA0075500736
B2200454737187N11924909WA0075500735
B2200464737187N11924887WA0075500735
B2200474737187N11924865WA0075400734
B2200484737187N11924842WA0075400733
B2200494737188N11924820WA0075400732
B2200504737189N11924798WA0075300731
B2200514737190N11924776WA0075300730
B2200524737192N11924753WA0075200729
B2200534737194N11924731WA0075100728
B2200544737196N11924708WA0075000727
B2200554737199N11924685WA0075000725
B2200564737201N11924661WA0074900724
B2200574737204N11924638WA0074800722
B2200584737207N11924614WA0074700720
B2200594737210N11924590WA0074600719
B2201004737213N11924566WA0074500717
B2201014737216N11924541WA0074400716
B2201024737219N11924517WA0074300714
B2201034737222N11924493WA0074200713
B2201044737225N11924468WA0074000711
B2201054737228N11924443WA0073900709
B2201064737231N11924419WA0073800708
B2201074737234N11924394WA0073700706
B2201084737237N11924369WA0073500705
B2201094737240N11924344WA0073400703
B2201104737243N11924319WA0073200702
B2201114737247N11924294WA0073100700
B2201124737250N11924268WA0073000698
B2201134737253N11924243WA0072900697
B2201144737256N11924218WA0072700695
B2201154737259N11924192WA0072600693
B2201164737262N11924167WA0072400692
B2201174737265N11924142WA0072300690
B2201184737268N11924116WA0072100688
B2201194737272N11924091WA0072000686
B2201204737275N11924066WA0071800685
B2201214737278N11924041WA0071700683
B2201224737281N11924016WA0071500682
B2201234737284N11923991WA0071400680
B2201244737287N11923966WA0071200678
B2201254737290N11923941WA0071100676
B2201264737293N11923916WA0070900675
B2201274737296N11923891WA0070800673
B2201284737299N11923865WA0070600672
B2201294737302N11923840WA0070400670
B2201304737305N11923815WA0070200669
B2201314737308N11923790WA0070100667
B2201324737311N11923765WA0069900665
B2201334737315N11923740WA0069800664
B2201344737318N11923715WA0069600662
B2201354737321N11923690WA0069500661
B2201364737324N11923665WA0069300659
B2201374737327N11923640WA0069200658
B2201384737330N11923615WA0069100657
B2201394737333N11923590WA0068900656
B2201404737336N11923565WA0068800655
B2201414737339N11923541WA0068700654
B2201424737341N11923516WA0068500652
B2201434737344N11923492WA0068500651
B2201444737347N11923468WA0068300650
B2201454737350N11923444WA0068200649
B2201464737353N11923421WA0068100648
B2201474737356N11923397WA0068000647
B2201484737359N11923373WA0067900646
B2201494737362N11923350WA0067800645
B2201504737365N11923326WA0067700644
B2201514737368N11923303WA0067600643
B2201524737370N11923279WA0067500642
B2201534737373N11923256WA0067400641
B2201544737376N11923233WA0067300641
B2201554737379N11923210WA0067300640
B2201564737382N11923186WA0067100639
B2201574737385N11923163WA0067100637
B2201584737388N11923140WA0067000636
B2201594737391N11923116WA0066900634
B2202004737394N11923093WA0066700633
B2202014737396N11923069WA0066700631
B2202024737399N11923045WA0066500630
B2202034737402N11923022WA0066400628
B2202044737405N11922998WA0066300627
B2202054737408N11922975WA0066200625
B2202064737410N11922951WA0066000623
B2202074737413N11922927WA0065900622
B2202084737414N11922903WA0065700621
B2202094737415N11922879WA0065600619
B2202104737415N11922855WA0065500618
B2202114737414N11922830WA0065400617
B2202124737413N11922805WA0065200615
B2202134737410N11922781WA0065100614
B2202144737408N11922757WA0065000613
B2202154737404N11922733WA0064900612
B2202164737400N11922710WA0064700611
B2202174737395N11922686WA0064600609
B2202184737389N11922664WA0064500608
B2202194737383N11922642WA0064400607
B2202204737377N11922620WA0064200605
B2202214737369N11922599WA0064100605
B2202224737361N11922578WA0064000604
B2202234737353N11922557WA0063900603
B2202244737345N11922537WA0063700602
B2202254737336N11922517WA0063600601
B2202264737328N11922497WA0063500599
B2202274737319N11922477WA0063400598
B2202284737311N11922456WA0063300597
B2202294737303N11922436WA0063200596
B2202304737294N11922416WA0063100595
B2202314737286N11922396WA0063000594
B2202324737278N11922375WA0062800593
B2202334737269N11922355WA0062700592
B2202344737261N11922335WA0062600591
B2202354737253N11922315WA0062500590
B2202364737245N11922294WA0062400589
B2202374737237N11922274WA0062300589
B2202384737229N11922254WA0062200588
B2202394737221N11922234WA0062200588
B2202404737214N11922214WA0062100588
B2202414737207N11922194WA0062000588
B2202424737201N11922173WA0061900588
B2202434737195N11922153WA0061900588
B2202444737190N11922133WA0061800587
B2202454737186N11922112WA0061700587
B2202464737181N11922092WA0061600586
B2202474737177N11922071WA0061600586
B2202484737174N11922050WA0061500585
B2202494737171N11922029WA0061500584
B2202504737169N11922008WA0061400583
B2202514737167N11921987WA0061300582
B2202524737165N11921968WA0061200581
B2202534737164N11921951WA0061100580
B2202544737163N11921937WA0060900578
B2202554737162N11921924WA0060800578
B2202564737162N11921914WA0060700577
B2202574737162N11921905WA0060600576
B2202584737162N11921897WA0060400576
B2202594737163N11921891WA0060300575
B2203004737166N11921886WA0060200575
B2203014737170N11921884WA0060100575
B2203024737175N11921883WA0060000575
B2203034737181N11921883WA0059900575
B2203044737188N11921883WA0059800575
B2203054737195N11921882WA0059800576
B2203064737203N11921882WA0059800576
B2203074737212N11921881WA0059700576
B2203084737223N11921880WA0059700576
B2203094737233N11921877WA0059700576
B2203104737245N11921873WA0059700576
B2203114737257N11921868WA0059700577
B2203124737269N11921860WA0059700578
B2203134737282N11921851WA0059800578
B2203144737294N11921840WA0059800578
B2203154737306N11921827WA0059800579
B2203164737318N11921813WA0059900580
B2203174737331N11921798WA0059900580
B2203184737343N11921783WA0060000580
B2203194737356N11921767WA0060000581
B2203204737369N11921751WA0060100581
B2203214737383N11921734WA0060100581
B2203224737397N11921718WA0060200581
B2203234737411N11921701WA0060200581
B2203244737424N11921685WA0060200581
B2203254737438N11921668WA0060300580
B2203264737451N11921652WA0060300580
B2203274737464N11921635WA0060300580
B2203284737478N11921618WA0060300580
B2203294737492N11921602WA0060300580
B2203304737505N11921585WA0060400580
B2203314737519N11921569WA0060400580
B2203324737532N11921552WA0060400579
B2203334737546N11921536WA0060400579
B2203344737559N11921519WA0060300579
B2203354737572N11921503WA0060300579
B2203364737585N11921488WA0060300578
B2203374737598N11921472WA0060300578
B2203384737610N11921458WA0060300578
B2203394737621N11921444WA0060200577
B2203404737631N11921431WA0060200577
B2203414737641N11921419WA0060200577
B2203424737651N11921408WA0060100577
B2203434737660N11921396WA0060100577
B2203444737669N11921385WA0060000577
B2203454737677N11921375WA0060000577
B2203464737685N11921364WA0060000576
B2203474737693N11921355WA0060000576
B2203484737701N11921345WA0059900576
B2203494737708N11921335WA0059900576
B2203504737716N11921326WA0059900576
B2203514737724N11921317WA0059800576
B2203524737731N11921307WA0059800576
B2203534737738N11921298WA0059800576
B2203544737746N11921290WA0059800576
B2203554737753N11921282WA0059800576
B2203564737761N11921274WA0059800575
B2203574737768N11921267WA0059700575
B2203584737776N11921260WA0059700575
B2203594737783N11921254WA0059700575
B2204004737791N11921248WA0059700575
B2204014737799N11921243WA0059700575
B2204024737806N11921239WA0059700576
B2204034737814N11921234WA0059700576
B2204044737821N11921230WA0059700576
B2204054737829N11921227WA0059700576
B2204064737837N11921223WA0059700576
B2204074737845N11921220WA0059700576
B2204084737854N11921218WA0059700576
B2204094737863N11921215WA0059700577
B2204104737872N11921214WA0059700577
B2204114737882N11921212WA0059700577
B2204124737892N11921211WA0059700578
B2204134737903N11921211WA0059700578
B2204144737914N11921211WA0059700579
B2204154737925N11921212WA0059800580
B2204164737936N11921215WA0059800580
B2204174737948N11921217WA0059900581
B2204184737959N11921221WA0059900582
B2204194737970N11921226WA0060000583
B2204204737981N11921231WA0060000584
B2204214737993N11921238WA0060100585
B2204224738004N11921245WA0060100586
B2204234738016N11921254WA0060200587
B2204244738028N11921262WA0060300588
B2204254738041N11921271WA0060300589
B2204264738054N11921280WA0060400590
B2204274738067N11921289WA0060500591
B2204284738080N11921298WA0060600592
B2204294738094N11921308WA0060700593
B2204304738109N11921318WA0060800594
B2204314738123N11921328WA0060800595
B2204324738138N11921338WA0061000596
B2204334738153N11921348WA0061000597
B2204344738169N11921359WA0061200598
B2204354738184N11921369WA0061300599
B2204364738200N11921380WA0061400600
B2204374738216N11921391WA0061500601
B2204384738232N11921402WA0061600602
B2204394738248N11921413WA0061700603
B2204404738264N11921425WA0061800604
B2204414738280N11921436WA0061900605
B2204424738297N11921447WA0062100606
B2204434738314N11921459WA0062200607
B2204444738330N11921470WA0062300608
B2204454738346N11921481WA0062400609
B2204464738361N11921491WA0062500610
B2204474738376N11921502WA0062500611
B2204484738391N11921512WA0062700612
B2204494738406N11921522WA0062700613
B2204504738421N11921532WA0062800615
B2204514738435N11921541WA0062900616
B2204524738450N11921550WA0063000617
B2204534738465N11921558WA0063100618
B2204544738480N11921566WA0063200619
B2204554738495N11921572WA0063300621
B2204564738510N11921577WA0063400622
B2204574738526N11921581WA0063500623
B2204584738542N11921584WA0063600625
B2204594738557N11921585WA0063700626
B2205004738573N11921585WA0063800627
B2205014738589N11921585WA0063900629
B2205024738605N11921583WA0064000630
B2205034738621N11921579WA0064100631
B2205044738638N11921574WA0064200632
B2205054738654N11921569WA0064300633
B2205064738670N11921561WA0064400633
B2205074738686N11921553WA0064500635
B2205084738701N11921543WA0064700636
B2205094738717N11921532WA0064800636
B2205104738733N11921520WA0064900638
B2205114738748N11921508WA0065000639
B2205124738765N11921495WA0065100640
B2205134738781N11921483WA0065200642
B2205144738797N11921470WA0065400643
B2205154738814N11921456WA0065500644
B2205164738831N11921443WA0065700645
B2205174738847N11921430WA0065800647
B2205184738864N11921417WA0066000648
B2205194738881N11921403WA0066100650
B2205204738897N11921390WA0066300651
B2205214738913N11921377WA0066400652
B2205224738929N11921365WA0066600654
B2205234738945N11921353WA0066700655
B2205244738959N11921341WA0066800656
B2205254738973N11921330WA0066900657
B2205264738987N11921320WA0067000659
B2205274739000N11921310WA0067100660
B2205284739014N11921301WA0067200661
B2205294739028N11921293WA0067300662
B2205304739043N11921286WA0067400663
B2205314739058N11921280WA0067500664
B2205324739073N11921275WA0067600665
B2205334739089N11921271WA0067700666
B2205344739105N11921267WA0067800668
B2205354739121N11921264WA0067900668
B2205364739138N11921262WA0068000669
B2205374739154N11921259WA0068100670
B2205384739171N11921256WA0068200672
B2205394739188N11921254WA0068300673
B2205404739205N11921251WA0068400675
B2205414739221N11921249WA0068500676
B2205424739237N11921247WA0068700678
B2205434739252N11921246WA0068800680
B2205444739267N11921246WA0068900681
B2205454739283N11921247WA0069000682
B2205464739298N11921249WA0069100683
B2205474739312N11921252WA0069200685
B2205484739327N11921256WA0069400686
B2205494739341N11921261WA0069500687
B2205504739355N11921267WA0069600687
B2205514739370N11921274WA0069700688
B2205524739384N11921281WA0069800689
B2205534739398N11921288WA0069900691
B2205544739413N11921295WA0070000692
B2205554739427N11921302WA0070100694
B2205564739440N11921309WA0070200696
B2205574739454N11921317WA0070300698
B2205584739467N11921326WA0070500700
B2205594739479N11921335WA0070600702
B2206004739491N11921345WA0070800703
B2206014739503N11921356WA0070900705
B2206024739515N11921367WA0071000706
B2206034739526N11921379WA0071100707
B2206044739538N11921390WA0071300709
B2206054739549N11921402WA0071400710
B2206064739561N11921414WA0071500711
B2206074739573N11921426WA0071600712
B2206084739585N11921438WA0071800713
B2206094739596N11921450WA0071900714
B2206104739608N11921461WA0072000715
B2206114739620N11921474WA0072100716
B2206124739632N11921486WA0072200717
B2206134739644N11921498WA0072300718
B2206144739656N11921510WA0072500719
B2206154739668N11921522WA0072500720
B2206164739680N11921534WA0072700721
B2206174739693N11921546WA0072700722
B2206184739705N11921558WA0072900724
B2206194739718N11921569WA0072900724
B2206204739731N11921580WA0073100725
B2206214739745N11921590WA0073100726
B2206224739759N11921599WA0073200727
B2206234739773N11921608WA0073300729
B2206244739788N11921617WA0073400729
B2206254739802N11921625WA0073500730
B2206264739817N11921634WA0073600731
B2206274739832N11921643WA0073700732
B2206284739846N11921651WA0073800733
B2206294739861N11921658WA0073900734
B2206304739876N11921664WA0074000735
B2206314739891N11921669WA0074100735
B2206324739906N11921673WA0074200736
B2206334739922N11921676WA0074300737
B2206344739937N11921678WA0074400738
B2206354739953N11921679WA0074400738
B2206364739969N11921679WA0074500739
B2206374739985N11921680WA0074600740
B2206384740001N11921681WA0074700740
B2206394740017N11921682WA0074700741
B2206404740033N11921684WA0074800742
B2206414740049N11921688WA0074900743
B2206424740065N11921693WA0075000744
B2206434740080N11921699WA0075100744
B2206444740096N11921706WA0075200745
B2206454740111N11921715WA0075300746
B2206464740126N11921724WA0075400747
B2206474740142N11921732WA0075400748
B2206484740157N11921741WA0075500749
B2206494740172N11921749WA0075600750
B2206504740187N11921756WA0075700751
B2206514740202N11921761WA0075700752
B2206524740218N11921766WA0075800753
B2206534740234N11921769WA0075900753
B2206544740250N11921771WA0076000753
B2206554740266N11921772WA0076000754
B2206564740282N11921773WA0076100755
B2206574740299N11921773WA0076100755
B2206584740316N11921773WA0076200756
B2206594740333N11921773WA0076300756
B2207004740350N11921773WA0076300756
B2207014740368N11921773WA0076400757
B2207024740385N11921773WA0076400757
B2207034740404N11921773WA0076500757
B2207044740422N11921773WA0076600758
B2207054740440N11921773WA0076600758
B2207064740459N11921773WA0076700759
B2207074740478N11921773WA0076700759
B2207084740497N11921773WA0076800759
B2207094740516N11921773WA0076900760
B2207104740534N11921772WA0076900760
B2207114740553N11921772WA0077000760
B2207124740572N11921772WA0077000761
B2207134740591N11921772WA0077100761
B2207144740609N11921772WA0077100761
B2207154740628N11921772WA0077100762
B2207164740646N11921772WA0077200762
B2207174740663N11921772WA0077200762
B2207184740679N11921773WA0077200762
B2207194740694N11921773WA0077200762
B2207204740708N11921773WA0077100761
B2207214740722N11921773WA0077100761
B2207224740734N11921772WA0077100761
B2207234740747N11921772WA0077000760
B2207244740760N11921772WA0077000759
B2207254740772N11921772WA0077000758
B2207264740785N11921772WA0076900758
B2207274740797N11921772WA0076900757
B2207284740810N11921772WA0076800757
B2207294740822N11921772WA0076800757
B2207304740834N11921772WA0076700756
B2207314740847N11921772WA0076700756
B2207324740858N11921772WA0076600756
B2207334740868N11921772WA0076600756
B2207344740876N11921772WA0076500755
B2207354740882N11921772WA0076500755
B2207364740886N11921771WA0076400755
B2207374740890N11921771WA0076300755
B2207384740893N11921771WA0076300755
B2207394740895N11921771WA0076200755
B2207404740897N11921770WA0076200755
B2207414740898N11921770WA0076100755
B2207424740898N11921770WA0076100755
B2207434740898N11921770WA0076100755
B2207444740898N11921770WA0076100755
B2207454740898N11921770WA0076000755
B2207464740898N11921770WA0076000755
B2207474740898N11921771WA0076000755
B2207484740898N11921771WA0076000755
B2207494740898N11921771WA0076000755
B2207504740898N11921771WA0076000755
B2207514740898N11921771WA0075900755
B2207524740898N11921771WA0075900755
B2207534740898N11921771WA0075900755
B2207544740898N11921771WA0075900754
B2207554740898N11921771WA0075900754
B2207564740898N11921771WA0075900754
B2207574740898N11921771WA0075900754
B2207584740897N11921771WA0075900754
B2207594740897N11921771WA0075900754
B2208004740897N11921771WA0075900754
B2208014740897N11921771WA0075800753
B2208024740897N11921771WA0075800753
B2208034740897N11921771WA0075800753
B2208044740897N11921771WA0075800753
B2208054740897N11921771WA0075800753
B2208064740897N11921771WA0075800753
B2208074740897N11921771WA0075800753
B2208084740897N11921771WA0075900752
B2208094740897N11921771WA0075900752
B2208104740897N11921771WA0075900752
B2208114740897N11921771WA0075900752
B2208124740897N11921771WA0075900752
B2208134740897N11921771WA0075900752
B2208144740897N11921771WA0075900752
B2208154740897N11921771WA0075900752
B2208164740897N11921771WA0075900752
B2208174740897N11921771WA0075900752
B2208184740897N11921771WA0075900752
B2208194740897N11921771WA0075900752
B2208204740897N11921771WA0075900752
B2208214740897N11921771WA0075900752
B2208224740897N11921771WA0075900752
B2208234740897N11921771WA0075900751
B2208244740897N11921771WA0075900751
B2208254740897N11921771WA0075900752
B2208264740897N11921771WA0075900752
B2208274740897N11921771WA0075900751
B2208284740897N11921771WA0075900751
B2208294740897N11921771WA0075900751
B2208304740897N11921771WA0075900751
B2208314740897N11921771WA0075900751
B2208324740897N11921771WA0075900751
B2208334740897N11921771WA0075900751
B2208344740897N11921771WA0075900751
B2208354740897N11921771WA0075900751
B2208364740897N11921771WA0075900751
B2208374740897N11921771WA0075900751
B2208384740897N11921771WA0075900751
B2208394740897N11921771WA0075900751
B2208404740897N11921771WA0075900751
B2208414740897N11921771WA0075900751
B2208424740897N11921771WA0075900751
B2208434740897N11921771WA0075900751
B2208444740897N11921771WA0075900751
B2208454740897N11921771WA0075900751
B2208464740897N11921771WA0075900751
B2208474740897N11921771WA0075900752
B2208484740897N11921771WA0075900752
B2208494740897N11921771WA0075900752
B2208504740897N11921771WA0075900752
B2208514740897N11921771WA0075900752
B2208524740897N11921771WA0075900752
B2208534740897N11921771WA0075900752
B2208544740897N11921771WA0075900752
B2208554740897N11921771WA0075900752
B2208564740897N11921771WA0075900752
B2208574740897N11921771WA0075900751
B2208584740897N11921771WA0075900751
B2208594740897N11921771WA0075900751
B2209004740897N11921771WA0075900751
B2209014740897N11921771WA0075900751
B2209024740897N11921771WA0075900751
B2209034740897N11921771WA0075900752
B2209044740897N11921771WA0075900752
B2209054740897N11921771WA0075900752
B2209064740897N11921771WA0075900752
B2209074740897N11921771WA0075900752
B2209084740897N11921771WA0075900752
B2209094740897N11921771WA0075900752
B2209104740897N11921771WA0075900752
B2209114740897N11921771WA0075900752
B2209124740897N11921771WA0075900752
B2209134740897N11921771WA0075900752
B2209144740897N11921771WA0075900752
B2209154740897N11921771WA0075900753
B2209164740897N11921771WA0075900752
B2209174740897N11921771WA0075900753
B2209184740897N11921771WA0075900753
B2209194740897N11921771WA0075900753
B2209204740897N11921771WA0075900753
B2209214740897N11921771WA0075900753
B2209224740897N11921771WA0075900753
B2209234740897N11921771WA0075900753
B2209244740897N11921771WA0075900753
B2209254740897N11921771WA0075900753
B2209264740897N11921771WA0075900753
B2209274740897N11921771WA0075900753
B2209284740897N11921771WA0075900753
B2209294740897N11921771WA0075900753
B2209304740897N11921771WA0075900754
B2209314740897N11921771WA0075900754
B2209324740897N11921771WA0075900754
B2209334740897N11921771WA0075900754
B2209344740897N11921771WA0075900754
B2209354740897N11921771WA0075900754
B2209364740897N11921771WA0075900754
B2209374740897N11921771WA0075900754
B2209384740897N11921771WA0075900754
B2209394740897N11921771WA0075900754
B2209404740897N11921771WA0075900754
B2209414740897N11921771WA0075900754
B2209424740897N11921771WA0075900754
B2209434740897N11921771WA0075900754
B2209444740897N11921771WA0075900754
B2209454740897N11921771WA0075900754
B2209464740897N11921771WA0075900754
B2209474740897N11921771WA0075800754
B2209484740897N11921771WA0075900753
B2209494740897N11921771WA0075800753
B2209504740897N11921771WA0075800753
B2209514740897N11921771WA0075800753
B2209524740897N11921771WA0075800753
B2209534740897N11921771WA0075800753
B2209544740897N11921771WA0075800753
B2209554740897N11921771WA0075900753
B2209564740897N11921771WA0075800752
B2209574740897N11921771WA0075900752
B2209584740896N11921771WA0075900752
B2209594740896N11921771WA0075900752
B2210004740896N11921771WA0075900752
B2210014740896N11921771WA0075900752
B2210024740896N11921771WA0075900752
B2210034740896N11921771WA0075900753
B2210044740896N11921771WA0075900753
B2210054740896N11921771WA0075900753
B2210064740896N11921771WA0075900753
B2210074740896N11921771WA0075900753
B2210084740896N11921771WA0075900753
B2210094740896N11921771WA0075900753
B2210104740896N11921771WA0075900753
B2210114740896N11921771WA0075900753
B2210124740896N11921771WA0075900753
B2210134740896N11921771WA0075900753
B2210144740896N11921771WA0075900753
B2210154740896N11921771WA0075900754
B2210164740896N11921771WA0075900754
B2210174740896N11921771WA0075900754
B2210184740896N11921771WA0075900754
B2210194740896N11921771WA0075900754
B2210204740896N11921771WA0075900754
B2210214740896N11921771WA0075900754
B2210224740896N11921771WA0075900754
B2210234740896N11921771WA0075900754
B2210244740896N11921771WA0075900754
B2210254740896N11921771WA0075900754
B2210264740896N11921771WA0075900754
B2210274740896N11921771WA0075900754
B2210284740896N11921771WA0075900754
B2210294740896N11921771WA0075900754
B2210304740896N11921771WA0075900754
B2210314740896N11921771WA0075900754
B2210324740896N11921770WA0075900754
B2210334740896N11921770WA0075900754
B2210344740896N11921770WA0075900754
B2210354740896N11921770WA0075900754
B2210364740896N11921770WA0075900754
B2210374740896N11921770WA0075900754
B2210384740896N11921770WA0075900754
B2210394740896N11921770WA0075900754
B2210404740896N11921770WA0075900754
B2210414740896N11921770WA0075900754
B2210424740896N11921770WA0075900754
B2210434740896N11921770WA0075900754
B2210444740896N11921770WA0075900754
B2210454740896N11921770WA0075900754
B2210464740896N11921770WA0075900754
B2210474740896N11921770WA0075900754
B2210484740896N11921770WA0075900754
B2210494740896N11921770WA0075900754
B2210504740896N11921770WA0075900754
B2210514740896N11921770WA0075900754
B2210524740896N11921770WA0075900754
B2210534740896N11921770WA0075900754
B2210544740896N11921770WA0075900754
B2210554740896N11921770WA0075900754
B2210564740896N11921770WA0075900754
B2210574740896N11921770WA0075900754
B2210584740896N11921770WA0075900754
B2210594740896N11921770WA0075900754
B2211004740896N11921770WA0075900754
B2211014740896N11921770WA0075900754
B2211024740896N11921770WA0075900754
B2211034740896N11921770WA0075900754
B2211044740896N11921770WA0075900754
B2211054740896N11921770WA0075900754
B2211064740897N11921771WA0075900754
B2211074740898N11921772WA0075900754
B2211084740898N11921773WA0075900754
B2211094740899N11921774WA0075900754
B2211104740899N11921775WA0075900754
B2211114740899N11921775WA0075900754
B2211124740899N11921775WA0075900754
B2211134740899N11921775WA0075900754
B2211144740899N11921775WA0075900754
B2211154740898N11921774WA0075900754
B2211164740898N11921773WA0075900754
B2211174740898N11921773WA0075900753
B2211184740898N11921773WA0075900753
B2211194740898N11921772WA0075900753
B2211204740898N11921772WA0075900753
B2211214740898N11921772WA0075900753
B2211224740898N11921773WA0075900753
B2211234740898N11921773WA0075900753
B2211244740897N11921775WA0075900753
B2211254740896N11921775WA0075900753
B2211264740895N11921776WA0075900753
B2211274740893N11921776WA0075900753
B2211284740891N11921776WA0075900752
B2211294740889N11921776WA0075900752
B2211304740886N11921775WA0075900752
B2211314740882N11921775WA0075900752
B2211324740878N11921775WA0075900752
B2211334740873N11921775WA0075900753
B2211344740868N11921775WA0076000752
B2211354740862N11921775WA0076000752
B2211364740855N11921775WA0076000752
B2211374740847N11921775WA0076000752
B2211384740839N11921775WA0076000752
B2211394740830N11921775WA0076100752
B2211404740820N11921775WA0076100752
B2211414740810N11921775WA0076100752
B2211424740800N11921775WA0076200752
B2211434740789N11921775WA0076200752
B2211444740778N11921775WA0076200752
B2211454740767N11921775WA0076300752
B2211464740755N11921775WA0076300752
B2211474740743N11921775WA0076400753
B2211484740731N11921775WA0076400754
B2211494740718N11921775WA0076500755
B2211504740705N11921775WA0076600755
B2211514740692N11921775WA0076600755
B2211524740678N11921775WA0076700756
B2211534740665N11921775WA0076700756
B2211544740652N11921775WA0076800756
B2211554740639N11921775WA0076900756
B2211564740625N11921775WA0076900756
B2211574740611N11921775WA0077000756
B2211584740598N11921775WA0077000756
B2211594740584N11921775WA0077000756
B2212004740570N11921774WA0077000756
B2212014740556N11921774WA0077000755
B2212024740542N11921774WA0077000755
B2212034740527N11921774WA0077000755
B2212044740513N11921774WA0077000755
B2212054740498N11921774WA0077000755
B2212064740484N11921774WA0077000754
B2212074740469N11921774WA0077000754
B2212084740455N11921774WA0077000754
B2212094740440N11921774WA0077000754
B2212104740426N11921774WA0077000754
B2212114740411N11921774WA0077000754
B2212124740396N11921774WA0077000754
B2212134740382N11921774WA0076900753
B2212144740367N11921774WA0076900753
B2212154740352N11921774WA0076900753
B2212164740337N11921774WA0076900752
B2212174740323N11921774WA0076900752
B2212184740309N11921774WA0076800752
B2212194740294N11921774WA0076800751
B2212204740280N11921774WA0076700751
B2212214740266N11921774WA0076700751
B2212224740253N11921773WA0076700751
B2212234740239N11921772WA0076700750
B2212244740225N11921769WA0076600750
B2212254740212N11921766WA0076600749
B2212264740199N11921763WA0076600749
B2212274740185N11921758WA0076500748
B2212284740173N11921752WA0076500748
B2212294740160N11921745WA0076500747
B2212304740148N11921739WA0076400747
B2212314740135N11921732WA0076400747
B2212324740123N11921724WA0076300747
B2212334740111N11921717WA0076200746
B2212344740099N11921710WA0076200744
B2212354740087N11921704WA0076100743
B2212364740074N11921699WA0076000742
B2212374740062N11921694WA0076000742
B2212384740049N11921690WA0075900741
B2212394740036N11921687WA0075800740
B2212404740024N11921684WA0075800739
B2212414740011N11921683WA0075700739
B2212424739998N11921682WA0075600738
B2212434739986N11921682WA0075600738
B2212444739973N11921681WA0075500738
B2212454739961N11921681WA0075500737
B2212464739948N11921680WA0075400737
B2212474739936N11921680WA0075400736
B2212484739924N11921678WA0075300736
B2212494739912N11921676WA0075200735
B2212504739900N11921674WA0075200735
B2212514739887N11921670WA0075100735
B2212524739875N11921666WA0075100734
B2212534739863N11921661WA0075000734
B2212544739851N11921655WA0074900733
B2212554739839N11921649WA0074900733
B2212564739827N11921642WA0074800732
B2212574739815N11921635WA0074800731
B2212584739803N11921628WA0074700730
B2212594739791N11921621WA0074700729
B2213004739780N11921614WA0074600728
B2213014739768N11921607WA0074500728
B2213024739757N11921600WA0074500727
B2213034739745N11921592WA0074400727
B2213044739734N11921585WA0074300726
B2213054739723N11921576WA0074300725
B2213064739712N11921567WA0074200725
B2213074739701N11921557WA0074100724
B2213084739690N11921547WA0074100723
B2213094739679N11921536WA0074000722
B2213104739668N11921525WA0073900721
B2213114739657N11921514WA0073900720
B2213124739645N11921502WA0073800719
B2213134739634N11921491WA0073700718
B2213144739622N11921480WA0073700717
B2213154739611N11921468WA0073600716
B2213164739600N11921457WA0073500715
B2213174739588N11921445WA0073400714
B2213184739577N11921434WA0073400714
B2213194739566N11921423WA0073300713
B2213204739555N11921412WA0073200712
B2213214739544N11921401WA0073100711
B2213224739533N11921389WA0073000710
B2213234739522N11921378WA0073000709
B2213244739511N11921368WA0072900708
B2213254739500N11921357WA0072800706
B2213264739488N11921347WA0072700704
B2213274739476N11921337WA0072600703
B2213284739464N11921328WA0072500701
B2213294739452N11921319WA0072400700
B2213304739438N11921312WA0072300698
B2213314739425N11921305WA0072200697
B2213324739411N11921298WA0072100695
B2213334739398N11921292WA0072000693
B2213344739384N11921285WA0071800692
B2213354739370N11921278WA0071700690
B2213364739357N11921272WA0071600688
B2213374739344N11921266WA0071500687
B2213384739331N11921261WA0071400687
B2213394739317N11921257WA0071300686
B2213404739304N11921254WA0071100684
B2213414739291N11921252WA0071000683
B2213424739278N11921250WA0070900682
B2213434739265N11921249WA0070800681
B2213444739251N11921249WA0070700680
B2213454739238N11921250WA0070700679
B2213464739225N11921252WA0070500678
B2213474739212N11921254WA0070400677
B2213484739199N11921256WA0070300675
B2213494739185N11921258WA0070200674
B2213504739172N11921261WA0070100673
B2213514739158N11921263WA0070000671
B2213524739145N11921265WA0069900670
B2213534739131N11921267WA0069800669
B2213544739117N11921270WA0069600668
B2213554739104N11921272WA0069500667
B2213564739090N11921275WA0069400666
B2213574739077N11921278WA0069300665
B2213584739064N11921282WA0069200664
B2213594739051N11921287WA0069100663
B2214004739039N11921292WA0069000662
B2214014739026N11921298WA0068900661
B2214024739014N11921305WA0068900660
B2214034739002N11921313WA0068800659
B2214044738991N11921321WA0068700659
B2214054738979N11921330WA0068700658
B2214064738968N11921339WA0068600657
B2214074738956N11921348WA0068500656
B2214084738945N11921357WA0068400655
B2214094738934N11921366WA0068300654
B2214104738923N11921374WA0068200652
B2214114738911N11921383WA0068200651
B2214124738900N11921392WA0068000650
B2214134738889N11921401WA0067900648
B2214144738878N11921410WA0067800647
B2214154738867N11921419WA0067700646
B2214164738856N11921427WA0067600645
B2214174738845N11921436WA0067500644
B2214184738834N11921445WA0067400642
B2214194738822N11921454WA0067300641
B2214204738811N11921463WA0067200640
B2214214738800N11921472WA0067100639
B2214224738788N11921482WA0067000638
B2214234738776N11921491WA0066900637
B2214244738764N11921501WA0066800636
B2214254738752N11921510WA0066700635
B2214264738741N11921519WA0066600634
B2214274738729N11921528WA0066600633
B2214284738717N11921537WA0066400632
B2214294738705N11921545WA0066400631
B2214304738693N11921553WA0066200630
B2214314738681N11921560WA0066200629
B2214324738668N11921567WA0066000628
B2214334738655N11921572WA0066000628
B2214344738642N11921577WA0065900627
B2214354738630N11921581WA0065800626
B2214364738616N11921585WA0065700625
B2214374738603N11921587WA0065600624
B2214384738590N11921589WA0065500624
B2214394738577N11921590WA0065500623
B2214404738564N11921590WA0065400622
B2214414738551N11921589WA0065300621
B2214424738538N11921587WA0065200621
B2214434738525N11921585WA0065100621
B2214444738512N11921582WA0065000620
B2214454738499N11921578WA0064900619
B2214464738487N11921573WA0064800618
B2214474738474N11921567WA0064700617
B2214484738461N11921561WA0064600616
B2214494738449N11921553WA0064500614
B2214504738436N11921546WA0064400613
B2214514738423N11921538WA0064300613
B2214524738411N11921530WA0064200611
B2214534738398N11921521WA0064100610
B2214544738385N11921512WA0064000610
B2214554738372N11921503WA0063900609
B2214564738360N11921494WA0063800609
B2214574738347N11921486WA0063700608
B2214584738334N11921477WA0063600607
B2214594738322N11921468WA0063500606
B2215004738309N11921459WA0063400606
B2215014738296N11921450WA0063300605
B2215024738283N11921441WA0063200604
B2215034738270N11921433WA0063100603
B2215044738257N11921424WA0063000603
B2215054738244N11921415WA0063000602
B2215064738230N11921405WA0062900601
B2215074738217N11921396WA0062800600
B2215084738204N11921387WA0062700600
B2215094738191N11921378WA0062700599
B2215104738177N11921369WA0062600598
B2215114738164N11921360WA0062600597
B2215124738151N11921351WA0062500596
B2215134738137N11921342WA0062400596
B2215144738124N11921333WA0062300595
B2215154738111N11921324WA0062300594
B2215164738098N11921315WA0062200593
B2215174738086N11921306WA0062100592
B2215184738073N11921297WA0062100591
B2215194738060N11921288WA0062000591
B2215204738048N11921280WA0061900590
B2215214738035N11921271WA0061800589
B2215224738023N11921262WA0061700588
B2215234738010N11921254WA0061700588
B2215244737998N11921246WA0061500587
B2215254737986N11921238WA0061500586
B2215264737973N11921232WA0061400585
B2215274737960N11921226WA0061300584
B2215284737947N11921222WA0061200583
B2215294737933N11921218WA0061100582
B2215304737920N11921216WA0061000581
B2215314737906N11921215WA0060900581
B2215324737892N11921215WA0060800580
B2215334737878N11921217WA0060800579
B2215344737864N11921219WA0060700578
B2215354737850N11921223WA0060700578
B2215364737837N11921228WA0060600578
B2215374737823N11921234WA0060600578
B2215384737810N11921241WA0060500578
B2215394737797N11921249WA0060500578
B2215404737785N11921258WA0060500577
B2215414737773N11921268WA0060400577
B2215424737762N11921279WA0060400577
B2215434737751N11921290WA0060400577
B2215444737740N11921302WA0060300577
B2215454737730N11921315WA0060300577
B2215464737719N11921328WA0060300577
B2215474737709N11921341WA0060300577
B2215484737698N11921354WA0060300577
B2215494737688N11921367WA0060300577
B2215504737677N11921379WA0060300578
B2215514737667N11921392WA0060300578
B2215524737657N11921404WA0060300578
B2215534737646N11921417WA0060300578
B2215544737636N11921430WA0060300578
B2215554737626N11921442WA0060300579
B2215564737616N11921455WA0060300579
B2215574737605N11921467WA0060300579
B2215584737595N11921480WA0060300579
B2215594737585N11921492WA0060300579
B2216004737574N11921505WA0060300579
B2216014737564N11921517WA0060300580
B2216024737554N11921529WA0060300580
B2216034737544N11921541WA0060300580
B2216044737534N11921553WA0060300580
B2216054737524N11921566WA0060300580
B2216064737514N11921578WA0060300580
B2216074737504N11921590WA0060300581
B2216084737495N11921602WA0060300581
B2216094737485N11921614WA0060300581
B2216104737475N11921626WA0060300582
B2216114737465N11921639WA0060300582
B2216124737455N11921651WA0060300582
B2216134737445N11921663WA0060300583
B2216144737435N11921675WA0060400583
B2216154737425N11921687WA0060400583
B2216164737415N11921700WA0060400584
B2216174737405N11921712WA0060400584
B2216184737395N11921724WA0060400584
B2216194737386N11921735WA0060400584
B2216204737376N11921747WA0060400584
B2216214737367N11921758WA0060400584
B2216224737358N11921769WA0060400585
B2216234737349N11921779WA0060400585
B2216244737341N11921790WA0060400585
B2216254737333N11921799WA0060400585
B2216264737325N11921809WA0060300585
B2216274737318N11921818WA0060300585
B2216284737310N11921827WA0060300585
B2216294737303N11921835WA0060300585
B2216304737295N11921843WA0060300585
B2216314737287N11921851WA0060300585
B2216324737279N11921858WA0060200584
B2216334737270N11921864WA0060200584
B2216344737261N11921870WA0060200583
B2216354737252N11921875WA0060100583
B2216364737242N11921878WA0060100583
B2216374737233N11921882WA0060100582
B2216384737224N11921884WA0060000582
B2216394737216N11921885WA0060000582
B2216404737208N11921886WA0059900582
B2216414737201N11921887WA0059900581
B2216424737194N11921887WA0059800581
B2216434737188N11921887WA0059800581
B2216444737183N11921888WA0059800581
B2216454737179N11921888WA0059700581
B2216464737175N11921888WA0059700581
B2216474737173N11921888WA0059600581
B2216484737171N11921888WA0059600581
B2216494737169N11921888WA0059600580
B2216504737168N11921888WA0059500580
B2216514737166N11921887WA0059500580
B2216524737164N11921885WA0059500581
B2216534737162N11921882WA0059500581
B2216544737162N11921877WA0059500581
B2216554737161N11921870WA0059400581
B2216564737162N11921863WA0059400581
B2216574737162N11921854WA0059400580
B2216584737163N11921843WA0059400580
B2216594737163N11921832WA0059400579
B2217004737164N11921819WA0059300578
B2217014737166N11921805WA0059300577
B2217024737167N11921791WA0059300576
B2217034737169N11921775WA0059300576
B2217044737171N11921759WA0059200575
B2217054737173N11921743WA0059200574
B2217064737176N11921726WA0059100573
B2217074737179N11921709WA0059100573
B2217084737183N11921692WA0059100573
B2217094737187N11921675WA0059000572
B2217104737191N11921657WA0059000571
B2217114737195N11921640WA0058900571
B2217124737200N11921622WA0058900570
B2217134737205N11921604WA0058900570
B2217144737210N11921585WA0058800569
B2217154737215N11921567WA0058800568
B2217164737221N11921549WA0058800568
B2217174737226N11921530WA0058700567
B2217184737231N11921512WA0058700567
B2217194737236N11921494WA0058700567
B2217204737241N11921475WA0058600566
B2217214737246N11921456WA0058600566
B2217224737252N11921437WA0058500566
B2217234737257N11921418WA0058500565
B2217244737262N11921399WA0058500565
B2217254737267N11921380WA0058400564
B2217264737273N11921361WA0058400564
B2217274737278N11921342WA0058300563
B2217284737284N11921322WA0058300563
B2217294737289N11921303WA0058200562
B2217304737295N11921283WA0058200561
B2217314737300N11921263WA0058100560
B2217324737306N11921243WA0058000559
B2217334737312N11921223WA0058000558
B2217344737318N11921203WA0057900557
B2217354737323N11921182WA0057800556
B2217364737329N11921162WA0057800555
B2217374737335N11921141WA0057700554
B2217384737341N11921119WA0057600553
B2217394737346N11921098WA0057600552
B2217404737352N11921077WA0057500551
B2217414737358N11921056WA0057400550
B2217424737364N11921036WA0057300549
B2217434737370N11921015WA0057200548
B2217444737376N11920994WA0057100547
B2217454737382N11920973WA0057100546
B2217464737387N11920953WA0056900545
B2217474737393N11920932WA0056900544
B2217484737399N11920911WA0056800543
B2217494737404N11920891WA0056700542
B2217504737410N11920870WA0056600542
B2217514737416N11920850WA0056500541
B2217524737421N11920829WA0056400540
B2217534737427N11920809WA0056400539
B2217544737433N11920789WA0056300538
B2217554737438N11920769WA0056200537
B2217564737444N11920749WA0056100536
B2217574737449N11920729WA0056000535
B2217584737455N11920709WA0055900534
B2217594737460N11920689WA0055900534
B2218004737466N11920669WA0055800533
B2218014737471N11920650WA0055700532
B2218024737477N11920630WA0055600531
B2218034737482N11920611WA0055500530
B2218044737488N11920591WA0055400529
B2218054737493N11920572WA0055300529
B2218064737498N11920553WA0055200528
B2218074737504N11920533WA0055200527
B2218084737509N11920514WA0055100527
B2218094737514N11920495WA0055000526
B2218104737520N11920476WA0054900525
B2218114737525N11920457WA0054800524
B2218124737530N11920438WA0054700523
B2218134737535N11920419WA0054600522
B2218144737541N11920399WA0054500520
B2218154737546N11920380WA0054400519
B2218164737551N11920361WA0054300518
B2218174737557N11920342WA0054200517
B2218184737562N11920323WA0054100516
B2218194737567N11920303WA0054000514
B2218204737572N11920283WA0053900513
B2218214737576N11920263WA0053800511
B2218224737580N11920243WA0053700510
B2218234737583N11920222WA0053600508
B2218244737587N11920201WA0053500507
B2218254737589N11920180WA0053400505
B2218264737592N11920158WA0053300503
B2218274737593N11920137WA0053200502
B2218284737594N11920116WA0053000500
B2218294737595N11920094WA0053000499
B2218304737595N11920073WA0052800497
B2218314737595N11920052WA0052700496
B2218324737595N11920030WA0052600494
B2218334737594N11920009WA0052500493
B2218344737593N11919988WA0052400492
B2218354737591N11919967WA0052300490
B2218364737589N11919946WA0052100489
B2218374737586N11919925WA0052000488
B2218384737583N11919904WA0051900487
B2218394737580N11919883WA0051800486
B2218404737576N11919862WA0051700485
B2218414737571N11919841WA0051600484
B2218424737566N11919820WA0051500483
B2218434737561N11919800WA0051500483
B2218444737555N11919779WA0051400482
B2218454737549N11919758WA0051300482
B2218464737543N11919737WA0051300481
B2218474737537N11919716WA0051200481
B2218484737530N11919696WA0051200481
B2218494737524N11919675WA0051200481
B2218504737518N11919653WA0051100481
B2218514737512N11919632WA0051100481
B2218524737506N11919611WA0051100481
B2218534737499N11919590WA0051100481
B2218544737493N11919569WA0051000481
B2218554737487N11919547WA0051000481
B2218564737480N11919526WA0051000481
B2218574737474N11919504WA0051000481
B2218584737468N11919482WA0051000481
B2218594737462N11919461WA0051000481
B2219004737455N11919439WA0051000481
B2219014737449N11919417WA0051000481
B2219024737442N11919395WA0051000481
B2219034737436N11919373WA0051000481
B2219044737429N11919351WA0051000481
B2219054737423N11919329WA0051000481
B2219064737416N11919307WA0051000481
B2219074737410N11919285WA0051000481
B2219084737403N11919263WA0051000481
B2219094737397N11919241WA0051000481
B2219104737390N11919218WA0051000482
B2219114737384N11919197WA0051000481
B2219124737378N11919175WA0051000481
B2219134737371N11919154WA0050900481
B2219144737365N11919133WA0050900481
B2219154737359N11919112WA0050900481
B2219164737353N11919091WA0050900481
B2219174737346N11919070WA0050900481
B2219184737340N11919049WA0050900481
B2219194737334N11919028WA0050900481
B2219204737328N11919006WA0050900481
B2219214737322N11918985WA0050900481
B2219224737315N11918964WA0050900481
B2219234737309N11918943WA0050900480
B2219244737303N11918921WA0050800480
B2219254737296N11918900WA0050800480
B2219264737290N11918878WA0050800480
B2219274737284N11918857WA0050800480
B2219284737278N11918836WA0050800480
B2219294737272N11918814WA0050800480
B2219304737265N11918793WA0050800480
B2219314737259N11918772WA0050800480
B2219324737253N11918752WA0050800480
B2219334737247N11918731WA0050800480
B2219344737241N11918710WA0050800479
B2219354737235N11918690WA0050800479
B2219364737229N11918670WA0050800479
B2219374737223N11918649WA0050800479
B2219384737217N11918628WA0050800479
B2219394737211N11918608WA0050800479
B2219404737205N11918587WA0050800478
B2219414737199N11918567WA0050800478
B2219424737193N11918546WA0050800478
B2219434737187N11918526WA0050800478
B2219444737181N11918506WA0050800478
B2219454737175N11918486WA0050800478
B2219464737169N11918465WA0050800479
B2219474737163N11918445WA0050800479
B2219484737157N11918425WA0050800479
B2219494737151N11918404WA0050800479
B2219504737145N11918384WA0050800479
B2219514737139N11918364WA0050800479
B2219524737134N11918344WA0050800479
B2219534737128N11918324WA0050800480
B2219544737122N11918305WA0050800480
B2219554737117N11918286WA0050800480
B2219564737111N11918267WA0050800480
B2219574737106N11918249WA0050800480
B2219584737100N11918231WA0050800480
B2219594737095N11918213WA0050800480
B2220004737090N11918196WA0050700481
B2220014737085N11918178WA0050700481
B2220024737080N11918162WA0050700481
B2220034737075N11918145WA0050700481
B2220044737070N11918129WA0050700481
B2220054737065N11918112WA0050700481
B2220064737061N11918096WA0050700481
B2220074737056N11918081WA0050700481
B2220084737052N11918066WA0050600481
B2220094737047N11918051WA0050600481
B2220104737043N11918036WA0050600481
B2220114737039N11918022WA0050600481
B2220124737035N11918008WA0050600481
B2220134737031N11917994WA0050600481
B2220144737027N11917980WA0050600481
B2220154737023N11917967WA0050600481
B2220164737019N11917953WA0050500481
B2220174737015N11917940WA0050500481
B2220184737011N11917927WA0050500482
B2220194737007N11917914WA0050500481
B2220204737003N11917901WA0050500481
B2220214736999N11917888WA0050500482
B2220224736996N11917875WA0050500482
B2220234736992N11917863WA0050500482
B2220244736988N11917850WA0050500482
B2220254736984N11917837WA0050500482
B2220264736981N11917825WA0050500483
B2220274736977N11917812WA0050500483
B2220284736973N11917800WA0050500483
B2220294736970N11917788WA0050500483
B2220304736966N11917775WA0050500483
B2220314736963N11917763WA0050500483
B2220324736959N11917751WA0050400483
B2220334736956N11917739WA0050400483
B2220344736953N11917727WA0050400483
B2220354736950N11917716WA0050400483
B2220364736948N11917704WA0050400483
B2220374736945N11917693WA0050400483
B2220384736943N11917681WA0050400483
B2220394736942N11917670WA0050400483
B2220404736941N11917659WA0050400483
B2220414736940N11917648WA0050400483
B2220424736939N11917637WA0050400483
B2220434736939N11917626WA0050400483
B2220444736938N11917615WA0050400483
B2220454736938N11917605WA0050400483
B2220464736938N11917596WA0050400484
B2220474736938N11917590WA0050400484
B2220484736937N11917584WA0050400484
B2220494736935N11917579WA0050400484
B2220504736932N11917576WA0050400484
B2220514736930N11917573WA0050400484
B2220524736927N11917572WA0050400484
B2220534736925N11917572WA0050400484
B2220544736923N11917572WA0050300484
B2220554736920N11917572WA0050300484
B2220564736918N11917572WA0050300484
B2220574736916N11917572WA0050300484
B2220584736914N11917573WA0050300483
B2220594736911N11917573WA0050300483
B2221004736909N11917573WA0050300483
B2221014736907N11917574WA0050300483
B2221024736905N11917574WA0050300483
B2221034736904N11917575WA0050300483
B2221044736902N11917575WA0050300483
B2221054736900N11917576WA0050300483
B2221064736898N11917576WA0050300484
B2221074736896N11917576WA0050300484
B2221084736895N11917576WA0050300484
B2221094736893N11917576WA0050300484
B2221104736891N11917577WA0050300484
B2221114736889N11917577WA0050300484
B2221124736887N11917577WA0050300484
B2221134736885N11917578WA0050300484
B2221144736883N11917578WA0050300484
B2221154736881N11917578WA0050300484
B2221164736879N11917578WA0050300484
B2221174736878N11917579WA0050300484
B2221184736876N11917579WA0050300484
B2221194736874N11917579WA0050300484
B2221204736872N11917579WA0050300484
B2221214736870N11917580WA0050300484
B2221224736868N11917580WA0050300484
B2221234736867N11917581WA0050300484
B2221244736866N11917583WA0050300484
B2221254736865N11917585WA0050300484
B2221264736864N11917587WA0050300484
B2221274736864N11917589WA0050400484
B2221284736864N11917590WA0050400484
B2221294736864N11917592WA0050400484
B2221304736865N11917593WA0050400483
B2221314736865N11917594WA0050400484
B2221324736866N11917595WA0050400484
B2221334736866N11917596WA0050400484
B2221344736866N11917597WA0050400484
B2221354736866N11917597WA0050400484
B2221364736867N11917598WA0050400484
B2221374736867N11917599WA0050400484
B2221384736868N11917600WA0050400484
B2221394736868N11917601WA0050400484
B2221404736867N11917602WA0050400483
B2221414736867N11917603WA0050400483
B2221424736866N11917604WA0050400483
B2221434736866N11917604WA0050400483
B2221444736865N11917605WA0050400483
B2221454736864N11917605WA0050400482
B2221464736863N11917605WA0050400482
B2221474736862N11917604WA0050400482
B2221484736861N11917603WA0050400483
B2221494736861N11917601WA0050400483
B2221504736861N11917601WA0050400483
B2221514736861N11917600WA0050400483
B2221524736861N11917600WA0050400483
B2221534736861N11917600WA0050400483
B2221544736861N11917600WA0050400483
B2221554736861N11917600WA0050400482
B2221564736861N11917600WA0050400482
B2221574736861N11917600WA0050400482
B2221584736861N11917600WA0050400482
B2221594736860N11917600WA0050400482
B2222004736860N11917600WA0050400482
B2222014736860N11917600WA0050400482
B2222024736860N11917600WA0050400483
B2222034736860N11917600WA0050400483
B2222044736860N11917600WA0050400483
B2222054736860N11917600WA0050400483
B2222064736860N11917600WA0050400483
B2222074736860N11917600WA0050400484
B2222084736860N11917600WA0050400484
B2222094736860N11917600WA0050400484
B2222104736860N11917600WA0050400484
B2222114736860N11917600WA0050400485
B2222124736860N11917600WA0050400485
B2222134736860N11917600WA0050400485
B2222144736860N11917600WA0050400485
B2222154736860N11917600WA0050400486
B2222164736860N11917600WA0050400486
B2222174736860N11917600WA0050400486
B2222184736860N11917600WA0050400486
B2222194736860N11917600WA0050400486
B2222204736860N11917600WA0050400486
B2222214736860N11917600WA0050400486
B2222224736860N11917600WA0050400486
B2222234736860N11917600WA0050400486
B2222244736860N11917600WA0050400486
B2222254736860N11917600WA0050400486
B2222264736861N11917600WA0050400486
B2222274736861N11917600WA0050400486
B2222284736861N11917600WA0050400486
B2222294736861N11917600WA0050400486
B2222304736861N11917600WA0050400485
B2222314736861N11917600WA0050400485
B2222324736861N11917601WA0050400485
B2222334736861N11917601WA0050400485
B2222344736861N11917601WA0050400485
B2222354736861N11917601WA0050400485
B2222364736861N11917601WA0050400485
B2222374736861N11917601WA0050400485
B2222384736861N11917601WA0050400485
B2222394736861N11917601WA0050400485
B2222404736861N11917601WA0050400485
B2222414736861N11917601WA0050400485
B2222424736861N11917601WA0050400485
B2222434736861N11917601WA0050400485
B2222444736861N11917601WA0050400486
B2222454736861N11917601WA0050400486
B2222464736861N11917601WA0050400486
B2222474736861N11917601WA0050400486
B2222484736861N11917601WA0050400486
B2222494736861N11917601WA0050400487
B2222504736862N11917601WA0050400487
B2222514736862N11917601WA0050400487
B2222524736862N11917601WA0050400487
B2222534736862N11917601WA0050400487
B2222544736862N11917601WA0050400487
B2222554736862N11917601WA0050400487
B2222564736862N11917601WA0050400487
B2222574736862N11917601WA0050400487
B2222584736862N11917601WA0050400487
B2222594736862N11917601WA0050400487
B2223004736862N11917601WA0050400487
B2223014736862N11917601WA0050400487
B2223024736862N11917601WA0050400487
B2223034736862N11917602WA0050400487
B2223044736862N11917602WA0050400487
B2223054736862N11917602WA0050400487
B2223064736862N11917602WA0050400487
B2223074736862N11917602WA0050400487
B2223084736862N11917602WA0050400487
B2223094736862N11917602WA0050400487
B2223104736862N11917602WA0050400487
B2223114736862N11917602WA0050400487
B2223124736862N11917602WA0050400487
B2223134736862N11917602WA0050400487
B2223144736862N11917602WA0050400487
B2223154736862N11917602WA0050400487
B2223164736862N11917602WA0050400487
B2223174736862N11917602WA0050400487
B2223184736862N11917602WA0050400487
B2223194736862N11917602WA0050400487
B2223204736862N11917602WA0050400487
B2223214736862N11917602WA0050400487
B2223224736862N11917602WA0050400487
B2223234736862N11917602WA0050400487
B2223244736862N11917602WA0050400487
B2223254736862N11917602WA0050400487
B2223264736862N11917602WA0050400487
B2223274736862N11917602WA0050400487
B2223284736862N11917602WA0050400487
B2223294736862N11917602WA0050400487
B2223304736862N11917602WA0050400487
B2223314736862N11917602WA0050400487
B2223324736862N11917602WA0050400487
B2223334736862N11917602WA0050400487
B2223344736862N11917602WA0050400486
B2223354736862N11917602WA0050400487
B2223364736862N11917602WA0050400487
B2223374736862N11917602WA0050400487
B2223384736862N11917602WA0050400487
B2223394736862N11917602WA0050400487
B2223404736862N11917602WA0050400487
B2223414736862N11917602WA0050400487
B2223424736862N11917602WA0050400487
B2223434736862N11917602WA0050400487
B2223444736862N11917602WA0050400487
B2223454736862N11917602WA0050400487
B2223464736862N11917602WA0050400487
B2223474736862N11917602WA0050400487
B2223484736862N11917602WA0050400487
B2223494736862N11917602WA0050400486
B2223504736862N11917602WA0050300486
B2223514736862N11917602WA0050300486
B2223524736862N11917602WA0050300486
B2223534736862N11917602WA0050300486
B2223544736862N11917602WA0050400486
B2223554736862N11917602WA0050400486
B2223564736862N11917602WA0050400486
B2223574736862N11917602WA0050400486
B2223584736862N11917602WA0050400486
B2223594736862N11917602WA0050400486
B2224004736862N11917602WA0050400486
B2224014736862N11917602WA0050400486
B2224024736862N11917602WA0050400486
B2224034736862N11917601WA0050400486
B2224044736862N11917601WA0050400486
B2224054736862N11917601WA0050400485
B2224064736862N11917601WA0050400486
B2224074736862N11917601WA0050400485
B2224084736862N11917601WA0050400485
B2224094736862N11917601WA0050400485
B2224104736862N11917601WA0050400485
B2224114736862N11917601WA0050400485
B2224124736862N11917601WA0050400485
B2224134736862N11917601WA0050400485
B2224144736862N11917601WA0050400485
B2224154736862N11917601WA0050400485
B2224164736862N11917601WA0050400485
B2224174736862N11917601WA0050400485
B2224184736862N11917601WA0050400485
B2224194736862N11917601WA0050400485
B2224204736862N11917601WA0050400485
B2224214736862N11917601WA0050400485
B2224224736862N11917601WA0050400485
B2224234736862N11917601WA0050400485
B2224244736862N11917601WA0050400485
B2224254736862N11917601WA0050400485
B2224264736862N11917601WA0050400485
B2224274736861N11917601WA0050400485
B2224284736861N11917601WA0050300486
B2224294736861N11917601WA0050300486
B2224304736861N11917601WA0050300486
B2224314736861N11917601WA0050300486
B2224324736861N11917601WA0050300486
B2224334736861N11917601WA0050300486
B2224344736861N11917601WA0050300486
B2224354736861N11917601WA0050400485
B2224364736861N11917601WA0050400485
B2224374736861N11917601WA0050400485
B2224384736861N11917601WA0050400485
B2224394736861N11917601WA0050400485
B2224404736861N11917601WA0050400485
B2224414736861N11917601WA0050300485
B2224424736861N11917601WA0050300485
B2224434736861N11917601WA0050300485
B2224444736861N11917601WA0050300485
B2224454736861N11917601WA0050300485
B2224464736861N11917601WA0050300485
B2224474736861N11917601WA0050400485
B2224484736861N11917601WA0050400485
B2224494736861N11917601WA0050400485
B2224504736861N11917601WA0050400485
B2224514736861N11917601WA0050400485
B2224524736861N11917601WA0050400485
B2224534736861N11917601WA0050400485
B2224544736861N11917601WA0050400486
B2224554736861N11917601WA0050400486
B2224564736861N11917601WA0050400486
B2224574736861N11917601WA0050400486
B2224584736861N11917601WA0050400486
B2224594736861N11917601WA0050400486
B2225004736861N11917601WA0050400486
B2225014736862N11917600WA0050400485
B2225024736862N11917599WA0050400485
B2225034736862N11917598WA0050400485
B2225044736862N11917595WA0050400484
B2225054736863N11917593WA0050400484
B2225064736863N11917591WA0050400485
B2225074736864N11917589WA0050400485
B2225084736864N11917587WA0050400484
B2225094736865N11917586WA0050400484
B2225104736865N11917584WA0050400484
B2225114736865N11917583WA0050400484
B2225124736865N11917582WA0050400484
B2225134736866N11917581WA0050400484
B2225144736867N11917580WA0050400484
B2225154736868N11917579WA0050400484
B2225164736870N11917578WA0050400484
B2225174736873N11917577WA0050400484
B2225184736876N11917576WA0050400485
B2225194736879N11917576WA0050400485
B2225204736883N11917576WA0050400485
B2225214736887N11917576WA0050400485
B2225224736892N11917575WA0050400485
B2225234736896N11917575WA0050400485
B2225244736900N11917574WA0050400485
B2225254736905N11917573WA0050400486
B2225264736909N11917573WA0050400486
B2225274736913N11917572WA0050400486
B2225284736918N11917571WA0050400486
B2225294736922N11917570WA0050400486
B2225304736925N11917570WA0050400485
B2225314736928N11917569WA0050400485
B2225324736930N11917568WA0050400485
B2225334736932N11917568WA0050400485
B2225344736933N11917568WA0050400485
B2225354736934N11917568WA0050400485
B2225364736934N11917568WA0050400485
B2225374736934N11917568WA0050400485
B2225384736935N11917568WA0050400484
B2225394736935N11917568WA0050400484
B2225404736936N11917568WA0050300484
B2225414736937N11917568WA0050300484
B2225424736938N11917568WA0050300484
B2225434736940N11917568WA0050400484
B2225444736943N11917568WA0050400484
B2225454736945N11917569WA0050400484
B2225464736947N11917569WA0050400483
B2225474736949N11917569WA0050400483
B2225484736951N11917570WA0050400482
B2225494736953N11917571WA0050300481
B2225504736955N11917572WA0050300481
B2225514736958N11917574WA0050300480
B2225524736961N11917575WA0050300480
B2225534736963N11917576WA0050300479
B2225544736966N11917578WA0050300479
B2225554736968N11917579WA0050300479
B2225564736971N11917580WA0050300479
B2225574736974N11917581WA0050300479
B2225584736976N11917581WA0050200478
B2225594736978N11917582WA0050200478
B2226004736980N11917583WA0050200478
B2226014736983N11917584WA0050200477
B2226024736985N11917586WA0050200477
B2226034736986N11917587WA0050200477
B2226044736988N11917589WA0050200477
B2226054736989N11917591WA0050200477
B2226064736990N11917593WA0050200476
B2226074736991N11917595WA0050200476
B2226084736993N11917596WA0050200476
B2226094736994N11917597WA0050100476
B2226104736995N11917598WA0050100476
B2226114736996N11917598WA0050100476
B2226124736997N11917599WA0050100477
B2226134736998N11917599WA0050100477
B2226144736999N11917599WA0050100477
B2226154736999N11917599WA0050100477
B2226164737000N11917599WA0050100477
B2226174737000N11917599WA0050100477
B2226184737000N11917599WA0050100477
B2226194737000N11917599WA0050100477
B2226204737000N11917599WA0050100477
B2226214737000N11917599WA0050100478
B2226224737000N11917599WA0050100478
B2226234737000N11917599WA0050100478
B2226244737000N11917599WA0050100478
B2226254737000N11917599WA0050100478
B2226264737000N11917599WA0050100478
B2226274737000N11917599WA0050100478
B2226284737000N11917599WA0050100478
B2226294737000N11917599WA0050100478
B2226304737000N11917600WA0050100478
B2226314737000N11917600WA0050100478
B2226324737000N11917600WA0050100477
B2226334737000N11917600WA0050100477
B2226344737000N11917599WA0050100477
B2226354737000N11917599WA0050100478
B2226364737000N11917600WA0050100477
B2226374736999N11917599WA0050100478
B2226384736999N11917599WA0050100477
B2226394736999N11917599WA0050100477
B2226404736999N11917599WA0050100477
B2226414736999N11917599WA0050100477
B2226424736999N11917599WA0050100477
B2226434736999N11917599WA0050000477
B2226444736999N11917599WA0050000477
B2226454736999N11917599WA0050000477
B2226464736999N11917599WA0050000477
B2226474736999N11917599WA0050000477
B2226484736999N11917599WA0050000477
B2226494736999N11917599WA0050000477
B2226504736999N11917599WA0050000477
B2226514736999N11917599WA0050000477
B2226524736999N11917599WA0050000477
B2226534736999N11917599WA0050000477
B2226544736999N11917599WA0050000477
B2226554736999N11917599WA0050000477
B2226564736999N11917598WA0050000478
B2226574736999N11917598WA0050000478
B2226584736999N11917599WA0050000478
B2226594736999N11917599WA0050000478
B2227004736999N11917599WA0050000478
B2227014736999N11917599WA0050000478
B2227024736999N11917598WA0050000478
B2227034736999N11917599WA0050000478
B2227044736999N11917599WA0050000478
B2227054736999N11917599WA0050000478
B2227064736999N11917599WA0050000478
B2227074736999N11917599WA0050100478
B2227084737000N11917599WA0050100477
B2227094737000N11917598WA0050100477
B2227104736999N11917598WA0050100477
B2227114737000N11917598WA0050100478
B2227124737000N11917598WA0050100478
B2227134737000N11917598WA0050100477
B2227144737000N11917598WA0050100477
B2227154737000N11917598WA0050100477
B2227164737000N11917598WA0050100477
B2227174737000N11917598WA0050100477
B2227184737000N11917598WA0050100477
B2227194737000N11917598WA0050100477
B2227204737000N11917598WA0050100477
B2227214737000N11917598WA0050100477
B2227224737000N11917598WA0050100477
B2227234737000N11917598WA0050100477
B2227244737000N11917598WA0050100478
B2227254737000N11917598WA0050100478
B2227264737000N11917598WA0050100478
B2227274737000N11917598WA0050100478
B2227284737000N11917598WA0050100478
B2227294737000N11917598WA0050100478
B2227304737000N11917598WA0050100479
B2227314737000N11917598WA0050100479
B2227324737000N11917598WA0050100479
B2227334737000N11917598WA0050100479
B2227344737000N11917598WA0050100479
B2227354737000N11917598WA0050100479
B2227364737000N11917598WA0050100479
B2227374737000N11917598WA0050100479
B2227384737000N11917598WA0050100480
B2227394737000N11917598WA0050100480
B2227404737000N11917598WA0050100480
B2227414737000N11917598WA0050100481
B2227424737000N11917598WA0050100481
B2227434737000N11917598WA0050100481
B2227444737000N11917598WA0050100481
B2227454737001N11917598WA0050100481
B2227464737001N11917598WA0050100481
B2227474737001N11917598WA0050100481
B2227484737001N11917598WA0050100481
B2227494737001N11917598WA0050100481
B2227504737001N11917598WA0050100481
B2227514737001N11917598WA0050100481
B2227524737001N11917598WA0050100481
B2227534737001N11917598WA0050100481
B2227544737001N11917598WA0050100481
B2227554737001N11917598WA0050100481
B2227564737001N11917598WA0050100481
B2227574737001N11917598WA0050100481
B2227584737002N11917598WA0050100481
B2227594737002N11917598WA0050100481
B2228004737002N11917598WA0050100481
B2228014737002N11917598WA0050100480
B2228024737002N11917598WA0050100480
B2228034737002N11917598WA0050100480
B2228044737002N11917599WA0050100480
B2228054737002N11917599WA0050100480
B2228064737002N11917599WA0050100480
B2228074737002N11917599WA0050100479
B2228084737002N11917599WA0050100479
B2228094737002N11917599WA0050100479
B2228104737002N11917599WA0050100479
B2228114737002N11917599WA0050100479
B2228124737002N11917599WA0050100479
B2228134737002N11917599WA0050100479
B2228144737002N11917599WA0050100479
B2228154737002N11917599WA0050100479
B2228164737002N11917599WA0050100479
B2228174737002N11917599WA0050100479
B2228184737002N11917599WA0050100479
B2228194737002N11917599WA0050100479
B2228204737002N11917599WA0050100479
B2228214737002N11917599WA0050100479
B2228224737002N11917599WA0050100479
B2228234737002N11917599WA0050100479
B2228244737002N11917599WA0050100479
B2228254737002N11917599WA0050100478
B2228264737002N11917599WA0050100478
B2228274737002N11917599WA0050100478
B2228284737002N11917599WA0050100478
B2228294737002N11917599WA0050100478
B2228304737002N11917599WA0050100478
B2228314737002N11917599WA0050100478
B2228324737002N11917599WA0050100478
B2228334737002N11917599WA0050100478
B2228344737002N11917599WA0050100478
B2228354737002N11917599WA0050100478
B2228364737002N11917599WA0050100477
B2228374737002N11917599WA0050100477
B2228384737002N11917599WA0050100477
B2228394737002N11917599WA0050000477
B2228404737002N11917599WA0050000477
B2228414737002N11917599WA0050000477
B2228424737002N11917599WA0050000477
B2228434737002N11917599WA0050000477
B2228444737002N11917599WA0050000477
B2228454737002N11917599WA0050000477
B2228464737002N11917599WA0050000476
B2228474737002N11917599WA0050000476
B2228484737002N11917599WA0050000476
B2228494737002N11917599WA0050000476
B2228504737002N11917599WA0050000476
B2228514737002N11917599WA0050000476
B2228524737002N11917599WA0050000476
B2228534737002N11917599WA0050000477
B2228544737002N11917599WA0050000477
B2228554737002N11917599WA0050000477
B2228564737002N11917599WA0050000477
B2228574737002N11917599WA0050000477
B2228584737002N11917599WA0050000477
B2228594737002N11917599WA0050000477
B2229004737002N11917599WA0050000477
B2229014737002N11917599WA0050000477
B2229024737002N11917599WA0050000477
B2229034737002N11917599WA0050000477
B2229044737002N11917599WA0050000477
B2229054737002N11917599WA0050000477
B2229064737002N11917599WA0050000477
B2229074737002N11917599WA0050000477
B2229084737002N11917599WA0050000477
B2229094737002N11917599WA0050000477
B2229104737002N11917599WA0050000477
B2229114737002N11917599WA0050000477
B2229124737002N11917599WA0050000476
B2229134737002N11917599WA0050000476
B2229144737002N11917599WA0050000476
B2229154737002N11917599WA0050100476
B2229164737002N11917599WA0050100476
B2229174737002N11917599WA0050100476
B2229184737002N11917599WA0050100476
B2229194737002N11917600WA0050100476
B2229204737002N11917600WA0050100476
B2229214737002N11917600WA0050100476
B2229224737002N11917600WA0050100476
B2229234737002N11917600WA0050100476
B2229244737002N11917600WA0050100476
B2229254737002N11917600WA0050100476
B2229264737002N11917600WA0050100476
B2229274737002N11917600WA0050100476
B2229284737002N11917600WA0050100476
B2229294737002N11917600WA0050100476
B2229304737002N11917600WA0050100476
B2229314737002N11917600WA0050100475
B2229324737002N11917600WA0050100475
B2229334737002N11917600WA0050100475
B2229344737002N11917600WA0050100475
B2229354737002N11917601WA0050100475
B2229364737002N11917601WA0050100475
B2229374737002N11917601WA0050100475
B2229384737002N11917601WA0050100475
B2229394737002N11917601WA0050100475
B2229404737002N11917601WA0050100475
B2229414737002N11917601WA0050100475
B2229424737002N11917601WA0050100475
B2229434737002N11917600WA0050100475
B2229444737002N11917600WA0050100475
B2229454737002N11917600WA0050100474
B2229464737002N11917600WA0050100474
B2229474737002N11917600WA0050100474
B2229484737002N11917600WA0050100474
B2229494737002N11917600WA0050100474
B2229504737002N11917600WA0050100474
B2229514737002N11917600WA0050100474
B2229524737002N11917600WA0050100474
B2229534737002N11917600WA0050100474
B2229544737002N11917600WA0050100474
B2229554737002N11917600WA0050100474
B2229564737002N11917600WA0050100474
B2229574737002N11917600WA0050100474
B2229584737002N11917600WA0050100474
B2229594737002N11917600WA0050100474
B2230004737002N11917600WA0050100474
B2230014737002N11917600WA0050100474
B2230024737002N11917600WA0050100474
B2230034737002N11917600WA0050100474
B2230044737002N11917600WA0050100474
B2230054737002N11917600WA0050100474
B2230064737002N11917600WA0050000474
B2230074737002N11917600WA0050000474
B2230084737002N11917600WA0050000474
B2230094737002N11917600WA0050000474
B2230104737002N11917600WA0050000474
B2230114737001N11917600WA0050000474
B2230124737001N11917600WA0050000474
B2230134737001N11917600WA0050000474
B2230144737001N11917600WA0050000474
B2230154737001N11917600WA0050000474
B2230164737001N11917600WA0050000475
B2230174737001N11917600WA0050000475
B2230184737001N11917600WA0050000475
B2230194737001N11917600WA0050000475
B2230204737001N11917600WA0050000475
B2230214737001N11917600WA0050000475
B2230224737001N11917600WA0050000475
B2230234737001N11917600WA0050000475
B2230244737001N11917600WA0050000475
B2230254737001N11917600WA0050000475
B2230264737002N11917600WA0050000474
B2230274737002N11917600WA0050000474
B2230284737002N11917600WA0050000474
B2230294737002N11917600WA0050000474
B2230304737002N11917600WA0050000474
B2230314737002N11917600WA0050000474
B2230324737002N11917600WA0050000474
B2230334737001N11917600WA0050000474
B2230344737001N11917600WA0050000475
B2230354737001N11917600WA0050000475
B2230364737001N11917600WA0050000475
B2230374737001N11917600WA0050000475
B2230384737001N11917600WA0050000474
B2230394737001N11917600WA0050000474
B2230404737001N11917600WA0050000474
B2230414737001N11917600WA0050000474
B2230424737000N11917600WA0050000474
B2230434737000N11917600WA0050000474
B2230444736999N11917599WA0050000474
B2230454736999N11917599WA0050000474
B2230464736998N11917600WA0050000474
B2230474736998N11917600WA0050000473
B2230484736998N11917599WA0050000473
B2230494736997N11917599WA0050000473
B2230504736997N11917598WA0050000474
B2230514736996N11917598WA0050000474
B2230524736996N11917597WA0050000474
B2230534736996N11917597WA0050000474
B2230544736995N11917596WA0050000474
B2230554736996N11917596WA0050000474
B2230564736996N11917596WA0050000474
B2230574736996N11917596WA0050000474
B2230584736996N11917595WA0050000474
B2230594736995N11917594WA0050000474
B2231004736995N11917593WA0050000475
B2231014736995N11917592WA0050000475
B2231024736996N11917592WA0050000475
B2231034736995N11917591WA0050000475
B2231044736995N11917591WA0050000476
B2231054736995N11917591WA0050000476
B2231064736995N11917591WA0050000476
B2231074736995N11917591WA0050000476
B2231084736994N11917591WA0050000476
B2231094736994N11917591WA0050000476
B2231104736993N11917590WA0050000477
B2231114736993N11917590WA0050000477
B2231124736992N11917590WA0050000478
B2231134736991N11917590WA0050000479
B2231144736990N11917589WA0050000479
B2231154736989N11917589WA0050000480
B2231164736987N11917588WA0050000480
B2231174736986N11917588WA0050000480
B2231184736985N11917587WA0050000480
B2231194736984N11917587WA0050000480
B2231204736982N11917586WA0050000481
B2231214736981N11917586WA0050000481
B2231224736979N11917585WA0050000481
B2231234736978N11917585WA0050000481
B2231244736976N11917584WA0050000481
B2231254736975N11917583WA0050100482
B2231264736973N11917583WA0050100482
B2231274736972N11917582WA0050100482
B2231284736970N11917582WA0050100482
B2231294736969N11917581WA0050100482
B2231304736967N11917580WA0050100482
B2231314736965N11917579WA0050100482
B2231324736963N11917579WA0050100482
B2231334736961N11917578WA0050100482
B2231344736960N11917577WA0050100483
B2231354736958N11917577WA0050100483
B2231364736957N11917577WA0050100483
B2231374736955N11917576WA0050100483
B2231384736953N11917576WA0050100484
B2231394736951N11917575WA0050100484
B2231404736949N11917575WA0050100484
B2231414736948N11917575WA0050100484
B2231424736945N11917574WA0050200484
B2231434736943N11917574WA0050200485
B2231444736939N11917573WA0050200485
B2231454736935N11917573WA0050200486
B2231464736930N11917573WA0050200486
B2231474736924N11917573WA0050200485
B2231484736917N11917573WA0050300485
B2231494736910N11917574WA0050300485
B2231504736902N11917575WA0050300485
B2231514736894N11917576WA0050300485
B2231524736887N11917577WA0050400485
B2231534736878N11917578WA0050400485
B2231544736870N11917579WA0050400485
B2231554736861N11917579WA0050400485
B2231564736852N11917580WA0050500485
B2231574736844N11917581WA0050500485
B2231584736835N11917581WA0050500485
B2231594736827N11917581WA0050500485
B2232004736819N11917581WA0050500485
B2232014736813N11917581WA0050500486
B2232024736808N11917581WA0050500486
B2232034736804N11917581WA0050500487
B2232044736802N11917581WA0050500487
B2232054736800N11917581WA0050500487
B2232064736798N11917581WA0050400487
B2232074736796N11917581WA0050400487
B2232084736794N11917581WA0050400487
B2232094736792N11917581WA0050400487
B2232104736790N11917581WA0050400486
B2232114736787N11917582WA0050400486
B2232124736784N11917582WA0050400486
B2232134736780N11917582WA0050400486
B2232144736776N11917582WA0050400486
B2232154736771N11917582WA0050400486
B2232164736766N11917582WA0050400486
B2232174736761N11917582WA0050500486
B2232184736755N11917581WA0050500487
B2232194736751N11917582WA0050500486
B2232204736747N11917582WA0050400487
B2232214736745N11917583WA0050400487
B2232224736742N11917585WA0050400487
B2232234736741N11917588WA0050400487
B2232244736741N11917593WA0050400487
B2232254736741N11917598WA0050400487
B2232264736741N11917604WA0050400487
B2232274736741N11917611WA0050400487
B2232284736742N11917619WA0050400487
B2232294736742N11917626WA0050400487
B2232304736742N11917633WA0050400486
B2232314736742N11917640WA0050400486
B2232324736742N11917646WA0050400485
B2232334736742N11917651WA0050400485
B2232344736741N11917656WA0050400485
B2232354736740N11917660WA0050400485
B2232364736738N11917663WA0050300485
B2232374736736N11917664WA0050300485
B2232384736733N11917664WA0050300485
B2232394736730N11917664WA0050300485
B2232404736727N11917664WA0050300485
B2232414736723N11917664WA0050300485
B2232424736719N11917664WA0050300486
B2232434736715N11917664WA0050300485
B2232444736711N11917664WA0050300485
B2232454736708N11917664WA0050300485
B2232464736704N11917664WA0050300485
B2232474736700N11917664WA0050300485
B2232484736697N11917664WA0050300485
B2232494736693N11917664WA0050300485
B2232504736690N11917665WA0050300485
B2232514736687N11917665WA0050300485
B2232524736685N11917666WA0050300485
B2232534736683N11917666WA0050300485
B2232544736682N11917665WA0050300485
B2232554736681N11917664WA0050300485
B2232564736680N11917662WA0050300485
B2232574736680N11917660WA0050300485
B2232584736681N11917659WA0050300485
B2232594736682N11917658WA0050300485
B2233004736682N11917657WA0050300485
B2233014736682N11917657WA0050300484
B2233024736682N11917657WA0050300485
B2233034736682N11917657WA0050300485
B2233044736682N11917657WA0050300485
B2233054736682N11917656WA0050300485
B2233064736682N11917656WA0050300485
B2233074736682N11917656WA0050300485
B2233084736682N11917656WA0050300485
B2233094736682N11917656WA0050300485
B2233104736682N11917656WA0050300485
B2233114736682N11917656WA0050300485
B2233124736682N11917656WA0050300485
B2233134736682N11917656WA0050300486
B2233144736682N11917656WA0050300486
B2233154736682N11917656WA0050300486
B2233164736682N11917656WA0050300486
B2233174736682N11917656WA0050200486
B2233184736682N11917656WA0050200486
B2233194736682N11917656WA0050200486
B2233204736682N11917656WA0050200486
B2233214736682N11917656WA0050300487
B2233224736682N11917656WA0050300487
B2233234736682N11917656WA0050300487
B2233244736682N11917656WA0050300487
B2233254736682N11917656WA0050300487
B2233264736682N11917656WA0050300487
B2233274736681N11917656WA0050300487
B2233284736681N11917655WA0050300487
B2233294736681N11917655WA0050300487
B2233304736681N11917655WA0050300487
B2233314736681N11917655WA0050300487
B2233324736681N11917654WA0050300487
B2233334736681N11917654WA0050300487
B2233344736681N11917655WA0050300488
B2233354736681N11917654WA0050300487
B2233364736681N11917654WA0050300488
B2233374736681N11917654WA0050300488
B2233384736681N11917654WA0050300489
B2233394736681N11917654WA0050300489
B2233404736681N11917654WA0050300489
B2233414736681N11917654WA0050300489
B2233424736681N11917654WA0050300489
B2233434736681N11917654WA0050300489
B2233444736681N11917654WA0050300489
B2233454736681N11917654WA0050300489
B2233464736681N11917654WA0050300489
B2233474736681N11917654WA0050300489
B2233484736681N11917654WA0050300489
B2233494736681N11917654WA0050300489
B2233504736681N11917654WA0050300489
B2233514736681N11917654WA0050300489
B2233524736681N11917654WA0050300489
B2233534736681N11917654WA0050300489
B2233544736681N11917654WA0050300489
B2233554736681N11917654WA0050300489
B2233564736681N11917654WA0050300489
B2233574736681N11917654WA0050300489
B2233584736681N11917654WA0050300489
B2233594736681N11917654WA0050300489
B2234004736681N11917654WA0050300489
B2234014736681N11917654WA0050300489
B2234024736681N11917654WA0050300489
B2234034736681N11917654WA0050300490
B2234044736681N11917655WA0050300490
B2234054736681N11917654WA0050300490
B2234064736681N11917654WA0050300490
B2234074736681N11917654WA0050300490
B2234084736681N11917654WA0050300491
B2234094736681N11917654WA0050300491
B2234104736681N11917654WA0050300491
B2234114736681N11917654WA0050300491
B2234124736681N11917654WA0050300491
B2234134736681N11917654WA0050300491
B2234144736681N11917654WA0050300491
B2234154736681N11917654WA0050300491
B2234164736681N11917654WA0050300491
B2234174736681N11917654WA0050300492
B2234184736681N11917654WA0050300491
B2234194736681N11917654WA0050300491
B2234204736680N11917654WA0050300491
B2234214736680N11917654WA0050300492
B2234224736680N11917654WA0050300492
B2234234736680N11917654WA0050200492
B2234244736680N11917654WA0050200492
B2234254736680N11917654WA0050300492
B2234264736680N11917655WA0050300491
B2234274736680N11917655WA0050300491
B2234284736680N11917655WA0050300491
B2234294736680N11917655WA0050300491
B2234304736680N11917655WA0050300490
B2234314736681N11917655WA0050300490
B2234324736681N11917656WA0050300490
B2234334736681N11917656WA0050300490
B2234344736681N11917656WA0050300490
B2234354736681N11917656WA0050300490
B2234364736681N11917656WA0050300490
B2234374736681N11917656WA0050300490
B2234384736681N11917656WA0050300490
B2234394736681N11917656WA0050300490
B2234404736681N11917656WA0050300490
B2234414736681N11917656WA0050300490
B2234424736681N11917656WA0050300490
B2234434736681N11917656WA0050300490
B2234444736681N11917656WA0050300490
B2234454736681N11917656WA0050300490
B2234464736682N11917656WA0050300490
B2234474736682N11917656WA0050300490
B2234484736682N11917656WA0050300490
B2234494736681N11917656WA0050300490
B2234504736681N11917656WA0050300490
B2234514736681N11917656WA0050300490
B2234524736681N11917656WA0050300490
B2234534736681N11917656WA0050300490
B2234544736681N11917656WA0050300490
B2234554736681N11917656WA0050300490
B2234564736681N11917656WA0050300490
B2234574736681N11917656WA0050200490
B2234584736681N11917656WA0050200489
B2234594736681N11917656WA0050200489
B2235004736681N11917656WA0050200489
B2235014736682N11917656WA0050200489
B2235024736682N11917656WA0050200489
B2235034736682N11917656WA0050200489
B2235044736682N11917656WA0050200489
B2235054736682N11917656WA0050200488
B2235064736682N11917656WA0050200488
B2235074736682N11917656WA0050200488
B2235084736682N11917656WA0050200488
B2235094736682N11917656WA0050200488
B2235104736682N11917656WA0050200488
B2235114736682N11917656WA0050200488
B2235124736682N11917656WA0050200488
B2235134736682N11917655WA0050200488
B2235144736682N11917655WA0050200488
B2235154736682N11917655WA0050200488
B2235164736682N11917655WA0050200488
B2235174736682N11917655WA0050200488
B2235184736682N11917655WA0050200488
B2235194736682N11917655WA0050200488
B2235204736682N11917656WA0050200488
B2235214736682N11917656WA0050200488
B2235224736682N11917656WA0050200488
B2235234736682N11917656WA0050200488
B2235244736682N11917656WA0050200488
B2235254736682N11917656WA0050200488
B2235264736682N11917656WA0050200488
B2235274736682N11917656WA0050200488
B2235284736682N11917656WA0050200488
B2235294736682N11917656WA0050300488
B2235304736682N11917656WA0050300489
B2235314736682N11917656WA0050300489
B2235324736683N11917656WA0050300489
B2235334736683N11917656WA0050300489
B2235344736683N11917656WA0050200489
B2235354736683N11917656WA0050200489
B2235364736683N11917656WA0050200489
B2235374736683N11917656WA0050200489
B2235384736683N11917656WA0050200489
B2235394736683N11917656WA0050200489
B2235404736683N11917656WA0050200489
B2235414736683N11917656WA0050200489
B2235424736683N11917656WA0050200489
B2235434736683N11917656WA0050200489
B2235444736683N11917656WA0050200489
B2235454736683N11917656WA0050200489
B2235464736683N11917656WA0050200489
B2235474736683N11917656WA0050200489
B2235484736683N11917656WA0050200489
B2235494736683N11917656WA0050300489
B2235504736683N11917656WA0050300489
B2235514736683N11917656WA0050300489
B2235524736683N11917656WA0050300489
B2235534736683N11917656WA0050300489
B2235544736683N11917656WA0050300489
B2235554736683N11917657WA0050300488
B2235564736683N11917657WA0050300488
B2235574736683N11917657WA0050300488
B2235584736683N11917657WA0050300488
B2235594736683N11917657WA0050300488
B2236004736683N11917657WA0050300488
B2236014736683N11917657WA0050300488
B2236024736683N11917657WA0050300488
B2236034736683N11917657WA0050300488
B2236044736683N11917657WA0050300487
B2236054736683N11917657WA0050300487
B2236064736683N11917657WA0050300487
B2236074736683N11917657WA0050300487
B2236084736683N11917657WA0050300487
B2236094736683N11917657WA0050200487
B2236104736683N11917657WA0050200487
B2236114736683N11917657WA0050200487
B2236124736683N11917657WA0050200487
B2236134736683N11917657WA0050200487
B2236144736683N11917657WA0050200487
B2236154736683N11917657WA0050200487
B2236164736683N11917657WA0050200487
B2236174736683N11917657WA0050200487
B2236184736683N11917657WA0050200487
B2236194736683N11917657WA0050200487
B2236204736683N11917657WA0050200487
B2236214736683N11917657WA0050200487
B2236224736683N11917657WA0050200487
B2236234736683N11917657WA0050200486
B2236244736683N11917657WA0050200486
B2236254736683N11917657WA0050200486
B2236264736683N11917657WA0050200486
B2236274736683N11917657WA0050200486
B2236284736683N11917657WA0050200486
B2236294736683N11917657WA0050200486
B2236304736683N11917657WA0050200486
B2236314736683N11917657WA0050200486
B2236324736683N11917657WA0050200486
B2236334736683N11917657WA0050200486
B2236344736683N11917657WA0050200486
B2236354736683N11917657WA0050200486
B2236364736683N11917657WA0050200487
B2236374736683N11917657WA0050200487
B2236384736683N11917657WA0050200487
B2236394736683N11917657WA0050200487
B2236404736683N11917657WA0050200487
B2236414736683N11917657WA0050200487
B2236424736683N11917657WA0050200486
B2236434736683N11917657WA0050200486
B2236444736683N11917657WA0050200486
B2236454736683N11917657WA0050200486
B2236464736683N11917657WA0050200486
B2236474736683N11917657WA0050200486
B2236484736683N11917657WA0050200486
B2236494736683N11917657WA0050200486
B2236504736683N11917657WA0050200486
B2236514736683N11917657WA0050200486
B2236524736683N11917657WA0050200486
B2236534736683N11917657WA0050200486
B2236544736683N11917657WA0050200485
B2236554736683N11917657WA0050200485
B2236564736683N11917657WA0050200486
B2236574736683N11917657WA0050200486
B2236584736683N11917657WA0050200486
B2236594736683N11917657WA0050200486
B2237004736683N11917657WA0050200486
B2237014736683N11917657WA0050200486
B2237024736683N11917657WA0050200486
B2237034736683N11917657WA0050200486
B2237044736683N11917657WA0050200486
B2237054736683N11917658WA0050200486
B2237064736683N11917658WA0050200487
B2237074736683N11917658WA0050200487
B2237084736683N11917658WA0050200487
B2237094736683N11917658WA0050200487
B2237104736683N11917658WA0050200487
B2237114736683N11917658WA0050200487
B2237124736683N11917658WA0050200487
B2237134736683N11917658WA0050200487
B2237144736683N11917658WA0050200487
B2237154736683N11917658WA0050200487
B2237164736683N11917658WA0050200486
B2237174736683N11917658WA0050200486
B2237184736683N11917658WA0050200486
B2237194736683N11917658WA0050200486
B2237204736683N11917658WA0050200486
B2237214736683N11917658WA0050200486
B2237224736683N11917658WA0050200486
B2237234736683N11917658WA0050200486
B2237244736683N11917658WA0050200486
B2237254736683N11917658WA0050200486
B2237264736683N11917658WA0050200486
B2237274736683N11917658WA0050200486
B2237284736682N11917658WA0050300485
B2237294736682N11917658WA0050200485
B2237304736682N11917658WA0050200485
B2237314736682N11917658WA0050200485
B2237324736682N11917658WA0050200485
B2237334736682N11917658WA0050200485
B2237344736682N11917658WA0050300485
B2237354736682N11917658WA0050300485
B2237364736682N11917658WA0050300485
B2237374736682N11917658WA0050300485
B2237384736682N11917658WA0050300484
B2237394736682N11917658WA0050300484
B2237404736682N11917658WA0050300484
B2237414736682N11917658WA0050300484
B2237424736682N11917658WA0050300485
B2237434736682N11917658WA0050300485
B2237444736682N11917658WA0050300485
B2237454736682N11917658WA0050300485
B2237464736682N11917658WA0050300485
B2237474736682N11917658WA0050300485
B2237484736682N11917658WA0050300485
B2237494736682N11917658WA0050300485
B2237504736682N11917658WA0050300485
B2237514736682N11917658WA0050300486
B2237524736682N11917658WA0050300486
B2237534736682N11917658WA0050300486
B2237544736683N11917657WA0050300486
B2237554736683N11917657WA0050300486
B2237564736683N11917657WA0050300487
B2237574736683N11917657WA0050300487
B2237584736683N11917657WA0050300487
B2237594736683N11917657WA0050300487
B2238004736683N11917657WA0050300487
B2238014736683N11917658WA0050300487
B2238024736683N11917658WA0050300487
B2238034736683N11917657WA0050300487
B2238044736683N11917657WA0050300487
B2238054736683N11917657WA0050300487
B2238064736683N11917658WA0050300487
B2238074736683N11917658WA0050300487
B2238084736683N11917658WA0050300488
B2238094736683N11917658WA0050300488
B2238104736683N11917658WA0050300488
B2238114736683N11917658WA0050300488
B2238124736683N11917658WA0050300488
B2238134736683N11917658WA0050300488
B2238144736683N11917658WA0050300488
B2238154736683N11917658WA0050300488
B2238164736683N11917658WA0050300487
B2238174736683N11917658WA0050300488
B2238184736683N11917658WA0050300487
B2238194736683N11917658WA0050300487
B2238204736682N11917658WA0050300488
B2238214736682N11917658WA0050300487
B2238224736682N11917658WA0050300487
B2238234736682N11917658WA0050300487
B2238244736682N11917658WA0050300488
B2238254736682N11917658WA0050300487
B2238264736682N11917658WA0050300487
B2238274736682N11917657WA0050300487
B2238284736682N11917657WA0050300487
B2238294736682N11917657WA0050300487
B2238304736682N11917657WA0050300487
B2238314736682N11917657WA0050300487
B2238324736682N11917657WA0050300487
B2238334736682N11917657WA0050300487
B2238344736682N11917657WA0050300486
B2238354736682N11917657WA0050300486
B2238364736682N11917657WA0050300486
B2238374736682N11917657WA0050300486
B2238384736682N11917657WA0050300486
B2238394736682N11917657WA0050300486
B2238404736682N11917657WA0050300485
B2238414736682N11917657WA0050300485
B2238424736682N11917657WA0050300485
B2238434736682N11917657WA0050300485
B2238444736682N11917657WA0050300485
B2238454736682N11917657WA0050300485
B2238464736682N11917657WA0050300485
B2238474736682N11917657WA0050300485
B2238484736682N11917657WA0050300485
B2238494736682N11917657WA0050300485
B2238504736682N11917657WA0050300485
B2238514736682N11917657WA0050300485
B2238524736682N11917657WA0050300485
B2238534736682N11917657WA0050300485
B2238544736682N11917657WA0050300485
B2238554736681N11917658WA0050300485
B2238564736681N11917658WA0050300485
B2238574736681N11917658WA0050300485
B2238584736681N11917658WA0050300485
B2238594736681N11917658WA0050300485
B2239004736681N11917658WA0050300485
B2239014736681N11917658WA0050300485
B2239024736681N11917658WA0050300485
B2239034736681N11917658WA0050300485
B2239044736681N11917658WA0050300485
B2239054736681N11917658WA0050300486
B2239064736681N11917658WA0050300486
B2239074736681N11917658WA0050300486
B2239084736681N11917658WA0050300486
B2239094736681N11917658WA0050300487
B2239104736681N11917658WA0050300487
B2239114736681N11917658WA0050300487
B2239124736681N11917658WA0050300487
B2239134736681N11917658WA0050200487
B2239144736681N11917658WA0050200487
B2239154736681N11917658WA0050200486
B2239164736681N11917658WA0050200486
B2239174736681N11917658WA0050300486
B2239184736681N11917658WA0050300486
B2239194736681N11917658WA0050300486
B2239204736681N11917658WA0050300486
B2239214736681N11917658WA0050200486
B2239224736681N11917658WA0050200486
B2239234736681N11917658WA0050200485
B2239244736681N11917658WA0050200485
B2239254736681N11917658WA0050200485
B2239264736681N11917658WA0050200485
B2239274736681N11917658WA0050200485
B2239284736681N11917657WA0050200485
B2239294736681N11917657WA0050200485
B2239304736681N11917657WA0050200485
B2239314736681N11917657WA0050200485
B2239324736681N11917657WA0050200485
B2239334736681N11917657WA0050200485
B2239344736681N11917658WA0050200485
B2239354736681N11917658WA0050200485
B2239364736681N11917658WA0050200486
B2239374736681N11917658WA0050200486
B2239384736681N11917658WA0050200486
B2239394736681N11917658WA0050200486
B2239404736681N11917658WA0050200486
B2239414736681N11917658WA0050200486
B2239424736681N11917658WA0050300486
B2239434736681N11917658WA0050300486
B2239444736681N11917658WA0050300486
B2239454736681N11917658WA0050300486
B2239464736681N11917658WA0050300486
B2239474736681N11917658WA0050300486
B2239484736681N11917658WA0050300486
B2239494736681N11917658WA0050300486
B2239504736681N11917659WA0050300486
B2239514736681N11917659WA0050300486
B2239524736681N11917659WA0050300486
B2239534736681N11917659WA0050300486
B2239544736681N11917659WA0050300486
B2239554736681N11917659WA0050300485
B2239564736681N11917659WA0050300485
B2239574736681N11917659WA0050300485
B2239584736681N11917659WA0050300486
B2239594736681N11917659WA0050300485
B2240004736682N11917658WA0050300485
B2240014736682N11917658WA0050300485
B2240024736682N11917658WA0050300485
B2240034736682N11917658WA0050300485
B2240044736682N11917658WA0050300485
B2240054736682N11917658WA0050300485
B2240064736682N11917658WA0050300485
B2240074736682N11917658WA0050300485
B2240084736682N11917658WA0050300485
B2240094736682N11917658WA0050300485
B2240104736682N11917658WA0050300485
B2240114736682N11917658WA0050300485
B2240124736682N11917658WA0050300485
B2240134736682N11917658WA0050300485
B2240144736681N11917658WA0050300485
B2240154736681N11917658WA0050300485
B2240164736681N11917658WA0050300485
B2240174736681N11917658WA0050300486
B2240184736681N11917658WA0050300486
B2240194736681N11917657WA0050300486
B2240204736681N11917657WA0050300485
B2240214736681N11917657WA0050300486
B2240224736681N11917657WA0050300486
B2240234736681N11917657WA0050300486
B2240244736681N11917657WA0050300485
B2240254736681N11917657WA0050300485
B2240264736681N11917657WA0050300485
B2240274736681N11917657WA0050300485
B2240284736681N11917657WA0050300485
B2240294736681N11917657WA0050300485
B2240304736681N11917657WA0050300485
B2240314736681N11917657WA0050300485
B2240324736681N11917657WA0050300485
B2240334736681N11917657WA0050300485
B2240344736681N11917657WA0050300485
B2240354736681N11917657WA0050300485
B2240364736681N11917657WA0050300485
B2240374736681N11917657WA0050300485
B2240384736681N11917657WA0050300485
B2240394736681N11917657WA0050300485
B2240404736681N11917657WA0050300485
B2240414736681N11917657WA0050300485
B2240424736681N11917657WA0050300485
B2240434736681N11917657WA0050300485
B2240444736681N11917657WA0050300485
B2240454736681N11917657WA0050300486
B2240464736681N11917657WA0050300486
B2240474736681N11917657WA0050300486
B2240484736681N11917656WA0050300487
B2240494736681N11917656WA0050300487
B2240504736681N11917656WA0050300487
B2240514736681N11917656WA0050300488
B2240524736681N11917656WA0050300488
B2240534736681N11917656WA0050300488
B2240544736681N11917656WA0050300488
B2240554736681N11917656WA0050300488
B2240564736681N11917656WA0050300489
B2240574736681N11917656WA0050300489
B2240584736681N11917656WA0050300489
B2240594736681N11917656WA0050300489
B2241004736681N11917656WA0050300489
B2241014736681N11917656WA0050300490
B2241024736681N11917655WA0050300489
B2241034736681N11917655WA0050300489
B2241044736680N11917655WA0050300489
B2241054736680N11917655WA0050300489
B2241064736680N11917655WA0050300488
B2241074736680N11917656WA0050300488
B2241084736680N11917656WA0050300488
B2241094736680N11917656WA0050300488
B2241104736680N11917655WA0050300488
B2241114736680N11917655WA0050300488
B2241124736680N11917655WA0050300488
B2241134736680N11917655WA0050300488
B2241144736680N11917656WA0050300487
B2241154736680N11917656WA0050300487
B2241164736680N11917655WA0050300487
B2241174736680N11917655WA0050300487
B2241184736680N11917655WA0050300487
B2241194736679N11917655WA0050300487
B2241204736679N11917655WA0050300486
B2241214736679N11917656WA0050300486
B2241224736679N11917656WA0050300486
B2241234736679N11917656WA0050300486
B2241244736679N11917656WA0050300486
B2241254736679N11917656WA0050300486
B2241264736679N11917656WA0050300485
B2241274736679N11917656WA0050300485
B2241284736679N11917656WA0050300485
B2241294736679N11917656WA0050300485
B2241304736679N11917656WA0050300485
B2241314736679N11917656WA0050300485
B2241324736679N11917656WA0050300485
B2241334736679N11917656WA0050300485
B2241344736679N11917656WA0050300485
B2241354736679N11917656WA0050300486
B2241364736679N11917656WA0050300486
B2241374736679N11917656WA0050300486
B2241384736679N11917656WA0050300486
B2241394736679N11917656WA0050300486
B2241404736679N11917656WA0050300486
B2241414736679N11917656WA0050300486
B2241424736679N11917656WA0050300486
B2241434736679N11917656WA0050300486
B2241444736679N11917657WA0050300486
B2241454736679N11917656WA0050300486
B2241464736679N11917656WA0050300486
B2241474736679N11917657WA0050300486
B2241484736679N11917657WA0050300486
B2241494736679N11917657WA0050300486
B2241504736679N11917657WA0050300485
B2241514736679N11917657WA0050300485
B2241524736679N11917657WA0050300485
B2241534736679N11917657WA0050300486
B2241544736679N11917657WA0050300486
B2241554736679N11917657WA0050300486
B2241564736679N11917657WA0050300486
B2241574736679N11917657WA0050300487
B2241584736679N11917657WA0050300486
B2241594736679N11917657WA0050300486
B2242004736679N11917657WA0050300486
B2242014736679N11917657WA0050300486
B2242024736679N11917658WA0050300486
B2242034736679N11917658WA0050300486
B2242044736679N11917658WA0050300486
B2242054736679N11917658WA0050300486
B2242064736679N11917658WA0050300486
B2242074736679N11917658WA0050300486
B2242084736680N11917658WA0050300486
B2242094736680N11917658WA0050300486
B2242104736680N11917658WA0050300487
B2242114736680N11917658WA0050300487
B2242124736680N11917658WA0050300487
B2242134736680N11917658WA0050300487
B2242144736680N11917658WA0050300487
B2242154736680N11917658WA0050300487
B2242164736680N11917658WA0050300488
B2242174736680N11917658WA0050300488
B2242184736680N11917658WA0050300487
B2242194736681N11917658WA0050300487
B2242204736681N11917658WA0050300487
B2242214736681N11917658WA0050300487
B2242224736681N11917658WA0050300487
B2242234736681N11917658WA0050300487
B2242244736681N11917658WA0050300487
B2242254736681N11917658WA0050300487
B2242264736681N11917658WA0050300488
B2242274736681N11917658WA0050300488
B2242284736681N11917658WA0050300488
B2242294736681N11917658WA0050300488
B2242304736681N11917658WA0050300488
B2242314736681N11917658WA0050300488
B2242324736681N11917658WA0050300488
B2242334736681N11917658WA0050300488
B2242344736681N11917658WA0050300489
B2242354736681N11917658WA0050300489
B2242364736681N11917658WA0050300489
B2242374736681N11917658WA0050300489
B2242384736681N11917658WA0050300489
B2242394736681N11917658WA0050300489
B2242404736681N11917658WA0050300490
B2242414736681N11917658WA0050300490
B2242424736681N11917658WA0050300489
B2242434736681N11917658WA0050300489
B2242444736681N11917658WA0050300489
B2242454736681N11917658WA0050300489
B2242464736681N11917658WA0050300489
B2242474736681N11917658WA0050300488
B2242484736681N11917658WA0050300488
B2242494736681N11917658WA0050300488
B2242504736681N11917658WA0050300488
B2242514736681N11917658WA0050300488
B2242524736681N11917658WA0050300488
B2242534736681N11917658WA0050300487
B2242544736681N11917658WA0050300488
B2242554736681N11917658WA0050300487
B2242564736681N11917658WA0050300487
B2242574736681N11917658WA0050300487
B2242584736681N11917658WA0050300487
B2242594736681N11917658WA0050300487
B2243004736681N11917658WA0050300487
B2243014736681N11917658WA0050300487
B2243024736681N11917658WA0050300487
B2243034736681N11917658WA0050300487
B2243044736681N11917657WA0050300487
B2243054736681N11917658WA0050300487
B2243064736681N11917658WA0050300487
B2243074736681N11917658WA0050300487
B2243084736681N11917658WA0050300487
B2243094736681N11917658WA0050300487
B2243104736681N11917658WA0050300487
B2243114736681N11917657WA0050300487
B2243124736681N11917658WA0050300487
B2243134736681N11917658WA0050300487
B2243144736681N11917658WA0050300487
B2243154736681N11917658WA0050300487
B2243164736681N11917658WA0050300487
B2243174736681N11917658WA0050300488
B2243184736681N11917658WA0050300488
B2243194736681N11917658WA0050300488
B2243204736681N11917658WA0050300488
B2243214736681N11917658WA0050300488
B2243224736681N11917658WA0050300488
B2243234736681N11917658WA0050300489
B2243244736681N11917658WA0050300489
B2243254736681N11917658WA0050300490
B2243264736681N11917658WA0050300490
B2243274736681N11917658WA0050300489
B2243284736681N11917659WA0050300489
B2243294736681N11917659WA0050300489
B2243304736681N11917659WA0050300489
B2243314736682N11917659WA0050300489
B2243324736682N11917659WA0050300490
B2243334736682N11917659WA0050300491
B2243344736682N11917659WA0050300491
B2243354736682N11917659WA0050300491
B2243364736682N11917659WA0050300491
B2243374736682N11917659WA0050300491
B2243384736682N11917659WA0050300491
B2243394736682N11917659WA0050300492
B2243404736682N11917659WA0050300492
B2243414736682N11917659WA0050300492
B2243424736682N11917659WA0050300492
B2243434736682N11917659WA0050300492
B2243444736682N11917659WA0050300492
B2243454736682N11917659WA0050300492
B2243464736682N11917659WA0050300492
B2243474736682N11917659WA0050300492
B2243484736682N11917659WA0050300492
B2243494736682N11917659WA0050300492
B2243504736682N11917659WA0050300493
B2243514736682N11917659WA0050300493
B2243524736682N11917659WA0050300493
B2243534736682N11917659WA0050300493
B2243544736682N11917659WA0050300493
B2243554736682N11917659WA0050300493
B2243564736682N11917659WA0050300493
B2243574736682N11917659WA0050300493
B2243584736682N11917659WA0050300493
B2243594736682N11917659WA0050300493
B2244004736682N11917659WA0050300493
B2244014736682N11917659WA0050300493
B2244024736682N11917659WA0050300493
B2244034736682N11917659WA0050300493
B2244044736682N11917659WA0050300493
B2244054736682N11917659WA0050300493
B2244064736682N11917659WA0050300493
B2244074736682N11917659WA0050300493
B2244084736682N11917659WA0050300493
B2244094736682N11917659WA0050300493
B2244104736682N11917659WA0050300493
B2244114736682N11917659WA0050300492
B2244124736682N11917659WA0050300492
B2244134736682N11917659WA0050300492
B2244144736682N11917659WA0050300492
B2244154736682N11917659WA0050300492
B2244164736682N11917659WA0050300492
B2244174736682N11917659WA0050300492
B2244184736682N11917659WA0050300492
B2244194736682N11917659WA0050300492
B2244204736682N11917659WA0050300492
B2244214736682N11917659WA0050300491
B2244224736682N11917659WA0050300491
B2244234736682N11917659WA0050300491
B2244244736682N11917659WA0050300491
B2244254736682N11917659WA0050300491
B2244264736682N11917659WA0050300491
B2244274736682N11917659WA0050300491
B2244284736682N11917659WA0050300491
B2244294736682N11917659WA0050300491
B2244304736682N11917659WA0050300491
B2244314736682N11917659WA0050300491
B2244324736682N11917659WA0050300491
B2244334736682N11917659WA0050300491
B2244344736682N11917659WA0050300491
B2244354736682N11917659WA0050300490
B2244364736682N11917659WA0050300490
B2244374736682N11917659WA0050300490
B2244384736682N11917659WA0050300490
B2244394736682N11917659WA0050300490
B2244404736682N11917658WA0050300490
B2244414736682N11917658WA0050300490
B2244424736682N11917658WA0050300490
B2244434736682N11917658WA0050300490
B2244444736682N11917658WA0050300490
B2244454736682N11917658WA0050300490
B2244464736682N11917658WA0050300489
B2244474736682N11917658WA0050300489
B2244484736682N11917658WA0050300489
B2244494736682N11917658WA0050300489
B2244504736682N11917658WA0050300489
B2244514736682N11917658WA0050300489
B2244524736682N11917658WA0050300489
B2244534736682N11917658WA0050300489
B2244544736682N11917658WA0050300489
B2244554736682N11917658WA0050300489
B2244564736682N11917658WA0050300489
B2244574736682N11917658WA0050300489
B2244584736682N11917658WA0050300489
B2244594736682N11917658WA0050300489
B2245004736682N11917658WA0050300488
B2245014736683N11917658WA0050300489
B2245024736683N11917658WA0050300489
B2245034736683N11917658WA0050300489
B2245044736683N11917658WA0050300489
B2245054736683N11917658WA0050300489
B2245064736683N11917658WA0050300489
B2245074736683N11917658WA0050300488
B2245084736683N11917658WA0050300488
B2245094736683N11917657WA0050300488
B2245104736683N11917657WA0050300488
B2245114736683N11917657WA0050300488
B2245124736683N11917657WA0050300489
B2245134736683N11917657WA0050300489
B2245144736683N11917657WA0050300489
B2245154736683N11917657WA0050300488
B2245164736683N11917657WA0050300488
B2245174736683N11917657WA0050300488
B2245184736683N11917657WA0050300488
B2245194736683N11917657WA0050300488
B2245204736683N11917657WA0050300487
B2245214736683N11917657WA0050300487
B2245224736683N11917657WA0050300487
B2245234736683N11917657WA0050300487
B2245244736683N11917657WA0050300487
B2245254736683N11917657WA0050300487
B2245264736683N11917657WA0050300487
B2245274736683N11917657WA0050300487
B2245284736683N11917657WA0050300486
B2245294736683N11917657WA0050300486
B2245304736683N11917657WA0050300486
B2245314736684N11917657WA0050300486
B2245324736684N11917657WA0050300486
B2245334736684N11917657WA0050300486
B2245344736684N11917657WA0050300486
B2245354736684N11917656WA0050300486
B2245364736684N11917656WA0050300486
B2245374736684N11917656WA0050300486
B2245384736684N11917656WA0050300486
B2245394736684N11917656WA0050300486
B2245404736684N11917656WA0050300486
B2245414736684N11917656WA0050300486
B2245424736684N11917656WA0050300485
B2245434736684N11917656WA0050300485
B2245444736684N11917656WA0050300485
B2245454736684N11917656WA0050300485
B2245464736684N11917656WA0050300485
B2245474736684N11917656WA0050300484
B2245484736684N11917656WA0050300484
B2245494736684N11917656WA0050300484
B2245504736684N11917656WA0050300485
B2245514736684N11917656WA0050300485
B2245524736684N11917656WA0050300485
B2245534736684N11917656WA0050300485
B2245544736684N11917656WA0050300485
B2245554736683N11917656WA0050300484
B2245564736683N11917656WA0050300484
B2245574736683N11917656WA0050300484
B2245584736683N11917656WA0050300484
B2245594736683N11917656WA0050300484
B2246004736683N11917656WA0050300484
B2246014736683N11917656WA0050300484
B2246024736683N11917656WA0050300484
B2246034736683N11917656WA0050300484
B2246044736683N11917656WA0050300484
B2246054736683N11917656WA0050300484
B2246064736683N11917656WA0050300484
B2246074736683N11917656WA0050300484
B2246084736683N11917656WA0050300484
B2246094736683N11917656WA0050300484
B2246104736683N11917656WA0050300484
B2246114736683N11917656WA0050300484
B2246124736683N11917656WA0050300484
B2246134736683N11917656WA0050300483
B2246144736683N11917656WA0050300483
B2246154736683N11917656WA0050300483
B2246164736683N11917656WA0050300483
B2246174736683N11917656WA0050300483
B2246184736683N11917657WA0050300483
B2246194736683N11917657WA0050300483
B2246204736683N11917657WA0050300483
B2246214736683N11917657WA0050300483
B2246224736683N11917657WA0050300483
B2246234736683N11917657WA0050300484
B2246244736683N11917657WA0050300484
B2246254736683N11917657WA0050300483
B2246264736683N11917657WA0050300483
B2246274736683N11917657WA0050300483
B2246284736683N11917657WA0050300482
B2246294736683N11917657WA0050300482
B2246304736683N11917657WA0050300482
B2246314736683N11917657WA0050300483
B2246324736683N11917657WA0050300483
B2246334736683N11917657WA0050300483
B2246344736683N11917658WA0050300483
B2246354736683N11917658WA0050300483
B2246364736683N11917658WA0050300483
B2246374736683N11917658WA0050300483
B2246384736683N11917658WA0050300483
B2246394736683N11917658WA0050400483
B2246404736683N11917658WA0050400483
B2246414736683N11917658WA0050400483
B2246424736683N11917658WA0050400483
B2246434736683N11917658WA0050400483
B2246444736683N11917658WA0050400483
B2246454736683N11917658WA0050400482
B2246464736683N11917658WA0050400482
B2246474736683N11917658WA0050400482
B2246484736683N11917658WA0050400482
B2246494736683N11917658WA0050400482
B2246504736683N11917658WA0050400482
B2246514736683N11917658WA0050400482
B2246524736683N11917658WA0050400482
B2246534736683N11917658WA0050400482
B2246544736683N11917658WA0050400482
B2246554736683N11917658WA0050400482
B2246564736683N11917658WA0050400483
B2246574736683N11917658WA0050400483
B2246584736683N11917658WA0050400483
B2246594736683N11917658WA0050400483
B2247004736683N11917658WA0050400483
B2247014736683N11917658WA0050400484
B2247024736682N11917658WA0050400484
B2247034736682N11917658WA0050400484
B2247044736682N11917658WA0050400484
B2247054736682N11917658WA0050400484
B2247064736682N11917658WA0050400485
B2247074736682N11917658WA0050400485
B2247084736682N11917659WA0050400485
B2247094736682N11917659WA0050400485
B2247104736682N11917659WA0050400485
B2247114736682N11917659WA0050400485
B2247124736682N11917659WA0050400485
B2247134736682N11917659WA0050400485
B2247144736682N11917659WA0050400485
B2247154736682N11917659WA0050400486
B2247164736682N11917659WA0050400486
B2247174736682N11917659WA0050400486
B2247184736682N11917659WA0050400486
B2247194736682N11917659WA0050400486
B2247204736682N11917659WA0050400486
B2247214736682N11917659WA0050400486
B2247224736682N11917659WA0050400486
B2247234736683N11917659WA0050400486
B2247244736683N11917659WA0050400486
B2247254736683N11917659WA0050400485
B2247264736683N11917659WA0050400485
B2247274736683N11917659WA0050400485
B2247284736683N11917659WA0050400485
B2247294736683N11917659WA0050400485
B2247304736683N11917659WA0050400485
B2247314736683N11917659WA0050400484
B2247324736683N11917659WA0050400485
B2247334736683N11917658WA0050400484
B2247344736683N11917658WA0050400484
B2247354736683N11917658WA0050400484
B2247364736683N11917658WA0050400484
B2247374736683N11917658WA0050400484
B2247384736682N11917658WA0050400484
B2247394736682N11917658WA0050400484
B2247404736682N11917658WA0050400483
B2247414736683N11917658WA0050400483
B2247424736683N11917658WA0050400483
B2247434736683N11917657WA0050400482
B2247444736683N11917657WA0050400483
B2247454736683N11917657WA0050400482
B2247464736683N11917657WA0050400482
B2247474736683N11917657WA0050400482
B2247484736683N11917657WA0050400481
B2247494736683N11917657WA0050400481
B2247504736683N11917657WA0050400481
B2247514736684N11917657WA0050400480
B2247524736684N11917657WA0050400480
B2247534736684N11917656WA0050400479
B2247544736684N11917656WA0050400479
B2247554736684N11917656WA0050400478
B2247564736684N11917656WA0050400478
B2247574736684N11917656WA0050400477
B2247584736684N11917656WA0050400477
B2247594736684N11917656WA0050400476
B2248004736684N11917656WA0050400476
B2248014736684N11917656WA0050400476
B2248024736684N11917656WA0050400475
B2248034736684N11917656WA0050400475
B2248044736684N11917656WA0050400475
B2248054736684N11917656WA0050400475
B2248064736684N11917656WA0050400474
B2248074736684N11917655WA0050400475
B2248084736684N11917655WA0050400475
B2248094736684N11917655WA0050400475
B2248104736684N11917656WA0050400475
B2248114736684N11917655WA0050400475
B2248124736684N11917655WA0050400474
B2248134736683N11917656WA0050400474
B2248144736683N11917656WA0050400474
B2248154736683N11917656WA0050400474
B2248164736683N11917656WA0050400475
B2248174736683N11917656WA0050400476
B2248184736683N11917656WA0050400475
B2248194736683N11917656WA0050400475
B2248204736683N11917656WA0050400475
B2248214736683N11917656WA0050400476
B2248224736683N11917656WA0050400476
B2248234736683N11917656WA0050300476
B2248244736682N11917656WA0050300476
B2248254736682N11917656WA0050400477
B2248264736682N11917656WA0050400477
B2248274736682N11917656WA0050300477
B2248284736682N11917657WA0050300476
B2248294736682N11917657WA0050400476
B2248304736682N11917657WA0050400476
B2248314736682N11917657WA0050400476
B2248324736682N11917657WA0050400477
B2248334736682N11917657WA0050400477
B2248344736682N11917657WA0050400477
B2248354736682N11917657WA0050400477
B2248364736682N11917658WA0050400477
B2248374736682N11917658WA0050400477
B2248384736682N11917658WA0050400477
B2248394736682N11917658WA0050400478
B2248404736682N11917658WA0050400479
B2248414736682N11917658WA0050400479
B2248424736682N11917658WA0050400479
B2248434736682N11917658WA0050400480
B2248444736682N11917657WA0050400481
B2248454736682N11917657WA0050400481
B2248464736682N11917657WA0050400481
B2248474736682N11917657WA0050400480
B2248484736682N11917657WA0050400481
B2248494736682N11917657WA0050400481
B2248504736682N11917657WA0050400481
B2248514736682N11917657WA0050400481
B2248524736682N11917658WA0050400480
B2248534736682N11917658WA0050400480
B2248544736682N11917658WA0050400480
B2248554736682N11917658WA0050300480
B2248564736682N11917658WA0050300479
B2248574736682N11917658WA0050300480
B2248584736682N11917658WA0050300480
B2248594736682N11917658WA0050300480
B2249004736682N11917658WA0050300480
B2249014736682N11917658WA0050300480
B2249024736682N11917658WA0050300480
B2249034736682N11917658WA0050300479
B2249044736682N11917658WA0050300480
B2249054736682N11917658WA0050300479
B2249064736682N11917658WA0050300479
B2249074736682N11917658WA0050300480
B2249084736682N11917658WA0050300480
B2249094736682N11917658WA0050300481
B2249104736682N11917659WA0050300481
B2249114736682N11917659WA0050300480
B2249124736683N11917659WA0050300480
B2249134736683N11917659WA0050300480
B2249144736683N11917659WA0050300480
B2249154736682N11917659WA0050300479
B2249164736682N11917659WA0050400479
B2249174736682N11917659WA0050400479
B2249184736682N11917659WA0050400479
B2249194736682N11917659WA0050400479
B2249204736682N11917659WA0050300479
B2249214736682N11917659WA0050400479
B2249224736682N11917659WA0050400477
B2249234736682N11917659WA0050400478
B2249244736682N11917659WA0050400478
B2249254736682N11917659WA0050300477
B2249264736682N11917659WA0050300477
B2249274736682N11917659WA0050300477
B2249284736682N11917659WA0050400477
B2249294736682N11917659WA0050400477
B2249304736682N11917659WA0050300478
B2249314736682N11917659WA0050300478
B2249324736682N11917659WA0050300478
B2249334736682N11917659WA0050300478
B2249344736682N11917658WA0050300478
B2249354736682N11917658WA0050300478
B2249364736682N11917658WA0050300478
B2249374736682N11917658WA0050300478
B2249384736682N11917658WA0050300478
B2249394736682N11917658WA0050300477
B2249404736682N11917658WA0050300478
B2249414736682N11917658WA0050300478
B2249424736682N11917658WA0050300478
B2249434736682N11917658WA0050300478
B2249444736682N11917658WA0050300478
B2249454736682N11917658WA0050300477
B2249464736682N11917658WA0050300478
B2249474736682N11917657WA0050300478
B2249484736682N11917657WA0050300478
B2249494736682N11917657WA0050300479
B2249504736682N11917657WA0050300480
B2249514736682N11917657WA0050300479
B2249524736682N11917657WA0050300480
B2249534736682N11917657WA0050300480
B2249544736682N11917657WA0050300480
B2249554736682N11917657WA0050300480
B2249564736682N11917657WA0050300479
B2249574736682N11917657WA0050300480
B2249584736682N11917657WA0050300479
B2249594736682N11917657WA0050300479
B2250004736682N11917657WA0050300479
B2250014736682N11917657WA0050300478
B2250024736682N11917657WA0050300477
B2250034736682N11917657WA0050300478
B2250044736682N11917657WA0050300478
B2250054736682N11917657WA0050300479
B2250064736682N11917657WA0050300479
B2250074736682N11917657WA0050300479
B2250084736682N11917657WA0050300479
B2250094736682N11917657WA0050300480
B2250104736682N11917657WA0050300480
B2250114736682N11917657WA0050300481
B2250124736682N11917657WA0050300481
B2250134736682N11917657WA0050300481
B2250144736682N11917657WA0050300481
B2250154736682N11917657WA0050300481
B2250164736682N11917657WA0050300482
B2250174736682N11917657WA0050300482
B2250184736681N11917657WA0050300482
B2250194736681N11917657WA0050300482
B2250204736681N11917657WA0050300483
B2250214736681N11917657WA0050300482
B2250224736681N11917657WA0050300482
B2250234736681N11917657WA0050300483
B2250244736681N11917657WA0050300483
B2250254736681N11917657WA0050300482
B2250264736681N11917657WA0050300483
B2250274736681N11917657WA0050300483
B2250284736681N11917657WA0050300483
B2250294736682N11917657WA0050300482
B2250304736682N11917657WA0050300482
B2250314736682N11917657WA0050300482
B2250324736682N11917657WA0050300482
B2250334736682N11917657WA0050300482
B2250344736682N11917657WA0050300482
B2250354736682N11917657WA0050300481
B2250364736682N11917657WA0050300481
B2250374736682N11917657WA0050300480
B2250384736682N11917656WA0050300481
B2250394736682N11917656WA0050300482
B2250404736682N11917656WA0050300481
B2250414736682N11917656WA0050300481
B2250424736682N11917656WA0050300481
B2250434736682N11917656WA0050300481
B2250444736682N11917656WA0050300482
B2250454736682N11917655WA0050300482
B2250464736682N11917655WA0050300482
B2250474736683N11917655WA0050300481
B2250484736683N11917655WA0050300481
B2250494736683N11917655WA0050300481
B2250504736683N11917655WA0050300481
B2250514736683N11917655WA0050300480
B2250524736683N11917655WA0050300479
B2250534736683N11917655WA0050300479
B2250544736683N11917655WA0050300479
B2250554736683N11917656WA0050300478
B2250564736683N11917656WA0050300477
B2250574736684N11917656WA0050300477
B2250584736684N11917656WA0050300476
B2250594736684N11917656WA0050300476
B2251004736684N11917656WA0050300475
B2251014736684N11917656WA0050300475
B2251024736684N11917656WA0050300475
B2251034736684N11917656WA0050300475
B2251044736684N11917656WA0050300475
B2251054736684N11917656WA0050300474
B2251064736684N11917657WA0050300474
B2251074736684N11917656WA0050300474
B2251084736684N11917656WA0050300475
B2251094736683N11917656WA0050300475
B2251104736683N11917656WA0050300475
B2251114736683N11917656WA0050300476
B2251124736683N11917656WA0050300476
B2251134736683N11917656WA0050300477
B2251144736683N11917656WA0050300478
B2251154736683N11917656WA0050300478
B2251164736683N11917656WA0050300478
B2251174736683N11917656WA0050300479
B2251184736683N11917656WA0050300479
B2251194736683N11917656WA0050300480
B2251204736683N11917656WA0050300480
B2251214736682N11917656WA0050300480
B2251224736682N11917656WA0050300481
B2251234736682N11917656WA0050300481
B2251244736682N11917656WA0050300481
B2251254736682N11917656WA0050300481
B2251264736682N11917656WA0050300481
B2251274736682N11917656WA0050300482
B2251284736682N11917656WA0050300482
B2251294736682N11917656WA0050300482
B2251304736682N11917656WA0050300482
B2251314736682N11917656WA0050300482
B2251324736682N11917656WA0050300482
B2251334736682N11917656WA0050300482
B2251344736682N11917656WA0050300482
B2251354736682N11917656WA0050300482
B2251364736682N11917656WA0050300482
B2251374736682N11917656WA0050300482
B2251384736682N11917656WA0050300482
B2251394736682N11917656WA0050300482
B2251404736682N11917657WA0050300482
B2251414736682N11917656WA0050300482
B2251424736682N11917657WA0050300482
B2251434736682N11917657WA0050300482
B2251444736682N11917657WA0050300482
B2251454736682N11917657WA0050300482
B2251464736682N11917656WA0050300483
B2251474736682N11917656WA0050300483
B2251484736682N11917656WA0050300483
B2251494736682N11917656WA0050300484
B2251504736682N11917656WA0050300484
B2251514736682N11917656WA0050300484
B2251524736682N11917656WA0050300485
B2251534736682N11917656WA0050300485
B2251544736682N11917656WA0050300485
B2251554736682N11917655WA0050300485
B2251564736681N11917655WA0050300485
B2251574736681N11917655WA0050300486
B2251584736681N11917655WA0050300486
B2251594736681N11917655WA0050400486
B2252004736681N11917655WA0050400486
B2252014736681N11917655WA0050400486
B2252024736681N11917655WA0050400486
B2252034736681N11917655WA0050400486
B2252044736681N11917655WA0050400486
B2252054736681N11917655WA0050400486
B2252064736681N11917655WA0050400485
B2252074736681N11917654WA0050400485
B2252084736681N11917654WA0050400485
B2252094736681N11917654WA0050400485
B2252104736681N11917654WA0050400485
B2252114736681N11917654WA0050400485
B2252124736681N11917654WA0050400485
B2252134736681N11917654WA0050400485
B2252144736681N11917654WA0050400485
B2252154736681N11917654WA0050400485
B2252164736681N11917654WA0050300485
B2252174736681N11917654WA0050300485
B2252184736681N11917654WA0050300484
B2252194736681N11917654WA0050300484
B2252204736681N11917654WA0050300484
B2252214736681N11917654WA0050300484
B2252224736681N11917654WA0050300484
B2252234736681N11917654WA0050300484
B2252244736681N11917654WA0050300484
B2252254736681N11917654WA0050300484
B2252264736681N11917654WA0050300485
B2252274736681N11917654WA0050300485
B2252284736681N11917654WA0050300485
B2252294736681N11917654WA0050300485
B2252304736681N11917654WA0050300485
B2252314736681N11917654WA0050300485
B2252324736681N11917654WA0050300485
B2252334736681N11917653WA0050300486
B2252344736681N11917653WA0050300486
B2252354736681N11917653WA0050300486
B2252364736681N11917653WA0050300486
B2252374736681N11917653WA0050300486
B2252384736681N11917653WA0050300486
B2252394736681N11917653WA0050300486
B2252404736681N11917653WA0050300487
B2252414736681N11917653WA0050300487
B2252424736681N11917653WA0050300488
B2252434736681N11917653WA0050300488
B2252444736681N11917653WA0050300488
B2252454736681N11917653WA0050300488
B2252464736681N11917653WA0050300488
B2252474736681N11917653WA0050300488
B2252484736681N11917653WA0050300488
B2252494736681N11917653WA0050300489
B2252504736681N11917653WA0050300489
B2252514736681N11917654WA0050300489
B2252524736681N11917654WA0050300489
B2252534736681N11917654WA0050400489
B2252544736681N11917654WA0050400489
B2252554736681N11917654WA0050400489
B2252564736681N11917654WA0050400489
B2252574736681N11917654WA0050400489
B2252584736681N11917654WA0050400489
B2252594736681N11917654WA0050400489
B2253004736681N11917654WA0050400489
B2253014736681N11917654WA0050400489
B2253024736681N11917654WA0050400488
B2253034736681N11917654WA0050400488
B2253044736681N11917655WA0050400488
B2253054736681N11917655WA0050400488
B2253064736681N11917655WA0050400488
B2253074736681N11917655WA0050400489
B2253084736681N11917655WA0050400489
B2253094736681N11917655WA0050400489
B2253104736681N11917655WA0050400489
B2253114736681N11917655WA0050400489
B2253124736681N11917655WA0050400489
B2253134736681N11917655WA0050400489
B2253144736681N11917655WA0050400488
B2253154736681N11917655WA0050400488
B2253164736681N11917655WA0050400488
B2253174736681N11917655WA0050400488
B2253184736680N11917655WA0050400488
B2253194736681N11917655WA0050400488
B2253204736680N11917655WA0050400488
B2253214736680N11917655WA0050400488
B2253224736680N11917655WA0050400487
B2253234736680N11917655WA0050400487
B2253244736680N11917655WA0050400487
B2253254736681N11917655WA0050400487
B2253264736681N11917655WA0050400487
B2253274736681N11917654WA0050400487
B2253284736681N11917654WA0050400487
B2253294736681N11917654WA0050400487
B2253304736681N11917654WA0050400487
B2253314736681N11917654WA0050400487
B2253324736681N11917655WA0050400487
B2253334736681N11917655WA0050400487
B2253344736681N11917655WA0050400487
B2253354736681N11917655WA0050400487
B2253364736681N11917654WA0050400487
B2253374736681N11917654WA0050400488
B2253384736681N11917654WA0050400487
B2253394736681N11917654WA0050400487
B2253404736681N11917654WA0050400488
B2253414736681N11917654WA0050400488
B2253424736681N11917655WA0050400488
B2253434736681N11917655WA0050400488
B2253444736681N11917655WA0050400488
B2253454736681N11917655WA0050400488
B2253464736681N11917655WA0050400488
B2253474736681N11917655WA0050400488
B2253484736681N11917654WA0050400488
B2253494736681N11917655WA0050400488
B2253504736681N11917655WA0050400488
B2253514736681N11917655WA0050400488
B2253524736681N11917655WA0050400487
B2253534736681N11917655WA0050400487
B2253544736681N11917655WA0050400487
B2253554736681N11917655WA0050400487
B2253564736681N11917655WA0050400487
B2253574736681N11917655WA0050400487
B2253584736681N11917655WA0050400487
B2253594736681N11917655WA0050400487
B2254004736681N11917655WA0050400487
B2254014736681N11917655WA0050400486
B2254024736681N11917655WA0050400486
B2254034736681N11917655WA0050400486
B2254044736681N11917655WA0050400486
B2254054736681N11917655WA0050400486
B2254064736681N11917655WA0050400486
B2254074736681N11917655WA0050400486
B2254084736681N11917655WA0050400486
B2254094736681N11917655WA0050400486
B2254104736681N11917655WA0050400486
B2254114736681N11917655WA0050400486
B2254124736681N11917655WA0050400486
B2254134736681N11917655WA0050400485
B2254144736681N11917655WA0050400486
B2254154736681N11917656WA0050400486
B2254164736681N11917656WA0050400485
B2254174736681N11917656WA0050400485
B2254184736681N11917656WA0050400485
B2254194736681N11917656WA0050400485
B2254204736681N11917656WA0050400485
B2254214736681N11917656WA0050400485
B2254224736681N11917656WA0050400485
B2254234736681N11917656WA0050400485
B2254244736681N11917656WA0050400485
B2254254736681N11917656WA0050400485
B2254264736681N11917656WA0050400485
B2254274736681N11917656WA0050400485
B2254284736681N11917656WA0050400485
B2254294736681N11917656WA0050400485
B2254304736681N11917656WA0050400484
B2254314736681N11917656WA0050400484
B2254324736681N11917656WA0050400485
B2254334736681N11917656WA0050400484
B2254344736681N11917656WA0050400485
B2254354736681N11917656WA0050400485
B2254364736681N11917656WA0050400485
B2254374736681N11917656WA0050400485
B2254384736681N11917656WA0050400485
B2254394736681N11917656WA0050400485
B2254404736681N11917656WA0050400485
B2254414736681N11917656WA0050400485
B2254424736682N11917656WA0050400485
B2254434736682N11917656WA0050400485
B2254444736682N11917656WA0050400485
B2254454736682N11917656WA0050400485
B2254464736682N11917656WA0050400485
B2254474736682N11917656WA0050400485
B2254484736682N11917656WA0050400485
B2254494736682N11917656WA0050400485
B2254504736682N11917656WA0050400485
B2254514736682N11917656WA0050400485
B2254524736682N11917656WA0050400484
B2254534736682N11917656WA0050400484
B2254544736682N11917656WA0050400484
B2254554736682N11917656WA0050400484
B2254564736682N11917656WA0050400484
B2254574736682N11917656WA0050400484
B2254584736682N11917656WA0050400484
B2254594736682N11917656WA0050400484
B2255004736682N11917656WA0050400484
B2255014736682N11917656WA0050400483
B2255024736682N11917656WA0050400483
B2255034736682N11917656WA0050400483
B2255044736682N11917656WA0050400483
B2255054736682N11917656WA0050400483
B2255064736682N11917656WA0050400483
B2255074736682N11917656WA0050400483
B2255084736682N11917656WA0050400482
B2255094736682N11917656WA0050400482
B2255104736682N11917657WA0050400482
B2255114736682N11917657WA0050400482
B2255124736682N11917657WA0050400482
B2255134736682N11917657WA0050400482
B2255144736682N11917657WA0050400482
B2255154736682N11917657WA0050400482
B2255164736682N11917657WA0050400482
B2255174736682N11917657WA0050400482
B2255184736682N11917657WA0050400482
B2255194736682N11917657WA0050400482
B2255204736682N11917657WA0050400482
B2255214736682N11917657WA0050400482
B2255224736682N11917657WA0050400483
B2255234736682N11917657WA0050400483
B2255244736682N11917657WA0050400483
B2255254736682N11917657WA0050400483
B2255264736682N11917657WA0050400483
B2255274736682N11917657WA0050400483
B2255284736682N11917657WA0050400483
B2255294736682N11917657WA0050400483
B2255304736682N11917657WA0050400483
B2255314736682N11917657WA0050400483
B2255324736682N11917657WA0050400483
B2255334736682N11917657WA0050400483
B2255344736682N11917657WA0050400483
B2255354736682N11917657WA0050400483
B2255364736682N11917657WA0050400483
B2255374736682N11917657WA0050400482
B2255384736682N11917657WA0050400483
B2255394736682N11917657WA0050400483
B2255404736682N11917657WA0050400483
B2255414736682N11917657WA0050400483
B2255424736682N11917657WA0050400483
B2255434736682N11917657WA0050400483
B2255444736682N11917657WA0050400483
B2255454736682N11917657WA0050400483
B2255464736682N11917657WA0050400483
B2255474736682N11917657WA0050400483
B2255484736682N11917657WA0050400483
B2255494736682N11917657WA0050400483
B2255504736682N11917657WA0050400483
B2255514736682N11917657WA0050400483
B2255524736682N11917657WA0050400483
B2255534736682N11917657WA0050400483
B2255544736682N11917657WA0050400483
B2255554736682N11917657WA0050400483
B2255564736682N11917657WA0050400483
B2255574736682N11917657WA0050400483
B2255584736682N11917657WA0050400483
B2255594736682N11917657WA0050400483
B2256004736682N11917657WA0050400483
B2256014736682N11917657WA0050400483
B2256024736682N11917657WA0050400483
B2256034736682N11917657WA0050400484
B2256044736682N11917657WA0050400484
B2256054736682N11917657WA0050400484
B2256064736682N11917656WA0050400484
B2256074736682N11917656WA0050400484
B2256084736682N11917656WA0050400484
B2256094736682N11917656WA0050400485
B2256104736682N11917656WA0050400485
B2256114736682N11917656WA0050400485
B2256124736682N11917656WA0050400485
B2256134736682N11917656WA0050400485
B2256144736682N11917656WA0050400485
B2256154736682N11917656WA0050400485
B2256164736682N11917656WA0050400485
B2256174736682N11917656WA0050400485
B2256184736682N11917656WA0050400485
B2256194736682N11917656WA0050400486
B2256204736682N11917656WA0050400485
B2256214736682N11917656WA0050400485
B2256224736682N11917656WA0050400485
B2256234736682N11917656WA0050500485
B2256244736682N11917656WA0050400485
B2256254736682N11917656WA0050500485
B2256264736682N11917657WA0050500485
B2256274736682N11917656WA0050500485
B2256284736682N11917656WA0050500485
B2256294736682N11917656WA0050500485
B2256304736682N11917656WA0050500485
B2256314736682N11917657WA0050400485
B2256324736682N11917657WA0050400485
B2256334736682N11917657WA0050400485
B2256344736682N11917657WA0050400485
B2256354736682N11917657WA0050400484
B2256364736682N11917657WA0050400484
B2256374736682N11917657WA0050400484
B2256384736682N11917657WA0050400484
B2256394736682N11917657WA0050400484
B2256404736682N11917657WA0050400484
B2256414736682N11917657WA0050400484
B2256424736682N11917657WA0050400483
B2256434736682N11917658WA0050400483
B2256444736682N11917658WA0050400483
B2256454736682N11917658WA0050400482
B2256464736682N11917658WA0050400482
B2256474736683N11917658WA0050400482
B2256484736683N11917658WA0050400482
B2256494736683N11917658WA0050400482
B2256504736683N11917658WA0050400481
B2256514736683N11917658WA0050400481
B2256524736683N11917658WA0050400481
B2256534736683N11917658WA0050400481
B2256544736683N11917658WA0050400480
B2256554736683N11917659WA0050400480
B2256564736683N11917659WA0050400480
B2256574736683N11917659WA0050400480
B2256584736683N11917659WA0050400480
B2256594736683N11917659WA0050400480
B2257004736683N11917659WA0050400480
B2257014736683N11917658WA0050400480
B2257024736683N11917658WA0050400480
B2257034736683N11917658WA0050400480
B2257044736683N11917658WA0050500480
B2257054736683N11917658WA0050500480
B2257064736683N11917658WA0050500480
B2257074736683N11917658WA0050500480
B2257084736683N11917658WA0050500480
B2257094736683N11917658WA0050500480
B2257104736683N11917658WA0050500480
B2257114736683N11917658WA0050500480
B2257124736683N11917658WA0050500480
B2257134736683N11917658WA0050500480
B2257144736683N11917658WA0050500480
B2257154736683N11917658WA0050500480
B2257164736683N11917658WA0050500480
B2257174736683N11917658WA0050500480
B2257184736683N11917658WA0050500480
B2257194736683N11917658WA0050500480
B2257204736683N11917658WA0050500480
B2257214736683N11917658WA0050500480
B2257224736683N11917658WA0050500480
B2257234736683N11917658WA0050500480
B2257244736683N11917658WA0050500480
B2257254736683N11917658WA0050500480
B2257264736683N11917658WA0050500480
B2257274736683N11917659WA0050500480
B2257284736683N11917659WA0050500480
B2257294736683N11917659WA0050500480
B2257304736683N11917659WA0050500480
B2257314736683N11917659WA0050500480
B2257324736683N11917659WA0050500480
B2257334736683N11917659WA0050500480
B2257344736683N11917659WA0050500480
B2257354736683N11917659WA0050500480
B2257364736683N11917659WA0050500480
B2257374736683N11917659WA0050500480
B2257384736683N11917659WA0050500480
B2257394736683N11917659WA0050500480
B2257404736683N11917659WA0050500480
B2257414736683N11917659WA0050500480
B2257424736683N11917659WA0050500481
B2257434736683N11917659WA0050500481
B2257444736683N11917659WA0050500481
B2257454736683N11917658WA0050500481
B2257464736683N11917658WA0050500481
B2257474736683N11917658WA0050500481
B2257484736683N11917658WA0050500481
B2257494736683N11917658WA0050500481
B2257504736683N11917658WA0050500481
B2257514736683N11917658WA0050500481
B2257524736683N11917658WA0050500481
B2257534736683N11917658WA0050500481
B2257544736683N11917658WA0050500480
B2257554736683N11917657WA0050500480
B2257564736683N11917657WA0050500480
B2257574736683N11917657WA0050500481
B2257584736683N11917657WA0050500481
B2257594736683N11917657WA0050500481
B2258004736683N11917657WA0050500481
B2258014736683N11917657WA0050500481
B2258024736683N11917657WA0050500481
B2258034736683N11917657WA0050500481
B2258044736683N11917657WA0050500480
B2258054736683N11917657WA0050500480
B2258064736683N11917657WA0050500480
B2258074736683N11917657WA0050500480
B2258084736683N11917657WA0050500480
B2258094736683N11917657WA0050500480
B2258104736683N11917657WA0050500480
B2258114736683N11917657WA0050500480
B2258124736683N11917657WA0050400480
B2258134736683N11917657WA0050400480
B2258144736683N11917657WA0050400480
B2258154736683N11917657WA0050400480
B2258164736683N11917656WA0050400480
B2258174736683N11917656WA0050400480
B2258184736683N11917656WA0050400480
B2258194736683N11917656WA0050400480
B2258204736683N11917657WA0050400480
B2258214736683N11917656WA0050400480
B2258224736683N11917656WA0050500480
B2258234736683N11917656WA0050500480
B2258244736683N11917656WA0050400480
B2258254736683N11917656WA0050500480
B2258264736683N11917656WA0050500480
B2258274736683N11917656WA0050500480
B2258284736683N11917656WA0050500480
B2258294736683N11917656WA0050500480
B2258304736682N11917656WA0050500480
B2258314736682N11917656WA0050500480
B2258324736682N11917656WA0050500480
B2258334736682N11917656WA0050500480
B2258344736682N11917655WA0050500480
B2258354736682N11917655WA0050500481
B2258364736682N11917655WA0050500481
B2258374736682N11917655WA0050500481
B2258384736682N11917655WA0050500481
B2258394736682N11917655WA0050500481
B2258404736682N11917655WA0050500481
B2258414736682N11917655WA0050500481
B2258424736682N11917655WA0050500481
B2258434736682N11917655WA0050500481
B2258444736682N11917655WA0050500481
B2258454736682N11917655WA0050500481
B2258464736682N11917656WA0050500481
B2258474736682N11917655WA0050500480
B2258484736682N11917655WA0050500481
B2258494736682N11917655WA0050500481
B2258504736682N11917655WA0050500481
B2258514736682N11917655WA0050500481
B2258524736682N11917655WA0050500481
B2258534736682N11917655WA0050500481
B2258544736682N11917655WA0050500481
B2258554736682N11917655WA0050500481
B2258564736682N11917654WA0050500481
B2258574736682N11917654WA0050500481
B2258584736682N11917654WA0050500481
B2258594736682N11917654WA0050500481
B2259004736682N11917654WA0050500481
B2259014736682N11917654WA0050500481
B2259024736682N11917654WA0050500481
B2259034736682N11917654WA0050500481
B2259044736682N11917654WA0050500481
B2259054736682N11917654WA0050500480
B2259064736682N11917653WA0050500480
B2259074736682N11917653WA0050500480
B2259084736682N11917653WA0050500479
B2259094736682N11917653WA0050500479
B2259104736682N11917653WA0050500479
B2259114736682N11917653WA0050500479
B2259124736682N11917653WA0050500479
B2259134736682N11917653WA0050500479
B2259144736682N11917653WA0050500479
B2259154736682N11917652WA0050500479
B2259164736682N11917652WA0050500479
B2259174736682N11917652WA0050500479
B2259184736682N11917653WA0050500479
B2259194736682N11917653WA0050500479
B2259204736682N11917653WA0050500479
B2259214736682N11917652WA0050500479
B2259224736682N11917653WA0050500479
B2259234736682N11917653WA0050500479
B2259244736682N11917653WA0050500479
B2259254736682N11917653WA0050500479
B2259264736682N11917653WA0050500479
B2259274736682N11917653WA0050500479
B2259284736682N11917653WA0050500479
B2259294736682N11917653WA0050500479
B2259304736682N11917653WA0050500479
B2259314736682N11917653WA0050500479
B2259324736682N11917653WA0050500479
B2259334736682N11917653WA0050500479
B2259344736682N11917654WA0050500479
B2259354736682N11917654WA0050500479
B2259364736682N11917654WA0050500479
B2259374736682N11917654WA0050500479
B2259384736682N11917654WA0050500478
B2259394736682N11917654WA0050500479
B2259404736682N11917654WA0050500478
B2259414736682N11917654WA0050500478
B2259424736682N11917654WA0050500478
B2259434736682N11917654WA0050500478
B2259444736682N11917655WA0050500479
B2259454736681N11917655WA0050500479
B2259464736681N11917656WA0050500479
B2259474736681N11917656WA0050500479
B2259484736680N11917657WA0050500479
B2259494736680N11917658WA0050500479
B2259504736680N11917658WA0050500479
B2259514736680N11917659WA0050500479
B2259524736679N11917659WA0050500478
B2259534736679N11917659WA0050500479
B2259544736679N11917659WA0050500479
B2259554736680N11917659WA0050500479
B2259564736680N11917659WA0050500479
B2259574736680N11917659WA0050500479
B2259584736681N11917659WA0050500478
B2259594736682N11917660WA0050500478
B2300004736683N11917660WA0050500478
B2300014736685N11917660WA0050500478
B2300024736687N11917661WA0050500479
B2300034736689N11917661WA0050500479
B2300044736692N11917661WA0050500480
B2300054736696N11917661WA0050500480
B2300064736699N11917661WA0050500480
B2300074736703N11917661WA0050500480
B2300084736707N11917660WA0050500480
B2300094736711N11917660WA0050500479
B2300104736715N11917660WA0050500479
B2300114736719N11917660WA0050500479
B2300124736723N11917661WA0050500479
B2300134736726N11917661WA0050500479
B2300144736729N11917661WA0050500478
B2300154736732N11917661WA0050500478
B2300164736733N11917661WA0050400478
B2300174736734N11917661WA0050400478
B2300184736735N11917660WA0050400478
B2300194736736N11917660WA0050400478
B2300204736736N11917660WA0050400479
B2300214736737N11917658WA0050400479
B2300224736738N11917656WA0050400479
B2300234736739N11917653WA0050400479
B2300244736739N11917650WA0050400479
B2300254736739N11917646WA0050400479
B2300264736739N11917641WA0050400480
B2300274736739N11917635WA0050400481
B2300284736739N11917629WA0050400481
B2300294736739N11917623WA0050400482
B2300304736739N11917617WA0050400482
B2300314736739N11917611WA0050400482
B2300324736739N11917605WA0050500482
B2300334736739N11917600WA0050500482
B2300344736739N11917595WA0050500483
B2300354736739N11917592WA0050500482
B2300364736739N11917590WA0050500483
B2300374736739N11917588WA0050500483
B2300384736739N11917586WA0050500483
B2300394736740N11917583WA0050500483
B2300404736741N11917581WA0050500483
B2300414736743N11917580WA0050500484
B2300424736746N11917579WA0050500483
B2300434736750N11917579WA0050500483
B2300444736754N11917579WA0050600483
B2300454736759N11917579WA0050600483
B2300464736765N11917579WA0050600483
B2300474736771N11917579WA0050600483
B2300484736778N11917579WA0050600483
B2300494736786N11917579WA0050600483
B2300504736794N11917579WA0050600483
B2300514736803N11917579WA0050700483
B2300524736811N11917579WA0050700482
B2300534736820N11917579WA0050700482
B2300544736828N11917579WA0050700482
B2300554736836N11917579WA0050700482
B2300564736844N11917579WA0050700482
B2300574736852N11917578WA0050700482
B2300584736860N11917578WA0050700481
B2300594736868N11917577WA0050700481
B2301004736876N11917577WA0050700481
B2301014736884N11917576WA0050700481
B2301024736892N11917575WA0050700481
B2301034736900N11917574WA0050700481
B2301044736907N11917573WA0050700481
B2301054736913N11917572WA0050700481
B2301064736919N11917570WA0050600481
B2301074736925N11917569WA0050600481
B2301084736929N11917568WA0050600481
B2301094736932N11917567WA0050600482
B2301104736935N11917567WA0050600482
B2301114736936N11917566WA0050600483
B2301124736938N11917565WA0050500483
B2301134736940N11917562WA0050500483
B2301144736941N11917558WA0050500483
B2301154736942N11917553WA0050500483
B2301164736943N11917547WA0050500483
B2301174736944N11917540WA0050500484
B2301184736945N11917532WA0050500484
B2301194736947N11917523WA0050600484
B2301204736949N11917512WA0050600484
B2301214736951N11917500WA0050600484
B2301224736954N11917488WA0050600484
B2301234736958N11917474WA0050600484
B2301244736963N11917459WA0050600483
B2301254736968N11917443WA0050700483
B2301264736974N11917428WA0050700483
B2301274736979N11917412WA0050700483
B2301284736985N11917396WA0050700483
B2301294736990N11917380WA0050700483
B2301304736995N11917364WA0050700483
B2301314737001N11917349WA0050700483
B2301324737006N11917334WA0050700483
B2301334737011N11917319WA0050700484
B2301344737017N11917303WA0050700484
B2301354737022N11917287WA0050800484
B2301364737028N11917271WA0050800485
B2301374737033N11917255WA0050800485
B2301384737039N11917239WA0050800485
B2301394737045N11917223WA0050800485
B2301404737051N11917207WA0050900485
B2301414737057N11917190WA0050900486
B2301424737063N11917174WA0050900486
B2301434737070N11917157WA0051000485
B2301444737077N11917141WA0051000486
B2301454737084N11917124WA0051000486
B2301464737091N11917108WA0051000486
B2301474737098N11917091WA0051100487
B2301484737106N11917076WA0051100487
B2301494737113N11917060WA0051100487
B2301504737121N11917045WA0051200488
B2301514737129N11917029WA0051200488
B2301524737136N11917014WA0051200488
B2301534737144N11916998WA0051200489
B2301544737152N11916983WA0051200489
B2301554737160N11916968WA0051300489
B2301564737168N11916952WA0051300489
B2301574737176N11916937WA0051300489
B2301584737184N11916923WA0051400490
B2301594737191N11916908WA0051400490
B2302004737199N11916893WA0051400490
B2302014737207N11916878WA0051500491
B2302024737214N11916864WA0051500491
B2302034737222N11916849WA0051500491
B2302044737230N11916834WA0051600492
B2302054737238N11916819WA0051600492
B2302064737246N11916804WA0051600492
B2302074737254N11916788WA0051600492
B2302084737262N11916773WA0051700492
B2302094737270N11916757WA0051700493
B2302104737278N11916742WA0051700493
B2302114737286N11916727WA0051700493
B2302124737294N11916711WA0051800493
B2302134737302N11916696WA0051800494
B2302144737310N11916681WA0051800494
B2302154737318N11916665WA0051800494
B2302164737326N11916650WA0051900494
B2302174737334N11916635WA0051900495
B2302184737342N11916619WA0051900495
B2302194737351N11916604WA0052000495
B2302204737359N11916588WA0052000495
B2302214737367N11916573WA0052000496
B2302224737375N11916557WA0052100496
B2302234737383N11916542WA0052100496
B2302244737391N11916526WA0052100497
B2302254737400N11916510WA0052100497
B2302264737408N11916494WA0052100497
B2302274737416N11916478WA0052100498
B2302284737424N11916463WA0052200498
B2302294737432N11916447WA0052200498
B2302304737440N11916432WA0052200499
B2302314737448N11916416WA0052200499
B2302324737456N11916400WA0052200499
B2302334737465N11916384WA0052300500
B2302344737473N11916369WA0052300500
B2302354737481N11916353WA0052300500
B2302364737489N11916337WA0052400501
B2302374737497N11916322WA0052400501
B2302384737506N11916306WA0052400501
B2302394737514N11916290WA0052500502
B2302404737522N11916275WA0052500502
B2302414737530N11916259WA0052600503
B2302424737538N11916243WA0052600503
B2302434737546N11916228WA0052700503
B2302444737555N11916212WA0052700504
B2302454737563N11916196WA0052800504
B2302464737571N11916181WA0052800505
B2302474737579N11916165WA0052800505
B2302484737587N11916150WA0052900505
B2302494737595N11916135WA0052900506
B2302504737602N11916120WA0052900506
B2302514737610N11916104WA0053000506
B2302524737618N11916089WA0053000507
B2302534737626N11916074WA0053100507
B2302544737634N11916059WA0053100508
B2302554737641N11916045WA0053100508
B2302564737649N11916030WA0053200508
B2302574737657N11916015WA0053200509
B2302584737664N11916000WA0053200509
B2302594737672N11915985WA0053300509
B2303004737680N11915970WA0053300510
B2303014737687N11915956WA0053300510
B2303024737695N11915941WA0053400510
B2303034737702N11915926WA0053400510
B2303044737710N11915911WA0053400511
B2303054737718N11915897WA0053400511
B2303064737725N11915882WA0053500511
B2303074737733N11915867WA0053500511
B2303084737740N11915853WA0053500511
B2303094737748N11915838WA0053500511
B2303104737755N11915823WA0053500511
B2303114737763N11915809WA0053600511
B2303124737770N11915794WA0053600511
B2303134737778N11915780WA0053600511
B2303144737785N11915766WA0053600512
B2303154737792N11915752WA0053600512
B2303164737800N11915740WA0053600512
B2303174737808N11915728WA0053600512
B2303184737817N11915718WA0053600512
B2303194737826N11915709WA0053600512
B2303204737836N11915701WA0053600512
B2303214737846N11915694WA0053600512
B2303224737856N11915688WA0053600512
B2303234737867N11915685WA0053600512
B2303244737878N11915682WA0053600512
B2303254737889N11915681WA0053700512
B2303264737900N11915682WA0053700512
B2303274737912N11915683WA0053700512
B2303284737923N11915686WA0053700512
B2303294737935N11915690WA0053700513
B2303304737946N11915693WA0053700513
B2303314737958N11915697WA0053700513
B2303324737970N11915700WA0053700513
B2303334737982N11915704WA0053800513
B2303344737994N11915708WA0053800513
B2303354738006N11915711WA0053800512
B2303364738019N11915715WA0053800513
B2303374738032N11915719WA0053800513
B2303384738045N11915723WA0053800513
B2303394738058N11915727WA0053900512
B2303404738072N11915732WA0053900512
B2303414738085N11915736WA0053900512
B2303424738099N11915740WA0053900512
B2303434738113N11915744WA0053900512
B2303444738127N11915748WA0053900511
B2303454738140N11915752WA0053900511
B2303464738154N11915757WA0053900511
B2303474738167N11915760WA0053900511
B2303484738179N11915764WA0053900511
B2303494738191N11915768WA0053900510
B2303504738203N11915771WA0053900510
B2303514738213N11915774WA0053800510
B2303524738223N11915777WA0053800510
B2303534738233N11915779WA0053800510
B2303544738243N11915780WA0053700510
B2303554738253N11915779WA0053700510
B2303564738263N11915776WA0053700510
B2303574738272N11915773WA0053700510
B2303584738282N11915767WA0053600510
B2303594738291N11915761WA0053600511
B2304004738300N11915753WA0053600511
B2304014738309N11915744WA0053600511
B2304024738317N11915733WA0053600511
B2304034738324N11915721WA0053600511
B2304044738332N11915708WA0053600512
B2304054738339N11915695WA0053600512
B2304064738346N11915681WA0053600512
B2304074738354N11915666WA0053700512
B2304084738361N11915651WA0053700513
B2304094738369N11915636WA0053700513
B2304104738377N11915620WA0053700513
B2304114738385N11915604WA0053700513
B2304124738393N11915587WA0053800514
B2304134738401N11915570WA0053800514
B2304144738409N11915553WA0053800514
B2304154738417N11915536WA0053800514
B2304164738426N11915519WA0053800514
B2304174738434N11915502WA0053900514
B2304184738442N11915486WA0053900514
B2304194738450N11915469WA0053900515
B2304204738458N11915453WA0053900515
B2304214738465N11915437WA0053900515
B2304224738473N11915422WA0053900516
B2304234738481N11915407WA0053900517
B2304244738490N11915393WA0053900517
B2304254738499N11915380WA0053900518
B2304264738509N11915368WA0054000519
B2304274738520N11915358WA0054000519
B2304284738531N11915349WA0054000520
B2304294738542N11915341WA0054100521
B2304304738554N11915335WA0054200522
B2304314738566N11915330WA0054200524
B2304324738578N11915327WA0054300525
B2304334738591N11915324WA0054400525
B2304344738603N11915322WA0054400526
B2304354738616N11915320WA0054500528
B2304364738629N11915318WA0054600529
B2304374738643N11915315WA0054700530
B2304384738656N11915313WA0054800531
B2304394738670N11915311WA0054900532
B2304404738684N11915308WA0054900534
B2304414738698N11915306WA0055100535
B2304424738713N11915303WA0055200536
B2304434738727N11915300WA0055300538
B2304444738742N11915296WA0055400539
B2304454738756N11915291WA0055500540
B2304464738770N11915285WA0055600541
B2304474738784N11915278WA0055700542
B2304484738798N11915269WA0055800543
B2304494738811N11915259WA0056000544
B2304504738824N11915249WA0056000545
B2304514738836N11915238WA0056200546
B2304524738849N11915228WA0056200547
B2304534738861N11915216WA0056300547
B2304544738872N11915204WA0056400548
B2304554738884N11915191WA0056500548
B2304564738895N11915177WA0056600549
B2304574738906N11915162WA0056700549
B2304584738917N11915147WA0056700550
B2304594738927N11915131WA0056800550
B2305004738937N11915114WA0056900550
B2305014738947N11915096WA0056900551
B2305024738956N11915077WA0057000551
B2305034738964N11915058WA0057100552
B2305044738972N11915038WA0057100552
B2305054738979N11915018WA0057200552
B2305064738986N11914997WA0057200553
B2305074738993N11914976WA0057300553
B2305084738999N11914954WA0057300554
B2305094739005N11914932WA0057400554
B2305104739011N11914910WA0057400554
B2305114739017N11914889WA0057500554
B2305124739023N11914866WA0057500554
B2305134739029N11914844WA0057500554
B2305144739036N11914822WA0057600554
B2305154739042N11914800WA0057600554
B2305164739048N11914777WA0057600554
B2305174739055N11914754WA0057700554
B2305184739061N11914732WA0057700554
B2305194739068N11914709WA0057700554
B2305204739074N11914687WA0057700554
B2305214739080N11914664WA0057800554
B2305224739087N11914641WA0057800553
B2305234739093N11914619WA0057800553
B2305244739100N11914596WA0057800553
B2305254739106N11914573WA0057800553
B2305264739113N11914550WA0057800553
B2305274739119N11914526WA0057900553
B2305284739126N11914503WA0057900553
B2305294739132N11914480WA0057900553
B2305304739139N11914457WA0057900553
B2305314739145N11914434WA0057900553
B2305324739152N11914411WA0058000553
B2305334739158N11914389WA0058000553
B2305344739164N11914366WA0058000553
B2305354739170N11914344WA0058000553
B2305364739176N11914323WA0058000553
B2305374739182N11914303WA0058000553
B2305384739188N11914283WA0058000553
B2305394739193N11914264WA0058000553
B2305404739198N11914246WA0058000554
B2305414739204N11914227WA0057900554
B2305424739208N11914210WA0057900554
B2305434739213N11914193WA0057900554
B2305444739217N11914177WA0057900554
B2305454739221N11914163WA0057900554
B2305464739225N11914149WA0057900554
B2305474739229N11914136WA0057800554
B2305484739232N11914124WA0057800554
B2305494739235N11914115WA0057800554
B2305504739237N11914107WA0057800554
B2305514739239N11914101WA0057800554
B2305524739241N11914097WA0057700553
B2305534739244N11914094WA0057700553
B2305544739247N11914093WA0057700553
B2305554739251N11914094WA0057700554
B2305564739254N11914095WA0057700554
B2305574739257N11914095WA0057700554
B2305584739261N11914096WA0057700554
B2305594739265N11914096WA0057600554
B2306004739269N11914096WA0057600554
B2306014739274N11914096WA0057600554
B2306024739279N11914095WA0057600554
B2306034739285N11914095WA0057600554
B2306044739292N11914094WA0057600554
B2306054739299N11914094WA0057600553
B2306064739306N11914093WA0057600553
B2306074739314N11914093WA0057600553
B2306084739322N11914093WA0057600553
B2306094739330N11914092WA0057600553
B2306104739338N11914092WA0057600553
B2306114739346N11914092WA0057600553
B2306124739355N11914092WA0057600553
B2306134739363N11914092WA0057600553
B2306144739371N11914092WA0057600553
B2306154739380N11914092WA0057600554
B2306164739388N11914092WA0057600554
B2306174739397N11914092WA0057600554
B2306184739406N11914092WA0057600554
B2306194739414N11914092WA0057600554
B2306204739423N11914091WA0057600554
B2306214739432N11914092WA0057600555
B2306224739441N11914092WA0057600555
B2306234739450N11914092WA0057700555
B2306244739458N11914092WA0057700555
B2306254739468N11914092WA0057700555
B2306264739477N11914092WA0057700555
B2306274739486N11914092WA0057700555
B2306284739495N11914092WA0057700555
B2306294739505N11914092WA0057700556
B2306304739514N11914092WA0057800556
B2306314739523N11914092WA0057800556
B2306324739533N11914092WA0057800555
B2306334739542N11914092WA0057800555
B2306344739552N11914092WA0057800555
B2306354739561N11914092WA0057800555
B2306364739571N11914092WA0057800555
B2306374739581N11914092WA0057800555
B2306384739590N11914092WA0057800555
B2306394739600N11914092WA0057800555
B2306404739610N11914092WA0057800555
B2306414739619N11914092WA0057800555
B2306424739628N11914091WA0057800555
B2306434739638N11914091WA0057800555
B2306444739647N11914091WA0057800555
B2306454739656N11914091WA0057800555
B2306464739665N11914091WA0057800555
B2306474739673N11914091WA0057800555
B2306484739682N11914091WA0057800555
B2306494739691N11914091WA0057800555
B2306504739700N11914092WA0057800555
B2306514739709N11914092WA0057800555
B2306524739719N11914092WA0057700555
B2306534739728N11914092WA0057700555
B2306544739737N11914092WA0057700554
B2306554739747N11914092WA0057700554
B2306564739756N11914092WA0057700554
B2306574739766N11914092WA0057700554
B2306584739776N11914092WA0057700554
B2306594739786N11914092WA0057700554
B2307004739795N11914092WA0057700554
B2307014739805N11914092WA0057600554
B2307024739815N11914092WA0057600554
B2307034739825N11914092WA0057600554
B2307044739834N11914092WA0057600554
B2307054739844N11914092WA0057600554
B2307064739854N11914092WA0057600554
B2307074739864N11914092WA0057600554
B2307084739873N11914092WA0057600555
B2307094739883N11914092WA0057600555
B2307104739892N11914092WA0057700555
B2307114739902N11914092WA0057700555
B2307124739911N11914092WA0057700555
B2307134739919N11914092WA0057700555
B2307144739927N11914092WA0057600555
B2307154739935N11914092WA0057600555
B2307164739942N11914092WA0057600555
B2307174739948N11914092WA0057600555
B2307184739954N11914092WA0057600555
B2307194739960N11914092WA0057600555
B2307204739965N11914092WA0057600555
B2307214739970N11914092WA0057600555
B2307224739974N11914092WA0057600555
B2307234739978N11914092WA0057600555
B2307244739981N11914093WA0057500555
B2307254739985N11914093WA0057500554
B2307264739988N11914093WA0057500554
B2307274739991N11914093WA0057500554
B2307284739993N11914094WA0057500554
B2307294739995N11914095WA0057500554
B2307304739997N11914097WA0057500554
B2307314739998N11914100WA0057500554
B2307324739999N11914104WA0057500554
B2307334739999N11914108WA0057500554
B2307344740000N11914112WA0057500554
B2307354740001N11914117WA0057500554
B2307364740002N11914121WA0057500554
B2307374740003N11914126WA0057500554
B2307384740004N11914130WA0057500554
B2307394740005N11914135WA0057500554
B2307404740006N11914140WA0057500554
B2307414740008N11914144WA0057500554
B2307424740009N11914149WA0057500554
B2307434740010N11914153WA0057500554
B2307444740011N11914157WA0057500554
B2307454740011N11914161WA0057500554
B2307464740011N11914165WA0057500554
B2307474740011N11914169WA0057400554
B2307484740011N11914172WA0057400554
B2307494740011N11914175WA0057400554
B2307504740010N11914177WA0057400554
B2307514740010N11914178WA0057400554
B2307524740010N11914179WA0057400554
B2307534740010N11914179WA0057400554
B2307544740010N11914179WA0057400554
B2307554740010N11914179WA0057400554
B2307564740010N11914179WA0057400554
B2307574740010N11914179WA0057400554
B2307584740010N11914179WA0057400554
B2307594740010N11914179WA0057400554
B2308004740010N11914178WA0057400554
B2308014740010N11914178WA0057400554
B2308024740010N11914177WA0057400554
B2308034740011N11914176WA0057400554
B2308044740011N11914176WA0057400554
B2308054740011N11914175WA0057400555
B2308064740012N11914174WA0057400555
B2308074740012N11914174WA0057400555
B2308084740012N11914173WA0057400555
B2308094740012N11914173WA0057400555
B2308104740013N11914173WA0057400555
B2308114740013N11914173WA0057400555
B2308124740013N11914173WA0057400555
B2308134740012N11914173WA0057400554
B2308144740012N11914173WA0057400554
B2308154740011N11914172WA0057400554
B2308164740011N11914171WA0057400554
B2308174740011N11914170WA0057400554
B2308184740011N11914168WA0057400554
B2308194740011N11914167WA0057400554
B2308204740011N11914165WA0057400555
B2308214740011N11914163WA0057400555
B2308224740011N11914160WA0057400555
B2308234740011N11914157WA0057400555
B2308244740011N11914154WA0057400555
B2308254740010N11914152WA0057400555
B2308264740010N11914149WA0057400555
B2308274740009N11914146WA0057400555
B2308284740008N11914143WA0057400555
B2308294740006N11914139WA0057400555
B2308304740005N11914135WA0057400555
B2308314740004N11914131WA0057400555
B2308324740003N11914126WA0057400555
B2308334740002N11914121WA0057400556
B2308344740001N11914117WA0057400556
B2308354740000N11914112WA0057400556
B2308364739999N11914107WA0057400556
B2308374739998N11914103WA0057400556
B2308384739996N11914099WA0057400556
B2308394739994N11914097WA0057400556
B2308404739992N11914095WA0057400556
B2308414739990N11914094WA0057400556
B2308424739988N11914094WA0057400555
B2308434739986N11914094WA0057400556
LXFM live.flymaster.net version 1.01
LXFM Created 2025-06-25 23:09:35
LXFM flight id 1615788
G5C98C820DDCF012E97CAA8B463B28D92
