AXFMSFP Flymaster Live, V1.0, S/N 645619
HFFXA010
HFPLTPILOT:Matt Hoffman
HFGTYGLIDERTYPE: 
HFGIDGLIDERID:
HFDTM100GPSDATUM:WGS-1984
HFCIDCOMPETITIONID:122
HFCCLCOMPETITIONCLASS:
HOSITSITE:Chelan Butte-US
HFGPS:UBLOXNEO6
HFPRSPRESSALTSENSOR:NA
HFRFWFIRMWAREVERSION:203f
HFRHWHARDWAREVERSION:1.0R2
HFFTYFRTYPE:FLYMASTER,LIVE
HFDTE250625
B1754434748231N12002321WA0111101125
B1754444748228N12002321WA0111101125
B1754454748225N12002322WA0111101123
B1754464748221N12002324WA0111001122
B1754474748217N12002326WA0110901119
B1754484748212N12002327WA0110801117
B1754494748207N12002327WA0110801116
B1754504748202N12002328WA0110701116
B1754514748198N12002328WA0110601115
B1754524748194N12002328WA0110501116
B1754534748189N12002329WA0110501116
B1754544748185N12002330WA0110501116
B1754554748181N12002331WA0110401117
B1754564748175N12002331WA0110401117
B1754574748170N12002330WA0110401117
B1754584748166N12002329WA0110401118
B1754594748161N12002327WA0110401120
B1755004748156N12002328WA0110401121
B1755014748152N12002330WA0110401122
B1755024748148N12002335WA0110401122
B1755034748146N12002341WA0110401121
B1755044748145N12002348WA0110501122
B1755054748145N12002355WA0110501123
B1755064748148N12002360WA0110501125
B1755074748151N12002364WA0110601126
B1755084748154N12002369WA0110601127
B1755094748155N12002374WA0110701127
B1755104748155N12002381WA0110701126
B1755114748153N12002387WA0110701125
B1755124748150N12002392WA0110701125
B1755134748145N12002394WA0110701126
B1755144748141N12002393WA0110801129
B1755154748137N12002390WA0110801131
B1755164748133N12002387WA0110901133
B1755174748130N12002385WA0111001134
B1755184748126N12002385WA0111101134
B1755194748121N12002384WA0111201133
B1755204748117N12002385WA0111201133
B1755214748113N12002387WA0111201132
B1755224748110N12002391WA0111301131
B1755234748108N12002398WA0111201129
B1755244748109N12002406WA0111201128
B1755254748113N12002413WA0111201126
B1755264748119N12002418WA0111101124
B1755274748126N12002419WA0111001124
B1755284748133N12002416WA0111001123
B1755294748138N12002409WA0110901123
B1755304748143N12002400WA0110901122
B1755314748145N12002390WA0110801122
B1755324748145N12002379WA0110801122
B1755334748145N12002370WA0110701122
B1755344748144N12002361WA0110701123
B1755354748144N12002351WA0110701124
B1755364748146N12002341WA0110701125
B1755374748148N12002332WA0110701126
B1755384748150N12002323WA0110801128
B1755394748151N12002315WA0110801130
B1755404748151N12002307WA0110901132
B1755414748149N12002300WA0110901132
B1755424748145N12002297WA0111001132
B1755434748141N12002299WA0111001131
B1755444748138N12002305WA0111001131
B1755454748138N12002314WA0111001131
B1755464748141N12002322WA0111101132
B1755474748145N12002328WA0111101133
B1755484748149N12002334WA0111101135
B1755494748152N12002339WA0111201136
B1755504748154N12002344WA0111201135
B1755514748156N12002351WA0111301134
B1755524748158N12002358WA0111301133
B1755534748160N12002366WA0111301132
B1755544748162N12002374WA0111301132
B1755554748164N12002382WA0111301132
B1755564748166N12002389WA0111301133
B1755574748167N12002395WA0111301133
B1755584748168N12002402WA0111301133
B1755594748169N12002409WA0111301134
B1756004748171N12002416WA0111301134
B1756014748172N12002424WA0111301134
B1756024748173N12002431WA0111401135
B1756034748174N12002439WA0111401136
B1756044748174N12002447WA0111401137
B1756054748173N12002454WA0111501139
B1756064748171N12002461WA0111601142
B1756074748168N12002467WA0111601144
B1756084748166N12002472WA0111801147
B1756094748165N12002476WA0111901150
B1756104748163N12002479WA0112101151
B1756114748164N12002484WA0112201151
B1756124748165N12002489WA0112301150
B1756134748170N12002494WA0112301147
B1756144748178N12002495WA0112301144
B1756154748186N12002490WA0112201141
B1756164748191N12002480WA0112201140
B1756174748192N12002468WA0112201140
B1756184748190N12002458WA0112201141
B1756194748186N12002451WA0112201143
B1756204748182N12002448WA0112301147
B1756214748178N12002447WA0112401151
B1756224748175N12002447WA0112501154
B1756234748173N12002449WA0112601155
B1756244748171N12002453WA0112701154
B1756254748170N12002460WA0112801152
B1756264748171N12002466WA0112801151
B1756274748172N12002473WA0112801151
B1756284748175N12002477WA0112901152
B1756294748178N12002480WA0112901153
B1756304748183N12002483WA0113001152
B1756314748188N12002485WA0113001151
B1756324748194N12002486WA0112901148
B1756334748200N12002488WA0112901146
B1756344748205N12002492WA0112901145
B1756354748209N12002498WA0112801144
B1756364748210N12002505WA0112701142
B1756374748209N12002512WA0112701140
B1756384748206N12002517WA0112501138
B1756394748203N12002521WA0112401137
B1756404748199N12002525WA0112301138
B1756414748196N12002528WA0112301139
B1756424748192N12002531WA0112301140
B1756434748189N12002534WA0112301142
B1756444748187N12002537WA0112301144
B1756454748185N12002540WA0112301146
B1756464748183N12002543WA0112401147
B1756474748180N12002547WA0112501149
B1756484748178N12002551WA0112601150
B1756494748176N12002556WA0112601151
B1756504748174N12002563WA0112701153
B1756514748174N12002570WA0112801154
B1756524748175N12002577WA0112901157
B1756534748179N12002584WA0113001158
B1756544748185N12002588WA0113101158
B1756554748194N12002586WA0113101155
B1756564748202N12002577WA0113101153
B1756574748205N12002565WA0113101152
B1756584748205N12002554WA0113101152
B1756594748203N12002547WA0113101154
B1757004748201N12002542WA0113301158
B1757014748199N12002540WA0113401162
B1757024748197N12002537WA0113501164
B1757034748194N12002534WA0113601165
B1757044748192N12002530WA0113801165
B1757054748189N12002525WA0113801165
B1757064748185N12002520WA0113901165
B1757074748182N12002515WA0114001167
B1757084748179N12002510WA0114101168
B1757094748176N12002507WA0114201169
B1757104748173N12002504WA0114301171
B1757114748170N12002502WA0114401172
B1757124748166N12002503WA0114501172
B1757134748163N12002507WA0114601172
B1757144748162N12002514WA0114701171
B1757154748162N12002523WA0114701172
B1757164748165N12002531WA0114801172
B1757174748171N12002538WA0114801172
B1757184748178N12002541WA0114901173
B1757194748186N12002541WA0114901173
B1757204748194N12002537WA0114901173
B1757214748199N12002529WA0115001173
B1757224748202N12002519WA0115001173
B1757234748202N12002510WA0115001173
B1757244748201N12002502WA0115101174
B1757254748199N12002496WA0115101176
B1757264748197N12002491WA0115201177
B1757274748194N12002487WA0115201179
B1757284748191N12002485WA0115301179
B1757294748188N12002482WA0115401179
B1757304748184N12002480WA0115401179
B1757314748180N12002477WA0115501180
B1757324748177N12002473WA0115501180
B1757334748175N12002466WA0115601180
B1757344748176N12002458WA0115601180
B1757354748180N12002448WA0115601179
B1757364748187N12002441WA0115601177
B1757374748196N12002437WA0115601176
B1757384748205N12002434WA0115601176
B1757394748212N12002431WA0115601179
B1757404748219N12002427WA0115701183
B1757414748223N12002420WA0115801186
B1757424748227N12002412WA0115901188
B1757434748228N12002402WA0116001188
B1757444748227N12002393WA0116101189
B1757454748225N12002386WA0116201190
B1757464748221N12002383WA0116301191
B1757474748217N12002382WA0116401192
B1757484748213N12002383WA0116501193
B1757494748209N12002385WA0116601196
B1757504748206N12002388WA0116801199
B1757514748204N12002392WA0116901201
B1757524748203N12002398WA0117101202
B1757534748203N12002405WA0117201203
B1757544748205N12002414WA0117401204
B1757554748209N12002422WA0117501205
B1757564748215N12002428WA0117601206
B1757574748223N12002430WA0117701208
B1757584748231N12002428WA0117801210
B1757594748238N12002421WA0117901210
B1758004748243N12002412WA0118101210
B1758014748247N12002402WA0118201211
B1758024748249N12002393WA0118301214
B1758034748251N12002384WA0118501217
B1758044748252N12002376WA0118701219
B1758054748252N12002369WA0118801221
B1758064748250N12002363WA0119001223
B1758074748247N12002359WA0119101225
B1758084748243N12002357WA0119301226
B1758094748239N12002357WA0119401226
B1758104748235N12002359WA0119601227
B1758114748231N12002361WA0119701229
B1758124748228N12002365WA0119901231
B1758134748226N12002371WA0120001233
B1758144748225N12002378WA0120201236
B1758154748225N12002385WA0120401238
B1758164748228N12002393WA0120601239
B1758174748232N12002400WA0120701240
B1758184748239N12002404WA0120801240
B1758194748247N12002406WA0120901241
B1758204748254N12002404WA0121101242
B1758214748260N12002400WA0121201243
B1758224748265N12002392WA0121301244
B1758234748268N12002383WA0121401244
B1758244748270N12002372WA0121501243
B1758254748270N12002363WA0121601244
B1758264748271N12002355WA0121701247
B1758274748271N12002348WA0121801251
B1758284748271N12002342WA0122001254
B1758294748269N12002336WA0122101255
B1758304748265N12002331WA0122301255
B1758314748260N12002328WA0122401254
B1758324748255N12002328WA0122501255
B1758334748250N12002331WA0122601257
B1758344748247N12002336WA0122701258
B1758354748243N12002341WA0122801260
B1758364748240N12002347WA0123001262
B1758374748239N12002355WA0123101264
B1758384748239N12002364WA0123301267
B1758394748241N12002373WA0123401269
B1758404748245N12002381WA0123601271
B1758414748252N12002387WA0123701272
B1758424748260N12002391WA0123901272
B1758434748268N12002392WA0124001273
B1758444748276N12002389WA0124201276
B1758454748281N12002385WA0124301278
B1758464748286N12002379WA0124501281
B1758474748288N12002372WA0124601282
B1758484748289N12002363WA0124801281
B1758494748287N12002355WA0124901281
B1758504748282N12002349WA0125001282
B1758514748277N12002345WA0125101283
B1758524748273N12002344WA0125301286
B1758534748269N12002345WA0125401291
B1758544748265N12002347WA0125701295
B1758554748263N12002351WA0125901299
B1758564748260N12002356WA0126201301
B1758574748258N12002363WA0126301301
B1758584748255N12002372WA0126501301
B1758594748251N12002379WA0126601302
B1759004748247N12002385WA0126801303
B1759014748243N12002389WA0126901306
B1759024748239N12002392WA0127101309
B1759034748236N12002395WA0127301313
B1759044748233N12002397WA0127601316
B1759054748230N12002400WA0127801320
B1759064748227N12002403WA0128101323
B1759074748225N12002409WA0128301327
B1759084748226N12002416WA0128601330
B1759094748232N12002423WA0128801330
B1759104748240N12002427WA0129001329
B1759114748249N12002425WA0129101329
B1759124748256N12002418WA0129401332
B1759134748260N12002409WA0129501335
B1759144748260N12002399WA0129801338
B1759154748258N12002392WA0130001341
B1759164748254N12002388WA0130301344
B1759174748250N12002384WA0130501348
B1759184748247N12002380WA0130801351
B1759194748243N12002376WA0131001354
B1759204748239N12002372WA0131301356
B1759214748234N12002370WA0131501359
B1759224748231N12002372WA0131801362
B1759234748229N12002377WA0132001364
B1759244748229N12002385WA0132301366
B1759254748232N12002393WA0132501368
B1759264748236N12002400WA0132801370
B1759274748241N12002405WA0133001372
B1759284748248N12002408WA0133301375
B1759294748255N12002409WA0133401377
B1759304748262N12002406WA0133701377
B1759314748268N12002399WA0133801377
B1759324748273N12002388WA0134001377
B1759334748276N12002376WA0134101377
B1759344748279N12002366WA0134301381
B1759354748283N12002359WA0134401386
B1759364748287N12002355WA0134801392
B1759374748291N12002351WA0135001395
B1759384748295N12002345WA0135301396
B1759394748298N12002337WA0135401395
B1759404748299N12002326WA0135601394
B1759414748300N12002314WA0135701395
B1759424748300N12002304WA0135901399
B1759434748300N12002297WA0136201406
B1759444748299N12002291WA0136501413
B1759454748298N12002285WA0136801419
B1759464748295N12002279WA0137201424
B1759474748291N12002273WA0137501427
B1759484748286N12002267WA0137901430
B1759494748282N12002262WA0138201435
B1759504748277N12002258WA0138601441
B1759514748273N12002256WA0138901446
B1759524748269N12002258WA0139401450
B1759534748267N12002262WA0139701455
B1759544748265N12002267WA0140201459
B1759554748266N12002274WA0140501464
B1759564748269N12002281WA0141001468
B1759574748274N12002286WA0141401472
B1759584748280N12002289WA0141801475
B1759594748287N12002287WA0142101477
B1800004748293N12002282WA0142501479
B1800014748298N12002274WA0142801481
B1800024748302N12002264WA0143201484
B1800034748304N12002255WA0143401487
B1800044748304N12002246WA0143801492
B1800054748303N12002238WA0144101495
B1800064748299N12002232WA0144501498
B1800074748294N12002227WA0144701500
B1800084748288N12002226WA0145101502
B1800094748283N12002229WA0145301506
B1800104748279N12002234WA0145801510
B1800114748277N12002239WA0146001515
B1800124748277N12002244WA0146501520
B1800134748277N12002249WA0146801524
B1800144748279N12002256WA0147201528
B1800154748283N12002262WA0147501531
B1800164748288N12002267WA0147901534
B1800174748294N12002270WA0148201537
B1800184748299N12002271WA0148601541
B1800194748305N12002271WA0148901545
B1800204748311N12002269WA0149301549
B1800214748318N12002266WA0149601552
B1800224748324N12002262WA0150001555
B1800234748329N12002255WA0150301559
B1800244748333N12002247WA0150701562
B1800254748336N12002237WA0151001565
B1800264748336N12002227WA0151401568
B1800274748335N12002218WA0151701572
B1800284748332N12002210WA0152101576
B1800294748328N12002203WA0152301579
B1800304748324N12002198WA0152701581
B1800314748318N12002195WA0152901583
B1800324748312N12002194WA0153301587
B1800334748308N12002196WA0153601592
B1800344748305N12002200WA0154001597
B1800354748303N12002205WA0154301601
B1800364748303N12002210WA0154801606
B1800374748304N12002216WA0155101610
B1800384748305N12002222WA0155501612
B1800394748307N12002229WA0155701614
B1800404748309N12002235WA0156101617
B1800414748312N12002241WA0156401619
B1800424748316N12002246WA0156701622
B1800434748322N12002250WA0157001623
B1800444748328N12002254WA0157301625
B1800454748335N12002255WA0157501626
B1800464748342N12002253WA0157801629
B1800474748348N12002248WA0158001633
B1800484748353N12002240WA0158301636
B1800494748356N12002231WA0158601640
B1800504748358N12002221WA0158901645
B1800514748358N12002212WA0159201649
B1800524748358N12002204WA0159601653
B1800534748357N12002196WA0159901657
B1800544748356N12002187WA0160301661
B1800554748355N12002179WA0160601664
B1800564748352N12002171WA0161001668
B1800574748348N12002165WA0161201671
B1800584748343N12002161WA0161601674
B1800594748338N12002158WA0161901677
B1801004748334N12002158WA0162301680
B1801014748330N12002159WA0162501683
B1801024748326N12002161WA0162901687
B1801034748323N12002163WA0163201690
B1801044748320N12002165WA0163601693
B1801054748316N12002168WA0163801695
B1801064748312N12002171WA0164101697
B1801074748310N12002177WA0164401700
B1801084748310N12002184WA0164701703
B1801094748312N12002191WA0164901705
B1801104748317N12002196WA0165201706
B1801114748323N12002199WA0165401708
B1801124748329N12002199WA0165701711
B1801134748336N12002198WA0165901713
B1801144748343N12002194WA0166201715
B1801154748350N12002189WA0166301716
B1801164748356N12002184WA0166601719
B1801174748362N12002177WA0166801722
B1801184748366N12002170WA0167101726
B1801194748369N12002161WA0167401730
B1801204748370N12002152WA0167701733
B1801214748369N12002142WA0167901735
B1801224748365N12002132WA0168201736
B1801234748361N12002125WA0168401739
B1801244748357N12002118WA0168701742
B1801254748352N12002113WA0168901746
B1801264748348N12002109WA0169301749
B1801274748344N12002104WA0169501751
B1801284748339N12002101WA0169801753
B1801294748333N12002099WA0170001755
B1801304748328N12002100WA0170301757
B1801314748323N12002101WA0170501761
B1801324748318N12002103WA0170801766
B1801334748315N12002106WA0171101771
B1801344748313N12002110WA0171501777
B1801354748311N12002113WA0171801781
B1801364748309N12002117WA0172201784
B1801374748308N12002122WA0172501786
B1801384748308N12002127WA0172801787
B1801394748310N12002132WA0173001788
B1801404748313N12002137WA0173301789
B1801414748318N12002141WA0173501792
B1801424748323N12002144WA0173801796
B1801434748329N12002144WA0174101799
B1801444748335N12002143WA0174401803
B1801454748341N12002139WA0174601806
B1801464748346N12002134WA0175001809
B1801474748351N12002127WA0175201812
B1801484748354N12002119WA0175501814
B1801494748356N12002109WA0175701815
B1801504748357N12002098WA0176001816
B1801514748355N12002086WA0176101817
B1801524748352N12002075WA0176401819
B1801534748347N12002066WA0176601823
B1801544748343N12002059WA0176901828
B1801554748339N12002053WA0177101833
B1801564748336N12002048WA0177501838
B1801574748333N12002045WA0177801841
B1801584748329N12002042WA0178201843
B1801594748325N12002040WA0178401845
B1802004748320N12002038WA0178701846
B1802014748315N12002037WA0178901847
B1802024748310N12002038WA0179201848
B1802034748306N12002041WA0179301850
B1802044748304N12002044WA0179601852
B1802054748303N12002049WA0179801854
B1802064748304N12002054WA0180001855
B1802074748306N12002060WA0180201855
B1802084748310N12002066WA0180401856
B1802094748314N12002071WA0180501859
B1802104748318N12002075WA0180801862
B1802114748322N12002078WA0180901866
B1802124748326N12002080WA0181201869
B1802134748330N12002083WA0181401870
B1802144748334N12002086WA0181601872
B1802154748339N12002088WA0181801873
B1802164748345N12002088WA0182001875
B1802174748352N12002088WA0182201877
B1802184748357N12002086WA0182401881
B1802194748363N12002084WA0182701885
B1802204748368N12002081WA0183001889
B1802214748374N12002077WA0183201892
B1802224748380N12002071WA0183501894
B1802234748386N12002063WA0183701896
B1802244748392N12002055WA0184001899
B1802254748396N12002046WA0184201902
B1802264748398N12002036WA0184501905
B1802274748397N12002025WA0184701906
B1802284748395N12002014WA0185001906
B1802294748391N12002004WA0185101908
B1802304748386N12001996WA0185401910
B1802314748381N12001990WA0185601913
B1802324748376N12001986WA0185801916
B1802334748371N12001986WA0186001919
B1802344748366N12001988WA0186301921
B1802354748363N12001992WA0186501922
B1802364748361N12001999WA0186701923
B1802374748360N12002006WA0186901925
B1802384748361N12002012WA0187101927
B1802394748363N12002017WA0187301930
B1802404748365N12002022WA0187501932
B1802414748367N12002027WA0187701934
B1802424748370N12002032WA0187901936
B1802434748373N12002037WA0188101939
B1802444748376N12002041WA0188401941
B1802454748380N12002045WA0188501945
B1802464748385N12002048WA0188801948
B1802474748390N12002049WA0189001951
B1802484748397N12002048WA0189301955
B1802494748403N12002045WA0189501958
B1802504748408N12002039WA0189901961
B1802514748413N12002031WA0190101964
B1802524748418N12002022WA0190401967
B1802534748422N12002012WA0190701970
B1802544748425N12002002WA0191001973
B1802554748427N12001992WA0191201976
B1802564748430N12001982WA0191601979
B1802574748431N12001972WA0191801982
B1802584748431N12001962WA0192101984
B1802594748428N12001952WA0192301985
B1803004748424N12001945WA0192601986
B1803014748419N12001940WA0192801987
B1803024748414N12001937WA0193001989
B1803034748410N12001935WA0193201991
B1803044748406N12001934WA0193501994
B1803054748402N12001934WA0193701996
B1803064748399N12001935WA0193901998
B1803074748397N12001939WA0194101999
B1803084748396N12001945WA0194302000
B1803094748398N12001951WA0194402001
B1803104748400N12001956WA0194602003
B1803114748403N12001960WA0194802006
B1803124748406N12001963WA0195002010
B1803134748410N12001966WA0195202012
B1803144748414N12001969WA0195502014
B1803154748420N12001971WA0195602014
B1803164748426N12001974WA0195802015
B1803174748433N12001975WA0195902017
B1803184748441N12001974WA0196102019
B1803194748448N12001970WA0196302023
B1803204748453N12001963WA0196502026
B1803214748457N12001954WA0196702027
B1803224748461N12001945WA0196902028
B1803234748462N12001934WA0197102030
B1803244748462N12001924WA0197302031
B1803254748460N12001914WA0197502032
B1803264748455N12001906WA0197602032
B1803274748450N12001900WA0197702033
B1803284748444N12001895WA0197902034
B1803294748438N12001891WA0198002036
B1803304748433N12001888WA0198202039
B1803314748428N12001886WA0198302041
B1803324748423N12001884WA0198502044
B1803334748418N12001885WA0198702047
B1803344748414N12001886WA0198902049
B1803354748410N12001887WA0199102051
B1803364748406N12001890WA0199302053
B1803374748404N12001894WA0199502055
B1803384748403N12001899WA0199702057
B1803394748403N12001903WA0199802057
B1803404748404N12001908WA0200002057
B1803414748406N12001913WA0200102057
B1803424748409N12001918WA0200202056
B1803434748414N12001923WA0200302055
B1803444748419N12001928WA0200302056
B1803454748423N12001933WA0200402057
B1803464748424N12001940WA0200502058
B1803474748425N12001947WA0200502058
B1803484748425N12001953WA0200602060
B1803494748426N12001960WA0200702062
B1803504748426N12001966WA0200902064
B1803514748427N12001971WA0201002067
B1803524748428N12001976WA0201102068
B1803534748430N12001982WA0201202069
B1803544748432N12001987WA0201302069
B1803554748433N12001994WA0201402068
B1803564748434N12002000WA0201502068
B1803574748434N12002007WA0201502069
B1803584748433N12002013WA0201602070
B1803594748432N12002019WA0201702071
B1804004748430N12002026WA0201802073
B1804014748429N12002032WA0201902074
B1804024748429N12002039WA0202002076
B1804034748428N12002046WA0202102078
B1804044748427N12002052WA0202202080
B1804054748426N12002059WA0202302081
B1804064748424N12002066WA0202502083
B1804074748423N12002072WA0202602085
B1804084748422N12002079WA0202802087
B1804094748422N12002085WA0202902089
B1804104748422N12002092WA0203102091
B1804114748423N12002099WA0203202092
B1804124748426N12002106WA0203402093
B1804134748431N12002110WA0203502094
B1804144748437N12002109WA0203602095
B1804154748443N12002104WA0203702095
B1804164748447N12002094WA0203802094
B1804174748449N12002082WA0203902094
B1804184748448N12002072WA0204002095
B1804194748445N12002063WA0204102098
B1804204748441N12002056WA0204202100
B1804214748437N12002052WA0204302102
B1804224748432N12002050WA0204502102
B1804234748427N12002051WA0204602103
B1804244748422N12002053WA0204702104
B1804254748418N12002058WA0204802105
B1804264748415N12002064WA0204902105
B1804274748413N12002071WA0205002106
B1804284748412N12002079WA0205102107
B1804294748412N12002085WA0205202108
B1804304748415N12002091WA0205302109
B1804314748419N12002094WA0205402109
B1804324748425N12002095WA0205502109
B1804334748431N12002091WA0205502108
B1804344748437N12002086WA0205502108
B1804354748441N12002079WA0205602108
B1804364748444N12002071WA0205702110
B1804374748445N12002062WA0205702111
B1804384748443N12002053WA0205802110
B1804394748439N12002045WA0205802109
B1804404748433N12002040WA0205802108
B1804414748427N12002040WA0205802108
B1804424748421N12002042WA0205902109
B1804434748417N12002046WA0205902110
B1804444748414N12002051WA0206002111
B1804454748411N12002057WA0206002112
B1804464748407N12002063WA0206002111
B1804474748403N12002068WA0206002110
B1804484748398N12002074WA0206002109
B1804494748393N12002079WA0206002108
B1804504748388N12002084WA0206002107
B1804514748383N12002088WA0205902106
B1804524748379N12002092WA0205902105
B1804534748374N12002096WA0205802104
B1804544748369N12002099WA0205702103
B1804554748365N12002101WA0205702103
B1804564748361N12002104WA0205602102
B1804574748356N12002107WA0205602100
B1804584748352N12002111WA0205502098
B1804594748348N12002115WA0205402096
B1805004748344N12002119WA0205302095
B1805014748340N12002122WA0205202094
B1805024748336N12002125WA0205102093
B1805034748332N12002129WA0205002092
B1805044748329N12002133WA0204902090
B1805054748325N12002138WA0204802088
B1805064748321N12002142WA0204602087
B1805074748317N12002146WA0204502085
B1805084748313N12002149WA0204402083
B1805094748309N12002153WA0204202082
B1805104748306N12002156WA0204102080
B1805114748303N12002160WA0204002079
B1805124748300N12002165WA0203802076
B1805134748297N12002169WA0203702074
B1805144748294N12002174WA0203402072
B1805154748292N12002178WA0203302070
B1805164748289N12002182WA0203102068
B1805174748286N12002186WA0203002067
B1805184748284N12002190WA0202802065
B1805194748282N12002194WA0202602063
B1805204748280N12002198WA0202402060
B1805214748278N12002202WA0202202058
B1805224748276N12002207WA0202002056
B1805234748274N12002211WA0201802054
B1805244748272N12002216WA0201602051
B1805254748270N12002222WA0201402049
B1805264748269N12002227WA0201202048
B1805274748267N12002232WA0201102047
B1805284748266N12002236WA0200902046
B1805294748264N12002241WA0200702045
B1805304748263N12002246WA0200502044
B1805314748262N12002252WA0200402042
B1805324748262N12002258WA0200202040
B1805334748262N12002265WA0200002037
B1805344748261N12002271WA0199802035
B1805354748260N12002277WA0199702034
B1805364748259N12002283WA0199502034
B1805374748257N12002288WA0199402033
B1805384748256N12002295WA0199202032
B1805394748255N12002303WA0199102030
B1805404748253N12002311WA0198902029
B1805414748251N12002319WA0198802030
B1805424748247N12002325WA0198802034
B1805434748243N12002328WA0198802038
B1805444748239N12002329WA0198802041
B1805454748235N12002330WA0198902043
B1805464748231N12002331WA0199002043
B1805474748226N12002333WA0199002043
B1805484748221N12002336WA0199002043
B1805494748215N12002337WA0199002043
B1805504748210N12002338WA0199102044
B1805514748205N12002339WA0199102045
B1805524748201N12002341WA0199202046
B1805534748199N12002345WA0199202046
B1805544748198N12002350WA0199302045
B1805554748198N12002356WA0199302044
B1805564748199N12002361WA0199302044
B1805574748200N12002367WA0199302045
B1805584748201N12002371WA0199302046
B1805594748203N12002375WA0199402046
B1806004748207N12002377WA0199402046
B1806014748212N12002378WA0199402044
B1806024748219N12002376WA0199302042
B1806034748226N12002370WA0199302040
B1806044748232N12002361WA0199202039
B1806054748235N12002351WA0199202040
B1806064748238N12002341WA0199202041
B1806074748239N12002330WA0199202041
B1806084748239N12002319WA0199202040
B1806094748239N12002307WA0199102039
B1806104748239N12002296WA0199102038
B1806114748237N12002285WA0199102037
B1806124748235N12002274WA0199002036
B1806134748231N12002263WA0199002036
B1806144748227N12002252WA0198902035
B1806154748222N12002242WA0198902034
B1806164748217N12002232WA0198802034
B1806174748213N12002223WA0198802035
B1806184748208N12002214WA0198802036
B1806194748204N12002206WA0198802037
B1806204748198N12002201WA0198802038
B1806214748192N12002199WA0198802038
B1806224748187N12002201WA0198902038
B1806234748183N12002206WA0198902037
B1806244748182N12002212WA0198902036
B1806254748183N12002217WA0198902035
B1806264748185N12002221WA0198902035
B1806274748187N12002224WA0198902034
B1806284748190N12002226WA0198802033
B1806294748194N12002228WA0198802031
B1806304748199N12002229WA0198702029
B1806314748204N12002228WA0198602027
B1806324748209N12002229WA0198502027
B1806334748212N12002230WA0198502029
B1806344748215N12002231WA0198502031
B1806354748216N12002232WA0198502032
B1806364748218N12002233WA0198502031
B1806374748220N12002234WA0198502029
B1806384748223N12002238WA0198402026
B1806394748225N12002242WA0198302023
B1806404748226N12002249WA0198202021
B1806414748227N12002255WA0198102019
B1806424748226N12002260WA0198002020
B1806434748225N12002264WA0197902020
B1806444748224N12002267WA0197902021
B1806454748222N12002271WA0197902022
B1806464748221N12002275WA0197802021
B1806474748220N12002280WA0197802021
B1806484748219N12002285WA0197702020
B1806494748218N12002289WA0197702020
B1806504748217N12002294WA0197602020
B1806514748216N12002298WA0197602020
B1806524748215N12002304WA0197502019
B1806534748214N12002310WA0197502017
B1806544748213N12002315WA0197402017
B1806554748212N12002321WA0197402016
B1806564748210N12002327WA0197302016
B1806574748208N12002332WA0197302016
B1806584748206N12002337WA0197202015
B1806594748204N12002342WA0197102015
B1807004748203N12002348WA0197102014
B1807014748203N12002354WA0197002013
B1807024748202N12002361WA0196902012
B1807034748202N12002367WA0196902011
B1807044748202N12002373WA0196802011
B1807054748202N12002378WA0196802011
B1807064748202N12002383WA0196702011
B1807074748202N12002389WA0196702010
B1807084748203N12002395WA0196602008
B1807094748205N12002401WA0196502007
B1807104748207N12002406WA0196402007
B1807114748210N12002410WA0196402006
B1807124748215N12002412WA0196302005
B1807134748221N12002412WA0196202004
B1807144748228N12002409WA0196102002
B1807154748235N12002404WA0196002000
B1807164748241N12002396WA0195901999
B1807174748246N12002388WA0195801998
B1807184748250N12002380WA0195701998
B1807194748255N12002373WA0195701998
B1807204748260N12002367WA0195601997
B1807214748266N12002361WA0195601997
B1807224748271N12002355WA0195501995
B1807234748277N12002350WA0195401994
B1807244748283N12002345WA0195301993
B1807254748289N12002340WA0195301992
B1807264748295N12002335WA0195101990
B1807274748301N12002330WA0195101989
B1807284748307N12002325WA0195001988
B1807294748313N12002322WA0194901987
B1807304748319N12002318WA0194801986
B1807314748324N12002313WA0194701985
B1807324748330N12002306WA0194601984
B1807334748335N12002298WA0194501983
B1807344748339N12002289WA0194401982
B1807354748343N12002280WA0194301981
B1807364748345N12002269WA0194201979
B1807374748346N12002257WA0194101977
B1807384748346N12002245WA0194001975
B1807394748345N12002233WA0193901974
B1807404748345N12002222WA0193701974
B1807414748344N12002212WA0193701975
B1807424748344N12002202WA0193601976
B1807434748343N12002192WA0193501975
B1807444748343N12002182WA0193501974
B1807454748343N12002172WA0193401974
B1807464748344N12002162WA0193301973
B1807474748344N12002152WA0193201973
B1807484748344N12002142WA0193101972
B1807494748344N12002133WA0193101971
B1807504748344N12002124WA0193001970
B1807514748345N12002115WA0192901969
B1807524748345N12002106WA0192801967
B1807534748346N12002097WA0192701966
B1807544748346N12002087WA0192601965
B1807554748345N12002077WA0192501964
B1807564748344N12002066WA0192401965
B1807574748343N12002056WA0192401966
B1807584748341N12002047WA0192401968
B1807594748340N12002038WA0192401970
B1808004748338N12002029WA0192401971
B1808014748335N12002020WA0192401971
B1808024748331N12002013WA0192401971
B1808034748326N12002008WA0192401970
B1808044748320N12002005WA0192401971
B1808054748313N12002003WA0192401971
B1808064748307N12002000WA0192401971
B1808074748302N12001996WA0192401972
B1808084748298N12001994WA0192501973
B1808094748294N12001994WA0192501972
B1808104748291N12001997WA0192501970
B1808114748290N12002003WA0192401965
B1808124748292N12002011WA0192301960
B1808134748296N12002017WA0192101957
B1808144748301N12002020WA0192001955
B1808154748306N12002020WA0191901955
B1808164748311N12002019WA0191701954
B1808174748316N12002017WA0191601952
B1808184748322N12002015WA0191501949
B1808194748329N12002013WA0191301947
B1808204748335N12002012WA0191201947
B1808214748340N12002009WA0191101947
B1808224748343N12002005WA0191001948
B1808234748347N12001998WA0190901947
B1808244748349N12001990WA0190801946
B1808254748352N12001981WA0190801945
B1808264748354N12001971WA0190701944
B1808274748354N12001960WA0190601944
B1808284748352N12001949WA0190501945
B1808294748349N12001939WA0190501945
B1808304748344N12001931WA0190501946
B1808314748339N12001924WA0190501948
B1808324748333N12001920WA0190501949
B1808334748327N12001918WA0190501950
B1808344748322N12001918WA0190501950
B1808354748317N12001922WA0190501949
B1808364748314N12001929WA0190501948
B1808374748312N12001938WA0190501945
B1808384748313N12001947WA0190401943
B1808394748316N12001954WA0190301942
B1808404748320N12001960WA0190201941
B1808414748323N12001966WA0190101941
B1808424748326N12001970WA0190101941
B1808434748330N12001976WA0190001939
B1808444748333N12001981WA0189901937
B1808454748338N12001986WA0189701933
B1808464748342N12001991WA0189601930
B1808474748347N12001995WA0189401927
B1808484748352N12001999WA0189201924
B1808494748357N12002002WA0189101921
B1808504748363N12002004WA0188801919
B1808514748368N12002006WA0188701916
B1808524748374N12002008WA0188401912
B1808534748380N12002010WA0188201909
B1808544748387N12002012WA0187901907
B1808554748393N12002014WA0187801905
B1808564748399N12002017WA0187501904
B1808574748405N12002019WA0187401904
B1808584748411N12002022WA0187201905
B1808594748417N12002025WA0187101905
B1809004748422N12002026WA0187001907
B1809014748428N12002027WA0187001908
B1809024748434N12002026WA0187001910
B1809034748440N12002024WA0186901911
B1809044748446N12002019WA0187001911
B1809054748453N12002011WA0187001912
B1809064748459N12002001WA0187001913
B1809074748464N12001990WA0187001915
B1809084748467N12001980WA0187101920
B1809094748470N12001970WA0187301925
B1809104748471N12001961WA0187501930
B1809114748472N12001951WA0187701934
B1809124748472N12001941WA0188001938
B1809134748469N12001932WA0188101939
B1809144748464N12001924WA0188301939
B1809154748458N12001919WA0188501940
B1809164748451N12001919WA0188701941
B1809174748446N12001924WA0188801942
B1809184748442N12001930WA0189001943
B1809194748441N12001938WA0189101946
B1809204748442N12001944WA0189401951
B1809214748444N12001947WA0189601956
B1809224748447N12001950WA0189901960
B1809234748451N12001952WA0190101962
B1809244748456N12001954WA0190401963
B1809254748462N12001955WA0190501966
B1809264748469N12001952WA0190801969
B1809274748474N12001946WA0191001972
B1809284748478N12001936WA0191301975
B1809294748480N12001925WA0191501978
B1809304748478N12001914WA0191801981
B1809314748475N12001905WA0192001984
B1809324748471N12001898WA0192401986
B1809334748466N12001893WA0192601989
B1809344748461N12001888WA0192901990
B1809354748456N12001884WA0193001991
B1809364748449N12001882WA0193301992
B1809374748442N12001883WA0193401993
B1809384748435N12001883WA0193601995
B1809394748429N12001883WA0193801998
B1809404748423N12001882WA0194102002
B1809414748419N12001881WA0194302007
B1809424748415N12001882WA0194702011
B1809434748413N12001885WA0194902013
B1809444748414N12001889WA0195202012
B1809454748418N12001895WA0195302010
B1809464748424N12001899WA0195402008
B1809474748431N12001900WA0195502008
B1809484748437N12001899WA0195602010
B1809494748442N12001896WA0195802015
B1809504748446N12001891WA0196002019
B1809514748450N12001884WA0196202022
B1809524748453N12001875WA0196402023
B1809534748455N12001863WA0196602026
B1809544748454N12001851WA0196802027
B1809554748451N12001841WA0197002030
B1809564748447N12001833WA0197202033
B1809574748441N12001828WA0197402035
B1809584748434N12001825WA0197602036
B1809594748428N12001825WA0197802038
B1810004748423N12001828WA0198002041
B1810014748421N12001833WA0198202044
B1810024748422N12001838WA0198502045
B1810034748424N12001843WA0198602046
B1810044748428N12001847WA0198802047
B1810054748433N12001849WA0199002048
B1810064748439N12001849WA0199202049
B1810074748444N12001845WA0199302051
B1810084748450N12001839WA0199502053
B1810094748455N12001830WA0199602055
B1810104748457N12001819WA0199802057
B1810114748458N12001807WA0200002059
B1810124748456N12001796WA0200202061
B1810134748453N12001786WA0200302062
B1810144748448N12001778WA0200502063
B1810154748441N12001771WA0200702064
B1810164748435N12001768WA0200802065
B1810174748428N12001766WA0201002067
B1810184748423N12001768WA0201202069
B1810194748419N12001771WA0201302072
B1810204748417N12001775WA0201502075
B1810214748416N12001779WA0201702078
B1810224748417N12001782WA0202002079
B1810234748418N12001786WA0202102080
B1810244748419N12001790WA0202302081
B1810254748420N12001794WA0202402081
B1810264748422N12001798WA0202502081
B1810274748424N12001802WA0202602082
B1810284748427N12001806WA0202802082
B1810294748429N12001811WA0202802082
B1810304748431N12001816WA0202902081
B1810314748433N12001821WA0203002081
B1810324748434N12001826WA0203002081
B1810334748434N12001832WA0203102081
B1810344748433N12001838WA0203102079
B1810354748430N12001844WA0203002077
B1810364748428N12001848WA0203002076
B1810374748425N12001852WA0202902074
B1810384748422N12001856WA0202802072
B1810394748419N12001861WA0202802070
B1810404748418N12001867WA0202602067
B1810414748417N12001874WA0202502063
B1810424748416N12001880WA0202302060
B1810434748416N12001887WA0202102057
B1810444748415N12001893WA0201902054
B1810454748413N12001899WA0201702051
B1810464748410N12001905WA0201502048
B1810474748407N12001911WA0201302044
B1810484748404N12001917WA0201002040
B1810494748401N12001924WA0200702037
B1810504748398N12001930WA0200402035
B1810514748396N12001936WA0200202033
B1810524748394N12001943WA0199902031
B1810534748392N12001950WA0199702029
B1810544748389N12001957WA0199402027
B1810554748386N12001964WA0199302026
B1810564748383N12001971WA0199002027
B1810574748382N12001978WA0198902028
B1810584748380N12001984WA0198802029
B1810594748380N12001990WA0198702029
B1811004748381N12001997WA0198602029
B1811014748382N12002003WA0198602028
B1811024748382N12002011WA0198402027
B1811034748382N12002019WA0198302026
B1811044748381N12002027WA0198202025
B1811054748380N12002034WA0198202026
B1811064748380N12002040WA0198102028
B1811074748381N12002045WA0198102029
B1811084748381N12002050WA0198102029
B1811094748382N12002057WA0198102028
B1811104748381N12002064WA0198002026
B1811114748382N12002071WA0197902025
B1811124748383N12002078WA0197902024
B1811134748384N12002085WA0197802025
B1811144748385N12002090WA0197802026
B1811154748386N12002096WA0197802026
B1811164748387N12002102WA0197702026
B1811174748388N12002108WA0197702025
B1811184748390N12002114WA0197702024
B1811194748391N12002121WA0197602023
B1811204748392N12002127WA0197602023
B1811214748394N12002133WA0197502024
B1811224748395N12002138WA0197602024
B1811234748396N12002144WA0197602024
B1811244748398N12002149WA0197502024
B1811254748399N12002155WA0197502024
B1811264748401N12002161WA0197502024
B1811274748402N12002167WA0197502024
B1811284748403N12002173WA0197502024
B1811294748404N12002178WA0197502025
B1811304748405N12002184WA0197502025
B1811314748405N12002191WA0197502024
B1811324748406N12002197WA0197502024
B1811334748407N12002204WA0197502024
B1811344748408N12002210WA0197502024
B1811354748409N12002217WA0197502025
B1811364748410N12002222WA0197502026
B1811374748410N12002228WA0197502027
B1811384748411N12002234WA0197602028
B1811394748411N12002241WA0197602029
B1811404748412N12002248WA0197702030
B1811414748412N12002255WA0197702031
B1811424748411N12002261WA0197802032
B1811434748411N12002268WA0197902034
B1811444748411N12002274WA0198002035
B1811454748411N12002280WA0198002037
B1811464748412N12002285WA0198102038
B1811474748412N12002292WA0198202039
B1811484748412N12002298WA0198302039
B1811494748412N12002306WA0198302039
B1811504748412N12002313WA0198402039
B1811514748412N12002321WA0198402039
B1811524748412N12002328WA0198502039
B1811534748413N12002336WA0198502039
B1811544748413N12002344WA0198602040
B1811554748413N12002351WA0198602040
B1811564748413N12002359WA0198602040
B1811574748414N12002366WA0198602040
B1811584748414N12002374WA0198702039
B1811594748414N12002382WA0198702039
B1812004748414N12002390WA0198602038
B1812014748414N12002397WA0198602038
B1812024748415N12002404WA0198602038
B1812034748416N12002412WA0198602038
B1812044748417N12002419WA0198602037
B1812054748418N12002427WA0198602035
B1812064748418N12002435WA0198502034
B1812074748419N12002443WA0198502033
B1812084748419N12002451WA0198402032
B1812094748419N12002458WA0198402031
B1812104748419N12002465WA0198302030
B1812114748419N12002472WA0198202029
B1812124748420N12002480WA0198102028
B1812134748420N12002487WA0198102026
B1812144748420N12002495WA0197902025
B1812154748420N12002502WA0197902023
B1812164748419N12002509WA0197802022
B1812174748418N12002515WA0197702022
B1812184748418N12002522WA0197602021
B1812194748417N12002528WA0197502019
B1812204748417N12002535WA0197402018
B1812214748417N12002542WA0197302016
B1812224748417N12002549WA0197102014
B1812234748417N12002556WA0197002013
B1812244748418N12002563WA0196902012
B1812254748420N12002569WA0196802011
B1812264748422N12002575WA0196702010
B1812274748424N12002581WA0196602009
B1812284748427N12002587WA0196402007
B1812294748429N12002593WA0196402006
B1812304748431N12002599WA0196202004
B1812314748433N12002606WA0196102002
B1812324748435N12002613WA0195902001
B1812334748437N12002619WA0195802000
B1812344748439N12002626WA0195701999
B1812354748441N12002632WA0195601998
B1812364748443N12002639WA0195501996
B1812374748444N12002645WA0195401995
B1812384748445N12002652WA0195201993
B1812394748447N12002658WA0195101992
B1812404748448N12002665WA0195001990
B1812414748449N12002672WA0194901989
B1812424748450N12002678WA0194801988
B1812434748451N12002685WA0194701987
B1812444748452N12002691WA0194501986
B1812454748453N12002698WA0194401984
B1812464748454N12002705WA0194301983
B1812474748455N12002712WA0194201982
B1812484748456N12002719WA0194001980
B1812494748457N12002725WA0193901979
B1812504748457N12002732WA0193801978
B1812514748457N12002739WA0193701977
B1812524748456N12002745WA0193501975
B1812534748455N12002752WA0193401974
B1812544748453N12002758WA0193201973
B1812554748452N12002764WA0193101972
B1812564748451N12002770WA0193001971
B1812574748449N12002775WA0192901970
B1812584748447N12002781WA0192701969
B1812594748444N12002787WA0192601967
B1813004748442N12002792WA0192501966
B1813014748440N12002798WA0192401965
B1813024748439N12002804WA0192201964
B1813034748438N12002810WA0192101963
B1813044748437N12002817WA0192001962
B1813054748436N12002823WA0191901960
B1813064748436N12002830WA0191801959
B1813074748436N12002836WA0191701958
B1813084748435N12002842WA0191501958
B1813094748435N12002847WA0191501957
B1813104748435N12002853WA0191301956
B1813114748435N12002860WA0191201953
B1813124748435N12002868WA0191001950
B1813134748435N12002876WA0190901947
B1813144748435N12002885WA0190601944
B1813154748435N12002894WA0190501942
B1813164748435N12002902WA0190301941
B1813174748434N12002910WA0190101940
B1813184748433N12002917WA0190001940
B1813194748432N12002924WA0189801938
B1813204748431N12002931WA0189601936
B1813214748430N12002939WA0189501933
B1813224748429N12002948WA0189201929
B1813234748428N12002957WA0189001926
B1813244748428N12002966WA0188801924
B1813254748427N12002973WA0188601923
B1813264748426N12002980WA0188401922
B1813274748424N12002987WA0188301921
B1813284748423N12002995WA0188101920
B1813294748422N12003003WA0187901918
B1813304748422N12003012WA0187701915
B1813314748422N12003021WA0187501913
B1813324748422N12003028WA0187301914
B1813334748422N12003034WA0187301915
B1813344748422N12003038WA0187201917
B1813354748422N12003042WA0187201917
B1813364748423N12003048WA0187101916
B1813374748424N12003055WA0187001913
B1813384748425N12003063WA0186801910
B1813394748426N12003072WA0186701907
B1813404748426N12003080WA0186601907
B1813414748426N12003087WA0186501907
B1813424748426N12003093WA0186401908
B1813434748426N12003099WA0186301907
B1813444748426N12003106WA0186201905
B1813454748426N12003114WA0186101902
B1813464748425N12003122WA0185901900
B1813474748424N12003130WA0185801898
B1813484748425N12003137WA0185701898
B1813494748425N12003143WA0185601897
B1813504748426N12003150WA0185501896
B1813514748426N12003157WA0185401894
B1813524748424N12003165WA0185201891
B1813534748422N12003173WA0185101888
B1813544748419N12003181WA0184901887
B1813554748417N12003187WA0184801887
B1813564748416N12003192WA0184701888
B1813574748415N12003197WA0184601888
B1813584748413N12003203WA0184501886
B1813594748412N12003209WA0184401884
B1814004748410N12003216WA0184301882
B1814014748410N12003223WA0184101880
B1814024748411N12003230WA0184001879
B1814034748413N12003236WA0183901878
B1814044748414N12003242WA0183801877
B1814054748414N12003248WA0183701876
B1814064748414N12003255WA0183601874
B1814074748415N12003263WA0183401872
B1814084748416N12003270WA0183301871
B1814094748418N12003277WA0183201871
B1814104748420N12003283WA0183101870
B1814114748422N12003290WA0183001870
B1814124748423N12003296WA0182901869
B1814134748424N12003303WA0182801868
B1814144748426N12003310WA0182701866
B1814154748427N12003318WA0182601864
B1814164748428N12003326WA0182501863
B1814174748428N12003333WA0182401863
B1814184748428N12003340WA0182301863
B1814194748428N12003346WA0182301863
B1814204748428N12003353WA0182201863
B1814214748429N12003360WA0182101862
B1814224748429N12003367WA0182001860
B1814234748431N12003374WA0182001859
B1814244748431N12003382WA0181801858
B1814254748432N12003389WA0181801858
B1814264748431N12003396WA0181701857
B1814274748431N12003402WA0181701857
B1814284748431N12003409WA0181601856
B1814294748431N12003416WA0181501855
B1814304748431N12003424WA0181401854
B1814314748431N12003431WA0181401854
B1814324748431N12003438WA0181301853
B1814334748431N12003445WA0181301854
B1814344748431N12003452WA0181201854
B1814354748431N12003459WA0181201855
B1814364748431N12003465WA0181201855
B1814374748431N12003472WA0181201855
B1814384748432N12003478WA0181101855
B1814394748432N12003485WA0181101855
B1814404748432N12003492WA0181101854
B1814414748432N12003499WA0181101854
B1814424748432N12003505WA0181101854
B1814434748431N12003511WA0181101855
B1814444748428N12003516WA0181101856
B1814454748425N12003520WA0181101856
B1814464748422N12003525WA0181101856
B1814474748419N12003529WA0181101856
B1814484748416N12003533WA0181101856
B1814494748413N12003537WA0181101856
B1814504748409N12003542WA0181101856
B1814514748405N12003546WA0181101856
B1814524748401N12003551WA0181101856
B1814534748398N12003555WA0181101856
B1814544748394N12003559WA0181101857
B1814554748390N12003562WA0181101858
B1814564748387N12003565WA0181201858
B1814574748383N12003569WA0181201859
B1814584748381N12003573WA0181201858
B1814594748379N12003578WA0181201858
B1815004748378N12003585WA0181201858
B1815014748379N12003592WA0181201857
B1815024748379N12003599WA0181201857
B1815034748380N12003606WA0181201858
B1815044748379N12003612WA0181201859
B1815054748378N12003617WA0181201859
B1815064748375N12003622WA0181301859
B1815074748372N12003627WA0181301859
B1815084748369N12003630WA0181301859
B1815094748365N12003634WA0181301859
B1815104748361N12003637WA0181301859
B1815114748357N12003639WA0181301859
B1815124748352N12003641WA0181301859
B1815134748347N12003642WA0181301859
B1815144748342N12003643WA0181301859
B1815154748337N12003644WA0181301858
B1815164748332N12003645WA0181301858
B1815174748326N12003646WA0181301857
B1815184748322N12003648WA0181301857
B1815194748317N12003651WA0181301857
B1815204748313N12003655WA0181301857
B1815214748309N12003659WA0181301857
B1815224748306N12003664WA0181301857
B1815234748304N12003669WA0181301857
B1815244748301N12003675WA0181301857
B1815254748299N12003680WA0181301857
B1815264748297N12003686WA0181301857
B1815274748295N12003691WA0181301857
B1815284748293N12003697WA0181301857
B1815294748292N12003703WA0181301857
B1815304748290N12003709WA0181301858
B1815314748289N12003715WA0181301858
B1815324748288N12003721WA0181301858
B1815334748288N12003727WA0181201858
B1815344748288N12003734WA0181201859
B1815354748288N12003740WA0181201859
B1815364748288N12003747WA0181201859
B1815374748288N12003753WA0181301859
B1815384748289N12003759WA0181301860
B1815394748289N12003765WA0181301860
B1815404748290N12003772WA0181301860
B1815414748291N12003778WA0181301860
B1815424748291N12003785WA0181301859
B1815434748292N12003791WA0181301859
B1815444748292N12003798WA0181301860
B1815454748292N12003804WA0181301860
B1815464748292N12003811WA0181301860
B1815474748292N12003817WA0181301860
B1815484748292N12003824WA0181301860
B1815494748292N12003830WA0181301860
B1815504748292N12003837WA0181301860
B1815514748292N12003843WA0181301860
B1815524748291N12003849WA0181301860
B1815534748291N12003855WA0181301860
B1815544748290N12003861WA0181301859
B1815554748290N12003868WA0181301859
B1815564748289N12003874WA0181301858
B1815574748288N12003881WA0181201858
B1815584748287N12003887WA0181201857
B1815594748285N12003892WA0181201857
B1816004748283N12003898WA0181201857
B1816014748280N12003904WA0181101856
B1816024748278N12003910WA0181101856
B1816034748276N12003915WA0181101856
B1816044748275N12003921WA0181101855
B1816054748273N12003928WA0181001855
B1816064748272N12003934WA0181001855
B1816074748270N12003940WA0181001854
B1816084748269N12003946WA0180901854
B1816094748267N12003952WA0180901853
B1816104748266N12003958WA0180801853
B1816114748264N12003964WA0180801852
B1816124748262N12003970WA0180801851
B1816134748261N12003977WA0180701851
B1816144748260N12003983WA0180601850
B1816154748258N12003989WA0180601849
B1816164748257N12003995WA0180501848
B1816174748254N12004001WA0180501848
B1816184748251N12004006WA0180401847
B1816194748247N12004010WA0180301846
B1816204748242N12004013WA0180201844
B1816214748236N12004016WA0180101843
B1816224748230N12004017WA0180001842
B1816234748224N12004016WA0179901840
B1816244748217N12004013WA0179801838
B1816254748211N12004007WA0179701836
B1816264748205N12004000WA0179601834
B1816274748199N12003992WA0179501833
B1816284748195N12003983WA0179401832
B1816294748191N12003973WA0179301831
B1816304748187N12003963WA0179201830
B1816314748184N12003952WA0179101828
B1816324748180N12003941WA0179001827
B1816334748177N12003930WA0178901826
B1816344748173N12003920WA0178801825
B1816354748168N12003910WA0178701824
B1816364748164N12003900WA0178601823
B1816374748160N12003891WA0178501823
B1816384748156N12003881WA0178401822
B1816394748152N12003872WA0178401821
B1816404748147N12003863WA0178301821
B1816414748142N12003854WA0178201820
B1816424748137N12003845WA0178101819
B1816434748133N12003837WA0178001819
B1816444748128N12003828WA0178001819
B1816454748124N12003820WA0177901819
B1816464748119N12003811WA0177901819
B1816474748115N12003803WA0177801818
B1816484748110N12003796WA0177701817
B1816494748104N12003789WA0177701816
B1816504748099N12003783WA0177601816
B1816514748093N12003777WA0177601816
B1816524748087N12003771WA0177501816
B1816534748082N12003765WA0177501815
B1816544748076N12003760WA0177501815
B1816554748071N12003755WA0177401814
B1816564748065N12003749WA0177401814
B1816574748059N12003744WA0177301813
B1816584748053N12003739WA0177301812
B1816594748047N12003733WA0177201812
B1817004748042N12003728WA0177201811
B1817014748036N12003722WA0177201811
B1817024748031N12003715WA0177101811
B1817034748026N12003708WA0177101810
B1817044748021N12003699WA0177001810
B1817054748017N12003689WA0177001809
B1817064748014N12003678WA0176901808
B1817074748012N12003667WA0176901808
B1817084748009N12003656WA0176901809
B1817094748008N12003646WA0176801809
B1817104748007N12003635WA0176801809
B1817114748006N12003623WA0176801809
B1817124748006N12003612WA0176801809
B1817134748006N12003600WA0176801809
B1817144748007N12003588WA0176801809
B1817154748009N12003577WA0176801810
B1817164748010N12003567WA0176801811
B1817174748012N12003556WA0176901813
B1817184748012N12003546WA0176901814
B1817194748011N12003536WA0177001814
B1817204748008N12003527WA0177001813
B1817214748004N12003521WA0177001813
B1817224747998N12003519WA0177001812
B1817234747993N12003521WA0177001812
B1817244747990N12003526WA0177101812
B1817254747989N12003532WA0177101813
B1817264747990N12003538WA0177101814
B1817274747992N12003543WA0177101815
B1817284747996N12003548WA0177201816
B1817294747999N12003552WA0177201817
B1817304748003N12003557WA0177301818
B1817314748007N12003561WA0177301818
B1817324748011N12003564WA0177401818
B1817334748016N12003566WA0177401819
B1817344748022N12003565WA0177501819
B1817354748028N12003562WA0177501819
B1817364748035N12003557WA0177501819
B1817374748040N12003550WA0177501819
B1817384748046N12003543WA0177601820
B1817394748052N12003537WA0177601821
B1817404748057N12003531WA0177701821
B1817414748063N12003525WA0177701822
B1817424748068N12003517WA0177801822
B1817434748072N12003508WA0177801823
B1817444748076N12003498WA0177901823
B1817454748077N12003487WA0177901823
B1817464748077N12003477WA0177901823
B1817474748075N12003467WA0178001824
B1817484748072N12003459WA0178001824
B1817494748068N12003454WA0178001823
B1817504748062N12003452WA0178101823
B1817514748057N12003452WA0178101822
B1817524748053N12003456WA0178101821
B1817534748051N12003462WA0178001819
B1817544748050N12003470WA0178001819
B1817554748051N12003476WA0178001819
B1817564748054N12003482WA0178001820
B1817574748057N12003486WA0178001822
B1817584748061N12003490WA0178101823
B1817594748065N12003494WA0178101824
B1818004748070N12003497WA0178201824
B1818014748075N12003499WA0178201824
B1818024748081N12003500WA0178201825
B1818034748088N12003499WA0178301825
B1818044748093N12003495WA0178301826
B1818054748099N12003488WA0178401827
B1818064748102N12003479WA0178401827
B1818074748105N12003469WA0178501827
B1818084748105N12003458WA0178501826
B1818094748104N12003448WA0178501826
B1818104748101N12003439WA0178501826
B1818114748097N12003432WA0178501826
B1818124748092N12003427WA0178501826
B1818134748087N12003425WA0178501826
B1818144748082N12003425WA0178501825
B1818154748077N12003427WA0178501825
B1818164748074N12003432WA0178501824
B1818174748071N12003437WA0178501824
B1818184748069N12003444WA0178401824
B1818194748069N12003450WA0178401825
B1818204748069N12003457WA0178501826
B1818214748069N12003463WA0178501828
B1818224748070N12003468WA0178501830
B1818234748072N12003474WA0178601831
B1818244748074N12003479WA0178601832
B1818254748077N12003485WA0178701832
B1818264748080N12003490WA0178701833
B1818274748084N12003494WA0178801833
B1818284748089N12003497WA0178901834
B1818294748094N12003499WA0178901835
B1818304748100N12003500WA0179001836
B1818314748106N12003500WA0179001836
B1818324748112N12003498WA0179101837
B1818334748118N12003494WA0179201838
B1818344748123N12003487WA0179201838
B1818354748127N12003479WA0179301838
B1818364748129N12003469WA0179301838
B1818374748130N12003457WA0179401837
B1818384748128N12003446WA0179401839
B1818394748125N12003438WA0179401840
B1818404748121N12003431WA0179501842
B1818414748117N12003426WA0179601845
B1818424748113N12003423WA0179701847
B1818434748108N12003420WA0179801847
B1818444748103N12003420WA0179901847
B1818454748099N12003424WA0180001847
B1818464748097N12003430WA0180001846
B1818474748098N12003437WA0180101845
B1818484748102N12003443WA0180101845
B1818494748108N12003446WA0180101845
B1818504748114N12003447WA0180101845
B1818514748119N12003444WA0180201846
B1818524748125N12003439WA0180201846
B1818534748129N12003430WA0180201846
B1818544748131N12003420WA0180301846
B1818554748133N12003410WA0180301846
B1818564748135N12003399WA0180301847
B1818574748137N12003389WA0180401849
B1818584748138N12003380WA0180401850
B1818594748139N12003371WA0180501852
B1819004748139N12003362WA0180601852
B1819014748138N12003353WA0180601853
B1819024748136N12003345WA0180701852
B1819034748132N12003338WA0180701851
B1819044748126N12003334WA0180701850
B1819054748121N12003333WA0180701849
B1819064748116N12003336WA0180701849
B1819074748113N12003340WA0180701849
B1819084748111N12003346WA0180701850
B1819094748112N12003353WA0180701851
B1819104748114N12003359WA0180701851
B1819114748117N12003364WA0180701851
B1819124748120N12003369WA0180701852
B1819134748124N12003372WA0180801852
B1819144748129N12003374WA0180801852
B1819154748135N12003373WA0180801852
B1819164748141N12003369WA0180801852
B1819174748147N12003362WA0180801851
B1819184748151N12003353WA0180801851
B1819194748152N12003342WA0180801851
B1819204748152N12003331WA0180901851
B1819214748149N12003322WA0180901852
B1819224748146N12003313WA0180901852
B1819234748143N12003306WA0180901853
B1819244748140N12003299WA0180901852
B1819254748136N12003293WA0180901852
B1819264748132N12003287WA0180901850
B1819274748127N12003283WA0180901849
B1819284748121N12003280WA0180901848
B1819294748116N12003279WA0180801847
B1819304748110N12003278WA0180801847
B1819314748106N12003278WA0180801848
B1819324748101N12003278WA0180801848
B1819334748097N12003279WA0180801848
B1819344748093N12003280WA0180801848
B1819354748088N12003282WA0180801847
B1819364748084N12003285WA0180701847
B1819374748080N12003289WA0180701847
B1819384748077N12003294WA0180701848
B1819394748076N12003299WA0180701848
B1819404748077N12003305WA0180701849
B1819414748079N12003311WA0180701849
B1819424748082N12003316WA0180801849
B1819434748084N12003322WA0180801851
B1819444748084N12003326WA0180801853
B1819454748082N12003330WA0180901854
B1819464748077N12003333WA0180901853
B1819474748072N12003334WA0180901852
B1819484748067N12003334WA0180901853
B1819494748063N12003335WA0181001855
B1819504748059N12003337WA0181001856
B1819514748055N12003338WA0181101857
B1819524748051N12003340WA0181101858
B1819534748047N12003342WA0181201858
B1819544748043N12003344WA0181201858
B1819554748039N12003347WA0181301859
B1819564748036N12003350WA0181301861
B1819574748035N12003354WA0181401862
B1819584748036N12003360WA0181501862
B1819594748040N12003365WA0181501861
B1820004748046N12003369WA0181601862
B1820014748053N12003369WA0181601863
B1820024748059N12003363WA0181701865
B1820034748064N12003353WA0181701866
B1820044748066N12003341WA0181801867
B1820054748065N12003329WA0181901868
B1820064748062N12003319WA0182001869
B1820074748057N12003312WA0182001869
B1820084748051N12003309WA0182101870
B1820094748046N12003310WA0182201871
B1820104748042N12003312WA0182301872
B1820114748040N12003317WA0182401873
B1820124748040N12003323WA0182501875
B1820134748041N12003329WA0182601876
B1820144748045N12003334WA0182701876
B1820154748049N12003338WA0182701878
B1820164748055N12003338WA0182901879
B1820174748061N12003336WA0182901880
B1820184748068N12003331WA0183101881
B1820194748073N12003323WA0183101881
B1820204748077N12003313WA0183301882
B1820214748078N12003302WA0183301884
B1820224748078N12003291WA0183501884
B1820234748076N12003281WA0183501885
B1820244748072N12003273WA0183601885
B1820254748067N12003267WA0183701885
B1820264748061N12003264WA0183701884
B1820274748056N12003263WA0183801884
B1820284748051N12003263WA0183801885
B1820294748046N12003264WA0183901886
B1820304748041N12003265WA0184001887
B1820314748037N12003266WA0184001888
B1820324748032N12003268WA0184101889
B1820334748029N12003272WA0184201890
B1820344748026N12003276WA0184301891
B1820354748025N12003282WA0184401893
B1820364748025N12003288WA0184501894
B1820374748028N12003293WA0184501895
B1820384748032N12003297WA0184701897
B1820394748037N12003297WA0184701898
B1820404748043N12003295WA0184901899
B1820414748049N12003289WA0185001900
B1820424748053N12003280WA0185101902
B1820434748055N12003269WA0185201903
B1820444748054N12003258WA0185301904
B1820454748051N12003248WA0185401905
B1820464748047N12003241WA0185501907
B1820474748041N12003236WA0185601908
B1820484748035N12003234WA0185801910
B1820494748031N12003235WA0185901912
B1820504748027N12003239WA0186001913
B1820514748025N12003244WA0186101913
B1820524748024N12003250WA0186301914
B1820534748025N12003256WA0186401915
B1820544748028N12003260WA0186501916
B1820554748033N12003262WA0186601918
B1820564748038N12003262WA0186701920
B1820574748044N12003257WA0186801921
B1820584748048N12003250WA0187001923
B1820594748051N12003241WA0187101925
B1821004748052N12003230WA0187301926
B1821014748050N12003220WA0187401928
B1821024748046N12003211WA0187601929
B1821034748041N12003205WA0187701930
B1821044748036N12003201WA0187801931
B1821054748030N12003200WA0187901933
B1821064748026N12003200WA0188101934
B1821074748021N12003202WA0188201935
B1821084748018N12003206WA0188301936
B1821094748016N12003210WA0188401936
B1821104748016N12003216WA0188501937
B1821114748017N12003222WA0188601937
B1821124748021N12003225WA0188701938
B1821134748026N12003227WA0188801939
B1821144748032N12003225WA0188901940
B1821154748037N12003221WA0189001942
B1821164748041N12003214WA0189101944
B1821174748045N12003205WA0189201945
B1821184748047N12003195WA0189301946
B1821194748047N12003184WA0189401948
B1821204748046N12003174WA0189601950
B1821214748043N12003165WA0189701951
B1821224748040N12003158WA0189801952
B1821234748035N12003152WA0189901953
B1821244748030N12003148WA0190101954
B1821254748024N12003145WA0190201954
B1821264748018N12003145WA0190301954
B1821274748013N12003147WA0190401955
B1821284748009N12003150WA0190501956
B1821294748006N12003154WA0190601957
B1821304748003N12003158WA0190701958
B1821314748003N12003164WA0190801960
B1821324748004N12003169WA0190901961
B1821334748006N12003173WA0191001962
B1821344748009N12003177WA0191101963
B1821354748013N12003179WA0191101964
B1821364748018N12003180WA0191301965
B1821374748023N12003177WA0191301965
B1821384748028N12003173WA0191401965
B1821394748032N12003166WA0191501966
B1821404748036N12003157WA0191601967
B1821414748037N12003147WA0191701968
B1821424748037N12003137WA0191801969
B1821434748035N12003127WA0191901970
B1821444748031N12003118WA0192001971
B1821454748026N12003111WA0192001972
B1821464748020N12003107WA0192201973
B1821474748013N12003106WA0192201974
B1821484748008N12003109WA0192301975
B1821494748005N12003113WA0192401976
B1821504748003N12003118WA0192501978
B1821514748003N12003123WA0192601979
B1821524748004N12003128WA0192801979
B1821534748006N12003132WA0192801980
B1821544748008N12003137WA0192901980
B1821554748010N12003142WA0193001981
B1821564748013N12003146WA0193101981
B1821574748016N12003151WA0193101981
B1821584748019N12003155WA0193201982
B1821594748022N12003159WA0193301983
B1822004748026N12003163WA0193401984
B1822014748031N12003166WA0193401986
B1822024748035N12003169WA0193501987
B1822034748040N12003171WA0193601988
B1822044748045N12003172WA0193701989
B1822054748050N12003170WA0193801990
B1822064748055N12003164WA0193901991
B1822074748058N12003156WA0194001992
B1822084748060N12003146WA0194101992
B1822094748059N12003136WA0194101992
B1822104748055N12003126WA0194201991
B1822114748050N12003118WA0194201991
B1822124748044N12003112WA0194201991
B1822134748038N12003109WA0194301991
B1822144748031N12003107WA0194301992
B1822154748026N12003108WA0194301993
B1822164748021N12003111WA0194401995
B1822174748018N12003114WA0194501996
B1822184748014N12003120WA0194601996
B1822194748012N12003126WA0194601996
B1822204748011N12003133WA0194701997
B1822214748011N12003140WA0194701998
B1822224748013N12003145WA0194801999
B1822234748016N12003149WA0194802000
B1822244748020N12003153WA0194902000
B1822254748024N12003156WA0195002001
B1822264748028N12003158WA0195002001
B1822274748033N12003161WA0195102002
B1822284748037N12003162WA0195202002
B1822294748042N12003162WA0195202002
B1822304748048N12003159WA0195302002
B1822314748054N12003155WA0195302002
B1822324748059N12003149WA0195302002
B1822334748063N12003141WA0195402003
B1822344748066N12003132WA0195402003
B1822354748067N12003123WA0195402003
B1822364748067N12003112WA0195502003
B1822374748067N12003102WA0195502003
B1822384748066N12003091WA0195502003
B1822394748065N12003080WA0195502003
B1822404748063N12003070WA0195602004
B1822414748060N12003061WA0195602004
B1822424748057N12003052WA0195602004
B1822434748053N12003043WA0195602004
B1822444748048N12003036WA0195602004
B1822454748042N12003031WA0195602003
B1822464748035N12003028WA0195602002
B1822474748028N12003027WA0195602001
B1822484748022N12003028WA0195602001
B1822494748017N12003031WA0195602001
B1822504748013N12003035WA0195602002
B1822514748009N12003040WA0195602003
B1822524748007N12003045WA0195602003
B1822534748005N12003050WA0195602004
B1822544748003N12003056WA0195602003
B1822554748002N12003061WA0195602003
B1822564748002N12003067WA0195602003
B1822574748004N12003073WA0195602003
B1822584748006N12003079WA0195602003
B1822594748008N12003085WA0195602003
B1823004748010N12003091WA0195602004
B1823014748012N12003097WA0195602005
B1823024748013N12003103WA0195702004
B1823034748014N12003109WA0195702004
B1823044748016N12003115WA0195702004
B1823054748019N12003120WA0195702004
B1823064748023N12003124WA0195702004
B1823074748027N12003129WA0195702004
B1823084748030N12003133WA0195702004
B1823094748034N12003137WA0195702004
B1823104748038N12003142WA0195702004
B1823114748042N12003146WA0195702004
B1823124748046N12003151WA0195702003
B1823134748050N12003156WA0195702003
B1823144748055N12003161WA0195702003
B1823154748059N12003166WA0195702003
B1823164748063N12003171WA0195702004
B1823174748066N12003176WA0195702004
B1823184748070N12003180WA0195702005
B1823194748074N12003185WA0195702005
B1823204748078N12003190WA0195702005
B1823214748082N12003196WA0195702004
B1823224748086N12003201WA0195702004
B1823234748090N12003205WA0195802005
B1823244748094N12003209WA0195802006
B1823254748099N12003213WA0195802006
B1823264748103N12003217WA0195802007
B1823274748108N12003220WA0195902007
B1823284748113N12003224WA0195902007
B1823294748118N12003227WA0195902007
B1823304748123N12003231WA0195902007
B1823314748128N12003235WA0195902008
B1823324748132N12003239WA0196002009
B1823334748137N12003243WA0196002009
B1823344748141N12003248WA0196102010
B1823354748146N12003252WA0196102010
B1823364748150N12003257WA0196202011
B1823374748155N12003261WA0196202011
B1823384748159N12003266WA0196202012
B1823394748164N12003271WA0196302012
B1823404748168N12003275WA0196302013
B1823414748173N12003279WA0196402014
B1823424748177N12003282WA0196502015
B1823434748182N12003285WA0196502016
B1823444748187N12003288WA0196602017
B1823454748191N12003290WA0196702017
B1823464748196N12003292WA0196702018
B1823474748201N12003294WA0196802017
B1823484748207N12003295WA0196802017
B1823494748212N12003296WA0196902018
B1823504748217N12003296WA0196902018
B1823514748223N12003297WA0196902018
B1823524748228N12003298WA0197002018
B1823534748233N12003299WA0197002018
B1823544748239N12003300WA0197002018
B1823554748244N12003300WA0197002018
B1823564748250N12003298WA0197102018
B1823574748255N12003295WA0197102018
B1823584748260N12003291WA0197102018
B1823594748265N12003286WA0197102017
B1824004748270N12003282WA0197102017
B1824014748275N12003277WA0197102017
B1824024748279N12003271WA0197102016
B1824034748283N12003264WA0197102016
B1824044748287N12003255WA0197002015
B1824054748291N12003247WA0197002014
B1824064748294N12003239WA0197002014
B1824074748298N12003231WA0197002014
B1824084748303N12003222WA0196902014
B1824094748306N12003212WA0196902014
B1824104748310N12003203WA0196902014
B1824114748312N12003194WA0196902015
B1824124748314N12003186WA0196902017
B1824134748315N12003177WA0196902018
B1824144748315N12003168WA0197002019
B1824154748314N12003158WA0197002019
B1824164748312N12003148WA0197002019
B1824174748309N12003138WA0197002019
B1824184748307N12003128WA0197102020
B1824194748305N12003118WA0197102022
B1824204748303N12003108WA0197202025
B1824214748302N12003099WA0197302027
B1824224748300N12003089WA0197402030
B1824234748297N12003080WA0197502032
B1824244748294N12003071WA0197702033
B1824254748289N12003063WA0197802035
B1824264748284N12003057WA0197902036
B1824274748278N12003054WA0198002037
B1824284748273N12003055WA0198102037
B1824294748269N12003059WA0198202037
B1824304748265N12003064WA0198302037
B1824314748262N12003069WA0198402038
B1824324748260N12003074WA0198502040
B1824334748258N12003079WA0198602041
B1824344748256N12003085WA0198702043
B1824354748255N12003091WA0198802044
B1824364748257N12003098WA0198902045
B1824374748261N12003103WA0199002045
B1824384748267N12003105WA0199102046
B1824394748274N12003103WA0199102046
B1824404748279N12003099WA0199302048
B1824414748283N12003092WA0199402049
B1824424748286N12003084WA0199502051
B1824434748287N12003074WA0199602051
B1824444748286N12003063WA0199702051
B1824454748283N12003052WA0199702053
B1824464748280N12003042WA0199902055
B1824474748277N12003033WA0200002057
B1824484748273N12003025WA0200102060
B1824494748270N12003018WA0200202062
B1824504748266N12003013WA0200402062
B1824514748261N12003009WA0200502061
B1824524748255N12003006WA0200502058
B1824534748249N12003005WA0200502056
B1824544748242N12003006WA0200502054
B1824554748237N12003008WA0200502054
B1824564748231N12003011WA0200502053
B1824574748226N12003014WA0200502054
B1824584748222N12003018WA0200502054
B1824594748218N12003022WA0200502055
B1825004748214N12003024WA0200602057
B1825014748210N12003026WA0200602058
B1825024748206N12003027WA0200702059
B1825034748204N12003031WA0200702059
B1825044748202N12003036WA0200702058
B1825054748201N12003042WA0200702057
B1825064748202N12003049WA0200702056
B1825074748205N12003056WA0200702056
B1825084748208N12003061WA0200702056
B1825094748213N12003066WA0200702056
B1825104748217N12003069WA0200702056
B1825114748221N12003072WA0200702057
B1825124748226N12003074WA0200802057
B1825134748230N12003076WA0200802056
B1825144748235N12003077WA0200802056
B1825154748241N12003078WA0200702055
B1825164748247N12003077WA0200702055
B1825174748253N12003075WA0200702054
B1825184748259N12003072WA0200702056
B1825194748264N12003068WA0200702056
B1825204748269N12003063WA0200802057
B1825214748274N12003059WA0200802057
B1825224748280N12003054WA0200802057
B1825234748285N12003048WA0200802057
B1825244748290N12003041WA0200802058
B1825254748293N12003033WA0200802058
B1825264748296N12003023WA0200902059
B1825274748297N12003012WA0200902059
B1825284748298N12003002WA0200902060
B1825294748299N12002991WA0201002061
B1825304748298N12002980WA0201002062
B1825314748295N12002970WA0201102063
B1825324748292N12002962WA0201202065
B1825334748287N12002957WA0201202066
B1825344748282N12002955WA0201302066
B1825354748276N12002955WA0201302066
B1825364748270N12002956WA0201402065
B1825374748265N12002958WA0201402066
B1825384748260N12002961WA0201502067
B1825394748255N12002963WA0201502068
B1825404748252N12002967WA0201602069
B1825414748249N12002972WA0201602069
B1825424748248N12002979WA0201702069
B1825434748250N12002987WA0201702068
B1825444748254N12002993WA0201702068
B1825454748260N12002996WA0201702069
B1825464748266N12002995WA0201802070
B1825474748272N12002993WA0201802072
B1825484748277N12002991WA0201902073
B1825494748282N12002988WA0202002074
B1825504748288N12002986WA0202002074
B1825514748294N12002984WA0202102075
B1825524748301N12002980WA0202202076
B1825534748306N12002976WA0202202077
B1825544748311N12002970WA0202302078
B1825554748316N12002965WA0202402080
B1825564748321N12002959WA0202502081
B1825574748327N12002953WA0202602082
B1825584748332N12002948WA0202702083
B1825594748338N12002942WA0202802083
B1826004748343N12002935WA0202902083
B1826014748347N12002926WA0202902083
B1826024748349N12002916WA0203002083
B1826034748348N12002906WA0203002084
B1826044748346N12002897WA0203102084
B1826054748343N12002889WA0203102085
B1826064748339N12002883WA0203202086
B1826074748334N12002878WA0203302087
B1826084748329N12002874WA0203302086
B1826094748323N12002871WA0203402086
B1826104748318N12002867WA0203402086
B1826114748312N12002863WA0203402086
B1826124748307N12002859WA0203502086
B1826134748302N12002855WA0203502086
B1826144748297N12002851WA0203502086
B1826154748291N12002848WA0203502086
B1826164748286N12002847WA0203502085
B1826174748280N12002846WA0203502085
B1826184748275N12002846WA0203502084
B1826194748270N12002848WA0203502082
B1826204748265N12002851WA0203402081
B1826214748260N12002855WA0203402079
B1826224748255N12002859WA0203302079
B1826234748251N12002863WA0203302079
B1826244748247N12002867WA0203202079
B1826254748244N12002871WA0203202079
B1826264748241N12002875WA0203202079
B1826274748237N12002880WA0203202079
B1826284748234N12002886WA0203102078
B1826294748232N12002892WA0203102077
B1826304748229N12002898WA0203002076
B1826314748226N12002904WA0203002077
B1826324748224N12002909WA0203002077
B1826334748222N12002915WA0202902078
B1826344748222N12002921WA0202902078
B1826354748223N12002927WA0202902078
B1826364748226N12002932WA0202902078
B1826374748229N12002937WA0202802076
B1826384748231N12002943WA0202802074
B1826394748234N12002950WA0202702072
B1826404748237N12002957WA0202602072
B1826414748239N12002964WA0202602072
B1826424748242N12002970WA0202502073
B1826434748244N12002976WA0202502074
B1826444748245N12002982WA0202502074
B1826454748247N12002989WA0202502074
B1826464748249N12002996WA0202502073
B1826474748252N12003005WA0202402073
B1826484748255N12003013WA0202402074
B1826494748257N12003020WA0202502078
B1826504748259N12003025WA0202602082
B1826514748262N12003029WA0202702085
B1826524748266N12003032WA0202802085
B1826534748272N12003033WA0202902084
B1826544748279N12003033WA0202902082
B1826554748285N12003031WA0202902082
B1826564748291N12003029WA0203002082
B1826574748297N12003027WA0203002082
B1826584748303N12003025WA0203002082
B1826594748309N12003022WA0203002082
B1827004748313N12003018WA0203102081
B1827014748317N12003011WA0203102080
B1827024748319N12003002WA0203002079
B1827034748320N12002991WA0203002078
B1827044748319N12002981WA0203002078
B1827054748316N12002971WA0203002079
B1827064748312N12002962WA0203002081
B1827074748308N12002955WA0203102083
B1827084748303N12002949WA0203102085
B1827094748298N12002945WA0203202087
B1827104748293N12002943WA0203302087
B1827114748287N12002941WA0203302088
B1827124748281N12002939WA0203402088
B1827134748276N12002937WA0203502089
B1827144748270N12002936WA0203502089
B1827154748265N12002935WA0203602090
B1827164748259N12002936WA0203702090
B1827174748254N12002939WA0203702092
B1827184748250N12002942WA0203902094
B1827194748246N12002946WA0204002097
B1827204748243N12002951WA0204102099
B1827214748241N12002956WA0204202102
B1827224748240N12002963WA0204402104
B1827234748240N12002970WA0204602107
B1827244748242N12002976WA0204702108
B1827254748246N12002981WA0204902110
B1827264748251N12002983WA0205002110
B1827274748257N12002983WA0205102110
B1827284748263N12002981WA0205302111
B1827294748268N12002976WA0205402111
B1827304748272N12002969WA0205502111
B1827314748275N12002961WA0205502111
B1827324748276N12002952WA0205602111
B1827334748275N12002943WA0205702111
B1827344748273N12002934WA0205702111
B1827354748269N12002926WA0205802110
B1827364748265N12002918WA0205802110
B1827374748259N12002912WA0205802110
B1827384748254N12002907WA0205902110
B1827394748248N12002902WA0205902112
B1827404748243N12002898WA0206002113
B1827414748237N12002895WA0206002115
B1827424748231N12002893WA0206202117
B1827434748226N12002894WA0206202119
B1827444748221N12002896WA0206402120
B1827454748217N12002900WA0206402122
B1827464748214N12002905WA0206602122
B1827474748212N12002912WA0206702124
B1827484748212N12002918WA0206802125
B1827494748215N12002924WA0206902126
B1827504748218N12002927WA0207002128
B1827514748223N12002930WA0207102129
B1827524748227N12002932WA0207302131
B1827534748231N12002933WA0207402132
B1827544748236N12002932WA0207502133
B1827554748240N12002929WA0207602134
B1827564748245N12002922WA0207702133
B1827574748247N12002912WA0207702133
B1827584748247N12002900WA0207802133
B1827594748246N12002889WA0207902136
B1828004748243N12002880WA0208002139
B1828014748240N12002872WA0208202142
B1828024748236N12002865WA0208302145
B1828034748232N12002858WA0208502146
B1828044748227N12002852WA0208602147
B1828054748222N12002846WA0208702148
B1828064748216N12002842WA0208902148
B1828074748210N12002839WA0209002149
B1828084748203N12002837WA0209102149
B1828094748197N12002838WA0209202150
B1828104748192N12002840WA0209302152
B1828114748188N12002845WA0209402153
B1828124748186N12002851WA0209502154
B1828134748186N12002857WA0209602155
B1828144748188N12002863WA0209702156
B1828154748190N12002868WA0209802157
B1828164748194N12002870WA0210002159
B1828174748198N12002872WA0210102161
B1828184748202N12002872WA0210202162
B1828194748207N12002871WA0210302164
B1828204748212N12002868WA0210502165
B1828214748217N12002863WA0210602167
B1828224748221N12002857WA0210802168
B1828234748224N12002849WA0210902169
B1828244748228N12002841WA0211002171
B1828254748230N12002833WA0211202173
B1828264748232N12002824WA0211302175
B1828274748232N12002814WA0211502177
B1828284748231N12002804WA0211702178
B1828294748228N12002795WA0211802179
B1828304748225N12002787WA0211902179
B1828314748220N12002780WA0212002179
B1828324748215N12002774WA0212102180
B1828334748210N12002768WA0212202179
B1828344748204N12002765WA0212202178
B1828354748198N12002763WA0212302178
B1828364748192N12002764WA0212302176
B1828374748187N12002766WA0212302176
B1828384748182N12002769WA0212302176
B1828394748178N12002773WA0212302176
B1828404748175N12002777WA0212402177
B1828414748172N12002781WA0212402178
B1828424748169N12002786WA0212402178
B1828434748167N12002791WA0212502179
B1828444748166N12002795WA0212502180
B1828454748168N12002800WA0212502181
B1828464748171N12002803WA0212602180
B1828474748175N12002804WA0212602179
B1828484748180N12002805WA0212602179
B1828494748185N12002804WA0212602181
B1828504748190N12002803WA0212702182
B1828514748195N12002798WA0212702184
B1828524748199N12002793WA0212802185
B1828534748203N12002785WA0212902186
B1828544748206N12002776WA0213002187
B1828554748208N12002765WA0213002188
B1828564748208N12002754WA0213102188
B1828574748207N12002743WA0213202188
B1828584748205N12002732WA0213202188
B1828594748201N12002721WA0213302187
B1829004748196N12002712WA0213302186
B1829014748190N12002705WA0213302184
B1829024748184N12002701WA0213202184
B1829034748178N12002698WA0213202184
B1829044748172N12002698WA0213202183
B1829054748167N12002701WA0213202182
B1829064748163N12002704WA0213202181
B1829074748159N12002709WA0213102180
B1829084748155N12002714WA0213102179
B1829094748152N12002719WA0213002179
B1829104748149N12002724WA0212902178
B1829114748146N12002730WA0212902177
B1829124748144N12002736WA0212802177
B1829134748142N12002742WA0212802178
B1829144748141N12002748WA0212802179
B1829154748139N12002754WA0212802180
B1829164748138N12002759WA0212702180
B1829174748137N12002766WA0212702179
B1829184748136N12002774WA0212702178
B1829194748135N12002783WA0212602176
B1829204748135N12002792WA0212502176
B1829214748134N12002800WA0212502178
B1829224748134N12002806WA0212502181
B1829234748133N12002812WA0212602185
B1829244748132N12002816WA0212702187
B1829254748131N12002821WA0212802189
B1829264748132N12002826WA0212902189
B1829274748134N12002830WA0213002189
B1829284748138N12002833WA0213002188
B1829294748143N12002836WA0213002186
B1829304748149N12002837WA0213002185
B1829314748154N12002835WA0213002185
B1829324748159N12002831WA0213002185
B1829334748164N12002824WA0213102185
B1829344748168N12002815WA0213102185
B1829354748171N12002804WA0213002184
B1829364748172N12002794WA0213102185
B1829374748173N12002785WA0213102186
B1829384748173N12002776WA0213202188
B1829394748173N12002768WA0213202188
B1829404748172N12002758WA0213202187
B1829414748171N12002748WA0213202186
B1829424748169N12002737WA0213202185
B1829434748167N12002725WA0213202184
B1829444748164N12002715WA0213202185
B1829454748160N12002707WA0213202186
B1829464748156N12002698WA0213302188
B1829474748151N12002692WA0213302188
B1829484748146N12002687WA0213302188
B1829494748139N12002683WA0213302188
B1829504748133N12002682WA0213302187
B1829514748126N12002681WA0213302187
B1829524748120N12002682WA0213402188
B1829534748114N12002684WA0213402188
B1829544748109N12002686WA0213402189
B1829554748105N12002690WA0213402189
B1829564748100N12002695WA0213502189
B1829574748096N12002701WA0213502189
B1829584748092N12002707WA0213502189
B1829594748087N12002712WA0213502190
B1830004748082N12002716WA0213502192
B1830014748078N12002721WA0213602193
B1830024748073N12002725WA0213602193
B1830034748070N12002731WA0213702194
B1830044748067N12002737WA0213702194
B1830054748068N12002745WA0213802195
B1830064748071N12002751WA0213802195
B1830074748075N12002754WA0213802196
B1830084748080N12002753WA0213902197
B1830094748085N12002749WA0214002199
B1830104748089N12002745WA0214002199
B1830114748093N12002741WA0214102199
B1830124748098N12002737WA0214102199
B1830134748102N12002732WA0214202197
B1830144748107N12002725WA0214202195
B1830154748111N12002717WA0214102194
B1830164748114N12002707WA0214102194
B1830174748115N12002696WA0214102193
B1830184748114N12002684WA0214102192
B1830194748112N12002674WA0214002192
B1830204748109N12002664WA0214002194
B1830214748105N12002656WA0214002195
B1830224748100N12002649WA0214102195
B1830234748094N12002644WA0214002194
B1830244748087N12002642WA0214002192
B1830254748080N12002642WA0214002190
B1830264748074N12002644WA0213902188
B1830274748068N12002647WA0213802187
B1830284748063N12002652WA0213802187
B1830294748059N12002657WA0213702186
B1830304748056N12002662WA0213702187
B1830314748053N12002668WA0213602187
B1830324748052N12002674WA0213602187
B1830334748050N12002681WA0213502186
B1830344748050N12002687WA0213502187
B1830354748050N12002694WA0213502187
B1830364748051N12002699WA0213502187
B1830374748053N12002705WA0213402187
B1830384748055N12002711WA0213402187
B1830394748057N12002717WA0213402186
B1830404748059N12002722WA0213402186
B1830414748062N12002728WA0213302185
B1830424748064N12002733WA0213302184
B1830434748066N12002739WA0213202183
B1830444748068N12002745WA0213202181
B1830454748070N12002752WA0213102180
B1830464748070N12002759WA0213102179
B1830474748069N12002767WA0213002178
B1830484748068N12002774WA0212902178
B1830494748067N12002780WA0212902179
B1830504748066N12002784WA0212902181
B1830514748066N12002788WA0212902182
B1830524748066N12002792WA0212902182
B1830534748066N12002797WA0212902181
B1830544748066N12002802WA0212802179
B1830554748065N12002809WA0212802177
B1830564748064N12002815WA0212702176
B1830574748063N12002820WA0212602176
B1830584748062N12002825WA0212602177
B1830594748062N12002830WA0212602177
B1831004748061N12002834WA0212602178
B1831014748060N12002838WA0212602178
B1831024748059N12002842WA0212502178
B1831034748057N12002847WA0212502177
B1831044748056N12002852WA0212502177
B1831054748056N12002857WA0212502177
B1831064748057N12002863WA0212502176
B1831074748058N12002867WA0212402176
B1831084748060N12002872WA0212402176
B1831094748062N12002876WA0212402177
B1831104748064N12002880WA0212402177
B1831114748066N12002884WA0212402178
B1831124748067N12002888WA0212502178
B1831134748069N12002893WA0212502179
B1831144748070N12002898WA0212502178
B1831154748072N12002903WA0212502178
B1831164748074N12002909WA0212502177
B1831174748076N12002914WA0212502178
B1831184748078N12002918WA0212502178
B1831194748080N12002922WA0212502180
B1831204748082N12002925WA0212602182
B1831214748085N12002929WA0212602183
B1831224748089N12002932WA0212702183
B1831234748092N12002935WA0212702184
B1831244748095N12002938WA0212802184
B1831254748098N12002941WA0212802185
B1831264748101N12002944WA0212902186
B1831274748105N12002946WA0212902187
B1831284748109N12002946WA0213002188
B1831294748115N12002943WA0213102189
B1831304748120N12002935WA0213102188
B1831314748124N12002924WA0213202186
B1831324748126N12002910WA0213202185
B1831334748126N12002896WA0213102184
B1831344748124N12002883WA0213102185
B1831354748120N12002873WA0213202186
B1831364748115N12002865WA0213202188
B1831374748111N12002859WA0213302189
B1831384748105N12002855WA0213302190
B1831394748099N12002852WA0213402190
B1831404748094N12002851WA0213402190
B1831414748089N12002854WA0213502190
B1831424748086N12002859WA0213502189
B1831434748086N12002865WA0213502189
B1831444748088N12002870WA0213502189
B1831454748092N12002874WA0213502189
B1831464748098N12002875WA0213502189
B1831474748105N12002872WA0213502189
B1831484748111N12002865WA0213602189
B1831494748116N12002856WA0213602189
B1831504748121N12002846WA0213602190
B1831514748125N12002837WA0213602191
B1831524748129N12002828WA0213602191
B1831534748133N12002818WA0213702191
B1831544748138N12002809WA0213702189
B1831554748142N12002800WA0213602189
B1831564748146N12002791WA0213602189
B1831574748150N12002782WA0213602190
B1831584748153N12002773WA0213702191
B1831594748157N12002764WA0213702191
B1832004748160N12002754WA0213702191
B1832014748163N12002745WA0213702192
B1832024748165N12002735WA0213702192
B1832034748167N12002725WA0213802192
B1832044748170N12002715WA0213802192
B1832054748173N12002705WA0213802192
B1832064748176N12002696WA0213802193
B1832074748180N12002688WA0213802193
B1832084748184N12002682WA0213802193
B1832094748189N12002677WA0213802193
B1832104748193N12002671WA0213902193
B1832114748198N12002664WA0213802191
B1832124748204N12002656WA0213802189
B1832134748210N12002648WA0213702187
B1832144748216N12002639WA0213702187
B1832154748222N12002632WA0213602188
B1832164748226N12002626WA0213602191
B1832174748231N12002621WA0213702192
B1832184748235N12002615WA0213702193
B1832194748238N12002608WA0213702192
B1832204748241N12002599WA0213702190
B1832214748243N12002588WA0213602188
B1832224748243N12002576WA0213602187
B1832234748241N12002565WA0213502186
B1832244748238N12002555WA0213502186
B1832254748233N12002547WA0213502186
B1832264748229N12002540WA0213502187
B1832274748224N12002534WA0213502188
B1832284748218N12002530WA0213502188
B1832294748213N12002528WA0213402187
B1832304748207N12002529WA0213402185
B1832314748202N12002534WA0213402183
B1832324748197N12002540WA0213302181
B1832334748194N12002547WA0213202181
B1832344748193N12002553WA0213202182
B1832354748193N12002558WA0213202183
B1832364748193N12002563WA0213202183
B1832374748194N12002567WA0213102182
B1832384748195N12002573WA0213102181
B1832394748195N12002580WA0213002179
B1832404748195N12002588WA0213002177
B1832414748195N12002595WA0212902176
B1832424748194N12002602WA0212802176
B1832434748194N12002607WA0212802177
B1832444748194N12002611WA0212802179
B1832454748194N12002615WA0212802179
B1832464748194N12002621WA0212702179
B1832474748194N12002628WA0212702177
B1832484748195N12002636WA0212602175
B1832494748195N12002644WA0212502175
B1832504748195N12002651WA0212502176
B1832514748194N12002656WA0212502179
B1832524748193N12002660WA0212602181
B1832534748192N12002663WA0212602181
B1832544748192N12002668WA0212602181
B1832554748191N12002674WA0212602178
B1832564748191N12002682WA0212602175
B1832574748191N12002690WA0212502174
B1832584748191N12002697WA0212402175
B1832594748193N12002702WA0212402177
B1833004748194N12002707WA0212402179
B1833014748195N12002710WA0212502180
B1833024748195N12002715WA0212502180
B1833034748196N12002721WA0212502179
B1833044748197N12002728WA0212502177
B1833054748198N12002736WA0212402176
B1833064748198N12002743WA0212402176
B1833074748199N12002749WA0212402178
B1833084748199N12002755WA0212402179
B1833094748199N12002760WA0212402179
B1833104748199N12002767WA0212402179
B1833114748200N12002774WA0212402179
B1833124748200N12002781WA0212402178
B1833134748200N12002788WA0212402179
B1833144748200N12002795WA0212402179
B1833154748199N12002802WA0212402180
B1833164748198N12002809WA0212402180
B1833174748197N12002816WA0212502181
B1833184748196N12002822WA0212502182
B1833194748195N12002829WA0212502182
B1833204748194N12002836WA0212602182
B1833214748195N12002843WA0212602183
B1833224748195N12002849WA0212602184
B1833234748196N12002855WA0212702185
B1833244748198N12002861WA0212702187
B1833254748199N12002867WA0212802187
B1833264748200N12002872WA0212802188
B1833274748202N12002878WA0212902188
B1833284748203N12002885WA0212902187
B1833294748203N12002892WA0213002187
B1833304748204N12002900WA0213002186
B1833314748204N12002908WA0213002186
B1833324748205N12002916WA0213002187
B1833334748206N12002923WA0213102189
B1833344748207N12002929WA0213102191
B1833354748208N12002933WA0213302194
B1833364748211N12002935WA0213302195
B1833374748215N12002937WA0213402195
B1833384748222N12002937WA0213502194
B1833394748229N12002933WA0213502192
B1833404748235N12002925WA0213502192
B1833414748239N12002916WA0213602194
B1833424748240N12002906WA0213602196
B1833434748240N12002896WA0213702197
B1833444748239N12002886WA0213802198
B1833454748238N12002876WA0213902199
B1833464748235N12002867WA0213902199
B1833474748232N12002858WA0214002200
B1833484748228N12002851WA0214102201
B1833494748223N12002845WA0214102201
B1833504748217N12002842WA0214202202
B1833514748211N12002841WA0214302202
B1833524748206N12002842WA0214302203
B1833534748202N12002846WA0214402204
B1833544748198N12002850WA0214502205
B1833554748196N12002856WA0214502206
B1833564748195N12002861WA0214602207
B1833574748196N12002867WA0214702207
B1833584748198N12002872WA0214702208
B1833594748201N12002877WA0214802208
B1834004748205N12002880WA0214902209
B1834014748209N12002882WA0215002210
B1834024748214N12002883WA0215002210
B1834034748220N12002881WA0215102210
B1834044748225N12002877WA0215102210
B1834054748231N12002872WA0215102209
B1834064748236N12002864WA0215202210
B1834074748239N12002854WA0215202211
B1834084748240N12002843WA0215302211
B1834094748238N12002832WA0215302212
B1834104748235N12002822WA0215302211
B1834114748231N12002813WA0215402211
B1834124748226N12002805WA0215402212
B1834134748220N12002798WA0215402213
B1834144748214N12002793WA0215502214
B1834154748208N12002790WA0215502215
B1834164748203N12002791WA0215602216
B1834174748199N12002795WA0215702216
B1834184748197N12002801WA0215702216
B1834194748197N12002807WA0215802216
B1834204748200N12002812WA0215802217
B1834214748205N12002815WA0215902217
B1834224748211N12002815WA0215902217
B1834234748217N12002811WA0215902217
B1834244748222N12002805WA0216002217
B1834254748226N12002796WA0216002218
B1834264748226N12002785WA0216002218
B1834274748224N12002774WA0216102218
B1834284748219N12002764WA0216102218
B1834294748213N12002758WA0216102218
B1834304748207N12002755WA0216102218
B1834314748202N12002755WA0216202219
B1834324748197N12002757WA0216202219
B1834334748193N12002759WA0216202220
B1834344748188N12002762WA0216302220
B1834354748185N12002765WA0216302219
B1834364748181N12002770WA0216302219
B1834374748178N12002775WA0216302218
B1834384748177N12002780WA0216302218
B1834394748176N12002785WA0216302218
B1834404748177N12002790WA0216302218
B1834414748179N12002794WA0216302218
B1834424748183N12002797WA0216302217
B1834434748188N12002798WA0216302216
B1834444748194N12002798WA0216302216
B1834454748200N12002795WA0216302217
B1834464748205N12002791WA0216302217
B1834474748209N12002786WA0216302218
B1834484748213N12002778WA0216302218
B1834494748215N12002770WA0216302218
B1834504748218N12002760WA0216302217
B1834514748219N12002750WA0216302217
B1834524748219N12002739WA0216302217
B1834534748217N12002729WA0216302217
B1834544748213N12002720WA0216302216
B1834554748208N12002712WA0216202216
B1834564748202N12002706WA0216202216
B1834574748197N12002701WA0216202216
B1834584748190N12002697WA0216202216
B1834594748184N12002694WA0216202216
B1835004748178N12002692WA0216202217
B1835014748172N12002692WA0216202217
B1835024748167N12002694WA0216202217
B1835034748163N12002698WA0216202216
B1835044748159N12002703WA0216202215
B1835054748156N12002707WA0216102215
B1835064748153N12002712WA0216102214
B1835074748151N12002716WA0216102214
B1835084748148N12002720WA0216002213
B1835094748144N12002723WA0216002213
B1835104748139N12002725WA0215902212
B1835114748134N12002725WA0215902211
B1835124748128N12002723WA0215802209
B1835134748122N12002720WA0215702208
B1835144748116N12002717WA0215702208
B1835154748110N12002712WA0215602207
B1835164748104N12002708WA0215502206
B1835174748099N12002702WA0215502206
B1835184748094N12002696WA0215502206
B1835194748089N12002691WA0215402206
B1835204748084N12002685WA0215402207
B1835214748079N12002680WA0215402207
B1835224748075N12002673WA0215402208
B1835234748072N12002665WA0215402208
B1835244748070N12002656WA0215402208
B1835254748069N12002646WA0215402208
B1835264748068N12002636WA0215402208
B1835274748066N12002625WA0215402208
B1835284748065N12002615WA0215402207
B1835294748063N12002605WA0215302207
B1835304748060N12002596WA0215302207
B1835314748056N12002588WA0215302206
B1835324748051N12002582WA0215302206
B1835334748045N12002577WA0215302206
B1835344748039N12002573WA0215302206
B1835354748033N12002571WA0215202206
B1835364748027N12002571WA0215202206
B1835374748021N12002573WA0215202206
B1835384748016N12002578WA0215202205
B1835394748013N12002585WA0215202205
B1835404748010N12002592WA0215102205
B1835414748009N12002599WA0215102205
B1835424748008N12002605WA0215102206
B1835434748007N12002611WA0215102207
B1835444748005N12002617WA0215102207
B1835454748004N12002623WA0215102206
B1835464748002N12002631WA0215102205
B1835474748001N12002638WA0215102205
B1835484748001N12002646WA0215002204
B1835494748001N12002653WA0215002204
B1835504748001N12002661WA0215002204
B1835514748001N12002668WA0214902204
B1835524748001N12002675WA0214902204
B1835534748001N12002681WA0214902203
B1835544748001N12002688WA0214802203
B1835554748002N12002695WA0214802202
B1835564748003N12002702WA0214802201
B1835574748003N12002709WA0214702200
B1835584748003N12002715WA0214702199
B1835594748004N12002722WA0214602198
B1836004748005N12002730WA0214602197
B1836014748007N12002738WA0214502195
B1836024748008N12002746WA0214402194
B1836034748009N12002754WA0214302193
B1836044748010N12002763WA0214202193
B1836054748012N12002772WA0214202192
B1836064748014N12002781WA0214102192
B1836074748016N12002790WA0214002191
B1836084748018N12002799WA0214002192
B1836094748021N12002807WA0213902192
B1836104748023N12002816WA0213902192
B1836114748024N12002824WA0213802192
B1836124748026N12002832WA0213802191
B1836134748027N12002841WA0213802190
B1836144748029N12002850WA0213702188
B1836154748031N12002859WA0213602186
B1836164748032N12002869WA0213502184
B1836174748034N12002879WA0213402183
B1836184748036N12002887WA0213302183
B1836194748039N12002896WA0213202183
B1836204748042N12002904WA0213202183
B1836214748045N12002912WA0213102184
B1836224748047N12002920WA0213102185
B1836234748049N12002927WA0213102187
B1836244748051N12002935WA0213202189
B1836254748052N12002942WA0213202190
B1836264748053N12002949WA0213302191
B1836274748055N12002956WA0213302191
B1836284748057N12002964WA0213302190
B1836294748059N12002973WA0213302188
B1836304748062N12002982WA0213302187
B1836314748064N12002991WA0213302187
B1836324748066N12003001WA0213202186
B1836334748067N12003010WA0213202186
B1836344748069N12003019WA0213202186
B1836354748071N12003028WA0213202186
B1836364748072N12003037WA0213202185
B1836374748074N12003046WA0213102184
B1836384748076N12003055WA0213102183
B1836394748078N12003064WA0213002182
B1836404748080N12003074WA0212902180
B1836414748082N12003083WA0212802179
B1836424748084N12003092WA0212702178
B1836434748086N12003101WA0212602176
B1836444748088N12003109WA0212602175
B1836454748089N12003119WA0212402173
B1836464748091N12003129WA0212302171
B1836474748091N12003139WA0212202170
B1836484748092N12003148WA0212102169
B1836494748092N12003157WA0212002169
B1836504748093N12003166WA0211902169
B1836514748093N12003174WA0211802168
B1836524748093N12003183WA0211802167
B1836534748093N12003192WA0211602165
B1836544748094N12003201WA0211602164
B1836554748094N12003210WA0211402162
B1836564748095N12003218WA0211302161
B1836574748096N12003226WA0211202160
B1836584748097N12003234WA0211102158
B1836594748098N12003242WA0211002157
B1837004748098N12003250WA0210902157
B1837014748099N12003257WA0210802156
B1837024748100N12003264WA0210702156
B1837034748101N12003271WA0210602156
B1837044748102N12003279WA0210602156
B1837054748104N12003287WA0210502155
B1837064748106N12003294WA0210402154
B1837074748107N12003302WA0210302153
B1837084748109N12003309WA0210302153
B1837094748111N12003316WA0210202153
B1837104748113N12003324WA0210102153
B1837114748114N12003332WA0210102153
B1837124748116N12003339WA0210102155
B1837134748117N12003345WA0210102157
B1837144748119N12003350WA0210102159
B1837154748120N12003354WA0210202162
B1837164748122N12003358WA0210302163
B1837174748126N12003360WA0210402164
B1837184748130N12003360WA0210502165
B1837194748136N12003356WA0210502164
B1837204748140N12003348WA0210602164
B1837214748143N12003336WA0210602164
B1837224748143N12003324WA0210602164
B1837234748140N12003311WA0210702164
B1837244748135N12003303WA0210702165
B1837254748128N12003298WA0210702166
B1837264748123N12003296WA0210802166
B1837274748119N12003296WA0210902168
B1837284748115N12003299WA0210902169
B1837294748112N12003303WA0211002169
B1837304748111N12003308WA0211002168
B1837314748111N12003315WA0211002167
B1837324748111N12003321WA0211002166
B1837334748111N12003327WA0211002166
B1837344748112N12003333WA0211002167
B1837354748113N12003338WA0211102167
B1837364748115N12003343WA0211102168
B1837374748117N12003348WA0211102167
B1837384748120N12003353WA0211102166
B1837394748122N12003357WA0211102165
B1837404748126N12003362WA0211102164
B1837414748129N12003367WA0211002164
B1837424748132N12003372WA0211002163
B1837434748135N12003377WA0211002163
B1837444748139N12003381WA0211002163
B1837454748143N12003386WA0210902163
B1837464748146N12003390WA0210902162
B1837474748150N12003395WA0210902161
B1837484748154N12003400WA0210902160
B1837494748157N12003404WA0210802160
B1837504748160N12003407WA0210802160
B1837514748164N12003410WA0210802161
B1837524748168N12003412WA0210802161
B1837534748171N12003415WA0210802160
B1837544748175N12003419WA0210702158
B1837554748178N12003422WA0210702157
B1837564748181N12003425WA0210602156
B1837574748185N12003429WA0210602155
B1837584748189N12003433WA0210502156
B1837594748192N12003436WA0210502155
B1838004748194N12003440WA0210502155
B1838014748197N12003442WA0210402155
B1838024748201N12003443WA0210402154
B1838034748206N12003444WA0210302152
B1838044748212N12003443WA0210202150
B1838054748218N12003442WA0210102148
B1838064748224N12003438WA0210102147
B1838074748229N12003435WA0210002147
B1838084748234N12003430WA0209902148
B1838094748239N12003426WA0209902148
B1838104748244N12003422WA0209802148
B1838114748248N12003418WA0209802149
B1838124748253N12003414WA0209802149
B1838134748258N12003409WA0209702148
B1838144748263N12003403WA0209702147
B1838154748267N12003394WA0209602146
B1838164748269N12003384WA0209602145
B1838174748269N12003372WA0209502143
B1838184748267N12003362WA0209402142
B1838194748265N12003352WA0209402141
B1838204748261N12003343WA0209302140
B1838214748257N12003336WA0209202139
B1838224748252N12003330WA0209102137
B1838234748246N12003325WA0209002136
B1838244748240N12003320WA0208902134
B1838254748234N12003318WA0208802133
B1838264748228N12003319WA0208702133
B1838274748222N12003322WA0208602132
B1838284748219N12003328WA0208502132
B1838294748216N12003334WA0208402132
B1838304748215N12003340WA0208402132
B1838314748214N12003347WA0208402133
B1838324748213N12003353WA0208302133
B1838334748213N12003359WA0208302134
B1838344748212N12003365WA0208302134
B1838354748211N12003372WA0208302133
B1838364748209N12003378WA0208202133
B1838374748207N12003385WA0208202132
B1838384748207N12003392WA0208202132
B1838394748207N12003398WA0208102133
B1838404748207N12003404WA0208102134
B1838414748208N12003410WA0208102134
B1838424748209N12003414WA0208202134
B1838434748211N12003419WA0208102134
B1838444748214N12003424WA0208102132
B1838454748219N12003429WA0208002129
B1838464748223N12003435WA0208002127
B1838474748226N12003442WA0207902128
B1838484748227N12003448WA0207802129
B1838494748227N12003454WA0207802131
B1838504748226N12003460WA0207802132
B1838514748224N12003467WA0207802132
B1838524748222N12003474WA0207802131
B1838534748219N12003480WA0207802131
B1838544748215N12003487WA0207802130
B1838554748212N12003494WA0207702130
B1838564748208N12003500WA0207702130
B1838574748206N12003507WA0207702130
B1838584748204N12003514WA0207702131
B1838594748203N12003520WA0207702131
B1839004748203N12003527WA0207702132
B1839014748202N12003534WA0207702131
B1839024748201N12003540WA0207702130
B1839034748200N12003547WA0207702128
B1839044748199N12003555WA0207602125
B1839054748198N12003564WA0207502122
B1839064748198N12003573WA0207402120
B1839074748199N12003581WA0207302119
B1839084748202N12003587WA0207202118
B1839094748205N12003592WA0207102117
B1839104748209N12003596WA0207002116
B1839114748213N12003600WA0206902114
B1839124748217N12003604WA0206802113
B1839134748222N12003608WA0206602110
B1839144748227N12003613WA0206502108
B1839154748232N12003617WA0206302106
B1839164748237N12003620WA0206202104
B1839174748243N12003621WA0206002103
B1839184748249N12003623WA0205902102
B1839194748255N12003624WA0205802102
B1839204748260N12003625WA0205702103
B1839214748266N12003626WA0205602103
B1839224748271N12003628WA0205602103
B1839234748276N12003630WA0205502103
B1839244748282N12003634WA0205402102
B1839254748288N12003638WA0205302100
B1839264748294N12003642WA0205202100
B1839274748299N12003646WA0205202099
B1839284748304N12003651WA0205102099
B1839294748309N12003656WA0205002099
B1839304748314N12003661WA0205002099
B1839314748319N12003665WA0204902098
B1839324748324N12003670WA0204902097
B1839334748330N12003673WA0204802097
B1839344748335N12003675WA0204802096
B1839354748341N12003677WA0204702096
B1839364748347N12003678WA0204702095
B1839374748353N12003679WA0204602095
B1839384748360N12003679WA0204602094
B1839394748368N12003679WA0204502094
B1839404748375N12003678WA0204502094
B1839414748382N12003677WA0204502095
B1839424748388N12003677WA0204502096
B1839434748395N12003677WA0204502097
B1839444748401N12003678WA0204502096
B1839454748408N12003679WA0204402095
B1839464748415N12003681WA0204402093
B1839474748423N12003682WA0204302092
B1839484748430N12003682WA0204302090
B1839494748437N12003680WA0204202089
B1839504748444N12003677WA0204102088
B1839514748451N12003673WA0204002086
B1839524748458N12003668WA0203902084
B1839534748465N12003663WA0203802082
B1839544748472N12003659WA0203702079
B1839554748479N12003656WA0203502077
B1839564748485N12003654WA0203402075
B1839574748491N12003654WA0203202075
B1839584748496N12003655WA0203102075
B1839594748500N12003658WA0203002074
B1840004748503N12003661WA0202902073
B1840014748506N12003665WA0202802072
B1840024748508N12003670WA0202702069
B1840034748511N12003676WA0202502067
B1840044748513N12003682WA0202402065
B1840054748515N12003687WA0202202064
B1840064748517N12003693WA0202102063
B1840074748518N12003698WA0201902062
B1840084748518N12003703WA0201802061
B1840094748519N12003708WA0201602060
B1840104748519N12003713WA0201502059
B1840114748519N12003717WA0201402058
B1840124748518N12003721WA0201302057
B1840134748518N12003726WA0201102055
B1840144748518N12003732WA0201002052
B1840154748517N12003739WA0200802049
B1840164748516N12003745WA0200702048
B1840174748514N12003750WA0200502048
B1840184748512N12003754WA0200402047
B1840194748508N12003757WA0200302046
B1840204748504N12003760WA0200202045
B1840214748499N12003763WA0200002044
B1840224748495N12003764WA0199902045
B1840234748491N12003763WA0199802045
B1840244748486N12003760WA0199802045
B1840254748480N12003755WA0199702043
B1840264748475N12003750WA0199602041
B1840274748471N12003744WA0199502041
B1840284748467N12003738WA0199402040
B1840294748463N12003731WA0199402039
B1840304748460N12003723WA0199302038
B1840314748458N12003714WA0199202037
B1840324748456N12003705WA0199102036
B1840334748454N12003695WA0199002034
B1840344748453N12003685WA0198902031
B1840354748451N12003674WA0198702028
B1840364748449N12003663WA0198602025
B1840374748446N12003653WA0198302021
B1840384748442N12003644WA0198202019
B1840394748439N12003636WA0198002019
B1840404748435N12003629WA0197902019
B1840414748432N12003622WA0197702020
B1840424748430N12003614WA0197702020
B1840434748429N12003607WA0197602019
B1840444748427N12003599WA0197502018
B1840454748424N12003591WA0197402017
B1840464748421N12003584WA0197302016
B1840474748416N12003577WA0197202014
B1840484748409N12003572WA0197102014
B1840494748403N12003570WA0197002015
B1840504748397N12003571WA0197002016
B1840514748392N12003575WA0196902017
B1840524748388N12003582WA0196902018
B1840534748386N12003590WA0196902019
B1840544748387N12003598WA0196902020
B1840554748391N12003606WA0196902020
B1840564748397N12003610WA0197002020
B1840574748403N12003610WA0197002021
B1840584748409N12003607WA0197002021
B1840594748414N12003599WA0197002021
B1841004748415N12003590WA0197002021
B1841014748414N12003580WA0197002021
B1841024748411N12003573WA0197002022
B1841034748406N12003568WA0197102023
B1841044748400N12003566WA0197102024
B1841054748395N12003567WA0197202025
B1841064748389N12003568WA0197202026
B1841074748384N12003570WA0197302027
B1841084748379N12003573WA0197402027
B1841094748374N12003577WA0197402028
B1841104748370N12003582WA0197502029
B1841114748366N12003587WA0197602029
B1841124748362N12003592WA0197602030
B1841134748360N12003598WA0197702030
B1841144748359N12003606WA0197702030
B1841154748360N12003613WA0197702029
B1841164748364N12003619WA0197702027
B1841174748371N12003623WA0197702027
B1841184748378N12003622WA0197702026
B1841194748384N12003617WA0197702027
B1841204748389N12003610WA0197702028
B1841214748391N12003601WA0197702030
B1841224748392N12003591WA0197802031
B1841234748390N12003583WA0197802032
B1841244748387N12003576WA0197902033
B1841254748383N12003571WA0197902034
B1841264748377N12003568WA0198002034
B1841274748371N12003568WA0198002034
B1841284748366N12003570WA0198102034
B1841294748361N12003572WA0198102034
B1841304748357N12003577WA0198202034
B1841314748355N12003583WA0198202034
B1841324748353N12003591WA0198202032
B1841334748354N12003599WA0198202031
B1841344748356N12003607WA0198102030
B1841354748360N12003613WA0198102030
B1841364748365N12003615WA0198102031
B1841374748371N12003614WA0198102030
B1841384748377N12003611WA0198102030
B1841394748383N12003606WA0198102029
B1841404748388N12003599WA0198102029
B1841414748392N12003592WA0198102029
B1841424748394N12003583WA0198002029
B1841434748396N12003573WA0198002029
B1841444748395N12003563WA0198002030
B1841454748395N12003554WA0198002031
B1841464748393N12003545WA0198102033
B1841474748392N12003536WA0198102034
B1841484748389N12003529WA0198202034
B1841494748385N12003524WA0198202033
B1841504748379N12003522WA0198202031
B1841514748373N12003524WA0198102029
B1841524748368N12003530WA0198102028
B1841534748366N12003538WA0198002028
B1841544748366N12003546WA0198002028
B1841554748368N12003552WA0198002029
B1841564748372N12003557WA0198002029
B1841574748377N12003559WA0198002030
B1841584748382N12003559WA0198002029
B1841594748388N12003557WA0197902029
B1842004748393N12003554WA0197902028
B1842014748398N12003551WA0197902029
B1842024748403N12003548WA0197902029
B1842034748408N12003547WA0197902030
B1842044748413N12003546WA0197902030
B1842054748418N12003546WA0198002031
B1842064748424N12003546WA0198002031
B1842074748429N12003545WA0198002032
B1842084748435N12003543WA0198102032
B1842094748440N12003541WA0198102032
B1842104748446N12003540WA0198102033
B1842114748452N12003540WA0198202033
B1842124748458N12003543WA0198202032
B1842134748464N12003547WA0198202031
B1842144748468N12003553WA0198202030
B1842154748472N12003559WA0198102030
B1842164748475N12003565WA0198102030
B1842174748478N12003570WA0198102030
B1842184748481N12003574WA0198102029
B1842194748485N12003578WA0198102028
B1842204748488N12003583WA0198102025
B1842214748492N12003588WA0198002022
B1842224748495N12003595WA0197902020
B1842234748499N12003601WA0197702016
B1842244748504N12003608WA0197602014
B1842254748507N12003615WA0197402012
B1842264748510N12003621WA0197302012
B1842274748513N12003626WA0197102012
B1842284748514N12003631WA0197002011
B1842294748516N12003637WA0196902009
B1842304748517N12003644WA0196802007
B1842314748518N12003651WA0196602004
B1842324748519N12003658WA0196502002
B1842334748521N12003665WA0196202000
B1842344748522N12003671WA0196101999
B1842354748524N12003676WA0195901997
B1842364748526N12003682WA0195801995
B1842374748529N12003689WA0195601993
B1842384748533N12003696WA0195401990
B1842394748537N12003704WA0195201988
B1842404748541N12003710WA0195001987
B1842414748544N12003715WA0194801989
B1842424748546N12003720WA0194801991
B1842434748548N12003724WA0194701992
B1842444748550N12003729WA0194701992
B1842454748552N12003735WA0194601992
B1842464748555N12003741WA0194501990
B1842474748559N12003748WA0194401989
B1842484748562N12003756WA0194401989
B1842494748564N12003763WA0194301988
B1842504748567N12003770WA0194201989
B1842514748569N12003777WA0194201989
B1842524748571N12003783WA0194101988
B1842534748574N12003790WA0194101988
B1842544748577N12003796WA0194001987
B1842554748579N12003803WA0194001986
B1842564748582N12003811WA0193901985
B1842574748584N12003818WA0193801984
B1842584748586N12003825WA0193801983
B1842594748588N12003832WA0193701982
B1843004748591N12003839WA0193601982
B1843014748593N12003845WA0193601983
B1843024748594N12003851WA0193601983
B1843034748596N12003857WA0193501982
B1843044748598N12003864WA0193501981
B1843054748599N12003872WA0193401979
B1843064748601N12003879WA0193301978
B1843074748604N12003887WA0193201977
B1843084748606N12003895WA0193101976
B1843094748608N12003902WA0193001975
B1843104748609N12003910WA0193001975
B1843114748612N12003918WA0192901974
B1843124748614N12003925WA0192901974
B1843134748617N12003933WA0192801972
B1843144748619N12003941WA0192701971
B1843154748622N12003950WA0192601969
B1843164748624N12003959WA0192501968
B1843174748626N12003968WA0192401967
B1843184748628N12003977WA0192301967
B1843194748629N12003985WA0192301967
B1843204748631N12003994WA0192201967
B1843214748633N12004002WA0192101966
B1843224748634N12004011WA0192101965
B1843234748636N12004020WA0192001964
B1843244748637N12004028WA0191901964
B1843254748638N12004036WA0191901964
B1843264748640N12004043WA0191801964
B1843274748642N12004051WA0191701963
B1843284748644N12004059WA0191701962
B1843294748646N12004067WA0191601961
B1843304748648N12004075WA0191501959
B1843314748650N12004083WA0191401957
B1843324748653N12004091WA0191301955
B1843334748656N12004100WA0191201954
B1843344748660N12004107WA0191101954
B1843354748663N12004115WA0191001954
B1843364748665N12004122WA0191001954
B1843374748668N12004130WA0190901954
B1843384748670N12004138WA0190801953
B1843394748672N12004146WA0190701953
B1843404748674N12004154WA0190701952
B1843414748677N12004160WA0190601952
B1843424748679N12004166WA0190601951
B1843434748681N12004172WA0190501950
B1843444748683N12004179WA0190401948
B1843454748685N12004187WA0190301946
B1843464748686N12004196WA0190201945
B1843474748687N12004203WA0190101946
B1843484748688N12004209WA0190101948
B1843494748689N12004214WA0190101950
B1843504748689N12004218WA0190101951
B1843514748689N12004223WA0190101951
B1843524748690N12004230WA0190001949
B1843534748691N12004237WA0190001947
B1843544748693N12004244WA0189901945
B1843554748694N12004251WA0189801944
B1843564748697N12004258WA0189801944
B1843574748699N12004264WA0189701944
B1843584748701N12004270WA0189701944
B1843594748703N12004276WA0189601943
B1844004748705N12004282WA0189501941
B1844014748706N12004289WA0189401940
B1844024748707N12004296WA0189401938
B1844034748708N12004303WA0189201936
B1844044748709N12004310WA0189201935
B1844054748710N12004316WA0189001933
B1844064748711N12004323WA0188901932
B1844074748713N12004329WA0188801931
B1844084748714N12004336WA0188701929
B1844094748715N12004343WA0188601927
B1844104748715N12004349WA0188501926
B1844114748714N12004356WA0188301924
B1844124748714N12004362WA0188201922
B1844134748713N12004369WA0188001921
B1844144748712N12004377WA0187901921
B1844154748710N12004385WA0187801920
B1844164748709N12004392WA0187701921
B1844174748709N12004398WA0187601921
B1844184748709N12004405WA0187601922
B1844194748708N12004411WA0187601923
B1844204748707N12004417WA0187601923
B1844214748705N12004423WA0187501922
B1844224748704N12004430WA0187501921
B1844234748703N12004437WA0187401920
B1844244748703N12004445WA0187401919
B1844254748702N12004452WA0187301918
B1844264748702N12004459WA0187201918
B1844274748701N12004466WA0187201918
B1844284748701N12004472WA0187101917
B1844294748700N12004479WA0187101917
B1844304748700N12004487WA0187001915
B1844314748699N12004495WA0186901914
B1844324748697N12004502WA0186901913
B1844334748696N12004509WA0186801912
B1844344748694N12004516WA0186701912
B1844354748692N12004521WA0186701912
B1844364748691N12004527WA0186601912
B1844374748689N12004533WA0186601912
B1844384748687N12004540WA0186501911
B1844394748685N12004547WA0186501910
B1844404748683N12004554WA0186401909
B1844414748681N12004560WA0186301909
B1844424748680N12004566WA0186301909
B1844434748680N12004571WA0186301910
B1844444748679N12004577WA0186301909
B1844454748678N12004584WA0186201907
B1844464748676N12004591WA0186101905
B1844474748675N12004599WA0186001903
B1844484748672N12004606WA0185901902
B1844494748670N12004613WA0185801901
B1844504748667N12004619WA0185801901
B1844514748664N12004625WA0185701901
B1844524748661N12004632WA0185601900
B1844534748658N12004639WA0185501899
B1844544748655N12004645WA0185501899
B1844554748651N12004651WA0185401900
B1844564748649N12004657WA0185401899
B1844574748647N12004663WA0185301899
B1844584748645N12004670WA0185301897
B1844594748644N12004675WA0185201896
B1845004748642N12004680WA0185201897
B1845014748640N12004685WA0185201897
B1845024748639N12004689WA0185101897
B1845034748637N12004694WA0185101896
B1845044748636N12004699WA0185001894
B1845054748634N12004705WA0184901892
B1845064748633N12004711WA0184801889
B1845074748631N12004716WA0184701887
B1845084748629N12004721WA0184601885
B1845094748628N12004726WA0184401883
B1845104748626N12004732WA0184301881
B1845114748624N12004737WA0184201880
B1845124748621N12004742WA0184001878
B1845134748618N12004746WA0183901877
B1845144748615N12004751WA0183801876
B1845154748613N12004755WA0183601876
B1845164748611N12004759WA0183501875
B1845174748609N12004763WA0183401874
B1845184748607N12004768WA0183301873
B1845194748606N12004773WA0183101871
B1845204748605N12004779WA0183001869
B1845214748604N12004785WA0182901868
B1845224748604N12004791WA0182801868
B1845234748604N12004795WA0182701868
B1845244748604N12004800WA0182601868
B1845254748604N12004804WA0182501867
B1845264748604N12004810WA0182401865
B1845274748603N12004816WA0182201862
B1845284748602N12004821WA0182101861
B1845294748601N12004827WA0182001861
B1845304748600N12004831WA0181901860
B1845314748599N12004835WA0181801860
B1845324748598N12004838WA0181701860
B1845334748596N12004842WA0181601859
B1845344748595N12004847WA0181501857
B1845354748593N12004852WA0181401854
B1845364748592N12004857WA0181301852
B1845374748591N12004861WA0181101851
B1845384748589N12004864WA0181101851
B1845394748587N12004867WA0181001850
B1845404748585N12004870WA0180901849
B1845414748583N12004874WA0180701847
B1845424748580N12004878WA0180601845
B1845434748578N12004883WA0180501844
B1845444748575N12004887WA0180401843
B1845454748572N12004891WA0180201843
B1845464748569N12004894WA0180201843
B1845474748567N12004898WA0180101842
B1845484748566N12004903WA0180001842
B1845494748565N12004907WA0179901841
B1845504748564N12004912WA0179801840
B1845514748563N12004916WA0179701840
B1845524748561N12004920WA0179701840
B1845534748560N12004924WA0179601839
B1845544748558N12004929WA0179501838
B1845554748555N12004935WA0179401836
B1845564748553N12004940WA0179301835
B1845574748551N12004945WA0179201834
B1845584748549N12004949WA0179201833
B1845594748547N12004953WA0179001832
B1846004748545N12004957WA0179001830
B1846014748541N12004962WA0178801827
B1846024748538N12004965WA0178701825
B1846034748533N12004967WA0178501823
B1846044748527N12004966WA0178401821
B1846054748520N12004962WA0178201819
B1846064748514N12004956WA0178101818
B1846074748508N12004950WA0178001818
B1846084748504N12004944WA0177901818
B1846094748499N12004938WA0177801817
B1846104748494N12004929WA0177701815
B1846114748489N12004920WA0177601812
B1846124748484N12004910WA0177401810
B1846134748478N12004900WA0177301809
B1846144748474N12004890WA0177201810
B1846154748469N12004882WA0177101811
B1846164748465N12004873WA0177101811
B1846174748460N12004865WA0177001809
B1846184748454N12004856WA0177001808
B1846194748449N12004848WA0176901806
B1846204748443N12004839WA0176801805
B1846214748437N12004830WA0176701804
B1846224748432N12004822WA0176601804
B1846234748427N12004813WA0176601804
B1846244748423N12004804WA0176501804
B1846254748418N12004794WA0176401802
B1846264748414N12004784WA0176401801
B1846274748408N12004773WA0176301800
B1846284748403N12004763WA0176201799
B1846294748398N12004754WA0176101799
B1846304748393N12004745WA0176101800
B1846314748388N12004735WA0176001801
B1846324748384N12004726WA0176001801
B1846334748379N12004716WA0176001801
B1846344748375N12004705WA0176001800
B1846354748371N12004693WA0175901799
B1846364748367N12004681WA0175901798
B1846374748364N12004669WA0175801798
B1846384748361N12004657WA0175801798
B1846394748359N12004645WA0175701798
B1846404748357N12004632WA0175701799
B1846414748356N12004620WA0175701798
B1846424748355N12004606WA0175701798
B1846434748354N12004593WA0175601797
B1846444748352N12004580WA0175601797
B1846454748350N12004568WA0175601797
B1846464748347N12004556WA0175601797
B1846474748344N12004545WA0175601797
B1846484748340N12004535WA0175601797
B1846494748337N12004524WA0175601797
B1846504748333N12004513WA0175601797
B1846514748329N12004502WA0175501796
B1846524748325N12004491WA0175501795
B1846534748320N12004480WA0175501795
B1846544748316N12004470WA0175501794
B1846554748312N12004459WA0175401794
B1846564748308N12004449WA0175401793
B1846574748303N12004439WA0175301792
B1846584748298N12004429WA0175301791
B1846594748293N12004420WA0175201790
B1847004748288N12004411WA0175201789
B1847014748283N12004401WA0175101788
B1847024748279N12004391WA0175001787
B1847034748275N12004381WA0175001787
B1847044748270N12004371WA0174901785
B1847054748265N12004362WA0174801782
B1847064748260N12004352WA0174701780
B1847074748256N12004341WA0174501776
B1847084748251N12004330WA0174401774
B1847094748247N12004318WA0174201772
B1847104748244N12004307WA0174001770
B1847114748241N12004296WA0173901770
B1847124748238N12004285WA0173801769
B1847134748236N12004275WA0173601769
B1847144748233N12004264WA0173501768
B1847154748230N12004253WA0173401766
B1847164748226N12004243WA0173301764
B1847174748223N12004233WA0173101763
B1847184748220N12004223WA0173001762
B1847194748216N12004213WA0172901761
B1847204748213N12004203WA0172801760
B1847214748210N12004192WA0172701759
B1847224748207N12004182WA0172601757
B1847234748204N12004171WA0172401756
B1847244748200N12004160WA0172301754
B1847254748197N12004149WA0172101752
B1847264748194N12004137WA0172001750
B1847274748191N12004125WA0171801749
B1847284748189N12004113WA0171701748
B1847294748188N12004100WA0171601747
B1847304748188N12004088WA0171501746
B1847314748187N12004076WA0171301745
B1847324748186N12004064WA0171201744
B1847334748185N12004052WA0171101743
B1847344748185N12004039WA0171001742
B1847354748184N12004027WA0170901741
B1847364748183N12004015WA0170801740
B1847374748182N12004003WA0170701739
B1847384748180N12003991WA0170601738
B1847394748179N12003979WA0170401736
B1847404748180N12003966WA0170301734
B1847414748182N12003953WA0170201732
B1847424748183N12003940WA0170101730
B1847434748184N12003928WA0169901729
B1847444748182N12003915WA0169801728
B1847454748179N12003904WA0169601727
B1847464748175N12003894WA0169501726
B1847474748171N12003885WA0169301725
B1847484748167N12003876WA0169201723
B1847494748163N12003867WA0169101722
B1847504748158N12003858WA0169001720
B1847514748154N12003847WA0168801717
B1847524748150N12003837WA0168601715
B1847534748146N12003827WA0168501713
B1847544748142N12003819WA0168301712
B1847554748138N12003811WA0168201711
B1847564748133N12003804WA0168101710
B1847574748128N12003797WA0167901708
B1847584748123N12003790WA0167801705
B1847594748118N12003783WA0167501703
B1848004748113N12003775WA0167401701
B1848014748108N12003767WA0167201700
B1848024748104N12003760WA0167101701
B1848034748099N12003754WA0167001702
B1848044748094N12003748WA0167001703
B1848054748089N12003744WA0166901703
B1848064748083N12003740WA0166801702
B1848074748077N12003737WA0166701701
B1848084748071N12003734WA0166701699
B1848094748066N12003732WA0166601698
B1848104748060N12003730WA0166501697
B1848114748054N12003727WA0166401696
B1848124748049N12003725WA0166301695
B1848134748043N12003723WA0166201693
B1848144748036N12003721WA0166101690
B1848154748030N12003719WA0165901687
B1848164748023N12003718WA0165801685
B1848174748016N12003717WA0165601684
B1848184748009N12003715WA0165501684
B1848194748003N12003713WA0165401685
B1848204747998N12003712WA0165301685
B1848214747992N12003710WA0165201685
B1848224747986N12003709WA0165201684
B1848234747980N12003708WA0165101682
B1848244747974N12003708WA0165001680
B1848254747969N12003710WA0164901678
B1848264747963N12003713WA0164801676
B1848274747959N12003717WA0164601674
B1848284747956N12003721WA0164501673
B1848294747954N12003726WA0164401672
B1848304747954N12003732WA0164301669
B1848314747955N12003738WA0164101666
B1848324747956N12003745WA0163901664
B1848334747958N12003751WA0163701663
B1848344747958N12003757WA0163601663
B1848354747959N12003762WA0163501665
B1848364747959N12003766WA0163401666
B1848374747960N12003770WA0163401666
B1848384747961N12003774WA0163301665
B1848394747962N12003778WA0163201664
B1848404747964N12003783WA0163101663
B1848414747964N12003787WA0163001663
B1848424747965N12003791WA0163001664
B1848434747964N12003794WA0162901663
B1848444747963N12003798WA0162901663
B1848454747961N12003802WA0162801662
B1848464747958N12003807WA0162801661
B1848474747953N12003810WA0162701660
B1848484747947N12003812WA0162601659
B1848494747940N12003811WA0162501657
B1848504747933N12003806WA0162401657
B1848514747927N12003798WA0162301656
B1848524747923N12003788WA0162301657
B1848534747920N12003778WA0162301658
B1848544747918N12003768WA0162301659
B1848554747917N12003757WA0162201659
B1848564747917N12003746WA0162201658
B1848574747918N12003734WA0162201657
B1848584747918N12003722WA0162201656
B1848594747918N12003710WA0162101654
B1849004747917N12003699WA0162001655
B1849014747916N12003690WA0162001656
B1849024747915N12003682WA0162001656
B1849034747914N12003673WA0162001656
B1849044747913N12003664WA0162001654
B1849054747912N12003653WA0161901651
B1849064747913N12003641WA0161801648
B1849074747913N12003629WA0161601645
B1849084747914N12003619WA0161601645
B1849094747914N12003609WA0161501645
B1849104747914N12003600WA0161401644
B1849114747912N12003591WA0161301642
B1849124747909N12003581WA0161201639
B1849134747906N12003570WA0161001637
B1849144747903N12003559WA0160901635
B1849154747899N12003548WA0160701634
B1849164747896N12003538WA0160601633
B1849174747892N12003528WA0160501633
B1849184747888N12003519WA0160401633
B1849194747884N12003510WA0160201632
B1849204747880N12003502WA0160201632
B1849214747876N12003493WA0160101632
B1849224747872N12003484WA0160001631
B1849234747868N12003474WA0159901630
B1849244747865N12003464WA0159801629
B1849254747861N12003453WA0159701628
B1849264747858N12003443WA0159701628
B1849274747856N12003433WA0159601628
B1849284747854N12003422WA0159501627
B1849294747853N12003412WA0159401626
B1849304747852N12003401WA0159401625
B1849314747852N12003390WA0159301624
B1849324747852N12003380WA0159201623
B1849334747852N12003370WA0159101622
B1849344747852N12003360WA0159001620
B1849354747853N12003349WA0158901618
B1849364747853N12003338WA0158801615
B1849374747853N12003327WA0158601613
B1849384747853N12003315WA0158501611
B1849394747853N12003304WA0158401609
B1849404747854N12003293WA0158201609
B1849414747854N12003283WA0158101607
B1849424747855N12003273WA0158001606
B1849434747857N12003263WA0157801604
B1849444747859N12003254WA0157701601
B1849454747862N12003244WA0157501600
B1849464747864N12003234WA0157401598
B1849474747867N12003224WA0157201597
B1849484747870N12003215WA0157101596
B1849494747873N12003207WA0156901595
B1849504747877N12003198WA0156801594
B1849514747881N12003189WA0156601593
B1849524747885N12003180WA0156501592
B1849534747889N12003170WA0156401592
B1849544747893N12003161WA0156301592
B1849554747896N12003152WA0156201592
B1849564747900N12003144WA0156101592
B1849574747904N12003135WA0156001591
B1849584747908N12003126WA0156001590
B1849594747912N12003117WA0155901590
B1850004747916N12003107WA0155801589
B1850014747920N12003098WA0155701589
B1850024747923N12003089WA0155701588
B1850034747927N12003081WA0155601588
B1850044747932N12003072WA0155501587
B1850054747937N12003063WA0155401586
B1850064747942N12003055WA0155401586
B1850074747946N12003046WA0155301586
B1850084747951N12003038WA0155301586
B1850094747955N12003030WA0155301587
B1850104747959N12003023WA0155201587
B1850114747964N12003015WA0155201587
B1850124747969N12003008WA0155201586
B1850134747974N12003001WA0155101586
B1850144747979N12002994WA0155101585
B1850154747983N12002987WA0155101585
B1850164747987N12002979WA0155001584
B1850174747991N12002970WA0155001584
B1850184747995N12002962WA0154901583
B1850194747998N12002953WA0154901583
B1850204748001N12002945WA0154901583
B1850214748004N12002937WA0154801583
B1850224748007N12002929WA0154801582
B1850234748010N12002920WA0154701579
B1850244748014N12002911WA0154601577
B1850254748017N12002902WA0154501573
B1850264748021N12002892WA0154301571
B1850274748024N12002882WA0154201568
B1850284748027N12002872WA0154001566
B1850294748030N12002862WA0153801564
B1850304748033N12002853WA0153701563
B1850314748036N12002844WA0153501561
B1850324748040N12002835WA0153401559
B1850334748044N12002827WA0153201557
B1850344748048N12002818WA0153101554
B1850354748051N12002809WA0152801551
B1850364748055N12002801WA0152601548
B1850374748059N12002793WA0152401545
B1850384748063N12002786WA0152201542
B1850394748067N12002778WA0151901539
B1850404748072N12002770WA0151701536
B1850414748077N12002762WA0151401532
B1850424748082N12002754WA0151201528
B1850434748087N12002746WA0150801524
B1850444748092N12002738WA0150601521
B1850454748096N12002729WA0150301519
B1850464748100N12002719WA0150101517
B1850474748104N12002709WA0149801515
B1850484748107N12002699WA0149601514
B1850494748110N12002688WA0149301512
B1850504748114N12002678WA0149101509
B1850514748118N12002667WA0148801505
B1850524748123N12002655WA0148601502
B1850534748128N12002643WA0148201499
B1850544748134N12002631WA0148001499
B1850554748139N12002621WA0147801500
B1850564748144N12002612WA0147701503
B1850574748148N12002604WA0147601505
B1850584748152N12002597WA0147601506
B1850594748156N12002591WA0147501506
B1851004748160N12002583WA0147501504
B1851014748165N12002574WA0147301500
B1851024748171N12002565WA0147201496
B1851034748177N12002555WA0146901492
B1851044748183N12002544WA0146801489
B1851054748189N12002534WA0146501488
B1851064748194N12002524WA0146401487
B1851074748200N12002514WA0146201487
B1851084748205N12002504WA0146101487
B1851094748211N12002494WA0146001487
B1851104748216N12002483WA0145901487
B1851114748221N12002473WA0145701486
B1851124748225N12002463WA0145701487
B1851134748229N12002455WA0145601488
B1851144748233N12002446WA0145601488
B1851154748237N12002438WA0145501488
B1851164748241N12002430WA0145501487
B1851174748245N12002421WA0145401487
B1851184748249N12002411WA0145401486
B1851194748254N12002401WA0145301486
B1851204748259N12002393WA0145301487
B1851214748264N12002385WA0145301488
B1851224748270N12002378WA0145301489
B1851234748275N12002371WA0145401490
B1851244748281N12002363WA0145401491
B1851254748286N12002355WA0145401492
B1851264748291N12002346WA0145501494
B1851274748295N12002337WA0145601496
B1851284748299N12002328WA0145601498
B1851294748304N12002320WA0145801499
B1851304748309N12002312WA0145901501
B1851314748313N12002304WA0146001503
B1851324748318N12002296WA0146101504
B1851334748322N12002287WA0146201506
B1851344748326N12002276WA0146301507
B1851354748328N12002265WA0146501508
B1851364748329N12002253WA0146601509
B1851374748329N12002242WA0146701512
B1851384748329N12002231WA0146901514
B1851394748327N12002221WA0147001516
B1851404748326N12002211WA0147201518
B1851414748323N12002201WA0147401520
B1851424748320N12002192WA0147501523
B1851434748317N12002184WA0147701525
B1851444748313N12002177WA0147901528
B1851454748309N12002171WA0148201531
B1851464748305N12002166WA0148401535
B1851474748301N12002164WA0148601538
B1851484748297N12002164WA0148901542
B1851494748294N12002167WA0149201545
B1851504748293N12002172WA0149401548
B1851514748293N12002177WA0149701552
B1851524748295N12002181WA0150001556
B1851534748299N12002183WA0150301559
B1851544748305N12002182WA0150601561
B1851554748311N12002177WA0150901563
B1851564748317N12002169WA0151101565
B1851574748322N12002158WA0151401568
B1851584748324N12002147WA0151601571
B1851594748325N12002136WA0151901575
B1852004748324N12002126WA0152201579
B1852014748320N12002118WA0152501581
B1852024748315N12002112WA0152701583
B1852034748309N12002110WA0153001585
B1852044748304N12002111WA0153301588
B1852054748300N12002115WA0153601592
B1852064748299N12002119WA0153801596
B1852074748299N12002123WA0154201600
B1852084748302N12002126WA0154501603
B1852094748306N12002128WA0154801606
B1852104748311N12002127WA0155101609
B1852114748318N12002125WA0155401611
B1852124748324N12002120WA0155701615
B1852134748329N12002111WA0156001618
B1852144748332N12002100WA0156201620
B1852154748332N12002088WA0156601623
B1852164748331N12002077WA0156801625
B1852174748327N12002067WA0157101628
B1852184748323N12002059WA0157401631
B1852194748318N12002053WA0157701634
B1852204748314N12002050WA0157901637
B1852214748310N12002050WA0158301640
B1852224748307N12002053WA0158501644
B1852234748305N12002056WA0158901647
B1852244748304N12002060WA0159101649
B1852254748304N12002064WA0159501652
B1852264748305N12002068WA0159701654
B1852274748306N12002071WA0160001656
B1852284748308N12002075WA0160201658
B1852294748311N12002078WA0160501660
B1852304748315N12002081WA0160701663
B1852314748321N12002083WA0161001665
B1852324748327N12002083WA0161201668
B1852334748333N12002082WA0161501671
B1852344748338N12002078WA0161701675
B1852354748343N12002072WA0162001678
B1852364748348N12002065WA0162201680
B1852374748352N12002056WA0162501681
B1852384748356N12002046WA0162701682
B1852394748359N12002035WA0162901683
B1852404748360N12002024WA0163101685
B1852414748360N12002014WA0163301686
B1852424748358N12002003WA0163501688
B1852434748356N12001994WA0163701689
B1852444748352N12001986WA0163801691
B1852454748348N12001979WA0164001691
B1852464748343N12001974WA0164101691
B1852474748337N12001969WA0164301691
B1852484748331N12001969WA0164401690
B1852494748327N12001971WA0164501690
B1852504748323N12001975WA0164501691
B1852514748320N12001980WA0164601692
B1852524748319N12001986WA0164701694
B1852534748317N12001993WA0164901696
B1852544748316N12002000WA0165001699
B1852554748316N12002007WA0165101703
B1852564748316N12002013WA0165301707
B1852574748318N12002018WA0165601712
B1852584748321N12002021WA0165801716
B1852594748326N12002022WA0166101718
B1853004748333N12002020WA0166201717
B1853014748340N12002014WA0166401716
B1853024748345N12002003WA0166501717
B1853034748348N12001992WA0166701719
B1853044748348N12001981WA0166801721
B1853054748345N12001973WA0167001721
B1853064748341N12001967WA0167101721
B1853074748336N12001965WA0167201720
B1853084748330N12001964WA0167201719
B1853094748325N12001964WA0167401721
B1853104748321N12001962WA0167501725
B1853114748316N12001960WA0167701728
B1853124748312N12001958WA0167801730
B1853134748308N12001958WA0168001731
B1853144748303N12001959WA0168201733
B1853154748300N12001962WA0168401735
B1853164748298N12001967WA0168501737
B1853174748298N12001972WA0168701739
B1853184748298N12001977WA0168901741
B1853194748300N12001982WA0169101743
B1853204748302N12001987WA0169201744
B1853214748304N12001992WA0169401746
B1853224748306N12001997WA0169601747
B1853234748309N12002001WA0169801749
B1853244748311N12002005WA0169901750
B1853254748313N12002009WA0170101752
B1853264748316N12002014WA0170201753
B1853274748319N12002018WA0170401754
B1853284748322N12002022WA0170501755
B1853294748325N12002026WA0170701755
B1853304748329N12002029WA0170801756
B1853314748333N12002033WA0170901757
B1853324748337N12002037WA0171001759
B1853334748341N12002040WA0171201760
B1853344748345N12002043WA0171301761
B1853354748349N12002046WA0171401763
B1853364748354N12002048WA0171501764
B1853374748359N12002049WA0171701766
B1853384748364N12002047WA0171801768
B1853394748368N12002043WA0172001770
B1853404748371N12002036WA0172101771
B1853414748373N12002028WA0172301773
B1853424748374N12002019WA0172401774
B1853434748373N12002011WA0172601776
B1853444748371N12002003WA0172701778
B1853454748367N12001996WA0172901780
B1853464748361N12001994WA0173001782
B1853474748356N12001994WA0173201784
B1853484748351N12001996WA0173301787
B1853494748348N12002002WA0173601790
B1853504748347N12002008WA0173701792
B1853514748347N12002015WA0174001794
B1853524748350N12002021WA0174101794
B1853534748354N12002026WA0174301795
B1853544748360N12002030WA0174401796
B1853554748365N12002033WA0174601797
B1853564748371N12002034WA0174701799
B1853574748376N12002035WA0174901802
B1853584748381N12002035WA0175101804
B1853594748386N12002035WA0175301806
B1854004748392N12002032WA0175401807
B1854014748397N12002027WA0175601808
B1854024748401N12002020WA0175701808
B1854034748403N12002011WA0175901809
B1854044748403N12002002WA0176001810
B1854054748401N12001993WA0176101811
B1854064748398N12001986WA0176201813
B1854074748394N12001981WA0176401814
B1854084748389N12001976WA0176501816
B1854094748384N12001971WA0176601817
B1854104748379N12001968WA0176701819
B1854114748374N12001965WA0176901821
B1854124748369N12001964WA0177001823
B1854134748365N12001966WA0177201824
B1854144748360N12001970WA0177301824
B1854154748357N12001976WA0177401823
B1854164748356N12001984WA0177501823
B1854174748355N12001991WA0177601823
B1854184748356N12001998WA0177701825
B1854194748358N12002004WA0177801825
B1854204748361N12002009WA0177801825
B1854214748365N12002014WA0177901825
B1854224748369N12002018WA0178001825
B1854234748374N12002020WA0178001824
B1854244748379N12002019WA0178001824
B1854254748385N12002016WA0178001823
B1854264748390N12002011WA0178001822
B1854274748395N12002007WA0178101823
B1854284748399N12002002WA0178101824
B1854294748404N12001996WA0178101824
B1854304748407N12001989WA0178201825
B1854314748411N12001982WA0178201825
B1854324748415N12001974WA0178201824
B1854334748419N12001966WA0178201824
B1854344748423N12001958WA0178201825
B1854354748426N12001950WA0178201826
B1854364748429N12001942WA0178301827
B1854374748432N12001935WA0178301828
B1854384748434N12001927WA0178301829
B1854394748436N12001919WA0178401829
B1854404748439N12001911WA0178401829
B1854414748442N12001902WA0178501829
B1854424748446N12001893WA0178501830
B1854434748450N12001885WA0178501831
B1854444748455N12001878WA0178601834
B1854454748458N12001872WA0178701838
B1854464748462N12001867WA0178801841
B1854474748464N12001861WA0179001845
B1854484748466N12001854WA0179201848
B1854494748467N12001845WA0179401850
B1854504748465N12001836WA0179601851
B1854514748461N12001828WA0179801853
B1854524748456N12001820WA0179901855
B1854534748451N12001815WA0180201859
B1854544748445N12001812WA0180401864
B1854554748440N12001811WA0180701868
B1854564748436N12001814WA0180901872
B1854574748432N12001818WA0181201875
B1854584748430N12001824WA0181401876
B1854594748429N12001832WA0181701877
B1855004748431N12001840WA0181901879
B1855014748435N12001846WA0182201881
B1855024748440N12001850WA0182301883
B1855034748446N12001851WA0182601886
B1855044748451N12001849WA0182801888
B1855054748456N12001844WA0183101890
B1855064748458N12001836WA0183201892
B1855074748459N12001827WA0183501894
B1855084748457N12001818WA0183701896
B1855094748453N12001811WA0183901898
B1855104748448N12001805WA0184101899
B1855114748441N12001802WA0184301901
B1855124748435N12001800WA0184501903
B1855134748429N12001800WA0184701905
B1855144748423N12001801WA0184901908
B1855154748418N12001804WA0185101911
B1855164748414N12001809WA0185301913
B1855174748413N12001815WA0185601914
B1855184748413N12001823WA0185701915
B1855194748416N12001829WA0185901915
B1855204748421N12001833WA0186001917
B1855214748426N12001835WA0186201918
B1855224748431N12001834WA0186401920
B1855234748435N12001832WA0186601922
B1855244748439N12001827WA0186701923
B1855254748442N12001819WA0186901924
B1855264748443N12001811WA0187001925
B1855274748443N12001802WA0187201927
B1855284748442N12001792WA0187301928
B1855294748439N12001783WA0187501930
B1855304748435N12001775WA0187601932
B1855314748430N12001768WA0187801933
B1855324748424N12001765WA0187901933
B1855334748418N12001765WA0188001934
B1855344748413N12001768WA0188101935
B1855354748409N12001774WA0188301936
B1855364748406N12001780WA0188401936
B1855374748405N12001788WA0188501937
B1855384748405N12001795WA0188601938
B1855394748406N12001801WA0188701939
B1855404748408N12001807WA0188801940
B1855414748410N12001813WA0188901941
B1855424748413N12001817WA0188901942
B1855434748416N12001821WA0189101942
B1855444748420N12001824WA0189101943
B1855454748424N12001826WA0189201943
B1855464748428N12001827WA0189301944
B1855474748432N12001825WA0189401944
B1855484748437N12001822WA0189401944
B1855494748441N12001817WA0189401943
B1855504748445N12001810WA0189501942
B1855514748448N12001801WA0189401939
B1855524748450N12001791WA0189401939
B1855534748451N12001781WA0189401940
B1855544748452N12001773WA0189401941
B1855554748454N12001765WA0189501942
B1855564748456N12001758WA0189501943
B1855574748460N12001751WA0189501944
B1855584748464N12001745WA0189601944
B1855594748468N12001738WA0189601944
B1856004748471N12001731WA0189601945
B1856014748473N12001724WA0189701946
B1856024748474N12001715WA0189701946
B1856034748475N12001706WA0189701945
B1856044748476N12001696WA0189701945
B1856054748477N12001687WA0189801946
B1856064748478N12001678WA0189801948
B1856074748479N12001669WA0189901949
B1856084748478N12001661WA0189901950
B1856094748477N12001652WA0190001951
B1856104748476N12001643WA0190001952
B1856114748476N12001631WA0190101953
B1856124748476N12001619WA0190201954
B1856134748476N12001607WA0190301957
B1856144748476N12001596WA0190401960
B1856154748474N12001586WA0190601964
B1856164748470N12001578WA0190701966
B1856174748465N12001574WA0190901967
B1856184748458N12001572WA0191001968
B1856194748452N12001572WA0191201971
B1856204748447N12001575WA0191401976
B1856214748445N12001580WA0191701982
B1856224748445N12001586WA0192001988
B1856234748448N12001592WA0192301991
B1856244748453N12001596WA0192501993
B1856254748460N12001596WA0192901996
B1856264748466N12001592WA0193101999
B1856274748471N12001585WA0193502002
B1856284748473N12001579WA0193702005
B1856294748475N12001572WA0194002006
B1856304748476N12001563WA0194202007
B1856314748476N12001552WA0194402004
B1856324748474N12001540WA0194502003
B1856334748471N12001528WA0194602004
B1856344748467N12001517WA0194802005
B1856354748462N12001510WA0195002010
B1856364748457N12001506WA0195102015
B1856374748453N12001504WA0195402019
B1856384748449N12001503WA0195602022
B1856394748444N12001503WA0195902025
B1856404748440N12001505WA0196102027
B1856414748436N12001508WA0196402030
B1856424748434N12001513WA0196602032
B1856434748432N12001519WA0196902034
B1856444748431N12001526WA0197102037
B1856454748431N12001533WA0197402040
B1856464748433N12001540WA0197602042
B1856474748438N12001545WA0197902044
B1856484748444N12001547WA0198102046
B1856494748449N12001547WA0198402049
B1856504748454N12001544WA0198602051
B1856514748460N12001541WA0198902053
B1856524748465N12001536WA0199002055
B1856534748469N12001531WA0199202055
B1856544748473N12001524WA0199402055
B1856554748476N12001516WA0199502055
B1856564748478N12001506WA0199602053
B1856574748480N12001494WA0199702051
B1856584748481N12001481WA0199702052
B1856594748482N12001468WA0199902054
B1857004748482N12001456WA0200002057
B1857014748481N12001446WA0200202061
B1857024748479N12001437WA0200302064
B1857034748476N12001431WA0200502064
B1857044748471N12001426WA0200602063
B1857054748465N12001424WA0200702062
B1857064748458N12001423WA0200702061
B1857074748452N12001423WA0200802062
B1857084748446N12001424WA0200902064
B1857094748442N12001424WA0201102068
B1857104748437N12001425WA0201202071
B1857114748432N12001428WA0201402074
B1857124748427N12001433WA0201602076
B1857134748424N12001440WA0201802078
B1857144748422N12001448WA0201902083
B1857154748422N12001455WA0202202088
B1857164748422N12001461WA0202502092
B1857174748424N12001466WA0202802097
B1857184748428N12001470WA0203102101
B1857194748432N12001471WA0203402104
B1857204748437N12001469WA0203702108
B1857214748442N12001463WA0204002111
B1857224748445N12001454WA0204302115
B1857234748445N12001443WA0204702120
B1857244748443N12001433WA0205002126
B1857254748438N12001425WA0205402130
B1857264748432N12001420WA0205702134
B1857274748426N12001416WA0206102139
B1857284748421N12001415WA0206502144
B1857294748416N12001417WA0207002149
B1857304748411N12001420WA0207302152
B1857314748407N12001423WA0207702156
B1857324748402N12001427WA0208002159
B1857334748397N12001431WA0208502162
B1857344748394N12001438WA0208802165
B1857354748394N12001445WA0209202166
B1857364748395N12001451WA0209402169
B1857374748397N12001455WA0209802172
B1857384748399N12001457WA0210002174
B1857394748403N12001457WA0210402174
B1857404748407N12001456WA0210502174
B1857414748411N12001455WA0210802174
B1857424748416N12001453WA0210902176
B1857434748421N12001449WA0211202179
B1857444748424N12001445WA0211402183
B1857454748427N12001439WA0211702186
B1857464748430N12001434WA0211902189
B1857474748433N12001428WA0212202191
B1857484748437N12001421WA0212302193
B1857494748441N12001412WA0212602195
B1857504748443N12001402WA0212802198
B1857514748442N12001391WA0213102201
B1857524748440N12001381WA0213302204
B1857534748435N12001373WA0213602208
B1857544748430N12001368WA0213802212
B1857554748424N12001367WA0214202216
B1857564748419N12001370WA0214402219
B1857574748416N12001375WA0214802222
B1857584748415N12001382WA0215002225
B1857594748416N12001389WA0215302229
B1858004748420N12001395WA0215602233
B1858014748425N12001397WA0216002237
B1858024748430N12001396WA0216202241
B1858034748435N12001390WA0216602244
B1858044748440N12001382WA0216902246
B1858054748443N12001371WA0217202247
B1858064748445N12001360WA0217402248
B1858074748445N12001349WA0217702251
B1858084748443N12001339WA0217902253
B1858094748439N12001331WA0218202254
B1858104748434N12001325WA0218402255
B1858114748428N12001320WA0218702257
B1858124748422N12001315WA0218902260
B1858134748416N12001310WA0219202264
B1858144748411N12001306WA0219402268
B1858154748406N12001304WA0219702274
B1858164748402N12001305WA0220002277
B1858174748399N12001310WA0220302278
B1858184748398N12001318WA0220502279
B1858194748399N12001326WA0220802280
B1858204748402N12001332WA0221002283
B1858214748407N12001334WA0221302287
B1858224748413N12001333WA0221502289
B1858234748419N12001327WA0221802290
B1858244748424N12001317WA0222002291
B1858254748426N12001306WA0222202294
B1858264748427N12001295WA0222402297
B1858274748424N12001285WA0222702301
B1858284748420N12001277WA0222902304
B1858294748414N12001272WA0223202306
B1858304748408N12001269WA0223402309
B1858314748402N12001269WA0223702311
B1858324748397N12001271WA0224002314
B1858334748394N12001276WA0224302317
B1858344748392N12001282WA0224502320
B1858354748393N12001289WA0224802322
B1858364748397N12001294WA0225002324
B1858374748402N12001297WA0225302326
B1858384748408N12001296WA0225502329
B1858394748414N12001292WA0225802332
B1858404748419N12001285WA0225902334
B1858414748421N12001274WA0226202334
B1858424748421N12001262WA0226302335
B1858434748417N12001252WA0226502336
B1858444748412N12001244WA0226702338
B1858454748406N12001239WA0226902340
B1858464748399N12001238WA0227102342
B1858474748393N12001239WA0227302344
B1858484748388N12001243WA0227502345
B1858494748384N12001248WA0227702348
B1858504748383N12001254WA0227902351
B1858514748383N12001260WA0228102353
B1858524748386N12001265WA0228302355
B1858534748391N12001268WA0228502356
B1858544748398N12001267WA0228602356
B1858554748404N12001262WA0228802357
B1858564748409N12001253WA0228902358
B1858574748410N12001241WA0229002359
B1858584748409N12001230WA0229202361
B1858594748406N12001221WA0229302363
B1859004748402N12001213WA0229502365
B1859014748399N12001205WA0229702368
B1859024748395N12001197WA0229802369
B1859034748390N12001190WA0230002369
B1859044748384N12001184WA0230102370
B1859054748378N12001180WA0230302370
B1859064748371N12001175WA0230402371
B1859074748365N12001172WA0230502373
B1859084748359N12001170WA0230602375
B1859094748354N12001170WA0230802377
B1859104748348N12001172WA0230902378
B1859114748342N12001174WA0231102380
B1859124748337N12001178WA0231202381
B1859134748332N12001182WA0231302382
B1859144748328N12001186WA0231502385
B1859154748325N12001190WA0231702388
B1859164748324N12001193WA0231802390
B1859174748324N12001196WA0232002391
B1859184748326N12001199WA0232102390
B1859194748329N12001202WA0232202388
B1859204748334N12001205WA0232202386
B1859214748340N12001204WA0232202383
B1859224748347N12001199WA0232202381
B1859234748352N12001191WA0232102380
B1859244748356N12001182WA0232102380
B1859254748360N12001172WA0232102380
B1859264748362N12001163WA0232102381
B1859274748364N12001153WA0232002380
B1859284748364N12001141WA0232002379
B1859294748362N12001128WA0232002378
B1859304748359N12001115WA0232002378
B1859314748354N12001105WA0231902379
B1859324748348N12001097WA0231902380
B1859334748342N12001092WA0232002381
B1859344748336N12001091WA0232002380
B1859354748329N12001092WA0232002380
B1859364748323N12001095WA0232002379
B1859374748318N12001099WA0232002380
B1859384748315N12001104WA0232002380
B1859394748313N12001108WA0232002380
B1859404748312N12001113WA0232002379
B1859414748311N12001118WA0232002378
B1859424748312N12001123WA0231902376
B1859434748314N12001127WA0231902375
B1859444748317N12001130WA0231802373
B1859454748319N12001134WA0231702371
B1859464748322N12001138WA0231602370
B1859474748325N12001141WA0231502369
B1859484748328N12001144WA0231402369
B1859494748329N12001147WA0231302368
B1859504748330N12001151WA0231302366
B1859514748330N12001156WA0231102363
B1859524748330N12001162WA0230902359
B1859534748330N12001168WA0230702357
B1859544748330N12001174WA0230602356
B1859554748328N12001179WA0230402354
B1859564748327N12001184WA0230302353
B1859574748326N12001189WA0230102351
B1859584748324N12001194WA0230002349
B1859594748323N12001199WA0229802347
B1900004748321N12001204WA0229602345
B1900014748319N12001209WA0229402343
B1900024748317N12001213WA0229302342
B1900034748315N12001218WA0229102342
B1900044748313N12001221WA0229002341
B1900054748311N12001225WA0228902340
B1900064748310N12001229WA0228802339
B1900074748310N12001233WA0228602337
B1900084748311N12001238WA0228502335
B1900094748312N12001242WA0228302334
B1900104748314N12001246WA0228202332
B1900114748316N12001249WA0228002331
B1900124748317N12001253WA0227902331
B1900134748318N12001255WA0227802331
B1900144748319N12001259WA0227702330
B1900154748320N12001262WA0227602328
B1900164748321N12001267WA0227402325
B1900174748322N12001273WA0227202322
B1900184748323N12001279WA0227102319
B1900194748324N12001285WA0226902318
B1900204748324N12001291WA0226802317
B1900214748324N12001296WA0226602316
B1900224748325N12001301WA0226502316
B1900234748325N12001306WA0226302314
B1900244748326N12001312WA0226202312
B1900254748327N12001318WA0226002309
B1900264748328N12001325WA0225802307
B1900274748329N12001331WA0225602306
B1900284748330N12001338WA0225502305
B1900294748330N12001344WA0225402304
B1900304748331N12001350WA0225202303
B1900314748332N12001356WA0225102303
B1900324748333N12001362WA0225002301
B1900334748335N12001369WA0224902300
B1900344748336N12001375WA0224702298
B1900354748337N12001382WA0224602297
B1900364748338N12001389WA0224502295
B1900374748339N12001395WA0224302294
B1900384748340N12001402WA0224202293
B1900394748340N12001408WA0224102292
B1900404748340N12001414WA0224002291
B1900414748340N12001421WA0223802290
B1900424748340N12001427WA0223702288
B1900434748340N12001434WA0223502286
B1900444748340N12001441WA0223402284
B1900454748340N12001449WA0223202283
B1900464748340N12001455WA0223102281
B1900474748341N12001462WA0223002280
B1900484748341N12001468WA0222902279
B1900494748342N12001475WA0222702277
B1900504748342N12001482WA0222602276
B1900514748343N12001489WA0222402274
B1900524748343N12001496WA0222302272
B1900534748342N12001503WA0222102270
B1900544748342N12001510WA0222002268
B1900554748340N12001517WA0221802268
B1900564748339N12001523WA0221702268
B1900574748338N12001528WA0221602267
B1900584748338N12001534WA0221502266
B1900594748338N12001540WA0221302264
B1901004748339N12001547WA0221202262
B1901014748339N12001554WA0221002259
B1901024748340N12001562WA0220902258
B1901034748341N12001569WA0220702256
B1901044748341N12001575WA0220602255
B1901054748341N12001582WA0220502254
B1901064748342N12001588WA0220402253
B1901074748342N12001594WA0220202252
B1901084748343N12001601WA0220102250
B1901094748344N12001607WA0219902248
B1901104748344N12001614WA0219802246
B1901114748346N12001620WA0219602245
B1901124748347N12001625WA0219502243
B1901134748349N12001631WA0219302242
B1901144748351N12001637WA0219202240
B1901154748352N12001643WA0219002239
B1901164748353N12001649WA0218902237
B1901174748354N12001655WA0218702235
B1901184748355N12001661WA0218602233
B1901194748355N12001668WA0218402231
B1901204748355N12001674WA0218202229
B1901214748355N12001680WA0218102228
B1901224748355N12001686WA0217902226
B1901234748355N12001692WA0217702225
B1901244748355N12001698WA0217602223
B1901254748354N12001704WA0217402222
B1901264748353N12001710WA0217302219
B1901274748352N12001716WA0217102218
B1901284748351N12001722WA0217002216
B1901294748350N12001727WA0216802214
B1901304748349N12001732WA0216602213
B1901314748347N12001738WA0216402211
B1901324748347N12001743WA0216302209
B1901334748346N12001749WA0216102207
B1901344748345N12001755WA0216002205
B1901354748345N12001761WA0215702203
B1901364748344N12001767WA0215602201
B1901374748343N12001772WA0215402199
B1901384748340N12001777WA0215202197
B1901394748337N12001782WA0215002195
B1901404748335N12001787WA0214802193
B1901414748332N12001791WA0214602191
B1901424748330N12001796WA0214402189
B1901434748328N12001801WA0214202187
B1901444748324N12001805WA0214002184
B1901454748320N12001810WA0213802182
B1901464748316N12001815WA0213602181
B1901474748312N12001820WA0213502182
B1901484748310N12001825WA0213402184
B1901494748308N12001828WA0213302187
B1901504748306N12001830WA0213402189
B1901514748304N12001830WA0213402192
B1901524748302N12001831WA0213402192
B1901534748300N12001832WA0213402191
B1901544748297N12001835WA0213402188
B1901554748294N12001840WA0213302186
B1901564748291N12001845WA0213302184
B1901574748289N12001850WA0213202184
B1901584748288N12001854WA0213202184
B1901594748286N12001858WA0213102184
B1902004748285N12001863WA0213102183
B1902014748283N12001868WA0213002181
B1902024748282N12001873WA0213002180
B1902034748281N12001878WA0212802177
B1902044748278N12001883WA0212702175
B1902054748275N12001888WA0212602173
B1902064748270N12001891WA0212502170
B1902074748265N12001893WA0212302168
B1902084748260N12001894WA0212202166
B1902094748255N12001894WA0212002165
B1902104748249N12001893WA0211902163
B1902114748244N12001891WA0211702162
B1902124748239N12001889WA0211602161
B1902134748233N12001886WA0211402159
B1902144748228N12001885WA0211302156
B1902154748223N12001886WA0211002153
B1902164748218N12001889WA0210902151
B1902174748215N12001894WA0210702148
B1902184748214N12001898WA0210502146
B1902194748212N12001903WA0210302145
B1902204748210N12001906WA0210202144
B1902214748209N12001910WA0210002143
B1902224748207N12001914WA0209902141
B1902234748205N12001919WA0209602138
B1902244748204N12001925WA0209502135
B1902254748203N12001930WA0209202133
B1902264748201N12001935WA0209102132
B1902274748200N12001940WA0208902131
B1902284748199N12001945WA0208802130
B1902294748198N12001949WA0208502129
B1902304748197N12001955WA0208402127
B1902314748196N12001960WA0208202125
B1902324748195N12001966WA0208002123
B1902334748195N12001971WA0207802122
B1902344748194N12001976WA0207702120
B1902354748194N12001981WA0207502120
B1902364748194N12001985WA0207402118
B1902374748193N12001990WA0207202117
B1902384748193N12001995WA0207102115
B1902394748193N12002001WA0206902113
B1902404748193N12002007WA0206802111
B1902414748193N12002012WA0206602110
B1902424748193N12002018WA0206502109
B1902434748193N12002023WA0206302108
B1902444748192N12002028WA0206202107
B1902454748191N12002033WA0206002105
B1902464748189N12002038WA0205902104
B1902474748186N12002043WA0205702102
B1902484748184N12002048WA0205602101
B1902494748182N12002052WA0205502100
B1902504748179N12002056WA0205402099
B1902514748176N12002060WA0205202098
B1902524748173N12002064WA0205102096
B1902534748170N12002068WA0205002095
B1902544748168N12002073WA0204902094
B1902554748166N12002077WA0204702093
B1902564748164N12002082WA0204602093
B1902574748162N12002086WA0204502093
B1902584748160N12002090WA0204502093
B1902594748158N12002095WA0204402094
B1903004748156N12002100WA0204402094
B1903014748154N12002104WA0204302095
B1903024748153N12002109WA0204302096
B1903034748154N12002112WA0204402098
B1903044748157N12002115WA0204402098
B1903054748162N12002116WA0204402097
B1903064748168N12002113WA0204302096
B1903074748174N12002105WA0204302095
B1903084748177N12002093WA0204302097
B1903094748176N12002081WA0204402098
B1903104748174N12002069WA0204402100
B1903114748170N12002060WA0204502102
B1903124748165N12002052WA0204502104
B1903134748158N12002047WA0204702105
B1903144748151N12002045WA0204702106
B1903154748145N12002045WA0204902107
B1903164748141N12002048WA0204902106
B1903174748139N12002053WA0204902105
B1903184748140N12002058WA0204902102
B1903194748143N12002062WA0204902100
B1903204748149N12002062WA0204902098
B1903214748156N12002058WA0204802095
B1903224748163N12002050WA0204702094
B1903234748169N12002040WA0204702095
B1903244748174N12002029WA0204702098
B1903254748177N12002018WA0204802102
B1903264748178N12002007WA0204802106
B1903274748177N12001995WA0205002108
B1903284748175N12001984WA0205102109
B1903294748170N12001973WA0205202109
B1903304748164N12001965WA0205202110
B1903314748158N12001961WA0205302113
B1903324748154N12001961WA0205502116
B1903334748151N12001963WA0205602117
B1903344748149N12001965WA0205702117
B1903354748148N12001969WA0205702115
B1903364748147N12001973WA0205702111
B1903374748145N12001979WA0205702107
B1903384748145N12001985WA0205602105
B1903394748145N12001990WA0205602104
B1903404748145N12001994WA0205502105
B1903414748146N12001997WA0205502105
B1903424748148N12002001WA0205502105
B1903434748150N12002005WA0205402103
B1903444748152N12002009WA0205402101
B1903454748153N12002014WA0205302100
B1903464748152N12002019WA0205202100
B1903474748150N12002023WA0205202099
B1903484748146N12002027WA0205102099
B1903494748142N12002029WA0205002098
B1903504748138N12002030WA0205002099
B1903514748135N12002032WA0205002100
B1903524748131N12002035WA0205002101
B1903534748129N12002039WA0205002101
B1903544748128N12002045WA0205002101
B1903554748130N12002051WA0204902099
B1903564748135N12002056WA0204902097
B1903574748141N12002059WA0204802095
B1903584748148N12002059WA0204702094
B1903594748154N12002058WA0204702096
B1904004748159N12002055WA0204702099
B1904014748163N12002052WA0204702099
B1904024748168N12002049WA0204702099
B1904034748173N12002046WA0204702097
B1904044748179N12002043WA0204702096
B1904054748185N12002038WA0204602095
B1904064748190N12002030WA0204602094
B1904074748194N12002019WA0204602094
B1904084748195N12002007WA0204502095
B1904094748194N12001994WA0204502095
B1904104748190N12001983WA0204502095
B1904114748184N12001975WA0204502095
B1904124748178N12001972WA0204502096
B1904134748173N12001973WA0204502097
B1904144748171N12001977WA0204502096
B1904154748171N12001982WA0204502095
B1904164748173N12001986WA0204502093
B1904174748177N12001990WA0204402092
B1904184748181N12001993WA0204402092
B1904194748185N12001994WA0204402091
B1904204748189N12001996WA0204402092
B1904214748193N12001998WA0204402093
B1904224748197N12002000WA0204402095
B1904234748202N12002002WA0204402097
B1904244748207N12002003WA0204502099
B1904254748212N12002003WA0204602102
B1904264748217N12002003WA0204702104
B1904274748223N12002002WA0204802106
B1904284748229N12002001WA0204902107
B1904294748235N12002000WA0205102109
B1904304748240N12001997WA0205202113
B1904314748245N12001991WA0205402116
B1904324748249N12001984WA0205502118
B1904334748250N12001974WA0205702119
B1904344748251N12001963WA0205802120
B1904354748251N12001953WA0206002122
B1904364748249N12001943WA0206102124
B1904374748246N12001935WA0206302125
B1904384748241N12001928WA0206402126
B1904394748236N12001922WA0206602127
B1904404748230N12001918WA0206702131
B1904414748225N12001917WA0207002135
B1904424748220N12001918WA0207202139
B1904434748217N12001922WA0207402141
B1904444748215N12001928WA0207602142
B1904454748214N12001934WA0207802144
B1904464748214N12001940WA0208002146
B1904474748216N12001946WA0208202150
B1904484748218N12001951WA0208402153
B1904494748222N12001954WA0208702155
B1904504748227N12001955WA0208802156
B1904514748233N12001954WA0209002156
B1904524748239N12001951WA0209102157
B1904534748244N12001946WA0209402159
B1904544748247N12001940WA0209502162
B1904554748249N12001931WA0209702163
B1904564748249N12001921WA0209802163
B1904574748247N12001910WA0210002162
B1904584748243N12001901WA0210002162
B1904594748239N12001894WA0210202164
B1905004748233N12001888WA0210302167
B1905014748228N12001885WA0210502170
B1905024748223N12001884WA0210702173
B1905034748218N12001884WA0210902176
B1905044748213N12001887WA0211102178
B1905054748210N12001892WA0211302180
B1905064748209N12001898WA0211402182
B1905074748210N12001904WA0211702184
B1905084748212N12001908WA0211802187
B1905094748217N12001910WA0212002189
B1905104748223N12001909WA0212202190
B1905114748229N12001906WA0212402191
B1905124748234N12001902WA0212602193
B1905134748240N12001896WA0212802196
B1905144748245N12001890WA0212902198
B1905154748249N12001882WA0213202200
B1905164748251N12001873WA0213302201
B1905174748252N12001862WA0213502202
B1905184748250N12001851WA0213602201
B1905194748245N12001842WA0213802203
B1905204748240N12001836WA0213902206
B1905214748234N12001833WA0214202210
B1905224748229N12001832WA0214402214
B1905234748225N12001833WA0214702217
B1905244748221N12001835WA0214902219
B1905254748217N12001838WA0215102221
B1905264748215N12001843WA0215302222
B1905274748215N12001848WA0215502223
B1905284748217N12001854WA0215702224
B1905294748221N12001857WA0215902225
B1905304748226N12001858WA0216002226
B1905314748232N12001857WA0216202227
B1905324748238N12001855WA0216302229
B1905334748243N12001851WA0216502230
B1905344748248N12001846WA0216602232
B1905354748252N12001838WA0216802234
B1905364748255N12001828WA0216902235
B1905374748256N12001818WA0217102236
B1905384748255N12001807WA0217202237
B1905394748252N12001797WA0217402239
B1905404748248N12001789WA0217502241
B1905414748242N12001784WA0217702244
B1905424748237N12001780WA0217802246
B1905434748231N12001779WA0218102249
B1905444748226N12001779WA0218202252
B1905454748222N12001781WA0218502255
B1905464748220N12001785WA0218702257
B1905474748219N12001790WA0218902258
B1905484748220N12001796WA0219002258
B1905494748223N12001800WA0219202259
B1905504748227N12001802WA0219302259
B1905514748233N12001801WA0219502260
B1905524748238N12001799WA0219602261
B1905534748243N12001795WA0219802262
B1905544748248N12001789WA0219902263
B1905554748253N12001782WA0220002264
B1905564748257N12001774WA0220102265
B1905574748260N12001764WA0220202267
B1905584748261N12001754WA0220302267
B1905594748261N12001744WA0220502269
B1906004748259N12001734WA0220602271
B1906014748256N12001724WA0220702273
B1906024748253N12001714WA0220902275
B1906034748250N12001705WA0221102278
B1906044748247N12001696WA0221202282
B1906054748242N12001689WA0221502285
B1906064748238N12001686WA0221702288
B1906074748234N12001686WA0221902289
B1906084748230N12001689WA0222002289
B1906094748229N12001694WA0222202290
B1906104748228N12001699WA0222302291
B1906114748229N12001705WA0222502292
B1906124748231N12001710WA0222602293
B1906134748233N12001714WA0222802294
B1906144748237N12001717WA0222902294
B1906154748241N12001718WA0223002295
B1906164748246N12001717WA0223102296
B1906174748252N12001715WA0223202296
B1906184748257N12001711WA0223202297
B1906194748263N12001705WA0223302297
B1906204748268N12001696WA0223402297
B1906214748271N12001685WA0223502297
B1906224748272N12001674WA0223502297
B1906234748270N12001663WA0223602298
B1906244748267N12001654WA0223602298
B1906254748263N12001645WA0223702299
B1906264748259N12001637WA0223702301
B1906274748255N12001629WA0223802302
B1906284748250N12001620WA0223902303
B1906294748245N12001613WA0224002305
B1906304748239N12001609WA0224102306
B1906314748233N12001609WA0224202308
B1906324748228N12001612WA0224302309
B1906334748226N12001616WA0224502309
B1906344748225N12001621WA0224502309
B1906354748225N12001626WA0224602308
B1906364748226N12001629WA0224602308
B1906374748228N12001632WA0224702306
B1906384748230N12001635WA0224702305
B1906394748235N12001638WA0224602302
B1906404748240N12001639WA0224602301
B1906414748247N12001640WA0224502299
B1906424748254N12001639WA0224502300
B1906434748260N12001637WA0224502303
B1906444748265N12001634WA0224602304
B1906454748270N12001630WA0224602305
B1906464748275N12001624WA0224602305
B1906474748280N12001616WA0224602303
B1906484748285N12001607WA0224602302
B1906494748289N12001596WA0224602301
B1906504748292N12001585WA0224602302
B1906514748293N12001574WA0224502302
B1906524748292N12001562WA0224602302
B1906534748290N12001550WA0224602303
B1906544748288N12001538WA0224602303
B1906554748285N12001526WA0224602304
B1906564748283N12001514WA0224602307
B1906574748281N12001502WA0224702310
B1906584748280N12001491WA0224802312
B1906594748279N12001480WA0224902312
B1907004748277N12001469WA0225002313
B1907014748273N12001460WA0225102312
B1907024748268N12001454WA0225102310
B1907034748260N12001451WA0225002306
B1907044748253N12001454WA0225002303
B1907054748248N12001459WA0224902301
B1907064748246N12001466WA0224802302
B1907074748246N12001471WA0224802304
B1907084748247N12001474WA0224902308
B1907094748249N12001477WA0224902309
B1907104748251N12001479WA0225002310
B1907114748254N12001482WA0225002309
B1907124748259N12001486WA0225002308
B1907134748263N12001488WA0225002307
B1907144748268N12001490WA0225002308
B1907154748272N12001489WA0225002310
B1907164748276N12001486WA0225002312
B1907174748280N12001482WA0225102313
B1907184748284N12001477WA0225202314
B1907194748288N12001470WA0225302314
B1907204748292N12001462WA0225302314
B1907214748298N12001456WA0225302314
B1907224748304N12001452WA0225402314
B1907234748310N12001450WA0225402315
B1907244748315N12001450WA0225502317
B1907254748320N12001450WA0225602320
B1907264748323N12001449WA0225702321
B1907274748327N12001447WA0225802322
B1907284748331N12001445WA0225902320
B1907294748336N12001445WA0225902316
B1907304748342N12001444WA0225802312
B1907314748348N12001444WA0225702308
B1907324748355N12001442WA0225602305
B1907334748361N12001439WA0225402304
B1907344748367N12001435WA0225402303
B1907354748373N12001431WA0225202302
B1907364748379N12001427WA0225102301
B1907374748385N12001421WA0225002300
B1907384748391N12001415WA0224902298
B1907394748398N12001408WA0224802296
B1907404748404N12001401WA0224702295
B1907414748410N12001394WA0224502294
B1907424748415N12001387WA0224402294
B1907434748421N12001380WA0224402294
B1907444748426N12001373WA0224302294
B1907454748432N12001366WA0224202294
B1907464748437N12001357WA0224202293
B1907474748443N12001349WA0224102292
B1907484748450N12001341WA0224002291
B1907494748456N12001333WA0223902290
B1907504748463N12001325WA0223802290
B1907514748469N12001317WA0223702290
B1907524748475N12001309WA0223702290
B1907534748481N12001302WA0223602290
B1907544748487N12001295WA0223602290
B1907554748494N12001290WA0223602289
B1907564748501N12001284WA0223502287
B1907574748509N12001279WA0223402286
B1907584748517N12001274WA0223402286
B1907594748524N12001270WA0223302286
B1908004748532N12001267WA0223302287
B1908014748540N12001263WA0223302287
B1908024748547N12001259WA0223302289
B1908034748554N12001255WA0223302290
B1908044748561N12001249WA0223302291
B1908054748568N12001243WA0223402291
B1908064748574N12001234WA0223402292
B1908074748578N12001224WA0223402292
B1908084748580N12001212WA0223502292
B1908094748579N12001201WA0223402291
B1908104748575N12001193WA0223402290
B1908114748570N12001188WA0223402288
B1908124748565N12001186WA0223402288
B1908134748560N12001186WA0223402289
B1908144748557N12001187WA0223402290
B1908154748555N12001189WA0223402291
B1908164748555N12001193WA0223402291
B1908174748557N12001197WA0223402291
B1908184748560N12001202WA0223402290
B1908194748561N12001208WA0223502291
B1908204748558N12001210WA0223502293
B1908214748552N12001209WA0223502293
B1908224748546N12001202WA0223502293
B1908234748540N12001192WA0223602294
B1908244748536N12001185WA0223602298
B1908254748531N12001180WA0223802302
B1908264748526N12001178WA0223902305
B1908274748522N12001178WA0224102306
B1908284748518N12001178WA0224202307
B1908294748515N12001180WA0224402309
B1908304748513N12001184WA0224402309
B1908314748515N12001189WA0224502308
B1908324748519N12001192WA0224602308
B1908334748525N12001194WA0224702308
B1908344748532N12001193WA0224702310
B1908354748538N12001190WA0224802313
B1908364748543N12001186WA0225002316
B1908374748549N12001180WA0225202319
B1908384748555N12001173WA0225302321
B1908394748561N12001164WA0225502323
B1908404748565N12001154WA0225602324
B1908414748569N12001143WA0225802325
B1908424748572N12001131WA0225802325
B1908434748573N12001118WA0226002325
B1908444748572N12001105WA0226002325
B1908454748570N12001093WA0226102324
B1908464748567N12001082WA0226202325
B1908474748564N12001072WA0226302326
B1908484748560N12001063WA0226402327
B1908494748556N12001058WA0226502327
B1908504748551N12001056WA0226502325
B1908514748546N12001057WA0226502323
B1908524748541N12001058WA0226502323
B1908534748536N12001058WA0226602323
B1908544748532N12001058WA0226602324
B1908554748529N12001060WA0226602325
B1908564748527N12001062WA0226702326
B1908574748526N12001066WA0226702326
B1908584748526N12001069WA0226702326
B1908594748525N12001071WA0226802327
B1909004748524N12001073WA0226802329
B1909014748524N12001075WA0226902331
B1909024748525N12001077WA0227002333
B1909034748527N12001079WA0227102334
B1909044748531N12001080WA0227102335
B1909054748534N12001082WA0227202336
B1909064748537N12001083WA0227302338
B1909074748539N12001085WA0227402341
B1909084748542N12001086WA0227502343
B1909094748546N12001088WA0227702345
B1909104748550N12001089WA0227802346
B1909114748556N12001088WA0227902347
B1909124748562N12001086WA0228002348
B1909134748567N12001082WA0228202350
B1909144748572N12001074WA0228302351
B1909154748576N12001064WA0228402351
B1909164748579N12001052WA0228502350
B1909174748581N12001038WA0228602351
B1909184748581N12001024WA0228602351
B1909194748579N12001010WA0228702353
B1909204748575N12000999WA0228802356
B1909214748571N12000990WA0229002358
B1909224748566N12000982WA0229102361
B1909234748562N12000974WA0229302364
B1909244748558N12000966WA0229502367
B1909254748554N12000958WA0229702368
B1909264748548N12000953WA0229802368
B1909274748542N12000951WA0230002369
B1909284748536N12000950WA0230102371
B1909294748532N12000950WA0230302373
B1909304748528N12000952WA0230402376
B1909314748526N12000954WA0230602377
B1909324748525N12000957WA0230702378
B1909334748526N12000961WA0230902379
B1909344748527N12000964WA0231002380
B1909354748530N12000966WA0231202381
B1909364748535N12000966WA0231302382
B1909374748540N12000964WA0231402384
B1909384748545N12000961WA0231502383
B1909394748551N12000957WA0231602383
B1909404748556N12000952WA0231702383
B1909414748562N12000945WA0231802385
B1909424748566N12000937WA0231902386
B1909434748569N12000926WA0232002387
B1909444748570N12000913WA0232102387
B1909454748567N12000899WA0232202386
B1909464748563N12000887WA0232202386
B1909474748558N12000876WA0232302386
B1909484748553N12000867WA0232302389
B1909494748548N12000858WA0232502391
B1909504748544N12000850WA0232602394
B1909514748539N12000843WA0232702395
B1909524748533N12000839WA0232802395
B1909534748528N12000837WA0232802395
B1909544748523N12000839WA0232902393
B1909554748521N12000843WA0232902393
B1909564748520N12000847WA0233002393
B1909574748520N12000851WA0233002394
B1909584748521N12000854WA0233102396
B1909594748522N12000856WA0233202397
B1910004748522N12000858WA0233202397
B1910014748523N12000860WA0233302397
B1910024748523N12000864WA0233302395
B1910034748523N12000868WA0233202392
B1910044748522N12000873WA0233202390
B1910054748522N12000877WA0233102389
B1910064748521N12000879WA0233102389
B1910074748520N12000881WA0233102389
B1910084748518N12000883WA0233002388
B1910094748518N12000886WA0232902386
B1910104748519N12000891WA0232802382
B1910114748521N12000897WA0232702378
B1910124748524N12000903WA0232502374
B1910134748527N12000909WA0232302373
B1910144748529N12000915WA0232202372
B1910154748531N12000921WA0232002372
B1910164748533N12000925WA0232002373
B1910174748534N12000929WA0231802373
B1910184748535N12000933WA0231802372
B1910194748537N12000937WA0231602369
B1910204748539N12000942WA0231502366
B1910214748541N12000948WA0231302363
B1910224748543N12000955WA0231202359
B1910234748546N12000962WA0230902357
B1910244748549N12000969WA0230802355
B1910254748551N12000975WA0230602354
B1910264748554N12000981WA0230402354
B1910274748556N12000986WA0230302353
B1910284748558N12000992WA0230202351
B1910294748560N12000998WA0230002349
B1910304748562N12001005WA0229802347
B1910314748564N12001013WA0229602345
B1910324748566N12001020WA0229502343
B1910334748568N12001027WA0229302343
B1910344748569N12001033WA0229202342
B1910354748571N12001039WA0229002341
B1910364748573N12001044WA0228902339
B1910374748575N12001050WA0228702337
B1910384748577N12001057WA0228602336
B1910394748578N12001063WA0228402334
B1910404748578N12001070WA0228302332
B1910414748579N12001077WA0228102330
B1910424748579N12001083WA0228002328
B1910434748579N12001090WA0227802327
B1910444748580N12001096WA0227602325
B1910454748581N12001102WA0227402324
B1910464748581N12001109WA0227302323
B1910474748581N12001116WA0227102320
B1910484748581N12001123WA0227002319
B1910494748581N12001130WA0226802317
B1910504748580N12001137WA0226702316
B1910514748580N12001144WA0226502315
B1910524748580N12001151WA0226402315
B1910534748579N12001158WA0226302314
B1910544748579N12001164WA0226202314
B1910554748578N12001171WA0226002312
B1910564748578N12001179WA0225902311
B1910574748577N12001186WA0225802309
B1910584748577N12001193WA0225702308
B1910594748576N12001200WA0225502307
B1911004748576N12001208WA0225402306
B1911014748576N12001216WA0225302304
B1911024748576N12001223WA0225202303
B1911034748576N12001231WA0225002302
B1911044748576N12001238WA0224902301
B1911054748576N12001245WA0224802300
B1911064748577N12001253WA0224702298
B1911074748578N12001260WA0224502296
B1911084748579N12001269WA0224402294
B1911094748580N12001277WA0224202292
B1911104748580N12001285WA0224102290
B1911114748581N12001293WA0223902288
B1911124748581N12001301WA0223802286
B1911134748582N12001309WA0223602284
B1911144748582N12001317WA0223402283
B1911154748582N12001325WA0223302281
B1911164748583N12001333WA0223102279
B1911174748584N12001340WA0222902277
B1911184748585N12001348WA0222802276
B1911194748587N12001355WA0222602273
B1911204748589N12001363WA0222402271
B1911214748590N12001371WA0222202269
B1911224748592N12001378WA0222102266
B1911234748592N12001386WA0221802263
B1911244748593N12001394WA0221602260
B1911254748594N12001403WA0221402257
B1911264748595N12001412WA0221202255
B1911274748596N12001421WA0220902254
B1911284748597N12001429WA0220802253
B1911294748598N12001437WA0220602253
B1911304748599N12001444WA0220502252
B1911314748600N12001452WA0220302251
B1911324748601N12001460WA0220202249
B1911334748602N12001469WA0220002247
B1911344748602N12001477WA0219902245
B1911354748603N12001486WA0219602242
B1911364748603N12001495WA0219502241
B1911374748603N12001503WA0219302240
B1911384748603N12001511WA0219202238
B1911394748604N12001518WA0219002237
B1911404748604N12001526WA0218902236
B1911414748605N12001533WA0218702234
B1911424748605N12001541WA0218602232
B1911434748605N12001548WA0218302230
B1911444748606N12001557WA0218202227
B1911454748606N12001565WA0218002224
B1911464748606N12001574WA0217802221
B1911474748606N12001583WA0217502219
B1911484748607N12001592WA0217402217
B1911494748607N12001600WA0217202216
B1911504748606N12001608WA0217002214
B1911514748605N12001616WA0216802213
B1911524748604N12001625WA0216702210
B1911534748602N12001633WA0216402209
B1911544748601N12001643WA0216302207
B1911554748601N12001652WA0216102207
B1911564748600N12001661WA0216002207
B1911574748599N12001669WA0215802207
B1911584748598N12001675WA0215802208
B1911594748597N12001681WA0215702208
B1912004748596N12001687WA0215602209
B1912014748595N12001691WA0215602209
B1912024748594N12001696WA0215602209
B1912034748594N12001700WA0215502209
B1912044748593N12001706WA0215502207
B1912054748593N12001712WA0215402205
B1912064748593N12001718WA0215302204
B1912074748592N12001724WA0215202204
B1912084748591N12001728WA0215202204
B1912094748590N12001733WA0215102204
B1912104748590N12001738WA0215102203
B1912114748589N12001743WA0215002202
B1912124748589N12001749WA0215002201
B1912134748589N12001755WA0214902200
B1912144748589N12001760WA0214802200
B1912154748589N12001766WA0214802199
B1912164748589N12001771WA0214702198
B1912174748589N12001778WA0214602197
B1912184748589N12001784WA0214602195
B1912194748590N12001791WA0214502195
B1912204748590N12001798WA0214402195
B1912214748591N12001804WA0214402196
B1912224748591N12001809WA0214402197
B1912234748590N12001813WA0214302197
B1912244748589N12001818WA0214302197
B1912254748588N12001823WA0214302196
B1912264748587N12001828WA0214302196
B1912274748586N12001833WA0214202195
B1912284748585N12001838WA0214202195
B1912294748584N12001842WA0214202195
B1912304748583N12001847WA0214202194
B1912314748582N12001852WA0214102192
B1912324748583N12001859WA0214002188
B1912334748584N12001866WA0213802184
B1912344748585N12001874WA0213702180
B1912354748585N12001881WA0213502179
B1912364748585N12001888WA0213402178
B1912374748585N12001895WA0213202179
B1912384748585N12001901WA0213102179
B1912394748585N12001907WA0213002178
B1912404748587N12001913WA0212902176
B1912414748589N12001918WA0212802174
B1912424748592N12001924WA0212702173
B1912434748595N12001930WA0212502171
B1912444748598N12001935WA0212402170
B1912454748601N12001940WA0212302169
B1912464748604N12001946WA0212202168
B1912474748606N12001951WA0212002168
B1912484748609N12001957WA0212002167
B1912494748611N12001964WA0211802165
B1912504748613N12001970WA0211702164
B1912514748616N12001975WA0211602163
B1912524748620N12001980WA0211502162
B1912534748625N12001982WA0211302161
B1912544748630N12001982WA0211302159
B1912554748636N12001978WA0211102157
B1912564748642N12001971WA0211002155
B1912574748648N12001961WA0210802151
B1912584748653N12001947WA0210602149
B1912594748655N12001932WA0210402148
B1913004748656N12001918WA0210302148
B1913014748654N12001905WA0210202149
B1913024748650N12001894WA0210102150
B1913034748645N12001885WA0210102150
B1913044748639N12001878WA0210002150
B1913054748633N12001873WA0209902149
B1913064748627N12001871WA0209902150
B1913074748622N12001869WA0209902151
B1913084748618N12001869WA0209902151
B1913094748614N12001871WA0209902151
B1913104748611N12001875WA0209802149
B1913114748608N12001880WA0209702146
B1913124748605N12001886WA0209702144
B1913134748603N12001893WA0209602143
B1913144748601N12001898WA0209502143
B1913154748601N12001904WA0209402143
B1913164748602N12001907WA0209402144
B1913174748605N12001909WA0209402144
B1913184748611N12001907WA0209302142
B1913194748617N12001901WA0209202139
B1913204748623N12001892WA0209102136
B1913214748627N12001881WA0209002135
B1913224748630N12001869WA0208902135
B1913234748631N12001857WA0208802136
B1913244748633N12001846WA0208802136
B1913254748635N12001836WA0208702136
B1913264748637N12001825WA0208702136
B1913274748639N12001814WA0208602134
B1913284748640N12001801WA0208602132
B1913294748641N12001788WA0208402130
B1913304748643N12001773WA0208302129
B1913314748644N12001758WA0208202127
B1913324748646N12001744WA0208102127
B1913334748647N12001731WA0208002127
B1913344748648N12001719WA0208002127
B1913354748649N12001708WA0207902126
B1913364748649N12001697WA0207802125
B1913374748648N12001685WA0207702122
B1913384748647N12001673WA0207602118
B1913394748644N12001660WA0207402115
B1913404748641N12001647WA0207202111
B1913414748637N12001634WA0207002108
B1913424748635N12001621WA0206802106
B1913434748634N12001609WA0206602107
B1913444748634N12001598WA0206502108
B1913454748636N12001588WA0206402109
B1913464748638N12001579WA0206402110
B1913474748640N12001569WA0206302110
B1913484748642N12001559WA0206202109
B1913494748644N12001549WA0206202109
B1913504748647N12001538WA0206202110
B1913514748650N12001528WA0206102111
B1913524748652N12001519WA0206102112
B1913534748655N12001509WA0206102112
B1913544748659N12001500WA0206102112
B1913554748662N12001490WA0206102112
B1913564748665N12001480WA0206102112
B1913574748668N12001470WA0206002112
B1913584748670N12001459WA0206002111
B1913594748671N12001448WA0206002112
B1914004748671N12001437WA0206002112
B1914014748672N12001426WA0206002112
B1914024748673N12001415WA0206002111
B1914034748674N12001404WA0205902109
B1914044748675N12001392WA0205902107
B1914054748673N12001380WA0205802107
B1914064748670N12001369WA0205802108
B1914074748665N12001361WA0205802107
B1914084748659N12001357WA0205702105
B1914094748652N12001356WA0205602100
B1914104748646N12001359WA0205502096
B1914114748641N12001365WA0205302091
B1914124748638N12001372WA0205102089
B1914134748636N12001377WA0205002088
B1914144748634N12001382WA0204902089
B1914154748632N12001385WA0204702089
B1914164748630N12001389WA0204702088
B1914174748629N12001393WA0204502087
B1914184748628N12001398WA0204402085
B1914194748628N12001404WA0204302082
B1914204748628N12001411WA0204102080
B1914214748627N12001417WA0204002078
B1914224748625N12001424WA0203802077
B1914234748623N12001431WA0203702075
B1914244748621N12001438WA0203502074
B1914254748618N12001444WA0203402074
B1914264748616N12001449WA0203302075
B1914274748613N12001454WA0203202076
B1914284748611N12001458WA0203202076
B1914294748609N12001464WA0203102075
B1914304748608N12001470WA0203002073
B1914314748606N12001476WA0202802069
B1914324748604N12001483WA0202702067
B1914334748602N12001490WA0202502065
B1914344748600N12001496WA0202402064
B1914354748598N12001503WA0202202062
B1914364748596N12001509WA0202102059
B1914374748594N12001517WA0201902055
B1914384748591N12001526WA0201702052
B1914394748589N12001535WA0201402048
B1914404748586N12001544WA0201202045
B1914414748583N12001553WA0200902043
B1914424748580N12001561WA0200702041
B1914434748577N12001570WA0200502039
B1914444748574N12001578WA0200302039
B1914454748571N12001586WA0200102038
B1914464748568N12001593WA0200002038
B1914474748565N12001600WA0199802038
B1914484748563N12001606WA0199702037
B1914494748560N12001613WA0199502035
B1914504748558N12001621WA0199402033
B1914514748556N12001628WA0199202030
B1914524748553N12001636WA0199102028
B1914534748551N12001644WA0198802025
B1914544748548N12001651WA0198702024
B1914554748545N12001658WA0198502022
B1914564748542N12001665WA0198402020
B1914574748539N12001671WA0198102019
B1914584748536N12001676WA0198002017
B1914594748532N12001682WA0197802014
B1915004748527N12001687WA0197602011
B1915014748522N12001692WA0197302007
B1915024748518N12001699WA0197102004
B1915034748513N12001705WA0196902001
B1915044748510N12001711WA0196702000
B1915054748506N12001716WA0196501999
B1915064748502N12001721WA0196301998
B1915074748499N12001725WA0196101997
B1915084748495N12001729WA0196001995
B1915094748490N12001732WA0195801994
B1915104748485N12001734WA0195701993
B1915114748479N12001735WA0195601993
B1915124748473N12001737WA0195501994
B1915134748468N12001738WA0195401996
B1915144748462N12001739WA0195401998
B1915154748458N12001741WA0195402000
B1915164748454N12001744WA0195402003
B1915174748451N12001748WA0195502006
B1915184748451N12001754WA0195602007
B1915194748454N12001760WA0195602006
B1915204748459N12001766WA0195602004
B1915214748466N12001767WA0195602002
B1915224748473N12001763WA0195602000
B1915234748479N12001758WA0195501998
B1915244748485N12001751WA0195501997
B1915254748490N12001743WA0195401996
B1915264748494N12001736WA0195401997
B1915274748498N12001728WA0195401998
B1915284748500N12001720WA0195402001
B1915294748501N12001712WA0195502002
B1915304748500N12001704WA0195502003
B1915314748498N12001695WA0195502002
B1915324748494N12001685WA0195502000
B1915334748489N12001677WA0195402000
B1915344748483N12001671WA0195502002
B1915354748478N12001669WA0195502006
B1915364748474N12001671WA0195602009
B1915374748471N12001675WA0195702010
B1915384748470N12001681WA0195802011
B1915394748471N12001689WA0195902011
B1915404748473N12001695WA0196002013
B1915414748477N12001700WA0196102014
B1915424748482N12001702WA0196102015
B1915434748488N12001702WA0196202014
B1915444748494N12001702WA0196302012
B1915454748500N12001700WA0196302010
B1915464748506N12001696WA0196302009
B1915474748512N12001688WA0196302009
B1915484748514N12001678WA0196302010
B1915494748514N12001668WA0196302011
B1915504748511N12001660WA0196302010
B1915514748506N12001654WA0196302007
B1915524748499N12001650WA0196202004
B1915534748492N12001648WA0196102004
B1915544748485N12001646WA0196102005
B1915554748480N12001645WA0196102008
B1915564748476N12001646WA0196202011
B1915574748473N12001650WA0196202013
B1915584748472N12001657WA0196302011
B1915594748471N12001666WA0196302010
B1916004748472N12001675WA0196202009
B1916014748474N12001682WA0196202009
B1916024748476N12001687WA0196202010
B1916034748479N12001690WA0196302011
B1916044748482N12001692WA0196302010
B1916054748487N12001693WA0196202007
B1916064748493N12001694WA0196102004
B1916074748499N12001696WA0196002001
B1916084748504N12001700WA0195901998
B1916094748508N12001705WA0195701996
B1916104748510N12001712WA0195601993
B1916114748511N12001720WA0195401991
B1916124748512N12001728WA0195301988
B1916134748512N12001737WA0195001985
B1916144748510N12001746WA0194901982
B1916154748509N12001754WA0194601980
B1916164748507N12001763WA0194401978
B1916174748505N12001770WA0194201977
B1916184748504N12001777WA0194101975
B1916194748502N12001784WA0193801973
B1916204748501N12001792WA0193701971
B1916214748500N12001799WA0193401967
B1916224748498N12001807WA0193201963
B1916234748497N12001815WA0192901960
B1916244748495N12001823WA0192701958
B1916254748494N12001829WA0192501956
B1916264748493N12001835WA0192301955
B1916274748492N12001842WA0192001953
B1916284748491N12001849WA0191901950
B1916294748490N12001857WA0191601947
B1916304748488N12001865WA0191401944
B1916314748487N12001873WA0191101942
B1916324748485N12001880WA0191001942
B1916334748484N12001886WA0190801941
B1916344748482N12001891WA0190601941
B1916354748481N12001898WA0190501939
B1916364748479N12001905WA0190301938
B1916374748478N12001912WA0190101936
B1916384748477N12001920WA0190001935
B1916394748476N12001928WA0189801934
B1916404748475N12001935WA0189701934
B1916414748474N12001942WA0189601933
B1916424748473N12001950WA0189501933
B1916434748472N12001957WA0189301931
B1916444748472N12001965WA0189201930
B1916454748472N12001973WA0189101929
B1916464748472N12001980WA0189001927
B1916474748472N12001988WA0188801926
B1916484748472N12001996WA0188701925
B1916494748471N12002003WA0188601925
B1916504748471N12002010WA0188501924
B1916514748470N12002017WA0188401922
B1916524748470N12002025WA0188301921
B1916534748470N12002033WA0188101919
B1916544748471N12002041WA0188001919
B1916554748473N12002049WA0187901918
B1916564748474N12002056WA0187801918
B1916574748475N12002063WA0187701918
B1916584748477N12002070WA0187601917
B1916594748478N12002077WA0187501915
B1917004748480N12002084WA0187401912
B1917014748482N12002093WA0187201910
B1917024748485N12002101WA0187101907
B1917034748487N12002110WA0187001906
B1917044748490N12002118WA0186801905
B1917054748492N12002125WA0186701905
B1917064748495N12002133WA0186701905
B1917074748499N12002140WA0186501906
B1917084748502N12002148WA0186501906
B1917094748506N12002155WA0186501908
B1917104748509N12002161WA0186501911
B1917114748511N12002166WA0186501914
B1917124748513N12002169WA0186601917
B1917134748515N12002173WA0186701918
B1917144748518N12002177WA0186801918
B1917154748522N12002181WA0186801918
B1917164748527N12002186WA0186901917
B1917174748532N12002191WA0186901916
B1917184748537N12002195WA0186901915
B1917194748543N12002200WA0186901916
B1917204748549N12002204WA0187001916
B1917214748555N12002209WA0187001916
B1917224748561N12002213WA0187001917
B1917234748567N12002217WA0187101919
B1917244748573N12002221WA0187101920
B1917254748579N12002226WA0187201921
B1917264748585N12002230WA0187301921
B1917274748592N12002232WA0187301922
B1917284748600N12002232WA0187401924
B1917294748608N12002228WA0187501924
B1917304748617N12002222WA0187501924
B1917314748625N12002216WA0187601925
B1917324748632N12002208WA0187701927
B1917334748638N12002200WA0187801930
B1917344748643N12002193WA0187901933
B1917354748647N12002185WA0188101936
B1917364748651N12002177WA0188201938
B1917374748654N12002169WA0188401939
B1917384748656N12002160WA0188501940
B1917394748656N12002152WA0188701941
B1917404748654N12002145WA0188801942
B1917414748652N12002141WA0189001943
B1917424748649N12002140WA0189101945
B1917434748646N12002141WA0189201949
B1917444748645N12002142WA0189401952
B1917454748645N12002145WA0189601955
B1917464748648N12002150WA0189801956
B1917474748654N12002156WA0189901956
B1917484748661N12002160WA0190001954
B1917494748669N12002164WA0190201955
B1917504748677N12002166WA0190301956
B1917514748685N12002168WA0190401958
B1917524748692N12002170WA0190501961
B1917534748699N12002174WA0190701963
B1917544748706N12002177WA0190801964
B1917554748713N12002178WA0191001965
B1917564748721N12002179WA0191101965
B1917574748729N12002177WA0191201966
B1917584748738N12002175WA0191301967
B1917594748746N12002173WA0191501969
B1918004748754N12002171WA0191601971
B1918014748761N12002169WA0191701973
B1918024748768N12002165WA0191901976
B1918034748774N12002161WA0192101979
B1918044748781N12002155WA0192301980
B1918054748788N12002148WA0192401981
B1918064748794N12002139WA0192501982
B1918074748799N12002128WA0192701984
B1918084748802N12002116WA0192801986
B1918094748803N12002105WA0193001988
B1918104748803N12002095WA0193201992
B1918114748802N12002088WA0193501996
B1918124748800N12002082WA0193702000
B1918134748798N12002080WA0193902002
B1918144748795N12002080WA0194102004
B1918154748793N12002082WA0194402006
B1918164748793N12002086WA0194602008
B1918174748795N12002091WA0194802011
B1918184748800N12002097WA0195002012
B1918194748807N12002101WA0195302013
B1918204748815N12002102WA0195402014
B1918214748822N12002101WA0195602016
B1918224748830N12002100WA0195802019
B1918234748836N12002098WA0196002021
B1918244748842N12002095WA0196202022
B1918254748849N12002089WA0196402022
B1918264748856N12002080WA0196502021
B1918274748862N12002069WA0196602020
B1918284748866N12002057WA0196702021
B1918294748868N12002045WA0196802022
B1918304748869N12002034WA0196902024
B1918314748868N12002024WA0197002026
B1918324748867N12002015WA0197202029
B1918334748866N12002006WA0197302030
B1918344748864N12001998WA0197502033
B1918354748863N12001990WA0197702036
B1918364748861N12001986WA0197802038
B1918374748859N12001984WA0198002040
B1918384748857N12001984WA0198102041
B1918394748855N12001988WA0198302041
B1918404748854N12001992WA0198402043
B1918414748854N12001996WA0198702045
B1918424748853N12002000WA0198802048
B1918434748854N12002003WA0199002051
B1918444748855N12002007WA0199202052
B1918454748858N12002011WA0199402052
B1918464748862N12002016WA0199402052
B1918474748869N12002019WA0199602052
B1918484748876N12002019WA0199602051
B1918494748885N12002017WA0199702051
B1918504748893N12002014WA0199802051
B1918514748900N12002009WA0199902053
B1918524748907N12002003WA0199902054
B1918534748913N12001995WA0200102055
B1918544748919N12001985WA0200102054
B1918554748923N12001974WA0200202054
B1918564748925N12001962WA0200202054
B1918574748926N12001950WA0200302054
B1918584748925N12001939WA0200302055
B1918594748923N12001930WA0200402057
B1919004748921N12001923WA0200502058
B1919014748918N12001917WA0200602059
B1919024748916N12001914WA0200602060
B1919034748913N12001912WA0200702061
B1919044748910N12001912WA0200802062
B1919054748908N12001913WA0200902063
B1919064748907N12001916WA0200902064
B1919074748906N12001920WA0201102065
B1919084748906N12001925WA0201102066
B1919094748907N12001930WA0201202067
B1919104748908N12001935WA0201302068
B1919114748910N12001940WA0201402069
B1919124748914N12001944WA0201502070
B1919134748920N12001947WA0201602069
B1919144748928N12001947WA0201602067
B1919154748936N12001944WA0201602065
B1919164748944N12001939WA0201602065
B1919174748951N12001933WA0201602066
B1919184748956N12001924WA0201702067
B1919194748959N12001914WA0201702068
B1919204748962N12001903WA0201702067
B1919214748965N12001892WA0201702067
B1919224748967N12001881WA0201802068
B1919234748969N12001870WA0201802069
B1919244748969N12001860WA0201902070
B1919254748968N12001851WA0201902070
B1919264748966N12001843WA0201902071
B1919274748963N12001838WA0202002071
B1919284748960N12001833WA0202002071
B1919294748957N12001829WA0202102072
B1919304748954N12001825WA0202102072
B1919314748951N12001821WA0202102072
B1919324748947N12001818WA0202102072
B1919334748942N12001817WA0202102071
B1919344748939N12001816WA0202102071
B1919354748936N12001817WA0202202072
B1919364748934N12001818WA0202202073
B1919374748932N12001821WA0202202074
B1919384748932N12001826WA0202302074
B1919394748932N12001831WA0202302073
B1919404748933N12001838WA0202302073
B1919414748935N12001844WA0202402074
B1919424748937N12001849WA0202402076
B1919434748941N12001854WA0202502077
B1919444748947N12001856WA0202502078
B1919454748955N12001856WA0202602078
B1919464748962N12001853WA0202602078
B1919474748970N12001847WA0202702078
B1919484748976N12001840WA0202702079
B1919494748980N12001830WA0202802079
B1919504748982N12001818WA0202802079
B1919514748981N12001807WA0202802078
B1919524748978N12001797WA0202802076
B1919534748974N12001790WA0202702076
B1919544748970N12001786WA0202802078
B1919554748968N12001781WA0202802081
B1919564748966N12001777WA0202902083
B1919574748964N12001772WA0203002085
B1919584748961N12001768WA0203102084
B1919594748958N12001764WA0203102083
B1920004748954N12001761WA0203102083
B1920014748950N12001758WA0203202084
B1920024748947N12001754WA0203202085
B1920034748944N12001750WA0203302086
B1920044748941N12001747WA0203302086
B1920054748939N12001747WA0203302086
B1920064748936N12001748WA0203402085
B1920074748935N12001751WA0203402084
B1920084748935N12001755WA0203402084
B1920094748935N12001760WA0203302083
B1920104748936N12001765WA0203302082
B1920114748938N12001770WA0203302081
B1920124748941N12001774WA0203302080
B1920134748944N12001778WA0203202078
B1920144748948N12001783WA0203102075
B1920154748951N12001787WA0202902071
B1920164748955N12001793WA0202802068
B1920174748957N12001800WA0202602065
B1920184748959N12001807WA0202502064
B1920194748958N12001813WA0202302064
B1920204748957N12001817WA0202202065
B1920214748955N12001821WA0202102064
B1920224748953N12001824WA0202102064
B1920234748951N12001827WA0201902062
B1920244748949N12001830WA0201802060
B1920254748947N12001834WA0201702056
B1920264748943N12001839WA0201502051
B1920274748939N12001845WA0201202046
B1920284748934N12001851WA0201002040
B1920294748928N12001857WA0200602036
B1920304748923N12001862WA0200402034
B1920314748918N12001867WA0200102033
B1920324748914N12001870WA0199902033
B1920334748910N12001874WA0199602032
B1920344748907N12001877WA0199502031
B1920354748903N12001881WA0199302029
B1920364748899N12001885WA0199102027
B1920374748895N12001889WA0198902025
B1920384748892N12001894WA0198702022
B1920394748888N12001900WA0198502019
B1920404748884N12001906WA0198302015
B1920414748880N12001915WA0197902011
B1920424748875N12001923WA0197702008
B1920434748869N12001932WA0197402007
B1920444748864N12001939WA0197302007
B1920454748860N12001945WA0197102010
B1920464748856N12001950WA0197102013
B1920474748853N12001954WA0197102016
B1920484748850N12001957WA0197102018
B1920494748847N12001961WA0197102020
B1920504748845N12001965WA0197202021
B1920514748843N12001969WA0197202020
B1920524748840N12001974WA0197202019
B1920534748837N12001979WA0197202018
B1920544748833N12001984WA0197102016
B1920554748829N12001989WA0197002015
B1920564748825N12001995WA0197002014
B1920574748822N12002000WA0196902013
B1920584748818N12002006WA0196902013
B1920594748815N12002011WA0196802013
B1921004748811N12002017WA0196802012
B1921014748807N12002022WA0196702011
B1921024748803N12002028WA0196702010
B1921034748798N12002034WA0196602010
B1921044748794N12002040WA0196602010
B1921054748789N12002046WA0196602011
B1921064748785N12002051WA0196602012
B1921074748781N12002056WA0196602014
B1921084748778N12002060WA0196602015
B1921094748774N12002062WA0196702016
B1921104748771N12002065WA0196702017
B1921114748769N12002067WA0196802017
B1921124748766N12002070WA0196802016
B1921134748763N12002073WA0196802016
B1921144748760N12002075WA0196802015
B1921154748756N12002077WA0196802015
B1921164748753N12002078WA0196802016
B1921174748750N12002080WA0196802016
B1921184748747N12002083WA0196802016
B1921194748744N12002087WA0196802016
B1921204748742N12002092WA0196802016
B1921214748739N12002097WA0196802015
B1921224748736N12002101WA0196802015
B1921234748733N12002105WA0196802016
B1921244748731N12002108WA0196802016
B1921254748728N12002110WA0196902017
B1921264748725N12002113WA0196902016
B1921274748722N12002116WA0196802016
B1921284748718N12002119WA0196802015
B1921294748715N12002122WA0196802015
B1921304748711N12002124WA0196802015
B1921314748708N12002126WA0196802015
B1921324748705N12002128WA0196802015
B1921334748702N12002131WA0196802014
B1921344748699N12002135WA0196702011
B1921354748695N12002139WA0196602009
B1921364748690N12002144WA0196502006
B1921374748685N12002149WA0196402004
B1921384748681N12002153WA0196302004
B1921394748676N12002157WA0196202003
B1921404748671N12002160WA0196102003
B1921414748666N12002163WA0196002002
B1921424748662N12002166WA0196002001
B1921434748657N12002170WA0195802000
B1921444748652N12002174WA0195801998
B1921454748647N12002179WA0195601996
B1921464748643N12002184WA0195501995
B1921474748638N12002189WA0195401994
B1921484748634N12002194WA0195301994
B1921494748630N12002198WA0195301996
B1921504748626N12002202WA0195301997
B1921514748622N12002204WA0195301998
B1921524748619N12002206WA0195301999
B1921534748617N12002208WA0195301999
B1921544748614N12002210WA0195301999
B1921554748611N12002214WA0195201997
B1921564748608N12002218WA0195201996
B1921574748605N12002223WA0195101994
B1921584748603N12002228WA0195101993
B1921594748600N12002231WA0195001993
B1922004748598N12002234WA0195001993
B1922014748595N12002237WA0194901992
B1922024748593N12002241WA0194801990
B1922034748590N12002246WA0194701987
B1922044748586N12002251WA0194601984
B1922054748583N12002257WA0194401981
B1922064748579N12002263WA0194301980
B1922074748575N12002268WA0194201979
B1922084748571N12002272WA0194101979
B1922094748567N12002275WA0193901977
B1922104748563N12002279WA0193801976
B1922114748559N12002284WA0193701973
B1922124748555N12002289WA0193501970
B1922134748552N12002295WA0193401967
B1922144748549N12002302WA0193201966
B1922154748546N12002307WA0193101965
B1922164748543N12002313WA0192901963
B1922174748539N12002319WA0192701961
B1922184748535N12002324WA0192501958
B1922194748531N12002330WA0192401956
B1922204748527N12002335WA0192101954
B1922214748522N12002338WA0192001954
B1922224748518N12002340WA0191901954
B1922234748514N12002342WA0191701954
B1922244748510N12002343WA0191701954
B1922254748506N12002346WA0191501952
B1922264748502N12002348WA0191401951
B1922274748498N12002351WA0191301949
B1922284748494N12002354WA0191201948
B1922294748490N12002356WA0191101948
B1922304748486N12002359WA0191001947
B1922314748482N12002361WA0190901947
B1922324748478N12002364WA0190801946
B1922334748474N12002367WA0190701945
B1922344748471N12002370WA0190601944
B1922354748467N12002373WA0190501943
B1922364748464N12002376WA0190401943
B1922374748461N12002378WA0190401943
B1922384748458N12002382WA0190301942
B1922394748455N12002386WA0190201941
B1922404748453N12002390WA0190101939
B1922414748450N12002395WA0190001938
B1922424748447N12002400WA0189901938
B1922434748445N12002404WA0189901938
B1922444748442N12002407WA0189801938
B1922454748440N12002411WA0189801938
B1922464748437N12002416WA0189701937
B1922474748435N12002421WA0189601935
B1922484748432N12002426WA0189501934
B1922494748428N12002429WA0189501934
B1922504748425N12002431WA0189401935
B1922514748421N12002433WA0189401935
B1922524748418N12002434WA0189301935
B1922534748414N12002436WA0189301934
B1922544748410N12002438WA0189201933
B1922554748405N12002439WA0189201931
B1922564748400N12002439WA0189101929
B1922574748395N12002437WA0189001929
B1922584748391N12002435WA0188901928
B1922594748387N12002433WA0188901928
B1923004748382N12002430WA0188801927
B1923014748378N12002427WA0188701926
B1923024748373N12002424WA0188601924
B1923034748369N12002422WA0188501923
B1923044748365N12002419WA0188401922
B1923054748361N12002417WA0188301921
B1923064748357N12002415WA0188201920
B1923074748353N12002415WA0188101918
B1923084748349N12002414WA0188001916
B1923094748345N12002414WA0187901914
B1923104748341N12002413WA0187701913
B1923114748337N12002412WA0187601913
B1923124748333N12002410WA0187501912
B1923134748329N12002407WA0187401911
B1923144748324N12002404WA0187301909
B1923154748319N12002400WA0187201908
B1923164748314N12002396WA0187001906
B1923174748310N12002391WA0186901905
B1923184748305N12002386WA0186801905
B1923194748301N12002382WA0186701904
B1923204748297N12002376WA0186601902
B1923214748292N12002370WA0186501901
B1923224748288N12002364WA0186301899
B1923234748283N12002358WA0186201898
B1923244748279N12002354WA0186101897
B1923254748274N12002350WA0186001895
B1923264748270N12002347WA0185901894
B1923274748265N12002344WA0185801893
B1923284748260N12002342WA0185601892
B1923294748256N12002339WA0185501892
B1923304748251N12002335WA0185401891
B1923314748247N12002331WA0185301890
B1923324748242N12002326WA0185201888
B1923334748237N12002321WA0185101887
B1923344748232N12002316WA0184901885
B1923354748227N12002312WA0184901885
B1923364748223N12002310WA0184701885
B1923374748218N12002307WA0184701885
B1923384748213N12002304WA0184601884
B1923394748208N12002300WA0184501883
B1923404748202N12002296WA0184401883
B1923414748197N12002294WA0184301882
B1923424748192N12002294WA0184201882
B1923434748187N12002294WA0184201881
B1923444748182N12002291WA0184101881
B1923454748177N12002285WA0184101880
B1923464748172N12002276WA0184001879
B1923474748167N12002267WA0183901878
B1923484748163N12002258WA0183801877
B1923494748159N12002249WA0183801877
B1923504748156N12002240WA0183701877
B1923514748153N12002231WA0183701877
B1923524748149N12002222WA0183601876
B1923534748145N12002212WA0183601874
B1923544748141N12002204WA0183401872
B1923554748135N12002196WA0183401870
B1923564748130N12002189WA0183201869
B1923574748124N12002183WA0183201869
B1923584748119N12002177WA0183101868
B1923594748114N12002172WA0183001868
B1924004748108N12002168WA0182901867
B1924014748103N12002166WA0182901866
B1924024748097N12002166WA0182701863
B1924034748093N12002168WA0182701861
B1924044748090N12002173WA0182501860
B1924054748091N12002178WA0182401859
B1924064748094N12002182WA0182301857
B1924074748100N12002183WA0182201854
B1924084748107N12002179WA0182001852
B1924094748113N12002170WA0181801851
B1924104748118N12002159WA0181701849
B1924114748120N12002147WA0181601849
B1924124748123N12002135WA0181401848
B1924134748126N12002124WA0181301848
B1924144748130N12002113WA0181201847
B1924154748134N12002102WA0181101845
B1924164748139N12002090WA0180901843
B1924174748143N12002077WA0180801841
B1924184748147N12002064WA0180601838
B1924194748150N12002050WA0180501837
B1924204748153N12002036WA0180301835
B1924214748155N12002022WA0180101833
B1924224748158N12002008WA0179901832
B1924234748160N12001994WA0179801831
B1924244748162N12001980WA0179701830
B1924254748165N12001967WA0179601829
B1924264748167N12001953WA0179401827
B1924274748170N12001940WA0179301825
B1924284748174N12001926WA0179101823
B1924294748177N12001912WA0179001821
B1924304748181N12001899WA0178801820
B1924314748184N12001885WA0178701819
B1924324748188N12001871WA0178501819
B1924334748192N12001858WA0178401821
B1924344748195N12001847WA0178401824
B1924354748199N12001837WA0178401828
B1924364748202N12001827WA0178501831
B1924374748204N12001816WA0178601833
B1924384748205N12001803WA0178701833
B1924394748204N12001790WA0178701832
B1924404748201N12001777WA0178701831
B1924414748196N12001768WA0178701830
B1924424748189N12001763WA0178701829
B1924434748184N12001764WA0178701828
B1924444748180N12001767WA0178601826
B1924454748179N12001772WA0178601826
B1924464748179N12001776WA0178601827
B1924474748180N12001779WA0178601828
B1924484748182N12001782WA0178601828
B1924494748185N12001787WA0178601827
B1924504748189N12001792WA0178601827
B1924514748194N12001796WA0178601828
B1924524748198N12001799WA0178601830
B1924534748202N12001799WA0178701833
B1924544748206N12001798WA0178801834
B1924554748211N12001793WA0178901835
B1924564748216N12001785WA0178901833
B1924574748219N12001774WA0179001831
B1924584748221N12001760WA0179001830
B1924594748220N12001747WA0179001832
B1925004748216N12001736WA0179101834
B1925014748212N12001728WA0179201838
B1925024748206N12001724WA0179301840
B1925034748202N12001723WA0179401843
B1925044748199N12001726WA0179501843
B1925054748199N12001731WA0179601842
B1925064748202N12001736WA0179601841
B1925074748206N12001738WA0179701841
B1925084748212N12001737WA0179801842
B1925094748218N12001732WA0179801842
B1925104748223N12001726WA0179901842
B1925114748228N12001718WA0179901842
B1925124748233N12001710WA0180001843
B1925134748237N12001701WA0180001843
B1925144748240N12001690WA0180101844
B1925154748242N12001679WA0180101844
B1925164748243N12001666WA0180201845
B1925174748243N12001654WA0180201846
B1925184748242N12001642WA0180301848
B1925194748240N12001632WA0180301848
B1925204748236N12001624WA0180401849
B1925214748231N12001618WA0180501849
B1925224748226N12001615WA0180501849
B1925234748221N12001614WA0180601849
B1925244748217N12001615WA0180601849
B1925254748215N12001619WA0180601850
B1925264748216N12001624WA0180701850
B1925274748219N12001627WA0180701851
B1925284748223N12001628WA0180801851
B1925294748228N12001627WA0180801851
B1925304748233N12001625WA0180801851
B1925314748238N12001621WA0180801851
B1925324748244N12001616WA0180901851
B1925334748249N12001611WA0180901852
B1925344748254N12001606WA0180901852
B1925354748259N12001601WA0180901852
B1925364748264N12001599WA0181001852
B1925374748268N12001598WA0181001852
B1925384748273N12001600WA0181001851
B1925394748277N12001602WA0181001851
B1925404748280N12001604WA0181001851
B1925414748284N12001605WA0181001852
B1925424748288N12001606WA0181001852
B1925434748291N12001606WA0181001852
B1925444748296N12001605WA0181001851
B1925454748301N12001602WA0181001850
B1925464748307N12001595WA0180901848
B1925474748312N12001584WA0180901846
B1925484748317N12001571WA0180801845
B1925494748320N12001558WA0180801845
B1925504748321N12001545WA0180801847
B1925514748323N12001531WA0180801850
B1925524748323N12001519WA0180901853
B1925534748323N12001507WA0180901857
B1925544748320N12001496WA0181101859
B1925554748316N12001487WA0181201861
B1925564748311N12001481WA0181301861
B1925574748305N12001479WA0181301861
B1925584748300N12001482WA0181401861
B1925594748298N12001486WA0181501863
B1926004748299N12001490WA0181601865
B1926014748303N12001492WA0181701867
B1926024748308N12001491WA0181801868
B1926034748313N12001487WA0181901868
B1926044748319N12001479WA0182001868
B1926054748325N12001470WA0182101869
B1926064748329N12001459WA0182201870
B1926074748334N12001449WA0182301873
B1926084748337N12001438WA0182401877
B1926094748338N12001427WA0182601881
B1926104748337N12001416WA0182801884
B1926114748334N12001406WA0183001884
B1926124748329N12001397WA0183101884
B1926134748322N12001392WA0183201884
B1926144748316N12001390WA0183301886
B1926154748312N12001392WA0183401887
B1926164748310N12001396WA0183601887
B1926174748311N12001400WA0183701888
B1926184748315N12001403WA0183801889
B1926194748320N12001404WA0183901889
B1926204748326N12001401WA0184001890
B1926214748332N12001395WA0184101891
B1926224748337N12001388WA0184201892
B1926234748341N12001378WA0184301894
B1926244748343N12001367WA0184401895
B1926254748343N12001354WA0184501895
B1926264748341N12001343WA0184601895
B1926274748337N12001332WA0184701896
B1926284748333N12001324WA0184801897
B1926294748327N12001319WA0184901897
B1926304748322N12001316WA0185001898
B1926314748317N12001314WA0185001899
B1926324748313N12001315WA0185101899
B1926334748310N12001316WA0185201900
B1926344748308N12001319WA0185301900
B1926354748307N12001323WA0185301900
B1926364748308N12001327WA0185401901
B1926374748310N12001330WA0185401901
B1926384748313N12001333WA0185501900
B1926394748316N12001335WA0185501900
B1926404748321N12001335WA0185501899
B1926414748326N12001335WA0185501898
B1926424748332N12001332WA0185501897
B1926434748337N12001327WA0185501897
B1926444748342N12001321WA0185501897
B1926454748347N12001313WA0185501897
B1926464748352N12001304WA0185501898
B1926474748356N12001295WA0185501900
B1926484748359N12001284WA0185601901
B1926494748361N12001273WA0185601903
B1926504748362N12001260WA0185701904
B1926514748362N12001247WA0185801905
B1926524748359N12001235WA0185901907
B1926534748357N12001223WA0185901908
B1926544748353N12001213WA0186101910
B1926554748349N12001205WA0186101912
B1926564748344N12001199WA0186301912
B1926574748339N12001197WA0186301912
B1926584748335N12001198WA0186401911
B1926594748332N12001201WA0186401910
B1927004748330N12001205WA0186401910
B1927014748329N12001210WA0186501910
B1927024748328N12001214WA0186501911
B1927034748328N12001218WA0186501911
B1927044748329N12001222WA0186601911
B1927054748331N12001225WA0186601911
B1927064748334N12001227WA0186601911
B1927074748337N12001229WA0186601910
B1927084748341N12001231WA0186601909
B1927094748346N12001231WA0186601907
B1927104748352N12001228WA0186501906
B1927114748359N12001223WA0186501905
B1927124748364N12001214WA0186501905
B1927134748368N12001204WA0186501906
B1927144748369N12001193WA0186501908
B1927154748369N12001182WA0186501909
B1927164748368N12001171WA0186501910
B1927174748366N12001160WA0186501909
B1927184748364N12001148WA0186601909
B1927194748362N12001137WA0186601908
B1927204748358N12001126WA0186601908
B1927214748353N12001116WA0186501908
B1927224748347N12001108WA0186501908
B1927234748341N12001104WA0186501909
B1927244748336N12001103WA0186601910
B1927254748333N12001105WA0186601910
B1927264748332N12001109WA0186601910
B1927274748333N12001114WA0186601908
B1927284748337N12001118WA0186501907
B1927294748342N12001119WA0186501906
B1927304748348N12001116WA0186501905
B1927314748354N12001109WA0186401904
B1927324748359N12001099WA0186401905
B1927334748362N12001087WA0186401905
B1927344748363N12001076WA0186401905
B1927354748364N12001064WA0186401905
B1927364748365N12001052WA0186401905
B1927374748365N12001040WA0186301904
B1927384748364N12001026WA0186301903
B1927394748363N12001013WA0186301902
B1927404748361N12001000WA0186201902
B1927414748358N12000989WA0186201902
B1927424748354N12000978WA0186101901
B1927434748349N12000968WA0186101901
B1927444748344N12000960WA0186001900
B1927454748339N12000951WA0186001899
B1927464748333N12000943WA0185901898
B1927474748328N12000934WA0185901897
B1927484748323N12000925WA0185801895
B1927494748318N12000916WA0185701894
B1927504748313N12000908WA0185601892
B1927514748308N12000901WA0185501889
B1927524748303N12000895WA0185301887
B1927534748298N12000889WA0185201884
B1927544748293N12000884WA0185001881
B1927554748287N12000878WA0184801877
B1927564748281N12000871WA0184601874
B1927574748276N12000863WA0184401870
B1927584748270N12000855WA0184101868
B1927594748265N12000848WA0184001866
B1928004748260N12000840WA0183701864
B1928014748256N12000830WA0183501861
B1928024748251N12000819WA0183201858
B1928034748246N12000807WA0183001854
B1928044748240N12000795WA0182701851
B1928054748235N12000783WA0182501849
B1928064748230N12000771WA0182201848
B1928074748226N12000759WA0182001847
B1928084748221N12000748WA0181701845
B1928094748217N12000736WA0181601843
B1928104748213N12000724WA0181301840
B1928114748209N12000712WA0181101836
B1928124748205N12000699WA0180801833
B1928134748201N12000686WA0180601831
B1928144748197N12000673WA0180301829
B1928154748193N12000661WA0180101826
B1928164748189N12000649WA0179801824
B1928174748185N12000637WA0179601821
B1928184748181N12000624WA0179301817
B1928194748178N12000611WA0179101815
B1928204748175N12000597WA0178801813
B1928214748174N12000584WA0178601811
B1928224748172N12000571WA0178301809
B1928234748170N12000558WA0178101807
B1928244748168N12000546WA0177801804
B1928254748166N12000532WA0177601801
B1928264748164N12000519WA0177301799
B1928274748162N12000506WA0177201799
B1928284748159N12000495WA0177001801
B1928294748156N12000485WA0176901804
B1928304748152N12000477WA0176901807
B1928314748148N12000470WA0176901810
B1928324748145N12000464WA0176901812
B1928334748142N12000459WA0177001813
B1928344748139N12000452WA0177001812
B1928354748136N12000445WA0176901809
B1928364748132N12000436WA0176801805
B1928374748128N12000426WA0176701800
B1928384748124N12000416WA0176501797
B1928394748121N12000405WA0176401794
B1928404748117N12000393WA0176201791
B1928414748113N12000381WA0176001788
B1928424748108N12000369WA0175701786
B1928434748103N12000357WA0175601784
B1928444748098N12000345WA0175401784
B1928454748093N12000335WA0175301785
B1928464748088N12000325WA0175201786
B1928474748084N12000316WA0175101786
B1928484748079N12000305WA0175001785
B1928494748074N12000294WA0174901784
B1928504748068N12000282WA0174801783
B1928514748063N12000270WA0174701783
B1928524748057N12000258WA0174701784
B1928534748053N12000248WA0174601783
B1928544748048N12000238WA0174501781
B1928554748043N12000229WA0174401779
B1928564748037N12000219WA0174301774
B1928574748032N12000209WA0174101769
B1928584748027N12000198WA0173801764
B1928594748021N12000187WA0173601761
B1929004748017N12000177WA0173301757
B1929014748012N12000169WA0173101754
B1929024748007N12000160WA0172801750
B1929034748002N12000151WA0172601745
B1929044747996N12000141WA0172201740
B1929054747990N12000130WA0171901735
B1929064747985N12000119WA0171501732
B1929074747980N12000109WA0171201729
B1929084747974N12000099WA0170901727
B1929094747968N12000091WA0170601723
B1929104747961N12000081WA0170201719
B1929114747955N12000071WA0170001716
B1929124747949N12000061WA0169601716
B1929134747944N12000051WA0169401716
B1929144747939N12000043WA0169201717
B1929154747935N12000035WA0169001716
B1929164747931N12000027WA0168801714
B1929174747926N12000018WA0168701711
B1929184747920N12000008WA0168401707
B1929194747914N11959998WA0168201702
B1929204747908N11959986WA0167801700
B1929214747902N11959974WA0167601699
B1929224747896N11959963WA0167401700
B1929234747890N11959952WA0167301703
B1929244747886N11959941WA0167201705
B1929254747881N11959931WA0167201706
B1929264747876N11959920WA0167101707
B1929274747871N11959909WA0167101706
B1929284747866N11959898WA0167001704
B1929294747861N11959888WA0166901703
B1929304747855N11959877WA0166901702
B1929314747850N11959867WA0166801701
B1929324747846N11959857WA0166701701
B1929334747841N11959847WA0166701700
B1929344747837N11959838WA0166601699
B1929354747832N11959828WA0166501696
B1929364747827N11959817WA0166301693
B1929374747822N11959806WA0166201688
B1929384747818N11959794WA0165901684
B1929394747813N11959782WA0165801681
B1929404747809N11959771WA0165501677
B1929414747804N11959760WA0165301674
B1929424747800N11959748WA0165001671
B1929434747795N11959736WA0164801667
B1929444747790N11959724WA0164501663
B1929454747785N11959712WA0164201659
B1929464747781N11959701WA0163901657
B1929474747777N11959691WA0163701657
B1929484747775N11959681WA0163501657
B1929494747773N11959671WA0163301655
B1929504747770N11959660WA0163001652
B1929514747767N11959648WA0162801647
B1929524747763N11959634WA0162501643
B1929534747759N11959621WA0162201639
B1929544747755N11959609WA0161901637
B1929554747752N11959598WA0161701636
B1929564747748N11959587WA0161401634
B1929574747745N11959575WA0161201632
B1929584747741N11959563WA0160901628
B1929594747737N11959550WA0160701623
B1930004747733N11959538WA0160301620
B1930014747729N11959526WA0160101618
B1930024747725N11959514WA0159801617
B1930034747721N11959503WA0159701616
B1930044747718N11959492WA0159401615
B1930054747714N11959480WA0159201612
B1930064747710N11959467WA0158901608
B1930074747705N11959454WA0158701604
B1930084747701N11959441WA0158401602
B1930094747696N11959428WA0158201602
B1930104747693N11959416WA0158001603
B1930114747690N11959405WA0157901604
B1930124747688N11959394WA0157701605
B1930134747685N11959383WA0157701604
B1930144747681N11959372WA0157501603
B1930154747678N11959362WA0157401602
B1930164747675N11959351WA0157301601
B1930174747672N11959341WA0157201601
B1930184747669N11959330WA0157101599
B1930194747665N11959318WA0157001597
B1930204747662N11959306WA0156801594
B1930214747658N11959294WA0156701591
B1930224747654N11959281WA0156501589
B1930234747650N11959268WA0156301587
B1930244747647N11959256WA0156101585
B1930254747643N11959243WA0156001583
B1930264747640N11959231WA0155801581
B1930274747638N11959219WA0155601578
B1930284747635N11959206WA0155401575
B1930294747633N11959193WA0155201572
B1930304747630N11959179WA0155001570
B1930314747628N11959166WA0154801567
B1930324747624N11959153WA0154501565
B1930334747621N11959140WA0154401563
B1930344747617N11959127WA0154101561
B1930354747614N11959114WA0154001559
B1930364747610N11959101WA0153701556
B1930374747606N11959089WA0153501555
B1930384747602N11959077WA0153301555
B1930394747598N11959065WA0153201555
B1930404747594N11959055WA0153001554
B1930414747590N11959046WA0152901553
B1930424747585N11959036WA0152801552
B1930434747581N11959025WA0152701549
B1930444747578N11959014WA0152501547
B1930454747574N11959003WA0152301546
B1930464747570N11958991WA0152201545
B1930474747567N11958980WA0152001543
B1930484747563N11958970WA0151901542
B1930494747559N11958959WA0151801540
B1930504747555N11958948WA0151601538
B1930514747550N11958937WA0151401535
B1930524747545N11958927WA0151201532
B1930534747540N11958916WA0151101530
B1930544747535N11958906WA0150801527
B1930554747531N11958896WA0150701525
B1930564747526N11958886WA0150401522
B1930574747522N11958875WA0150201519
B1930584747517N11958865WA0149901516
B1930594747511N11958855WA0149801512
B1931004747506N11958846WA0149501509
B1931014747501N11958837WA0149301507
B1931024747495N11958827WA0149001506
B1931034747490N11958818WA0148801504
B1931044747486N11958808WA0148501502
B1931054747481N11958797WA0148401499
B1931064747476N11958786WA0148101495
B1931074747471N11958775WA0147901493
B1931084747466N11958764WA0147601490
B1931094747461N11958753WA0147401489
B1931104747456N11958744WA0147201489
B1931114747452N11958734WA0147001488
B1931124747448N11958724WA0146801487
B1931134747444N11958714WA0146701486
B1931144747439N11958703WA0146501484
B1931154747435N11958693WA0146301482
B1931164747431N11958683WA0146101480
B1931174747427N11958673WA0146001479
B1931184747423N11958663WA0145801478
B1931194747419N11958654WA0145701476
B1931204747415N11958644WA0145501474
B1931214747411N11958635WA0145301471
B1931224747407N11958625WA0145101467
B1931234747402N11958616WA0144901464
B1931244747396N11958607WA0144601461
B1931254747391N11958597WA0144501459
B1931264747386N11958588WA0144201458
B1931274747382N11958579WA0144101457
B1931284747377N11958570WA0143901456
B1931294747373N11958562WA0143701455
B1931304747368N11958553WA0143501454
B1931314747364N11958544WA0143401452
B1931324747359N11958535WA0143201451
B1931334747355N11958526WA0143101450
B1931344747351N11958517WA0142901450
B1931354747347N11958508WA0142801449
B1931364747344N11958499WA0142701448
B1931374747340N11958491WA0142601447
B1931384747336N11958482WA0142401446
B1931394747332N11958473WA0142301444
B1931404747327N11958464WA0142201443
B1931414747323N11958455WA0142101442
B1931424747319N11958447WA0142001441
B1931434747315N11958438WA0141901440
B1931444747311N11958428WA0141701439
B1931454747307N11958418WA0141601437
B1931464747304N11958408WA0141501436
B1931474747300N11958398WA0141401435
B1931484747296N11958387WA0141301433
B1931494747292N11958377WA0141201433
B1931504747289N11958366WA0141001432
B1931514747286N11958355WA0141001431
B1931524747282N11958344WA0140801430
B1931534747279N11958333WA0140701428
B1931544747275N11958323WA0140601427
B1931554747270N11958313WA0140501424
B1931564747265N11958304WA0140301423
B1931574747260N11958294WA0140201422
B1931584747256N11958283WA0140101421
B1931594747252N11958273WA0140001421
B1932004747248N11958264WA0139901421
B1932014747243N11958255WA0139801421
B1932024747239N11958246WA0139701420
B1932034747234N11958237WA0139601418
B1932044747230N11958227WA0139501417
B1932054747225N11958218WA0139401416
B1932064747221N11958208WA0139301415
B1932074747217N11958198WA0139301414
B1932084747212N11958188WA0139201413
B1932094747207N11958177WA0139101412
B1932104747203N11958167WA0139001412
B1932114747198N11958158WA0138901411
B1932124747194N11958148WA0138801411
B1932134747189N11958138WA0138801411
B1932144747185N11958128WA0138701411
B1932154747181N11958119WA0138701410
B1932164747177N11958109WA0138601409
B1932174747172N11958100WA0138501407
B1932184747167N11958090WA0138401406
B1932194747163N11958080WA0138301405
B1932204747159N11958070WA0138201404
B1932214747155N11958060WA0138201404
B1932224747151N11958050WA0138101403
B1932234747146N11958041WA0138001403
B1932244747142N11958031WA0137901401
B1932254747137N11958021WA0137901400
B1932264747132N11958012WA0137801399
B1932274747128N11958002WA0137701398
B1932284747123N11957992WA0137601397
B1932294747118N11957982WA0137501397
B1932304747114N11957972WA0137401396
B1932314747109N11957962WA0137401396
B1932324747104N11957954WA0137301396
B1932334747099N11957945WA0137201395
B1932344747095N11957937WA0137201394
B1932354747090N11957928WA0137101393
B1932364747085N11957919WA0137001392
B1932374747080N11957909WA0136901391
B1932384747076N11957899WA0136801390
B1932394747071N11957889WA0136801389
B1932404747066N11957879WA0136701389
B1932414747062N11957870WA0136601388
B1932424747057N11957860WA0136601387
B1932434747052N11957850WA0136501387
B1932444747047N11957841WA0136401386
B1932454747043N11957831WA0136401386
B1932464747038N11957821WA0136301385
B1932474747033N11957811WA0136201384
B1932484747028N11957802WA0136101383
B1932494747023N11957792WA0136101382
B1932504747018N11957783WA0136001381
B1932514747013N11957773WA0135901381
B1932524747008N11957764WA0135801380
B1932534747003N11957754WA0135801380
B1932544746998N11957744WA0135701379
B1932554746993N11957734WA0135601377
B1932564746988N11957724WA0135501377
B1932574746982N11957714WA0135501376
B1932584746977N11957704WA0135401376
B1932594746972N11957695WA0135401376
B1933004746967N11957685WA0135301376
B1933014746962N11957676WA0135301376
B1933024746957N11957666WA0135201375
B1933034746951N11957657WA0135101373
B1933044746945N11957648WA0135101372
B1933054746939N11957640WA0135001371
B1933064746933N11957632WA0135001371
B1933074746927N11957624WA0134901372
B1933084746921N11957616WA0134901372
B1933094746916N11957609WA0134901372
B1933104746910N11957601WA0134801370
B1933114746904N11957594WA0134701369
B1933124746897N11957586WA0134701367
B1933134746890N11957579WA0134601366
B1933144746884N11957571WA0134501366
B1933154746879N11957564WA0134501366
B1933164746874N11957556WA0134401367
B1933174746869N11957549WA0134401366
B1933184746863N11957542WA0134301364
B1933194746857N11957534WA0134201361
B1933204746851N11957527WA0134101359
B1933214746844N11957520WA0133901356
B1933224746837N11957512WA0133801355
B1933234746831N11957505WA0133701355
B1933244746825N11957498WA0133601355
B1933254746819N11957492WA0133501354
B1933264746813N11957485WA0133401353
B1933274746807N11957479WA0133301351
B1933284746800N11957474WA0133201349
B1933294746793N11957470WA0133101347
B1933304746787N11957467WA0132901345
B1933314746780N11957465WA0132801344
B1933324746774N11957464WA0132601344
B1933334746769N11957464WA0132501343
B1933344746763N11957463WA0132401343
B1933354746758N11957463WA0132401342
B1933364746751N11957461WA0132201340
B1933374746744N11957458WA0132101337
B1933384746737N11957453WA0131901335
B1933394746729N11957445WA0131801333
B1933404746722N11957437WA0131601332
B1933414746716N11957428WA0131501332
B1933424746710N11957420WA0131401332
B1933434746704N11957411WA0131301332
B1933444746699N11957403WA0131201332
B1933454746693N11957394WA0131201331
B1933464746687N11957385WA0131101330
B1933474746682N11957375WA0131001328
B1933484746676N11957365WA0130801326
B1933494746670N11957354WA0130701324
B1933504746665N11957344WA0130601323
B1933514746660N11957334WA0130501323
B1933524746655N11957324WA0130401322
B1933534746651N11957313WA0130301321
B1933544746646N11957302WA0130201320
B1933554746642N11957291WA0130101319
B1933564746638N11957280WA0130001318
B1933574746634N11957268WA0130001317
B1933584746630N11957257WA0129901316
B1933594746625N11957246WA0129801316
B1934004746621N11957235WA0129701315
B1934014746616N11957225WA0129601315
B1934024746612N11957215WA0129501314
B1934034746608N11957205WA0129501314
B1934044746604N11957195WA0129401314
B1934054746600N11957184WA0129401313
B1934064746596N11957174WA0129301312
B1934074746590N11957165WA0129201311
B1934084746584N11957156WA0129101309
B1934094746578N11957147WA0129001308
B1934104746573N11957138WA0128901307
B1934114746568N11957128WA0128901306
B1934124746563N11957118WA0128701305
B1934134746558N11957107WA0128601302
B1934144746553N11957096WA0128501300
B1934154746547N11957084WA0128401297
B1934164746542N11957073WA0128201295
B1934174746537N11957062WA0128101294
B1934184746532N11957052WA0127901293
B1934194746527N11957042WA0127801292
B1934204746522N11957032WA0127701291
B1934214746518N11957023WA0127601290
B1934224746513N11957013WA0127401287
B1934234746508N11957003WA0127301285
B1934244746502N11956993WA0127101282
B1934254746497N11956986WA0126901280
B1934264746491N11956981WA0126701277
B1934274746485N11956976WA0126601275
B1934284746479N11956969WA0126301273
B1934294746474N11956959WA0126201270
B1934304746469N11956947WA0125901267
B1934314746465N11956936WA0125701266
B1934324746461N11956925WA0125501265
B1934334746457N11956913WA0125401264
B1934344746453N11956902WA0125201263
B1934354746449N11956889WA0125101260
B1934364746445N11956876WA0124801258
B1934374746441N11956863WA0124701256
B1934384746437N11956849WA0124401254
B1934394746434N11956836WA0124301254
B1934404746430N11956823WA0124101253
B1934414746426N11956811WA0124001253
B1934424746422N11956798WA0123901252
B1934434746418N11956786WA0123801251
B1934444746413N11956774WA0123601250
B1934454746408N11956762WA0123501249
B1934464746403N11956750WA0123301248
B1934474746399N11956737WA0123201246
B1934484746396N11956725WA0123101245
B1934494746392N11956712WA0123001243
B1934504746388N11956699WA0122801241
B1934514746383N11956686WA0122601238
B1934524746378N11956671WA0122401236
B1934534746374N11956657WA0122301235
B1934544746370N11956644WA0122101235
B1934554746366N11956631WA0122101236
B1934564746361N11956620WA0121901237
B1934574746357N11956609WA0121901237
B1934584746354N11956598WA0121801237
B1934594746351N11956588WA0121801237
B1935004746348N11956577WA0121701236
B1935014746344N11956567WA0121701235
B1935024746341N11956556WA0121601233
B1935034746337N11956545WA0121501232
B1935044746333N11956535WA0121401232
B1935054746329N11956525WA0121401231
B1935064746326N11956515WA0121301230
B1935074746322N11956506WA0121201229
B1935084746318N11956496WA0121101229
B1935094746315N11956488WA0121101231
B1935104746312N11956480WA0121101231
B1935114746308N11956472WA0121101230
B1935124746305N11956464WA0121001228
B1935134746299N11956455WA0120901225
B1935144746293N11956447WA0120701221
B1935154746285N11956439WA0120601218
B1935164746277N11956432WA0120401217
B1935174746271N11956425WA0120301217
B1935184746266N11956417WA0120301220
B1935194746262N11956410WA0120201222
B1935204746259N11956402WA0120201222
B1935214746254N11956394WA0120201220
B1935224746247N11956389WA0120101216
B1935234746239N11956386WA0120001213
B1935244746231N11956383WA0119801212
B1935254746225N11956381WA0119701213
B1935264746220N11956378WA0119701215
B1935274746216N11956373WA0119701216
B1935284746211N11956368WA0119601215
B1935294746205N11956362WA0119601213
B1935304746198N11956356WA0119501210
B1935314746191N11956350WA0119401208
B1935324746185N11956344WA0119301207
B1935334746178N11956337WA0119201206
B1935344746173N11956328WA0119101207
B1935354746169N11956317WA0119001206
B1935364746166N11956305WA0118901205
B1935374746163N11956294WA0118901205
B1935384746160N11956283WA0118801204
B1935394746156N11956272WA0118701202
B1935404746152N11956260WA0118601202
B1935414746149N11956248WA0118501201
B1935424746146N11956236WA0118501201
B1935434746144N11956224WA0118401200
B1935444746142N11956212WA0118301198
B1935454746139N11956198WA0118201195
B1935464746136N11956184WA0118001192
B1935474746132N11956171WA0117901191
B1935484746128N11956158WA0117801191
B1935494746125N11956146WA0117701192
B1935504746122N11956134WA0117701193
B1935514746119N11956123WA0117601192
B1935524746117N11956111WA0117501191
B1935534746113N11956099WA0117501190
B1935544746110N11956086WA0117301188
B1935554746106N11956072WA0117301187
B1935564746103N11956059WA0117201187
B1935574746099N11956047WA0117101188
B1935584746095N11956036WA0117001189
B1935594746091N11956027WA0117001190
B1936004746087N11956018WA0117001191
B1936014746082N11956010WA0117001190
B1936024746078N11956001WA0117001190
B1936034746073N11955990WA0116901188
B1936044746069N11955979WA0116901188
B1936054746064N11955967WA0116801187
B1936064746059N11955956WA0116801187
B1936074746055N11955945WA0116801189
B1936084746050N11955936WA0116801191
B1936094746047N11955928WA0116801192
B1936104746043N11955920WA0116901192
B1936114746038N11955911WA0116801190
B1936124746034N11955901WA0116801188
B1936134746029N11955890WA0116801187
B1936144746026N11955880WA0116701186
B1936154746023N11955871WA0116701187
B1936164746021N11955862WA0116701186
B1936174746018N11955853WA0116601184
B1936184746016N11955842WA0116501180
B1936194746013N11955829WA0116401176
B1936204746010N11955815WA0116201172
B1936214746008N11955801WA0116001169
B1936224746006N11955788WA0115801167
B1936234746004N11955776WA0115701165
B1936244746002N11955764WA0115501163
B1936254746000N11955752WA0115301161
B1936264745998N11955740WA0115101158
B1936274745995N11955727WA0114901155
B1936284745993N11955714WA0114701152
B1936294745992N11955701WA0114501151
B1936304745991N11955689WA0114301150
B1936314745989N11955678WA0114201150
B1936324745987N11955667WA0114001148
B1936334745986N11955656WA0113801146
B1936344745984N11955644WA0113601143
B1936354745982N11955630WA0113401139
B1936364745980N11955615WA0113201136
B1936374745978N11955601WA0113001135
B1936384745975N11955589WA0112801135
B1936394745974N11955577WA0112701135
B1936404745972N11955565WA0112501134
B1936414745971N11955552WA0112401132
B1936424745970N11955538WA0112201129
B1936434745968N11955523WA0112001126
B1936444745966N11955510WA0111801124
B1936454745965N11955496WA0111601123
B1936464745963N11955484WA0111501123
B1936474745962N11955471WA0111401122
B1936484745960N11955459WA0111201120
B1936494745958N11955446WA0111001118
B1936504745956N11955432WA0110801115
B1936514745954N11955419WA0110701113
B1936524745952N11955406WA0110501112
B1936534745950N11955393WA0110401110
B1936544745948N11955380WA0110201108
B1936554745946N11955367WA0110001107
B1936564745944N11955354WA0109901105
B1936574745942N11955341WA0109701104
B1936584745939N11955328WA0109501102
B1936594745937N11955316WA0109401101
B1937004745934N11955303WA0109201099
B1937014745932N11955290WA0109101098
B1937024745930N11955278WA0108901096
B1937034745927N11955267WA0108801094
B1937044745925N11955254WA0108601092
B1937054745922N11955241WA0108401089
B1937064745920N11955228WA0108201086
B1937074745917N11955216WA0108001084
B1937084745915N11955204WA0107801082
B1937094745913N11955192WA0107701080
B1937104745912N11955181WA0107401077
B1937114745910N11955169WA0107301074
B1937124745909N11955155WA0107001070
B1937134745908N11955142WA0106801066
B1937144745907N11955128WA0106501063
B1937154745907N11955115WA0106301060
B1937164745907N11955103WA0106001057
B1937174745906N11955090WA0105801054
B1937184745906N11955078WA0105401051
B1937194745906N11955067WA0105201049
B1937204745906N11955055WA0104901046
B1937214745905N11955042WA0104701042
B1937224745904N11955029WA0104301037
B1937234745903N11955015WA0104101033
B1937244745900N11955002WA0103701032
B1937254745898N11954992WA0103501033
B1937264745895N11954984WA0103301034
B1937274745893N11954979WA0103201034
B1937284745891N11954973WA0103001032
B1937294745889N11954964WA0102801028
B1937304745887N11954952WA0102501022
B1937314745884N11954938WA0102301018
B1937324745880N11954926WA0102001017
B1937334745877N11954915WA0101901019
B1937344745875N11954905WA0101701021
B1937354745874N11954895WA0101601022
B1937364745872N11954885WA0101501021
B1937374745870N11954873WA0101401019
B1937384745867N11954861WA0101201017
B1937394745864N11954850WA0101101016
B1937404745859N11954839WA0101001016
B1937414745855N11954829WA0100901015
B1937424745849N11954819WA0100801013
B1937434745844N11954810WA0100701011
B1937444745839N11954799WA0100401007
B1937454745835N11954788WA0100301002
B1937464745831N11954777WA0100000998
B1937474745827N11954765WA0099800993
B1937484745824N11954755WA0099500990
B1937494745821N11954744WA0099200986
B1937504745817N11954734WA0098900983
B1937514745812N11954725WA0098700980
B1937524745807N11954714WA0098400977
B1937534745802N11954701WA0098200974
B1937544745798N11954688WA0097900972
B1937554745794N11954674WA0097600970
B1937564745790N11954660WA0097400969
B1937574745787N11954646WA0097200969
B1937584745785N11954633WA0097000969
B1937594745783N11954619WA0096800969
B1938004745782N11954606WA0096700970
B1938014745781N11954594WA0096600970
B1938024745780N11954583WA0096500971
B1938034745780N11954572WA0096500973
B1938044745781N11954563WA0096400972
B1938054745785N11954554WA0096300970
B1938064745789N11954545WA0096200964
B1938074745793N11954534WA0096000960
B1938084745796N11954521WA0095800956
B1938094745798N11954508WA0095700954
B1938104745799N11954495WA0095500952
B1938114745798N11954483WA0095300950
B1938124745798N11954471WA0095000946
B1938134745797N11954458WA0094900942
B1938144745796N11954444WA0094600938
B1938154745796N11954431WA0094300933
B1938164745796N11954417WA0094000930
B1938174745796N11954403WA0093800926
B1938184745797N11954389WA0093500924
B1938194745797N11954376WA0093200922
B1938204745797N11954363WA0092900920
B1938214745797N11954350WA0092800919
B1938224745797N11954336WA0092500916
B1938234745797N11954322WA0092300913
B1938244745797N11954306WA0092000909
B1938254745797N11954290WA0091700906
B1938264745797N11954275WA0091400904
B1938274745798N11954260WA0091300904
B1938284745798N11954246WA0091000904
B1938294745798N11954233WA0090900904
B1938304745799N11954219WA0090700904
B1938314745799N11954205WA0090600903
B1938324745798N11954190WA0090400902
B1938334745798N11954177WA0090300901
B1938344745797N11954164WA0090200901
B1938354745797N11954153WA0090100901
B1938364745797N11954141WA0090000899
B1938374745798N11954129WA0089900897
B1938384745800N11954116WA0089700893
B1938394745802N11954102WA0089500891
B1938404745804N11954089WA0089300890
B1938414745807N11954078WA0089200889
B1938424745809N11954067WA0089100890
B1938434745812N11954057WA0089000890
B1938444745815N11954047WA0088900890
B1938454745818N11954037WA0088900890
B1938464745822N11954026WA0088800888
B1938474745825N11954016WA0088700887
B1938484745829N11954007WA0088600886
B1938494745833N11954000WA0088500884
B1938504745838N11953994WA0088300881
B1938514745843N11953990WA0088200878
B1938524745847N11953985WA0088000876
B1938534745852N11953982WA0087900874
B1938544745856N11953980WA0087700873
B1938554745860N11953980WA0087600871
B1938564745863N11953980WA0087400869
B1938574745866N11953981WA0087300869
B1938584745869N11953980WA0087200868
B1938594745873N11953979WA0087000867
B1939004745874N11953977WA0086900866
B1939014745875N11953976WA0086800866
B1939024745875N11953976WA0086700866
B1939034745875N11953975WA0086700867
B1939044745875N11953974WA0086600866
B1939054745875N11953974WA0086500867
B1939064745875N11953974WA0086500867
B1939074745875N11953974WA0086400867
B1939084745875N11953973WA0086400867
B1939094745875N11953973WA0086400867
B1939104745875N11953973WA0086300867
B1939114745875N11953973WA0086300867
B1939124745875N11953973WA0086300867
B1939134745875N11953973WA0086300866
B1939144745875N11953973WA0086300866
B1939154745875N11953973WA0086300866
B1939164745875N11953973WA0086300866
B1939174745875N11953973WA0086300866
B1939184745875N11953973WA0086200866
B1939194745875N11953973WA0086200866
B1939204745875N11953973WA0086200866
B1939214745875N11953973WA0086200866
B1939224745875N11953973WA0086200866
B1939234745875N11953973WA0086200866
B1939244745875N11953973WA0086200866
B1939254745875N11953973WA0086200866
B1939264745875N11953973WA0086200866
B1939274745875N11953973WA0086200866
B1939284745875N11953973WA0086200866
B1939294745875N11953973WA0086200866
B1939304745875N11953973WA0086200866
B1939314745875N11953973WA0086200866
B1939324745875N11953973WA0086200866
B1939334745875N11953973WA0086200866
B1939344745875N11953973WA0086200866
B1939354745875N11953973WA0086200866
B1939364745875N11953973WA0086200866
B1939374745875N11953973WA0086200866
B1939384745875N11953973WA0086200866
B1939394745875N11953973WA0086200866
B1939404745875N11953973WA0086200866
B1939414745875N11953973WA0086200866
B1939424745875N11953973WA0086200866
B1939434745875N11953973WA0086200866
B1939444745875N11953973WA0086200865
B1939454745875N11953973WA0086200865
B1939464745875N11953973WA0086200865
B1939474745875N11953973WA0086200865
B1939484745876N11953973WA0086200865
B1939494745876N11953973WA0086200865
B1939504745876N11953973WA0086200865
B1939514745876N11953973WA0086200865
B1939524745876N11953973WA0086200865
B1939534745876N11953973WA0086200865
B1939544745876N11953973WA0086200865
B1939554745876N11953973WA0086200865
B1939564745876N11953973WA0086200865
B1939574745876N11953973WA0086200865
B1939584745876N11953973WA0086200865
B1939594745876N11953973WA0086200865
B1940004745876N11953973WA0086200865
B1940014745876N11953973WA0086200865
B1940024745876N11953973WA0086200865
B1940034745876N11953973WA0086200865
B1940044745876N11953973WA0086200865
B1940054745876N11953974WA0086200866
B1940064745876N11953973WA0086200866
B1940074745876N11953974WA0086200866
B1940084745876N11953974WA0086200866
B1940094745876N11953974WA0086200866
B1940104745876N11953974WA0086200866
B1940114745876N11953973WA0086200866
B1940124745876N11953973WA0086200866
B1940134745876N11953973WA0086200866
B1940144745876N11953973WA0086200866
B1940154745876N11953973WA0086200866
B1940164745876N11953972WA0086200865
B1940174745877N11953972WA0086200865
B1940184745877N11953971WA0086200865
B1940194745877N11953971WA0086200865
B1940204745878N11953971WA0086200865
B1940214745878N11953970WA0086200866
B1940224745878N11953970WA0086200866
B1940234745878N11953970WA0086200865
B1940244745878N11953970WA0086200865
B1940254745878N11953970WA0086200865
B1940264745878N11953970WA0086200866
B1940274745878N11953970WA0086200865
B1940284745878N11953970WA0086200866
B1940294745878N11953970WA0086200865
B1940304745878N11953970WA0086200866
B1940314745878N11953970WA0086200866
B1940324745878N11953970WA0086200865
B1940334745878N11953970WA0086200865
B1940344745878N11953970WA0086200866
B1940354745878N11953970WA0086200866
B1940364745878N11953970WA0086200866
B1940374745878N11953970WA0086200866
B1940384745879N11953970WA0086200866
B1940394745879N11953970WA0086200866
B1940404745879N11953971WA0086200866
B1940414745879N11953971WA0086200866
B1940424745878N11953972WA0086200866
B1940434745878N11953973WA0086200866
B1940444745878N11953973WA0086200866
B1940454745878N11953973WA0086200866
B1940464745878N11953973WA0086200866
B1940474745878N11953973WA0086200866
B1940484745878N11953974WA0086200866
B1940494745878N11953974WA0086200866
B1940504745878N11953974WA0086200867
B1940514745878N11953975WA0086200867
B1940524745878N11953975WA0086300867
B1940534745878N11953975WA0086300867
B1940544745878N11953975WA0086300867
B1940554745878N11953975WA0086300867
B1940564745878N11953975WA0086300867
B1940574745878N11953976WA0086300867
B1940584745878N11953976WA0086300867
B1940594745878N11953976WA0086300867
B1941004745878N11953976WA0086300867
B1941014745878N11953976WA0086300867
B1941024745878N11953976WA0086300867
B1941034745878N11953976WA0086300867
B1941044745878N11953976WA0086300867
B1941054745878N11953975WA0086300867
B1941064745878N11953975WA0086300867
B1941074745878N11953975WA0086300867
B1941084745878N11953975WA0086300867
B1941094745878N11953975WA0086200866
B1941104745878N11953975WA0086200866
B1941114745878N11953975WA0086200866
B1941124745877N11953975WA0086300866
B1941134745877N11953975WA0086300866
B1941144745877N11953975WA0086300866
B1941154745877N11953975WA0086200866
B1941164745877N11953975WA0086200866
B1941174745877N11953975WA0086200866
B1941184745877N11953975WA0086200866
B1941194745877N11953975WA0086200866
B1941204745877N11953975WA0086200866
B1941214745877N11953975WA0086200866
B1941224745877N11953976WA0086200866
B1941234745877N11953975WA0086200866
B1941244745877N11953976WA0086200866
B1941254745878N11953976WA0086200866
B1941264745878N11953976WA0086200866
B1941274745877N11953975WA0086200866
B1941284745878N11953976WA0086200866
B1941294745878N11953976WA0086200866
B1941304745878N11953976WA0086200866
B1941314745878N11953976WA0086200865
B1941324745878N11953976WA0086200865
B1941334745878N11953976WA0086200865
B1941344745878N11953976WA0086200865
B1941354745878N11953976WA0086200865
B1941364745878N11953976WA0086200865
B1941374745878N11953976WA0086200865
B1941384745878N11953976WA0086200865
B1941394745878N11953976WA0086200865
B1941404745878N11953976WA0086200865
B1941414745878N11953976WA0086200865
B1941424745878N11953976WA0086200865
B1941434745878N11953976WA0086200865
B1941444745878N11953976WA0086200865
B1941454745878N11953976WA0086200865
B1941464745878N11953976WA0086200865
B1941474745878N11953976WA0086200865
B1941484745878N11953976WA0086200865
B1941494745878N11953976WA0086200865
B1941504745878N11953976WA0086200865
B1941514745878N11953976WA0086200865
B1941524745878N11953976WA0086200865
B1941534745878N11953976WA0086200865
B1941544745878N11953976WA0086200865
B1941554745878N11953976WA0086200865
B1941564745878N11953976WA0086200865
B1941574745878N11953976WA0086200865
B1941584745879N11953976WA0086200865
B1941594745879N11953976WA0086200865
B1942004745879N11953976WA0086200865
B1942014745879N11953976WA0086200865
B1942024745879N11953976WA0086200865
B1942034745879N11953976WA0086200865
B1942044745879N11953976WA0086200865
B1942054745879N11953976WA0086200865
B1942064745879N11953976WA0086200865
B1942074745879N11953976WA0086200865
B1942084745879N11953976WA0086200865
B1942094745879N11953976WA0086200865
B1942104745879N11953976WA0086200865
B1942114745879N11953976WA0086200864
B1942124745879N11953976WA0086200864
B1942134745879N11953976WA0086200864
B1942144745879N11953976WA0086200864
B1942154745879N11953976WA0086200864
B1942164745879N11953976WA0086200864
B1942174745879N11953976WA0086200864
B1942184745879N11953976WA0086200864
B1942194745879N11953976WA0086200864
B1942204745879N11953976WA0086200864
B1942214745879N11953976WA0086200864
B1942224745879N11953976WA0086200864
B1942234745879N11953976WA0086200864
B1942244745879N11953976WA0086200864
B1942254745879N11953976WA0086200864
B1942264745879N11953976WA0086200864
B1942274745879N11953976WA0086200864
B1942284745879N11953976WA0086200864
B1942294745879N11953976WA0086200864
B1942304745879N11953976WA0086200864
B1942314745879N11953976WA0086200864
B1942324745879N11953976WA0086200864
B1942334745879N11953976WA0086200864
B1942344745879N11953976WA0086200864
B1942354745879N11953976WA0086200864
B1942364745879N11953976WA0086200864
B1942374745879N11953976WA0086200864
B1942384745879N11953976WA0086200864
B1942394745878N11953976WA0086200864
B1942404745878N11953976WA0086200864
B1942414745878N11953976WA0086200864
B1942424745878N11953976WA0086200864
B1942434745878N11953976WA0086200864
B1942444745878N11953976WA0086200864
B1942454745878N11953976WA0086200864
B1942464745878N11953976WA0086200864
B1942474745878N11953976WA0086300864
B1942484745878N11953976WA0086300864
B1942494745878N11953976WA0086200864
B1942504745878N11953976WA0086200864
B1942514745878N11953976WA0086200864
B1942524745878N11953976WA0086200864
B1942534745879N11953976WA0086200864
B1942544745878N11953976WA0086200864
B1942554745878N11953976WA0086200864
B1942564745878N11953976WA0086200864
B1942574745878N11953976WA0086200864
B1942584745878N11953976WA0086200864
B1942594745878N11953976WA0086200864
B1943004745878N11953976WA0086200864
B1943014745878N11953976WA0086200864
B1943024745878N11953976WA0086200864
B1943034745878N11953976WA0086200864
B1943044745878N11953976WA0086200864
B1943054745878N11953976WA0086200864
B1943064745878N11953976WA0086200864
B1943074745878N11953976WA0086200864
B1943084745878N11953976WA0086200864
B1943094745878N11953976WA0086200864
B1943104745878N11953976WA0086200864
B1943114745878N11953976WA0086200864
B1943124745878N11953976WA0086200864
B1943134745878N11953976WA0086200864
B1943144745878N11953976WA0086200864
B1943154745878N11953976WA0086200864
B1943164745878N11953976WA0086200863
B1943174745878N11953976WA0086200864
B1943184745878N11953976WA0086200864
B1943194745878N11953976WA0086200864
B1943204745878N11953976WA0086200865
B1943214745878N11953976WA0086200865
B1943224745878N11953976WA0086200865
B1943234745878N11953976WA0086200865
B1943244745878N11953976WA0086200865
B1943254745878N11953976WA0086200865
B1943264745878N11953976WA0086200865
B1943274745878N11953976WA0086200865
B1943284745878N11953976WA0086200865
B1943294745878N11953976WA0086200866
B1943304745878N11953976WA0086200866
B1943314745878N11953976WA0086200866
B1943324745878N11953976WA0086200866
B1943334745878N11953976WA0086200866
B1943344745878N11953976WA0086200866
B1943354745878N11953976WA0086200866
B1943364745878N11953976WA0086200866
B1943374745878N11953976WA0086200866
B1943384745878N11953976WA0086200866
B1943394745878N11953976WA0086200866
B1943404745878N11953976WA0086200866
B1943414745878N11953976WA0086200866
B1943424745878N11953976WA0086200865
B1943434745878N11953976WA0086200865
B1943444745878N11953976WA0086200865
B1943454745878N11953976WA0086200865
B1943464745878N11953976WA0086200865
B1943474745878N11953976WA0086200865
B1943484745878N11953976WA0086200865
B1943494745878N11953976WA0086200865
B1943504745878N11953976WA0086200865
B1943514745878N11953976WA0086200865
B1943524745878N11953976WA0086200865
B1943534745878N11953976WA0086200865
B1943544745878N11953976WA0086200865
B1943554745878N11953976WA0086200865
B1943564745878N11953976WA0086200865
B1943574745878N11953976WA0086200865
B1943584745878N11953976WA0086200865
B1943594745878N11953976WA0086200865
B1944004745878N11953976WA0086200865
B1944014745878N11953976WA0086200866
B1944024745878N11953976WA0086200866
B1944034745878N11953976WA0086200866
B1944044745878N11953976WA0086200866
B1944054745878N11953976WA0086200866
B1944064745878N11953976WA0086200866
B1944074745878N11953976WA0086200866
B1944084745878N11953976WA0086200866
B1944094745877N11953976WA0086200866
B1944104745877N11953976WA0086200866
B1944114745877N11953976WA0086200866
B1944124745877N11953976WA0086200865
B1944134745877N11953976WA0086200865
B1944144745877N11953976WA0086200865
B1944154745877N11953976WA0086200865
B1944164745877N11953976WA0086200865
B1944174745877N11953976WA0086200865
B1944184745877N11953976WA0086200865
B1944194745877N11953976WA0086200865
B1944204745877N11953976WA0086200865
B1944214745877N11953976WA0086200865
B1944224745877N11953976WA0086200865
B1944234745877N11953976WA0086200865
B1944244745877N11953976WA0086200865
B1944254745877N11953976WA0086200865
B1944264745877N11953976WA0086200865
B1944274745877N11953976WA0086200865
B1944284745877N11953976WA0086200865
B1944294745877N11953976WA0086200865
B1944304745877N11953976WA0086200865
B1944314745877N11953976WA0086200865
B1944324745877N11953975WA0086200865
B1944334745877N11953975WA0086200865
B1944344745877N11953975WA0086200865
B1944354745877N11953975WA0086200865
B1944364745877N11953975WA0086200865
B1944374745877N11953975WA0086200865
B1944384745877N11953975WA0086200865
B1944394745877N11953975WA0086200865
B1944404745877N11953975WA0086200865
B1944414745877N11953975WA0086200865
B1944424745877N11953975WA0086200865
B1944434745877N11953975WA0086200865
B1944444745877N11953975WA0086200865
B1944454745877N11953975WA0086200865
B1944464745877N11953975WA0086200865
B1944474745877N11953975WA0086200865
B1944484745877N11953975WA0086200865
B1944494745877N11953975WA0086200865
B1944504745877N11953975WA0086200865
B1944514745877N11953975WA0086200865
B1944524745877N11953975WA0086200865
B1944534745877N11953975WA0086200865
B1944544745877N11953975WA0086200865
B1944554745877N11953975WA0086200865
B1944564745877N11953975WA0086200865
B1944574745877N11953975WA0086200865
B1944584745877N11953975WA0086200865
B1944594745877N11953975WA0086200865
B1945004745877N11953975WA0086200865
B1945014745877N11953975WA0086200865
B1945024745877N11953975WA0086200865
B1945034745877N11953975WA0086200865
B1945044745877N11953975WA0086200865
B1945054745877N11953975WA0086200865
B1945064745877N11953975WA0086200865
B1945074745877N11953975WA0086200865
B1945084745877N11953975WA0086200865
B1945094745877N11953975WA0086200865
B1945104745877N11953975WA0086200865
B1945114745877N11953975WA0086200865
B1945124745877N11953975WA0086200865
B1945134745877N11953975WA0086200865
B1945144745877N11953975WA0086200865
B1945154745877N11953975WA0086200865
B1945164745877N11953975WA0086200865
B1945174745877N11953975WA0086200865
B1945184745877N11953975WA0086200865
B1945194745877N11953975WA0086200865
B1945204745877N11953975WA0086200865
B1945214745877N11953975WA0086200865
B1945224745877N11953975WA0086200865
B1945234745877N11953975WA0086200865
B1945244745877N11953975WA0086200865
B1945254745877N11953975WA0086200865
B1945264745877N11953975WA0086200865
B1945274745877N11953975WA0086200865
B1945284745877N11953975WA0086200864
B1945294745877N11953975WA0086200864
B1945304745877N11953975WA0086200864
B1945314745877N11953975WA0086200864
B1945324745877N11953975WA0086200864
B1945334745877N11953975WA0086200864
B1945344745877N11953975WA0086200864
B1945354745877N11953975WA0086200865
B1945364745877N11953975WA0086200865
B1945374745877N11953975WA0086200865
B1945384745877N11953975WA0086200865
B1945394745877N11953975WA0086200865
B1945404745877N11953975WA0086200865
B1945414745877N11953975WA0086200865
B1945424745877N11953975WA0086200865
B1945434745877N11953975WA0086200865
B1945444745877N11953975WA0086200865
B1945454745877N11953975WA0086200865
B1945464745877N11953975WA0086200865
B1945474745877N11953975WA0086200865
B1945484745877N11953975WA0086200865
B1945494745877N11953975WA0086200865
B1945504745877N11953975WA0086200865
B1945514745877N11953975WA0086200865
B1945524745877N11953975WA0086200865
B1945534745877N11953975WA0086200865
B1945544745877N11953975WA0086200865
B1945554745877N11953975WA0086200865
B1945564745877N11953975WA0086200865
B1945574745877N11953975WA0086200865
B1945584745877N11953975WA0086200865
B1945594745877N11953975WA0086200865
B1946004745877N11953975WA0086200865
B1946014745877N11953975WA0086200865
B1946024745877N11953975WA0086200865
B1946034745877N11953975WA0086200865
B1946044745877N11953975WA0086200865
B1946054745877N11953975WA0086200865
B1946064745877N11953975WA0086200865
B1946074745877N11953975WA0086200865
B1946084745877N11953975WA0086200865
B1946094745877N11953975WA0086200865
B1946104745877N11953975WA0086200865
B1946114745877N11953975WA0086200865
B1946124745877N11953975WA0086200865
B1946134745877N11953975WA0086200865
B1946144745877N11953975WA0086200865
B1946154745877N11953975WA0086200865
B1946164745877N11953975WA0086200865
B1946174745877N11953975WA0086200865
B1946184745877N11953975WA0086200865
B1946194745877N11953975WA0086200865
B1946204745877N11953975WA0086200865
B1946214745877N11953975WA0086200865
B1946224745877N11953975WA0086200865
B1946234745877N11953975WA0086200865
B1946244745877N11953975WA0086200865
B1946254745877N11953975WA0086200865
B1946264745877N11953975WA0086200865
B1946274745877N11953975WA0086200865
B1946284745877N11953975WA0086200865
B1946294745877N11953975WA0086200865
B1946304745877N11953975WA0086200865
B1946314745877N11953975WA0086200865
B1946324745877N11953975WA0086200865
B1946334745877N11953975WA0086200865
B1946344745877N11953975WA0086200865
B1946354745877N11953975WA0086200865
B1946364745877N11953975WA0086200865
B1946374745877N11953975WA0086200865
B1946384745877N11953975WA0086200865
B1946394745877N11953975WA0086200865
B1946404745877N11953975WA0086200865
B1946414745877N11953975WA0086200865
B1946424745877N11953975WA0086200865
B1946434745877N11953975WA0086200865
B1946444745877N11953975WA0086200865
B1946454745877N11953975WA0086200865
B1946464745877N11953975WA0086200865
B1946474745877N11953975WA0086200865
B1946484745877N11953975WA0086200865
B1946494745877N11953975WA0086200865
B1946504745877N11953975WA0086200865
B1946514745877N11953975WA0086200865
B1946524745877N11953975WA0086200866
B1946534745877N11953975WA0086200866
B1946544745877N11953975WA0086200866
B1946554745877N11953975WA0086200866
B1946564745877N11953975WA0086200865
B1946574745877N11953975WA0086200865
B1946584745877N11953975WA0086200865
B1946594745877N11953975WA0086200866
B1947004745877N11953975WA0086200866
B1947014745877N11953975WA0086200866
B1947024745877N11953975WA0086200866
B1947034745877N11953975WA0086200866
B1947044745877N11953975WA0086200866
B1947054745877N11953975WA0086200866
B1947064745877N11953975WA0086200866
B1947074745877N11953975WA0086200866
B1947084745877N11953975WA0086200866
B1947094745877N11953975WA0086200866
B1947104745877N11953975WA0086200866
B1947114745877N11953975WA0086200866
B1947124745877N11953975WA0086200866
B1947134745877N11953975WA0086200866
B1947144745877N11953975WA0086200866
B1947154745877N11953975WA0086200866
B1947164745877N11953975WA0086200866
B1947174745877N11953975WA0086200866
B1947184745877N11953975WA0086200866
B1947194745877N11953975WA0086200866
B1947204745877N11953975WA0086200866
B1947214745877N11953975WA0086200866
B1947224745877N11953975WA0086200866
B1947234745877N11953975WA0086200866
B1947244745877N11953975WA0086200866
B1947254745877N11953975WA0086200866
B1947264745877N11953975WA0086200866
B1947274745877N11953975WA0086200866
B1947284745877N11953975WA0086200866
B1947294745877N11953975WA0086200866
B1947304745877N11953975WA0086200866
B1947314745877N11953975WA0086200866
B1947324745877N11953975WA0086200866
B1947334745877N11953975WA0086200866
B1947344745877N11953975WA0086200866
B1947354745877N11953975WA0086200866
B1947364745877N11953975WA0086200866
B1947374745877N11953975WA0086200866
B1947384745877N11953975WA0086200866
B1947394745877N11953975WA0086200866
B1947404745877N11953975WA0086200866
B1947414745877N11953975WA0086200866
B1947424745877N11953975WA0086200866
B1947434745877N11953975WA0086200866
B1947444745877N11953975WA0086200866
B1947454745877N11953975WA0086200866
B1947464745877N11953975WA0086200866
B1947474745877N11953975WA0086200866
B1947484745877N11953975WA0086200866
B1947494745877N11953975WA0086200866
B1947504745877N11953975WA0086200866
B1947514745877N11953975WA0086200866
B1947524745877N11953975WA0086200866
B1947534745877N11953975WA0086200866
B1947544745877N11953975WA0086200866
B1947554745877N11953975WA0086200866
B1947564745877N11953975WA0086200866
B1947574745877N11953975WA0086200866
B1947584745877N11953975WA0086200866
B1947594745877N11953975WA0086200866
B1948004745877N11953975WA0086200866
B1948014745877N11953975WA0086200866
B1948024745877N11953975WA0086200866
B1948034745877N11953975WA0086200866
B1948044745877N11953975WA0086200866
B1948054745877N11953975WA0086200866
B1948064745877N11953975WA0086200866
B1948074745877N11953975WA0086200866
B1948084745877N11953975WA0086200866
B1948094745877N11953975WA0086200866
B1948104745877N11953975WA0086200866
B1948114745877N11953975WA0086200866
B1948124745877N11953975WA0086200866
B1948134745877N11953975WA0086200866
B1948144745877N11953975WA0086200866
B1948154745877N11953975WA0086200866
B1948164745877N11953975WA0086200866
B1948174745877N11953975WA0086200866
B1948184745877N11953975WA0086200866
B1948194745877N11953975WA0086200866
B1948204745877N11953975WA0086200866
B1948214745877N11953975WA0086200866
B1948224745877N11953975WA0086200866
B1948234745877N11953975WA0086200866
B1948244745877N11953975WA0086200866
B1948254745877N11953975WA0086200866
B1948264745877N11953975WA0086200866
B1948274745877N11953975WA0086200866
B1948284745877N11953975WA0086200866
B1948294745877N11953975WA0086200866
B1948304745877N11953975WA0086200866
B1948314745877N11953975WA0086200866
B1948324745877N11953975WA0086200866
B1948334745877N11953975WA0086200866
B1948344745877N11953975WA0086200866
B1948354745877N11953975WA0086200866
B1948364745877N11953975WA0086200866
B1948374745877N11953975WA0086200866
B1948384745877N11953975WA0086200866
B1948394745877N11953975WA0086200866
B1948404745877N11953975WA0086200866
B1948414745877N11953975WA0086200866
B1948424745877N11953975WA0086200866
B1948434745877N11953975WA0086200866
B1948444745877N11953975WA0086200866
B1948454745877N11953975WA0086200866
B1948464745877N11953975WA0086200866
B1948474745877N11953976WA0086200866
B1948484745877N11953976WA0086200866
B1948494745877N11953976WA0086200866
B1948504745877N11953976WA0086200866
B1948514745877N11953976WA0086200866
B1948524745877N11953976WA0086200866
B1948534745877N11953976WA0086200867
B1948544745877N11953976WA0086200866
B1948554745877N11953976WA0086200866
B1948564745877N11953976WA0086200866
B1948574745877N11953976WA0086200866
B1948584745877N11953976WA0086200866
B1948594745877N11953976WA0086200866
B1949004745877N11953976WA0086200866
B1949014745877N11953976WA0086200867
B1949024745877N11953976WA0086200867
B1949034745877N11953976WA0086200867
B1949044745877N11953976WA0086200867
B1949054745877N11953976WA0086200867
B1949064745877N11953976WA0086200867
B1949074745877N11953976WA0086200867
B1949084745877N11953976WA0086200867
B1949094745877N11953976WA0086200867
B1949104745877N11953976WA0086200867
B1949114745877N11953976WA0086200867
B1949124745877N11953976WA0086200867
B1949134745877N11953976WA0086200867
B1949144745877N11953976WA0086200867
B1949154745877N11953976WA0086200867
B1949164745877N11953976WA0086200867
B1949174745877N11953976WA0086200867
B1949184745877N11953976WA0086200867
B1949194745877N11953976WA0086200867
B1949204745877N11953976WA0086200867
B1949214745877N11953976WA0086200867
B1949224745877N11953976WA0086200867
B1949234745877N11953976WA0086200867
B1949244745877N11953976WA0086200867
B1949254745877N11953976WA0086200867
B1949264745877N11953976WA0086200867
B1949274745877N11953976WA0086200867
B1949284745877N11953976WA0086200867
B1949294745877N11953976WA0086200867
B1949304745877N11953976WA0086200867
B1949314745877N11953976WA0086200867
B1949324745877N11953976WA0086200867
B1949334745877N11953976WA0086200867
B1949344745877N11953976WA0086200867
B1949354745877N11953976WA0086200867
B1949364745877N11953976WA0086200867
B1949374745877N11953976WA0086200867
B1949384745877N11953976WA0086200867
B1949394745877N11953976WA0086200867
B1949404745877N11953976WA0086200867
B1949414745877N11953976WA0086200867
B1949424745878N11953976WA0086200867
B1949434745878N11953976WA0086200866
B1949444745878N11953976WA0086200866
B1949454745878N11953976WA0086200866
B1949464745878N11953976WA0086200866
B1949474745878N11953976WA0086200866
B1949484745878N11953976WA0086200866
B1949494745878N11953976WA0086200866
B1949504745878N11953976WA0086200866
B1949514745878N11953976WA0086200866
B1949524745878N11953976WA0086200866
B1949534745878N11953976WA0086200866
B1949544745878N11953976WA0086200866
B1949554745878N11953976WA0086200866
B1949564745878N11953976WA0086200866
B1949574745878N11953976WA0086200866
B1949584745878N11953976WA0086200866
B1949594745878N11953976WA0086200866
B1950004745878N11953976WA0086200866
B1950014745878N11953976WA0086200866
B1950024745878N11953976WA0086200866
B1950034745878N11953976WA0086200866
B1950044745878N11953976WA0086200866
B1950054745878N11953976WA0086200866
B1950064745878N11953976WA0086200866
B1950074745878N11953976WA0086200866
B1950084745878N11953976WA0086200866
B1950094745878N11953976WA0086200866
B1950104745878N11953976WA0086200866
B1950114745878N11953976WA0086200866
B1950124745878N11953976WA0086200866
B1950134745878N11953976WA0086200866
B1950144745878N11953976WA0086200866
B1950154745878N11953976WA0086200866
B1950164745878N11953976WA0086200866
B1950174745878N11953976WA0086200866
B1950184745878N11953976WA0086200866
B1950194745878N11953976WA0086200866
B1950204745878N11953976WA0086200866
B1950214745878N11953976WA0086200866
B1950224745878N11953976WA0086200866
B1950234745878N11953976WA0086200866
B1950244745878N11953976WA0086200866
B1950254745878N11953976WA0086200866
B1950264745878N11953976WA0086200866
B1950274745878N11953976WA0086200866
B1950284745878N11953976WA0086200866
B1950294745878N11953976WA0086200866
B1950304745878N11953976WA0086200866
B1950314745878N11953976WA0086200866
B1950324745878N11953976WA0086200866
B1950334745878N11953976WA0086200866
B1950344745878N11953976WA0086200866
B1950354745878N11953976WA0086200866
B1950364745878N11953976WA0086200866
B1950374745878N11953976WA0086200866
B1950384745878N11953976WA0086200866
B1950394745878N11953976WA0086200866
B1950404745878N11953976WA0086200866
B1950414745878N11953976WA0086200866
B1950424745878N11953976WA0086200866
B1950434745878N11953975WA0086200866
B1950444745878N11953975WA0086200866
B1950454745878N11953975WA0086200865
B1950464745878N11953975WA0086200865
B1950474745878N11953975WA0086200865
B1950484745878N11953975WA0086200865
B1950494745878N11953975WA0086200865
B1950504745878N11953975WA0086200865
B1950514745878N11953975WA0086200865
B1950524745878N11953975WA0086200865
B1950534745878N11953975WA0086200865
B1950544745878N11953975WA0086200865
B1950554745878N11953975WA0086200865
B1950564745878N11953975WA0086200865
B1950574745878N11953975WA0086200865
B1950584745878N11953975WA0086200865
B1950594745878N11953975WA0086200865
B1951004745878N11953975WA0086200865
B1951014745878N11953975WA0086200865
B1951024745878N11953975WA0086200865
B1951034745878N11953975WA0086200865
B1951044745878N11953975WA0086200865
B1951054745878N11953975WA0086200865
B1951064745878N11953975WA0086200865
B1951074745878N11953975WA0086200866
B1951084745878N11953975WA0086200866
B1951094745878N11953975WA0086200866
B1951104745878N11953975WA0086200866
B1951114745878N11953975WA0086200866
B1951124745878N11953975WA0086200866
B1951134745878N11953975WA0086200866
B1951144745878N11953975WA0086200866
B1951154745878N11953975WA0086200866
B1951164745878N11953975WA0086200866
B1951174745878N11953975WA0086200866
B1951184745878N11953975WA0086200866
B1951194745878N11953975WA0086200866
B1951204745878N11953975WA0086200866
B1951214745878N11953975WA0086200866
B1951224745878N11953975WA0086200866
B1951234745878N11953975WA0086200866
B1951244745878N11953975WA0086200866
B1951254745878N11953975WA0086200866
B1951264745878N11953975WA0086200866
B1951274745878N11953975WA0086200866
B1951284745878N11953975WA0086200866
B1951294745878N11953975WA0086200866
B1951304745878N11953975WA0086200866
B1951314745878N11953975WA0086200866
B1951324745878N11953975WA0086200866
B1951334745878N11953975WA0086200866
B1951344745878N11953975WA0086200866
B1951354745878N11953975WA0086200866
B1951364745878N11953975WA0086200866
B1951374745878N11953975WA0086200866
B1951384745878N11953975WA0086200866
B1951394745878N11953975WA0086200866
B1951404745878N11953975WA0086200866
B1951414745878N11953975WA0086200866
B1951424745878N11953975WA0086200866
B1951434745878N11953975WA0086200866
B1951444745878N11953975WA0086200866
B1951454745878N11953975WA0086200866
B1951464745878N11953975WA0086200866
B1951474745878N11953975WA0086200866
B1951484745878N11953975WA0086200866
B1951494745878N11953975WA0086200866
B1951504745878N11953975WA0086200866
B1951514745878N11953975WA0086200866
B1951524745878N11953975WA0086200866
B1951534745878N11953975WA0086200866
B1951544745878N11953975WA0086200866
B1951554745878N11953975WA0086200866
B1951564745878N11953975WA0086200866
B1951574745878N11953975WA0086200866
B1951584745878N11953975WA0086200866
B1951594745878N11953975WA0086200866
B1952004745878N11953975WA0086200866
B1952014745878N11953975WA0086200866
B1952024745878N11953975WA0086200866
B1952034745878N11953975WA0086200866
B1952044745878N11953975WA0086200866
B1952054745878N11953975WA0086200866
B1952064745878N11953975WA0086200866
B1952074745878N11953975WA0086200866
B1952084745878N11953975WA0086200866
B1952094745878N11953975WA0086200866
B1952104745878N11953975WA0086200866
B1952114745878N11953975WA0086200866
B1952124745878N11953975WA0086200866
B1952134745878N11953975WA0086200866
B1952144745878N11953975WA0086200866
B1952154745878N11953975WA0086200866
B1952164745878N11953975WA0086200866
B1952174745878N11953975WA0086200866
B1952184745878N11953975WA0086200866
B1952194745878N11953975WA0086200866
B1952204745878N11953975WA0086200866
B1952214745878N11953975WA0086200866
B1952224745878N11953975WA0086200866
B1952234745878N11953975WA0086200866
B1952244745878N11953975WA0086200866
B1952254745878N11953975WA0086200866
B1952264745878N11953975WA0086200866
B1952274745878N11953975WA0086200866
B1952284745878N11953975WA0086200866
B1952294745878N11953975WA0086200866
B1952304745878N11953975WA0086200866
B1952314745878N11953975WA0086200866
B1952324745878N11953975WA0086200866
B1952334745878N11953975WA0086200866
B1952344745878N11953975WA0086200866
B1952354745878N11953975WA0086200866
B1952364745878N11953975WA0086200866
B1952374745878N11953975WA0086200866
B1952384745878N11953975WA0086200866
B1952394745878N11953975WA0086200866
B1952404745878N11953975WA0086200866
B1952414745878N11953975WA0086200866
B1952424745878N11953975WA0086200866
B1952434745878N11953975WA0086200866
B1952444745878N11953975WA0086300866
B1952454745878N11953975WA0086300866
B1952464745878N11953975WA0086300866
B1952474745878N11953975WA0086300866
B1952484745878N11953975WA0086300866
B1952494745878N11953975WA0086300866
B1952504745878N11953975WA0086300866
B1952514745878N11953975WA0086300866
B1952524745878N11953975WA0086300866
B1952534745878N11953975WA0086200866
B1952544745878N11953975WA0086200866
B1952554745878N11953975WA0086200866
B1952564745878N11953975WA0086200866
B1952574745878N11953975WA0086200866
B1952584745878N11953975WA0086200866
B1952594745878N11953975WA0086200866
B1953004745878N11953975WA0086200866
B1953014745878N11953975WA0086200866
B1953024745878N11953975WA0086200866
B1953034745878N11953975WA0086200866
B1953044745878N11953975WA0086200866
B1953054745878N11953975WA0086200866
B1953064745878N11953975WA0086200866
B1953074745878N11953975WA0086200866
B1953084745878N11953975WA0086200866
B1953094745878N11953975WA0086200866
B1953104745878N11953975WA0086200866
B1953114745878N11953975WA0086200866
B1953124745878N11953975WA0086200866
B1953134745878N11953975WA0086200866
B1953144745878N11953975WA0086200866
B1953154745878N11953975WA0086200866
B1953164745878N11953975WA0086200866
B1953174745878N11953975WA0086200866
B1953184745878N11953975WA0086200866
B1953194745878N11953975WA0086200866
B1953204745878N11953975WA0086200866
B1953214745878N11953975WA0086200866
B1953224745878N11953975WA0086200866
B1953234745878N11953975WA0086200866
B1953244745878N11953975WA0086200866
B1953254745878N11953975WA0086200866
B1953264745878N11953975WA0086200866
B1953274745878N11953975WA0086200866
B1953284745878N11953975WA0086200866
B1953294745878N11953975WA0086200866
B1953304745878N11953975WA0086200866
B1953314745878N11953975WA0086200866
B1953324745878N11953975WA0086200866
B1953334745878N11953975WA0086200866
B1953344745878N11953975WA0086200866
B1953354745878N11953975WA0086200866
B1953364745878N11953975WA0086200866
B1953374745878N11953975WA0086200866
B1953384745878N11953975WA0086200866
B1953394745878N11953975WA0086200866
B1953404745878N11953975WA0086200866
B1953414745878N11953975WA0086200866
B1953424745878N11953975WA0086200866
B1953434745878N11953975WA0086200866
B1953444745878N11953975WA0086200866
B1953454745878N11953975WA0086200866
B1953464745878N11953975WA0086200866
B1953474745878N11953975WA0086200866
B1953484745878N11953975WA0086200866
B1953494745878N11953975WA0086200866
B1953504745878N11953975WA0086200866
B1953514745878N11953975WA0086200866
B1953524745878N11953975WA0086200866
B1953534745878N11953975WA0086200866
B1953544745878N11953975WA0086200866
B1953554745878N11953975WA0086200866
B1953564745878N11953975WA0086200866
B1953574745878N11953975WA0086200866
B1953584745878N11953975WA0086200866
B1953594745878N11953975WA0086200866
B1954004745878N11953975WA0086200866
B1954014745878N11953975WA0086200866
B1954024745878N11953975WA0086200866
B1954034745878N11953975WA0086200866
B1954044745878N11953975WA0086200866
B1954054745878N11953975WA0086200866
B1954064745878N11953975WA0086200866
B1954074745878N11953975WA0086200866
B1954084745878N11953975WA0086200866
B1954094745878N11953975WA0086200866
B1954104745878N11953975WA0086200866
B1954114745878N11953975WA0086200866
B1954124745878N11953975WA0086200866
B1954134745878N11953975WA0086200866
B1954144745878N11953975WA0086200866
B1954154745878N11953975WA0086200866
B1954164745878N11953975WA0086200866
B1954174745878N11953975WA0086200866
B1954184745878N11953975WA0086200866
B1954194745878N11953975WA0086200866
B1954204745878N11953975WA0086200866
B1954214745878N11953975WA0086200866
B1954224745878N11953975WA0086200866
B1954234745878N11953975WA0086200866
B1954244745878N11953975WA0086200866
B1954254745878N11953975WA0086200866
B1954264745878N11953975WA0086200866
B1954274745878N11953975WA0086200866
B1954284745878N11953975WA0086200866
B1954294745878N11953975WA0086200866
B1954304745878N11953975WA0086200866
B1954314745878N11953975WA0086200866
B1954324745878N11953975WA0086200866
B1954334745878N11953975WA0086200866
B1954344745878N11953975WA0086200866
B1954354745878N11953975WA0086200867
B1954364745878N11953975WA0086200867
B1954374745878N11953975WA0086200867
B1954384745878N11953975WA0086200867
B1954394745878N11953975WA0086200867
B1954404745878N11953975WA0086200867
B1954414745878N11953975WA0086200867
B1954424745878N11953975WA0086200867
B1954434745878N11953975WA0086200867
B1954444745878N11953975WA0086200867
B1954454745878N11953975WA0086200867
B1954464745878N11953975WA0086200867
B1954474745878N11953975WA0086200867
B1954484745878N11953975WA0086200867
B1954494745878N11953975WA0086200867
B1954504745878N11953975WA0086200867
B1954514745878N11953975WA0086200867
B1954524745878N11953974WA0086200867
B1954534745878N11953974WA0086200867
B1954544745878N11953974WA0086200867
B1954554745878N11953974WA0086200867
B1954564745878N11953974WA0086200867
B1954574745878N11953974WA0086200866
B1954584745878N11953974WA0086200866
B1954594745878N11953974WA0086200866
B1955004745878N11953974WA0086200867
B1955014745878N11953974WA0086200867
B1955024745878N11953974WA0086200867
B1955034745878N11953974WA0086200867
B1955044745878N11953974WA0086200867
B1955054745878N11953974WA0086200867
B1955064745878N11953974WA0086200867
B1955074745878N11953974WA0086200867
B1955084745878N11953974WA0086200867
B1955094745878N11953974WA0086200867
B1955104745878N11953974WA0086200867
B1955114745878N11953974WA0086200867
B1955124745878N11953974WA0086200867
B1955134745878N11953974WA0086200867
B1955144745878N11953974WA0086200867
B1955154745878N11953974WA0086200867
B1955164745878N11953974WA0086200867
B1955174745878N11953974WA0086200867
B1955184745878N11953974WA0086200867
B1955194745878N11953974WA0086200867
B1955204745878N11953974WA0086200867
B1955214745878N11953974WA0086200867
B1955224745878N11953974WA0086200867
B1955234745878N11953974WA0086200867
B1955244745878N11953974WA0086200866
B1955254745878N11953974WA0086200866
B1955264745878N11953974WA0086200866
B1955274745878N11953974WA0086200866
B1955284745878N11953974WA0086200866
B1955294745878N11953974WA0086200866
B1955304745878N11953974WA0086200866
B1955314745878N11953974WA0086200866
B1955324745878N11953974WA0086200866
B1955334745878N11953974WA0086200866
B1955344745878N11953974WA0086200866
B1955354745878N11953974WA0086200866
B1955364745878N11953974WA0086200866
B1955374745878N11953974WA0086200866
B1955384745878N11953974WA0086200866
B1955394745878N11953974WA0086200866
B1955404745878N11953974WA0086200866
B1955414745878N11953974WA0086200866
B1955424745878N11953974WA0086200866
B1955434745878N11953974WA0086200866
B1955444745878N11953974WA0086200866
B1955454745878N11953974WA0086200866
B1955464745878N11953974WA0086200866
B1955474745878N11953974WA0086200866
B1955484745878N11953974WA0086200866
B1955494745878N11953974WA0086200866
B1955504745878N11953974WA0086200866
B1955514745878N11953974WA0086200866
B1955524745878N11953974WA0086200866
B1955534745878N11953974WA0086200865
B1955544745878N11953974WA0086200865
B1955554745878N11953974WA0086200865
B1955564745878N11953974WA0086200865
B1955574745878N11953974WA0086200865
B1955584745878N11953974WA0086200865
B1955594745878N11953974WA0086200865
B1956004745878N11953974WA0086200865
B1956014745878N11953974WA0086200865
B1956024745878N11953974WA0086200865
B1956034745878N11953974WA0086200865
B1956044745878N11953974WA0086200865
B1956054745878N11953974WA0086200865
B1956064745878N11953974WA0086200865
B1956074745878N11953974WA0086200865
B1956084745878N11953974WA0086200865
B1956094745878N11953974WA0086200865
B1956104745878N11953974WA0086200865
B1956114745878N11953974WA0086200865
B1956124745878N11953974WA0086200865
B1956134745878N11953974WA0086200865
B1956144745878N11953974WA0086200865
B1956154745878N11953974WA0086200865
B1956164745878N11953974WA0086200865
B1956174745878N11953974WA0086200865
B1956184745878N11953974WA0086200865
B1956194745878N11953974WA0086200865
B1956204745878N11953974WA0086200865
B1956214745878N11953974WA0086200865
B1956224745878N11953974WA0086200865
B1956234745878N11953974WA0086200865
B1956244745878N11953974WA0086200865
B1956254745878N11953974WA0086200865
B1956264745878N11953974WA0086200865
B1956274745878N11953974WA0086200865
B1956284745878N11953974WA0086200865
B1956294745878N11953974WA0086200865
B1956304745878N11953974WA0086200865
B1956314745878N11953974WA0086200865
B1956324745878N11953974WA0086200865
B1956334745878N11953974WA0086200865
B1956344745878N11953974WA0086200865
B1956354745878N11953974WA0086200865
B1956364745878N11953974WA0086200865
B1956374745878N11953974WA0086200865
B1956384745878N11953974WA0086200865
B1956394745878N11953974WA0086200865
B1956404745878N11953974WA0086200865
B1956414745878N11953974WA0086200865
B1956424745878N11953974WA0086300865
B1956434745878N11953974WA0086300865
B1956444745878N11953974WA0086300865
B1956454745878N11953974WA0086300865
B1956464745878N11953974WA0086300865
B1956474745878N11953974WA0086300865
B1956484745878N11953974WA0086300865
B1956494745878N11953974WA0086300865
B1956504745878N11953974WA0086300865
B1956514745878N11953974WA0086300865
B1956524745878N11953974WA0086300865
B1956534745878N11953974WA0086200865
B1956544745878N11953974WA0086200865
B1956554745878N11953974WA0086200865
B1956564745878N11953974WA0086200865
B1956574745878N11953974WA0086200865
B1956584745878N11953974WA0086200865
B1956594745878N11953974WA0086200865
B1957004745878N11953974WA0086200865
B1957014745878N11953974WA0086200864
B1957024745878N11953974WA0086200864
B1957034745878N11953974WA0086200864
B1957044745879N11953974WA0086200864
B1957054745879N11953974WA0086200864
B1957064745878N11953974WA0086200864
B1957074745879N11953974WA0086200864
B1957084745879N11953974WA0086200864
B1957094745879N11953974WA0086200864
B1957104745879N11953974WA0086200864
B1957114745879N11953974WA0086200864
B1957124745879N11953974WA0086200864
B1957134745879N11953974WA0086200864
B1957144745879N11953974WA0086200864
B1957154745879N11953974WA0086200864
B1957164745879N11953974WA0086200864
B1957174745879N11953974WA0086200863
B1957184745879N11953974WA0086200863
B1957194745879N11953974WA0086200863
B1957204745879N11953974WA0086200863
B1957214745879N11953974WA0086200863
B1957224745879N11953974WA0086200863
B1957234745879N11953974WA0086200863
B1957244745879N11953974WA0086200863
B1957254745879N11953974WA0086200863
B1957264745879N11953974WA0086200863
B1957274745879N11953974WA0086200863
B1957284745879N11953974WA0086200863
B1957294745879N11953974WA0086200864
B1957304745879N11953974WA0086200863
B1957314745878N11953974WA0086200864
B1957324745878N11953974WA0086200864
B1957334745878N11953974WA0086200864
B1957344745878N11953974WA0086200864
B1957354745878N11953974WA0086200864
B1957364745878N11953974WA0086200864
B1957374745878N11953974WA0086200864
B1957384745879N11953974WA0086200864
B1957394745879N11953974WA0086200864
B1957404745879N11953974WA0086200864
B1957414745879N11953974WA0086200864
B1957424745879N11953974WA0086200864
B1957434745879N11953974WA0086200864
B1957444745879N11953974WA0086200864
B1957454745879N11953974WA0086200864
B1957464745879N11953974WA0086200864
B1957474745879N11953974WA0086200864
B1957484745879N11953974WA0086200864
B1957494745879N11953974WA0086200864
B1957504745879N11953974WA0086200864
B1957514745879N11953974WA0086200864
B1957524745879N11953974WA0086200864
B1957534745879N11953974WA0086200864
B1957544745879N11953974WA0086200864
B1957554745879N11953974WA0086200864
B1957564745879N11953974WA0086200864
B1957574745879N11953974WA0086200864
B1957584745879N11953974WA0086200864
B1957594745879N11953974WA0086200864
B1958004745879N11953974WA0086200864
B1958014745879N11953974WA0086200864
B1958024745879N11953974WA0086200864
B1958034745879N11953974WA0086200864
B1958044745879N11953974WA0086200864
B1958054745879N11953974WA0086200864
B1958064745879N11953974WA0086200864
B1958074745879N11953974WA0086200864
B1958084745879N11953974WA0086200864
B1958094745879N11953974WA0086200864
B1958104745879N11953974WA0086200864
B1958114745879N11953974WA0086200864
B1958124745879N11953974WA0086200864
B1958134745879N11953974WA0086200864
B1958144745879N11953974WA0086200864
B1958154745879N11953974WA0086200864
B1958164745879N11953974WA0086200864
B1958174745879N11953974WA0086200864
B1958184745879N11953974WA0086200864
B1958194745879N11953974WA0086200864
B1958204745879N11953974WA0086200864
B1958214745879N11953974WA0086200864
B1958224745879N11953974WA0086200864
B1958234745879N11953974WA0086200864
B1958244745879N11953974WA0086200864
B1958254745879N11953974WA0086200864
B1958264745879N11953974WA0086200864
B1958274745879N11953974WA0086200864
B1958284745879N11953974WA0086200864
B1958294745879N11953974WA0086200864
B1958304745879N11953974WA0086200864
B1958314745879N11953974WA0086200864
B1958324745879N11953974WA0086200864
B1958334745879N11953974WA0086200864
B1958344745879N11953974WA0086200864
B1958354745879N11953974WA0086200864
B1958364745879N11953974WA0086200864
B1958374745879N11953974WA0086200864
B1958384745879N11953974WA0086200864
B1958394745879N11953974WA0086200864
B1958404745879N11953974WA0086200864
B1958414745879N11953974WA0086200864
B1958424745879N11953974WA0086200864
B1958434745879N11953974WA0086200864
B1958444745879N11953974WA0086200864
B1958454745879N11953974WA0086200864
B1958464745879N11953974WA0086200864
B1958474745879N11953974WA0086200864
B1958484745879N11953974WA0086200864
B1958494745879N11953974WA0086200864
B1958504745879N11953974WA0086200864
B1958514745879N11953974WA0086200864
B1958524745879N11953974WA0086200864
B1958534745879N11953974WA0086200864
B1958544745879N11953974WA0086200864
B1958554745879N11953974WA0086200863
B1958564745879N11953974WA0086200863
B1958574745879N11953974WA0086200863
B1958584745879N11953974WA0086200863
B1958594745879N11953974WA0086200863
B1959004745879N11953974WA0086200863
B1959014745879N11953974WA0086200863
B1959024745879N11953974WA0086200863
B1959034745879N11953974WA0086200863
B1959044745879N11953974WA0086200863
B1959054745879N11953974WA0086200863
B1959064745879N11953974WA0086200863
B1959074745879N11953974WA0086200863
B1959084745879N11953974WA0086200863
B1959094745879N11953974WA0086200863
B1959104745879N11953974WA0086200863
B1959114745879N11953974WA0086200863
B1959124745879N11953974WA0086200863
B1959134745878N11953974WA0086200863
B1959144745878N11953974WA0086200862
B1959154745878N11953974WA0086200862
B1959164745878N11953974WA0086200863
B1959174745878N11953974WA0086200862
B1959184745878N11953974WA0086200862
B1959194745878N11953974WA0086200862
B1959204745878N11953974WA0086200863
B1959214745878N11953974WA0086200863
B1959224745878N11953974WA0086300863
B1959234745878N11953974WA0086300863
B1959244745878N11953974WA0086300863
B1959254745878N11953974WA0086300864
B1959264745878N11953974WA0086300864
B1959274745878N11953974WA0086300864
B1959284745878N11953974WA0086300864
B1959294745878N11953974WA0086300864
B1959304745878N11953974WA0086300864
B1959314745878N11953974WA0086300864
B1959324745878N11953975WA0086300864
B1959334745878N11953975WA0086300864
B1959344745878N11953975WA0086300864
B1959354745878N11953975WA0086300864
B1959364745878N11953975WA0086300864
B1959374745878N11953975WA0086300865
B1959384745878N11953975WA0086300865
B1959394745878N11953974WA0086300865
B1959404745878N11953974WA0086300865
B1959414745878N11953974WA0086300865
B1959424745879N11953974WA0086300864
B1959434745879N11953974WA0086300864
B1959444745878N11953974WA0086300864
B1959454745878N11953974WA0086300865
B1959464745879N11953974WA0086300865
B1959474745879N11953974WA0086300865
B1959484745879N11953974WA0086300865
B1959494745878N11953973WA0086300865
B1959504745878N11953974WA0086300865
B1959514745878N11953974WA0086300865
B1959524745878N11953974WA0086300865
B1959534745878N11953974WA0086300865
B1959544745878N11953974WA0086300865
B1959554745878N11953974WA0086300865
B1959564745879N11953975WA0086300865
B1959574745879N11953975WA0086300866
B1959584745879N11953975WA0086300866
B1959594745879N11953975WA0086300866
B2000004745879N11953975WA0086300866
B2000014745879N11953975WA0086300866
B2000024745879N11953975WA0086300866
B2000034745879N11953975WA0086300866
B2000044745879N11953975WA0086300866
B2000054745879N11953975WA0086300866
B2000064745879N11953975WA0086300866
B2000074745879N11953975WA0086300866
B2000084745879N11953975WA0086300866
B2000094745879N11953975WA0086300866
B2000104745879N11953975WA0086300866
B2000114745879N11953976WA0086300866
B2000124745879N11953975WA0086300866
B2000134745879N11953975WA0086300866
B2000144745879N11953976WA0086300866
B2000154745878N11953976WA0086300866
B2000164745878N11953976WA0086300866
B2000174745879N11953976WA0086300866
B2000184745879N11953976WA0086300866
B2000194745879N11953976WA0086300866
B2000204745879N11953976WA0086300866
B2000214745878N11953976WA0086300866
B2000224745878N11953976WA0086300866
B2000234745878N11953976WA0086300866
B2000244745878N11953976WA0086300866
B2000254745878N11953976WA0086300866
B2000264745878N11953976WA0086300866
B2000274745878N11953976WA0086300866
B2000284745878N11953975WA0086300866
B2000294745878N11953975WA0086300866
B2000304745878N11953975WA0086300866
B2000314745878N11953975WA0086300867
B2000324745878N11953975WA0086300867
B2000334745878N11953975WA0086300866
B2000344745878N11953975WA0086300866
B2000354745878N11953975WA0086300866
B2000364745878N11953975WA0086300866
B2000374745878N11953975WA0086300866
B2000384745878N11953975WA0086300866
B2000394745878N11953975WA0086300865
B2000404745878N11953975WA0086300865
B2000414745878N11953975WA0086300865
B2000424745878N11953975WA0086300865
B2000434745878N11953975WA0086300865
B2000444745878N11953975WA0086300865
B2000454745879N11953975WA0086300865
B2000464745879N11953975WA0086300865
B2000474745879N11953975WA0086300865
B2000484745879N11953975WA0086300865
B2000494745879N11953975WA0086300865
B2000504745879N11953975WA0086300865
B2000514745879N11953975WA0086300865
B2000524745879N11953975WA0086300865
B2000534745879N11953975WA0086300866
B2000544745879N11953975WA0086300865
B2000554745879N11953975WA0086300865
B2000564745879N11953975WA0086300865
B2000574745879N11953975WA0086300865
B2000584745879N11953975WA0086300865
B2000594745879N11953975WA0086300865
B2001004745879N11953974WA0086300865
B2001014745879N11953974WA0086300864
B2001024745879N11953974WA0086300864
B2001034745879N11953974WA0086300864
B2001044745879N11953975WA0086300865
B2001054745879N11953975WA0086300866
B2001064745879N11953975WA0086300867
B2001074745879N11953975WA0086300867
B2001084745879N11953975WA0086300867
B2001094745879N11953975WA0086300867
B2001104745879N11953975WA0086300867
B2001114745879N11953975WA0086300866
B2001124745879N11953975WA0086200866
B2001134745879N11953975WA0086200866
B2001144745879N11953975WA0086200866
B2001154745879N11953975WA0086200866
B2001164745879N11953975WA0086200866
B2001174745879N11953975WA0086200866
B2001184745879N11953975WA0086200865
B2001194745879N11953975WA0086200865
B2001204745879N11953975WA0086200865
B2001214745879N11953975WA0086200865
B2001224745879N11953975WA0086200864
B2001234745879N11953975WA0086200865
B2001244745879N11953975WA0086300865
B2001254745879N11953975WA0086300865
B2001264745879N11953975WA0086300865
B2001274745879N11953975WA0086300865
B2001284745879N11953975WA0086300865
B2001294745879N11953975WA0086300865
B2001304745879N11953975WA0086200865
B2001314745879N11953975WA0086300865
B2001324745879N11953975WA0086300865
B2001334745879N11953975WA0086300865
B2001344745879N11953975WA0086200865
B2001354745879N11953975WA0086200865
B2001364745879N11953975WA0086200865
B2001374745879N11953975WA0086200865
B2001384745878N11953975WA0086200865
B2001394745878N11953975WA0086200865
B2001404745878N11953975WA0086200865
B2001414745878N11953975WA0086200865
B2001424745878N11953975WA0086200865
B2001434745878N11953975WA0086200865
B2001444745878N11953975WA0086200865
B2001454745878N11953976WA0086200865
B2001464745878N11953976WA0086200865
B2001474745878N11953975WA0086200866
B2001484745878N11953975WA0086200865
B2001494745878N11953975WA0086200865
B2001504745878N11953975WA0086200865
B2001514745878N11953975WA0086200865
B2001524745878N11953975WA0086200865
B2001534745878N11953975WA0086200865
B2001544745878N11953975WA0086200865
B2001554745878N11953975WA0086200864
B2001564745878N11953975WA0086200864
B2001574745878N11953975WA0086200864
B2001584745878N11953975WA0086200865
B2001594745878N11953975WA0086200865
B2002004745878N11953976WA0086200865
B2002014745878N11953976WA0086200865
B2002024745878N11953976WA0086200865
B2002034745878N11953976WA0086200865
B2002044745878N11953976WA0086200865
B2002054745878N11953975WA0086200865
B2002064745878N11953975WA0086200865
B2002074745879N11953975WA0086200865
B2002084745879N11953975WA0086200865
B2002094745880N11953975WA0086200865
B2002104745881N11953975WA0086200865
B2002114745881N11953974WA0086200864
B2002124745882N11953974WA0086200864
B2002134745883N11953973WA0086200864
B2002144745883N11953972WA0086200862
B2002154745884N11953972WA0086200862
B2002164745885N11953972WA0086200862
B2002174745885N11953972WA0086200863
B2002184745885N11953973WA0086200864
B2002194745885N11953973WA0086200864
B2002204745885N11953973WA0086200863
B2002214745885N11953973WA0086200864
B2002224745885N11953973WA0086200864
B2002234745885N11953973WA0086200864
B2002244745885N11953972WA0086200864
B2002254745885N11953972WA0086200863
B2002264745885N11953972WA0086200864
B2002274745885N11953973WA0086200864
B2002284745885N11953973WA0086200863
B2002294745885N11953973WA0086200864
B2002304745884N11953973WA0086200864
B2002314745884N11953973WA0086200864
B2002324745884N11953973WA0086200864
B2002334745884N11953972WA0086200864
B2002344745884N11953972WA0086200864
B2002354745885N11953972WA0086200865
B2002364745885N11953973WA0086200865
B2002374745885N11953973WA0086200866
B2002384745885N11953972WA0086200866
B2002394745885N11953972WA0086200865
B2002404745885N11953972WA0086200865
B2002414745885N11953972WA0086200865
B2002424745885N11953972WA0086200865
B2002434745884N11953971WA0086300865
B2002444745884N11953971WA0086300865
B2002454745884N11953971WA0086300865
B2002464745884N11953971WA0086300865
B2002474745884N11953972WA0086300867
B2002484745884N11953971WA0086300869
B2002494745884N11953971WA0086300868
B2002504745884N11953971WA0086300869
B2002514745884N11953971WA0086300869
B2002524745884N11953971WA0086300869
B2002534745884N11953971WA0086300868
B2002544745884N11953971WA0086300868
B2002554745884N11953971WA0086300868
B2002564745884N11953971WA0086300868
B2002574745884N11953971WA0086300868
B2002584745884N11953971WA0086300868
B2002594745884N11953971WA0086300868
B2003004745884N11953971WA0086300868
B2003014745884N11953971WA0086300868
B2003024745884N11953971WA0086300868
B2003034745884N11953971WA0086300868
B2003044745884N11953971WA0086300868
B2003054745884N11953971WA0086300868
B2003064745884N11953971WA0086300868
B2003074745884N11953971WA0086300868
B2003084745884N11953971WA0086300868
B2003094745884N11953971WA0086300868
B2003104745884N11953971WA0086300867
B2003114745884N11953971WA0086300867
B2003124745884N11953971WA0086300867
B2003134745884N11953971WA0086300867
B2003144745884N11953971WA0086300867
B2003154745884N11953971WA0086300867
B2003164745884N11953971WA0086300867
B2003174745884N11953971WA0086300867
B2003184745884N11953971WA0086300868
B2003194745884N11953971WA0086300868
B2003204745884N11953971WA0086300868
B2003214745884N11953971WA0086300868
B2003224745884N11953971WA0086300868
B2003234745884N11953971WA0086300868
B2003244745884N11953971WA0086300868
B2003254745884N11953971WA0086300868
B2003264745884N11953971WA0086300868
B2003274745884N11953971WA0086300868
B2003284745884N11953971WA0086300868
B2003294745884N11953971WA0086300868
B2003304745884N11953971WA0086300868
B2003314745884N11953971WA0086300868
B2003324745884N11953971WA0086300868
B2003334745884N11953971WA0086300868
B2003344745884N11953971WA0086300868
B2003354745884N11953971WA0086300868
B2003364745884N11953971WA0086300868
B2003374745884N11953971WA0086300868
B2003384745884N11953971WA0086300868
B2003394745884N11953971WA0086300868
B2003404745884N11953971WA0086300868
B2003414745884N11953971WA0086300868
B2003424745884N11953971WA0086300868
B2003434745884N11953971WA0086300869
B2003444745884N11953971WA0086300869
B2003454745884N11953971WA0086300869
B2003464745884N11953971WA0086300869
B2003474745884N11953971WA0086300869
B2003484745884N11953971WA0086300869
B2003494745884N11953971WA0086300869
B2003504745884N11953971WA0086300869
B2003514745884N11953971WA0086300869
B2003524745884N11953971WA0086300869
B2003534745884N11953971WA0086300869
B2003544745884N11953971WA0086300869
B2003554745884N11953971WA0086300869
B2003564745884N11953971WA0086300869
B2003574745884N11953971WA0086300869
B2003584745884N11953971WA0086300869
B2003594745884N11953971WA0086300869
B2004004745884N11953971WA0086300869
B2004014745884N11953971WA0086300869
B2004024745883N11953971WA0086300869
B2004034745883N11953971WA0086300869
B2004044745883N11953971WA0086300869
B2004054745883N11953971WA0086300869
B2004064745883N11953971WA0086300869
B2004074745883N11953971WA0086300869
B2004084745883N11953971WA0086300869
B2004094745883N11953971WA0086300869
B2004104745883N11953971WA0086300869
B2004114745883N11953971WA0086300869
B2004124745883N11953971WA0086300869
B2004134745883N11953971WA0086300869
B2004144745883N11953971WA0086300869
B2004154745883N11953971WA0086300869
B2004164745883N11953971WA0086300869
B2004174745883N11953971WA0086300869
B2004184745883N11953971WA0086300869
B2004194745883N11953971WA0086300869
B2004204745883N11953971WA0086300869
B2004214745883N11953971WA0086300869
B2004224745883N11953971WA0086300869
B2004234745883N11953971WA0086300869
B2004244745883N11953971WA0086300869
B2004254745883N11953971WA0086300869
B2004264745883N11953971WA0086300869
B2004274745883N11953971WA0086300870
B2004284745883N11953971WA0086300870
B2004294745883N11953971WA0086300870
B2004304745883N11953971WA0086300870
B2004314745883N11953971WA0086300870
B2004324745883N11953971WA0086300870
B2004334745883N11953971WA0086300870
B2004344745883N11953971WA0086300870
B2004354745883N11953971WA0086300870
B2004364745883N11953971WA0086300870
B2004374745883N11953971WA0086400870
B2004384745882N11953971WA0086400870
B2004394745881N11953971WA0086400870
B2004404745881N11953971WA0086300869
B2004414745880N11953972WA0086300869
B2004424745879N11953972WA0086300869
B2004434745877N11953972WA0086300869
B2004444745876N11953972WA0086300869
B2004454745874N11953972WA0086300869
B2004464745872N11953972WA0086300868
B2004474745870N11953972WA0086300868
B2004484745869N11953972WA0086300868
B2004494745868N11953972WA0086300868
B2004504745867N11953972WA0086300867
B2004514745865N11953972WA0086300867
B2004524745864N11953972WA0086300867
B2004534745863N11953972WA0086300867
B2004544745862N11953972WA0086200867
B2004554745860N11953972WA0086200866
B2004564745858N11953972WA0086200866
B2004574745856N11953972WA0086200866
B2004584745853N11953972WA0086200865
B2004594745850N11953973WA0086200865
B2005004745848N11953973WA0086200865
B2005014745845N11953973WA0086100864
B2005024745843N11953973WA0086100864
B2005034745841N11953973WA0086100864
B2005044745839N11953973WA0086100863
B2005054745837N11953973WA0086100863
B2005064745836N11953974WA0086000863
B2005074745834N11953975WA0086000863
B2005084745832N11953975WA0086000863
B2005094745831N11953976WA0086000863
B2005104745830N11953977WA0086000863
B2005114745828N11953976WA0086000863
B2005124745827N11953976WA0085900862
B2005134745826N11953976WA0085900862
B2005144745825N11953975WA0085900862
B2005154745824N11953974WA0085900862
B2005164745824N11953974WA0085900861
B2005174745823N11953974WA0085900861
B2005184745823N11953974WA0085900861
B2005194745823N11953974WA0085900861
B2005204745823N11953974WA0085900861
B2005214745823N11953974WA0085900860
B2005224745823N11953974WA0085900860
B2005234745823N11953974WA0085900860
B2005244745823N11953974WA0085800860
B2005254745823N11953973WA0085800860
B2005264745824N11953973WA0085800860
B2005274745825N11953974WA0085800860
B2005284745825N11953974WA0085800860
B2005294745825N11953974WA0085800860
B2005304745825N11953974WA0085800861
B2005314745826N11953974WA0085800861
B2005324745826N11953974WA0085800861
B2005334745826N11953975WA0085800861
B2005344745826N11953975WA0085800861
B2005354745826N11953975WA0085800861
B2005364745826N11953975WA0085800861
B2005374745826N11953975WA0085800861
B2005384745826N11953975WA0085800861
B2005394745826N11953974WA0085800861
B2005404745826N11953974WA0085800861
B2005414745826N11953973WA0085800861
B2005424745826N11953973WA0085800861
B2005434745826N11953972WA0085800861
B2005444745826N11953972WA0085800861
B2005454745826N11953972WA0085800861
B2005464745826N11953972WA0085800861
B2005474745826N11953973WA0085800860
B2005484745826N11953973WA0085800860
B2005494745826N11953973WA0085800860
B2005504745826N11953973WA0085800860
B2005514745827N11953974WA0085800860
B2005524745827N11953975WA0085800860
B2005534745827N11953975WA0085800860
B2005544745827N11953975WA0085800860
B2005554745827N11953975WA0085800860
B2005564745827N11953975WA0085800860
B2005574745827N11953975WA0085800860
B2005584745827N11953975WA0085800860
B2005594745827N11953974WA0085800860
B2006004745827N11953974WA0085800860
B2006014745828N11953974WA0085800860
B2006024745828N11953973WA0085800860
B2006034745829N11953973WA0085800860
B2006044745830N11953973WA0085800860
B2006054745831N11953973WA0085800860
B2006064745833N11953973WA0085900860
B2006074745834N11953973WA0085900860
B2006084745836N11953973WA0085900860
B2006094745837N11953973WA0085900860
B2006104745839N11953973WA0085900861
B2006114745841N11953973WA0085900861
B2006124745843N11953973WA0085900861
B2006134745845N11953973WA0085900861
B2006144745847N11953973WA0085900862
B2006154745849N11953973WA0085900862
B2006164745851N11953973WA0086000862
B2006174745853N11953972WA0086000862
B2006184745854N11953972WA0086000863
B2006194745856N11953972WA0086000863
B2006204745858N11953972WA0086000863
B2006214745860N11953972WA0086000864
B2006224745862N11953972WA0086100864
B2006234745864N11953972WA0086100864
B2006244745866N11953972WA0086100864
B2006254745868N11953972WA0086100865
B2006264745870N11953972WA0086100865
B2006274745872N11953972WA0086100865
B2006284745874N11953972WA0086200865
B2006294745876N11953972WA0086200866
B2006304745877N11953972WA0086200866
B2006314745879N11953971WA0086200866
B2006324745881N11953971WA0086200866
B2006334745883N11953971WA0086200867
B2006344745885N11953971WA0086300867
B2006354745887N11953971WA0086300867
B2006364745889N11953971WA0086300867
B2006374745891N11953971WA0086300867
B2006384745893N11953971WA0086300868
B2006394745895N11953971WA0086300868
B2006404745896N11953971WA0086400868
B2006414745898N11953971WA0086400868
B2006424745900N11953971WA0086400868
B2006434745901N11953971WA0086400868
B2006444745903N11953971WA0086400869
B2006454745905N11953971WA0086400869
B2006464745907N11953971WA0086500869
B2006474745909N11953970WA0086500869
B2006484745911N11953970WA0086500869
B2006494745914N11953970WA0086500869
B2006504745916N11953970WA0086500869
B2006514745919N11953970WA0086500869
B2006524745922N11953970WA0086600869
B2006534745924N11953970WA0086600870
B2006544745926N11953970WA0086600870
B2006554745929N11953970WA0086600870
B2006564745930N11953970WA0086600870
B2006574745932N11953970WA0086600870
B2006584745933N11953970WA0086600870
B2006594745935N11953970WA0086600870
B2007004745937N11953970WA0086700870
B2007014745939N11953970WA0086700870
B2007024745941N11953970WA0086700870
B2007034745943N11953970WA0086700870
B2007044745946N11953970WA0086700871
B2007054745948N11953970WA0086700871
B2007064745950N11953970WA0086700871
B2007074745953N11953970WA0086700871
B2007084745955N11953970WA0086700871
B2007094745958N11953970WA0086700871
B2007104745961N11953970WA0086800871
B2007114745964N11953970WA0086800871
B2007124745967N11953970WA0086800871
B2007134745970N11953970WA0086800871
B2007144745973N11953969WA0086800871
B2007154745976N11953969WA0086800871
B2007164745979N11953969WA0086800872
B2007174745982N11953969WA0086900872
B2007184745985N11953969WA0086900872
B2007194745988N11953969WA0086900872
B2007204745991N11953969WA0086900873
B2007214745993N11953969WA0086900873
B2007224745996N11953969WA0086900873
B2007234745999N11953969WA0086900873
B2007244746002N11953969WA0087000873
B2007254746005N11953968WA0087000874
B2007264746008N11953968WA0087000874
B2007274746011N11953968WA0087000874
B2007284746014N11953968WA0087000874
B2007294746018N11953968WA0087000875
B2007304746021N11953968WA0087100875
B2007314746024N11953968WA0087100875
B2007324746027N11953968WA0087100875
B2007334746030N11953968WA0087100875
B2007344746033N11953968WA0087100875
B2007354746036N11953968WA0087200876
B2007364746039N11953968WA0087200876
B2007374746042N11953968WA0087200876
B2007384746045N11953968WA0087200876
B2007394746048N11953968WA0087200876
B2007404746051N11953968WA0087200877
B2007414746054N11953968WA0087300877
B2007424746057N11953968WA0087300877
B2007434746060N11953968WA0087300877
B2007444746063N11953968WA0087300877
B2007454746066N11953967WA0087300877
B2007464746070N11953967WA0087300877
B2007474746073N11953967WA0087400878
B2007484746076N11953967WA0087400878
B2007494746079N11953967WA0087400878
B2007504746083N11953967WA0087400878
B2007514746087N11953968WA0087500879
B2007524746090N11953968WA0087500879
B2007534746094N11953967WA0087500879
B2007544746098N11953967WA0087500879
B2007554746102N11953967WA0087500880
B2007564746106N11953967WA0087600880
B2007574746110N11953967WA0087600880
B2007584746113N11953967WA0087600880
B2007594746117N11953967WA0087600880
B2008004746121N11953967WA0087700881
B2008014746124N11953967WA0087700881
B2008024746128N11953967WA0087700881
B2008034746131N11953967WA0087700881
B2008044746135N11953967WA0087700881
B2008054746139N11953967WA0087700881
B2008064746142N11953967WA0087800881
B2008074746145N11953967WA0087800881
B2008084746148N11953967WA0087800881
B2008094746151N11953967WA0087800881
B2008104746154N11953967WA0087800882
B2008114746157N11953966WA0087800882
B2008124746160N11953966WA0087800882
B2008134746164N11953966WA0087800882
B2008144746167N11953966WA0087800882
B2008154746170N11953966WA0087800882
B2008164746174N11953966WA0087900882
B2008174746178N11953966WA0087900882
B2008184746181N11953966WA0087900882
B2008194746185N11953966WA0087900881
B2008204746189N11953966WA0087900881
B2008214746193N11953966WA0087900881
B2008224746197N11953966WA0087900881
B2008234746201N11953966WA0087900880
B2008244746205N11953966WA0087900880
B2008254746209N11953966WA0087800880
B2008264746212N11953965WA0087800879
B2008274746216N11953965WA0087800879
B2008284746220N11953965WA0087800878
B2008294746225N11953965WA0087800878
B2008304746229N11953965WA0087700877
B2008314746233N11953965WA0087700877
B2008324746238N11953965WA0087700877
B2008334746243N11953965WA0087700877
B2008344746247N11953965WA0087700877
B2008354746252N11953965WA0087600877
B2008364746256N11953965WA0087600878
B2008374746260N11953965WA0087600878
B2008384746265N11953965WA0087600878
B2008394746269N11953964WA0087600879
B2008404746273N11953964WA0087600879
B2008414746277N11953964WA0087600879
B2008424746280N11953964WA0087700880
B2008434746284N11953964WA0087700880
B2008444746287N11953964WA0087700880
B2008454746290N11953964WA0087700880
B2008464746293N11953964WA0087700880
B2008474746296N11953964WA0087700880
B2008484746299N11953964WA0087700880
B2008494746302N11953964WA0087700880
B2008504746305N11953964WA0087700879
B2008514746309N11953964WA0087700879
B2008524746313N11953964WA0087700879
B2008534746318N11953964WA0087700878
B2008544746323N11953965WA0087600877
B2008554746327N11953965WA0087600876
B2008564746331N11953965WA0087500876
B2008574746335N11953966WA0087500875
B2008584746338N11953966WA0087500875
B2008594746341N11953966WA0087400875
B2009004746343N11953966WA0087400875
B2009014746345N11953965WA0087400876
B2009024746346N11953964WA0087400876
B2009034746347N11953962WA0087400876
B2009044746347N11953960WA0087300876
B2009054746348N11953957WA0087300876
B2009064746348N11953954WA0087300876
B2009074746348N11953950WA0087300876
B2009084746348N11953947WA0087300877
B2009094746348N11953944WA0087300877
B2009104746348N11953943WA0087300877
B2009114746348N11953942WA0087300877
B2009124746348N11953942WA0087300877
B2009134746348N11953942WA0087300877
B2009144746348N11953942WA0087300877
B2009154746348N11953942WA0087300877
B2009164746348N11953942WA0087300877
B2009174746348N11953942WA0087300877
B2009184746348N11953942WA0087300877
B2009194746348N11953942WA0087300877
B2009204746348N11953942WA0087300877
B2009214746348N11953942WA0087300877
B2009224746348N11953942WA0087300877
B2009234746348N11953942WA0087300877
B2009244746348N11953942WA0087400877
B2009254746348N11953942WA0087400877
B2009264746348N11953942WA0087400877
B2009274746348N11953942WA0087400877
B2009284746348N11953942WA0087400877
B2009294746348N11953942WA0087400877
B2009304746348N11953942WA0087400877
B2009314746348N11953942WA0087400877
B2009324746348N11953942WA0087400877
B2009334746348N11953942WA0087400877
B2009344746348N11953942WA0087400877
B2009354746348N11953942WA0087400877
B2009364746348N11953942WA0087400877
B2009374746348N11953942WA0087400877
B2009384746348N11953942WA0087400877
B2009394746348N11953942WA0087400877
B2009404746348N11953942WA0087400877
B2009414746348N11953942WA0087400877
B2009424746348N11953942WA0087400877
B2009434746348N11953942WA0087400878
B2009444746348N11953942WA0087400878
B2009454746348N11953942WA0087400878
B2009464746348N11953942WA0087400878
B2009474746348N11953942WA0087400878
B2009484746348N11953942WA0087300878
B2009494746348N11953942WA0087300878
B2009504746348N11953942WA0087300878
B2009514746348N11953942WA0087300878
B2009524746348N11953942WA0087300878
B2009534746348N11953942WA0087300877
B2009544746348N11953942WA0087300877
B2009554746348N11953942WA0087300877
B2009564746348N11953942WA0087300877
B2009574746348N11953942WA0087300877
B2009584746348N11953942WA0087400877
B2009594746348N11953942WA0087400877
B2010004746348N11953942WA0087400877
B2010014746348N11953942WA0087400877
B2010024746348N11953942WA0087300877
B2010034746348N11953942WA0087300877
B2010044746348N11953942WA0087300877
B2010054746348N11953942WA0087300877
B2010064746348N11953942WA0087300877
B2010074746348N11953942WA0087300877
B2010084746348N11953942WA0087300877
B2010094746348N11953942WA0087300877
B2010104746348N11953942WA0087300877
B2010114746348N11953942WA0087300877
B2010124746348N11953942WA0087300877
B2010134746348N11953942WA0087300877
B2010144746348N11953941WA0087300877
B2010154746348N11953940WA0087300877
B2010164746348N11953938WA0087300877
B2010174746348N11953936WA0087400877
B2010184746348N11953933WA0087400877
B2010194746348N11953929WA0087400877
B2010204746348N11953925WA0087400877
B2010214746348N11953920WA0087400877
B2010224746347N11953915WA0087400877
B2010234746347N11953909WA0087400877
B2010244746347N11953902WA0087400877
B2010254746346N11953895WA0087400877
B2010264746346N11953887WA0087400877
B2010274746346N11953879WA0087400877
B2010284746346N11953870WA0087400877
B2010294746346N11953861WA0087400878
B2010304746346N11953850WA0087400878
B2010314746346N11953839WA0087400878
B2010324746345N11953828WA0087500878
B2010334746345N11953816WA0087500878
B2010344746345N11953805WA0087500879
B2010354746345N11953793WA0087500879
B2010364746345N11953782WA0087500879
B2010374746345N11953770WA0087500879
B2010384746345N11953759WA0087600879
B2010394746345N11953748WA0087600879
B2010404746345N11953737WA0087600878
B2010414746345N11953726WA0087500878
B2010424746344N11953716WA0087500877
B2010434746344N11953705WA0087500877
B2010444746344N11953694WA0087500876
B2010454746344N11953683WA0087400875
B2010464746344N11953671WA0087400874
B2010474746344N11953660WA0087400873
B2010484746344N11953648WA0087300872
B2010494746344N11953636WA0087300871
B2010504746343N11953624WA0087200870
B2010514746343N11953612WA0087100869
B2010524746343N11953599WA0087000867
B2010534746343N11953585WA0087000866
B2010544746343N11953572WA0086900866
B2010554746343N11953558WA0086900866
B2010564746343N11953545WA0086800867
B2010574746343N11953532WA0086800868
B2010584746342N11953519WA0086800870
B2010594746342N11953507WA0086800871
B2011004746342N11953495WA0086900872
B2011014746342N11953484WA0086900874
B2011024746342N11953473WA0087000875
B2011034746342N11953462WA0087000876
B2011044746342N11953451WA0087100877
B2011054746342N11953440WA0087100878
B2011064746342N11953430WA0087200879
B2011074746341N11953420WA0087200880
B2011084746341N11953410WA0087300880
B2011094746341N11953399WA0087400881
B2011104746341N11953389WA0087400882
B2011114746341N11953379WA0087500882
B2011124746341N11953369WA0087600883
B2011134746341N11953358WA0087600883
B2011144746341N11953348WA0087700883
B2011154746341N11953337WA0087700884
B2011164746341N11953328WA0087800884
B2011174746341N11953318WA0087800884
B2011184746341N11953308WA0087800884
B2011194746340N11953298WA0087900884
B2011204746340N11953288WA0087900884
B2011214746340N11953276WA0087900884
B2011224746340N11953265WA0088000884
B2011234746340N11953253WA0088000884
B2011244746340N11953241WA0088000884
B2011254746340N11953230WA0088000884
B2011264746340N11953217WA0088000884
B2011274746340N11953205WA0088100884
B2011284746340N11953193WA0088100883
B2011294746340N11953180WA0088100883
B2011304746340N11953167WA0088100883
B2011314746340N11953154WA0088100883
B2011324746340N11953141WA0088100883
B2011334746340N11953128WA0088100883
B2011344746340N11953115WA0088100883
B2011354746340N11953102WA0088100884
B2011364746340N11953089WA0088100884
B2011374746339N11953076WA0088100885
B2011384746339N11953064WA0088200886
B2011394746339N11953052WA0088200888
B2011404746339N11953040WA0088300889
B2011414746339N11953028WA0088300890
B2011424746339N11953017WA0088400891
B2011434746339N11953005WA0088500892
B2011444746339N11952994WA0088600893
B2011454746339N11952983WA0088600894
B2011464746339N11952972WA0088700895
B2011474746339N11952961WA0088800895
B2011484746339N11952951WA0088800896
B2011494746339N11952940WA0088900897
B2011504746339N11952930WA0089000898
B2011514746339N11952919WA0089000898
B2011524746339N11952909WA0089100899
B2011534746339N11952898WA0089100899
B2011544746340N11952888WA0089200900
B2011554746340N11952877WA0089300900
B2011564746340N11952867WA0089300901
B2011574746340N11952856WA0089400901
B2011584746340N11952846WA0089500902
B2011594746340N11952836WA0089500902
B2012004746340N11952826WA0089500902
B2012014746340N11952816WA0089600903
B2012024746340N11952806WA0089600903
B2012034746340N11952796WA0089600903
B2012044746339N11952786WA0089700902
B2012054746339N11952776WA0089700902
B2012064746339N11952765WA0089700902
B2012074746339N11952755WA0089700902
B2012084746338N11952745WA0089700901
B2012094746338N11952735WA0089700901
B2012104746338N11952726WA0089700901
B2012114746338N11952718WA0089600901
B2012124746338N11952710WA0089600901
B2012134746338N11952703WA0089600901
B2012144746338N11952696WA0089600901
B2012154746337N11952691WA0089600901
B2012164746337N11952686WA0089600900
B2012174746337N11952682WA0089600900
B2012184746337N11952679WA0089500900
B2012194746337N11952678WA0089500900
B2012204746338N11952676WA0089500900
B2012214746338N11952675WA0089500900
B2012224746338N11952674WA0089500900
B2012234746338N11952673WA0089500900
B2012244746339N11952671WA0089500900
B2012254746340N11952669WA0089500900
B2012264746342N11952668WA0089500900
B2012274746344N11952666WA0089500900
B2012284746347N11952665WA0089600900
B2012294746351N11952665WA0089600900
B2012304746355N11952665WA0089600900
B2012314746361N11952665WA0089600899
B2012324746366N11952665WA0089600899
B2012334746373N11952665WA0089600899
B2012344746380N11952665WA0089600899
B2012354746388N11952665WA0089700898
B2012364746397N11952665WA0089700898
B2012374746406N11952665WA0089700897
B2012384746415N11952665WA0089700896
B2012394746425N11952665WA0089700896
B2012404746436N11952665WA0089700895
B2012414746446N11952665WA0089600894
B2012424746457N11952665WA0089600893
B2012434746468N11952665WA0089600892
B2012444746479N11952666WA0089500891
B2012454746490N11952666WA0089500891
B2012464746502N11952665WA0089500890
B2012474746514N11952665WA0089400889
B2012484746525N11952665WA0089400889
B2012494746537N11952665WA0089300889
B2012504746549N11952665WA0089300889
B2012514746561N11952665WA0089300889
B2012524746573N11952665WA0089300889
B2012534746585N11952665WA0089200889
B2012544746597N11952665WA0089200889
B2012554746608N11952665WA0089200889
B2012564746620N11952665WA0089200890
B2012574746631N11952665WA0089200890
B2012584746643N11952665WA0089200890
B2012594746654N11952665WA0089200890
B2013004746665N11952665WA0089200891
B2013014746676N11952665WA0089200891
B2013024746687N11952665WA0089200891
B2013034746699N11952666WA0089200890
B2013044746710N11952666WA0089100890
B2013054746722N11952666WA0089100890
B2013064746733N11952666WA0089100890
B2013074746745N11952666WA0089100889
B2013084746757N11952666WA0089100889
B2013094746769N11952666WA0089100889
B2013104746781N11952666WA0089100888
B2013114746793N11952666WA0089100887
B2013124746806N11952666WA0089100886
B2013134746818N11952666WA0089000886
B2013144746831N11952666WA0089000885
B2013154746843N11952666WA0089000884
B2013164746856N11952666WA0088900884
B2013174746869N11952666WA0088900883
B2013184746881N11952666WA0088900883
B2013194746894N11952666WA0088900884
B2013204746906N11952666WA0088800884
B2013214746919N11952666WA0088800885
B2013224746931N11952666WA0088800886
B2013234746943N11952666WA0088800888
B2013244746955N11952666WA0088900889
B2013254746966N11952666WA0088900890
B2013264746978N11952666WA0088900891
B2013274746989N11952666WA0089000892
B2013284747000N11952666WA0089000892
B2013294747012N11952666WA0089000893
B2013304747023N11952666WA0089000893
B2013314747034N11952666WA0089100893
B2013324747046N11952666WA0089100893
B2013334747058N11952666WA0089100893
B2013344747069N11952666WA0089100893
B2013354747081N11952666WA0089200893
B2013364747093N11952666WA0089200893
B2013374747104N11952666WA0089200894
B2013384747116N11952666WA0089200894
B2013394747127N11952666WA0089300895
B2013404747138N11952666WA0089300895
B2013414747150N11952665WA0089300896
B2013424747162N11952665WA0089400896
B2013434747173N11952665WA0089400896
B2013444747185N11952665WA0089400897
B2013454747196N11952666WA0089500897
B2013464747208N11952666WA0089500897
B2013474747220N11952666WA0089500897
B2013484747232N11952666WA0089600897
B2013494747244N11952666WA0089600898
B2013504747256N11952665WA0089600898
B2013514747269N11952665WA0089700898
B2013524747281N11952665WA0089700898
B2013534747294N11952665WA0089700899
B2013544747306N11952665WA0089800899
B2013554747318N11952665WA0089800900
B2013564747331N11952665WA0089900900
B2013574747343N11952665WA0089900901
B2013584747356N11952665WA0090000901
B2013594747369N11952665WA0090000902
B2014004747381N11952665WA0090000902
B2014014747394N11952665WA0090100902
B2014024747406N11952665WA0090100902
B2014034747418N11952665WA0090100903
B2014044747430N11952665WA0090200903
B2014054747442N11952665WA0090200904
B2014064747453N11952665WA0090200905
B2014074747464N11952666WA0090200905
B2014084747475N11952666WA0090300905
B2014094747485N11952666WA0090300905
B2014104747496N11952666WA0090300905
B2014114747507N11952666WA0090300905
B2014124747517N11952666WA0090300905
B2014134747527N11952665WA0090300905
B2014144747538N11952666WA0090300904
B2014154747548N11952665WA0090300904
B2014164747558N11952665WA0090300903
B2014174747569N11952665WA0090300903
B2014184747579N11952665WA0090200903
B2014194747589N11952665WA0090200902
B2014204747600N11952665WA0090200902
B2014214747611N11952665WA0090200901
B2014224747621N11952665WA0090100901
B2014234747632N11952665WA0090100900
B2014244747642N11952665WA0090000899
B2014254747653N11952665WA0090000899
B2014264747664N11952665WA0090000898
B2014274747675N11952665WA0089900897
B2014284747687N11952665WA0089900897
B2014294747698N11952665WA0089900896
B2014304747710N11952665WA0089800896
B2014314747721N11952665WA0089800896
B2014324747733N11952665WA0089800896
B2014334747745N11952665WA0089700895
B2014344747757N11952665WA0089700895
B2014354747769N11952665WA0089700895
B2014364747780N11952665WA0089700895
B2014374747791N11952665WA0089700895
B2014384747802N11952665WA0089600895
B2014394747813N11952665WA0089600895
B2014404747824N11952665WA0089600895
B2014414747834N11952665WA0089600895
B2014424747845N11952665WA0089600895
B2014434747855N11952665WA0089600895
B2014444747865N11952665WA0089600895
B2014454747875N11952665WA0089600895
B2014464747886N11952665WA0089600895
B2014474747896N11952665WA0089600895
B2014484747906N11952665WA0089600895
B2014494747916N11952664WA0089600895
B2014504747926N11952664WA0089600895
B2014514747936N11952664WA0089500895
B2014524747946N11952664WA0089500895
B2014534747955N11952664WA0089500895
B2014544747965N11952664WA0089500895
B2014554747974N11952664WA0089500895
B2014564747983N11952664WA0089500895
B2014574747992N11952664WA0089500895
B2014584748000N11952664WA0089400895
B2014594748009N11952664WA0089400895
B2015004748017N11952664WA0089400895
B2015014748025N11952664WA0089400895
B2015024748034N11952664WA0089400895
B2015034748041N11952664WA0089400895
B2015044748049N11952664WA0089400895
B2015054748056N11952664WA0089400895
B2015064748063N11952664WA0089300895
B2015074748069N11952664WA0089300895
B2015084748074N11952664WA0089300895
B2015094748079N11952664WA0089300895
B2015104748082N11952664WA0089300895
B2015114748085N11952663WA0089200895
B2015124748087N11952663WA0089200895
B2015134748088N11952663WA0089200895
B2015144748088N11952663WA0089200895
B2015154748088N11952664WA0089200895
B2015164748088N11952664WA0089200895
B2015174748088N11952664WA0089100895
B2015184748088N11952664WA0089100895
B2015194748088N11952664WA0089100895
B2015204748088N11952664WA0089100895
B2015214748088N11952664WA0089100895
B2015224748088N11952664WA0089100895
B2015234748088N11952664WA0089100895
B2015244748088N11952664WA0089100895
B2015254748088N11952664WA0089100895
B2015264748088N11952664WA0089100895
B2015274748088N11952664WA0089100895
B2015284748088N11952664WA0089100895
B2015294748088N11952664WA0089100895
B2015304748088N11952664WA0089100895
B2015314748088N11952664WA0089100895
B2015324748088N11952664WA0089100895
B2015334748088N11952664WA0089100895
B2015344748088N11952664WA0089100895
B2015354748088N11952664WA0089100895
B2015364748088N11952664WA0089100895
B2015374748088N11952664WA0089100895
B2015384748088N11952663WA0089100895
B2015394748089N11952663WA0089100895
B2015404748089N11952663WA0089100895
B2015414748090N11952663WA0089100895
B2015424748091N11952663WA0089100895
B2015434748092N11952663WA0089100895
B2015444748093N11952663WA0089100895
B2015454748093N11952663WA0089100895
B2015464748094N11952663WA0089100895
B2015474748094N11952663WA0089100895
B2015484748094N11952663WA0089100895
B2015494748094N11952663WA0089100895
B2015504748094N11952663WA0089100895
B2015514748094N11952663WA0089100895
B2015524748094N11952663WA0089100895
B2015534748094N11952662WA0089100895
B2015544748094N11952662WA0089100895
B2015554748094N11952662WA0089100895
B2015564748094N11952662WA0089100895
B2015574748094N11952662WA0089100895
B2015584748094N11952662WA0089100895
B2015594748094N11952662WA0089100895
B2016004748094N11952662WA0089100895
B2016014748094N11952662WA0089100895
B2016024748094N11952662WA0089100895
B2016034748094N11952662WA0089100895
B2016044748094N11952662WA0089100895
B2016054748094N11952662WA0089100895
B2016064748094N11952662WA0089100895
B2016074748094N11952662WA0089100895
B2016084748094N11952662WA0089100895
B2016094748094N11952662WA0089100895
B2016104748094N11952662WA0089100895
B2016114748094N11952662WA0089100895
B2016124748094N11952662WA0089100895
B2016134748094N11952662WA0089100895
B2016144748094N11952662WA0089100895
B2016154748094N11952662WA0089100895
B2016164748094N11952662WA0089100895
B2016174748094N11952662WA0089100895
B2016184748094N11952662WA0089100895
B2016194748094N11952662WA0089100895
B2016204748094N11952662WA0089100895
B2016214748093N11952662WA0089100895
B2016224748093N11952662WA0089100895
B2016234748093N11952662WA0089100895
B2016244748093N11952662WA0089100895
B2016254748093N11952662WA0089100895
B2016264748093N11952662WA0089100895
B2016274748093N11952662WA0089100895
B2016284748093N11952662WA0089100895
B2016294748093N11952662WA0089100895
B2016304748093N11952662WA0089100895
B2016314748093N11952662WA0089100895
B2016324748093N11952662WA0089100895
B2016334748093N11952662WA0089100895
B2016344748093N11952662WA0089100895
B2016354748093N11952662WA0089100895
B2016364748093N11952662WA0089000895
B2016374748093N11952662WA0089000895
B2016384748093N11952662WA0089000895
B2016394748093N11952662WA0089000895
B2016404748093N11952662WA0089000895
B2016414748093N11952662WA0089000895
B2016424748093N11952662WA0089000895
B2016434748093N11952662WA0089000895
B2016444748093N11952662WA0089000895
B2016454748093N11952662WA0089000895
B2016464748093N11952662WA0089000895
B2016474748093N11952662WA0089000895
B2016484748093N11952662WA0089000895
B2016494748093N11952662WA0089000895
B2016504748093N11952662WA0089000895
B2016514748093N11952662WA0089000895
B2016524748094N11952662WA0089100895
B2016534748094N11952662WA0089100895
B2016544748094N11952662WA0089100895
B2016554748095N11952662WA0089100895
B2016564748096N11952662WA0089100895
B2016574748096N11952662WA0089100895
B2016584748097N11952662WA0089100895
B2016594748097N11952662WA0089100895
B2017004748098N11952662WA0089100895
B2017014748098N11952662WA0089100895
B2017024748099N11952662WA0089100895
B2017034748099N11952662WA0089100895
B2017044748099N11952662WA0089100895
B2017054748099N11952662WA0089100894
B2017064748099N11952662WA0089100894
B2017074748099N11952662WA0089100894
B2017084748099N11952662WA0089100894
B2017094748099N11952662WA0089100894
B2017104748099N11952662WA0089100895
B2017114748099N11952662WA0089100895
B2017124748099N11952662WA0089100895
B2017134748099N11952662WA0089100895
B2017144748099N11952661WA0089100895
B2017154748099N11952661WA0089100895
B2017164748099N11952661WA0089100895
B2017174748099N11952661WA0089100895
B2017184748099N11952661WA0089100895
B2017194748099N11952661WA0089100895
B2017204748099N11952661WA0089100895
B2017214748099N11952662WA0089100895
B2017224748099N11952662WA0089100895
B2017234748099N11952662WA0089100895
B2017244748099N11952662WA0089100895
B2017254748099N11952662WA0089100895
B2017264748099N11952662WA0089100895
B2017274748099N11952662WA0089100895
B2017284748099N11952662WA0089100895
B2017294748099N11952662WA0089100895
B2017304748099N11952662WA0089100895
B2017314748099N11952662WA0089100895
B2017324748099N11952662WA0089100895
B2017334748099N11952662WA0089100895
B2017344748099N11952662WA0089100895
B2017354748099N11952662WA0089100896
B2017364748099N11952662WA0089100896
B2017374748099N11952662WA0089100896
B2017384748099N11952662WA0089100896
B2017394748099N11952662WA0089100896
B2017404748100N11952662WA0089100896
B2017414748100N11952662WA0089100896
B2017424748100N11952662WA0089100896
B2017434748101N11952662WA0089100896
B2017444748102N11952662WA0089100896
B2017454748104N11952663WA0089100896
B2017464748106N11952663WA0089100896
B2017474748109N11952663WA0089100896
B2017484748112N11952664WA0089100896
B2017494748116N11952664WA0089100896
B2017504748120N11952664WA0089200896
B2017514748125N11952664WA0089200896
B2017524748130N11952664WA0089200896
B2017534748136N11952664WA0089300896
B2017544748142N11952664WA0089300896
B2017554748149N11952664WA0089400896
B2017564748156N11952665WA0089400896
B2017574748163N11952665WA0089500896
B2017584748169N11952665WA0089500896
B2017594748176N11952665WA0089500896
B2018004748181N11952665WA0089500896
B2018014748185N11952665WA0089500897
B2018024748189N11952666WA0089500897
B2018034748191N11952666WA0089500897
B2018044748193N11952666WA0089400897
B2018054748194N11952666WA0089400897
B2018064748194N11952666WA0089400897
B2018074748194N11952666WA0089300897
B2018084748194N11952666WA0089300897
B2018094748194N11952666WA0089300897
B2018104748194N11952666WA0089300897
B2018114748194N11952666WA0089300897
B2018124748194N11952666WA0089300897
B2018134748194N11952666WA0089300897
B2018144748194N11952666WA0089300897
B2018154748194N11952666WA0089300897
B2018164748194N11952666WA0089200897
B2018174748194N11952666WA0089200898
B2018184748194N11952666WA0089200898
B2018194748194N11952666WA0089200898
B2018204748194N11952666WA0089200898
B2018214748194N11952666WA0089200898
B2018224748194N11952666WA0089200898
B2018234748194N11952666WA0089200898
B2018244748194N11952666WA0089200898
B2018254748194N11952666WA0089200898
B2018264748194N11952666WA0089200898
B2018274748194N11952666WA0089200898
B2018284748194N11952666WA0089200898
B2018294748194N11952666WA0089200898
B2018304748194N11952666WA0089200898
B2018314748194N11952666WA0089200898
B2018324748194N11952666WA0089200898
B2018334748194N11952666WA0089200898
B2018344748194N11952666WA0089200898
B2018354748194N11952666WA0089200898
B2018364748194N11952666WA0089200898
B2018374748194N11952666WA0089200898
B2018384748194N11952666WA0089200898
B2018394748194N11952666WA0089200898
B2018404748194N11952665WA0089200898
B2018414748195N11952666WA0089200898
B2018424748195N11952666WA0089200898
B2018434748195N11952666WA0089200898
B2018444748195N11952666WA0089200898
B2018454748196N11952666WA0089300898
B2018464748197N11952666WA0089300898
B2018474748198N11952666WA0089300898
B2018484748200N11952666WA0089300898
B2018494748202N11952666WA0089300898
B2018504748204N11952666WA0089300898
B2018514748207N11952666WA0089300898
B2018524748210N11952666WA0089300899
B2018534748213N11952666WA0089300899
B2018544748217N11952666WA0089300899
B2018554748220N11952666WA0089300899
B2018564748223N11952666WA0089300899
B2018574748227N11952666WA0089300899
B2018584748231N11952666WA0089300899
B2018594748236N11952666WA0089300899
B2019004748240N11952666WA0089400900
B2019014748246N11952666WA0089400900
B2019024748251N11952666WA0089400900
B2019034748257N11952666WA0089400900
B2019044748264N11952666WA0089400900
B2019054748271N11952666WA0089400900
B2019064748278N11952666WA0089400899
B2019074748285N11952666WA0089400899
B2019084748293N11952666WA0089400899
B2019094748301N11952666WA0089400898
B2019104748309N11952666WA0089400898
B2019114748318N11952666WA0089400898
B2019124748326N11952666WA0089400897
B2019134748334N11952666WA0089400897
B2019144748342N11952666WA0089400897
B2019154748350N11952666WA0089400897
B2019164748358N11952666WA0089400897
B2019174748366N11952666WA0089400897
B2019184748372N11952666WA0089400898
B2019194748379N11952666WA0089400897
B2019204748384N11952665WA0089300897
B2019214748388N11952665WA0089300897
B2019224748392N11952664WA0089300897
B2019234748395N11952664WA0089300898
B2019244748397N11952664WA0089300898
B2019254748398N11952664WA0089300898
B2019264748399N11952664WA0089200898
B2019274748399N11952664WA0089200897
B2019284748400N11952664WA0089200897
B2019294748400N11952664WA0089200897
B2019304748400N11952664WA0089200897
B2019314748400N11952664WA0089200897
B2019324748400N11952664WA0089200897
B2019334748400N11952664WA0089200897
B2019344748400N11952664WA0089200897
B2019354748400N11952664WA0089200897
B2019364748400N11952664WA0089200897
B2019374748400N11952664WA0089200897
B2019384748400N11952664WA0089200897
B2019394748400N11952664WA0089200897
B2019404748400N11952664WA0089200897
B2019414748400N11952664WA0089200897
B2019424748400N11952664WA0089200898
B2019434748400N11952664WA0089200898
B2019444748400N11952664WA0089200898
B2019454748399N11952664WA0089200898
B2019464748400N11952664WA0089200898
B2019474748400N11952664WA0089200898
B2019484748400N11952664WA0089200898
B2019494748400N11952664WA0089200898
B2019504748401N11952664WA0089200898
B2019514748402N11952664WA0089200898
B2019524748403N11952665WA0089200897
B2019534748405N11952665WA0089200897
B2019544748407N11952665WA0089200897
B2019554748409N11952665WA0089200897
B2019564748412N11952665WA0089200897
B2019574748415N11952665WA0089200897
B2019584748419N11952666WA0089200897
B2019594748423N11952666WA0089200897
B2020004748427N11952666WA0089200897
B2020014748431N11952666WA0089200897
B2020024748435N11952666WA0089300897
B2020034748440N11952666WA0089300898
B2020044748445N11952666WA0089300898
B2020054748450N11952666WA0089300898
B2020064748455N11952666WA0089300898
B2020074748460N11952666WA0089300899
B2020084748466N11952666WA0089300899
B2020094748471N11952666WA0089400899
B2020104748476N11952666WA0089400900
B2020114748482N11952666WA0089400900
B2020124748488N11952666WA0089400900
B2020134748493N11952666WA0089500901
B2020144748499N11952666WA0089500901
B2020154748504N11952666WA0089500901
B2020164748510N11952666WA0089600901
B2020174748516N11952666WA0089600902
B2020184748522N11952666WA0089600902
B2020194748528N11952666WA0089700902
B2020204748534N11952667WA0089700903
B2020214748539N11952667WA0089700903
B2020224748545N11952667WA0089700903
B2020234748551N11952667WA0089800903
B2020244748557N11952667WA0089800904
B2020254748562N11952667WA0089800904
B2020264748568N11952667WA0089900904
B2020274748574N11952667WA0089900904
B2020284748580N11952667WA0089900904
B2020294748586N11952667WA0089900904
B2020304748592N11952667WA0089900905
B2020314748599N11952667WA0090000905
B2020324748605N11952667WA0090000905
B2020334748612N11952667WA0090000905
B2020344748618N11952667WA0090000905
B2020354748625N11952667WA0090000905
B2020364748632N11952667WA0090000905
B2020374748639N11952667WA0090000905
B2020384748647N11952667WA0090000905
B2020394748654N11952668WA0090100905
B2020404748662N11952668WA0090100905
B2020414748669N11952668WA0090000905
B2020424748677N11952668WA0090000905
B2020434748685N11952668WA0090000905
B2020444748694N11952668WA0090000905
B2020454748702N11952668WA0090100905
B2020464748710N11952668WA0090100905
B2020474748719N11952668WA0090100906
B2020484748727N11952668WA0090100906
B2020494748735N11952668WA0090100906
B2020504748744N11952668WA0090100906
B2020514748752N11952668WA0090100907
B2020524748760N11952668WA0090200907
B2020534748769N11952668WA0090200908
B2020544748777N11952668WA0090200908
B2020554748785N11952668WA0090200909
B2020564748793N11952668WA0090300909
B2020574748801N11952668WA0090300909
B2020584748809N11952668WA0090300909
B2020594748818N11952668WA0090400910
B2021004748826N11952668WA0090400910
B2021014748835N11952669WA0090400910
B2021024748844N11952669WA0090400910
B2021034748853N11952669WA0090400909
B2021044748862N11952669WA0090400909
B2021054748872N11952669WA0090400909
B2021064748882N11952669WA0090400908
B2021074748892N11952669WA0090400907
B2021084748903N11952669WA0090400906
B2021094748913N11952669WA0090400905
B2021104748924N11952669WA0090400904
B2021114748935N11952669WA0090300904
B2021124748945N11952669WA0090300904
B2021134748956N11952669WA0090300904
B2021144748966N11952669WA0090300903
B2021154748976N11952669WA0090200903
B2021164748987N11952669WA0090200903
B2021174748997N11952669WA0090200902
B2021184749008N11952669WA0090200902
B2021194749018N11952669WA0090200903
B2021204749028N11952669WA0090100903
B2021214749039N11952669WA0090100903
B2021224749049N11952669WA0090100903
B2021234749060N11952670WA0090100903
B2021244749071N11952670WA0090100902
B2021254749081N11952670WA0090000901
B2021264749092N11952670WA0090000901
B2021274749103N11952670WA0090000901
B2021284749113N11952670WA0090000901
B2021294749123N11952670WA0090000901
B2021304749134N11952669WA0089900901
B2021314749144N11952669WA0089900901
B2021324749154N11952669WA0089900901
B2021334749164N11952670WA0089900901
B2021344749174N11952670WA0089900901
B2021354749185N11952670WA0089900901
B2021364749195N11952670WA0089800900
B2021374749205N11952670WA0089800900
B2021384749215N11952670WA0089800900
B2021394749226N11952670WA0089800901
B2021404749237N11952670WA0089800901
B2021414749248N11952671WA0089800901
B2021424749259N11952671WA0089900901
B2021434749270N11952671WA0089900901
B2021444749281N11952671WA0089900901
B2021454749293N11952671WA0089900901
B2021464749304N11952671WA0089900901
B2021474749316N11952671WA0089900901
B2021484749328N11952671WA0090000901
B2021494749340N11952671WA0090000901
B2021504749352N11952671WA0090000901
B2021514749365N11952671WA0090000901
B2021524749377N11952671WA0090000901
B2021534749389N11952672WA0090000901
B2021544749402N11952672WA0090000901
B2021554749414N11952672WA0090000901
B2021564749427N11952672WA0090000901
B2021574749439N11952672WA0090000901
B2021584749452N11952672WA0090000901
B2021594749465N11952673WA0090000901
B2022004749477N11952673WA0090000901
B2022014749490N11952673WA0090000901
B2022024749503N11952673WA0090000901
B2022034749516N11952673WA0090000901
B2022044749528N11952673WA0090000901
B2022054749541N11952673WA0090000901
B2022064749554N11952673WA0089900902
B2022074749567N11952673WA0089900902
B2022084749579N11952673WA0089900902
B2022094749592N11952673WA0090000902
B2022104749605N11952674WA0090000902
B2022114749617N11952674WA0090000903
B2022124749630N11952674WA0090000903
B2022134749643N11952674WA0090000904
B2022144749655N11952674WA0090000904
B2022154749668N11952674WA0090100904
B2022164749680N11952674WA0090100905
B2022174749693N11952674WA0090100905
B2022184749705N11952675WA0090100906
B2022194749717N11952675WA0090200906
B2022204749728N11952675WA0090200906
B2022214749739N11952675WA0090200907
B2022224749749N11952674WA0090200907
B2022234749758N11952674WA0090200908
B2022244749767N11952672WA0090300909
B2022254749775N11952669WA0090300910
B2022264749782N11952664WA0090300912
B2022274749789N11952658WA0090400913
B2022284749794N11952651WA0090400914
B2022294749799N11952643WA0090400914
B2022304749802N11952633WA0090500915
B2022314749805N11952623WA0090600916
B2022324749806N11952611WA0090600916
B2022334749807N11952599WA0090700916
B2022344749807N11952586WA0090700916
B2022354749807N11952573WA0090800916
B2022364749807N11952559WA0090800916
B2022374749807N11952545WA0090900916
B2022384749807N11952530WA0090900915
B2022394749807N11952514WA0090900915
B2022404749807N11952497WA0090900914
B2022414749807N11952480WA0090900914
B2022424749806N11952461WA0090900913
B2022434749806N11952443WA0090900912
B2022444749806N11952424WA0090900911
B2022454749806N11952404WA0090900910
B2022464749805N11952385WA0090900909
B2022474749805N11952365WA0090800909
B2022484749805N11952345WA0090800909
B2022494749805N11952326WA0090800910
B2022504749804N11952308WA0090800912
B2022514749804N11952290WA0090900913
B2022524749804N11952273WA0090900915
B2022534749804N11952257WA0091000916
B2022544749804N11952242WA0091000917
B2022554749804N11952226WA0091100917
B2022564749804N11952211WA0091100917
B2022574749804N11952196WA0091200916
B2022584749804N11952180WA0091200915
B2022594749803N11952165WA0091200915
B2023004749803N11952149WA0091200914
B2023014749803N11952133WA0091100913
B2023024749803N11952117WA0091100912
B2023034749803N11952101WA0091100911
B2023044749803N11952084WA0091000910
B2023054749803N11952068WA0091000910
B2023064749803N11952051WA0090900909
B2023074749803N11952035WA0090900909
B2023084749803N11952019WA0090900909
B2023094749803N11952003WA0090800908
B2023104749803N11951987WA0090800907
B2023114749803N11951970WA0090700907
B2023124749803N11951953WA0090700906
B2023134749803N11951935WA0090700905
B2023144749803N11951917WA0090600904
B2023154749803N11951899WA0090600903
B2023164749802N11951882WA0090500902
B2023174749802N11951864WA0090400902
B2023184749802N11951847WA0090400901
B2023194749802N11951830WA0090300901
B2023204749802N11951813WA0090300902
B2023214749802N11951798WA0090300903
B2023224749802N11951783WA0090200904
B2023234749803N11951769WA0090200904
B2023244749804N11951755WA0090200905
B2023254749805N11951742WA0090200905
B2023264749806N11951730WA0090200905
B2023274749808N11951718WA0090200905
B2023284749809N11951707WA0090200905
B2023294749810N11951697WA0090200905
B2023304749811N11951688WA0090200905
B2023314749812N11951681WA0090200905
B2023324749812N11951676WA0090200905
B2023334749813N11951672WA0090200906
B2023344749813N11951671WA0090200906
B2023354749813N11951670WA0090100906
B2023364749813N11951670WA0090100906
B2023374749813N11951670WA0090100906
B2023384749813N11951670WA0090100906
B2023394749813N11951670WA0090100907
B2023404749813N11951670WA0090100907
B2023414749812N11951670WA0090100907
B2023424749812N11951670WA0090100907
B2023434749812N11951671WA0090100907
B2023444749812N11951671WA0090100907
B2023454749812N11951671WA0090100907
B2023464749812N11951671WA0090100907
B2023474749812N11951671WA0090100907
B2023484749812N11951671WA0090100907
B2023494749812N11951671WA0090100907
B2023504749812N11951671WA0090100907
B2023514749812N11951671WA0090100907
B2023524749812N11951671WA0090100907
B2023534749812N11951671WA0090100908
B2023544749812N11951671WA0090100908
B2023554749812N11951671WA0090100908
B2023564749812N11951671WA0090100908
B2023574749812N11951671WA0090100908
B2023584749812N11951671WA0090100908
B2023594749812N11951671WA0090100908
B2024004749812N11951671WA0090100908
B2024014749812N11951670WA0090100908
B2024024749812N11951669WA0090100908
B2024034749812N11951667WA0090100908
B2024044749813N11951664WA0090100908
B2024054749813N11951661WA0090100908
B2024064749813N11951656WA0090100908
B2024074749812N11951651WA0090100907
B2024084749811N11951644WA0090100907
B2024094749810N11951637WA0090100908
B2024104749809N11951629WA0090100908
B2024114749808N11951620WA0090100907
B2024124749808N11951610WA0090100907
B2024134749807N11951599WA0090100907
B2024144749806N11951588WA0090100907
B2024154749805N11951576WA0090200906
B2024164749804N11951563WA0090200906
B2024174749804N11951550WA0090200906
B2024184749803N11951536WA0090200906
B2024194749803N11951522WA0090200906
B2024204749803N11951507WA0090200906
B2024214749802N11951493WA0090200906
B2024224749802N11951477WA0090200906
B2024234749803N11951462WA0090200906
B2024244749803N11951446WA0090200906
B2024254749803N11951431WA0090300906
B2024264749803N11951414WA0090300906
B2024274749804N11951398WA0090300905
B2024284749804N11951381WA0090300904
B2024294749804N11951364WA0090200903
B2024304749804N11951346WA0090200902
B2024314749804N11951329WA0090200900
B2024324749804N11951310WA0090100898
B2024334749804N11951292WA0090000896
B2024344749804N11951273WA0090000895
B2024354749804N11951254WA0089800893
B2024364749804N11951234WA0089800892
B2024374749804N11951214WA0089600890
B2024384749804N11951194WA0089600889
B2024394749804N11951175WA0089400888
B2024404749804N11951155WA0089400888
B2024414749803N11951135WA0089200887
B2024424749803N11951116WA0089200887
B2024434749803N11951096WA0089100887
B2024444749803N11951077WA0089000886
B2024454749803N11951058WA0088900886
B2024464749803N11951039WA0088900886
B2024474749802N11951021WA0088800886
B2024484749802N11951002WA0088800886
B2024494749802N11950984WA0088700886
B2024504749802N11950965WA0088700885
B2024514749802N11950947WA0088600885
B2024524749802N11950928WA0088600885
B2024534749802N11950909WA0088600884
B2024544749801N11950890WA0088500883
B2024554749801N11950871WA0088500883
B2024564749801N11950852WA0088400882
B2024574749801N11950833WA0088400882
B2024584749801N11950815WA0088400882
B2024594749801N11950796WA0088300882
B2025004749801N11950778WA0088300882
B2025014749800N11950760WA0088300882
B2025024749800N11950742WA0088200882
B2025034749800N11950725WA0088200882
B2025044749800N11950707WA0088200881
B2025054749800N11950690WA0088100880
B2025064749800N11950673WA0088100880
B2025074749800N11950655WA0088000879
B2025084749800N11950637WA0088000878
B2025094749800N11950619WA0087900876
B2025104749800N11950601WA0087800875
B2025114749800N11950583WA0087700873
B2025124749800N11950564WA0087600872
B2025134749800N11950546WA0087500870
B2025144749800N11950527WA0087400869
B2025154749800N11950508WA0087300868
B2025164749800N11950489WA0087200866
B2025174749800N11950470WA0087100865
B2025184749800N11950451WA0087000863
B2025194749800N11950431WA0086900862
B2025204749800N11950411WA0086800860
B2025214749800N11950391WA0086700859
B2025224749800N11950371WA0086600857
B2025234749799N11950351WA0086400856
B2025244749799N11950331WA0086300854
B2025254749799N11950311WA0086200852
B2025264749799N11950291WA0086100851
B2025274749799N11950271WA0085900850
B2025284749799N11950250WA0085800849
B2025294749799N11950230WA0085700849
B2025304749799N11950210WA0085600848
B2025314749799N11950190WA0085500847
B2025324749799N11950170WA0085400845
B2025334749799N11950150WA0085300844
B2025344749799N11950131WA0085200844
B2025354749799N11950111WA0085100843
B2025364749799N11950091WA0085000843
B2025374749799N11950072WA0084900842
B2025384749799N11950052WA0084900842
B2025394749799N11950032WA0084800841
B2025404749800N11950012WA0084700840
B2025414749800N11949993WA0084600840
B2025424749800N11949974WA0084600840
B2025434749800N11949954WA0084500839
B2025444749800N11949935WA0084500839
B2025454749800N11949915WA0084400838
B2025464749800N11949896WA0084400838
B2025474749800N11949876WA0084300837
B2025484749800N11949856WA0084200837
B2025494749801N11949837WA0084200837
B2025504749801N11949817WA0084100836
B2025514749801N11949797WA0084100835
B2025524749801N11949777WA0084000835
B2025534749801N11949757WA0084000834
B2025544749801N11949738WA0083900834
B2025554749802N11949718WA0083900833
B2025564749802N11949698WA0083800832
B2025574749802N11949678WA0083800832
B2025584749802N11949658WA0083700831
B2025594749802N11949638WA0083600830
B2026004749802N11949619WA0083600829
B2026014749802N11949599WA0083500829
B2026024749803N11949580WA0083500828
B2026034749803N11949560WA0083400828
B2026044749803N11949540WA0083400828
B2026054749803N11949521WA0083300827
B2026064749803N11949501WA0083300828
B2026074749803N11949481WA0083300828
B2026084749803N11949461WA0083200828
B2026094749803N11949441WA0083200828
B2026104749803N11949421WA0083200828
B2026114749803N11949402WA0083200828
B2026124749804N11949383WA0083100828
B2026134749804N11949364WA0083100828
B2026144749804N11949346WA0083100828
B2026154749804N11949327WA0083100828
B2026164749804N11949309WA0083000827
B2026174749805N11949291WA0083000826
B2026184749805N11949272WA0083000825
B2026194749805N11949254WA0082900824
B2026204749805N11949236WA0082900822
B2026214749805N11949218WA0082800821
B2026224749805N11949200WA0082700819
B2026234749805N11949182WA0082600818
B2026244749805N11949164WA0082500817
B2026254749805N11949146WA0082400816
B2026264749805N11949128WA0082400815
B2026274749806N11949110WA0082300814
B2026284749806N11949092WA0082200813
B2026294749806N11949074WA0082100813
B2026304749806N11949057WA0082000812
B2026314749806N11949040WA0081900811
B2026324749806N11949024WA0081800811
B2026334749806N11949008WA0081700810
B2026344749806N11948993WA0081700810
B2026354749806N11948979WA0081600809
B2026364749806N11948965WA0081500809
B2026374749806N11948952WA0081400808
B2026384749806N11948939WA0081400808
B2026394749807N11948927WA0081300807
B2026404749807N11948916WA0081200807
B2026414749807N11948905WA0081100806
B2026424749807N11948894WA0081100806
B2026434749807N11948883WA0081000805
B2026444749806N11948873WA0081000805
B2026454749804N11948862WA0080900804
B2026464749801N11948852WA0080900804
B2026474749797N11948843WA0080800803
B2026484749791N11948834WA0080800801
B2026494749785N11948827WA0080800801
B2026504749778N11948821WA0080800800
B2026514749771N11948818WA0080700799
B2026524749763N11948816WA0080700799
B2026534749755N11948815WA0080700799
B2026544749746N11948815WA0080700799
B2026554749737N11948815WA0080700799
B2026564749728N11948815WA0080600799
B2026574749719N11948815WA0080600799
B2026584749708N11948815WA0080600799
B2026594749698N11948814WA0080600800
B2027004749687N11948814WA0080600800
B2027014749676N11948814WA0080700800
B2027024749664N11948814WA0080700800
B2027034749652N11948814WA0080700800
B2027044749641N11948814WA0080700801
B2027054749629N11948814WA0080700801
B2027064749617N11948814WA0080700801
B2027074749605N11948814WA0080800802
B2027084749594N11948813WA0080800802
B2027094749582N11948813WA0080800803
B2027104749570N11948813WA0080800804
B2027114749558N11948813WA0080900805
B2027124749546N11948813WA0080900805
B2027134749534N11948812WA0080900805
B2027144749522N11948812WA0081000805
B2027154749509N11948812WA0081000805
B2027164749497N11948811WA0081000805
B2027174749484N11948811WA0081100805
B2027184749471N11948811WA0081100805
B2027194749459N11948811WA0081100806
B2027204749446N11948810WA0081100806
B2027214749433N11948810WA0081200806
B2027224749421N11948810WA0081200807
B2027234749408N11948810WA0081200807
B2027244749395N11948809WA0081200807
B2027254749382N11948809WA0081200807
B2027264749369N11948809WA0081300807
B2027274749357N11948809WA0081300807
B2027284749344N11948809WA0081300807
B2027294749331N11948809WA0081300808
B2027304749319N11948809WA0081300808
B2027314749306N11948808WA0081300808
B2027324749294N11948808WA0081400809
B2027334749281N11948808WA0081400809
B2027344749269N11948808WA0081400810
B2027354749257N11948808WA0081500811
B2027364749245N11948808WA0081500812
B2027374749232N11948809WA0081600813
B2027384749220N11948810WA0081600814
B2027394749208N11948811WA0081700814
B2027404749195N11948812WA0081700815
B2027414749183N11948814WA0081800815
B2027424749171N11948815WA0081900815
B2027434749159N11948817WA0081900815
B2027444749147N11948819WA0081900815
B2027454749136N11948820WA0082000816
B2027464749124N11948822WA0082000816
B2027474749112N11948823WA0082100816
B2027484749101N11948824WA0082100817
B2027494749090N11948826WA0082200818
B2027504749079N11948826WA0082200819
B2027514749069N11948827WA0082300820
B2027524749060N11948828WA0082300821
B2027534749050N11948829WA0082400822
B2027544749041N11948829WA0082400823
B2027554749032N11948829WA0082500824
B2027564749023N11948829WA0082600824
B2027574749014N11948827WA0082600825
B2027584749005N11948824WA0082700825
B2027594748997N11948820WA0082700826
B2028004748990N11948814WA0082800827
B2028014748982N11948807WA0082800827
B2028024748976N11948800WA0082800827
B2028034748969N11948791WA0082900828
B2028044748963N11948782WA0082900827
B2028054748958N11948772WA0082900827
B2028064748954N11948761WA0082900827
B2028074748950N11948750WA0082900826
B2028084748946N11948738WA0082800825
B2028094748943N11948725WA0082800824
B2028104748941N11948712WA0082800823
B2028114748939N11948699WA0082700822
B2028124748938N11948685WA0082700821
B2028134748938N11948672WA0082600820
B2028144748938N11948658WA0082600819
B2028154748938N11948644WA0082500819
B2028164748938N11948631WA0082500818
B2028174748938N11948617WA0082400817
B2028184748938N11948603WA0082300816
B2028194748939N11948590WA0082200815
B2028204748938N11948577WA0082200814
B2028214748937N11948564WA0082100813
B2028224748936N11948551WA0082000812
B2028234748933N11948539WA0082000812
B2028244748928N11948527WA0081900811
B2028254748923N11948516WA0081800810
B2028264748917N11948506WA0081800809
B2028274748910N11948497WA0081700808
B2028284748903N11948490WA0081600807
B2028294748895N11948483WA0081600806
B2028304748888N11948476WA0081500805
B2028314748881N11948469WA0081500805
B2028324748874N11948463WA0081400804
B2028334748869N11948458WA0081400804
B2028344748864N11948453WA0081300804
B2028354748860N11948449WA0081200804
B2028364748856N11948446WA0081200804
B2028374748853N11948443WA0081100804
B2028384748851N11948441WA0081100804
B2028394748848N11948439WA0081000803
B2028404748846N11948439WA0081000803
B2028414748843N11948439WA0081000803
B2028424748841N11948441WA0080900803
B2028434748838N11948445WA0080900803
B2028444748835N11948450WA0080900803
B2028454748833N11948456WA0080900803
B2028464748830N11948463WA0080900804
B2028474748826N11948471WA0080900805
B2028484748823N11948479WA0080900805
B2028494748818N11948489WA0080900805
B2028504748814N11948499WA0080900806
B2028514748809N11948510WA0081000806
B2028524748804N11948521WA0081000807
B2028534748798N11948533WA0081100807
B2028544748792N11948545WA0081100808
B2028554748786N11948557WA0081100809
B2028564748779N11948569WA0081200809
B2028574748772N11948581WA0081200810
B2028584748765N11948593WA0081300810
B2028594748757N11948606WA0081300811
B2029004748749N11948617WA0081400811
B2029014748741N11948629WA0081400812
B2029024748733N11948640WA0081400812
B2029034748724N11948651WA0081500812
B2029044748715N11948662WA0081500813
B2029054748706N11948673WA0081600813
B2029064748696N11948684WA0081600813
B2029074748686N11948694WA0081700813
B2029084748676N11948704WA0081700813
B2029094748665N11948714WA0081700813
B2029104748654N11948723WA0081800813
B2029114748643N11948732WA0081800813
B2029124748631N11948741WA0081800812
B2029134748619N11948750WA0081900812
B2029144748607N11948758WA0081900812
B2029154748595N11948766WA0081900812
B2029164748582N11948773WA0081900813
B2029174748569N11948779WA0082000813
B2029184748556N11948785WA0082000814
B2029194748544N11948791WA0082000814
B2029204748531N11948796WA0082100815
B2029214748517N11948800WA0082100816
B2029224748504N11948803WA0082100817
B2029234748491N11948806WA0082200818
B2029244748479N11948809WA0082200818
B2029254748466N11948811WA0082300819
B2029264748453N11948812WA0082300820
B2029274748441N11948813WA0082400820
B2029284748429N11948813WA0082400820
B2029294748416N11948813WA0082500821
B2029304748404N11948813WA0082500821
B2029314748392N11948813WA0082500821
B2029324748380N11948813WA0082600821
B2029334748367N11948813WA0082600821
B2029344748354N11948813WA0082600821
B2029354748341N11948813WA0082700821
B2029364748328N11948813WA0082700820
B2029374748315N11948813WA0082700820
B2029384748302N11948813WA0082700820
B2029394748289N11948813WA0082700819
B2029404748275N11948813WA0082700819
B2029414748262N11948813WA0082700819
B2029424748248N11948813WA0082700819
B2029434748235N11948813WA0082700819
B2029444748221N11948813WA0082700819
B2029454748208N11948813WA0082700819
B2029464748195N11948813WA0082700820
B2029474748182N11948813WA0082700821
B2029484748169N11948813WA0082700821
B2029494748156N11948813WA0082700822
B2029504748143N11948813WA0082700822
B2029514748130N11948813WA0082800823
B2029524748117N11948813WA0082800823
B2029534748104N11948813WA0082800824
B2029544748091N11948813WA0082800824
B2029554748078N11948813WA0082900824
B2029564748065N11948813WA0082900824
B2029574748052N11948813WA0082900824
B2029584748038N11948813WA0083000825
B2029594748025N11948813WA0083000825
B2030004748011N11948813WA0083000825
B2030014747998N11948813WA0083100825
B2030024747984N11948812WA0083100825
B2030034747970N11948812WA0083100825
B2030044747957N11948812WA0083100825
B2030054747943N11948812WA0083200825
B2030064747929N11948812WA0083200825
B2030074747915N11948812WA0083100824
B2030084747901N11948812WA0083100824
B2030094747887N11948812WA0083100823
B2030104747872N11948812WA0083100822
B2030114747858N11948812WA0083100822
B2030124747843N11948812WA0083100821
B2030134747829N11948812WA0083000820
B2030144747814N11948812WA0083000819
B2030154747799N11948812WA0082900819
B2030164747784N11948812WA0082900819
B2030174747769N11948812WA0082900819
B2030184747753N11948812WA0082800818
B2030194747738N11948812WA0082800818
B2030204747723N11948812WA0082800818
B2030214747707N11948812WA0082700817
B2030224747692N11948812WA0082700817
B2030234747676N11948811WA0082700817
B2030244747661N11948811WA0082700817
B2030254747645N11948811WA0082600816
B2030264747629N11948811WA0082600816
B2030274747613N11948811WA0082600816
B2030284747598N11948811WA0082600816
B2030294747582N11948811WA0082500816
B2030304747567N11948811WA0082500816
B2030314747552N11948811WA0082500817
B2030324747536N11948811WA0082500817
B2030334747521N11948811WA0082500817
B2030344747506N11948811WA0082500818
B2030354747491N11948811WA0082500818
B2030364747476N11948811WA0082500818
B2030374747461N11948811WA0082500818
B2030384747445N11948811WA0082500818
B2030394747430N11948811WA0082500818
B2030404747415N11948811WA0082500818
B2030414747400N11948811WA0082600817
B2030424747385N11948811WA0082600818
B2030434747369N11948811WA0082600818
B2030444747354N11948811WA0082600818
B2030454747339N11948811WA0082600819
B2030464747324N11948811WA0082600819
B2030474747309N11948811WA0082600820
B2030484747294N11948811WA0082600820
B2030494747279N11948811WA0082700820
B2030504747264N11948811WA0082700821
B2030514747249N11948811WA0082700821
B2030524747234N11948811WA0082700822
B2030534747220N11948811WA0082800822
B2030544747205N11948811WA0082800822
B2030554747190N11948811WA0082800822
B2030564747175N11948811WA0082900823
B2030574747160N11948811WA0082900823
B2030584747145N11948811WA0082900823
B2030594747131N11948811WA0082900822
B2031004747116N11948811WA0082900822
B2031014747101N11948811WA0082900822
B2031024747086N11948811WA0083000821
B2031034747070N11948811WA0083000821
B2031044747055N11948811WA0083000820
B2031054747040N11948811WA0082900819
B2031064747024N11948812WA0082900819
B2031074747008N11948811WA0082900819
B2031084746993N11948811WA0082900819
B2031094746977N11948811WA0082900819
B2031104746961N11948811WA0082900819
B2031114746946N11948811WA0082900820
B2031124746930N11948812WA0082900820
B2031134746915N11948812WA0082900820
B2031144746899N11948812WA0082900820
B2031154746883N11948812WA0082900820
B2031164746867N11948811WA0082900819
B2031174746851N11948812WA0082900819
B2031184746836N11948812WA0082900819
B2031194746820N11948812WA0082900819
B2031204746804N11948812WA0082900819
B2031214746788N11948812WA0082900819
B2031224746772N11948813WA0082900820
B2031234746757N11948813WA0082900820
B2031244746741N11948813WA0082900821
B2031254746726N11948813WA0082900821
B2031264746710N11948813WA0082900822
B2031274746695N11948813WA0082900823
B2031284746680N11948813WA0083000824
B2031294746665N11948813WA0083000825
B2031304746650N11948813WA0083100826
B2031314746635N11948813WA0083100828
B2031324746621N11948814WA0083200829
B2031334746606N11948814WA0083200830
B2031344746592N11948814WA0083300831
B2031354746577N11948814WA0083400832
B2031364746563N11948814WA0083400833
B2031374746549N11948814WA0083500833
B2031384746534N11948814WA0083500834
B2031394746519N11948814WA0083600835
B2031404746504N11948814WA0083700835
B2031414746490N11948814WA0083800835
B2031424746474N11948814WA0083800835
B2031434746459N11948814WA0083900835
B2031444746443N11948814WA0083900835
B2031454746428N11948814WA0084000835
B2031464746412N11948814WA0084000835
B2031474746396N11948814WA0084000835
B2031484746381N11948814WA0084100835
B2031494746366N11948814WA0084100836
B2031504746350N11948814WA0084100836
B2031514746335N11948814WA0084200837
B2031524746320N11948815WA0084200837
B2031534746305N11948815WA0084200837
B2031544746290N11948815WA0084200837
B2031554746275N11948815WA0084300837
B2031564746260N11948815WA0084300837
B2031574746245N11948815WA0084300837
B2031584746229N11948815WA0084300837
B2031594746214N11948815WA0084300836
B2032004746198N11948815WA0084300835
B2032014746183N11948816WA0084300835
B2032024746167N11948816WA0084300835
B2032034746151N11948816WA0084300835
B2032044746136N11948816WA0084300835
B2032054746120N11948816WA0084300835
B2032064746105N11948816WA0084300835
B2032074746089N11948817WA0084300836
B2032084746073N11948817WA0084300836
B2032094746058N11948817WA0084300836
B2032104746042N11948817WA0084300836
B2032114746027N11948817WA0084300836
B2032124746011N11948817WA0084300835
B2032134745996N11948817WA0084300835
B2032144745980N11948817WA0084300835
B2032154745965N11948818WA0084300834
B2032164745950N11948818WA0084300835
B2032174745934N11948818WA0084300835
B2032184745919N11948818WA0084300836
B2032194745904N11948818WA0084300837
B2032204745890N11948818WA0084300837
B2032214745875N11948818WA0084300838
B2032224745861N11948819WA0084300839
B2032234745847N11948819WA0084400839
B2032244745832N11948819WA0084400840
B2032254745818N11948819WA0084400840
B2032264745803N11948819WA0084400840
B2032274745789N11948819WA0084500840
B2032284745774N11948819WA0084500840
B2032294745759N11948819WA0084500839
B2032304745744N11948820WA0084500839
B2032314745729N11948820WA0084500838
B2032324745714N11948820WA0084500838
B2032334745699N11948820WA0084500838
B2032344745683N11948820WA0084500838
B2032354745668N11948820WA0084500838
B2032364745653N11948820WA0084500837
B2032374745638N11948820WA0084500837
B2032384745623N11948820WA0084500837
B2032394745608N11948820WA0084500837
B2032404745592N11948820WA0084500837
B2032414745577N11948821WA0084500837
B2032424745563N11948821WA0084500836
B2032434745548N11948821WA0084500836
B2032444745533N11948821WA0084500836
B2032454745518N11948821WA0084500836
B2032464745503N11948821WA0084500836
B2032474745488N11948821WA0084500837
B2032484745474N11948822WA0084500837
B2032494745459N11948822WA0084500837
B2032504745445N11948822WA0084500838
B2032514745430N11948822WA0084500838
B2032524745415N11948822WA0084500838
B2032534745401N11948822WA0084400839
B2032544745386N11948822WA0084400839
B2032554745372N11948822WA0084400839
B2032564745357N11948822WA0084400840
B2032574745343N11948822WA0084500840
B2032584745329N11948822WA0084500840
B2032594745314N11948822WA0084500841
B2033004745300N11948822WA0084500842
B2033014745286N11948822WA0084500843
B2033024745272N11948822WA0084600843
B2033034745258N11948822WA0084600844
B2033044745244N11948822WA0084700845
B2033054745230N11948822WA0084700846
B2033064745217N11948823WA0084800847
B2033074745203N11948823WA0084800848
B2033084745190N11948823WA0084900849
B2033094745176N11948823WA0084900849
B2033104745163N11948824WA0085000850
B2033114745149N11948824WA0085000850
B2033124745136N11948824WA0085100851
B2033134745122N11948824WA0085200851
B2033144745109N11948824WA0085200851
B2033154745095N11948824WA0085200851
B2033164745081N11948825WA0085300851
B2033174745067N11948825WA0085300851
B2033184745054N11948824WA0085300851
B2033194745040N11948824WA0085300852
B2033204745026N11948824WA0085400851
B2033214745012N11948824WA0085400851
B2033224744998N11948824WA0085400850
B2033234744984N11948824WA0085400850
B2033244744970N11948824WA0085400850
B2033254744955N11948824WA0085400850
B2033264744941N11948824WA0085400850
B2033274744927N11948824WA0085500850
B2033284744913N11948824WA0085500850
B2033294744898N11948824WA0085500850
B2033304744884N11948824WA0085500850
B2033314744870N11948824WA0085500850
B2033324744855N11948824WA0085500850
B2033334744841N11948824WA0085500851
B2033344744827N11948823WA0085500852
B2033354744813N11948823WA0085600853
B2033364744799N11948823WA0085600854
B2033374744785N11948823WA0085700854
B2033384744771N11948823WA0085700854
B2033394744758N11948823WA0085700855
B2033404744744N11948823WA0085800855
B2033414744730N11948823WA0085800855
B2033424744715N11948823WA0085800855
B2033434744701N11948823WA0085800855
B2033444744687N11948823WA0085900855
B2033454744673N11948822WA0085900856
B2033464744659N11948822WA0085900857
B2033474744646N11948822WA0086000858
B2033484744634N11948822WA0086000859
B2033494744622N11948822WA0086000860
B2033504744611N11948822WA0086000859
B2033514744600N11948822WA0086000858
B2033524744588N11948822WA0086000857
B2033534744576N11948822WA0086000855
B2033544744564N11948822WA0086000854
B2033554744551N11948822WA0085900852
B2033564744539N11948822WA0085900850
B2033574744526N11948822WA0085800848
B2033584744513N11948822WA0085700847
B2033594744500N11948822WA0085700846
B2034004744487N11948822WA0085600845
B2034014744474N11948822WA0085500845
B2034024744462N11948822WA0085500845
B2034034744450N11948822WA0085400844
B2034044744438N11948822WA0085300843
B2034054744425N11948822WA0085200841
B2034064744413N11948822WA0085200840
B2034074744400N11948822WA0085100838
B2034084744386N11948822WA0085000837
B2034094744373N11948822WA0084900835
B2034104744360N11948822WA0084800834
B2034114744347N11948822WA0084700833
B2034124744334N11948822WA0084600832
B2034134744321N11948822WA0084500831
B2034144744308N11948822WA0084400829
B2034154744294N11948822WA0084300828
B2034164744281N11948822WA0084200826
B2034174744268N11948822WA0084100825
B2034184744255N11948822WA0084000823
B2034194744241N11948822WA0083800822
B2034204744228N11948822WA0083700821
B2034214744214N11948822WA0083600819
B2034224744200N11948822WA0083500817
B2034234744186N11948822WA0083300815
B2034244744172N11948822WA0083200813
B2034254744158N11948822WA0083000811
B2034264744144N11948822WA0082900810
B2034274744129N11948822WA0082800808
B2034284744115N11948822WA0082700807
B2034294744101N11948822WA0082500805
B2034304744086N11948822WA0082400804
B2034314744072N11948822WA0082200802
B2034324744057N11948822WA0082100800
B2034334744043N11948822WA0081900799
B2034344744029N11948822WA0081800798
B2034354744014N11948822WA0081600798
B2034364744000N11948822WA0081500797
B2034374743986N11948822WA0081400797
B2034384743972N11948822WA0081300797
B2034394743958N11948822WA0081200798
B2034404743945N11948822WA0081200798
B2034414743932N11948822WA0081100798
B2034424743919N11948822WA0081000798
B2034434743907N11948822WA0080900798
B2034444743896N11948822WA0080900798
B2034454743885N11948823WA0080800798
B2034464743875N11948823WA0080800798
B2034474743865N11948823WA0080700798
B2034484743855N11948823WA0080700798
B2034494743845N11948823WA0080600798
B2034504743835N11948823WA0080600797
B2034514743825N11948823WA0080500797
B2034524743815N11948823WA0080500797
B2034534743804N11948823WA0080500797
B2034544743794N11948823WA0080400796
B2034554743785N11948823WA0080400796
B2034564743775N11948823WA0080400796
B2034574743767N11948823WA0080300796
B2034584743758N11948823WA0080300795
B2034594743750N11948824WA0080200795
B2035004743743N11948824WA0080200795
B2035014743737N11948825WA0080100795
B2035024743731N11948826WA0080100794
B2035034743726N11948826WA0080000794
B2035044743722N11948826WA0080000794
B2035054743719N11948827WA0080000794
B2035064743717N11948828WA0079900793
B2035074743715N11948829WA0079900793
B2035084743714N11948831WA0079900793
B2035094743713N11948834WA0079900793
B2035104743712N11948838WA0079800793
B2035114743712N11948843WA0079800793
B2035124743712N11948849WA0079800793
B2035134743712N11948855WA0079800793
B2035144743712N11948863WA0079800794
B2035154743712N11948871WA0079800794
B2035164743712N11948880WA0079800794
B2035174743712N11948890WA0079800794
B2035184743713N11948900WA0079800794
B2035194743713N11948912WA0079800793
B2035204743713N11948925WA0079800793
B2035214743713N11948938WA0079800793
B2035224743713N11948952WA0079800793
B2035234743713N11948966WA0079800793
B2035244743713N11948981WA0079800792
B2035254743713N11948997WA0079800792
B2035264743713N11949012WA0079800792
B2035274743713N11949029WA0079800792
B2035284743713N11949045WA0079900792
B2035294743713N11949062WA0079900792
B2035304743713N11949079WA0079900792
B2035314743713N11949097WA0079900792
B2035324743713N11949115WA0079900792
B2035334743713N11949134WA0079900792
B2035344743713N11949152WA0079900792
B2035354743713N11949172WA0079900792
B2035364743713N11949191WA0079900792
B2035374743713N11949210WA0079900792
B2035384743713N11949230WA0079900792
B2035394743713N11949250WA0080000792
B2035404743713N11949269WA0080000792
B2035414743713N11949289WA0080000792
B2035424743713N11949309WA0080000791
B2035434743713N11949329WA0080000791
B2035444743713N11949349WA0080000791
B2035454743713N11949369WA0080000791
B2035464743713N11949390WA0080000791
B2035474743713N11949410WA0080000790
B2035484743713N11949431WA0080000790
B2035494743713N11949452WA0080000789
B2035504743713N11949472WA0079900789
B2035514743713N11949494WA0079900788
B2035524743713N11949515WA0079900787
B2035534743713N11949536WA0079800787
B2035544743713N11949557WA0079800787
B2035554743713N11949578WA0079800787
B2035564743713N11949598WA0079800788
B2035574743713N11949619WA0079800789
B2035584743713N11949639WA0079800790
B2035594743714N11949659WA0079800790
B2036004743714N11949679WA0079800791
B2036014743714N11949699WA0079800792
B2036024743714N11949719WA0079800792
B2036034743714N11949739WA0079800793
B2036044743714N11949758WA0079900793
B2036054743714N11949778WA0079900794
B2036064743714N11949797WA0079900794
B2036074743714N11949817WA0080000795
B2036084743714N11949836WA0080000795
B2036094743714N11949856WA0080000795
B2036104743714N11949876WA0080000796
B2036114743714N11949895WA0080100797
B2036124743714N11949915WA0080100797
B2036134743714N11949935WA0080100798
B2036144743715N11949955WA0080200798
B2036154743715N11949976WA0080200799
B2036164743715N11949996WA0080300799
B2036174743715N11950016WA0080300799
B2036184743715N11950036WA0080300799
B2036194743715N11950056WA0080400800
B2036204743715N11950076WA0080400800
B2036214743715N11950095WA0080500800
B2036224743715N11950115WA0080500800
B2036234743715N11950135WA0080500800
B2036244743715N11950154WA0080500800
B2036254743715N11950174WA0080500799
B2036264743715N11950194WA0080600799
B2036274743715N11950214WA0080600799
B2036284743715N11950234WA0080600799
B2036294743715N11950254WA0080600798
B2036304743715N11950275WA0080600798
B2036314743716N11950295WA0080600798
B2036324743716N11950316WA0080600797
B2036334743716N11950337WA0080600797
B2036344743716N11950358WA0080600797
B2036354743716N11950379WA0080600797
B2036364743716N11950400WA0080600797
B2036374743716N11950421WA0080600797
B2036384743716N11950442WA0080600797
B2036394743716N11950464WA0080600797
B2036404743716N11950485WA0080600797
B2036414743716N11950506WA0080600797
B2036424743716N11950528WA0080600797
B2036434743716N11950549WA0080600798
B2036444743717N11950570WA0080600798
B2036454743717N11950592WA0080600798
B2036464743717N11950613WA0080700799
B2036474743717N11950634WA0080700799
B2036484743717N11950656WA0080700799
B2036494743717N11950677WA0080700800
B2036504743717N11950698WA0080700801
B2036514743717N11950719WA0080800801
B2036524743717N11950740WA0080800802
B2036534743717N11950761WA0080800802
B2036544743717N11950782WA0080800803
B2036554743717N11950803WA0080900803
B2036564743717N11950824WA0080900804
B2036574743717N11950845WA0081000804
B2036584743717N11950865WA0081000805
B2036594743718N11950886WA0081000805
B2037004743718N11950907WA0081000805
B2037014743718N11950927WA0081100805
B2037024743718N11950948WA0081100806
B2037034743718N11950968WA0081100806
B2037044743718N11950988WA0081200806
B2037054743718N11951009WA0081200806
B2037064743718N11951029WA0081200806
B2037074743718N11951050WA0081300806
B2037084743718N11951070WA0081300806
B2037094743718N11951090WA0081300806
B2037104743718N11951111WA0081300806
B2037114743718N11951131WA0081300806
B2037124743718N11951151WA0081300806
B2037134743718N11951171WA0081300806
B2037144743719N11951191WA0081300807
B2037154743719N11951211WA0081300807
B2037164743719N11951231WA0081300807
B2037174743719N11951251WA0081300807
B2037184743719N11951271WA0081300807
B2037194743719N11951290WA0081300807
B2037204743719N11951309WA0081300807
B2037214743719N11951327WA0081300808
B2037224743719N11951345WA0081300808
B2037234743719N11951364WA0081400808
B2037244743719N11951382WA0081400809
B2037254743719N11951400WA0081400809
B2037264743719N11951419WA0081400809
B2037274743719N11951437WA0081400809
B2037284743720N11951456WA0081500809
B2037294743720N11951475WA0081500809
B2037304743720N11951494WA0081500809
B2037314743720N11951514WA0081500809
B2037324743720N11951534WA0081500809
B2037334743720N11951554WA0081500809
B2037344743720N11951575WA0081500808
B2037354743720N11951596WA0081600808
B2037364743720N11951617WA0081600808
B2037374743720N11951638WA0081600808
B2037384743720N11951659WA0081600808
B2037394743720N11951680WA0081600808
B2037404743720N11951701WA0081600808
B2037414743721N11951722WA0081700809
B2037424743721N11951742WA0081700809
B2037434743721N11951763WA0081700809
B2037444743721N11951784WA0081700809
B2037454743721N11951804WA0081700809
B2037464743721N11951825WA0081700809
B2037474743721N11951846WA0081700809
B2037484743721N11951867WA0081800809
B2037494743721N11951887WA0081800809
B2037504743721N11951908WA0081800809
B2037514743721N11951929WA0081800809
B2037524743721N11951949WA0081800810
B2037534743721N11951970WA0081800810
B2037544743721N11951990WA0081800810
B2037554743721N11952010WA0081900811
B2037564743722N11952030WA0081900811
B2037574743722N11952051WA0081900811
B2037584743722N11952071WA0081900812
B2037594743722N11952091WA0081900812
B2038004743722N11952111WA0082000813
B2038014743722N11952131WA0082000813
B2038024743722N11952151WA0082000814
B2038034743722N11952170WA0082000814
B2038044743723N11952190WA0082000814
B2038054743723N11952210WA0082100815
B2038064743723N11952230WA0082100815
B2038074743723N11952250WA0082100816
B2038084743723N11952270WA0082100816
B2038094743723N11952290WA0082200816
B2038104743723N11952310WA0082200816
B2038114743723N11952330WA0082200816
B2038124743723N11952350WA0082200816
B2038134743723N11952370WA0082200816
B2038144743723N11952390WA0082300816
B2038154743723N11952409WA0082300816
B2038164743723N11952429WA0082300816
B2038174743723N11952448WA0082300816
B2038184743724N11952467WA0082300816
B2038194743724N11952485WA0082300816
B2038204743724N11952502WA0082300817
B2038214743724N11952519WA0082400817
B2038224743724N11952535WA0082400817
B2038234743724N11952550WA0082300817
B2038244743724N11952565WA0082300818
B2038254743724N11952579WA0082300819
B2038264743724N11952592WA0082300819
B2038274743724N11952604WA0082300820
B2038284743724N11952616WA0082300820
B2038294743724N11952625WA0082300820
B2038304743725N11952634WA0082300820
B2038314743725N11952642WA0082300821
B2038324743725N11952649WA0082300821
B2038334743725N11952655WA0082300821
B2038344743725N11952660WA0082200821
B2038354743727N11952664WA0082200821
B2038364743729N11952667WA0082200821
B2038374743731N11952668WA0082200821
B2038384743734N11952668WA0082200821
B2038394743737N11952668WA0082200821
B2038404743741N11952668WA0082200822
B2038414743746N11952668WA0082200822
B2038424743751N11952668WA0082200822
B2038434743757N11952668WA0082200822
B2038444743763N11952667WA0082200822
B2038454743770N11952667WA0082300822
B2038464743777N11952667WA0082300822
B2038474743785N11952667WA0082300822
B2038484743793N11952667WA0082300822
B2038494743802N11952667WA0082300823
B2038504743810N11952667WA0082400823
B2038514743820N11952667WA0082400823
B2038524743829N11952667WA0082500824
B2038534743838N11952667WA0082500824
B2038544743848N11952667WA0082500825
B2038554743858N11952667WA0082600825
B2038564743868N11952667WA0082600826
B2038574743878N11952667WA0082700826
B2038584743888N11952668WA0082700827
B2038594743899N11952668WA0082700827
B2039004743909N11952668WA0082800827
B2039014743920N11952668WA0082800828
B2039024743931N11952668WA0082800828
B2039034743942N11952667WA0082900828
B2039044743953N11952667WA0082900829
B2039054743964N11952667WA0083000829
B2039064743975N11952667WA0083000830
B2039074743985N11952668WA0083100830
B2039084743996N11952668WA0083100831
B2039094744007N11952668WA0083100831
B2039104744018N11952667WA0083200831
B2039114744030N11952668WA0083200832
B2039124744041N11952668WA0083200832
B2039134744052N11952668WA0083300832
B2039144744064N11952668WA0083300832
B2039154744075N11952667WA0083300832
B2039164744087N11952667WA0083300832
B2039174744099N11952667WA0083300832
B2039184744110N11952668WA0083300831
B2039194744122N11952668WA0083300831
B2039204744135N11952668WA0083400831
B2039214744147N11952668WA0083400831
B2039224744159N11952668WA0083400831
B2039234744172N11952668WA0083400831
B2039244744185N11952668WA0083400831
B2039254744197N11952668WA0083400831
B2039264744210N11952668WA0083400831
B2039274744222N11952668WA0083400831
B2039284744235N11952668WA0083400831
B2039294744248N11952668WA0083400831
B2039304744261N11952668WA0083400832
B2039314744273N11952668WA0083400832
B2039324744286N11952668WA0083400833
B2039334744299N11952668WA0083500833
B2039344744311N11952668WA0083500834
B2039354744324N11952668WA0083500834
B2039364744336N11952668WA0083500835
B2039374744349N11952668WA0083600835
B2039384744361N11952668WA0083600835
B2039394744374N11952668WA0083600836
B2039404744386N11952668WA0083700836
B2039414744399N11952668WA0083700837
B2039424744411N11952668WA0083700837
B2039434744423N11952669WA0083700838
B2039444744436N11952669WA0083800838
B2039454744448N11952669WA0083800839
B2039464744460N11952669WA0083800840
B2039474744472N11952669WA0083900841
B2039484744484N11952669WA0083900841
B2039494744495N11952669WA0084000842
B2039504744506N11952669WA0084000844
B2039514744516N11952669WA0084100845
B2039524744526N11952669WA0084200846
B2039534744536N11952669WA0084200847
B2039544744546N11952669WA0084300847
B2039554744557N11952669WA0084300847
B2039564744567N11952669WA0084400847
B2039574744577N11952669WA0084400847
B2039584744588N11952669WA0084500846
B2039594744598N11952670WA0084500846
B2040004744609N11952670WA0084500846
B2040014744620N11952670WA0084500845
B2040024744631N11952670WA0084500845
B2040034744643N11952670WA0084500844
B2040044744654N11952670WA0084500844
B2040054744666N11952670WA0084500843
B2040064744678N11952670WA0084500843
B2040074744690N11952670WA0084500842
B2040084744702N11952670WA0084500842
B2040094744714N11952670WA0084500841
B2040104744727N11952670WA0084400841
B2040114744740N11952670WA0084400840
B2040124744753N11952670WA0084400839
B2040134744766N11952670WA0084300839
B2040144744780N11952670WA0084300838
B2040154744793N11952670WA0084200837
B2040164744807N11952670WA0084200837
B2040174744821N11952670WA0084100837
B2040184744835N11952670WA0084100837
B2040194744849N11952670WA0084100837
B2040204744862N11952670WA0084100837
B2040214744876N11952670WA0084100838
B2040224744890N11952670WA0084100838
B2040234744903N11952670WA0084100839
B2040244744917N11952670WA0084100840
B2040254744930N11952670WA0084100841
B2040264744943N11952670WA0084100842
B2040274744956N11952669WA0084200843
B2040284744969N11952669WA0084200843
B2040294744982N11952669WA0084300844
B2040304744995N11952670WA0084300844
B2040314745008N11952670WA0084400845
B2040324745021N11952670WA0084400845
B2040334745034N11952670WA0084400846
B2040344745046N11952670WA0084500847
B2040354745059N11952670WA0084500847
B2040364745072N11952669WA0084500848
B2040374745084N11952669WA0084600849
B2040384745097N11952669WA0084600849
B2040394745109N11952669WA0084700850
B2040404745122N11952669WA0084700851
B2040414745134N11952669WA0084800851
B2040424745147N11952669WA0084800852
B2040434745159N11952669WA0084900853
B2040444745171N11952669WA0084900853
B2040454745184N11952669WA0085000854
B2040464745196N11952669WA0085000854
B2040474745209N11952669WA0085100854
B2040484745221N11952669WA0085100854
B2040494745234N11952669WA0085200854
B2040504745247N11952669WA0085200854
B2040514745260N11952669WA0085200854
B2040524745273N11952669WA0085300854
B2040534745286N11952669WA0085300854
B2040544745299N11952669WA0085300854
B2040554745313N11952669WA0085400854
B2040564745327N11952669WA0085400855
B2040574745341N11952669WA0085400855
B2040584745355N11952669WA0085500855
B2040594745369N11952669WA0085500856
B2041004745383N11952669WA0085500856
B2041014745397N11952669WA0085600856
B2041024745411N11952668WA0085600857
B2041034745425N11952668WA0085600857
B2041044745438N11952668WA0085700858
B2041054745452N11952668WA0085700858
B2041064745466N11952668WA0085700859
B2041074745480N11952668WA0085800860
B2041084745494N11952668WA0085800861
B2041094745508N11952668WA0085900861
B2041104745522N11952668WA0085900862
B2041114745536N11952668WA0086000862
B2041124745550N11952668WA0086000862
B2041134745564N11952668WA0086100862
B2041144745579N11952668WA0086100863
B2041154745593N11952668WA0086200863
B2041164745608N11952668WA0086200863
B2041174745623N11952668WA0086200863
B2041184745638N11952668WA0086300864
B2041194745653N11952667WA0086300864
B2041204745668N11952667WA0086400865
B2041214745683N11952667WA0086400866
B2041224745698N11952667WA0086500867
B2041234745713N11952667WA0086500867
B2041244745728N11952667WA0086600868
B2041254745742N11952667WA0086700869
B2041264745757N11952667WA0086700870
B2041274745772N11952666WA0086800871
B2041284745787N11952666WA0086900872
B2041294745802N11952666WA0087000873
B2041304745817N11952666WA0087000874
B2041314745832N11952666WA0087100875
B2041324745847N11952666WA0087200876
B2041334745861N11952666WA0087200877
B2041344745876N11952666WA0087300878
B2041354745890N11952666WA0087400879
B2041364745905N11952666WA0087500880
B2041374745919N11952665WA0087600881
B2041384745934N11952665WA0087600882
B2041394745948N11952665WA0087800883
B2041404745963N11952665WA0087800885
B2041414745977N11952665WA0088000886
B2041424745991N11952664WA0088000888
B2041434746005N11952664WA0088200889
B2041444746019N11952664WA0088300891
B2041454746033N11952664WA0088400892
B2041464746046N11952664WA0088500893
B2041474746060N11952664WA0088700894
B2041484746074N11952664WA0088700895
B2041494746088N11952665WA0088900895
B2041504746102N11952665WA0089000896
B2041514746116N11952664WA0089100896
B2041524746130N11952665WA0089100896
B2041534746144N11952665WA0089200896
B2041544746158N11952664WA0089200896
B2041554746172N11952664WA0089300896
B2041564746185N11952664WA0089300896
B2041574746199N11952664WA0089400896
B2041584746212N11952664WA0089400896
B2041594746225N11952664WA0089400896
B2042004746237N11952664WA0089500897
B2042014746250N11952664WA0089500897
B2042024746262N11952664WA0089500898
B2042034746273N11952664WA0089600898
B2042044746285N11952664WA0089600899
B2042054746297N11952664WA0089700899
B2042064746308N11952664WA0089700900
B2042074746319N11952664WA0089700901
B2042084746329N11952664WA0089800901
B2042094746340N11952664WA0089800902
B2042104746350N11952664WA0089900902
B2042114746361N11952664WA0089900903
B2042124746372N11952664WA0089900902
B2042134746383N11952664WA0090000902
B2042144746394N11952665WA0090000901
B2042154746405N11952665WA0090000900
B2042164746417N11952665WA0090000899
B2042174746429N11952665WA0090000898
B2042184746441N11952665WA0090000897
B2042194746453N11952665WA0090000896
B2042204746466N11952665WA0089900895
B2042214746478N11952665WA0089900894
B2042224746491N11952665WA0089800893
B2042234746504N11952665WA0089800892
B2042244746517N11952665WA0089800891
B2042254746530N11952665WA0089700891
B2042264746543N11952665WA0089700891
B2042274746556N11952665WA0089600891
B2042284746570N11952665WA0089600891
B2042294746583N11952665WA0089600891
B2042304746596N11952665WA0089600891
B2042314746609N11952665WA0089500892
B2042324746623N11952665WA0089500892
B2042334746636N11952665WA0089500892
B2042344746649N11952665WA0089500893
B2042354746663N11952665WA0089500893
B2042364746676N11952665WA0089500893
B2042374746689N11952665WA0089500893
B2042384746703N11952665WA0089500893
B2042394746717N11952665WA0089500893
B2042404746730N11952665WA0089500893
B2042414746744N11952665WA0089500892
B2042424746758N11952665WA0089500892
B2042434746773N11952666WA0089500891
B2042444746787N11952666WA0089400891
B2042454746802N11952665WA0089400890
B2042464746817N11952665WA0089400889
B2042474746832N11952665WA0089300888
B2042484746847N11952665WA0089300887
B2042494746862N11952665WA0089200886
B2042504746876N11952665WA0089200886
B2042514746891N11952665WA0089200886
B2042524746904N11952665WA0089100887
B2042534746918N11952665WA0089100888
B2042544746931N11952665WA0089100889
B2042554746943N11952665WA0089100890
B2042564746955N11952665WA0089100891
B2042574746967N11952665WA0089100892
B2042584746978N11952665WA0089100893
B2042594746988N11952665WA0089100893
B2043004746998N11952665WA0089100894
B2043014747007N11952665WA0089100894
B2043024747016N11952665WA0089100894
B2043034747024N11952665WA0089100894
B2043044747033N11952665WA0089100894
B2043054747041N11952665WA0089100894
B2043064747049N11952665WA0089100894
B2043074747057N11952665WA0089100894
B2043084747064N11952665WA0089100894
B2043094747072N11952665WA0089200895
B2043104747079N11952665WA0089200895
B2043114747086N11952665WA0089200895
B2043124747093N11952665WA0089200895
B2043134747100N11952665WA0089200896
B2043144747107N11952665WA0089200896
B2043154747113N11952666WA0089200897
B2043164747120N11952666WA0089200897
B2043174747126N11952666WA0089200897
B2043184747133N11952666WA0089200897
B2043194747139N11952665WA0089200898
B2043204747146N11952665WA0089300898
B2043214747153N11952665WA0089300898
B2043224747160N11952664WA0089300898
B2043234747166N11952664WA0089300898
B2043244747173N11952664WA0089300899
B2043254747178N11952664WA0089300899
B2043264747183N11952664WA0089400899
B2043274747188N11952664WA0089400899
B2043284747191N11952664WA0089400899
B2043294747194N11952663WA0089400900
B2043304747196N11952662WA0089400899
B2043314747198N11952662WA0089400899
B2043324747199N11952662WA0089400900
B2043334747199N11952662WA0089400900
B2043344747199N11952662WA0089400900
B2043354747199N11952662WA0089400900
B2043364747199N11952662WA0089400900
B2043374747199N11952662WA0089400900
B2043384747199N11952662WA0089400900
B2043394747199N11952662WA0089400900
B2043404747199N11952662WA0089400900
B2043414747199N11952662WA0089400900
B2043424747199N11952662WA0089400900
B2043434747199N11952662WA0089400900
B2043444747199N11952662WA0089400900
B2043454747199N11952661WA0089400900
B2043464747199N11952661WA0089400900
B2043474747199N11952661WA0089400900
B2043484747199N11952661WA0089400900
B2043494747199N11952661WA0089400900
B2043504747199N11952661WA0089400900
B2043514747199N11952661WA0089400900
B2043524747199N11952661WA0089400900
B2043534747199N11952661WA0089400900
B2043544747199N11952661WA0089400900
B2043554747199N11952661WA0089400900
B2043564747199N11952661WA0089400900
B2043574747199N11952661WA0089400900
B2043584747199N11952661WA0089400901
B2043594747199N11952661WA0089400901
B2044004747199N11952661WA0089400901
B2044014747199N11952661WA0089400901
B2044024747199N11952661WA0089400901
B2044034747199N11952661WA0089400901
B2044044747199N11952661WA0089400901
B2044054747199N11952661WA0089400901
B2044064747199N11952661WA0089400901
B2044074747199N11952661WA0089400901
B2044084747199N11952661WA0089400901
B2044094747199N11952661WA0089400902
B2044104747199N11952661WA0089400902
B2044114747199N11952661WA0089400902
B2044124747199N11952661WA0089400902
B2044134747199N11952661WA0089400902
B2044144747199N11952661WA0089400902
B2044154747199N11952661WA0089400902
B2044164747199N11952661WA0089400902
B2044174747199N11952661WA0089400902
B2044184747199N11952661WA0089400902
B2044194747199N11952661WA0089400902
B2044204747199N11952661WA0089400902
B2044214747199N11952661WA0089400902
B2044224747199N11952661WA0089400902
B2044234747199N11952661WA0089400902
B2044244747199N11952661WA0089400902
B2044254747199N11952661WA0089400902
B2044264747199N11952661WA0089400902
B2044274747199N11952661WA0089400902
B2044284747199N11952661WA0089400903
B2044294747199N11952661WA0089400902
B2044304747199N11952661WA0089400902
B2044314747199N11952661WA0089400903
B2044324747199N11952661WA0089400903
B2044334747199N11952661WA0089400903
B2044344747199N11952661WA0089400903
B2044354747199N11952661WA0089400903
B2044364747199N11952661WA0089400903
B2044374747199N11952661WA0089400903
B2044384747199N11952661WA0089400903
B2044394747199N11952661WA0089400903
B2044404747199N11952661WA0089400902
B2044414747199N11952661WA0089400902
B2044424747199N11952661WA0089400902
B2044434747199N11952661WA0089400902
B2044444747199N11952661WA0089400902
B2044454747199N11952661WA0089400902
B2044464747199N11952661WA0089400902
B2044474747199N11952661WA0089400902
B2044484747199N11952661WA0089400902
B2044494747199N11952661WA0089400902
B2044504747199N11952661WA0089400902
B2044514747199N11952662WA0089400902
B2044524747199N11952662WA0089400902
B2044534747199N11952662WA0089400902
B2044544747199N11952662WA0089400902
B2044554747199N11952662WA0089400902
B2044564747199N11952662WA0089400902
B2044574747199N11952662WA0089400902
B2044584747199N11952661WA0089400902
B2044594747199N11952661WA0089400902
B2045004747199N11952661WA0089400902
B2045014747199N11952661WA0089400902
B2045024747199N11952661WA0089400902
B2045034747199N11952661WA0089400902
B2045044747199N11952661WA0089400902
B2045054747199N11952661WA0089400902
B2045064747199N11952662WA0089400902
B2045074747199N11952662WA0089400902
B2045084747199N11952662WA0089400902
B2045094747199N11952662WA0089400902
B2045104747199N11952662WA0089400902
B2045114747199N11952662WA0089400902
B2045124747199N11952661WA0089400902
B2045134747199N11952661WA0089400902
B2045144747199N11952661WA0089400902
B2045154747199N11952661WA0089400902
B2045164747199N11952661WA0089400902
B2045174747199N11952661WA0089400902
B2045184747199N11952661WA0089400902
B2045194747199N11952661WA0089400902
B2045204747199N11952661WA0089400902
B2045214747199N11952661WA0089400902
B2045224747199N11952661WA0089400903
B2045234747199N11952661WA0089400903
B2045244747199N11952661WA0089400903
B2045254747199N11952661WA0089400903
B2045264747199N11952661WA0089400903
B2045274747199N11952661WA0089400903
B2045284747199N11952661WA0089400903
B2045294747199N11952661WA0089400903
B2045304747199N11952661WA0089400903
B2045314747199N11952661WA0089400903
B2045324747199N11952661WA0089400903
B2045334747199N11952661WA0089400903
B2045344747199N11952661WA0089400903
B2045354747199N11952661WA0089400903
B2045364747199N11952661WA0089400903
B2045374747199N11952661WA0089400903
B2045384747199N11952661WA0089400903
B2045394747199N11952661WA0089400904
B2045404747199N11952661WA0089400904
B2045414747199N11952661WA0089400904
B2045424747199N11952661WA0089400904
B2045434747199N11952661WA0089400904
B2045444747199N11952661WA0089400904
B2045454747199N11952661WA0089400904
B2045464747200N11952661WA0089400904
B2045474747200N11952661WA0089400904
B2045484747200N11952661WA0089400904
B2045494747200N11952661WA0089400904
B2045504747200N11952661WA0089400904
B2045514747200N11952661WA0089400904
B2045524747200N11952661WA0089400903
B2045534747200N11952661WA0089400903
B2045544747200N11952661WA0089400903
B2045554747200N11952661WA0089400903
B2045564747200N11952661WA0089400904
B2045574747200N11952661WA0089400904
B2045584747200N11952661WA0089400904
B2045594747200N11952661WA0089400904
B2046004747200N11952661WA0089400904
B2046014747200N11952661WA0089400904
B2046024747200N11952661WA0089400904
B2046034747200N11952661WA0089400904
B2046044747200N11952661WA0089400904
B2046054747200N11952661WA0089400904
B2046064747200N11952661WA0089400904
B2046074747200N11952661WA0089400904
B2046084747200N11952661WA0089400904
B2046094747200N11952661WA0089400904
B2046104747200N11952661WA0089400904
B2046114747200N11952661WA0089400904
B2046124747200N11952661WA0089400904
B2046134747200N11952660WA0089400904
B2046144747200N11952660WA0089400904
B2046154747200N11952660WA0089400904
B2046164747200N11952660WA0089400904
B2046174747200N11952660WA0089400905
B2046184747200N11952660WA0089400905
B2046194747200N11952660WA0089400905
B2046204747200N11952660WA0089400905
B2046214747200N11952660WA0089400905
B2046224747200N11952660WA0089400905
B2046234747200N11952660WA0089400905
B2046244747200N11952660WA0089400905
B2046254747200N11952660WA0089400905
B2046264747200N11952660WA0089400905
B2046274747200N11952660WA0089400905
B2046284747200N11952660WA0089400905
B2046294747200N11952660WA0089400905
B2046304747200N11952660WA0089400905
B2046314747200N11952660WA0089400905
B2046324747200N11952660WA0089400905
B2046334747200N11952660WA0089400905
B2046344747200N11952660WA0089400905
B2046354747200N11952660WA0089400905
B2046364747200N11952660WA0089400905
B2046374747200N11952660WA0089400905
B2046384747200N11952660WA0089400905
B2046394747200N11952660WA0089400904
B2046404747200N11952660WA0089400904
B2046414747200N11952660WA0089400904
B2046424747200N11952660WA0089400904
B2046434747200N11952660WA0089400904
B2046444747200N11952660WA0089400904
B2046454747200N11952660WA0089400904
B2046464747200N11952660WA0089400904
B2046474747200N11952660WA0089400904
B2046484747200N11952660WA0089400904
B2046494747200N11952660WA0089400904
B2046504747200N11952660WA0089400904
B2046514747200N11952660WA0089400904
B2046524747200N11952660WA0089400904
B2046534747200N11952660WA0089400904
B2046544747200N11952660WA0089400904
B2046554747199N11952660WA0089400904
B2046564747199N11952660WA0089400904
B2046574747199N11952660WA0089400904
B2046584747199N11952660WA0089400904
B2046594747199N11952660WA0089400904
B2047004747199N11952660WA0089400904
B2047014747199N11952660WA0089400904
B2047024747199N11952660WA0089400904
B2047034747199N11952660WA0089400904
B2047044747199N11952660WA0089400904
B2047054747199N11952660WA0089400904
B2047064747199N11952660WA0089400904
B2047074747199N11952660WA0089400904
B2047084747199N11952660WA0089400903
B2047094747199N11952660WA0089400903
B2047104747199N11952660WA0089400903
B2047114747199N11952660WA0089400903
B2047124747199N11952660WA0089400903
B2047134747199N11952660WA0089400903
B2047144747199N11952660WA0089400903
B2047154747199N11952660WA0089400904
B2047164747199N11952660WA0089400904
B2047174747199N11952660WA0089400904
B2047184747199N11952660WA0089400904
B2047194747199N11952660WA0089400904
B2047204747199N11952660WA0089400904
B2047214747199N11952660WA0089400904
B2047224747199N11952660WA0089400904
B2047234747199N11952660WA0089400904
B2047244747199N11952660WA0089400904
B2047254747199N11952660WA0089400904
B2047264747199N11952660WA0089400904
B2047274747199N11952660WA0089400904
B2047284747199N11952660WA0089400904
B2047294747199N11952660WA0089400904
B2047304747199N11952660WA0089400904
B2047314747199N11952660WA0089400904
B2047324747199N11952660WA0089400904
B2047334747199N11952660WA0089400903
B2047344747199N11952660WA0089400903
B2047354747199N11952660WA0089400903
B2047364747199N11952660WA0089400903
B2047374747199N11952660WA0089400903
B2047384747199N11952660WA0089400903
B2047394747199N11952660WA0089400903
B2047404747199N11952660WA0089400903
B2047414747199N11952660WA0089400903
B2047424747200N11952660WA0089400903
B2047434747200N11952660WA0089400903
B2047444747201N11952661WA0089400903
B2047454747202N11952661WA0089400903
B2047464747204N11952662WA0089400903
B2047474747207N11952662WA0089400903
B2047484747210N11952663WA0089500903
B2047494747213N11952663WA0089500903
B2047504747218N11952663WA0089500902
B2047514747222N11952663WA0089600902
B2047524747228N11952663WA0089600902
B2047534747234N11952663WA0089700902
B2047544747241N11952663WA0089800902
B2047554747248N11952663WA0089900902
B2047564747255N11952664WA0089900902
B2047574747263N11952664WA0090000902
B2047584747272N11952664WA0090100902
B2047594747280N11952664WA0090200902
B2048004747289N11952664WA0090300902
B2048014747298N11952664WA0090500903
B2048024747308N11952664WA0090500903
B2048034747318N11952664WA0090600904
B2048044747328N11952664WA0090700904
B2048054747338N11952664WA0090800904
B2048064747348N11952664WA0090900905
B2048074747359N11952664WA0090900905
B2048084747370N11952664WA0090900905
B2048094747380N11952664WA0090800905
B2048104747391N11952664WA0090800905
B2048114747401N11952664WA0090700905
B2048124747412N11952664WA0090700905
B2048134747422N11952664WA0090600906
B2048144747432N11952664WA0090600906
B2048154747443N11952664WA0090600907
B2048164747453N11952664WA0090600908
B2048174747463N11952664WA0090600908
B2048184747473N11952664WA0090600908
B2048194747483N11952664WA0090600908
B2048204747493N11952664WA0090600908
B2048214747503N11952664WA0090600908
B2048224747513N11952664WA0090600908
B2048234747522N11952664WA0090600908
B2048244747532N11952664WA0090600907
B2048254747541N11952664WA0090600907
B2048264747551N11952664WA0090600906
B2048274747560N11952664WA0090500906
B2048284747570N11952664WA0090500906
B2048294747579N11952664WA0090500906
B2048304747588N11952664WA0090400905
B2048314747598N11952664WA0090400905
B2048324747608N11952664WA0090400904
B2048334747618N11952664WA0090300904
B2048344747628N11952664WA0090300903
B2048354747638N11952664WA0090300902
B2048364747648N11952664WA0090200902
B2048374747659N11952664WA0090200901
B2048384747670N11952664WA0090200901
B2048394747681N11952664WA0090100900
B2048404747692N11952664WA0090100900
B2048414747703N11952664WA0090100899
B2048424747714N11952664WA0090000899
B2048434747726N11952664WA0090000899
B2048444747737N11952664WA0090000898
B2048454747748N11952664WA0090000898
B2048464747760N11952664WA0089900897
B2048474747771N11952664WA0089900897
B2048484747782N11952664WA0089900897
B2048494747794N11952664WA0089900896
B2048504747805N11952664WA0089900896
B2048514747816N11952664WA0089800896
B2048524747828N11952664WA0089800895
B2048534747839N11952664WA0089800895
B2048544747850N11952664WA0089800895
B2048554747861N11952664WA0089800895
B2048564747872N11952664WA0089800895
B2048574747884N11952664WA0089700895
B2048584747895N11952664WA0089700895
B2048594747906N11952664WA0089700895
B2049004747918N11952664WA0089700895
B2049014747929N11952664WA0089700894
B2049024747941N11952664WA0089700894
B2049034747953N11952664WA0089700894
B2049044747964N11952664WA0089700894
B2049054747976N11952664WA0089700894
B2049064747987N11952664WA0089600894
B2049074747999N11952664WA0089600894
B2049084748011N11952664WA0089600894
B2049094748023N11952664WA0089600894
B2049104748035N11952664WA0089600894
B2049114748046N11952664WA0089600894
B2049124748056N11952664WA0089600894
B2049134748065N11952664WA0089600894
B2049144748072N11952664WA0089500894
B2049154748077N11952664WA0089500894
B2049164748080N11952664WA0089500894
B2049174748082N11952664WA0089400894
B2049184748083N11952664WA0089400894
B2049194748083N11952664WA0089400893
B2049204748083N11952664WA0089300893
B2049214748082N11952664WA0089300893
B2049224748081N11952664WA0089300893
B2049234748080N11952664WA0089300893
B2049244748079N11952664WA0089300893
B2049254748077N11952664WA0089300893
B2049264748075N11952663WA0089200893
B2049274748073N11952663WA0089200893
B2049284748072N11952663WA0089200893
B2049294748070N11952663WA0089200893
B2049304748069N11952663WA0089200893
B2049314748068N11952663WA0089200893
B2049324748067N11952663WA0089200893
B2049334748067N11952662WA0089200893
B2049344748066N11952662WA0089200893
B2049354748065N11952662WA0089200893
B2049364748065N11952662WA0089200893
B2049374748064N11952662WA0089200893
B2049384748063N11952662WA0089200893
B2049394748063N11952662WA0089200893
B2049404748062N11952662WA0089100893
B2049414748062N11952662WA0089100894
B2049424748061N11952662WA0089100894
B2049434748061N11952662WA0089100894
B2049444748061N11952662WA0089100894
B2049454748061N11952662WA0089100894
B2049464748061N11952662WA0089100894
B2049474748061N11952662WA0089100894
B2049484748061N11952662WA0089100894
B2049494748061N11952662WA0089100894
B2049504748061N11952662WA0089100895
B2049514748061N11952662WA0089100895
B2049524748061N11952662WA0089100895
B2049534748061N11952662WA0089100895
B2049544748061N11952662WA0089100895
B2049554748061N11952662WA0089100895
B2049564748061N11952662WA0089100895
B2049574748061N11952662WA0089100895
B2049584748061N11952662WA0089100895
B2049594748061N11952662WA0089100895
B2050004748061N11952662WA0089100895
B2050014748062N11952662WA0089100895
B2050024748062N11952662WA0089100895
B2050034748062N11952662WA0089000895
B2050044748062N11952662WA0089000896
B2050054748062N11952662WA0089000896
B2050064748062N11952662WA0089000896
B2050074748062N11952662WA0089000896
B2050084748062N11952662WA0089000896
B2050094748062N11952662WA0089000896
B2050104748062N11952662WA0089000896
B2050114748062N11952662WA0089000896
B2050124748062N11952662WA0089000896
B2050134748062N11952662WA0089000896
B2050144748062N11952662WA0089000896
B2050154748062N11952662WA0089000896
B2050164748062N11952662WA0089000896
B2050174748062N11952662WA0089000896
B2050184748062N11952662WA0089000896
B2050194748062N11952662WA0089000896
B2050204748062N11952662WA0089000896
B2050214748062N11952662WA0089000896
B2050224748062N11952662WA0089000895
B2050234748062N11952662WA0089000895
B2050244748062N11952662WA0089000895
B2050254748062N11952662WA0089000895
B2050264748062N11952662WA0089000895
B2050274748062N11952662WA0089000895
B2050284748062N11952662WA0089000895
B2050294748062N11952662WA0089000895
B2050304748062N11952662WA0089000894
B2050314748062N11952662WA0089000894
B2050324748062N11952662WA0089000894
B2050334748063N11952663WA0089000894
B2050344748064N11952664WA0089000894
B2050354748065N11952666WA0089000894
B2050364748065N11952668WA0089000894
B2050374748065N11952671WA0089000894
B2050384748065N11952674WA0089000894
B2050394748065N11952677WA0089000893
B2050404748065N11952681WA0089000893
B2050414748065N11952685WA0089000892
B2050424748065N11952690WA0089100892
B2050434748065N11952694WA0089100892
B2050444748065N11952699WA0089100892
B2050454748065N11952704WA0089100892
B2050464748065N11952709WA0089100892
B2050474748065N11952715WA0089100892
B2050484748065N11952720WA0089100892
B2050494748065N11952725WA0089100892
B2050504748065N11952731WA0089100892
B2050514748065N11952737WA0089100892
B2050524748065N11952743WA0089200892
B2050534748065N11952749WA0089200892
B2050544748065N11952756WA0089200892
B2050554748065N11952762WA0089200892
B2050564748065N11952769WA0089200892
B2050574748065N11952776WA0089200892
B2050584748065N11952783WA0089300893
B2050594748065N11952790WA0089300893
B2051004748065N11952797WA0089300893
B2051014748065N11952804WA0089300893
B2051024748065N11952811WA0089300893
B2051034748065N11952818WA0089300893
B2051044748065N11952825WA0089300893
B2051054748065N11952832WA0089300893
B2051064748065N11952839WA0089400894
B2051074748065N11952846WA0089400894
B2051084748065N11952853WA0089400894
B2051094748065N11952860WA0089400894
B2051104748065N11952867WA0089400894
B2051114748065N11952875WA0089400894
B2051124748065N11952882WA0089400894
B2051134748065N11952890WA0089400895
B2051144748066N11952897WA0089400895
B2051154748065N11952905WA0089400895
B2051164748065N11952913WA0089500895
B2051174748065N11952921WA0089500895
B2051184748065N11952929WA0089500895
B2051194748065N11952938WA0089500895
B2051204748065N11952947WA0089500896
B2051214748065N11952956WA0089500896
B2051224748064N11952966WA0089600896
B2051234748064N11952975WA0089600896
B2051244748065N11952985WA0089600896
B2051254748065N11952996WA0089600896
B2051264748065N11953006WA0089600897
B2051274748065N11953017WA0089600897
B2051284748065N11953028WA0089700897
B2051294748065N11953039WA0089700896
B2051304748065N11953050WA0089700896
B2051314748065N11953061WA0089700896
B2051324748065N11953072WA0089700895
B2051334748065N11953083WA0089600895
B2051344748065N11953094WA0089600895
B2051354748065N11953106WA0089600894
B2051364748065N11953117WA0089600894
B2051374748065N11953128WA0089600894
B2051384748064N11953140WA0089600894
B2051394748064N11953151WA0089600894
B2051404748064N11953162WA0089600894
B2051414748064N11953173WA0089600894
B2051424748064N11953184WA0089500894
B2051434748064N11953196WA0089500894
B2051444748064N11953207WA0089500894
B2051454748064N11953218WA0089500894
B2051464748064N11953228WA0089500894
B2051474748064N11953239WA0089500894
B2051484748064N11953250WA0089500894
B2051494748064N11953260WA0089500894
B2051504748064N11953270WA0089500894
B2051514748064N11953281WA0089500894
B2051524748064N11953291WA0089500894
B2051534748063N11953301WA0089500894
B2051544748063N11953312WA0089500894
B2051554748063N11953321WA0089500895
B2051564748063N11953331WA0089500895
B2051574748063N11953340WA0089500895
B2051584748063N11953348WA0089500895
B2051594748063N11953356WA0089500895
B2052004748063N11953364WA0089500895
B2052014748063N11953372WA0089500895
B2052024748063N11953380WA0089500896
B2052034748063N11953388WA0089600896
B2052044748064N11953396WA0089600896
B2052054748064N11953405WA0089600896
B2052064748064N11953414WA0089600896
B2052074748064N11953423WA0089600897
B2052084748064N11953433WA0089600897
B2052094748064N11953442WA0089600897
B2052104748064N11953451WA0089600897
B2052114748065N11953460WA0089700897
B2052124748065N11953469WA0089700897
B2052134748065N11953478WA0089700897
B2052144748065N11953487WA0089700898
B2052154748065N11953496WA0089700898
B2052164748065N11953505WA0089700898
B2052174748066N11953514WA0089700898
B2052184748066N11953523WA0089700899
B2052194748066N11953532WA0089800899
B2052204748065N11953540WA0089800900
B2052214748065N11953549WA0089800900
B2052224748065N11953557WA0089800900
B2052234748065N11953565WA0089900900
B2052244748065N11953574WA0089900900
B2052254748065N11953582WA0089900901
B2052264748065N11953590WA0089900901
B2052274748065N11953598WA0089900901
B2052284748065N11953605WA0089900901
B2052294748065N11953612WA0090000901
B2052304748065N11953618WA0090000901
B2052314748065N11953625WA0090000902
B2052324748065N11953630WA0090000902
B2052334748065N11953636WA0090000902
B2052344748065N11953641WA0090000902
B2052354748065N11953645WA0090000902
B2052364748065N11953647WA0090000902
B2052374748065N11953649WA0090100903
B2052384748065N11953650WA0090100903
B2052394748065N11953650WA0090100903
B2052404748065N11953650WA0090100903
B2052414748065N11953650WA0090100903
B2052424748065N11953650WA0090100903
B2052434748065N11953650WA0090100903
B2052444748065N11953650WA0090100903
B2052454748065N11953650WA0090100903
B2052464748065N11953650WA0090100903
B2052474748065N11953650WA0090100903
B2052484748065N11953650WA0090100903
B2052494748065N11953650WA0090100903
B2052504748065N11953650WA0090100903
B2052514748065N11953650WA0090100903
B2052524748065N11953650WA0090100903
B2052534748065N11953650WA0090100903
B2052544748065N11953650WA0090100902
B2052554748065N11953650WA0090100902
B2052564748065N11953650WA0090100903
B2052574748065N11953650WA0090100902
B2052584748065N11953650WA0090100902
B2052594748065N11953650WA0090100902
B2053004748065N11953650WA0090100902
B2053014748065N11953650WA0090100902
B2053024748065N11953650WA0090100902
B2053034748065N11953650WA0090100902
B2053044748065N11953650WA0090100902
B2053054748065N11953649WA0090100902
B2053064748065N11953649WA0090100902
B2053074748065N11953649WA0090100902
B2053084748065N11953649WA0090100902
B2053094748065N11953649WA0090100902
B2053104748065N11953650WA0090100902
B2053114748065N11953649WA0090100902
B2053124748065N11953650WA0090100902
B2053134748065N11953650WA0090100902
B2053144748065N11953650WA0090100902
B2053154748065N11953650WA0090100903
B2053164748065N11953650WA0090100903
B2053174748065N11953650WA0090100903
B2053184748065N11953649WA0090100903
B2053194748065N11953649WA0090100903
B2053204748065N11953649WA0090100903
B2053214748065N11953649WA0090100903
B2053224748065N11953649WA0090100903
B2053234748065N11953649WA0090100903
B2053244748065N11953649WA0090100903
B2053254748065N11953649WA0090100903
B2053264748065N11953649WA0090100903
B2053274748065N11953649WA0090100903
B2053284748065N11953649WA0090100903
B2053294748065N11953649WA0090100903
B2053304748065N11953649WA0090100903
B2053314748065N11953649WA0090100903
B2053324748065N11953649WA0090100903
B2053334748065N11953649WA0090100903
B2053344748065N11953649WA0090100903
B2053354748065N11953649WA0090100903
B2053364748065N11953649WA0090100903
B2053374748065N11953649WA0090100903
B2053384748065N11953649WA0090100903
B2053394748065N11953649WA0090100903
B2053404748065N11953649WA0090100903
B2053414748065N11953649WA0090100903
B2053424748065N11953649WA0090100903
B2053434748065N11953649WA0090100903
B2053444748065N11953649WA0090100903
B2053454748065N11953649WA0090100903
B2053464748065N11953649WA0090100903
B2053474748065N11953649WA0090100903
B2053484748065N11953649WA0090100903
B2053494748065N11953649WA0090100903
B2053504748065N11953649WA0090100903
B2053514748065N11953649WA0090100903
B2053524748065N11953649WA0090100903
B2053534748065N11953649WA0090100903
B2053544748065N11953649WA0090100903
B2053554748065N11953649WA0090100903
B2053564748065N11953649WA0090100903
B2053574748065N11953649WA0090100903
B2053584748065N11953649WA0090100903
B2053594748065N11953649WA0090100903
B2054004748065N11953649WA0090100903
B2054014748065N11953649WA0090100903
B2054024748065N11953649WA0090100903
B2054034748065N11953649WA0090100903
B2054044748065N11953649WA0090100903
B2054054748065N11953649WA0090100903
B2054064748065N11953649WA0090100903
B2054074748065N11953649WA0090100903
B2054084748065N11953649WA0090100903
B2054094748065N11953649WA0090100903
B2054104748065N11953649WA0090100903
B2054114748065N11953649WA0090100903
B2054124748065N11953649WA0090100903
B2054134748065N11953649WA0090100903
B2054144748065N11953649WA0090100903
B2054154748065N11953649WA0090100903
B2054164748065N11953649WA0090100903
B2054174748065N11953649WA0090100903
B2054184748065N11953649WA0090100903
B2054194748065N11953649WA0090100903
B2054204748065N11953649WA0090100903
B2054214748065N11953650WA0090100903
B2054224748065N11953650WA0090100904
B2054234748065N11953651WA0090100904
B2054244748065N11953652WA0090100903
B2054254748065N11953653WA0090100903
B2054264748065N11953654WA0090100903
B2054274748065N11953654WA0090100903
B2054284748065N11953655WA0090100903
B2054294748065N11953656WA0090100904
B2054304748065N11953657WA0090100904
B2054314748065N11953658WA0090100904
B2054324748065N11953659WA0090100904
B2054334748065N11953660WA0090100904
B2054344748065N11953661WA0090100904
B2054354748065N11953663WA0090200904
B2054364748065N11953665WA0090200904
B2054374748065N11953667WA0090200904
B2054384748065N11953670WA0090200904
B2054394748065N11953673WA0090200904
B2054404748065N11953676WA0090200904
B2054414748065N11953679WA0090200904
B2054424748065N11953682WA0090200904
B2054434748065N11953686WA0090200904
B2054444748065N11953690WA0090200904
B2054454748065N11953695WA0090200904
B2054464748065N11953699WA0090200904
B2054474748065N11953703WA0090200904
B2054484748065N11953707WA0090200904
B2054494748065N11953712WA0090200904
B2054504748065N11953717WA0090200904
B2054514748065N11953722WA0090200904
B2054524748065N11953728WA0090200904
B2054534748065N11953735WA0090200904
B2054544748065N11953742WA0090300904
B2054554748064N11953749WA0090300904
B2054564748064N11953756WA0090300904
B2054574748064N11953763WA0090300904
B2054584748064N11953770WA0090300904
B2054594748064N11953777WA0090300903
B2055004748064N11953785WA0090300903
B2055014748064N11953793WA0090300903
B2055024748064N11953801WA0090300903
B2055034748063N11953810WA0090400903
B2055044748063N11953819WA0090400904
B2055054748063N11953827WA0090400904
B2055064748063N11953836WA0090400904
B2055074748063N11953845WA0090400904
B2055084748062N11953853WA0090400904
B2055094748062N11953861WA0090500905
B2055104748062N11953869WA0090500905
B2055114748062N11953877WA0090500905
B2055124748062N11953885WA0090500905
B2055134748062N11953892WA0090500905
B2055144748062N11953898WA0090500905
B2055154748062N11953902WA0090500906
B2055164748062N11953903WA0090500906
B2055174748062N11953904WA0090500906
B2055184748062N11953904WA0090500906
B2055194748062N11953904WA0090500906
B2055204748062N11953904WA0090500906
B2055214748062N11953904WA0090500906
B2055224748062N11953904WA0090500906
B2055234748062N11953903WA0090500906
B2055244748062N11953902WA0090500906
B2055254748062N11953901WA0090500906
B2055264748062N11953900WA0090500906
B2055274748062N11953899WA0090500906
B2055284748062N11953898WA0090500906
B2055294748062N11953897WA0090500906
B2055304748062N11953897WA0090500906
B2055314748062N11953896WA0090500906
B2055324748062N11953896WA0090500906
B2055334748062N11953896WA0090500905
B2055344748062N11953896WA0090500905
B2055354748062N11953896WA0090500905
B2055364748062N11953896WA0090500905
B2055374748062N11953896WA0090500905
B2055384748062N11953896WA0090500905
B2055394748062N11953896WA0090500905
B2055404748062N11953896WA0090500905
B2055414748062N11953896WA0090500905
B2055424748062N11953896WA0090500905
B2055434748062N11953896WA0090500905
B2055444748062N11953896WA0090500905
B2055454748062N11953896WA0090500905
B2055464748062N11953896WA0090500905
B2055474748062N11953896WA0090500905
B2055484748062N11953896WA0090500905
B2055494748062N11953896WA0090500905
B2055504748062N11953896WA0090500905
B2055514748062N11953896WA0090500905
B2055524748062N11953896WA0090500905
B2055534748062N11953896WA0090500905
B2055544748062N11953896WA0090500905
B2055554748062N11953896WA0090500905
B2055564748062N11953896WA0090500905
B2055574748062N11953896WA0090500905
B2055584748062N11953896WA0090500905
B2055594748062N11953896WA0090500905
B2056004748062N11953896WA0090500905
B2056014748062N11953896WA0090500905
B2056024748062N11953896WA0090500905
B2056034748062N11953896WA0090500905
B2056044748062N11953896WA0090500905
B2056054748062N11953896WA0090500905
B2056064748062N11953896WA0090500905
B2056074748062N11953896WA0090500905
B2056084748062N11953896WA0090500905
B2056094748062N11953896WA0090500905
B2056104748062N11953896WA0090500905
B2056114748062N11953896WA0090500905
B2056124748062N11953896WA0090500905
B2056134748062N11953896WA0090500905
B2056144748062N11953896WA0090500905
B2056154748062N11953896WA0090500905
B2056164748062N11953896WA0090500905
B2056174748062N11953896WA0090500905
B2056184748062N11953896WA0090500905
B2056194748062N11953896WA0090500905
B2056204748062N11953896WA0090500905
B2056214748062N11953896WA0090500905
B2056224748062N11953896WA0090500905
B2056234748062N11953896WA0090500905
B2056244748062N11953896WA0090500905
B2056254748062N11953896WA0090500905
B2056264748062N11953896WA0090500905
B2056274748062N11953896WA0090500905
B2056284748062N11953896WA0090500905
B2056294748062N11953896WA0090500906
B2056304748062N11953896WA0090500906
B2056314748062N11953896WA0090500906
B2056324748062N11953896WA0090500906
B2056334748062N11953896WA0090500906
B2056344748062N11953896WA0090500906
B2056354748062N11953896WA0090500906
B2056364748062N11953896WA0090500906
B2056374748062N11953896WA0090500906
B2056384748062N11953896WA0090500906
B2056394748062N11953896WA0090500906
B2056404748062N11953896WA0090500905
B2056414748062N11953896WA0090500905
B2056424748062N11953896WA0090500905
B2056434748062N11953896WA0090500905
B2056444748062N11953896WA0090500905
B2056454748062N11953896WA0090500905
B2056464748062N11953896WA0090500905
B2056474748062N11953896WA0090500905
B2056484748062N11953896WA0090500905
B2056494748062N11953896WA0090500905
B2056504748062N11953896WA0090500905
B2056514748062N11953896WA0090500905
B2056524748062N11953896WA0090500905
B2056534748062N11953896WA0090500905
B2056544748062N11953896WA0090500905
B2056554748062N11953896WA0090500905
B2056564748062N11953896WA0090500905
B2056574748062N11953896WA0090500905
B2056584748062N11953896WA0090500905
B2056594748062N11953896WA0090500905
B2057004748062N11953896WA0090500905
B2057014748062N11953896WA0090500905
B2057024748062N11953896WA0090500905
B2057034748062N11953896WA0090500905
B2057044748062N11953896WA0090500905
B2057054748062N11953896WA0090500905
B2057064748062N11953896WA0090500905
B2057074748062N11953896WA0090500905
B2057084748062N11953896WA0090500904
B2057094748062N11953896WA0090500905
B2057104748062N11953896WA0090500905
B2057114748062N11953896WA0090500905
B2057124748062N11953896WA0090500905
B2057134748062N11953896WA0090500904
B2057144748062N11953896WA0090500904
B2057154748062N11953896WA0090500904
B2057164748062N11953896WA0090500904
B2057174748062N11953896WA0090500904
B2057184748061N11953896WA0090500904
B2057194748061N11953896WA0090500904
B2057204748061N11953897WA0090500904
B2057214748061N11953897WA0090500904
B2057224748061N11953897WA0090500904
B2057234748061N11953897WA0090500904
B2057244748061N11953898WA0090500904
B2057254748061N11953900WA0090500904
B2057264748061N11953903WA0090500904
B2057274748061N11953906WA0090500904
B2057284748062N11953910WA0090500905
B2057294748062N11953914WA0090500905
B2057304748062N11953918WA0090500905
B2057314748062N11953923WA0090600906
B2057324748062N11953928WA0090600906
B2057334748062N11953932WA0090600906
B2057344748062N11953936WA0090600906
B2057354748062N11953940WA0090600907
B2057364748062N11953943WA0090600907
B2057374748062N11953946WA0090600907
B2057384748062N11953950WA0090700907
B2057394748062N11953952WA0090700907
B2057404748062N11953954WA0090700907
B2057414748062N11953955WA0090700907
B2057424748061N11953956WA0090700907
B2057434748060N11953957WA0090700907
B2057444748060N11953957WA0090700907
B2057454748059N11953958WA0090700907
B2057464748059N11953958WA0090700908
B2057474748058N11953958WA0090700908
B2057484748057N11953958WA0090700908
B2057494748057N11953959WA0090700908
B2057504748057N11953959WA0090700908
B2057514748057N11953959WA0090700908
B2057524748057N11953958WA0090700907
B2057534748057N11953958WA0090700907
B2057544748058N11953958WA0090700907
B2057554748058N11953957WA0090700907
B2057564748058N11953957WA0090700907
B2057574748059N11953957WA0090700908
B2057584748059N11953957WA0090700908
B2057594748059N11953957WA0090700908
B2058004748059N11953956WA0090700908
B2058014748059N11953956WA0090700908
B2058024748060N11953956WA0090700908
B2058034748060N11953956WA0090700908
B2058044748061N11953956WA0090700908
B2058054748061N11953956WA0090700908
B2058064748061N11953956WA0090700908
B2058074748061N11953956WA0090700908
B2058084748061N11953956WA0090700908
B2058094748061N11953956WA0090700908
B2058104748061N11953956WA0090700908
B2058114748061N11953956WA0090700908
B2058124748061N11953956WA0090700908
B2058134748061N11953956WA0090700908
B2058144748061N11953956WA0090700908
B2058154748061N11953956WA0090700908
B2058164748061N11953956WA0090700908
B2058174748061N11953956WA0090700908
B2058184748061N11953956WA0090700908
B2058194748061N11953956WA0090700908
B2058204748061N11953956WA0090700908
B2058214748061N11953956WA0090700908
B2058224748061N11953956WA0090700908
B2058234748061N11953956WA0090700908
B2058244748061N11953957WA0090700908
B2058254748061N11953957WA0090600908
B2058264748061N11953957WA0090600908
B2058274748061N11953957WA0090600908
B2058284748061N11953957WA0090600908
B2058294748061N11953957WA0090600908
B2058304748061N11953957WA0090600908
B2058314748061N11953957WA0090600908
B2058324748061N11953957WA0090600908
B2058334748061N11953957WA0090600908
B2058344748061N11953957WA0090600908
B2058354748061N11953957WA0090600908
B2058364748061N11953957WA0090600908
B2058374748061N11953957WA0090600908
B2058384748061N11953957WA0090600908
B2058394748061N11953957WA0090600908
B2058404748061N11953957WA0090600908
B2058414748061N11953957WA0090600908
B2058424748061N11953957WA0090600908
B2058434748061N11953957WA0090600908
B2058444748061N11953957WA0090600908
B2058454748061N11953957WA0090600908
B2058464748061N11953957WA0090600908
B2058474748061N11953957WA0090500908
B2058484748061N11953957WA0090500908
B2058494748061N11953956WA0090500908
B2058504748061N11953956WA0090500908
B2058514748061N11953956WA0090500908
B2058524748061N11953956WA0090600907
B2058534748061N11953956WA0090600907
B2058544748061N11953956WA0090600907
B2058554748061N11953956WA0090600907
B2058564748061N11953956WA0090600907
B2058574748061N11953956WA0090600908
B2058584748061N11953956WA0090600908
B2058594748061N11953956WA0090600908
B2059004748061N11953956WA0090600908
B2059014748061N11953956WA0090600908
B2059024748061N11953956WA0090600908
B2059034748061N11953956WA0090600909
B2059044748061N11953956WA0090600909
B2059054748061N11953956WA0090600909
B2059064748061N11953956WA0090600909
B2059074748061N11953956WA0090600909
B2059084748061N11953956WA0090700910
B2059094748061N11953956WA0090700910
B2059104748061N11953956WA0090700910
B2059114748061N11953956WA0090700910
B2059124748061N11953956WA0090700910
B2059134748061N11953956WA0090700910
B2059144748061N11953956WA0090700910
B2059154748061N11953956WA0090700910
B2059164748060N11953955WA0090700910
B2059174748060N11953954WA0090700910
B2059184748060N11953952WA0090700910
B2059194748061N11953950WA0090700910
B2059204748061N11953948WA0090700910
B2059214748061N11953945WA0090700910
B2059224748061N11953943WA0090700909
B2059234748061N11953941WA0090600909
B2059244748062N11953938WA0090600909
B2059254748062N11953936WA0090600909
B2059264748062N11953934WA0090600908
B2059274748062N11953931WA0090600908
B2059284748062N11953929WA0090600908
B2059294748062N11953927WA0090600908
B2059304748061N11953925WA0090600908
B2059314748061N11953922WA0090600908
B2059324748061N11953919WA0090600907
B2059334748061N11953916WA0090600907
B2059344748061N11953913WA0090600907
B2059354748061N11953909WA0090600907
B2059364748061N11953906WA0090600906
B2059374748061N11953903WA0090600906
B2059384748061N11953899WA0090500906
B2059394748061N11953896WA0090500906
B2059404748061N11953892WA0090500906
B2059414748061N11953889WA0090500905
B2059424748061N11953885WA0090500905
B2059434748061N11953882WA0090500905
B2059444748061N11953879WA0090500905
B2059454748061N11953876WA0090500905
B2059464748061N11953873WA0090500905
B2059474748061N11953869WA0090500904
B2059484748061N11953865WA0090500904
B2059494748061N11953861WA0090400904
B2059504748061N11953857WA0090400904
B2059514748061N11953853WA0090400904
B2059524748061N11953849WA0090400904
B2059534748061N11953844WA0090400903
B2059544748061N11953839WA0090400903
B2059554748062N11953834WA0090400903
B2059564748062N11953830WA0090400903
B2059574748062N11953825WA0090400903
B2059584748062N11953821WA0090300902
B2059594748062N11953817WA0090300902
B2100004748062N11953813WA0090300902
B2100014748062N11953808WA0090300902
B2100024748062N11953804WA0090300902
B2100034748062N11953799WA0090300902
B2100044748063N11953794WA0090300902
B2100054748063N11953789WA0090300902
B2100064748063N11953783WA0090300902
B2100074748063N11953778WA0090300902
B2100084748063N11953772WA0090200902
B2100094748063N11953766WA0090200902
B2100104748063N11953760WA0090200902
B2100114748063N11953754WA0090200902
B2100124748063N11953748WA0090200902
B2100134748063N11953741WA0090200902
B2100144748063N11953735WA0090200902
B2100154748064N11953728WA0090200902
B2100164748064N11953721WA0090200902
B2100174748064N11953714WA0090200902
B2100184748064N11953707WA0090200902
B2100194748064N11953700WA0090200902
B2100204748064N11953693WA0090200902
B2100214748064N11953687WA0090200902
B2100224748064N11953680WA0090200902
B2100234748064N11953673WA0090200902
B2100244748064N11953666WA0090200902
B2100254748064N11953659WA0090200902
B2100264748064N11953653WA0090200901
B2100274748064N11953646WA0090100901
B2100284748064N11953639WA0090100901
B2100294748064N11953633WA0090100900
B2100304748064N11953626WA0090100900
B2100314748064N11953619WA0090100900
B2100324748064N11953612WA0090100899
B2100334748064N11953605WA0090000899
B2100344748064N11953597WA0090000899
B2100354748064N11953590WA0090000899
B2100364748064N11953583WA0090000899
B2100374748064N11953576WA0090000899
B2100384748064N11953569WA0090000898
B2100394748064N11953562WA0089900898
B2100404748064N11953555WA0089900898
B2100414748064N11953548WA0089900898
B2100424748064N11953541WA0089900898
B2100434748064N11953535WA0089900897
B2100444748064N11953528WA0089900897
B2100454748064N11953521WA0089800897
B2100464748064N11953514WA0089800897
B2100474748064N11953507WA0089800896
B2100484748064N11953500WA0089800896
B2100494748064N11953493WA0089700896
B2100504748064N11953485WA0089700895
B2100514748064N11953478WA0089700895
B2100524748064N11953470WA0089700895
B2100534748064N11953462WA0089700895
B2100544748063N11953455WA0089600895
B2100554748063N11953447WA0089600895
B2100564748063N11953439WA0089600894
B2100574748063N11953431WA0089600894
B2100584748063N11953423WA0089600894
B2100594748063N11953415WA0089600894
B2101004748062N11953407WA0089600894
B2101014748062N11953399WA0089500893
B2101024748062N11953391WA0089500893
B2101034748062N11953384WA0089500893
B2101044748062N11953376WA0089500893
B2101054748062N11953368WA0089500892
B2101064748062N11953361WA0089500892
B2101074748062N11953353WA0089500892
B2101084748062N11953345WA0089500892
B2101094748062N11953337WA0089400891
B2101104748062N11953329WA0089400891
B2101114748062N11953321WA0089400891
B2101124748063N11953313WA0089400891
B2101134748063N11953305WA0089400891
B2101144748063N11953297WA0089400890
B2101154748063N11953289WA0089400890
B2101164748063N11953280WA0089300890
B2101174748063N11953272WA0089300890
B2101184748063N11953264WA0089300890
B2101194748063N11953256WA0089300890
B2101204748063N11953247WA0089300890
B2101214748063N11953239WA0089300890
B2101224748063N11953230WA0089300890
B2101234748063N11953222WA0089300889
B2101244748063N11953214WA0089200889
B2101254748063N11953205WA0089200889
B2101264748063N11953197WA0089200889
B2101274748063N11953189WA0089200889
B2101284748063N11953180WA0089200889
B2101294748063N11953172WA0089200889
B2101304748063N11953163WA0089200889
B2101314748064N11953155WA0089200889
B2101324748064N11953147WA0089200889
B2101334748064N11953139WA0089200889
B2101344748064N11953131WA0089200889
B2101354748064N11953124WA0089200889
B2101364748064N11953117WA0089200889
B2101374748064N11953110WA0089200889
B2101384748064N11953103WA0089200889
B2101394748064N11953097WA0089200889
B2101404748064N11953091WA0089200890
B2101414748064N11953085WA0089200890
B2101424748064N11953080WA0089200890
B2101434748064N11953075WA0089200890
B2101444748064N11953070WA0089200890
B2101454748064N11953065WA0089200891
B2101464748064N11953060WA0089200891
B2101474748064N11953056WA0089200891
B2101484748064N11953051WA0089200892
B2101494748064N11953047WA0089200892
B2101504748064N11953043WA0089200892
B2101514748064N11953039WA0089200892
B2101524748064N11953036WA0089200892
B2101534748063N11953033WA0089300893
B2101544748063N11953030WA0089300893
B2101554748063N11953027WA0089300893
B2101564748063N11953025WA0089300893
B2101574748063N11953022WA0089300893
B2101584748063N11953020WA0089300893
B2101594748063N11953018WA0089300893
B2102004748063N11953015WA0089300893
B2102014748063N11953012WA0089300893
B2102024748063N11953009WA0089300893
B2102034748063N11953004WA0089400893
B2102044748063N11952999WA0089400893
B2102054748063N11952994WA0089400893
B2102064748063N11952987WA0089400893
B2102074748063N11952980WA0089400893
B2102084748064N11952972WA0089400893
B2102094748064N11952964WA0089400893
B2102104748064N11952955WA0089400893
B2102114748064N11952946WA0089400893
B2102124748064N11952936WA0089400892
B2102134748064N11952926WA0089400892
B2102144748064N11952915WA0089400892
B2102154748064N11952905WA0089400892
B2102164748064N11952894WA0089400891
B2102174748064N11952882WA0089400891
B2102184748064N11952871WA0089400891
B2102194748064N11952860WA0089400891
B2102204748064N11952848WA0089400891
B2102214748064N11952837WA0089300891
B2102224748064N11952826WA0089300891
B2102234748064N11952814WA0089300890
B2102244748064N11952804WA0089300890
B2102254748064N11952793WA0089300890
B2102264748064N11952783WA0089300890
B2102274748064N11952773WA0089300890
B2102284748064N11952763WA0089300889
B2102294748064N11952753WA0089300889
B2102304748064N11952744WA0089200889
B2102314748064N11952734WA0089200889
B2102324748064N11952726WA0089200889
B2102334748064N11952717WA0089200889
B2102344748064N11952710WA0089200888
B2102354748064N11952703WA0089100888
B2102364748064N11952697WA0089100888
B2102374748064N11952692WA0089100888
B2102384748064N11952687WA0089100888
B2102394748064N11952683WA0089100888
B2102404748064N11952680WA0089100888
B2102414748064N11952678WA0089000888
B2102424748064N11952677WA0089000888
B2102434748064N11952677WA0089000888
B2102444748064N11952677WA0089000888
B2102454748064N11952677WA0089000888
B2102464748064N11952677WA0089000888
B2102474748064N11952677WA0089000888
B2102484748064N11952677WA0089000888
B2102494748064N11952677WA0089000888
B2102504748064N11952677WA0089000888
B2102514748064N11952677WA0089000888
B2102524748064N11952677WA0089000888
B2102534748064N11952677WA0089000888
B2102544748064N11952677WA0089000888
B2102554748064N11952677WA0089000888
B2102564748064N11952677WA0089000888
B2102574748064N11952677WA0089000888
B2102584748064N11952677WA0089000888
B2102594748064N11952677WA0089000888
B2103004748064N11952677WA0089000888
B2103014748064N11952677WA0089000888
B2103024748064N11952677WA0089000888
B2103034748064N11952677WA0089000888
B2103044748064N11952677WA0089000888
B2103054748064N11952677WA0089000888
B2103064748064N11952677WA0089000888
B2103074748064N11952677WA0089000888
B2103084748064N11952677WA0089000888
B2103094748064N11952677WA0089000888
B2103104748064N11952677WA0089000888
B2103114748064N11952677WA0089000889
B2103124748064N11952677WA0089000889
B2103134748064N11952677WA0089000889
B2103144748064N11952677WA0089000889
B2103154748064N11952677WA0089000889
B2103164748064N11952676WA0089000889
B2103174748064N11952676WA0089000889
B2103184748064N11952676WA0089000889
B2103194748064N11952676WA0089000889
B2103204748064N11952676WA0089000889
B2103214748064N11952676WA0089000889
B2103224748064N11952676WA0089000889
B2103234748064N11952676WA0089000889
B2103244748064N11952676WA0089000889
B2103254748064N11952676WA0089000889
B2103264748064N11952676WA0089000889
B2103274748064N11952676WA0089000889
B2103284748064N11952676WA0089000889
B2103294748064N11952676WA0089000889
B2103304748064N11952676WA0089000889
B2103314748064N11952676WA0089000889
B2103324748064N11952676WA0089000889
B2103334748064N11952676WA0089100889
B2103344748064N11952676WA0089100889
B2103354748064N11952676WA0089100889
B2103364748064N11952676WA0089100889
B2103374748064N11952676WA0089100889
B2103384748064N11952676WA0089100889
B2103394748064N11952676WA0089100889
B2103404748064N11952676WA0089100889
B2103414748064N11952675WA0089100889
B2103424748064N11952674WA0089100889
B2103434748065N11952672WA0089100889
B2103444748065N11952671WA0089100890
B2103454748066N11952669WA0089100890
B2103464748068N11952668WA0089100890
B2103474748070N11952667WA0089100890
B2103484748073N11952666WA0089100890
B2103494748077N11952666WA0089100890
B2103504748081N11952665WA0089200890
B2103514748086N11952665WA0089200890
B2103524748092N11952665WA0089200890
B2103534748098N11952665WA0089200890
B2103544748104N11952665WA0089200890
B2103554748112N11952665WA0089300890
B2103564748119N11952665WA0089300890
B2103574748128N11952665WA0089300890
B2103584748136N11952665WA0089400890
B2103594748145N11952665WA0089400890
B2104004748155N11952665WA0089400890
B2104014748165N11952666WA0089400890
B2104024748175N11952666WA0089500891
B2104034748185N11952666WA0089500891
B2104044748195N11952666WA0089500891
B2104054748206N11952665WA0089600891
B2104064748216N11952665WA0089600892
B2104074748227N11952666WA0089600893
B2104084748237N11952666WA0089600893
B2104094748248N11952666WA0089700893
B2104104748258N11952666WA0089700893
B2104114748269N11952666WA0089700893
B2104124748281N11952666WA0089700893
B2104134748292N11952666WA0089700892
B2104144748303N11952666WA0089700892
B2104154748315N11952666WA0089700892
B2104164748327N11952666WA0089700892
B2104174748339N11952666WA0089700892
B2104184748351N11952666WA0089700892
B2104194748363N11952667WA0089700892
B2104204748376N11952667WA0089700892
B2104214748388N11952667WA0089700892
B2104224748400N11952667WA0089700892
B2104234748413N11952667WA0089700892
B2104244748425N11952667WA0089700892
B2104254748437N11952667WA0089700892
B2104264748450N11952667WA0089700893
B2104274748462N11952667WA0089800893
B2104284748474N11952667WA0089800894
B2104294748486N11952667WA0089800894
B2104304748498N11952667WA0089800895
B2104314748510N11952667WA0089900896
B2104324748522N11952667WA0089900896
B2104334748534N11952667WA0089900897
B2104344748546N11952667WA0089900898
B2104354748558N11952667WA0090000898
B2104364748570N11952667WA0090000898
B2104374748581N11952667WA0090100899
B2104384748593N11952667WA0090100899
B2104394748605N11952667WA0090200899
B2104404748617N11952668WA0090200899
B2104414748629N11952668WA0090200899
B2104424748641N11952668WA0090200899
B2104434748653N11952668WA0090300899
B2104444748665N11952668WA0090300899
B2104454748677N11952668WA0090300899
B2104464748689N11952668WA0090300899
B2104474748701N11952668WA0090400899
B2104484748713N11952668WA0090400899
B2104494748726N11952668WA0090400899
B2104504748738N11952668WA0090400900
B2104514748750N11952668WA0090500900
B2104524748762N11952668WA0090500901
B2104534748773N11952668WA0090500902
B2104544748784N11952669WA0090600902
B2104554748795N11952668WA0090600903
B2104564748806N11952668WA0090600903
B2104574748817N11952668WA0090600904
B2104584748827N11952669WA0090700904
B2104594748838N11952669WA0090700903
B2105004748849N11952669WA0090600903
B2105014748860N11952669WA0090600903
B2105024748871N11952669WA0090600902
B2105034748883N11952669WA0090600902
B2105044748895N11952669WA0090600900
B2105054748908N11952669WA0090600899
B2105064748921N11952669WA0090600898
B2105074748934N11952669WA0090600897
B2105084748947N11952669WA0090500897
B2105094748960N11952669WA0090500897
B2105104748973N11952669WA0090400896
B2105114748986N11952669WA0090400896
B2105124748998N11952669WA0090400896
B2105134749011N11952669WA0090400896
B2105144749024N11952669WA0090400896
B2105154749036N11952669WA0090300896
B2105164749049N11952670WA0090300896
B2105174749061N11952670WA0090300896
B2105184749074N11952670WA0090300895
B2105194749086N11952670WA0090200894
B2105204749098N11952670WA0090200894
B2105214749110N11952670WA0090200894
B2105224749122N11952670WA0090200894
B2105234749134N11952670WA0090200894
B2105244749145N11952670WA0090200894
B2105254749157N11952670WA0090100894
B2105264749168N11952670WA0090100894
B2105274749179N11952671WA0090100893
B2105284749189N11952671WA0090100893
B2105294749200N11952671WA0090100893
B2105304749210N11952671WA0090100893
B2105314749221N11952671WA0090000893
B2105324749231N11952671WA0090000894
B2105334749240N11952671WA0090000894
B2105344749250N11952671WA0090000894
B2105354749259N11952671WA0090000893
B2105364749268N11952671WA0089900893
B2105374749277N11952671WA0089900893
B2105384749286N11952671WA0089900894
B2105394749294N11952671WA0089900894
B2105404749302N11952671WA0089900893
B2105414749310N11952671WA0089900893
B2105424749317N11952671WA0089800893
B2105434749324N11952672WA0089800893
B2105444749331N11952672WA0089800893
B2105454749337N11952672WA0089800893
B2105464749342N11952672WA0089800893
B2105474749347N11952672WA0089700893
B2105484749351N11952672WA0089700893
B2105494749354N11952672WA0089700893
B2105504749357N11952672WA0089700893
B2105514749358N11952672WA0089700893
B2105524749359N11952672WA0089600893
B2105534749360N11952672WA0089600893
B2105544749360N11952672WA0089600893
B2105554749360N11952672WA0089600893
B2105564749360N11952672WA0089600893
B2105574749360N11952672WA0089500893
B2105584749360N11952672WA0089500893
B2105594749360N11952672WA0089500893
B2106004749361N11952672WA0089500894
B2106014749362N11952672WA0089500894
B2106024749362N11952672WA0089500894
B2106034749362N11952672WA0089500894
B2106044749362N11952672WA0089400894
B2106054749362N11952672WA0089400894
B2106064749363N11952672WA0089400894
B2106074749363N11952672WA0089400894
B2106084749364N11952672WA0089400894
B2106094749364N11952672WA0089400894
B2106104749365N11952671WA0089400894
B2106114749366N11952671WA0089400894
B2106124749367N11952671WA0089400894
B2106134749369N11952670WA0089400894
B2106144749370N11952670WA0089400895
B2106154749371N11952669WA0089400895
B2106164749372N11952669WA0089400895
B2106174749373N11952669WA0089400895
B2106184749373N11952669WA0089400895
B2106194749374N11952669WA0089400895
B2106204749375N11952669WA0089400895
B2106214749375N11952669WA0089400895
B2106224749375N11952669WA0089400895
B2106234749375N11952669WA0089400895
B2106244749375N11952669WA0089400895
B2106254749375N11952669WA0089400895
B2106264749375N11952669WA0089400896
B2106274749375N11952669WA0089400896
B2106284749375N11952669WA0089400896
B2106294749375N11952669WA0089400896
B2106304749375N11952669WA0089500896
B2106314749375N11952669WA0089500896
B2106324749375N11952669WA0089500896
B2106334749375N11952669WA0089500896
B2106344749375N11952669WA0089400896
B2106354749375N11952669WA0089400896
B2106364749375N11952669WA0089400896
B2106374749375N11952669WA0089400896
B2106384749375N11952669WA0089400896
B2106394749375N11952669WA0089400896
B2106404749375N11952669WA0089400896
B2106414749375N11952669WA0089400896
B2106424749375N11952669WA0089400896
B2106434749375N11952669WA0089400896
B2106444749375N11952669WA0089400896
B2106454749375N11952669WA0089400896
B2106464749375N11952669WA0089400896
B2106474749375N11952669WA0089400896
B2106484749374N11952669WA0089400896
B2106494749374N11952669WA0089400896
B2106504749373N11952669WA0089400896
B2106514749373N11952669WA0089400896
B2106524749372N11952669WA0089400896
B2106534749372N11952669WA0089400896
B2106544749372N11952669WA0089400896
B2106554749372N11952669WA0089400896
B2106564749372N11952669WA0089400896
B2106574749372N11952669WA0089400896
B2106584749372N11952669WA0089400896
B2106594749372N11952669WA0089400896
B2107004749372N11952669WA0089400896
B2107014749372N11952669WA0089400896
B2107024749372N11952669WA0089400897
B2107034749372N11952669WA0089400897
B2107044749372N11952669WA0089400896
B2107054749372N11952669WA0089400896
B2107064749372N11952669WA0089400896
B2107074749372N11952669WA0089400896
B2107084749372N11952669WA0089400896
B2107094749372N11952669WA0089400896
B2107104749372N11952669WA0089400896
B2107114749372N11952669WA0089400896
B2107124749372N11952669WA0089400896
B2107134749372N11952669WA0089400896
B2107144749372N11952669WA0089400896
B2107154749372N11952669WA0089400896
B2107164749372N11952669WA0089400896
B2107174749372N11952669WA0089400896
B2107184749372N11952669WA0089400896
B2107194749372N11952669WA0089400896
B2107204749373N11952669WA0089400896
B2107214749373N11952669WA0089400896
B2107224749373N11952669WA0089400896
B2107234749373N11952669WA0089400897
B2107244749373N11952669WA0089400897
B2107254749373N11952669WA0089400897
B2107264749373N11952669WA0089500897
B2107274749373N11952669WA0089500897
B2107284749373N11952669WA0089500897
B2107294749373N11952669WA0089500897
B2107304749373N11952669WA0089500897
B2107314749373N11952669WA0089500897
B2107324749373N11952669WA0089500897
B2107334749373N11952669WA0089500897
B2107344749373N11952669WA0089600897
B2107354749373N11952669WA0089600897
B2107364749373N11952669WA0089600897
B2107374749373N11952669WA0089600897
B2107384749373N11952669WA0089600897
B2107394749373N11952669WA0089600897
B2107404749373N11952669WA0089600897
B2107414749373N11952669WA0089600897
B2107424749373N11952669WA0089600897
B2107434749373N11952669WA0089600897
B2107444749373N11952669WA0089600897
B2107454749373N11952669WA0089600897
B2107464749373N11952669WA0089600897
B2107474749373N11952669WA0089600897
B2107484749373N11952669WA0089600897
B2107494749373N11952669WA0089600897
B2107504749373N11952669WA0089600897
B2107514749373N11952669WA0089600897
B2107524749373N11952669WA0089600897
B2107534749373N11952669WA0089600897
B2107544749373N11952669WA0089600897
B2107554749373N11952669WA0089600897
B2107564749373N11952669WA0089600897
B2107574749373N11952669WA0089600898
B2107584749373N11952669WA0089600898
B2107594749373N11952669WA0089600898
B2108004749373N11952669WA0089600898
B2108014749373N11952669WA0089600898
B2108024749373N11952669WA0089600898
B2108034749373N11952669WA0089600898
B2108044749373N11952669WA0089600898
B2108054749373N11952669WA0089600898
B2108064749373N11952669WA0089600898
B2108074749373N11952669WA0089600898
B2108084749373N11952669WA0089600898
B2108094749373N11952669WA0089600898
B2108104749373N11952669WA0089600898
B2108114749373N11952669WA0089600898
B2108124749373N11952669WA0089600898
B2108134749373N11952669WA0089600898
B2108144749373N11952669WA0089600898
B2108154749373N11952669WA0089600898
B2108164749373N11952669WA0089600898
B2108174749373N11952669WA0089600898
B2108184749373N11952669WA0089600898
B2108194749373N11952669WA0089600898
B2108204749373N11952669WA0089600898
B2108214749373N11952669WA0089600898
B2108224749373N11952669WA0089600898
B2108234749373N11952669WA0089600898
B2108244749373N11952669WA0089600898
B2108254749373N11952669WA0089600897
B2108264749373N11952669WA0089600897
B2108274749373N11952669WA0089600897
B2108284749373N11952669WA0089600897
B2108294749373N11952669WA0089600897
B2108304749373N11952669WA0089600897
B2108314749373N11952669WA0089600897
B2108324749372N11952669WA0089600897
B2108334749372N11952669WA0089600896
B2108344749372N11952669WA0089600896
B2108354749372N11952669WA0089600896
B2108364749372N11952669WA0089600896
B2108374749372N11952669WA0089600896
B2108384749372N11952669WA0089600896
B2108394749372N11952669WA0089600896
B2108404749372N11952669WA0089600895
B2108414749372N11952669WA0089600895
B2108424749372N11952669WA0089600895
B2108434749372N11952669WA0089600895
B2108444749372N11952669WA0089600895
B2108454749372N11952669WA0089600895
B2108464749372N11952669WA0089600895
B2108474749372N11952669WA0089600895
B2108484749372N11952669WA0089600895
B2108494749372N11952669WA0089600895
B2108504749372N11952669WA0089600895
B2108514749372N11952669WA0089600895
B2108524749372N11952669WA0089600895
B2108534749372N11952669WA0089600895
B2108544749372N11952669WA0089600895
B2108554749372N11952669WA0089600895
B2108564749372N11952669WA0089600895
B2108574749372N11952669WA0089600895
B2108584749372N11952669WA0089600895
B2108594749372N11952669WA0089600895
B2109004749372N11952669WA0089600895
B2109014749372N11952669WA0089600895
B2109024749372N11952669WA0089600895
B2109034749372N11952669WA0089600895
B2109044749372N11952668WA0089600895
B2109054749372N11952668WA0089600895
B2109064749372N11952668WA0089600895
B2109074749372N11952668WA0089600895
B2109084749372N11952668WA0089600895
B2109094749372N11952668WA0089600895
B2109104749372N11952668WA0089600895
B2109114749372N11952668WA0089600895
B2109124749372N11952668WA0089600895
B2109134749372N11952668WA0089700895
B2109144749372N11952668WA0089700895
B2109154749372N11952668WA0089700895
B2109164749372N11952668WA0089700895
B2109174749372N11952668WA0089700895
B2109184749372N11952668WA0089700895
B2109194749372N11952668WA0089700895
B2109204749372N11952668WA0089600895
B2109214749372N11952668WA0089600895
B2109224749372N11952668WA0089600895
B2109234749372N11952668WA0089600895
B2109244749372N11952668WA0089600895
B2109254749372N11952668WA0089600895
B2109264749372N11952668WA0089600895
B2109274749372N11952668WA0089600895
B2109284749372N11952668WA0089600895
B2109294749372N11952668WA0089600895
B2109304749372N11952668WA0089600895
B2109314749372N11952668WA0089600894
B2109324749372N11952668WA0089600894
B2109334749372N11952668WA0089600894
B2109344749372N11952668WA0089600895
B2109354749372N11952668WA0089600895
B2109364749372N11952668WA0089600895
B2109374749372N11952668WA0089600895
B2109384749372N11952668WA0089600895
B2109394749372N11952668WA0089600895
B2109404749372N11952668WA0089600895
B2109414749372N11952668WA0089600895
B2109424749372N11952668WA0089600895
B2109434749372N11952668WA0089600895
B2109444749372N11952668WA0089600895
B2109454749372N11952668WA0089600895
B2109464749372N11952668WA0089600895
B2109474749372N11952668WA0089600896
B2109484749372N11952668WA0089600896
B2109494749372N11952668WA0089600896
B2109504749372N11952668WA0089600896
B2109514749372N11952668WA0089600896
B2109524749372N11952668WA0089600896
B2109534749372N11952668WA0089600896
B2109544749372N11952668WA0089600896
B2109554749372N11952668WA0089600896
B2109564749372N11952668WA0089600896
B2109574749372N11952668WA0089600896
B2109584749372N11952668WA0089600896
B2109594749372N11952668WA0089600896
B2110004749372N11952668WA0089600896
B2110014749372N11952668WA0089600896
B2110024749372N11952668WA0089600896
B2110034749372N11952668WA0089600896
B2110044749372N11952668WA0089600896
B2110054749372N11952668WA0089600896
B2110064749372N11952668WA0089600895
B2110074749372N11952668WA0089600896
B2110084749372N11952668WA0089600896
B2110094749372N11952668WA0089600896
B2110104749372N11952668WA0089600896
B2110114749372N11952668WA0089600896
B2110124749372N11952668WA0089600896
B2110134749372N11952668WA0089600896
B2110144749372N11952668WA0089600895
B2110154749372N11952668WA0089600895
B2110164749372N11952668WA0089600895
B2110174749372N11952668WA0089600895
B2110184749372N11952668WA0089600895
B2110194749372N11952668WA0089600895
B2110204749372N11952668WA0089600895
B2110214749372N11952668WA0089600895
B2110224749372N11952669WA0089600895
B2110234749372N11952669WA0089600895
B2110244749372N11952669WA0089600896
B2110254749372N11952668WA0089600896
B2110264749372N11952668WA0089600896
B2110274749372N11952669WA0089600896
B2110284749372N11952669WA0089600896
B2110294749372N11952668WA0089600896
B2110304749372N11952668WA0089600896
B2110314749372N11952668WA0089600896
B2110324749372N11952668WA0089600896
B2110334749372N11952668WA0089600896
B2110344749372N11952668WA0089600895
B2110354749372N11952669WA0089600895
B2110364749372N11952669WA0089600895
B2110374749372N11952669WA0089600895
B2110384749372N11952669WA0089600894
B2110394749372N11952669WA0089500894
B2110404749372N11952669WA0089500894
B2110414749372N11952669WA0089500894
B2110424749372N11952669WA0089500894
B2110434749372N11952669WA0089500893
B2110444749372N11952669WA0089500893
B2110454749372N11952669WA0089500893
B2110464749372N11952669WA0089500893
B2110474749372N11952669WA0089500894
B2110484749372N11952669WA0089500894
B2110494749372N11952669WA0089500894
B2110504749372N11952669WA0089500894
B2110514749372N11952669WA0089500894
B2110524749372N11952669WA0089500894
B2110534749372N11952669WA0089500894
B2110544749372N11952669WA0089500894
B2110554749372N11952669WA0089500894
B2110564749372N11952669WA0089500894
B2110574749372N11952669WA0089500894
B2110584749372N11952669WA0089500894
B2110594749372N11952669WA0089500894
B2111004749372N11952669WA0089500894
B2111014749372N11952669WA0089500894
B2111024749372N11952669WA0089500894
B2111034749371N11952669WA0089500894
B2111044749371N11952669WA0089500894
B2111054749371N11952669WA0089500894
B2111064749371N11952669WA0089500894
B2111074749371N11952669WA0089500894
B2111084749371N11952669WA0089500894
B2111094749371N11952669WA0089500894
B2111104749371N11952669WA0089500894
B2111114749371N11952669WA0089500894
B2111124749371N11952669WA0089500893
B2111134749371N11952669WA0089500893
B2111144749371N11952669WA0089500893
B2111154749371N11952669WA0089500893
B2111164749371N11952669WA0089500893
B2111174749371N11952669WA0089500893
B2111184749371N11952669WA0089500893
B2111194749371N11952669WA0089500893
B2111204749371N11952669WA0089500893
B2111214749371N11952669WA0089500893
B2111224749371N11952669WA0089500893
B2111234749371N11952669WA0089500893
B2111244749371N11952668WA0089500893
B2111254749371N11952669WA0089500893
B2111264749371N11952669WA0089600893
B2111274749371N11952669WA0089600893
B2111284749371N11952669WA0089600893
B2111294749372N11952669WA0089600893
B2111304749371N11952669WA0089600893
B2111314749371N11952669WA0089600893
B2111324749371N11952669WA0089600893
B2111334749372N11952669WA0089600893
B2111344749372N11952669WA0089600893
B2111354749372N11952669WA0089600894
B2111364749372N11952669WA0089600894
B2111374749372N11952669WA0089600894
B2111384749372N11952669WA0089600894
B2111394749372N11952669WA0089600894
B2111404749372N11952669WA0089600894
B2111414749372N11952669WA0089600894
B2111424749372N11952669WA0089600894
B2111434749372N11952669WA0089600894
B2111444749372N11952669WA0089600894
B2111454749372N11952669WA0089600894
B2111464749372N11952669WA0089600894
B2111474749372N11952669WA0089600894
B2111484749372N11952669WA0089600894
B2111494749372N11952669WA0089600893
B2111504749372N11952669WA0089600894
B2111514749372N11952669WA0089600894
B2111524749372N11952669WA0089600894
B2111534749372N11952669WA0089600894
B2111544749372N11952669WA0089600894
B2111554749372N11952669WA0089600894
B2111564749372N11952668WA0089600894
B2111574749372N11952668WA0089600894
B2111584749372N11952668WA0089600894
B2111594749372N11952668WA0089600894
B2112004749372N11952668WA0089600894
B2112014749372N11952668WA0089600893
B2112024749372N11952668WA0089600894
B2112034749372N11952668WA0089600894
B2112044749372N11952668WA0089600894
B2112054749372N11952668WA0089600894
B2112064749372N11952668WA0089600894
B2112074749372N11952669WA0089600894
B2112084749372N11952669WA0089600894
B2112094749372N11952669WA0089600894
B2112104749372N11952669WA0089600894
B2112114749372N11952669WA0089600894
B2112124749372N11952669WA0089600894
B2112134749372N11952669WA0089600894
B2112144749372N11952669WA0089600894
B2112154749372N11952669WA0089600894
B2112164749372N11952669WA0089600894
B2112174749372N11952669WA0089600894
B2112184749372N11952669WA0089600894
B2112194749372N11952669WA0089600894
B2112204749372N11952669WA0089600894
B2112214749372N11952669WA0089600894
B2112224749372N11952669WA0089600894
B2112234749372N11952669WA0089600895
B2112244749372N11952669WA0089600895
B2112254749372N11952669WA0089600895
B2112264749372N11952669WA0089600894
B2112274749372N11952669WA0089600895
B2112284749372N11952669WA0089600895
B2112294749372N11952669WA0089600895
B2112304749372N11952669WA0089600894
B2112314749372N11952669WA0089600894
B2112324749372N11952669WA0089600894
B2112334749372N11952669WA0089600895
B2112344749372N11952669WA0089600895
B2112354749372N11952669WA0089600895
B2112364749372N11952669WA0089600895
B2112374749372N11952669WA0089600895
B2112384749372N11952669WA0089600895
B2112394749372N11952669WA0089600895
B2112404749372N11952669WA0089600895
B2112414749372N11952669WA0089600895
B2112424749372N11952669WA0089600895
B2112434749372N11952669WA0089600895
B2112444749372N11952669WA0089600895
B2112454749372N11952669WA0089600895
B2112464749372N11952669WA0089600895
B2112474749372N11952669WA0089600895
B2112484749372N11952669WA0089600895
B2112494749372N11952669WA0089600895
B2112504749372N11952669WA0089600895
B2112514749372N11952669WA0089600894
B2112524749372N11952669WA0089600894
B2112534749372N11952669WA0089600894
B2112544749372N11952669WA0089600894
B2112554749372N11952669WA0089600894
B2112564749372N11952669WA0089600894
B2112574749372N11952669WA0089600894
B2112584749372N11952669WA0089600894
B2112594749372N11952669WA0089600894
B2113004749372N11952669WA0089600894
B2113014749372N11952669WA0089600894
B2113024749372N11952669WA0089600894
B2113034749372N11952669WA0089600894
B2113044749372N11952669WA0089600894
B2113054749372N11952669WA0089600894
B2113064749372N11952669WA0089600894
B2113074749372N11952669WA0089600894
B2113084749372N11952669WA0089600894
B2113094749372N11952669WA0089600894
B2113104749372N11952669WA0089600894
B2113114749372N11952669WA0089600894
B2113124749372N11952669WA0089600894
B2113134749372N11952669WA0089600894
B2113144749372N11952669WA0089600894
B2113154749372N11952669WA0089600894
B2113164749372N11952669WA0089600894
B2113174749372N11952669WA0089600894
B2113184749372N11952669WA0089600894
B2113194749372N11952669WA0089600894
B2113204749372N11952669WA0089600894
B2113214749372N11952669WA0089600894
B2113224749372N11952669WA0089600894
B2113234749372N11952669WA0089600894
B2113244749372N11952669WA0089600894
B2113254749372N11952669WA0089600894
B2113264749372N11952669WA0089600894
B2113274749372N11952669WA0089600894
B2113284749372N11952669WA0089600894
B2113294749372N11952669WA0089600893
B2113304749372N11952669WA0089600893
B2113314749372N11952669WA0089600893
B2113324749372N11952669WA0089600893
B2113334749372N11952669WA0089600893
B2113344749372N11952669WA0089600893
B2113354749372N11952669WA0089600893
B2113364749372N11952670WA0089600893
B2113374749372N11952670WA0089600893
B2113384749372N11952670WA0089600893
B2113394749372N11952670WA0089600893
B2113404749372N11952670WA0089600893
B2113414749372N11952670WA0089600893
B2113424749372N11952670WA0089600892
B2113434749373N11952670WA0089600892
B2113444749373N11952670WA0089600892
B2113454749373N11952670WA0089600892
B2113464749373N11952670WA0089600892
B2113474749374N11952670WA0089600892
B2113484749374N11952670WA0089600892
B2113494749374N11952670WA0089600892
B2113504749374N11952670WA0089600892
B2113514749374N11952670WA0089600892
B2113524749374N11952670WA0089600892
B2113534749374N11952670WA0089600892
B2113544749374N11952670WA0089600892
B2113554749374N11952670WA0089600892
B2113564749374N11952670WA0089600892
B2113574749374N11952670WA0089600892
B2113584749374N11952670WA0089600892
B2113594749374N11952670WA0089600892
B2114004749374N11952670WA0089600891
B2114014749374N11952669WA0089600891
B2114024749374N11952669WA0089600891
B2114034749374N11952669WA0089600891
B2114044749374N11952669WA0089600891
B2114054749374N11952669WA0089600891
B2114064749374N11952669WA0089600891
B2114074749374N11952669WA0089600891
B2114084749374N11952669WA0089600891
B2114094749374N11952669WA0089600891
B2114104749374N11952669WA0089600891
B2114114749374N11952669WA0089600891
B2114124749374N11952669WA0089600891
B2114134749374N11952669WA0089600891
B2114144749374N11952669WA0089600891
B2114154749374N11952669WA0089600891
B2114164749374N11952669WA0089600891
B2114174749374N11952669WA0089600891
B2114184749374N11952669WA0089600891
B2114194749374N11952669WA0089600891
B2114204749374N11952669WA0089600891
B2114214749374N11952669WA0089600892
B2114224749374N11952669WA0089600892
B2114234749374N11952669WA0089600892
B2114244749374N11952669WA0089600892
B2114254749374N11952669WA0089600892
B2114264749374N11952669WA0089600892
B2114274749374N11952669WA0089600892
B2114284749375N11952669WA0089600892
B2114294749375N11952669WA0089600892
B2114304749375N11952669WA0089600892
B2114314749376N11952669WA0089600892
B2114324749378N11952670WA0089600892
B2114334749379N11952670WA0089600892
B2114344749381N11952671WA0089600892
B2114354749384N11952671WA0089600892
B2114364749387N11952671WA0089600892
B2114374749391N11952671WA0089600892
B2114384749395N11952671WA0089600892
B2114394749400N11952672WA0089600892
B2114404749405N11952672WA0089600892
B2114414749410N11952672WA0089600892
B2114424749417N11952672WA0089600892
B2114434749423N11952672WA0089700892
B2114444749429N11952671WA0089700892
B2114454749436N11952671WA0089700892
B2114464749442N11952672WA0089700892
B2114474749448N11952672WA0089700892
B2114484749454N11952672WA0089700892
B2114494749459N11952672WA0089700892
B2114504749463N11952672WA0089600892
B2114514749467N11952671WA0089600892
B2114524749470N11952671WA0089600892
B2114534749473N11952671WA0089600892
B2114544749474N11952671WA0089600892
B2114554749475N11952671WA0089600893
B2114564749476N11952671WA0089600893
B2114574749476N11952671WA0089600893
B2114584749476N11952671WA0089600893
B2114594749476N11952671WA0089600893
B2115004749476N11952671WA0089600893
B2115014749476N11952671WA0089600893
B2115024749476N11952671WA0089600893
B2115034749476N11952671WA0089600893
B2115044749476N11952671WA0089600893
B2115054749476N11952671WA0089500893
B2115064749476N11952671WA0089500893
B2115074749476N11952671WA0089500893
B2115084749476N11952671WA0089500893
B2115094749476N11952671WA0089500893
B2115104749476N11952671WA0089500893
B2115114749476N11952671WA0089500893
B2115124749476N11952671WA0089500893
B2115134749476N11952671WA0089500893
B2115144749476N11952671WA0089500893
B2115154749476N11952671WA0089500893
B2115164749476N11952671WA0089500893
B2115174749476N11952671WA0089500893
B2115184749476N11952671WA0089500893
B2115194749476N11952671WA0089500893
B2115204749476N11952671WA0089500893
B2115214749476N11952671WA0089500893
B2115224749476N11952672WA0089500893
B2115234749476N11952672WA0089500893
B2115244749476N11952672WA0089500893
B2115254749476N11952672WA0089500893
B2115264749476N11952672WA0089500893
B2115274749476N11952672WA0089500893
B2115284749476N11952672WA0089500893
B2115294749476N11952672WA0089500892
B2115304749476N11952672WA0089500892
B2115314749476N11952672WA0089500892
B2115324749476N11952672WA0089500892
B2115334749477N11952672WA0089500892
B2115344749477N11952672WA0089500893
B2115354749477N11952672WA0089500892
B2115364749477N11952672WA0089500892
B2115374749478N11952672WA0089500892
B2115384749478N11952672WA0089500892
B2115394749479N11952672WA0089500892
B2115404749479N11952672WA0089500892
B2115414749480N11952672WA0089500892
B2115424749480N11952672WA0089500892
B2115434749481N11952672WA0089500892
B2115444749482N11952672WA0089500892
B2115454749482N11952672WA0089500892
B2115464749483N11952672WA0089500892
B2115474749483N11952672WA0089500892
B2115484749483N11952672WA0089500892
B2115494749484N11952672WA0089500892
B2115504749484N11952672WA0089500892
B2115514749485N11952672WA0089500892
B2115524749485N11952672WA0089500892
B2115534749485N11952672WA0089500892
B2115544749485N11952672WA0089500892
B2115554749485N11952672WA0089500892
B2115564749485N11952672WA0089500892
B2115574749485N11952672WA0089500893
B2115584749485N11952672WA0089500893
B2115594749485N11952672WA0089500893
B2116004749485N11952672WA0089500893
B2116014749485N11952672WA0089500893
B2116024749485N11952673WA0089500893
B2116034749485N11952673WA0089500893
B2116044749485N11952673WA0089500893
B2116054749485N11952673WA0089500893
B2116064749485N11952673WA0089500893
B2116074749485N11952673WA0089500893
B2116084749485N11952672WA0089500894
B2116094749485N11952672WA0089500894
B2116104749485N11952672WA0089500894
B2116114749485N11952672WA0089600894
B2116124749485N11952672WA0089600893
B2116134749485N11952672WA0089600893
B2116144749485N11952672WA0089600893
B2116154749485N11952672WA0089600893
B2116164749485N11952672WA0089600893
B2116174749485N11952672WA0089600893
B2116184749485N11952672WA0089600893
B2116194749485N11952672WA0089600893
B2116204749485N11952672WA0089600893
B2116214749485N11952672WA0089600893
B2116224749485N11952672WA0089600893
B2116234749485N11952672WA0089500893
B2116244749485N11952672WA0089500893
B2116254749485N11952672WA0089500893
B2116264749485N11952672WA0089500893
B2116274749485N11952672WA0089600893
B2116284749485N11952672WA0089600893
B2116294749485N11952672WA0089600893
B2116304749485N11952672WA0089600893
B2116314749486N11952672WA0089600893
B2116324749486N11952672WA0089600893
B2116334749487N11952672WA0089600893
B2116344749488N11952672WA0089600893
B2116354749489N11952672WA0089600893
B2116364749491N11952672WA0089600893
B2116374749492N11952672WA0089600893
B2116384749494N11952673WA0089600893
B2116394749495N11952674WA0089600893
B2116404749496N11952675WA0089600893
B2116414749496N11952676WA0089600893
B2116424749497N11952676WA0089600893
B2116434749497N11952676WA0089600893
B2116444749497N11952676WA0089600893
B2116454749497N11952676WA0089600893
B2116464749497N11952676WA0089600893
B2116474749496N11952676WA0089600893
B2116484749496N11952676WA0089600893
B2116494749495N11952675WA0089600892
B2116504749495N11952675WA0089600893
B2116514749495N11952675WA0089600893
B2116524749495N11952675WA0089600893
B2116534749495N11952676WA0089600893
B2116544749495N11952676WA0089600893
B2116554749495N11952677WA0089600894
B2116564749495N11952677WA0089600894
B2116574749495N11952677WA0089600894
B2116584749495N11952677WA0089600894
B2116594749494N11952676WA0089600894
B2117004749494N11952676WA0089600893
B2117014749494N11952675WA0089600893
B2117024749494N11952675WA0089600894
B2117034749494N11952675WA0089600894
B2117044749494N11952675WA0089600894
B2117054749494N11952675WA0089600894
B2117064749493N11952675WA0089600894
B2117074749493N11952676WA0089600894
B2117084749492N11952677WA0089600894
B2117094749492N11952677WA0089600894
B2117104749491N11952677WA0089600894
B2117114749490N11952677WA0089600894
B2117124749488N11952677WA0089600894
B2117134749486N11952677WA0089600895
B2117144749484N11952676WA0089600895
B2117154749482N11952676WA0089600895
B2117164749479N11952676WA0089600895
B2117174749476N11952675WA0089600895
B2117184749472N11952675WA0089600895
B2117194749467N11952675WA0089600895
B2117204749463N11952675WA0089600895
B2117214749458N11952675WA0089600895
B2117224749452N11952675WA0089700896
B2117234749447N11952675WA0089700896
B2117244749441N11952675WA0089700896
B2117254749435N11952674WA0089700896
B2117264749429N11952674WA0089700896
B2117274749422N11952674WA0089700896
B2117284749416N11952674WA0089700896
B2117294749409N11952674WA0089800896
B2117304749402N11952674WA0089800896
B2117314749395N11952674WA0089800897
B2117324749388N11952674WA0089800897
B2117334749380N11952674WA0089800897
B2117344749373N11952674WA0089800897
B2117354749365N11952674WA0089800897
B2117364749356N11952674WA0089900897
B2117374749348N11952674WA0089900897
B2117384749339N11952674WA0089900897
B2117394749330N11952674WA0089900897
B2117404749320N11952673WA0089900897
B2117414749311N11952673WA0090000897
B2117424749301N11952673WA0090000897
B2117434749291N11952673WA0090000897
B2117444749281N11952672WA0090000897
B2117454749271N11952673WA0090000897
B2117464749260N11952672WA0090000897
B2117474749249N11952672WA0090000898
B2117484749239N11952673WA0090100897
B2117494749228N11952672WA0090100898
B2117504749217N11952672WA0090100898
B2117514749205N11952672WA0090100898
B2117524749194N11952672WA0090100898
B2117534749182N11952672WA0090100898
B2117544749170N11952672WA0090100898
B2117554749158N11952672WA0090200898
B2117564749146N11952671WA0090200898
B2117574749134N11952671WA0090200898
B2117584749121N11952671WA0090200898
B2117594749108N11952671WA0090200898
B2118004749096N11952671WA0090200898
B2118014749083N11952671WA0090200898
B2118024749071N11952671WA0090200898
B2118034749058N11952671WA0090200899
B2118044749046N11952671WA0090200899
B2118054749034N11952671WA0090200900
B2118064749022N11952671WA0090200900
B2118074749010N11952671WA0090200900
B2118084748998N11952671WA0090300900
B2118094748986N11952671WA0090300900
B2118104748975N11952671WA0090300900
B2118114748963N11952671WA0090300900
B2118124748952N11952671WA0090300900
B2118134748941N11952671WA0090300901
B2118144748930N11952671WA0090300901
B2118154748920N11952671WA0090300901
B2118164748909N11952671WA0090300901
B2118174748899N11952671WA0090300902
B2118184748889N11952671WA0090300902
B2118194748880N11952671WA0090300903
B2118204748870N11952671WA0090400904
B2118214748862N11952671WA0090400905
B2118224748854N11952671WA0090400906
B2118234748848N11952671WA0090400906
B2118244748841N11952671WA0090500907
B2118254748835N11952671WA0090500907
B2118264748829N11952671WA0090500907
B2118274748822N11952670WA0090500907
B2118284748815N11952670WA0090500907
B2118294748808N11952670WA0090500908
B2118304748801N11952670WA0090500908
B2118314748793N11952670WA0090500908
B2118324748786N11952670WA0090600907
B2118334748778N11952670WA0090600907
B2118344748770N11952670WA0090600907
B2118354748761N11952671WA0090600906
B2118364748753N11952670WA0090600906
B2118374748745N11952670WA0090600905
B2118384748736N11952670WA0090600904
B2118394748726N11952670WA0090600904
B2118404748717N11952670WA0090600903
B2118414748707N11952670WA0090600903
B2118424748697N11952670WA0090600903
B2118434748687N11952670WA0090600903
B2118444748678N11952670WA0090600902
B2118454748670N11952670WA0090600902
B2118464748662N11952671WA0090500902
B2118474748656N11952671WA0090500902
B2118484748650N11952671WA0090400902
B2118494748645N11952671WA0090400902
B2118504748642N11952672WA0090300902
B2118514748639N11952672WA0090300902
B2118524748637N11952672WA0090300902
B2118534748637N11952672WA0090200902
B2118544748636N11952672WA0090200902
B2118554748636N11952672WA0090200902
B2118564748636N11952672WA0090200902
B2118574748636N11952672WA0090200903
B2118584748636N11952672WA0090100903
B2118594748636N11952672WA0090100903
B2119004748636N11952672WA0090100903
B2119014748636N11952672WA0090100903
B2119024748636N11952672WA0090100903
B2119034748636N11952672WA0090100903
B2119044748636N11952672WA0090100902
B2119054748636N11952672WA0090100902
B2119064748636N11952672WA0090100902
B2119074748636N11952672WA0090000902
B2119084748636N11952672WA0090000902
B2119094748636N11952672WA0090000902
B2119104748636N11952672WA0090000902
B2119114748636N11952672WA0090000902
B2119124748636N11952672WA0090000902
B2119134748636N11952672WA0090000903
B2119144748636N11952672WA0090000903
B2119154748636N11952672WA0090000903
B2119164748636N11952672WA0090000903
B2119174748636N11952672WA0090000903
B2119184748636N11952671WA0090000903
B2119194748636N11952671WA0090000903
B2119204748636N11952671WA0090000902
B2119214748636N11952671WA0090000902
B2119224748636N11952671WA0090000902
B2119234748636N11952671WA0090000902
B2119244748636N11952671WA0090000902
B2119254748636N11952671WA0090000902
B2119264748636N11952671WA0090000902
B2119274748636N11952671WA0090000902
B2119284748636N11952671WA0090000902
B2119294748636N11952671WA0090000902
B2119304748636N11952671WA0090000902
B2119314748636N11952671WA0090000902
B2119324748636N11952671WA0090000902
B2119334748636N11952671WA0090000902
B2119344748636N11952672WA0090000903
B2119354748636N11952672WA0090000903
B2119364748636N11952672WA0090000903
B2119374748636N11952672WA0090000903
B2119384748636N11952672WA0090000903
B2119394748636N11952672WA0090000903
B2119404748636N11952672WA0090000903
B2119414748636N11952672WA0090000903
B2119424748636N11952672WA0090000903
B2119434748636N11952672WA0090000903
B2119444748636N11952672WA0090000903
B2119454748635N11952671WA0090000903
B2119464748633N11952671WA0090000903
B2119474748631N11952671WA0090000903
B2119484748628N11952671WA0090000903
B2119494748624N11952671WA0090000903
B2119504748620N11952671WA0090000903
B2119514748616N11952670WA0090000903
B2119524748611N11952670WA0090000903
B2119534748605N11952670WA0090000903
B2119544748600N11952670WA0090100903
B2119554748594N11952670WA0090100903
B2119564748588N11952670WA0090100903
B2119574748581N11952670WA0090100903
B2119584748575N11952670WA0090100903
B2119594748568N11952670WA0090100902
B2120004748561N11952669WA0090100902
B2120014748553N11952669WA0090100902
B2120024748546N11952669WA0090100902
B2120034748538N11952669WA0090100902
B2120044748529N11952669WA0090100901
B2120054748521N11952669WA0090100901
B2120064748512N11952669WA0090100900
B2120074748502N11952669WA0090100900
B2120084748492N11952669WA0090100899
B2120094748481N11952669WA0090100899
B2120104748470N11952669WA0090100898
B2120114748458N11952669WA0090100897
B2120124748446N11952669WA0090100897
B2120134748434N11952669WA0090100896
B2120144748422N11952669WA0090000895
B2120154748409N11952668WA0090000895
B2120164748397N11952668WA0090000895
B2120174748384N11952669WA0090000895
B2120184748371N11952669WA0090000894
B2120194748358N11952669WA0090000894
B2120204748345N11952669WA0090000894
B2120214748332N11952669WA0090000894
B2120224748319N11952668WA0089900894
B2120234748306N11952668WA0089900894
B2120244748292N11952668WA0089900894
B2120254748279N11952668WA0090000895
B2120264748266N11952668WA0090000896
B2120274748254N11952668WA0090000896
B2120284748241N11952668WA0090000896
B2120294748228N11952668WA0090000896
B2120304748215N11952667WA0090000896
B2120314748202N11952667WA0090000896
B2120324748189N11952667WA0090000895
B2120334748175N11952667WA0090000895
B2120344748161N11952667WA0090000894
B2120354748147N11952667WA0089900894
B2120364748133N11952666WA0089900894
B2120374748119N11952666WA0089900894
B2120384748105N11952666WA0089900894
B2120394748090N11952666WA0089900894
B2120404748076N11952666WA0089900894
B2120414748061N11952666WA0089900894
B2120424748046N11952666WA0089900894
B2120434748031N11952666WA0089900894
B2120444748017N11952666WA0089900894
B2120454748002N11952666WA0089900894
B2120464747987N11952666WA0089900894
B2120474747972N11952666WA0089900894
B2120484747957N11952666WA0089900894
B2120494747943N11952666WA0089900894
B2120504747928N11952666WA0089900894
B2120514747913N11952666WA0089900894
B2120524747898N11952666WA0089900894
B2120534747883N11952666WA0089900894
B2120544747869N11952666WA0089900894
B2120554747854N11952666WA0089900894
B2120564747839N11952666WA0089900894
B2120574747824N11952667WA0089900893
B2120584747809N11952667WA0089900893
B2120594747794N11952666WA0089900893
B2121004747779N11952666WA0089900893
B2121014747764N11952666WA0089900893
B2121024747749N11952666WA0090000894
B2121034747734N11952667WA0090000894
B2121044747719N11952667WA0090000894
B2121054747704N11952667WA0090000894
B2121064747689N11952667WA0090000894
B2121074747674N11952666WA0090000895
B2121084747659N11952666WA0090000896
B2121094747644N11952666WA0090000896
B2121104747630N11952666WA0090000897
B2121114747615N11952666WA0090000898
B2121124747601N11952666WA0090100899
B2121134747587N11952666WA0090100900
B2121144747573N11952667WA0090100901
B2121154747559N11952667WA0090200901
B2121164747545N11952667WA0090200901
B2121174747531N11952667WA0090300902
B2121184747517N11952667WA0090300902
B2121194747504N11952667WA0090400903
B2121204747490N11952667WA0090400903
B2121214747476N11952667WA0090400904
B2121224747463N11952667WA0090500904
B2121234747449N11952667WA0090600904
B2121244747436N11952667WA0090600903
B2121254747423N11952667WA0090600903
B2121264747410N11952667WA0090700902
B2121274747396N11952667WA0090700901
B2121284747383N11952667WA0090600901
B2121294747370N11952667WA0090600900
B2121304747357N11952667WA0090600900
B2121314747344N11952667WA0090600900
B2121324747332N11952667WA0090500900
B2121334747319N11952667WA0090500899
B2121344747307N11952667WA0090500899
B2121354747294N11952667WA0090500898
B2121364747281N11952667WA0090400897
B2121374747268N11952667WA0090400897
B2121384747255N11952667WA0090400896
B2121394747243N11952667WA0090300896
B2121404747230N11952667WA0090300896
B2121414747217N11952667WA0090200896
B2121424747204N11952667WA0090200896
B2121434747191N11952667WA0090200896
B2121444747179N11952667WA0090200895
B2121454747166N11952667WA0090100895
B2121464747153N11952667WA0090100894
B2121474747140N11952667WA0090000894
B2121484747127N11952667WA0090000894
B2121494747114N11952667WA0090000893
B2121504747101N11952667WA0089900893
B2121514747088N11952667WA0089900892
B2121524747075N11952668WA0089900891
B2121534747062N11952668WA0089800891
B2121544747048N11952668WA0089800891
B2121554747035N11952668WA0089800891
B2121564747022N11952668WA0089700891
B2121574747008N11952668WA0089700891
B2121584746995N11952668WA0089700891
B2121594746982N11952668WA0089600891
B2122004746968N11952668WA0089600890
B2122014746954N11952668WA0089600890
B2122024746940N11952668WA0089600889
B2122034746926N11952668WA0089500887
B2122044746911N11952668WA0089500886
B2122054746897N11952668WA0089400884
B2122064746882N11952668WA0089300883
B2122074746867N11952668WA0089300882
B2122084746852N11952668WA0089200882
B2122094746837N11952668WA0089200882
B2122104746822N11952668WA0089200883
B2122114746807N11952668WA0089100884
B2122124746792N11952668WA0089100885
B2122134746778N11952668WA0089100885
B2122144746764N11952668WA0089100886
B2122154746750N11952668WA0089100887
B2122164746737N11952668WA0089100888
B2122174746723N11952668WA0089100888
B2122184746709N11952668WA0089200889
B2122194746696N11952668WA0089200889
B2122204746682N11952667WA0089200889
B2122214746668N11952667WA0089200890
B2122224746655N11952667WA0089200890
B2122234746641N11952667WA0089200890
B2122244746627N11952667WA0089300890
B2122254746613N11952667WA0089300889
B2122264746600N11952667WA0089300889
B2122274746585N11952667WA0089300889
B2122284746571N11952667WA0089300889
B2122294746557N11952667WA0089300888
B2122304746543N11952667WA0089300888
B2122314746529N11952667WA0089300888
B2122324746514N11952667WA0089300888
B2122334746500N11952667WA0089300888
B2122344746485N11952667WA0089300888
B2122354746471N11952667WA0089300889
B2122364746457N11952667WA0089300890
B2122374746442N11952667WA0089300891
B2122384746428N11952667WA0089400892
B2122394746414N11952667WA0089400893
B2122404746400N11952667WA0089500894
B2122414746387N11952667WA0089500896
B2122424746374N11952667WA0089600896
B2122434746361N11952667WA0089600897
B2122444746348N11952667WA0089700898
B2122454746335N11952667WA0089700898
B2122464746323N11952667WA0089800898
B2122474746310N11952667WA0089800897
B2122484746296N11952666WA0089900896
B2122494746282N11952666WA0089900895
B2122504746269N11952666WA0089900894
B2122514746254N11952666WA0089900894
B2122524746240N11952666WA0089900893
B2122534746226N11952666WA0089900893
B2122544746211N11952666WA0089900892
B2122554746197N11952667WA0089900891
B2122564746182N11952667WA0089800891
B2122574746167N11952667WA0089800891
B2122584746152N11952667WA0089800891
B2122594746138N11952667WA0089800891
B2123004746123N11952667WA0089800891
B2123014746109N11952667WA0089800891
B2123024746095N11952667WA0089700891
B2123034746080N11952667WA0089700891
B2123044746066N11952666WA0089700890
B2123054746052N11952666WA0089700890
B2123064746037N11952666WA0089700889
B2123074746022N11952666WA0089600888
B2123084746008N11952667WA0089600887
B2123094745993N11952667WA0089500886
B2123104745978N11952667WA0089500884
B2123114745963N11952667WA0089400883
B2123124745948N11952667WA0089300881
B2123134745934N11952667WA0089200879
B2123144745919N11952667WA0089100878
B2123154745904N11952668WA0089000877
B2123164745889N11952668WA0088900875
B2123174745873N11952668WA0088800874
B2123184745858N11952668WA0088700873
B2123194745843N11952668WA0088600872
B2123204745828N11952668WA0088500871
B2123214745813N11952668WA0088400870
B2123224745798N11952668WA0088300869
B2123234745783N11952668WA0088200868
B2123244745768N11952668WA0088100867
B2123254745753N11952669WA0088000866
B2123264745738N11952669WA0087900865
B2123274745723N11952669WA0087800864
B2123284745708N11952669WA0087700863
B2123294745692N11952669WA0087600862
B2123304745677N11952669WA0087500861
B2123314745662N11952669WA0087400860
B2123324745646N11952669WA0087300860
B2123334745631N11952669WA0087200859
B2123344745615N11952669WA0087200858
B2123354745599N11952670WA0087100858
B2123364745584N11952670WA0087000857
B2123374745568N11952670WA0087000857
B2123384745552N11952670WA0086900857
B2123394745536N11952670WA0086900856
B2123404745521N11952670WA0086800856
B2123414745505N11952670WA0086800856
B2123424745489N11952670WA0086700856
B2123434745474N11952670WA0086700855
B2123444745458N11952670WA0086600855
B2123454745442N11952670WA0086600854
B2123464745426N11952670WA0086500853
B2123474745410N11952671WA0086500852
B2123484745394N11952671WA0086400852
B2123494745378N11952671WA0086400851
B2123504745362N11952671WA0086300851
B2123514745346N11952671WA0086300851
B2123524745330N11952671WA0086200850
B2123534745314N11952671WA0086200850
B2123544745298N11952671WA0086100849
B2123554745282N11952671WA0086100849
B2123564745266N11952671WA0086100849
B2123574745250N11952671WA0086000849
B2123584745234N11952671WA0086000849
B2123594745218N11952671WA0086000849
B2124004745202N11952671WA0085900849
B2124014745186N11952671WA0085900849
B2124024745170N11952671WA0085900849
B2124034745154N11952671WA0085900848
B2124044745138N11952671WA0085800848
B2124054745122N11952671WA0085800847
B2124064745105N11952671WA0085800846
B2124074745088N11952671WA0085700845
B2124084745072N11952672WA0085700844
B2124094745055N11952672WA0085600844
B2124104745038N11952672WA0085600843
B2124114745022N11952672WA0085500842
B2124124745005N11952672WA0085500841
B2124134744988N11952672WA0085400840
B2124144744970N11952672WA0085400840
B2124154744953N11952672WA0085300839
B2124164744936N11952672WA0085300838
B2124174744919N11952672WA0085200837
B2124184744901N11952672WA0085200836
B2124194744884N11952672WA0085100835
B2124204744866N11952672WA0085000834
B2124214744848N11952672WA0085000833
B2124224744830N11952672WA0084900832
B2124234744813N11952672WA0084900832
B2124244744795N11952672WA0084800832
B2124254744777N11952672WA0084800832
B2124264744760N11952672WA0084700832
B2124274744742N11952672WA0084700833
B2124284744725N11952672WA0084700835
B2124294744709N11952672WA0084700836
B2124304744692N11952672WA0084700837
B2124314744675N11952672WA0084700838
B2124324744659N11952672WA0084700839
B2124334744644N11952672WA0084700839
B2124344744628N11952672WA0084700840
B2124354744612N11952672WA0084700841
B2124364744597N11952672WA0084700841
B2124374744583N11952672WA0084800842
B2124384744568N11952672WA0084800843
B2124394744554N11952672WA0084800843
B2124404744541N11952672WA0084800843
B2124414744527N11952672WA0084800843
B2124424744513N11952672WA0084800843
B2124434744498N11952672WA0084800842
B2124444744483N11952672WA0084800840
B2124454744468N11952672WA0084800839
B2124464744453N11952672WA0084800837
B2124474744438N11952672WA0084700836
B2124484744423N11952671WA0084700835
B2124494744407N11952671WA0084600834
B2124504744392N11952671WA0084500833
B2124514744376N11952671WA0084500833
B2124524744360N11952671WA0084400832
B2124534744345N11952671WA0084400832
B2124544744329N11952671WA0084300831
B2124554744314N11952671WA0084300831
B2124564744298N11952671WA0084200830
B2124574744282N11952671WA0084200829
B2124584744267N11952671WA0084100829
B2124594744251N11952671WA0084100828
B2125004744235N11952671WA0084100828
B2125014744219N11952671WA0084000827
B2125024744204N11952671WA0084000827
B2125034744188N11952670WA0083900827
B2125044744172N11952670WA0083900827
B2125054744156N11952670WA0083900826
B2125064744141N11952670WA0083800827
B2125074744125N11952670WA0083800827
B2125084744110N11952670WA0083800827
B2125094744094N11952670WA0083800828
B2125104744079N11952670WA0083800828
B2125114744065N11952670WA0083800828
B2125124744051N11952670WA0083700829
B2125134744037N11952670WA0083700829
B2125144744024N11952670WA0083700829
B2125154744011N11952670WA0083700829
B2125164743998N11952670WA0083700829
B2125174743985N11952670WA0083600828
B2125184743972N11952670WA0083600828
B2125194743959N11952670WA0083600827
B2125204743946N11952670WA0083600827
B2125214743933N11952670WA0083500826
B2125224743919N11952670WA0083500826
B2125234743906N11952670WA0083500826
B2125244743893N11952670WA0083500825
B2125254743880N11952670WA0083400825
B2125264743867N11952670WA0083400824
B2125274743854N11952670WA0083400824
B2125284743840N11952670WA0083300823
B2125294743828N11952670WA0083300823
B2125304743816N11952670WA0083200822
B2125314743805N11952670WA0083100822
B2125324743795N11952670WA0083000821
B2125334743785N11952670WA0083000821
B2125344743776N11952670WA0082900820
B2125354743768N11952670WA0082800820
B2125364743761N11952670WA0082700820
B2125374743754N11952670WA0082700820
B2125384743748N11952670WA0082600820
B2125394743743N11952670WA0082500819
B2125404743739N11952670WA0082500819
B2125414743735N11952670WA0082400819
B2125424743732N11952670WA0082400819
B2125434743729N11952670WA0082300819
B2125444743727N11952669WA0082300819
B2125454743724N11952666WA0082300819
B2125464743722N11952662WA0082200819
B2125474743721N11952658WA0082200819
B2125484743721N11952652WA0082200819
B2125494743721N11952645WA0082200819
B2125504743721N11952637WA0082200819
B2125514743721N11952628WA0082200818
B2125524743721N11952617WA0082100818
B2125534743721N11952605WA0082100818
B2125544743721N11952592WA0082100818
B2125554743721N11952578WA0082100817
B2125564743721N11952563WA0082100817
B2125574743721N11952547WA0082100816
B2125584743721N11952530WA0082100815
B2125594743721N11952512WA0082100815
B2126004743721N11952493WA0082100814
B2126014743721N11952473WA0082100814
B2126024743721N11952453WA0082000814
B2126034743721N11952432WA0082000813
B2126044743721N11952411WA0082000813
B2126054743720N11952390WA0082000813
B2126064743720N11952368WA0082000813
B2126074743720N11952345WA0082000813
B2126084743720N11952323WA0082000813
B2126094743720N11952300WA0082000813
B2126104743720N11952276WA0082000812
B2126114743720N11952253WA0082000812
B2126124743720N11952229WA0082000812
B2126134743720N11952205WA0082000812
B2126144743720N11952181WA0082000811
B2126154743720N11952156WA0082000811
B2126164743719N11952131WA0082000810
B2126174743719N11952106WA0082000810
B2126184743719N11952081WA0082000809
B2126194743719N11952056WA0082000809
B2126204743719N11952030WA0081900808
B2126214743719N11952004WA0081900808
B2126224743719N11951978WA0081900807
B2126234743719N11951952WA0081900807
B2126244743719N11951926WA0081800807
B2126254743719N11951899WA0081800806
B2126264743718N11951873WA0081800806
B2126274743718N11951847WA0081800806
B2126284743718N11951820WA0081800806
B2126294743718N11951794WA0081800806
B2126304743718N11951768WA0081700806
B2126314743718N11951741WA0081700806
B2126324743718N11951715WA0081700806
B2126334743718N11951689WA0081700805
B2126344743718N11951663WA0081700805
B2126354743717N11951637WA0081700805
B2126364743717N11951611WA0081600805
B2126374743717N11951584WA0081600805
B2126384743717N11951558WA0081600805
B2126394743717N11951532WA0081600805
B2126404743717N11951506WA0081600805
B2126414743717N11951480WA0081600805
B2126424743717N11951453WA0081600805
B2126434743717N11951427WA0081600805
B2126444743717N11951401WA0081600805
B2126454743716N11951375WA0081600805
B2126464743716N11951349WA0081600805
B2126474743716N11951323WA0081600804
B2126484743716N11951297WA0081600804
B2126494743716N11951270WA0081500803
B2126504743716N11951244WA0081500803
B2126514743716N11951218WA0081500802
B2126524743716N11951191WA0081500802
B2126534743716N11951165WA0081500802
B2126544743716N11951138WA0081500802
B2126554743716N11951112WA0081400802
B2126564743716N11951085WA0081400802
B2126574743715N11951059WA0081400801
B2126584743715N11951033WA0081400801
B2126594743715N11951006WA0081400801
B2127004743715N11950980WA0081400801
B2127014743715N11950954WA0081300801
B2127024743715N11950928WA0081300801
B2127034743715N11950902WA0081300800
B2127044743715N11950876WA0081300800
B2127054743715N11950850WA0081300800
B2127064743714N11950824WA0081300800
B2127074743714N11950798WA0081300799
B2127084743714N11950773WA0081200799
B2127094743714N11950747WA0081200798
B2127104743714N11950721WA0081200798
B2127114743714N11950696WA0081100797
B2127124743714N11950670WA0081100796
B2127134743714N11950645WA0081100796
B2127144743714N11950620WA0081000795
B2127154743714N11950596WA0081000795
B2127164743714N11950571WA0080900794
B2127174743714N11950547WA0080900794
B2127184743714N11950523WA0080900794
B2127194743713N11950498WA0080800793
B2127204743713N11950474WA0080800793
B2127214743713N11950450WA0080800793
B2127224743713N11950426WA0080700793
B2127234743713N11950402WA0080700793
B2127244743713N11950378WA0080700793
B2127254743713N11950354WA0080700793
B2127264743713N11950329WA0080600792
B2127274743713N11950305WA0080600793
B2127284743713N11950280WA0080600793
B2127294743713N11950255WA0080600793
B2127304743712N11950231WA0080600793
B2127314743712N11950206WA0080600794
B2127324743712N11950182WA0080600794
B2127334743712N11950157WA0080600795
B2127344743712N11950133WA0080600795
B2127354743712N11950109WA0080600795
B2127364743712N11950084WA0080600795
B2127374743712N11950060WA0080600795
B2127384743712N11950036WA0080600795
B2127394743712N11950012WA0080600795
B2127404743712N11949988WA0080600795
B2127414743712N11949965WA0080600794
B2127424743711N11949942WA0080600794
B2127434743711N11949919WA0080600793
B2127444743711N11949897WA0080500793
B2127454743711N11949875WA0080500792
B2127464743711N11949853WA0080400791
B2127474743711N11949831WA0080400791
B2127484743711N11949809WA0080300790
B2127494743711N11949787WA0080300790
B2127504743711N11949765WA0080300789
B2127514743711N11949743WA0080200789
B2127524743711N11949720WA0080200789
B2127534743711N11949698WA0080100788
B2127544743711N11949675WA0080100787
B2127554743711N11949651WA0080100787
B2127564743711N11949628WA0080000786
B2127574743711N11949604WA0080000785
B2127584743711N11949580WA0079900784
B2127594743711N11949555WA0079900783
B2128004743711N11949531WA0079800783
B2128014743710N11949507WA0079800782
B2128024743710N11949483WA0079700783
B2128034743710N11949460WA0079700783
B2128044743710N11949436WA0079700784
B2128054743710N11949413WA0079600784
B2128064743710N11949390WA0079600785
B2128074743710N11949367WA0079600786
B2128084743710N11949343WA0079600786
B2128094743710N11949320WA0079700786
B2128104743710N11949297WA0079700787
B2128114743710N11949273WA0079700787
B2128124743710N11949250WA0079700787
B2128134743710N11949226WA0079700787
B2128144743710N11949202WA0079800787
B2128154743710N11949178WA0079800787
B2128164743710N11949155WA0079800787
B2128174743711N11949131WA0079800788
B2128184743711N11949108WA0079900788
B2128194743711N11949084WA0079900788
B2128204743711N11949061WA0079900788
B2128214743711N11949038WA0079900788
B2128224743711N11949015WA0079900788
B2128234743711N11948993WA0079900789
B2128244743711N11948973WA0079900789
B2128254743711N11948953WA0079900789
B2128264743711N11948934WA0079900790
B2128274743711N11948917WA0079900790
B2128284743711N11948901WA0079900790
B2128294743711N11948887WA0079900790
B2128304743710N11948874WA0079900791
B2128314743710N11948862WA0079800791
B2128324743711N11948852WA0079800791
B2128334743711N11948844WA0079800791
B2128344743710N11948838WA0079800791
B2128354743710N11948834WA0079800791
B2128364743709N11948831WA0079800791
B2128374743709N11948829WA0079700791
B2128384743707N11948827WA0079700791
B2128394743704N11948825WA0079700791
B2128404743701N11948824WA0079700791
B2128414743697N11948823WA0079700791
B2128424743691N11948823WA0079700790
B2128434743685N11948823WA0079700790
B2128444743678N11948824WA0079800790
B2128454743670N11948824WA0079800790
B2128464743661N11948825WA0079800790
B2128474743652N11948826WA0079800789
B2128484743641N11948827WA0079800789
B2128494743630N11948828WA0079800788
B2128504743619N11948829WA0079800787
B2128514743606N11948830WA0079700785
B2128524743593N11948832WA0079700784
B2128534743580N11948833WA0079700782
B2128544743566N11948835WA0079600781
B2128554743551N11948836WA0079500779
B2128564743537N11948838WA0079400777
B2128574743522N11948840WA0079400775
B2128584743507N11948842WA0079300773
B2128594743493N11948844WA0079200773
B2129004743479N11948845WA0079100774
B2129014743465N11948846WA0079000776
B2129024743452N11948847WA0079000778
B2129034743440N11948847WA0079000779
B2129044743427N11948847WA0079000781
B2129054743415N11948846WA0079100783
B2129064743404N11948845WA0079100784
B2129074743392N11948843WA0079100784
B2129084743380N11948841WA0079200784
B2129094743367N11948838WA0079200784
B2129104743354N11948836WA0079200784
B2129114743341N11948833WA0079300784
B2129124743328N11948830WA0079300784
B2129134743315N11948827WA0079300785
B2129144743301N11948825WA0079400785
B2129154743287N11948822WA0079400785
B2129164743274N11948821WA0079400786
B2129174743260N11948819WA0079500787
B2129184743247N11948819WA0079500787
B2129194743233N11948818WA0079500788
B2129204743219N11948818WA0079600788
B2129214743205N11948818WA0079600789
B2129224743192N11948818WA0079700789
B2129234743178N11948818WA0079700789
B2129244743165N11948818WA0079700789
B2129254743151N11948818WA0079800789
B2129264743137N11948818WA0079800789
B2129274743124N11948818WA0079800788
B2129284743110N11948818WA0079800788
B2129294743096N11948818WA0079800787
B2129304743082N11948818WA0079800786
B2129314743068N11948817WA0079700785
B2129324743054N11948817WA0079700785
B2129334743040N11948817WA0079700784
B2129344743026N11948817WA0079700784
B2129354743012N11948817WA0079700784
B2129364742998N11948817WA0079600783
B2129374742983N11948817WA0079600783
B2129384742969N11948817WA0079600782
B2129394742955N11948817WA0079500782
B2129404742941N11948817WA0079500782
B2129414742927N11948817WA0079500782
B2129424742913N11948817WA0079400782
B2129434742899N11948817WA0079400782
B2129444742885N11948817WA0079400782
B2129454742871N11948816WA0079400781
B2129464742857N11948816WA0079300781
B2129474742843N11948816WA0079300781
B2129484742829N11948816WA0079300780
B2129494742815N11948815WA0079300780
B2129504742802N11948815WA0079200780
B2129514742788N11948815WA0079200779
B2129524742774N11948815WA0079200779
B2129534742760N11948814WA0079100778
B2129544742746N11948814WA0079100778
B2129554742732N11948814WA0079100777
B2129564742718N11948814WA0079000776
B2129574742704N11948814WA0079000776
B2129584742690N11948814WA0078900775
B2129594742676N11948814WA0078900775
B2130004742662N11948813WA0078800775
B2130014742649N11948813WA0078800775
B2130024742636N11948813WA0078700775
B2130034742623N11948813WA0078700776
B2130044742610N11948813WA0078700776
B2130054742598N11948812WA0078700776
B2130064742585N11948812WA0078700777
B2130074742573N11948812WA0078700776
B2130084742560N11948812WA0078600776
B2130094742548N11948812WA0078600776
B2130104742536N11948812WA0078600776
B2130114742525N11948811WA0078600775
B2130124742514N11948811WA0078500775
B2130134742504N11948811WA0078500774
B2130144742493N11948811WA0078500774
B2130154742484N11948811WA0078400773
B2130164742474N11948811WA0078400773
B2130174742465N11948811WA0078300773
B2130184742457N11948811WA0078300773
B2130194742450N11948811WA0078300773
B2130204742442N11948811WA0078200772
B2130214742436N11948811WA0078200772
B2130224742430N11948811WA0078100772
B2130234742424N11948811WA0078100772
B2130244742420N11948811WA0078000771
B2130254742416N11948810WA0078000771
B2130264742413N11948808WA0078000771
B2130274742411N11948805WA0077900771
B2130284742410N11948803WA0077900771
B2130294742409N11948800WA0077800770
B2130304742408N11948796WA0077800770
B2130314742408N11948793WA0077800770
B2130324742408N11948789WA0077700770
B2130334742408N11948786WA0077700770
B2130344742408N11948784WA0077700770
B2130354742408N11948783WA0077700769
B2130364742408N11948783WA0077600769
B2130374742408N11948783WA0077600769
B2130384742408N11948783WA0077600769
B2130394742408N11948783WA0077600769
B2130404742408N11948783WA0077600769
B2130414742408N11948783WA0077600769
B2130424742408N11948783WA0077600770
B2130434742408N11948783WA0077600770
B2130444742408N11948782WA0077600770
B2130454742408N11948782WA0077500770
B2130464742408N11948782WA0077500770
B2130474742408N11948782WA0077500770
B2130484742408N11948782WA0077500770
B2130494742408N11948782WA0077500770
B2130504742408N11948782WA0077500770
B2130514742408N11948782WA0077500770
B2130524742408N11948782WA0077500770
B2130534742408N11948782WA0077500770
B2130544742408N11948782WA0077500770
B2130554742408N11948782WA0077500770
B2130564742408N11948782WA0077500770
B2130574742408N11948782WA0077500770
B2130584742408N11948782WA0077500770
B2130594742408N11948782WA0077500770
B2131004742408N11948782WA0077500770
B2131014742408N11948782WA0077500770
B2131024742408N11948782WA0077500770
B2131034742408N11948782WA0077500770
B2131044742408N11948782WA0077500770
B2131054742408N11948782WA0077500770
B2131064742408N11948782WA0077500771
B2131074742408N11948782WA0077500771
B2131084742408N11948782WA0077500771
B2131094742408N11948782WA0077500771
B2131104742408N11948782WA0077500771
B2131114742408N11948782WA0077500771
B2131124742408N11948782WA0077500771
B2131134742408N11948782WA0077500771
B2131144742408N11948782WA0077500771
B2131154742408N11948782WA0077500771
B2131164742408N11948782WA0077500771
B2131174742408N11948782WA0077500771
B2131184742408N11948782WA0077500771
B2131194742408N11948782WA0077500771
B2131204742408N11948781WA0077500771
B2131214742408N11948781WA0077500771
B2131224742408N11948781WA0077500771
B2131234742408N11948781WA0077500771
B2131244742408N11948781WA0077500771
B2131254742408N11948781WA0077500772
B2131264742408N11948781WA0077500772
B2131274742408N11948781WA0077500772
B2131284742408N11948781WA0077500772
B2131294742408N11948781WA0077500772
B2131304742408N11948781WA0077500772
B2131314742408N11948781WA0077500772
B2131324742408N11948781WA0077500772
B2131334742408N11948781WA0077500772
B2131344742408N11948781WA0077500772
B2131354742408N11948781WA0077500772
B2131364742408N11948781WA0077500772
B2131374742408N11948781WA0077500772
B2131384742408N11948781WA0077500772
B2131394742408N11948781WA0077500772
B2131404742408N11948781WA0077500772
B2131414742408N11948781WA0077500772
B2131424742408N11948781WA0077500772
B2131434742408N11948781WA0077500772
B2131444742408N11948781WA0077500772
B2131454742408N11948781WA0077500772
B2131464742408N11948781WA0077500772
B2131474742408N11948781WA0077500772
B2131484742408N11948781WA0077500772
B2131494742408N11948781WA0077500772
B2131504742408N11948781WA0077500772
B2131514742408N11948781WA0077500772
B2131524742408N11948781WA0077500772
B2131534742408N11948781WA0077500772
B2131544742408N11948781WA0077500772
B2131554742408N11948781WA0077500773
B2131564742408N11948781WA0077500773
B2131574742408N11948781WA0077500773
B2131584742408N11948781WA0077500773
B2131594742408N11948781WA0077500773
B2132004742408N11948781WA0077500773
B2132014742408N11948781WA0077500773
B2132024742408N11948781WA0077500773
B2132034742408N11948781WA0077500774
B2132044742407N11948781WA0077500774
B2132054742407N11948781WA0077500774
B2132064742407N11948781WA0077500774
B2132074742407N11948781WA0077500774
B2132084742407N11948781WA0077500774
B2132094742407N11948781WA0077500774
B2132104742407N11948781WA0077500774
B2132114742407N11948781WA0077500774
B2132124742407N11948781WA0077500774
B2132134742407N11948781WA0077500774
B2132144742407N11948781WA0077500774
B2132154742407N11948781WA0077500774
B2132164742407N11948781WA0077500774
B2132174742407N11948781WA0077500774
B2132184742407N11948781WA0077500774
B2132194742407N11948781WA0077500773
B2132204742407N11948781WA0077500773
B2132214742407N11948781WA0077500773
B2132224742407N11948781WA0077500773
B2132234742407N11948781WA0077500773
B2132244742407N11948781WA0077500773
B2132254742407N11948781WA0077500773
B2132264742407N11948781WA0077500773
B2132274742407N11948781WA0077500773
B2132284742407N11948781WA0077500773
B2132294742407N11948781WA0077500773
B2132304742407N11948781WA0077500772
B2132314742407N11948781WA0077500772
B2132324742407N11948781WA0077500772
B2132334742407N11948781WA0077500772
B2132344742407N11948781WA0077500772
B2132354742407N11948781WA0077500772
B2132364742407N11948781WA0077500772
B2132374742407N11948781WA0077500772
B2132384742407N11948781WA0077500772
B2132394742407N11948781WA0077500772
B2132404742407N11948781WA0077500772
B2132414742407N11948781WA0077500772
B2132424742407N11948781WA0077500772
B2132434742407N11948781WA0077500772
B2132444742407N11948781WA0077500772
B2132454742407N11948781WA0077500772
B2132464742407N11948781WA0077500772
B2132474742407N11948781WA0077500772
B2132484742407N11948781WA0077500772
B2132494742407N11948781WA0077500772
B2132504742407N11948781WA0077500772
B2132514742407N11948781WA0077500772
B2132524742407N11948781WA0077500772
B2132534742407N11948781WA0077500772
B2132544742407N11948781WA0077500772
B2132554742407N11948781WA0077500772
B2132564742407N11948781WA0077500771
B2132574742407N11948781WA0077500771
B2132584742407N11948781WA0077500771
B2132594742407N11948781WA0077500771
B2133004742407N11948781WA0077500771
B2133014742407N11948781WA0077500771
B2133024742407N11948781WA0077500771
B2133034742407N11948781WA0077500771
B2133044742407N11948781WA0077500771
B2133054742407N11948781WA0077500771
B2133064742407N11948781WA0077500771
B2133074742407N11948781WA0077500771
B2133084742407N11948781WA0077500771
B2133094742407N11948781WA0077500771
B2133104742407N11948781WA0077500771
B2133114742407N11948781WA0077500771
B2133124742407N11948781WA0077500771
B2133134742407N11948782WA0077500771
B2133144742407N11948782WA0077500770
B2133154742407N11948782WA0077500770
B2133164742407N11948782WA0077500770
B2133174742407N11948782WA0077500770
B2133184742407N11948782WA0077500770
B2133194742407N11948782WA0077500770
B2133204742407N11948782WA0077500770
B2133214742407N11948782WA0077500770
B2133224742407N11948782WA0077500770
B2133234742407N11948782WA0077500770
B2133244742407N11948782WA0077500770
B2133254742407N11948782WA0077500770
B2133264742407N11948782WA0077500770
B2133274742407N11948782WA0077500771
B2133284742407N11948782WA0077500771
B2133294742407N11948782WA0077500771
B2133304742407N11948782WA0077500770
B2133314742407N11948782WA0077500770
B2133324742407N11948782WA0077500770
B2133334742407N11948782WA0077500770
B2133344742407N11948782WA0077500770
B2133354742407N11948782WA0077500770
B2133364742407N11948782WA0077500770
B2133374742407N11948782WA0077500770
B2133384742407N11948782WA0077500770
B2133394742407N11948782WA0077500770
B2133404742407N11948782WA0077500770
B2133414742407N11948782WA0077500770
B2133424742407N11948782WA0077500770
B2133434742407N11948782WA0077500770
B2133444742407N11948781WA0077500770
B2133454742407N11948781WA0077500770
B2133464742407N11948781WA0077500770
B2133474742407N11948780WA0077500770
B2133484742407N11948780WA0077500770
B2133494742407N11948779WA0077500770
B2133504742407N11948777WA0077500770
B2133514742407N11948775WA0077500769
B2133524742407N11948772WA0077500769
B2133534742407N11948768WA0077500769
B2133544742408N11948764WA0077500769
B2133554742408N11948759WA0077500769
B2133564742408N11948755WA0077500769
B2133574742408N11948750WA0077500769
B2133584742408N11948746WA0077500769
B2133594742408N11948741WA0077500769
B2134004742408N11948737WA0077500769
B2134014742408N11948734WA0077500769
B2134024742408N11948731WA0077500769
B2134034742409N11948730WA0077600769
B2134044742409N11948729WA0077600769
B2134054742409N11948729WA0077600768
B2134064742409N11948729WA0077600768
B2134074742409N11948729WA0077600768
B2134084742409N11948729WA0077600768
B2134094742409N11948730WA0077600768
B2134104742409N11948730WA0077600768
B2134114742409N11948730WA0077600768
B2134124742409N11948730WA0077600768
B2134134742409N11948730WA0077600768
B2134144742409N11948730WA0077600768
B2134154742409N11948730WA0077600768
B2134164742409N11948730WA0077600768
B2134174742409N11948730WA0077600767
B2134184742409N11948730WA0077600767
B2134194742409N11948730WA0077600767
B2134204742409N11948730WA0077600767
B2134214742409N11948729WA0077600767
B2134224742409N11948729WA0077600767
B2134234742408N11948728WA0077600767
B2134244742408N11948727WA0077600767
B2134254742408N11948726WA0077600767
B2134264742408N11948724WA0077600767
B2134274742408N11948724WA0077600768
B2134284742408N11948723WA0077600768
B2134294742408N11948723WA0077600768
B2134304742408N11948723WA0077600768
B2134314742408N11948723WA0077600768
B2134324742408N11948723WA0077600768
B2134334742408N11948723WA0077600768
B2134344742408N11948723WA0077600768
B2134354742408N11948723WA0077600768
B2134364742408N11948723WA0077600768
B2134374742408N11948723WA0077600768
B2134384742407N11948723WA0077600768
B2134394742407N11948723WA0077600769
B2134404742407N11948723WA0077600769
B2134414742407N11948723WA0077600769
B2134424742407N11948723WA0077600769
B2134434742407N11948723WA0077600769
B2134444742407N11948723WA0077600769
B2134454742407N11948723WA0077600769
B2134464742407N11948723WA0077600769
B2134474742407N11948723WA0077600769
B2134484742407N11948723WA0077600769
B2134494742407N11948723WA0077600769
B2134504742407N11948723WA0077600769
B2134514742407N11948723WA0077600769
B2134524742407N11948723WA0077600769
B2134534742407N11948723WA0077600769
B2134544742408N11948723WA0077600769
B2134554742408N11948723WA0077600769
B2134564742408N11948723WA0077600769
B2134574742408N11948723WA0077600769
B2134584742408N11948723WA0077600769
B2134594742408N11948723WA0077600769
B2135004742407N11948723WA0077600769
B2135014742407N11948723WA0077600769
B2135024742407N11948723WA0077600769
B2135034742407N11948723WA0077600769
B2135044742407N11948723WA0077600769
B2135054742407N11948723WA0077600769
B2135064742407N11948723WA0077600768
B2135074742407N11948723WA0077600768
B2135084742407N11948723WA0077600768
B2135094742407N11948723WA0077600768
B2135104742407N11948723WA0077600768
B2135114742407N11948723WA0077600768
B2135124742407N11948723WA0077600768
B2135134742407N11948723WA0077600768
B2135144742407N11948723WA0077600768
B2135154742407N11948723WA0077600768
B2135164742407N11948723WA0077600768
B2135174742407N11948723WA0077600768
B2135184742407N11948723WA0077600768
B2135194742407N11948723WA0077600768
B2135204742407N11948722WA0077600768
B2135214742407N11948722WA0077600768
B2135224742407N11948722WA0077600768
B2135234742407N11948722WA0077600768
B2135244742407N11948722WA0077600768
B2135254742407N11948722WA0077600768
B2135264742407N11948722WA0077600768
B2135274742407N11948722WA0077600768
B2135284742407N11948722WA0077600768
B2135294742407N11948722WA0077600768
B2135304742407N11948722WA0077600768
B2135314742407N11948722WA0077600768
B2135324742407N11948722WA0077600768
B2135334742407N11948722WA0077600768
B2135344742407N11948722WA0077600768
B2135354742407N11948722WA0077600768
B2135364742407N11948721WA0077600768
B2135374742407N11948721WA0077600768
B2135384742407N11948720WA0077600768
B2135394742407N11948719WA0077600768
B2135404742407N11948719WA0077600768
B2135414742407N11948718WA0077600768
B2135424742407N11948718WA0077600768
B2135434742407N11948717WA0077600768
B2135444742407N11948716WA0077600768
B2135454742407N11948716WA0077600768
B2135464742407N11948714WA0077600768
B2135474742408N11948712WA0077600768
B2135484742408N11948709WA0077600768
B2135494742409N11948707WA0077600768
B2135504742409N11948705WA0077600768
B2135514742409N11948702WA0077600768
B2135524742408N11948701WA0077600768
B2135534742408N11948700WA0077600768
B2135544742407N11948699WA0077600768
B2135554742407N11948699WA0077600769
B2135564742407N11948698WA0077600769
B2135574742407N11948698WA0077600769
B2135584742406N11948698WA0077600769
B2135594742406N11948697WA0077600769
B2136004742406N11948697WA0077600769
B2136014742406N11948697WA0077600769
B2136024742406N11948697WA0077600769
B2136034742406N11948697WA0077600770
B2136044742406N11948697WA0077700770
B2136054742406N11948697WA0077700770
B2136064742406N11948697WA0077700770
B2136074742406N11948697WA0077700770
B2136084742406N11948697WA0077700770
B2136094742406N11948697WA0077700770
B2136104742406N11948697WA0077700770
B2136114742406N11948697WA0077700770
B2136124742406N11948697WA0077700770
B2136134742406N11948697WA0077700770
B2136144742406N11948697WA0077700770
B2136154742406N11948697WA0077700770
B2136164742406N11948697WA0077700770
B2136174742406N11948697WA0077700770
B2136184742406N11948697WA0077700770
B2136194742406N11948697WA0077700770
B2136204742405N11948697WA0077700770
B2136214742405N11948697WA0077700770
B2136224742405N11948697WA0077700770
B2136234742405N11948697WA0077700770
B2136244742405N11948697WA0077700770
B2136254742405N11948697WA0077700770
B2136264742405N11948697WA0077700770
B2136274742405N11948697WA0077700770
B2136284742405N11948697WA0077700770
B2136294742405N11948697WA0077700770
B2136304742405N11948697WA0077600770
B2136314742405N11948697WA0077600770
B2136324742405N11948697WA0077600771
B2136334742405N11948697WA0077600771
B2136344742405N11948697WA0077600771
B2136354742405N11948697WA0077600771
B2136364742405N11948697WA0077600771
B2136374742405N11948697WA0077600771
B2136384742405N11948697WA0077600771
B2136394742405N11948697WA0077600771
B2136404742405N11948697WA0077600771
B2136414742405N11948697WA0077600771
B2136424742405N11948697WA0077600771
B2136434742405N11948697WA0077600771
B2136444742405N11948697WA0077600771
B2136454742405N11948697WA0077600771
B2136464742405N11948697WA0077600771
B2136474742405N11948697WA0077600771
B2136484742405N11948697WA0077600771
B2136494742405N11948697WA0077600771
B2136504742405N11948697WA0077600771
B2136514742405N11948697WA0077600771
B2136524742405N11948697WA0077600771
B2136534742405N11948697WA0077600771
B2136544742405N11948697WA0077600771
B2136554742404N11948697WA0077600770
B2136564742404N11948697WA0077600770
B2136574742404N11948697WA0077600770
B2136584742404N11948697WA0077600770
B2136594742404N11948697WA0077600770
B2137004742404N11948697WA0077600770
B2137014742404N11948697WA0077600770
B2137024742404N11948697WA0077600770
B2137034742404N11948696WA0077600770
B2137044742404N11948696WA0077600769
B2137054742404N11948696WA0077600769
B2137064742404N11948696WA0077600770
B2137074742404N11948696WA0077600770
B2137084742404N11948696WA0077600769
B2137094742404N11948696WA0077600769
B2137104742404N11948696WA0077600770
B2137114742404N11948696WA0077700770
B2137124742404N11948696WA0077700770
B2137134742404N11948696WA0077700770
B2137144742404N11948696WA0077700770
B2137154742404N11948696WA0077700770
B2137164742404N11948696WA0077700770
B2137174742404N11948696WA0077700770
B2137184742404N11948696WA0077700770
B2137194742404N11948696WA0077700771
B2137204742404N11948696WA0077700771
B2137214742404N11948696WA0077700771
B2137224742404N11948696WA0077700771
B2137234742404N11948696WA0077600771
B2137244742404N11948696WA0077600771
B2137254742404N11948696WA0077600771
B2137264742405N11948696WA0077600771
B2137274742405N11948696WA0077600772
B2137284742405N11948696WA0077600772
B2137294742405N11948695WA0077600772
B2137304742405N11948695WA0077600772
B2137314742405N11948696WA0077600772
B2137324742405N11948695WA0077600772
B2137334742405N11948696WA0077600772
B2137344742405N11948696WA0077600771
B2137354742405N11948696WA0077600771
B2137364742405N11948696WA0077600771
B2137374742405N11948696WA0077600771
B2137384742405N11948696WA0077600771
B2137394742405N11948696WA0077600771
B2137404742404N11948696WA0077600771
B2137414742404N11948696WA0077600771
B2137424742405N11948696WA0077600771
B2137434742405N11948696WA0077600771
B2137444742405N11948696WA0077600771
B2137454742405N11948696WA0077600771
B2137464742405N11948696WA0077600771
B2137474742405N11948696WA0077600771
B2137484742405N11948696WA0077600771
B2137494742405N11948696WA0077600770
B2137504742405N11948696WA0077700770
B2137514742405N11948696WA0077700770
B2137524742405N11948696WA0077700770
B2137534742405N11948696WA0077700770
B2137544742405N11948697WA0077700770
B2137554742405N11948696WA0077700770
B2137564742404N11948696WA0077700770
B2137574742403N11948696WA0077700769
B2137584742402N11948696WA0077700769
B2137594742402N11948696WA0077700769
B2138004742402N11948696WA0077700769
B2138014742401N11948696WA0077700769
B2138024742402N11948696WA0077700769
B2138034742402N11948696WA0077700770
B2138044742402N11948696WA0077700770
B2138054742403N11948697WA0077700770
B2138064742403N11948697WA0077700770
B2138074742404N11948697WA0077700771
B2138084742404N11948698WA0077700771
B2138094742405N11948698WA0077700771
B2138104742405N11948698WA0077700771
B2138114742405N11948698WA0077700771
B2138124742405N11948698WA0077700771
B2138134742405N11948699WA0077700771
B2138144742404N11948700WA0077700771
B2138154742404N11948700WA0077700771
B2138164742404N11948701WA0077700771
B2138174742404N11948700WA0077700771
B2138184742404N11948700WA0077700771
B2138194742404N11948700WA0077700772
B2138204742405N11948700WA0077700772
B2138214742405N11948700WA0077700772
B2138224742405N11948700WA0077700772
B2138234742405N11948699WA0077700772
B2138244742406N11948699WA0077700772
B2138254742406N11948699WA0077700772
B2138264742406N11948698WA0077700772
B2138274742406N11948699WA0077700772
B2138284742406N11948699WA0077700771
B2138294742406N11948699WA0077700771
B2138304742406N11948699WA0077700771
B2138314742406N11948699WA0077700771
B2138324742406N11948699WA0077700771
B2138334742406N11948699WA0077700771
B2138344742406N11948699WA0077700771
B2138354742406N11948700WA0077700771
B2138364742406N11948701WA0077700771
B2138374742406N11948702WA0077700771
B2138384742406N11948702WA0077700771
B2138394742406N11948703WA0077700771
B2138404742406N11948704WA0077700771
B2138414742407N11948705WA0077700771
B2138424742407N11948706WA0077700771
B2138434742407N11948707WA0077700771
B2138444742407N11948708WA0077700771
B2138454742407N11948710WA0077700771
B2138464742408N11948711WA0077700771
B2138474742408N11948713WA0077700771
B2138484742408N11948716WA0077700771
B2138494742408N11948718WA0077700771
B2138504742409N11948720WA0077700771
B2138514742409N11948723WA0077700771
B2138524742409N11948726WA0077700771
B2138534742408N11948729WA0077700771
B2138544742408N11948732WA0077700771
B2138554742408N11948735WA0077700771
B2138564742408N11948738WA0077700771
B2138574742408N11948741WA0077700771
B2138584742408N11948745WA0077700770
B2138594742408N11948747WA0077700770
B2139004742408N11948750WA0077600770
B2139014742408N11948752WA0077600770
B2139024742408N11948754WA0077600769
B2139034742408N11948756WA0077600769
B2139044742408N11948758WA0077600769
B2139054742408N11948760WA0077600769
B2139064742408N11948762WA0077600769
B2139074742408N11948763WA0077600769
B2139084742408N11948764WA0077600769
B2139094742408N11948765WA0077600769
B2139104742408N11948766WA0077600769
B2139114742408N11948766WA0077600769
B2139124742408N11948767WA0077600769
B2139134742408N11948767WA0077600768
B2139144742408N11948767WA0077600768
B2139154742408N11948768WA0077600768
B2139164742408N11948768WA0077600768
B2139174742408N11948769WA0077600768
B2139184742408N11948769WA0077600768
B2139194742408N11948769WA0077600768
B2139204742408N11948769WA0077600768
B2139214742408N11948770WA0077600768
B2139224742408N11948770WA0077600768
B2139234742408N11948770WA0077600767
B2139244742408N11948770WA0077600767
B2139254742408N11948770WA0077600767
B2139264742408N11948770WA0077600767
B2139274742408N11948770WA0077600767
B2139284742408N11948770WA0077600767
B2139294742408N11948770WA0077600767
B2139304742408N11948770WA0077600767
B2139314742408N11948770WA0077600767
B2139324742408N11948770WA0077600767
B2139334742408N11948770WA0077600767
B2139344742408N11948770WA0077600767
B2139354742408N11948770WA0077600767
B2139364742408N11948770WA0077600767
B2139374742408N11948770WA0077600767
B2139384742408N11948770WA0077600767
B2139394742408N11948770WA0077600767
B2139404742408N11948770WA0077600767
B2139414742408N11948770WA0077600767
B2139424742408N11948770WA0077600767
B2139434742408N11948770WA0077600767
B2139444742408N11948770WA0077600767
B2139454742408N11948770WA0077600767
B2139464742408N11948770WA0077600767
B2139474742408N11948770WA0077600767
B2139484742408N11948770WA0077600767
B2139494742408N11948770WA0077600767
B2139504742408N11948770WA0077600767
B2139514742408N11948770WA0077600767
B2139524742408N11948770WA0077600767
B2139534742408N11948770WA0077600767
B2139544742408N11948771WA0077600767
B2139554742407N11948772WA0077600767
B2139564742407N11948773WA0077600768
B2139574742406N11948774WA0077600768
B2139584742406N11948775WA0077600768
B2139594742406N11948776WA0077600768
B2140004742406N11948777WA0077600768
B2140014742406N11948777WA0077600768
B2140024742406N11948777WA0077600768
B2140034742406N11948777WA0077600768
B2140044742406N11948777WA0077600768
B2140054742406N11948777WA0077600768
B2140064742406N11948777WA0077600768
B2140074742406N11948777WA0077600768
B2140084742406N11948777WA0077600768
B2140094742406N11948777WA0077600768
B2140104742406N11948777WA0077600768
B2140114742406N11948777WA0077600768
B2140124742406N11948777WA0077600768
B2140134742406N11948777WA0077600768
B2140144742406N11948777WA0077600768
B2140154742406N11948777WA0077600768
B2140164742406N11948777WA0077600768
B2140174742406N11948777WA0077600768
B2140184742406N11948777WA0077600768
B2140194742406N11948777WA0077600768
B2140204742406N11948777WA0077600768
B2140214742406N11948777WA0077600768
B2140224742406N11948777WA0077600768
B2140234742406N11948777WA0077600768
B2140244742406N11948777WA0077600768
B2140254742406N11948777WA0077600768
B2140264742406N11948777WA0077600769
B2140274742406N11948777WA0077600769
B2140284742406N11948777WA0077600769
B2140294742406N11948777WA0077600769
B2140304742406N11948777WA0077600769
B2140314742406N11948777WA0077600769
B2140324742406N11948777WA0077600769
B2140334742406N11948777WA0077600769
B2140344742406N11948777WA0077600769
B2140354742406N11948777WA0077600769
B2140364742406N11948777WA0077600769
B2140374742406N11948777WA0077600769
B2140384742406N11948777WA0077600769
B2140394742406N11948777WA0077600769
B2140404742406N11948777WA0077600769
B2140414742406N11948777WA0077600769
B2140424742406N11948777WA0077600769
B2140434742406N11948777WA0077600769
B2140444742406N11948777WA0077600769
B2140454742406N11948777WA0077600769
B2140464742406N11948778WA0077600769
B2140474742406N11948778WA0077600769
B2140484742406N11948778WA0077600769
B2140494742406N11948778WA0077600769
B2140504742406N11948778WA0077600769
B2140514742406N11948778WA0077600769
B2140524742406N11948778WA0077600769
B2140534742406N11948778WA0077600769
B2140544742406N11948778WA0077600770
B2140554742406N11948778WA0077600770
B2140564742406N11948778WA0077600770
B2140574742406N11948778WA0077600770
B2140584742406N11948778WA0077600770
B2140594742406N11948778WA0077600770
B2141004742406N11948778WA0077600770
B2141014742406N11948778WA0077600770
B2141024742406N11948777WA0077500770
B2141034742406N11948777WA0077500770
B2141044742406N11948777WA0077600770
B2141054742406N11948777WA0077600770
B2141064742406N11948777WA0077600769
B2141074742406N11948777WA0077600769
B2141084742406N11948777WA0077600769
B2141094742406N11948777WA0077600769
B2141104742406N11948777WA0077600769
B2141114742406N11948777WA0077600769
B2141124742406N11948777WA0077600769
B2141134742406N11948777WA0077600769
B2141144742406N11948777WA0077600769
B2141154742406N11948777WA0077600769
B2141164742406N11948777WA0077600769
B2141174742406N11948777WA0077600769
B2141184742406N11948776WA0077600769
B2141194742406N11948776WA0077600769
B2141204742406N11948776WA0077600769
B2141214742406N11948776WA0077600769
B2141224742406N11948776WA0077600769
B2141234742406N11948776WA0077600769
B2141244742406N11948776WA0077600769
B2141254742406N11948776WA0077600769
B2141264742406N11948776WA0077600769
B2141274742406N11948776WA0077600769
B2141284742406N11948776WA0077600768
B2141294742406N11948776WA0077600768
B2141304742406N11948776WA0077600768
B2141314742406N11948776WA0077600768
B2141324742406N11948776WA0077600768
B2141334742406N11948776WA0077600768
B2141344742406N11948776WA0077600768
B2141354742406N11948776WA0077600768
B2141364742406N11948776WA0077600768
B2141374742406N11948776WA0077600768
B2141384742406N11948776WA0077600768
B2141394742406N11948776WA0077600768
B2141404742406N11948776WA0077600768
B2141414742406N11948776WA0077600768
B2141424742406N11948776WA0077600768
B2141434742406N11948776WA0077600768
B2141444742406N11948776WA0077600768
B2141454742406N11948776WA0077600768
B2141464742406N11948776WA0077600768
B2141474742406N11948776WA0077600768
B2141484742406N11948776WA0077600768
B2141494742406N11948776WA0077600768
B2141504742405N11948776WA0077600768
B2141514742405N11948776WA0077600768
B2141524742405N11948776WA0077600768
B2141534742405N11948776WA0077600768
B2141544742405N11948777WA0077600768
B2141554742405N11948777WA0077600768
B2141564742405N11948777WA0077600768
B2141574742405N11948777WA0077600768
B2141584742405N11948777WA0077600768
B2141594742405N11948777WA0077600768
B2142004742405N11948777WA0077600768
B2142014742405N11948777WA0077600768
B2142024742406N11948777WA0077600768
B2142034742406N11948777WA0077600768
B2142044742406N11948777WA0077600768
B2142054742406N11948777WA0077600768
B2142064742406N11948777WA0077600768
B2142074742406N11948777WA0077600768
B2142084742406N11948777WA0077600768
B2142094742406N11948777WA0077600768
B2142104742406N11948777WA0077500768
B2142114742406N11948777WA0077500768
B2142124742406N11948776WA0077500768
B2142134742406N11948777WA0077500768
B2142144742406N11948777WA0077500768
B2142154742406N11948777WA0077500768
B2142164742406N11948777WA0077500768
B2142174742406N11948777WA0077500768
B2142184742406N11948776WA0077500768
B2142194742406N11948776WA0077500767
B2142204742406N11948776WA0077500767
B2142214742406N11948776WA0077500767
B2142224742406N11948776WA0077500767
B2142234742406N11948776WA0077500767
B2142244742406N11948776WA0077500767
B2142254742406N11948776WA0077500767
B2142264742406N11948776WA0077500767
B2142274742406N11948776WA0077500767
B2142284742406N11948776WA0077500767
B2142294742406N11948776WA0077500767
B2142304742406N11948776WA0077500767
B2142314742406N11948776WA0077500767
B2142324742406N11948776WA0077500767
B2142334742406N11948776WA0077500767
B2142344742406N11948776WA0077500767
B2142354742406N11948776WA0077500767
B2142364742406N11948776WA0077500767
B2142374742406N11948776WA0077500767
B2142384742406N11948776WA0077500767
B2142394742405N11948776WA0077500767
B2142404742405N11948776WA0077500767
B2142414742405N11948776WA0077500767
B2142424742405N11948776WA0077500767
B2142434742406N11948776WA0077500767
B2142444742405N11948776WA0077500767
B2142454742405N11948776WA0077500767
B2142464742405N11948776WA0077500767
B2142474742405N11948776WA0077500767
B2142484742405N11948776WA0077500767
B2142494742405N11948776WA0077500768
B2142504742405N11948776WA0077500768
B2142514742405N11948777WA0077500768
B2142524742405N11948777WA0077600768
B2142534742405N11948777WA0077600768
B2142544742405N11948777WA0077600768
B2142554742405N11948777WA0077600768
B2142564742405N11948777WA0077600768
B2142574742405N11948777WA0077600768
B2142584742405N11948777WA0077600768
B2142594742405N11948778WA0077600768
B2143004742405N11948779WA0077600768
B2143014742405N11948781WA0077600768
B2143024742406N11948783WA0077600768
B2143034742406N11948785WA0077600768
B2143044742406N11948788WA0077600769
B2143054742406N11948791WA0077600768
B2143064742406N11948794WA0077600769
B2143074742406N11948796WA0077600769
B2143084742406N11948799WA0077600769
B2143094742407N11948800WA0077600769
B2143104742407N11948802WA0077600769
B2143114742407N11948803WA0077600769
B2143124742408N11948804WA0077600769
B2143134742408N11948805WA0077600769
B2143144742410N11948807WA0077600770
B2143154742412N11948808WA0077600770
B2143164742414N11948808WA0077700770
B2143174742417N11948809WA0077700770
B2143184742421N11948809WA0077700770
B2143194742425N11948809WA0077700770
B2143204742429N11948809WA0077700770
B2143214742434N11948809WA0077700770
B2143224742439N11948809WA0077800770
B2143234742445N11948809WA0077800770
B2143244742452N11948809WA0077800770
B2143254742459N11948809WA0077800770
B2143264742467N11948809WA0077900770
B2143274742475N11948809WA0077900770
B2143284742484N11948809WA0077900770
B2143294742493N11948809WA0078000771
B2143304742503N11948809WA0078000771
B2143314742512N11948809WA0078000771
B2143324742522N11948809WA0078100771
B2143334742533N11948810WA0078100772
B2143344742543N11948810WA0078100772
B2143354742553N11948810WA0078200772
B2143364742564N11948810WA0078200772
B2143374742574N11948810WA0078300773
B2143384742585N11948810WA0078300773
B2143394742596N11948810WA0078300773
B2143404742607N11948810WA0078400773
B2143414742618N11948811WA0078400773
B2143424742629N11948811WA0078400773
B2143434742640N11948811WA0078500773
B2143444742651N11948812WA0078500772
B2143454742663N11948812WA0078500771
B2143464742674N11948812WA0078500771
B2143474742686N11948812WA0078500771
B2143484742698N11948812WA0078500771
B2143494742710N11948812WA0078500771
B2143504742722N11948812WA0078500771
B2143514742734N11948812WA0078500772
B2143524742746N11948812WA0078600772
B2143534742758N11948813WA0078600773
B2143544742769N11948813WA0078600773
B2143554742781N11948813WA0078600774
B2143564742793N11948813WA0078700774
B2143574742806N11948813WA0078700775
B2143584742818N11948813WA0078800775
B2143594742830N11948813WA0078800775
B2144004742842N11948814WA0078800776
B2144014742854N11948814WA0078900776
B2144024742866N11948814WA0078900776
B2144034742878N11948814WA0078900777
B2144044742890N11948815WA0079000777
B2144054742902N11948815WA0079000777
B2144064742915N11948815WA0079000777
B2144074742927N11948815WA0079100777
B2144084742940N11948815WA0079100777
B2144094742953N11948816WA0079100777
B2144104742965N11948816WA0079200777
B2144114742978N11948816WA0079200777
B2144124742991N11948816WA0079200778
B2144134743004N11948816WA0079200778
B2144144743017N11948816WA0079300778
B2144154743030N11948816WA0079300779
B2144164743043N11948816WA0079300779
B2144174743056N11948816WA0079300780
B2144184743069N11948816WA0079400780
B2144194743082N11948816WA0079400780
B2144204743096N11948816WA0079400781
B2144214743109N11948816WA0079500781
B2144224743122N11948816WA0079500782
B2144234743135N11948816WA0079600782
B2144244743148N11948816WA0079600783
B2144254743161N11948816WA0079600783
B2144264743173N11948816WA0079700784
B2144274743186N11948816WA0079700784
B2144284743199N11948816WA0079800784
B2144294743211N11948816WA0079800784
B2144304743223N11948816WA0079800784
B2144314743235N11948817WA0079800783
B2144324743247N11948817WA0079800783
B2144334743259N11948817WA0079800783
B2144344743271N11948819WA0079800782
B2144354743283N11948820WA0079800782
B2144364743296N11948822WA0079800781
B2144374743308N11948825WA0079800780
B2144384743321N11948828WA0079700780
B2144394743333N11948830WA0079700779
B2144404743346N11948833WA0079700779
B2144414743358N11948836WA0079700779
B2144424743370N11948839WA0079600779
B2144434743382N11948841WA0079600779
B2144444743393N11948843WA0079600779
B2144454743405N11948845WA0079600780
B2144464743417N11948846WA0079500779
B2144474743429N11948846WA0079500779
B2144484743441N11948846WA0079500778
B2144494743454N11948846WA0079400776
B2144504743466N11948845WA0079400774
B2144514743480N11948844WA0079300772
B2144524743493N11948843WA0079200770
B2144534743507N11948842WA0079100769
B2144544743520N11948840WA0079000768
B2144554743534N11948838WA0079000769
B2144564743547N11948837WA0078900770
B2144574743559N11948835WA0078900771
B2144584743572N11948834WA0078900773
B2144594743584N11948832WA0078900775
B2145004743596N11948831WA0078900776
B2145014743608N11948829WA0079000778
B2145024743620N11948828WA0079000779
B2145034743631N11948827WA0079100781
B2145044743642N11948826WA0079200782
B2145054743653N11948825WA0079200783
B2145064743663N11948824WA0079300784
B2145074743672N11948823WA0079300784
B2145084743680N11948823WA0079400785
B2145094743686N11948822WA0079400786
B2145104743692N11948822WA0079400786
B2145114743696N11948822WA0079500786
B2145124743700N11948823WA0079500786
B2145134743704N11948825WA0079500786
B2145144743706N11948829WA0079600786
B2145154743709N11948833WA0079600786
B2145164743710N11948839WA0079600786
B2145174743710N11948845WA0079600786
B2145184743711N11948852WA0079700786
B2145194743711N11948859WA0079700786
B2145204743710N11948868WA0079700786
B2145214743710N11948877WA0079700786
B2145224743710N11948887WA0079800785
B2145234743710N11948898WA0079800785
B2145244743710N11948910WA0079800785
B2145254743710N11948923WA0079800785
B2145264743710N11948937WA0079800785
B2145274743710N11948951WA0079800785
B2145284743710N11948966WA0079900785
B2145294743710N11948982WA0079900785
B2145304743710N11948999WA0079900785
B2145314743710N11949016WA0079900784
B2145324743710N11949034WA0079900784
B2145334743711N11949052WA0079900784
B2145344743711N11949071WA0080000784
B2145354743711N11949090WA0080000784
B2145364743710N11949109WA0080000784
B2145374743710N11949129WA0080000784
B2145384743710N11949149WA0080000784
B2145394743710N11949169WA0080000784
B2145404743710N11949189WA0080000784
B2145414743710N11949210WA0080000784
B2145424743710N11949230WA0080000784
B2145434743710N11949251WA0080100784
B2145444743710N11949271WA0080100784
B2145454743710N11949291WA0080100784
B2145464743710N11949312WA0080000784
B2145474743710N11949332WA0080000784
B2145484743710N11949352WA0080000784
B2145494743710N11949373WA0080000784
B2145504743710N11949393WA0080000783
B2145514743710N11949414WA0080000783
B2145524743710N11949434WA0080000783
B2145534743710N11949455WA0080000782
B2145544743710N11949476WA0080000781
B2145554743710N11949497WA0080000781
B2145564743710N11949518WA0079900780
B2145574743710N11949539WA0079900780
B2145584743710N11949560WA0079900780
B2145594743710N11949581WA0079800781
B2146004743710N11949601WA0079800782
B2146014743711N11949621WA0079800782
B2146024743711N11949641WA0079800783
B2146034743711N11949661WA0079800784
B2146044743711N11949681WA0079900785
B2146054743711N11949700WA0079900785
B2146064743711N11949719WA0079900786
B2146074743711N11949739WA0079900786
B2146084743711N11949758WA0080000787
B2146094743711N11949778WA0080000787
B2146104743711N11949798WA0080000787
B2146114743711N11949817WA0080000788
B2146124743711N11949837WA0080100788
B2146134743711N11949857WA0080100789
B2146144743711N11949877WA0080200789
B2146154743711N11949897WA0080200790
B2146164743711N11949917WA0080200790
B2146174743711N11949937WA0080300791
B2146184743712N11949957WA0080300792
B2146194743712N11949977WA0080400792
B2146204743712N11949997WA0080400792
B2146214743712N11950017WA0080400793
B2146224743712N11950037WA0080500793
B2146234743712N11950057WA0080500793
B2146244743712N11950078WA0080600793
B2146254743712N11950098WA0080600794
B2146264743712N11950117WA0080600794
B2146274743712N11950137WA0080700794
B2146284743712N11950157WA0080700793
B2146294743712N11950177WA0080700793
B2146304743712N11950197WA0080700793
B2146314743712N11950217WA0080700793
B2146324743712N11950237WA0080700793
B2146334743712N11950257WA0080700792
B2146344743712N11950277WA0080700792
B2146354743712N11950297WA0080700792
B2146364743712N11950317WA0080700791
B2146374743712N11950337WA0080700791
B2146384743712N11950358WA0080700791
B2146394743712N11950378WA0080700791
B2146404743712N11950399WA0080800791
B2146414743713N11950419WA0080800791
B2146424743713N11950439WA0080800791
B2146434743713N11950459WA0080800791
B2146444743713N11950479WA0080800791
B2146454743713N11950498WA0080800791
B2146464743713N11950517WA0080800791
B2146474743713N11950537WA0080800792
B2146484743713N11950556WA0080800792
B2146494743713N11950576WA0080800792
B2146504743713N11950595WA0080700792
B2146514743713N11950615WA0080700793
B2146524743713N11950635WA0080800793
B2146534743713N11950655WA0080800793
B2146544743713N11950675WA0080800794
B2146554743713N11950695WA0080800794
B2146564743713N11950716WA0080900795
B2146574743713N11950737WA0080900795
B2146584743713N11950758WA0080900796
B2146594743713N11950779WA0081000796
B2147004743713N11950800WA0081000797
B2147014743713N11950821WA0081000797
B2147024743713N11950843WA0081100798
B2147034743714N11950864WA0081100798
B2147044743714N11950886WA0081200798
B2147054743714N11950908WA0081200798
B2147064743714N11950929WA0081200799
B2147074743714N11950951WA0081300799
B2147084743714N11950973WA0081300799
B2147094743714N11950995WA0081300799
B2147104743714N11951017WA0081400800
B2147114743714N11951039WA0081400800
B2147124743714N11951060WA0081400800
B2147134743714N11951082WA0081400800
B2147144743714N11951104WA0081500800
B2147154743715N11951126WA0081500800
B2147164743715N11951147WA0081500800
B2147174743715N11951169WA0081500800
B2147184743715N11951191WA0081500800
B2147194743715N11951212WA0081500800
B2147204743715N11951234WA0081600800
B2147214743715N11951255WA0081600800
B2147224743715N11951276WA0081600800
B2147234743715N11951297WA0081600801
B2147244743715N11951318WA0081600801
B2147254743715N11951338WA0081600802
B2147264743715N11951358WA0081600802
B2147274743715N11951378WA0081600802
B2147284743715N11951398WA0081600803
B2147294743716N11951418WA0081600803
B2147304743716N11951438WA0081600803
B2147314743716N11951458WA0081700803
B2147324743716N11951478WA0081700803
B2147334743716N11951498WA0081700803
B2147344743716N11951519WA0081700803
B2147354743716N11951539WA0081700803
B2147364743716N11951560WA0081700802
B2147374743716N11951582WA0081700802
B2147384743716N11951603WA0081700802
B2147394743716N11951625WA0081700802
B2147404743716N11951646WA0081700802
B2147414743716N11951668WA0081700802
B2147424743717N11951689WA0081700802
B2147434743717N11951711WA0081700802
B2147444743717N11951732WA0081800802
B2147454743717N11951754WA0081800803
B2147464743717N11951775WA0081800803
B2147474743717N11951797WA0081800803
B2147484743717N11951818WA0081800803
B2147494743717N11951840WA0081800803
B2147504743717N11951862WA0081800803
B2147514743717N11951884WA0081800803
B2147524743717N11951906WA0081800803
B2147534743718N11951928WA0081900803
B2147544743718N11951950WA0081900804
B2147554743718N11951972WA0081900804
B2147564743718N11951994WA0081900804
B2147574743718N11952014WA0081900805
B2147584743718N11952035WA0081900805
B2147594743718N11952055WA0081900806
B2148004743718N11952075WA0081900806
B2148014743718N11952095WA0081900806
B2148024743718N11952115WA0081900807
B2148034743718N11952135WA0081900807
B2148044743718N11952155WA0082000807
B2148054743719N11952174WA0082000808
B2148064743719N11952194WA0082000808
B2148074743719N11952214WA0082000809
B2148084743719N11952233WA0082000809
B2148094743719N11952253WA0082000809
B2148104743719N11952273WA0082100809
B2148114743719N11952292WA0082100810
B2148124743719N11952311WA0082100810
B2148134743719N11952330WA0082100810
B2148144743719N11952349WA0082100810
B2148154743719N11952368WA0082100810
B2148164743720N11952387WA0082100810
B2148174743720N11952406WA0082100810
B2148184743720N11952425WA0082200810
B2148194743720N11952443WA0082200810
B2148204743720N11952462WA0082200810
B2148214743720N11952480WA0082200810
B2148224743720N11952498WA0082200810
B2148234743720N11952516WA0082200810
B2148244743720N11952533WA0082200811
B2148254743720N11952550WA0082200811
B2148264743720N11952565WA0082200812
B2148274743720N11952579WA0082200812
B2148284743720N11952593WA0082200813
B2148294743721N11952605WA0082200813
B2148304743721N11952616WA0082200813
B2148314743721N11952626WA0082200813
B2148324743721N11952635WA0082200813
B2148334743721N11952643WA0082200814
B2148344743721N11952650WA0082200814
B2148354743721N11952655WA0082200814
B2148364743722N11952660WA0082200814
B2148374743724N11952664WA0082200814
B2148384743726N11952666WA0082200814
B2148394743729N11952667WA0082200814
B2148404743732N11952668WA0082200815
B2148414743736N11952667WA0082200815
B2148424743741N11952667WA0082200815
B2148434743746N11952667WA0082200815
B2148444743752N11952667WA0082200814
B2148454743758N11952667WA0082200814
B2148464743765N11952667WA0082300814
B2148474743773N11952667WA0082300814
B2148484743782N11952667WA0082300814
B2148494743791N11952667WA0082300814
B2148504743800N11952667WA0082400814
B2148514743810N11952667WA0082400815
B2148524743820N11952667WA0082400815
B2148534743830N11952667WA0082500816
B2148544743841N11952667WA0082500816
B2148554743852N11952667WA0082500816
B2148564743863N11952667WA0082600817
B2148574743874N11952667WA0082700817
B2148584743885N11952667WA0082700817
B2148594743897N11952667WA0082800818
B2149004743909N11952668WA0082800818
B2149014743921N11952668WA0082900818
B2149024743934N11952668WA0082900818
B2149034743946N11952668WA0083000819
B2149044743959N11952668WA0083000819
B2149054743971N11952668WA0083100819
B2149064743984N11952668WA0083100820
B2149074743997N11952668WA0083200820
B2149084744010N11952668WA0083200820
B2149094744023N11952668WA0083300821
B2149104744037N11952668WA0083300821
B2149114744050N11952668WA0083300821
B2149124744063N11952668WA0083400821
B2149134744077N11952668WA0083400820
B2149144744091N11952668WA0083400820
B2149154744105N11952668WA0083500820
B2149164744118N11952668WA0083500819
B2149174744132N11952668WA0083500819
B2149184744147N11952668WA0083500819
B2149194744161N11952668WA0083500818
B2149204744175N11952668WA0083500818
B2149214744189N11952668WA0083500818
B2149224744204N11952668WA0083500818
B2149234744218N11952668WA0083500818
B2149244744233N11952668WA0083500818
B2149254744248N11952668WA0083500818
B2149264744263N11952668WA0083500819
B2149274744277N11952668WA0083500819
B2149284744292N11952668WA0083600820
B2149294744307N11952668WA0083600820
B2149304744322N11952668WA0083600821
B2149314744336N11952668WA0083600821
B2149324744351N11952668WA0083700822
B2149334744366N11952668WA0083700822
B2149344744381N11952668WA0083700823
B2149354744396N11952668WA0083800823
B2149364744411N11952669WA0083800824
B2149374744426N11952669WA0083800825
B2149384744441N11952669WA0083900825
B2149394744456N11952669WA0083900826
B2149404744470N11952669WA0084000827
B2149414744485N11952669WA0084000829
B2149424744498N11952669WA0084100830
B2149434744512N11952669WA0084200831
B2149444744525N11952669WA0084300833
B2149454744538N11952669WA0084300834
B2149464744551N11952669WA0084400834
B2149474744565N11952669WA0084400834
B2149484744578N11952669WA0084500834
B2149494744592N11952670WA0084500833
B2149504744606N11952670WA0084600833
B2149514744621N11952670WA0084600833
B2149524744635N11952670WA0084600832
B2149534744650N11952670WA0084600831
B2149544744665N11952670WA0084700831
B2149554744680N11952669WA0084700830
B2149564744695N11952670WA0084700829
B2149574744710N11952670WA0084700828
B2149584744726N11952670WA0084700827
B2149594744741N11952669WA0084600826
B2150004744757N11952669WA0084600825
B2150014744772N11952670WA0084600824
B2150024744788N11952670WA0084500823
B2150034744804N11952670WA0084500823
B2150044744820N11952670WA0084400823
B2150054744836N11952670WA0084400823
B2150064744852N11952670WA0084400823
B2150074744868N11952669WA0084400824
B2150084744884N11952669WA0084400824
B2150094744899N11952669WA0084400826
B2150104744915N11952669WA0084400827
B2150114744930N11952669WA0084500828
B2150124744945N11952669WA0084500829
B2150134744960N11952669WA0084600829
B2150144744975N11952669WA0084600830
B2150154744990N11952669WA0084700831
B2150164745004N11952669WA0084700831
B2150174745019N11952669WA0084800832
B2150184745033N11952669WA0084800833
B2150194745047N11952669WA0084900834
B2150204745061N11952669WA0084900834
B2150214745075N11952669WA0084900835
B2150224745089N11952669WA0085000836
B2150234745103N11952669WA0085000836
B2150244745116N11952669WA0085100837
B2150254745130N11952669WA0085100838
B2150264745143N11952669WA0085200839
B2150274745157N11952669WA0085200840
B2150284745170N11952669WA0085300840
B2150294745183N11952669WA0085400841
B2150304745197N11952669WA0085400841
B2150314745210N11952668WA0085500841
B2150324745223N11952668WA0085500841
B2150334745237N11952668WA0085500842
B2150344745250N11952668WA0085600842
B2150354745264N11952669WA0085600842
B2150364745277N11952669WA0085600842
B2150374745291N11952669WA0085600842
B2150384745305N11952669WA0085700842
B2150394745319N11952669WA0085700842
B2150404745333N11952669WA0085700842
B2150414745347N11952669WA0085700843
B2150424745361N11952669WA0085800843
B2150434745376N11952668WA0085800843
B2150444745390N11952668WA0085800844
B2150454745404N11952668WA0085800844
B2150464745419N11952668WA0085900844
B2150474745433N11952668WA0085900845
B2150484745448N11952668WA0085900846
B2150494745462N11952668WA0086000847
B2150504745476N11952667WA0086000848
B2150514745490N11952667WA0086000848
B2150524745504N11952667WA0086100849
B2150534745519N11952667WA0086100850
B2150544745533N11952667WA0086200850
B2150554745547N11952667WA0086200850
B2150564745561N11952667WA0086300850
B2150574745575N11952667WA0086300850
B2150584745589N11952668WA0086300850
B2150594745602N11952668WA0086300851
B2151004745617N11952668WA0086400851
B2151014745631N11952668WA0086400852
B2151024745645N11952668WA0086500852
B2151034745659N11952668WA0086500853
B2151044745673N11952668WA0086500853
B2151054745686N11952668WA0086600854
B2151064745700N11952668WA0086600855
B2151074745714N11952668WA0086700855
B2151084745728N11952667WA0086700856
B2151094745742N11952666WA0086800857
B2151104745755N11952666WA0086800858
B2151114745769N11952666WA0086900859
B2151124745783N11952666WA0087000860
B2151134745796N11952665WA0087000861
B2151144745810N11952665WA0087100862
B2151154745824N11952665WA0087200863
B2151164745837N11952665WA0087200864
B2151174745851N11952665WA0087300865
B2151184745864N11952665WA0087400865
B2151194745877N11952665WA0087500866
B2151204745890N11952665WA0087600867
B2151214745904N11952664WA0087600868
B2151224745917N11952664WA0087700869
B2151234745930N11952664WA0087800870
B2151244745942N11952664WA0087900871
B2151254745955N11952663WA0088000873
B2151264745968N11952663WA0088100874
B2151274745980N11952663WA0088200875
B2151284745992N11952663WA0088300877
B2151294746005N11952663WA0088300878
B2151304746017N11952663WA0088500879
B2151314746029N11952663WA0088600880
B2151324746042N11952663WA0088700881
B2151334746054N11952663WA0088800882
B2151344746067N11952663WA0088900882
B2151354746079N11952663WA0089000883
B2151364746092N11952663WA0089100883
B2151374746105N11952663WA0089100884
B2151384746118N11952664WA0089200884
B2151394746131N11952664WA0089300884
B2151404746145N11952664WA0089400884
B2151414746159N11952663WA0089400884
B2151424746173N11952663WA0089400884
B2151434746187N11952663WA0089500885
B2151444746202N11952663WA0089500885
B2151454746216N11952663WA0089500885
B2151464746231N11952663WA0089600885
B2151474746245N11952663WA0089600886
B2151484746260N11952663WA0089700886
B2151494746274N11952663WA0089700887
B2151504746288N11952663WA0089800888
B2151514746302N11952663WA0089800888
B2151524746315N11952663WA0089900889
B2151534746328N11952663WA0089900890
B2151544746341N11952663WA0090000891
B2151554746354N11952663WA0090000891
B2151564746367N11952663WA0090000891
B2151574746381N11952663WA0090000890
B2151584746394N11952663WA0090000890
B2151594746408N11952664WA0090000889
B2152004746422N11952664WA0090000887
B2152014746437N11952664WA0090000886
B2152024746452N11952664WA0090000885
B2152034746467N11952664WA0090000884
B2152044746482N11952664WA0089900883
B2152054746497N11952664WA0089900882
B2152064746513N11952664WA0089800881
B2152074746529N11952664WA0089800880
B2152084746544N11952664WA0089800880
B2152094746560N11952664WA0089800880
B2152104746576N11952664WA0089700880
B2152114746591N11952664WA0089700880
B2152124746607N11952664WA0089700881
B2152134746622N11952664WA0089700881
B2152144746638N11952664WA0089700881
B2152154746653N11952664WA0089700882
B2152164746668N11952664WA0089700882
B2152174746683N11952664WA0089700882
B2152184746698N11952664WA0089700882
B2152194746713N11952664WA0089700881
B2152204746728N11952664WA0089600881
B2152214746743N11952664WA0089600881
B2152224746757N11952664WA0089600881
B2152234746772N11952664WA0089600880
B2152244746787N11952665WA0089500879
B2152254746802N11952665WA0089500878
B2152264746817N11952665WA0089400877
B2152274746833N11952665WA0089400876
B2152284746848N11952664WA0089400875
B2152294746864N11952664WA0089400875
B2152304746879N11952664WA0089300875
B2152314746895N11952664WA0089300875
B2152324746910N11952664WA0089300876
B2152334746925N11952664WA0089300877
B2152344746939N11952664WA0089300878
B2152354746954N11952664WA0089300879
B2152364746968N11952664WA0089300881
B2152374746981N11952664WA0089300882
B2152384746995N11952664WA0089400882
B2152394747009N11952664WA0089400883
B2152404747023N11952664WA0089400883
B2152414747036N11952664WA0089400883
B2152424747050N11952664WA0089500883
B2152434747064N11952664WA0089500883
B2152444747078N11952664WA0089500883
B2152454747092N11952664WA0089600883
B2152464747105N11952664WA0089600884
B2152474747119N11952664WA0089600885
B2152484747132N11952664WA0089600885
B2152494747145N11952664WA0089600886
B2152504747158N11952664WA0089700886
B2152514747171N11952663WA0089700887
B2152524747184N11952664WA0089700887
B2152534747197N11952664WA0089700888
B2152544747210N11952664WA0089800888
B2152554747223N11952663WA0089800888
B2152564747237N11952663WA0089800888
B2152574747250N11952663WA0089900888
B2152584747263N11952663WA0089900889
B2152594747277N11952663WA0089900889
B2153004747291N11952664WA0089900889
B2153014747304N11952664WA0090000890
B2153024747318N11952664WA0090000891
B2153034747331N11952664WA0090000891
B2153044747345N11952664WA0090100891
B2153054747359N11952663WA0090100892
B2153064747373N11952663WA0090200892
B2153074747387N11952663WA0090200892
B2153084747401N11952663WA0090300893
B2153094747415N11952663WA0090300893
B2153104747429N11952663WA0090400894
B2153114747443N11952663WA0090400895
B2153124747457N11952663WA0090400895
B2153134747471N11952663WA0090500896
B2153144747485N11952663WA0090600896
B2153154747499N11952663WA0090600896
B2153164747513N11952663WA0090600895
B2153174747527N11952664WA0090700895
B2153184747541N11952663WA0090700894
B2153194747555N11952663WA0090700894
B2153204747569N11952663WA0090700893
B2153214747584N11952663WA0090700893
B2153224747598N11952663WA0090700892
B2153234747612N11952663WA0090700892
B2153244747627N11952663WA0090600891
B2153254747641N11952663WA0090600890
B2153264747656N11952663WA0090600889
B2153274747670N11952663WA0090500888
B2153284747685N11952663WA0090500888
B2153294747700N11952663WA0090500887
B2153304747714N11952663WA0090400887
B2153314747729N11952663WA0090400887
B2153324747744N11952663WA0090300886
B2153334747758N11952663WA0090300886
B2153344747773N11952663WA0090200886
B2153354747787N11952663WA0090200886
B2153364747802N11952663WA0090200886
B2153374747816N11952663WA0090200886
B2153384747831N11952663WA0090100886
B2153394747845N11952663WA0090100886
B2153404747859N11952663WA0090100886
B2153414747873N11952663WA0090100886
B2153424747887N11952663WA0090100886
B2153434747902N11952663WA0090100886
B2153444747916N11952663WA0090000886
B2153454747930N11952663WA0090000886
B2153464747943N11952663WA0090000886
B2153474747957N11952663WA0090000886
B2153484747970N11952663WA0090000886
B2153494747983N11952663WA0089900886
B2153504747995N11952663WA0089900886
B2153514748006N11952663WA0089900886
B2153524748017N11952663WA0089800886
B2153534748026N11952663WA0089800886
B2153544748035N11952663WA0089700886
B2153554748042N11952662WA0089700886
B2153564748048N11952662WA0089600886
B2153574748053N11952662WA0089600886
B2153584748057N11952662WA0089500886
B2153594748060N11952662WA0089500886
B2154004748062N11952662WA0089500886
B2154014748063N11952662WA0089400886
B2154024748063N11952662WA0089400886
B2154034748064N11952662WA0089400886
B2154044748064N11952662WA0089400886
B2154054748064N11952662WA0089300886
B2154064748064N11952662WA0089300886
B2154074748064N11952662WA0089300886
B2154084748064N11952662WA0089300886
B2154094748064N11952662WA0089300886
B2154104748064N11952662WA0089300887
B2154114748064N11952662WA0089300887
B2154124748064N11952662WA0089300887
B2154134748064N11952662WA0089300887
B2154144748064N11952662WA0089300887
B2154154748064N11952662WA0089300887
B2154164748064N11952662WA0089300887
B2154174748064N11952662WA0089300887
B2154184748064N11952662WA0089300887
B2154194748065N11952662WA0089300887
B2154204748065N11952662WA0089300887
B2154214748065N11952662WA0089300887
B2154224748065N11952662WA0089300887
B2154234748065N11952662WA0089300888
B2154244748065N11952662WA0089300888
B2154254748065N11952662WA0089300888
B2154264748065N11952662WA0089300888
B2154274748065N11952662WA0089300888
B2154284748065N11952662WA0089300888
B2154294748065N11952662WA0089300888
B2154304748065N11952662WA0089300888
B2154314748065N11952662WA0089300888
B2154324748065N11952662WA0089200888
B2154334748065N11952662WA0089200888
B2154344748065N11952662WA0089200888
B2154354748065N11952662WA0089200888
B2154364748065N11952662WA0089200888
B2154374748065N11952662WA0089200888
B2154384748065N11952662WA0089200888
B2154394748065N11952662WA0089200888
B2154404748065N11952662WA0089200888
B2154414748065N11952662WA0089200888
B2154424748065N11952662WA0089200888
B2154434748065N11952662WA0089200888
B2154444748065N11952662WA0089200888
B2154454748065N11952662WA0089200888
B2154464748065N11952662WA0089200888
B2154474748065N11952662WA0089200888
B2154484748065N11952662WA0089200888
B2154494748065N11952662WA0089200888
B2154504748065N11952662WA0089200889
B2154514748065N11952662WA0089200889
B2154524748065N11952662WA0089200889
B2154534748065N11952662WA0089200889
B2154544748065N11952662WA0089200889
B2154554748066N11952662WA0089200889
B2154564748066N11952662WA0089200889
B2154574748068N11952663WA0089200889
B2154584748070N11952663WA0089200889
B2154594748073N11952663WA0089300889
B2155004748077N11952663WA0089300889
B2155014748081N11952663WA0089300889
B2155024748087N11952663WA0089300889
B2155034748092N11952663WA0089300889
B2155044748099N11952663WA0089400889
B2155054748106N11952663WA0089400889
B2155064748113N11952663WA0089400889
B2155074748121N11952663WA0089400888
B2155084748129N11952663WA0089400888
B2155094748138N11952663WA0089400888
B2155104748147N11952663WA0089500888
B2155114748157N11952663WA0089500888
B2155124748167N11952664WA0089500888
B2155134748177N11952664WA0089500889
B2155144748188N11952664WA0089600889
B2155154748199N11952664WA0089600889
B2155164748211N11952664WA0089600889
B2155174748222N11952664WA0089700889
B2155184748234N11952664WA0089700890
B2155194748246N11952664WA0089700890
B2155204748258N11952665WA0089800890
B2155214748270N11952665WA0089800890
B2155224748283N11952665WA0089900890
B2155234748296N11952665WA0089900889
B2155244748309N11952665WA0089900889
B2155254748323N11952665WA0089900888
B2155264748336N11952665WA0089900888
B2155274748349N11952665WA0089900888
B2155284748363N11952665WA0089900888
B2155294748376N11952665WA0089900888
B2155304748390N11952665WA0090000888
B2155314748404N11952665WA0090000888
B2155324748417N11952665WA0090000888
B2155334748431N11952665WA0090000889
B2155344748444N11952665WA0090100889
B2155354748457N11952665WA0090100890
B2155364748471N11952665WA0090100890
B2155374748484N11952665WA0090100891
B2155384748497N11952666WA0090100892
B2155394748510N11952666WA0090200892
B2155404748523N11952666WA0090200893
B2155414748536N11952666WA0090200893
B2155424748549N11952666WA0090200894
B2155434748561N11952666WA0090200894
B2155444748574N11952666WA0090300895
B2155454748587N11952666WA0090300895
B2155464748600N11952666WA0090300895
B2155474748613N11952666WA0090400895
B2155484748626N11952666WA0090400895
B2155494748639N11952666WA0090400895
B2155504748653N11952666WA0090400895
B2155514748666N11952666WA0090400895
B2155524748680N11952666WA0090500895
B2155534748693N11952667WA0090500895
B2155544748707N11952667WA0090500895
B2155554748721N11952667WA0090500895
B2155564748734N11952667WA0090600896
B2155574748748N11952667WA0090600896
B2155584748761N11952667WA0090600897
B2155594748775N11952667WA0090600898
B2156004748788N11952667WA0090700898
B2156014748801N11952667WA0090700899
B2156024748813N11952667WA0090800899
B2156034748826N11952667WA0090800899
B2156044748840N11952667WA0090800899
B2156054748853N11952667WA0090900899
B2156064748866N11952667WA0090900899
B2156074748880N11952667WA0090900898
B2156084748894N11952667WA0090900896
B2156094748909N11952667WA0090900895
B2156104748924N11952667WA0090800894
B2156114748938N11952667WA0090800893
B2156124748953N11952667WA0090700893
B2156134748968N11952668WA0090700893
B2156144748983N11952667WA0090700892
B2156154748998N11952667WA0090600892
B2156164749013N11952668WA0090600892
B2156174749028N11952668WA0090600892
B2156184749043N11952668WA0090600892
B2156194749059N11952668WA0090500892
B2156204749074N11952668WA0090500891
B2156214749089N11952668WA0090500891
B2156224749105N11952668WA0090500890
B2156234749120N11952668WA0090400890
B2156244749135N11952668WA0090400890
B2156254749151N11952668WA0090400890
B2156264749166N11952669WA0090400890
B2156274749181N11952669WA0090400890
B2156284749197N11952669WA0090400890
B2156294749212N11952669WA0090300891
B2156304749228N11952669WA0090300891
B2156314749243N11952669WA0090300891
B2156324749258N11952670WA0090300891
B2156334749274N11952670WA0090300890
B2156344749289N11952670WA0090300890
B2156354749305N11952670WA0090300890
B2156364749320N11952670WA0090300891
B2156374749336N11952670WA0090300891
B2156384749351N11952670WA0090300891
B2156394749367N11952670WA0090300891
B2156404749382N11952670WA0090300891
B2156414749398N11952671WA0090300891
B2156424749413N11952671WA0090300891
B2156434749428N11952671WA0090300891
B2156444749444N11952671WA0090300891
B2156454749459N11952672WA0090300891
B2156464749475N11952672WA0090300891
B2156474749490N11952672WA0090300891
B2156484749505N11952672WA0090300891
B2156494749521N11952672WA0090300891
B2156504749536N11952672WA0090300891
B2156514749552N11952672WA0090200891
B2156524749567N11952672WA0090300892
B2156534749582N11952672WA0090300892
B2156544749598N11952673WA0090300892
B2156554749613N11952673WA0090300893
B2156564749628N11952673WA0090300893
B2156574749643N11952673WA0090300894
B2156584749658N11952673WA0090300894
B2156594749673N11952673WA0090400894
B2157004749687N11952674WA0090400895
B2157014749700N11952674WA0090400895
B2157024749713N11952674WA0090400896
B2157034749725N11952674WA0090400896
B2157044749736N11952674WA0090400896
B2157054749747N11952674WA0090400897
B2157064749756N11952673WA0090400898
B2157074749765N11952672WA0090400899
B2157084749773N11952668WA0090400900
B2157094749780N11952664WA0090500901
B2157104749787N11952658WA0090500903
B2157114749792N11952650WA0090500904
B2157124749797N11952642WA0090600905
B2157134749800N11952632WA0090600906
B2157144749803N11952621WA0090700907
B2157154749804N11952610WA0090700907
B2157164749805N11952598WA0090800907
B2157174749805N11952586WA0090800907
B2157184749805N11952573WA0090900907
B2157194749805N11952560WA0090900907
B2157204749805N11952545WA0091000906
B2157214749805N11952530WA0091000906
B2157224749805N11952514WA0091000905
B2157234749805N11952498WA0091100904
B2157244749805N11952481WA0091100904
B2157254749805N11952463WA0091100903
B2157264749804N11952445WA0091100902
B2157274749804N11952427WA0091000901
B2157284749804N11952408WA0091000901
B2157294749804N11952389WA0091000900
B2157304749803N11952370WA0091000900
B2157314749803N11952350WA0090900900
B2157324749803N11952331WA0090900900
B2157334749802N11952312WA0090900902
B2157344749802N11952294WA0091000904
B2157354749802N11952277WA0091000906
B2157364749801N11952259WA0091100907
B2157374749801N11952243WA0091100908
B2157384749801N11952226WA0091200908
B2157394749801N11952209WA0091200908
B2157404749801N11952192WA0091200907
B2157414749801N11952174WA0091300907
B2157424749801N11952156WA0091300906
B2157434749801N11952137WA0091300905
B2157444749801N11952118WA0091300903
B2157454749801N11952098WA0091200902
B2157464749801N11952078WA0091200901
B2157474749801N11952059WA0091200901
B2157484749801N11952039WA0091100900
B2157494749801N11952020WA0091100900
B2157504749801N11952000WA0091100899
B2157514749801N11951980WA0091000898
B2157524749801N11951960WA0091000897
B2157534749801N11951940WA0090900896
B2157544749801N11951920WA0090900895
B2157554749801N11951899WA0090800894
B2157564749800N11951879WA0090800893
B2157574749800N11951859WA0090700893
B2157584749800N11951840WA0090600893
B2157594749800N11951822WA0090600893
B2158004749800N11951805WA0090500894
B2158014749800N11951789WA0090500895
B2158024749801N11951773WA0090500896
B2158034749802N11951758WA0090500897
B2158044749803N11951744WA0090500897
B2158054749804N11951731WA0090400897
B2158064749805N11951719WA0090400898
B2158074749807N11951709WA0090400897
B2158084749808N11951699WA0090400897
B2158094749809N11951692WA0090400897
B2158104749810N11951686WA0090400897
B2158114749811N11951681WA0090400897
B2158124749813N11951677WA0090300897
B2158134749815N11951675WA0090300898
B2158144749818N11951675WA0090300897
B2158154749821N11951676WA0090300898
B2158164749824N11951678WA0090400898
B2158174749827N11951682WA0090400898
B2158184749831N11951685WA0090400898
B2158194749835N11951688WA0090400898
B2158204749841N11951691WA0090400898
B2158214749846N11951693WA0090400899
B2158224749853N11951694WA0090500899
B2158234749860N11951695WA0090500899
B2158244749868N11951696WA0090500900
B2158254749877N11951696WA0090600900
B2158264749886N11951697WA0090600900
B2158274749895N11951697WA0090600901
B2158284749904N11951698WA0090700902
B2158294749914N11951698WA0090700902
B2158304749924N11951699WA0090800903
B2158314749934N11951700WA0090900904
B2158324749945N11951700WA0090900905
B2158334749955N11951701WA0091000906
B2158344749965N11951701WA0091100907
B2158354749976N11951702WA0091200908
B2158364749987N11951702WA0091300909
B2158374749998N11951703WA0091400910
B2158384750009N11951703WA0091400911
B2158394750020N11951704WA0091500911
B2158404750031N11951705WA0091600912
B2158414750043N11951705WA0091700912
B2158424750055N11951706WA0091700913
B2158434750068N11951707WA0091800913
B2158444750080N11951708WA0091900914
B2158454750093N11951709WA0092000914
B2158464750106N11951709WA0092000915
B2158474750120N11951710WA0092100915
B2158484750133N11951710WA0092100916
B2158494750147N11951711WA0092200916
B2158504750160N11951712WA0092300917
B2158514750174N11951713WA0092300918
B2158524750188N11951713WA0092400918
B2158534750202N11951714WA0092500919
B2158544750216N11951715WA0092500920
B2158554750230N11951716WA0092600921
B2158564750245N11951717WA0092700921
B2158574750259N11951717WA0092700922
B2158584750273N11951718WA0092800923
B2158594750287N11951719WA0092900924
B2159004750301N11951720WA0092900925
B2159014750315N11951720WA0093000926
B2159024750329N11951721WA0093100927
B2159034750343N11951722WA0093200928
B2159044750356N11951723WA0093200930
B2159054750370N11951724WA0093300931
B2159064750383N11951724WA0093400932
B2159074750396N11951725WA0093500934
B2159084750410N11951726WA0093600935
B2159094750422N11951726WA0093700935
B2159104750435N11951727WA0093700936
B2159114750448N11951727WA0093800936
B2159124750460N11951727WA0093900937
B2159134750473N11951727WA0093900937
B2159144750485N11951727WA0094000937
B2159154750498N11951727WA0094000937
B2159164750510N11951727WA0094100937
B2159174750523N11951727WA0094100936
B2159184750535N11951727WA0094100936
B2159194750548N11951727WA0094100935
B2159204750560N11951727WA0094100935
B2159214750572N11951727WA0094200935
B2159224750584N11951727WA0094200934
B2159234750596N11951728WA0094200934
B2159244750607N11951731WA0094200935
B2159254750617N11951735WA0094200935
B2159264750626N11951741WA0094200935
B2159274750635N11951748WA0094200936
B2159284750644N11951757WA0094200936
B2159294750652N11951767WA0094200936
B2159304750659N11951778WA0094200937
B2159314750665N11951791WA0094200937
B2159324750670N11951805WA0094300938
B2159334750674N11951820WA0094300939
B2159344750676N11951835WA0094300939
B2159354750678N11951850WA0094400940
B2159364750678N11951866WA0094400940
B2159374750677N11951881WA0094500941
B2159384750675N11951896WA0094500941
B2159394750672N11951911WA0094600941
B2159404750667N11951925WA0094600941
B2159414750662N11951939WA0094600941
B2159424750657N11951954WA0094600941
B2159434750652N11951968WA0094700941
B2159444750648N11951982WA0094700941
B2159454750643N11951996WA0094700940
B2159464750639N11952011WA0094700940
B2159474750636N11952026WA0094700939
B2159484750634N11952041WA0094700939
B2159494750633N11952057WA0094600938
B2159504750631N11952073WA0094600937
B2159514750630N11952089WA0094600936
B2159524750629N11952105WA0094500935
B2159534750628N11952122WA0094500934
B2159544750626N11952138WA0094400933
B2159554750625N11952154WA0094400932
B2159564750624N11952169WA0094300930
B2159574750623N11952184WA0094200929
B2159584750622N11952198WA0094100927
B2159594750621N11952212WA0094000926
B2200004750621N11952226WA0093900924
B2200014750621N11952239WA0093700923
B2200024750623N11952253WA0093600921
B2200034750625N11952267WA0093400919
B2200044750628N11952280WA0093300917
B2200054750633N11952294WA0093100915
B2200064750638N11952306WA0093000913
B2200074750645N11952317WA0092800912
B2200084750652N11952326WA0092600910
B2200094750660N11952334WA0092400908
B2200104750669N11952342WA0092200906
B2200114750677N11952349WA0092000904
B2200124750685N11952357WA0091800902
B2200134750693N11952365WA0091600900
B2200144750700N11952375WA0091400898
B2200154750706N11952386WA0091200896
B2200164750711N11952398WA0091100894
B2200174750715N11952410WA0090900892
B2200184750719N11952424WA0090800889
B2200194750721N11952438WA0090600887
B2200204750722N11952453WA0090500885
B2200214750722N11952467WA0090300883
B2200224750720N11952482WA0090200881
B2200234750718N11952497WA0089900879
B2200244750714N11952511WA0089800877
B2200254750709N11952526WA0089600874
B2200264750704N11952540WA0089400872
B2200274750699N11952554WA0089200870
B2200284750695N11952568WA0089100867
B2200294750690N11952582WA0088800865
B2200304750686N11952597WA0088700863
B2200314750683N11952611WA0088400861
B2200324750681N11952626WA0088200858
B2200334750680N11952641WA0088000856
B2200344750679N11952655WA0087800854
B2200354750679N11952670WA0087500852
B2200364750679N11952685WA0087300850
B2200374750679N11952700WA0087100848
B2200384750679N11952715WA0086900846
B2200394750678N11952730WA0086700845
B2200404750676N11952745WA0086500843
B2200414750672N11952759WA0086200841
B2200424750668N11952773WA0086100839
B2200434750662N11952786WA0085800837
B2200444750656N11952798WA0085600835
B2200454750649N11952809WA0085400833
B2200464750641N11952819WA0085200831
B2200474750632N11952827WA0085000829
B2200484750622N11952836WA0084900827
B2200494750613N11952844WA0084600824
B2200504750603N11952852WA0084500823
B2200514750593N11952860WA0084300821
B2200524750583N11952869WA0084100819
B2200534750573N11952877WA0083900816
B2200544750563N11952885WA0083800814
B2200554750554N11952894WA0083500812
B2200564750545N11952903WA0083400810
B2200574750536N11952913WA0083100808
B2200584750528N11952925WA0083000806
B2200594750520N11952937WA0082700804
B2201004750513N11952950WA0082600801
B2201014750506N11952964WA0082300799
B2201024750500N11952979WA0082200797
B2201034750493N11952993WA0081900794
B2201044750487N11953008WA0081700792
B2201054750481N11953022WA0081500790
B2201064750475N11953035WA0081300788
B2201074750470N11953049WA0081100786
B2201084750465N11953063WA0080900783
B2201094750460N11953077WA0080600781
B2201104750456N11953092WA0080500779
B2201114750453N11953108WA0080200777
B2201124750450N11953124WA0080100775
B2201134750448N11953142WA0079800772
B2201144750448N11953159WA0079600770
B2201154750447N11953178WA0079400768
B2201164750446N11953196WA0079200766
B2201174750446N11953215WA0079000763
B2201184750445N11953234WA0078800761
B2201194750444N11953253WA0078500758
B2201204750442N11953272WA0078400756
B2201214750440N11953291WA0078100753
B2201224750437N11953311WA0077900750
B2201234750434N11953330WA0077600747
B2201244750430N11953350WA0077500744
B2201254750426N11953369WA0077200742
B2201264750422N11953389WA0077000739
B2201274750418N11953409WA0076700736
B2201284750414N11953429WA0076500733
B2201294750410N11953449WA0076200731
B2201304750406N11953469WA0076000728
B2201314750402N11953488WA0075700726
B2201324750397N11953506WA0075500724
B2201334750392N11953524WA0075200721
B2201344750386N11953541WA0075000719
B2201354750378N11953557WA0074700717
B2201364750370N11953572WA0074500716
B2201374750362N11953586WA0074300714
B2201384750352N11953599WA0074100713
B2201394750342N11953611WA0073900712
B2201404750332N11953623WA0073700711
B2201414750322N11953634WA0073500710
B2201424750312N11953645WA0073400709
B2201434750302N11953657WA0073200708
B2201444750292N11953668WA0073100707
B2201454750282N11953680WA0072900705
B2201464750273N11953692WA0072800704
B2201474750264N11953704WA0072600703
B2201484750255N11953717WA0072500701
B2201494750246N11953730WA0072300700
B2201504750237N11953742WA0072200698
B2201514750228N11953755WA0072000697
B2201524750219N11953768WA0071900695
B2201534750211N11953780WA0071700694
B2201544750202N11953793WA0071600692
B2201554750193N11953806WA0071400691
B2201564750184N11953818WA0071300689
B2201574750176N11953831WA0071100688
B2201584750167N11953844WA0071000686
B2201594750158N11953856WA0070900685
B2202004750150N11953869WA0070800684
B2202014750141N11953882WA0070600682
B2202024750132N11953894WA0070500681
B2202034750124N11953907WA0070400679
B2202044750115N11953919WA0070200678
B2202054750107N11953930WA0070100677
B2202064750100N11953941WA0070000675
B2202074750092N11953952WA0069800674
B2202084750085N11953961WA0069700673
B2202094750078N11953970WA0069500672
B2202104750071N11953978WA0069400671
B2202114750062N11953985WA0069200670
B2202124750054N11953990WA0069100669
B2202134750045N11953995WA0068900668
B2202144750036N11953997WA0068800666
B2202154750026N11953998WA0068700665
B2202164750016N11953998WA0068500663
B2202174750006N11953998WA0068400662
B2202184749996N11953998WA0068300660
B2202194749985N11953997WA0068100659
B2202204749975N11953997WA0067900657
B2202214749965N11953997WA0067800655
B2202224749955N11953996WA0067600654
B2202234749945N11953997WA0067500652
B2202244749936N11953999WA0067300650
B2202254749926N11954002WA0067100648
B2202264749917N11954007WA0067000646
B2202274749908N11954014WA0066800644
B2202284749900N11954022WA0066600643
B2202294749892N11954032WA0066400641
B2202304749885N11954043WA0066300639
B2202314749878N11954055WA0066100637
B2202324749872N11954068WA0066000636
B2202334749866N11954082WA0065700634
B2202344749860N11954096WA0065600632
B2202354749854N11954110WA0065400630
B2202364749848N11954124WA0065300628
B2202374749842N11954139WA0065100626
B2202384749835N11954153WA0064900624
B2202394749829N11954168WA0064700623
B2202404749823N11954181WA0064600621
B2202414749817N11954195WA0064400619
B2202424749812N11954208WA0064200618
B2202434749807N11954221WA0064000616
B2202444749803N11954234WA0063900615
B2202454749799N11954248WA0063700614
B2202464749797N11954262WA0063600612
B2202474749796N11954277WA0063400611
B2202484749796N11954292WA0063300609
B2202494749796N11954308WA0063100608
B2202504749797N11954325WA0063000606
B2202514749797N11954342WA0062800605
B2202524749797N11954359WA0062700603
B2202534749798N11954376WA0062600602
B2202544749798N11954393WA0062400600
B2202554749799N11954409WA0062300599
B2202564749799N11954426WA0062200597
B2202574749800N11954443WA0062000596
B2202584749800N11954460WA0061900595
B2202594749801N11954477WA0061700594
B2203004749803N11954493WA0061600592
B2203014749805N11954510WA0061500591
B2203024749808N11954526WA0061400590
B2203034749811N11954542WA0061200588
B2203044749815N11954558WA0061100587
B2203054749818N11954574WA0060900585
B2203064749821N11954591WA0060800584
B2203074749824N11954608WA0060700583
B2203084749826N11954625WA0060600581
B2203094749829N11954643WA0060400579
B2203104749830N11954660WA0060300578
B2203114749832N11954678WA0060200576
B2203124749834N11954697WA0060100575
B2203134749836N11954715WA0059900573
B2203144749838N11954733WA0059800571
B2203154749840N11954751WA0059600570
B2203164749842N11954770WA0059500568
B2203174749844N11954788WA0059300567
B2203184749846N11954806WA0059200565
B2203194749850N11954824WA0059000563
B2203204749854N11954841WA0058900562
B2203214749859N11954857WA0058700561
B2203224749865N11954873WA0058600559
B2203234749871N11954888WA0058400558
B2203244749878N11954903WA0058300557
B2203254749884N11954919WA0058100556
B2203264749890N11954934WA0058000555
B2203274749896N11954948WA0057800554
B2203284749902N11954963WA0057700553
B2203294749908N11954977WA0057600552
B2203304749913N11954992WA0057500551
B2203314749918N11955007WA0057300550
B2203324749922N11955022WA0057300548
B2203334749927N11955038WA0057100547
B2203344749931N11955053WA0057000546
B2203354749936N11955068WA0056900544
B2203364749940N11955084WA0056800543
B2203374749944N11955099WA0056700541
B2203384749948N11955115WA0056600539
B2203394749953N11955131WA0056400538
B2203404749957N11955146WA0056300536
B2203414749961N11955161WA0056200534
B2203424749966N11955176WA0056100532
B2203434749970N11955191WA0055900530
B2203444749974N11955206WA0055800528
B2203454749978N11955222WA0055600526
B2203464749981N11955237WA0055400524
B2203474749984N11955254WA0055200522
B2203484749986N11955270WA0055100520
B2203494749987N11955287WA0054900518
B2203504749988N11955305WA0054800516
B2203514749989N11955323WA0054600514
B2203524749990N11955341WA0054400512
B2203534749990N11955359WA0054200509
B2203544749991N11955378WA0054100507
B2203554749992N11955396WA0053800505
B2203564749993N11955415WA0053700503
B2203574749994N11955433WA0053500501
B2203584749995N11955451WA0053300499
B2203594749996N11955469WA0053100497
B2204004749998N11955486WA0053000496
B2204014750001N11955504WA0052800494
B2204024750005N11955521WA0052600492
B2204034750010N11955538WA0052400491
B2204044750016N11955554WA0052300489
B2204054750022N11955569WA0052100487
B2204064750029N11955585WA0051900486
B2204074750035N11955600WA0051700484
B2204084750042N11955616WA0051600482
B2204094750048N11955631WA0051400480
B2204104750055N11955646WA0051300478
B2204114750062N11955662WA0051100477
B2204124750068N11955677WA0051000475
B2204134750075N11955693WA0050700473
B2204144750081N11955708WA0050600470
B2204154750088N11955724WA0050400468
B2204164750095N11955739WA0050300466
B2204174750101N11955755WA0050000464
B2204184750108N11955770WA0049900462
B2204194750114N11955785WA0049700460
B2204204750121N11955800WA0049500458
B2204214750127N11955814WA0049300455
B2204224750133N11955828WA0049100453
B2204234750139N11955843WA0048900451
B2204244750145N11955857WA0048700449
B2204254750151N11955871WA0048500447
B2204264750157N11955886WA0048300445
B2204274750163N11955900WA0048100442
B2204284750169N11955914WA0047900440
B2204294750174N11955927WA0047700438
B2204304750179N11955942WA0047500436
B2204314750183N11955957WA0047300434
B2204324750186N11955973WA0047100432
B2204334750188N11955990WA0046900430
B2204344750190N11956007WA0046700427
B2204354750191N11956025WA0046500425
B2204364750191N11956042WA0046300423
B2204374750190N11956060WA0046100420
B2204384750190N11956079WA0045900418
B2204394750189N11956097WA0045700415
B2204404750189N11956116WA0045500413
B2204414750188N11956134WA0045200410
B2204424750188N11956152WA0045000407
B2204434750187N11956170WA0044800405
B2204444750187N11956187WA0044600403
B2204454750187N11956204WA0044300400
B2204464750188N11956221WA0044100398
B2204474750189N11956238WA0043800395
B2204484750192N11956254WA0043600392
B2204494750195N11956271WA0043300389
B2204504750200N11956288WA0043100386
B2204514750205N11956304WA0042800384
B2204524750211N11956320WA0042600381
B2204534750216N11956335WA0042300379
B2204544750222N11956351WA0042100376
B2204554750227N11956366WA0041700374
B2204564750232N11956381WA0041500371
B2204574750237N11956395WA0041200369
B2204584750241N11956410WA0041100367
B2204594750245N11956426WA0040800365
B2205004750247N11956442WA0040600363
B2205014750249N11956458WA0040300362
B2205024750250N11956475WA0040200360
B2205034750250N11956492WA0039900358
B2205044750249N11956509WA0039800357
B2205054750248N11956527WA0039600355
B2205064750247N11956544WA0039500354
B2205074750245N11956561WA0039300353
B2205084750244N11956577WA0039100351
B2205094750242N11956593WA0039000350
B2205104750240N11956609WA0038800349
B2205114750238N11956624WA0038700348
B2205124750236N11956638WA0038500347
B2205134750233N11956653WA0038400346
B2205144750229N11956667WA0038300344
B2205154750225N11956680WA0038100343
B2205164750219N11956693WA0038000342
B2205174750213N11956706WA0037900341
B2205184750207N11956718WA0037800339
B2205194750200N11956729WA0037600338
B2205204750192N11956739WA0037500336
B2205214750184N11956749WA0037300335
B2205224750175N11956759WA0037200334
B2205234750166N11956767WA0037100332
B2205244750157N11956774WA0037000331
B2205254750147N11956782WA0036800329
B2205264750137N11956789WA0036700328
B2205274750128N11956797WA0036500326
B2205284750118N11956805WA0036400324
B2205294750108N11956812WA0036200322
B2205304750099N11956820WA0036100320
B2205314750089N11956827WA0035900319
B2205324750080N11956835WA0035800317
B2205334750070N11956842WA0035600315
B2205344750061N11956849WA0035500313
B2205354750053N11956856WA0035300311
B2205364750044N11956862WA0035200310
B2205374750036N11956869WA0035000308
B2205384750028N11956876WA0034800306
B2205394750019N11956883WA0034600304
B2205404750011N11956891WA0034500302
B2205414750004N11956901WA0034300300
B2205424749997N11956912WA0034100298
B2205434749991N11956923WA0033900296
B2205444749986N11956935WA0033800294
B2205454749982N11956949WA0033500292
B2205464749979N11956962WA0033400290
B2205474749978N11956977WA0033100288
B2205484749976N11956991WA0033000286
B2205494749976N11957006WA0032700284
B2205504749976N11957019WA0032500282
B2205514749977N11957033WA0032300280
B2205524749978N11957045WA0032100278
B2205534749980N11957057WA0031900276
B2205544749984N11957067WA0031700275
B2205554749989N11957077WA0031500274
B2205564749995N11957085WA0031400272
B2205574750002N11957094WA0031200271
B2205584750009N11957102WA0031100271
B2205594750015N11957110WA0030900271
B2206004750021N11957119WA0030800270
B2206014750026N11957130WA0030700270
B2206024750030N11957141WA0030600270
B2206034750032N11957152WA0030400269
B2206044750033N11957164WA0030400268
B2206054750033N11957176WA0030300268
B2206064750032N11957188WA0030200267
B2206074750029N11957200WA0030100266
B2206084750025N11957211WA0030000265
B2206094750020N11957221WA0030000265
B2206104750013N11957230WA0029900265
B2206114750005N11957239WA0029800264
B2206124749997N11957247WA0029800263
B2206134749988N11957255WA0029700262
B2206144749979N11957264WA0029700262
B2206154749970N11957272WA0029600261
B2206164749961N11957281WA0029600261
B2206174749952N11957289WA0029500261
B2206184749943N11957298WA0029500261
B2206194749934N11957307WA0029500261
B2206204749924N11957316WA0029400261
B2206214749915N11957324WA0029400261
B2206224749905N11957333WA0029400261
B2206234749895N11957341WA0029400261
B2206244749885N11957349WA0029400261
B2206254749875N11957357WA0029400261
B2206264749865N11957365WA0029400261
B2206274749855N11957373WA0029300261
B2206284749844N11957381WA0029300261
B2206294749834N11957389WA0029300261
B2206304749824N11957397WA0029300260
B2206314749813N11957405WA0029300260
B2206324749803N11957413WA0029300260
B2206334749793N11957421WA0029300260
B2206344749783N11957430WA0029300260
B2206354749772N11957438WA0029300260
B2206364749762N11957446WA0029300260
B2206374749752N11957455WA0029300260
B2206384749742N11957463WA0029300260
B2206394749732N11957471WA0029300261
B2206404749722N11957479WA0029300261
B2206414749713N11957488WA0029300261
B2206424749703N11957496WA0029300261
B2206434749694N11957504WA0029300260
B2206444749685N11957512WA0029300260
B2206454749675N11957519WA0029200259
B2206464749666N11957527WA0029200259
B2206474749658N11957535WA0029200258
B2206484749649N11957544WA0029100257
B2206494749641N11957552WA0029100256
B2206504749634N11957562WA0029000254
B2206514749627N11957573WA0028900253
B2206524749620N11957584WA0028900252
B2206534749614N11957596WA0028800250
B2206544749608N11957609WA0028700249
B2206554749603N11957623WA0028600248
B2206564749598N11957637WA0028500246
B2206574749594N11957651WA0028400245
B2206584749590N11957665WA0028300244
B2206594749586N11957678WA0028200242
B2207004749582N11957692WA0028100241
B2207014749577N11957705WA0028000239
B2207024749571N11957718WA0027900238
B2207034749564N11957730WA0027700237
B2207044749556N11957742WA0027600236
B2207054749548N11957752WA0027500235
B2207064749539N11957761WA0027400234
B2207074749529N11957769WA0027300234
B2207084749519N11957776WA0027200234
B2207094749509N11957783WA0027100233
B2207104749498N11957790WA0027000233
B2207114749487N11957796WA0027000232
B2207124749476N11957803WA0026900232
B2207134749465N11957810WA0026800232
B2207144749454N11957817WA0026800231
B2207154749443N11957824WA0026700231
B2207164749431N11957831WA0026700231
B2207174749420N11957838WA0026600230
B2207184749409N11957845WA0026600230
B2207194749397N11957852WA0026500230
B2207204749386N11957860WA0026500230
B2207214749375N11957867WA0026500229
B2207224749363N11957874WA0026500229
B2207234749352N11957881WA0026400229
B2207244749341N11957888WA0026400228
B2207254749329N11957895WA0026400228
B2207264749318N11957902WA0026400228
B2207274749306N11957909WA0026400227
B2207284749295N11957915WA0026300227
B2207294749283N11957921WA0026300227
B2207304749271N11957928WA0026300227
B2207314749259N11957934WA0026300227
B2207324749247N11957940WA0026300226
B2207334749235N11957946WA0026300226
B2207344749224N11957952WA0026200226
B2207354749212N11957958WA0026200226
B2207364749200N11957964WA0026200225
B2207374749188N11957969WA0026200225
B2207384749176N11957975WA0026200225
B2207394749164N11957981WA0026200225
B2207404749152N11957987WA0026200225
B2207414749140N11957993WA0026200225
B2207424749129N11957998WA0026200225
B2207434749117N11958004WA0026200225
B2207444749106N11958009WA0026200225
B2207454749095N11958015WA0026100225
B2207464749084N11958020WA0026100225
B2207474749074N11958025WA0026100225
B2207484749063N11958029WA0026100225
B2207494749053N11958034WA0026100226
B2207504749042N11958037WA0026100226
B2207514749031N11958040WA0026100226
B2207524749021N11958043WA0026000225
B2207534749011N11958045WA0026000225
B2207544749000N11958048WA0026000225
B2207554748990N11958051WA0026000225
B2207564748981N11958055WA0025900225
B2207574748971N11958060WA0025900225
B2207584748962N11958066WA0025900225
B2207594748953N11958073WA0025900224
B2208004748944N11958082WA0025900224
B2208014748936N11958092WA0025900224
B2208024748928N11958102WA0025900224
B2208034748920N11958113WA0025900225
B2208044748912N11958124WA0025900225
B2208054748904N11958134WA0025900225
B2208064748895N11958144WA0025900225
B2208074748886N11958153WA0026000225
B2208084748876N11958162WA0026000225
B2208094748866N11958170WA0026000225
B2208104748857N11958178WA0026000225
B2208114748847N11958186WA0026000225
B2208124748837N11958194WA0025900225
B2208134748828N11958201WA0025900225
B2208144748819N11958207WA0025900226
B2208154748809N11958212WA0025900226
B2208164748798N11958216WA0025900227
B2208174748788N11958219WA0025800228
B2208184748778N11958221WA0025800229
B2208194748768N11958223WA0025900229
B2208204748757N11958222WA0025900230
B2208214748747N11958221WA0025900231
B2208224748736N11958219WA0025900232
B2208234748726N11958216WA0026000233
B2208244748716N11958213WA0026100234
B2208254748706N11958211WA0026100235
B2208264748696N11958209WA0026200235
B2208274748686N11958206WA0026200236
B2208284748676N11958204WA0026200236
B2208294748667N11958201WA0026200236
B2208304748658N11958199WA0026200236
B2208314748650N11958198WA0026200235
B2208324748643N11958197WA0026200235
B2208334748637N11958198WA0026200234
B2208344748631N11958201WA0026100233
B2208354748627N11958205WA0026100234
B2208364748624N11958211WA0026100234
B2208374748622N11958216WA0026000234
B2208384748622N11958222WA0026000234
B2208394748622N11958227WA0026000234
B2208404748623N11958231WA0025900234
B2208414748625N11958235WA0025900234
B2208424748628N11958239WA0025900234
B2208434748632N11958241WA0025800234
B2208444748637N11958243WA0025800235
B2208454748642N11958245WA0025800235
B2208464748648N11958246WA0025800234
B2208474748655N11958248WA0025800234
B2208484748663N11958251WA0025800235
B2208494748671N11958254WA0025800235
B2208504748679N11958258WA0025800235
B2208514748688N11958262WA0025800234
B2208524748697N11958267WA0025800234
B2208534748706N11958272WA0025800234
B2208544748716N11958278WA0025800234
B2208554748726N11958284WA0025800235
B2208564748736N11958291WA0025900236
B2208574748746N11958298WA0025900236
B2208584748756N11958304WA0025900237
B2208594748765N11958311WA0025900237
B2209004748775N11958318WA0025900237
B2209014748785N11958324WA0025900238
B2209024748794N11958330WA0026000238
B2209034748804N11958337WA0026000237
B2209044748813N11958343WA0026000238
B2209054748822N11958348WA0026100237
B2209064748831N11958355WA0026100236
B2209074748841N11958361WA0026200235
B2209084748851N11958367WA0026200234
B2209094748860N11958374WA0026200235
B2209104748869N11958380WA0026200233
B2209114748879N11958386WA0026300233
B2209124748888N11958392WA0026300233
B2209134748897N11958398WA0026300232
B2209144748905N11958404WA0026300232
B2209154748914N11958410WA0026300231
B2209164748923N11958416WA0026300229
B2209174748933N11958422WA0026300229
B2209184748942N11958429WA0026300229
B2209194748951N11958435WA0026200228
B2209204748960N11958441WA0026200227
B2209214748970N11958447WA0026200227
B2209224748978N11958452WA0026100226
B2209234748987N11958458WA0026100226
B2209244748995N11958463WA0026100226
B2209254749002N11958467WA0026000226
B2209264749010N11958472WA0026000226
B2209274749017N11958475WA0026000226
B2209284749023N11958479WA0025900226
B2209294749028N11958481WA0025900226
B2209304749031N11958485WA0025900226
B2209314749034N11958489WA0025800226
B2209324749035N11958493WA0025800227
B2209334749036N11958498WA0025800227
B2209344749035N11958504WA0025800227
B2209354749034N11958509WA0025800227
B2209364749032N11958515WA0025800227
B2209374749029N11958522WA0025800227
B2209384749027N11958530WA0025800227
B2209394749024N11958537WA0025800227
B2209404749021N11958546WA0025800226
B2209414749019N11958554WA0025800226
B2209424749018N11958564WA0025800226
B2209434749017N11958574WA0025700226
B2209444749017N11958584WA0025700225
B2209454749018N11958594WA0025700225
B2209464749019N11958604WA0025700225
B2209474749021N11958613WA0025700224
B2209484749022N11958623WA0025700224
B2209494749024N11958632WA0025600224
B2209504749025N11958641WA0025600224
B2209514749026N11958649WA0025600225
B2209524749027N11958657WA0025600225
B2209534749028N11958665WA0025600225
B2209544749028N11958673WA0025600226
B2209554749028N11958682WA0025600226
B2209564749026N11958690WA0025600227
B2209574749024N11958698WA0025600227
B2209584749020N11958707WA0025600227
B2209594749016N11958714WA0025700228
B2210004749010N11958721WA0025700228
B2210014749004N11958727WA0025700229
B2210024748997N11958732WA0025700229
B2210034748989N11958738WA0025700229
B2210044748982N11958743WA0025800229
B2210054748973N11958749WA0025800230
B2210064748964N11958755WA0025800230
B2210074748955N11958761WA0025900230
B2210084748946N11958768WA0025900231
B2210094748937N11958774WA0026000231
B2210104748928N11958781WA0026000231
B2210114748918N11958788WA0026100232
B2210124748909N11958794WA0026100232
B2210134748899N11958801WA0026200233
B2210144748890N11958807WA0026200233
B2210154748881N11958813WA0026200234
B2210164748873N11958818WA0026300234
B2210174748865N11958824WA0026300235
B2210184748858N11958829WA0026300235
B2210194748851N11958834WA0026300235
B2210204748844N11958839WA0026300236
B2210214748839N11958842WA0026400236
B2210224748834N11958845WA0026400237
B2210234748829N11958847WA0026400237
B2210244748825N11958846WA0026400237
B2210254748821N11958845WA0026400238
B2210264748817N11958842WA0026400238
B2210274748814N11958837WA0026400238
B2210284748812N11958833WA0026400238
B2210294748809N11958828WA0026400237
B2210304748806N11958825WA0026400237
B2210314748801N11958823WA0026400236
B2210324748796N11958823WA0026400236
B2210334748791N11958824WA0026400235
B2210344748785N11958826WA0026400234
B2210354748779N11958830WA0026300234
B2210364748772N11958834WA0026300233
B2210374748764N11958838WA0026300233
B2210384748755N11958842WA0026300232
B2210394748746N11958847WA0026300231
B2210404748736N11958852WA0026200230
B2210414748726N11958857WA0026200230
B2210424748716N11958862WA0026200229
B2210434748706N11958867WA0026200229
B2210444748696N11958873WA0026200229
B2210454748685N11958878WA0026200229
B2210464748675N11958883WA0026200229
B2210474748665N11958889WA0026200229
B2210484748655N11958894WA0026200229
B2210494748644N11958899WA0026200229
B2210504748634N11958904WA0026100229
B2210514748624N11958909WA0026100229
B2210524748613N11958914WA0026100229
B2210534748603N11958919WA0026200229
B2210544748593N11958922WA0026200228
B2210554748582N11958925WA0026100228
B2210564748571N11958927WA0026100227
B2210574748560N11958930WA0026100227
B2210584748549N11958932WA0026000226
B2210594748538N11958936WA0026000226
B2211004748527N11958940WA0026000225
B2211014748516N11958945WA0025900224
B2211024748505N11958951WA0025900224
B2211034748493N11958956WA0025800223
B2211044748482N11958962WA0025800223
B2211054748470N11958967WA0025700223
B2211064748459N11958973WA0025700222
B2211074748447N11958979WA0025600222
B2211084748436N11958985WA0025600222
B2211094748424N11958991WA0025600222
B2211104748413N11958997WA0025500223
B2211114748401N11959003WA0025500223
B2211124748389N11959009WA0025500223
B2211134748377N11959015WA0025400223
B2211144748366N11959021WA0025400223
B2211154748354N11959027WA0025400223
B2211164748342N11959033WA0025400224
B2211174748331N11959039WA0025400224
B2211184748320N11959044WA0025400224
B2211194748309N11959050WA0025400224
B2211204748297N11959056WA0025400225
B2211214748287N11959061WA0025400225
B2211224748276N11959067WA0025400225
B2211234748266N11959072WA0025400225
B2211244748255N11959077WA0025400226
B2211254748245N11959083WA0025400226
B2211264748235N11959088WA0025400226
B2211274748225N11959093WA0025400226
B2211284748216N11959097WA0025400226
B2211294748206N11959102WA0025300227
B2211304748197N11959106WA0025300227
B2211314748188N11959110WA0025300227
B2211324748179N11959113WA0025300228
B2211334748170N11959117WA0025300228
B2211344748162N11959121WA0025300229
B2211354748153N11959125WA0025400229
B2211364748145N11959129WA0025400230
B2211374748138N11959133WA0025400230
B2211384748130N11959137WA0025400231
B2211394748123N11959140WA0025400231
B2211404748116N11959144WA0025400231
B2211414748110N11959147WA0025500231
B2211424748104N11959150WA0025500231
B2211434748098N11959153WA0025500231
B2211444748093N11959156WA0025500231
B2211454748088N11959158WA0025400230
B2211464748084N11959161WA0025400230
B2211474748081N11959163WA0025400230
B2211484748079N11959164WA0025400230
B2211494748076N11959165WA0025400230
B2211504748074N11959164WA0025400230
B2211514748071N11959162WA0025400230
B2211524748069N11959159WA0025300229
B2211534748067N11959155WA0025300229
B2211544748065N11959151WA0025300228
B2211554748064N11959147WA0025300228
B2211564748063N11959143WA0025300228
B2211574748062N11959138WA0025300228
B2211584748060N11959132WA0025300228
B2211594748059N11959126WA0025200228
B2212004748057N11959119WA0025200227
B2212014748055N11959112WA0025200226
B2212024748052N11959104WA0025200225
B2212034748051N11959096WA0025100224
B2212044748049N11959089WA0025100224
B2212054748048N11959083WA0025100224
B2212064748047N11959079WA0025100224
B2212074748045N11959075WA0025000224
B2212084748043N11959072WA0025000224
B2212094748041N11959070WA0025000224
B2212104748039N11959069WA0025000224
B2212114748036N11959070WA0025000224
B2212124748032N11959071WA0025000224
B2212134748029N11959073WA0025000224
B2212144748024N11959076WA0025000224
B2212154748019N11959079WA0025000224
B2212164748014N11959082WA0025000224
B2212174748008N11959086WA0025000224
B2212184748002N11959090WA0025100224
B2212194747995N11959094WA0025100224
B2212204747989N11959098WA0025100224
B2212214747982N11959103WA0025100224
B2212224747975N11959107WA0025100224
B2212234747967N11959112WA0025100224
B2212244747960N11959116WA0025100224
B2212254747953N11959121WA0025100224
B2212264747946N11959125WA0025100224
B2212274747939N11959129WA0025100224
B2212284747933N11959133WA0025200224
B2212294747927N11959137WA0025200224
B2212304747921N11959140WA0025200224
B2212314747916N11959144WA0025200224
B2212324747912N11959147WA0025100224
B2212334747907N11959149WA0025100224
B2212344747904N11959151WA0025100224
B2212354747900N11959152WA0025100224
B2212364747897N11959151WA0025100224
B2212374747895N11959149WA0025000224
B2212384747894N11959145WA0025000224
B2212394747892N11959142WA0025000223
B2212404747891N11959139WA0025000221
B2212414747889N11959136WA0024900220
B2212424747886N11959134WA0024900220
B2212434747883N11959132WA0024900220
B2212444747880N11959129WA0024800220
B2212454747878N11959126WA0024800220
B2212464747877N11959124WA0024800220
B2212474747876N11959122WA0024700220
B2212484747876N11959121WA0024700219
B2212494747876N11959121WA0024700219
B2212504747876N11959121WA0024600219
B2212514747876N11959121WA0024600219
B2212524747876N11959120WA0024600220
B2212534747876N11959120WA0024600220
B2212544747875N11959120WA0024600220
B2212554747875N11959120WA0024600220
B2212564747876N11959120WA0024600220
B2212574747875N11959119WA0024600220
B2212584747875N11959119WA0024600220
B2212594747876N11959119WA0024600220
B2213004747876N11959119WA0024600220
B2213014747876N11959119WA0024600220
B2213024747876N11959119WA0024500220
B2213034747876N11959119WA0024500220
B2213044747876N11959119WA0024500220
B2213054747876N11959119WA0024500220
B2213064747876N11959119WA0024500219
B2213074747876N11959119WA0024500219
B2213084747875N11959119WA0024500219
B2213094747875N11959119WA0024500220
B2213104747875N11959119WA0024500220
B2213114747875N11959119WA0024500219
B2213124747875N11959119WA0024500220
B2213134747875N11959119WA0024500220
B2213144747875N11959119WA0024500219
B2213154747875N11959119WA0024500219
B2213164747875N11959119WA0024500219
B2213174747875N11959119WA0024500219
B2213184747875N11959119WA0024500219
B2213194747875N11959119WA0024500219
B2213204747875N11959119WA0024500219
B2213214747875N11959118WA0024500219
B2213224747875N11959118WA0024500220
B2213234747875N11959118WA0024500220
B2213244747875N11959118WA0024500220
B2213254747875N11959118WA0024500221
B2213264747875N11959118WA0024500221
B2213274747875N11959118WA0024500221
B2213284747875N11959118WA0024500221
B2213294747875N11959118WA0024500221
B2213304747875N11959118WA0024500221
B2213314747875N11959118WA0024500221
B2213324747875N11959118WA0024500221
B2213334747875N11959118WA0024500221
B2213344747875N11959118WA0024500221
B2213354747875N11959118WA0024500221
B2213364747875N11959118WA0024500221
B2213374747875N11959118WA0024500221
B2213384747875N11959118WA0024500221
B2213394747875N11959118WA0024500221
B2213404747875N11959118WA0024500221
B2213414747875N11959118WA0024500221
B2213424747875N11959118WA0024500221
B2213434747875N11959118WA0024500221
B2213444747875N11959118WA0024500221
B2213454747875N11959118WA0024500221
B2213464747875N11959118WA0024500221
B2213474747875N11959118WA0024500221
B2213484747875N11959118WA0024500221
B2213494747875N11959118WA0024500221
B2213504747875N11959118WA0024500221
B2213514747875N11959118WA0024500221
B2213524747875N11959118WA0024500221
B2213534747875N11959118WA0024500221
B2213544747875N11959118WA0024500221
B2213554747875N11959118WA0024500221
B2213564747876N11959118WA0024500221
B2213574747876N11959118WA0024500221
B2213584747876N11959118WA0024500221
B2213594747876N11959118WA0024500221
B2214004747876N11959118WA0024500222
B2214014747876N11959118WA0024500222
B2214024747876N11959118WA0024500222
B2214034747876N11959118WA0024500222
B2214044747876N11959118WA0024500221
B2214054747876N11959118WA0024500222
B2214064747876N11959118WA0024500221
B2214074747876N11959118WA0024500221
B2214084747876N11959118WA0024500221
B2214094747875N11959118WA0024500221
B2214104747875N11959118WA0024500221
B2214114747875N11959118WA0024500221
B2214124747876N11959118WA0024500221
B2214134747876N11959118WA0024500221
B2214144747876N11959118WA0024500221
B2214154747876N11959118WA0024500221
B2214164747876N11959118WA0024500221
B2214174747876N11959118WA0024500221
B2214184747876N11959118WA0024500221
B2214194747875N11959118WA0024500221
B2214204747875N11959118WA0024500220
B2214214747875N11959118WA0024500220
B2214224747875N11959118WA0024500220
B2214234747875N11959118WA0024500220
B2214244747875N11959118WA0024500220
B2214254747875N11959118WA0024500220
B2214264747875N11959118WA0024500220
B2214274747875N11959118WA0024500219
B2214284747875N11959118WA0024500219
B2214294747875N11959118WA0024500219
B2214304747875N11959118WA0024500219
B2214314747875N11959118WA0024500219
B2214324747875N11959119WA0024500219
B2214334747875N11959119WA0024500219
B2214344747875N11959119WA0024500219
B2214354747875N11959119WA0024500219
B2214364747875N11959119WA0024500219
B2214374747875N11959119WA0024500219
B2214384747875N11959119WA0024500219
B2214394747875N11959119WA0024500219
B2214404747875N11959119WA0024500219
B2214414747875N11959119WA0024500219
B2214424747875N11959119WA0024500219
B2214434747875N11959119WA0024500219
B2214444747875N11959120WA0024500219
B2214454747875N11959120WA0024500219
B2214464747875N11959120WA0024500219
B2214474747875N11959120WA0024500219
B2214484747875N11959120WA0024500219
B2214494747875N11959120WA0024500219
B2214504747875N11959120WA0024500219
B2214514747875N11959120WA0024500219
B2214524747875N11959120WA0024500219
B2214534747875N11959120WA0024500219
B2214544747875N11959120WA0024500219
B2214554747875N11959120WA0024500219
B2214564747875N11959120WA0024500219
B2214574747875N11959120WA0024500219
B2214584747875N11959120WA0024500219
B2214594747875N11959120WA0024500219
B2215004747875N11959120WA0024500219
B2215014747875N11959120WA0024500219
B2215024747875N11959120WA0024500219
B2215034747875N11959120WA0024500219
B2215044747875N11959120WA0024500219
B2215054747875N11959120WA0024500219
B2215064747875N11959120WA0024500219
B2215074747875N11959120WA0024500219
B2215084747875N11959120WA0024500219
B2215094747875N11959120WA0024500219
B2215104747875N11959120WA0024500219
B2215114747875N11959120WA0024500219
B2215124747875N11959120WA0024500219
B2215134747875N11959120WA0024500219
B2215144747875N11959119WA0024500219
B2215154747875N11959119WA0024500219
B2215164747875N11959119WA0024500219
B2215174747875N11959119WA0024500219
B2215184747875N11959119WA0024500219
B2215194747875N11959119WA0024500219
B2215204747875N11959119WA0024500219
B2215214747875N11959119WA0024500219
B2215224747875N11959119WA0024500219
B2215234747875N11959119WA0024500219
B2215244747875N11959119WA0024500219
B2215254747875N11959119WA0024500219
B2215264747875N11959119WA0024500219
B2215274747875N11959119WA0024500219
B2215284747875N11959119WA0024500219
B2215294747875N11959119WA0024500219
B2215304747875N11959119WA0024500219
B2215314747875N11959118WA0024500219
B2215324747875N11959118WA0024500219
B2215334747875N11959118WA0024500219
B2215344747875N11959118WA0024500219
B2215354747874N11959118WA0024500219
B2215364747874N11959118WA0024500219
B2215374747874N11959118WA0024500219
B2215384747874N11959118WA0024500219
B2215394747874N11959118WA0024500219
B2215404747874N11959118WA0024500219
B2215414747874N11959117WA0024500219
B2215424747874N11959117WA0024500219
B2215434747874N11959117WA0024500219
B2215444747874N11959117WA0024500219
B2215454747874N11959117WA0024500219
B2215464747874N11959117WA0024500219
B2215474747874N11959117WA0024500219
B2215484747875N11959117WA0024500219
B2215494747874N11959117WA0024500219
B2215504747874N11959117WA0024500219
B2215514747874N11959117WA0024500219
B2215524747874N11959117WA0024500219
B2215534747874N11959117WA0024500219
B2215544747875N11959117WA0024500219
B2215554747875N11959117WA0024500219
B2215564747875N11959117WA0024500219
B2215574747875N11959117WA0024500219
B2215584747875N11959117WA0024500219
B2215594747875N11959117WA0024500219
B2216004747875N11959117WA0024500218
B2216014747875N11959117WA0024500218
B2216024747875N11959117WA0024500218
B2216034747875N11959117WA0024500218
B2216044747875N11959117WA0024500218
B2216054747875N11959117WA0024500218
B2216064747875N11959117WA0024500218
B2216074747875N11959117WA0024500218
B2216084747875N11959117WA0024500218
B2216094747875N11959117WA0024500218
B2216104747875N11959117WA0024500218
B2216114747875N11959117WA0024500218
B2216124747875N11959117WA0024500218
B2216134747875N11959117WA0024500218
B2216144747875N11959117WA0024500219
B2216154747875N11959117WA0024500219
B2216164747875N11959117WA0024500219
B2216174747875N11959117WA0024500219
B2216184747875N11959117WA0024500219
B2216194747875N11959117WA0024500219
B2216204747875N11959117WA0024500219
B2216214747875N11959117WA0024500219
B2216224747875N11959117WA0024500219
B2216234747875N11959117WA0024500219
B2216244747875N11959116WA0024500219
B2216254747875N11959117WA0024500220
B2216264747875N11959117WA0024500220
B2216274747875N11959116WA0024500220
B2216284747875N11959116WA0024500220
B2216294747875N11959116WA0024500220
B2216304747875N11959116WA0024500220
B2216314747875N11959116WA0024500220
B2216324747874N11959116WA0024500220
B2216334747874N11959116WA0024500221
B2216344747874N11959116WA0024500221
B2216354747874N11959116WA0024500221
B2216364747874N11959116WA0024500221
B2216374747874N11959116WA0024500221
B2216384747874N11959116WA0024500221
B2216394747874N11959116WA0024500221
B2216404747874N11959115WA0024500222
B2216414747874N11959115WA0024500222
B2216424747874N11959115WA0024500222
B2216434747874N11959115WA0024500222
B2216444747874N11959115WA0024500222
B2216454747874N11959115WA0024500222
B2216464747874N11959115WA0024500222
B2216474747874N11959115WA0024500222
B2216484747875N11959115WA0024500222
B2216494747875N11959116WA0024500222
B2216504747875N11959116WA0024500222
B2216514747875N11959116WA0024500222
B2216524747875N11959116WA0024500222
B2216534747875N11959116WA0024500222
B2216544747875N11959116WA0024500222
B2216554747875N11959116WA0024500222
B2216564747875N11959116WA0024500222
B2216574747875N11959116WA0024500222
B2216584747875N11959116WA0024500222
B2216594747875N11959116WA0024500222
B2217004747875N11959116WA0024500222
B2217014747875N11959116WA0024500222
B2217024747875N11959116WA0024500222
B2217034747875N11959116WA0024500222
B2217044747875N11959116WA0024500222
B2217054747875N11959116WA0024500222
B2217064747875N11959116WA0024500222
B2217074747875N11959116WA0024500222
B2217084747875N11959116WA0024500222
B2217094747875N11959116WA0024500221
B2217104747875N11959116WA0024500221
B2217114747875N11959116WA0024500221
B2217124747875N11959116WA0024500221
B2217134747875N11959116WA0024500221
B2217144747875N11959116WA0024500221
B2217154747875N11959116WA0024500221
B2217164747875N11959116WA0024500222
B2217174747875N11959116WA0024500221
B2217184747875N11959116WA0024500221
B2217194747875N11959116WA0024500221
B2217204747875N11959116WA0024500221
B2217214747875N11959116WA0024500221
B2217224747875N11959116WA0024500221
B2217234747875N11959116WA0024500221
B2217244747875N11959116WA0024500221
B2217254747875N11959116WA0024500221
B2217264747875N11959117WA0024500221
B2217274747875N11959117WA0024500221
B2217284747875N11959117WA0024500221
B2217294747875N11959117WA0024500221
B2217304747875N11959117WA0024500221
B2217314747874N11959117WA0024500220
B2217324747874N11959117WA0024500220
B2217334747874N11959117WA0024500220
B2217344747874N11959117WA0024500220
B2217354747874N11959117WA0024500220
B2217364747874N11959117WA0024500220
B2217374747874N11959117WA0024500220
B2217384747874N11959117WA0024500220
B2217394747874N11959117WA0024500220
B2217404747874N11959117WA0024500220
B2217414747874N11959117WA0024500221
B2217424747874N11959117WA0024500220
B2217434747874N11959117WA0024500221
B2217444747874N11959117WA0024500221
B2217454747874N11959117WA0024500221
B2217464747874N11959117WA0024500221
B2217474747874N11959117WA0024500221
B2217484747874N11959117WA0024500221
B2217494747874N11959117WA0024500221
B2217504747874N11959117WA0024400221
B2217514747874N11959117WA0024400220
B2217524747874N11959117WA0024400220
B2217534747874N11959117WA0024400220
B2217544747874N11959117WA0024400220
B2217554747874N11959117WA0024400220
B2217564747874N11959117WA0024400220
B2217574747874N11959117WA0024400220
B2217584747874N11959117WA0024400220
B2217594747875N11959117WA0024400220
B2218004747875N11959117WA0024400220
B2218014747875N11959118WA0024400220
B2218024747875N11959118WA0024400219
B2218034747875N11959118WA0024400219
B2218044747875N11959118WA0024400219
B2218054747875N11959118WA0024400219
B2218064747875N11959118WA0024400219
B2218074747875N11959118WA0024400220
B2218084747875N11959118WA0024400220
B2218094747875N11959118WA0024400220
B2218104747875N11959118WA0024400219
B2218114747875N11959118WA0024400219
B2218124747875N11959118WA0024400219
B2218134747875N11959118WA0024400219
B2218144747875N11959118WA0024400219
B2218154747875N11959118WA0024400219
B2218164747875N11959118WA0024400219
B2218174747875N11959118WA0024400219
B2218184747875N11959118WA0024400219
B2218194747875N11959119WA0024400218
B2218204747875N11959119WA0024400218
B2218214747875N11959119WA0024400218
B2218224747875N11959119WA0024400218
B2218234747875N11959119WA0024400218
B2218244747875N11959119WA0024400218
B2218254747875N11959118WA0024400218
B2218264747875N11959118WA0024400218
B2218274747875N11959118WA0024400218
B2218284747875N11959118WA0024400217
B2218294747875N11959118WA0024400217
B2218304747875N11959118WA0024400217
B2218314747875N11959118WA0024400217
B2218324747875N11959118WA0024400217
B2218334747875N11959118WA0024400217
B2218344747875N11959118WA0024400217
B2218354747875N11959118WA0024400217
B2218364747875N11959118WA0024400217
B2218374747875N11959118WA0024400217
B2218384747875N11959118WA0024400217
B2218394747875N11959118WA0024400217
B2218404747875N11959118WA0024400217
B2218414747875N11959118WA0024400216
B2218424747875N11959118WA0024500216
B2218434747875N11959118WA0024500216
B2218444747875N11959118WA0024500216
B2218454747875N11959118WA0024500216
B2218464747875N11959118WA0024500216
B2218474747875N11959118WA0024500216
B2218484747875N11959118WA0024500216
B2218494747875N11959118WA0024400216
B2218504747875N11959118WA0024400216
B2218514747875N11959118WA0024400216
B2218524747875N11959118WA0024400216
B2218534747875N11959118WA0024400216
B2218544747875N11959118WA0024400215
B2218554747875N11959118WA0024400215
B2218564747875N11959118WA0024400215
B2218574747875N11959118WA0024400215
B2218584747875N11959118WA0024400215
B2218594747875N11959118WA0024400215
B2219004747875N11959118WA0024400215
B2219014747875N11959118WA0024400215
B2219024747875N11959118WA0024400215
B2219034747875N11959118WA0024400215
B2219044747875N11959118WA0024400215
B2219054747875N11959118WA0024400215
B2219064747875N11959118WA0024400215
B2219074747875N11959118WA0024400215
B2219084747875N11959118WA0024400216
B2219094747875N11959118WA0024400216
B2219104747875N11959117WA0024400216
B2219114747875N11959117WA0024400216
B2219124747875N11959117WA0024400216
B2219134747875N11959117WA0024400216
B2219144747875N11959117WA0024400216
B2219154747875N11959117WA0024400216
B2219164747875N11959117WA0024400216
B2219174747875N11959117WA0024400217
B2219184747875N11959117WA0024400217
B2219194747875N11959117WA0024400217
B2219204747875N11959117WA0024400217
B2219214747875N11959117WA0024400217
B2219224747875N11959117WA0024400217
B2219234747875N11959117WA0024400217
B2219244747875N11959117WA0024400217
B2219254747875N11959117WA0024400217
B2219264747875N11959117WA0024400217
B2219274747875N11959117WA0024400217
B2219284747875N11959118WA0024400217
B2219294747875N11959118WA0024400217
B2219304747875N11959118WA0024400217
B2219314747875N11959118WA0024400217
B2219324747875N11959118WA0024400217
B2219334747875N11959117WA0024400217
B2219344747875N11959117WA0024400217
B2219354747875N11959117WA0024400217
B2219364747875N11959117WA0024400217
B2219374747875N11959117WA0024400217
B2219384747875N11959117WA0024400217
B2219394747875N11959117WA0024400217
B2219404747875N11959117WA0024400217
B2219414747875N11959117WA0024400217
B2219424747875N11959117WA0024400217
B2219434747875N11959118WA0024400217
B2219444747875N11959118WA0024400217
B2219454747875N11959118WA0024400216
B2219464747875N11959118WA0024400216
B2219474747875N11959118WA0024400216
B2219484747875N11959118WA0024400216
B2219494747875N11959118WA0024400216
B2219504747875N11959118WA0024400216
B2219514747875N11959118WA0024400216
B2219524747875N11959118WA0024400216
B2219534747875N11959118WA0024400216
B2219544747875N11959118WA0024400216
B2219554747875N11959118WA0024400216
B2219564747875N11959118WA0024400215
B2219574747875N11959118WA0024400215
B2219584747874N11959118WA0024400215
B2219594747874N11959117WA0024400215
B2220004747874N11959116WA0024400215
B2220014747875N11959115WA0024400215
B2220024747875N11959113WA0024400215
B2220034747876N11959112WA0024400215
B2220044747877N11959111WA0024400214
B2220054747877N11959110WA0024400215
B2220064747879N11959110WA0024400215
B2220074747880N11959110WA0024400216
B2220084747881N11959111WA0024400216
B2220094747883N11959112WA0024400216
B2220104747884N11959115WA0024500216
B2220114747885N11959118WA0024500216
B2220124747886N11959121WA0024500215
B2220134747887N11959124WA0024500215
B2220144747888N11959127WA0024500215
B2220154747889N11959130WA0024500216
B2220164747890N11959134WA0024500216
B2220174747891N11959137WA0024500217
B2220184747892N11959140WA0024600217
B2220194747893N11959142WA0024600217
B2220204747894N11959145WA0024600217
B2220214747895N11959147WA0024600218
B2220224747896N11959148WA0024600218
B2220234747898N11959149WA0024700218
B2220244747900N11959149WA0024700219
B2220254747902N11959148WA0024700220
B2220264747905N11959146WA0024700220
B2220274747907N11959145WA0024700220
B2220284747910N11959143WA0024800220
B2220294747913N11959141WA0024800220
B2220304747915N11959139WA0024800220
B2220314747918N11959138WA0024800220
B2220324747920N11959137WA0024800219
B2220334747923N11959135WA0024800219
B2220344747925N11959134WA0024800219
B2220354747927N11959133WA0024800219
B2220364747929N11959132WA0024800219
B2220374747931N11959131WA0024800219
B2220384747934N11959131WA0024800219
B2220394747936N11959131WA0024800219
B2220404747939N11959132WA0024800219
B2220414747941N11959135WA0024800219
B2220424747943N11959138WA0024800219
B2220434747945N11959141WA0024800219
B2220444747946N11959146WA0024800219
B2220454747947N11959150WA0024800220
B2220464747948N11959155WA0024800220
B2220474747949N11959159WA0024900220
B2220484747950N11959164WA0024900220
B2220494747951N11959168WA0024900221
B2220504747952N11959173WA0024900221
B2220514747953N11959177WA0024900222
B2220524747954N11959181WA0024900223
B2220534747955N11959185WA0024900223
B2220544747956N11959188WA0025000223
B2220554747957N11959192WA0025000224
B2220564747957N11959195WA0025000224
B2220574747958N11959198WA0025000224
B2220584747959N11959200WA0025000224
B2220594747959N11959202WA0025000224
B2221004747960N11959203WA0025100224
B2221014747960N11959205WA0025100224
B2221024747960N11959206WA0025100225
B2221034747961N11959207WA0025100225
B2221044747961N11959208WA0025100225
B2221054747961N11959209WA0025100225
B2221064747961N11959210WA0025100225
B2221074747962N11959211WA0025100225
B2221084747962N11959211WA0025100225
B2221094747962N11959212WA0025100225
B2221104747962N11959212WA0025100225
B2221114747962N11959212WA0025100225
B2221124747962N11959212WA0025100225
B2221134747962N11959212WA0025100225
B2221144747962N11959212WA0025100225
B2221154747962N11959212WA0025100225
B2221164747962N11959212WA0025100224
B2221174747962N11959212WA0025100224
B2221184747962N11959212WA0025100224
B2221194747961N11959212WA0025100224
B2221204747961N11959212WA0025100224
B2221214747961N11959212WA0025100224
B2221224747961N11959212WA0025100224
B2221234747961N11959212WA0025100224
B2221244747961N11959212WA0025100224
B2221254747961N11959212WA0025100224
B2221264747961N11959212WA0025100225
B2221274747961N11959212WA0025100225
B2221284747961N11959212WA0025100225
B2221294747961N11959212WA0025100225
B2221304747961N11959212WA0025100225
B2221314747961N11959212WA0025100225
B2221324747961N11959212WA0025100225
B2221334747962N11959213WA0025100225
B2221344747962N11959214WA0025100225
B2221354747962N11959215WA0025100225
B2221364747963N11959216WA0025100225
B2221374747963N11959217WA0025100225
B2221384747964N11959217WA0025100225
B2221394747965N11959218WA0025100226
B2221404747967N11959219WA0025100226
B2221414747969N11959219WA0025100227
B2221424747972N11959219WA0025100227
B2221434747974N11959217WA0025100226
B2221444747978N11959216WA0025100226
B2221454747981N11959214WA0025100226
B2221464747985N11959211WA0025100226
B2221474747988N11959209WA0025100225
B2221484747993N11959206WA0025100224
B2221494747997N11959204WA0025100224
B2221504748002N11959201WA0025100224
B2221514748007N11959198WA0025000224
B2221524748012N11959196WA0025000225
B2221534748017N11959193WA0025000225
B2221544748022N11959190WA0025000225
B2221554748027N11959188WA0025100225
B2221564748033N11959185WA0025100225
B2221574748038N11959182WA0025000225
B2221584748044N11959179WA0025100225
B2221594748049N11959176WA0025100225
B2222004748055N11959174WA0025100225
B2222014748060N11959171WA0025100225
B2222024748065N11959168WA0025100226
B2222034748070N11959165WA0025100226
B2222044748076N11959162WA0025100226
B2222054748081N11959159WA0025100226
B2222064748087N11959156WA0025100226
B2222074748092N11959152WA0025200226
B2222084748098N11959149WA0025200227
B2222094748103N11959146WA0025200227
B2222104748109N11959143WA0025200227
B2222114748115N11959140WA0025200227
B2222124748121N11959137WA0025300227
B2222134748127N11959134WA0025300227
B2222144748134N11959130WA0025300227
B2222154748141N11959127WA0025300227
B2222164748149N11959123WA0025300227
B2222174748157N11959119WA0025300226
B2222184748165N11959116WA0025300226
B2222194748173N11959112WA0025300225
B2222204748181N11959108WA0025300225
B2222214748190N11959105WA0025300225
B2222224748199N11959101WA0025300224
B2222234748208N11959097WA0025300223
B2222244748217N11959092WA0025300223
B2222254748226N11959088WA0025300222
B2222264748235N11959083WA0025200222
B2222274748244N11959078WA0025200222
B2222284748253N11959074WA0025200222
B2222294748262N11959069WA0025200222
B2222304748271N11959064WA0025200222
B2222314748280N11959060WA0025100222
B2222324748289N11959055WA0025100221
B2222334748299N11959050WA0025100221
B2222344748308N11959046WA0025100221
B2222354748317N11959041WA0025100221
B2222364748326N11959036WA0025100221
B2222374748336N11959031WA0025100221
B2222384748345N11959026WA0025100221
B2222394748355N11959021WA0025100221
B2222404748365N11959016WA0025100221
B2222414748375N11959011WA0025000220
B2222424748384N11959006WA0025000220
B2222434748394N11959001WA0025000220
B2222444748404N11958996WA0025000221
B2222454748414N11958991WA0025000221
B2222464748424N11958986WA0025000221
B2222474748433N11958981WA0025000221
B2222484748443N11958976WA0025000221
B2222494748453N11958972WA0025000221
B2222504748462N11958967WA0025000221
B2222514748472N11958962WA0025000221
B2222524748482N11958957WA0025000221
B2222534748492N11958952WA0025000221
B2222544748501N11958947WA0025100221
B2222554748511N11958942WA0025100222
B2222564748521N11958938WA0025100222
B2222574748531N11958934WA0025100223
B2222584748540N11958931WA0025100224
B2222594748550N11958929WA0025200224
B2223004748560N11958926WA0025200225
B2223014748570N11958924WA0025300225
B2223024748579N11958923WA0025300226
B2223034748589N11958920WA0025300227
B2223044748598N11958918WA0025400227
B2223054748607N11958914WA0025400227
B2223064748616N11958910WA0025400228
B2223074748625N11958905WA0025500228
B2223084748634N11958900WA0025500229
B2223094748643N11958896WA0025500229
B2223104748652N11958891WA0025500229
B2223114748661N11958886WA0025600229
B2223124748670N11958882WA0025600229
B2223134748679N11958877WA0025600229
B2223144748688N11958873WA0025600229
B2223154748697N11958868WA0025600229
B2223164748706N11958863WA0025600229
B2223174748715N11958859WA0025600229
B2223184748724N11958854WA0025600229
B2223194748733N11958850WA0025600229
B2223204748742N11958846WA0025600230
B2223214748751N11958841WA0025600230
B2223224748759N11958837WA0025600230
B2223234748768N11958832WA0025600231
B2223244748776N11958828WA0025700232
B2223254748783N11958824WA0025700233
B2223264748791N11958820WA0025700234
B2223274748797N11958818WA0025700235
B2223284748803N11958818WA0025800235
B2223294748807N11958820WA0025800236
B2223304748812N11958822WA0025800237
B2223314748815N11958826WA0025900238
B2223324748817N11958830WA0025900238
B2223334748819N11958835WA0026000238
B2223344748820N11958838WA0026000238
B2223354748821N11958841WA0026000239
B2223364748820N11958844WA0026100238
B2223374748820N11958848WA0026100238
B2223384748818N11958852WA0026100238
B2223394748815N11958856WA0026200238
B2223404748812N11958859WA0026200238
B2223414748808N11958863WA0026300239
B2223424748803N11958867WA0026300239
B2223434748798N11958870WA0026400239
B2223444748792N11958874WA0026400240
B2223454748786N11958878WA0026500241
B2223464748779N11958882WA0026500241
B2223474748772N11958887WA0026600242
B2223484748764N11958893WA0026600243
B2223494748757N11958898WA0026700244
B2223504748750N11958905WA0026800245
B2223514748744N11958912WA0026900245
B2223524748738N11958921WA0026900246
B2223534748735N11958932WA0027000247
B2223544748733N11958943WA0027100248
B2223554748732N11958954WA0027200248
B2223564748733N11958965WA0027300250
B2223574748735N11958976WA0027400251
B2223584748738N11958985WA0027400252
B2223594748743N11958994WA0027500253
B2224004748748N11959002WA0027600254
B2224014748755N11959007WA0027700255
B2224024748763N11959011WA0027800256
B2224034748770N11959012WA0027900257
B2224044748779N11959011WA0027900258
B2224054748787N11959008WA0028000259
B2224064748795N11959003WA0028100260
B2224074748804N11958999WA0028200261
B2224084748813N11958994WA0028300262
B2224094748822N11958988WA0028400264
B2224104748831N11958982WA0028400265
B2224114748839N11958974WA0028600266
B2224124748847N11958965WA0028600268
B2224134748856N11958956WA0028800269
B2224144748864N11958946WA0028900270
B2224154748872N11958935WA0029000272
B2224164748880N11958924WA0029100273
B2224174748888N11958912WA0029200274
B2224184748894N11958900WA0029300276
B2224194748902N11958888WA0029500277
B2224204748909N11958878WA0029600278
B2224214748918N11958868WA0029700280
B2224224748926N11958860WA0029800281
B2224234748936N11958854WA0030000282
B2224244748946N11958849WA0030100283
B2224254748956N11958845WA0030200284
B2224264748967N11958843WA0030300285
B2224274748978N11958841WA0030400287
B2224284748988N11958839WA0030500288
B2224294748998N11958835WA0030700289
B2224304749009N11958829WA0030700290
B2224314749018N11958822WA0030900292
B2224324749027N11958814WA0031000292
B2224334749037N11958806WA0031100294
B2224344749047N11958800WA0031200295
B2224354749058N11958794WA0031300296
B2224364749068N11958790WA0031400297
B2224374749079N11958787WA0031600298
B2224384749091N11958785WA0031700300
B2224394749103N11958785WA0031800301
B2224404749114N11958786WA0031900302
B2224414749127N11958787WA0032000304
B2224424749139N11958787WA0032100305
B2224434749151N11958786WA0032300306
B2224444749163N11958784WA0032300307
B2224454749176N11958781WA0032500309
B2224464749188N11958779WA0032600310
B2224474749200N11958778WA0032700312
B2224484749212N11958777WA0032800313
B2224494749225N11958777WA0033000314
B2224504749237N11958776WA0033100315
B2224514749249N11958775WA0033200316
B2224524749261N11958774WA0033300318
B2224534749273N11958772WA0033400319
B2224544749285N11958770WA0033500320
B2224554749297N11958768WA0033700321
B2224564749309N11958768WA0033800322
B2224574749320N11958769WA0033900323
B2224584749331N11958770WA0034000324
B2224594749342N11958773WA0034100325
B2225004749353N11958775WA0034200326
B2225014749364N11958775WA0034300327
B2225024749375N11958774WA0034400328
B2225034749386N11958772WA0034500329
B2225044749397N11958768WA0034600330
B2225054749407N11958763WA0034700331
B2225064749417N11958756WA0034800332
B2225074749427N11958749WA0034900333
B2225084749437N11958741WA0035000333
B2225094749447N11958735WA0035100334
B2225104749457N11958729WA0035200335
B2225114749468N11958724WA0035300335
B2225124749479N11958720WA0035400336
B2225134749490N11958718WA0035500338
B2225144749502N11958717WA0035600338
B2225154749513N11958716WA0035700339
B2225164749525N11958716WA0035700340
B2225174749537N11958716WA0035800341
B2225184749549N11958716WA0035900342
B2225194749560N11958716WA0036000342
B2225204749570N11958715WA0036100343
B2225214749581N11958715WA0036200344
B2225224749591N11958716WA0036200345
B2225234749600N11958720WA0036300345
B2225244749609N11958725WA0036400346
B2225254749618N11958733WA0036500346
B2225264749625N11958742WA0036600347
B2225274749632N11958752WA0036600347
B2225284749637N11958764WA0036700348
B2225294749642N11958777WA0036800348
B2225304749644N11958791WA0036800348
B2225314749646N11958806WA0036900349
B2225324749646N11958821WA0036900349
B2225334749646N11958836WA0037000350
B2225344749646N11958851WA0037000350
B2225354749646N11958865WA0037100351
B2225364749646N11958879WA0037200351
B2225374749646N11958893WA0037200351
B2225384749647N11958905WA0037300352
B2225394749647N11958915WA0037300352
B2225404749648N11958924WA0037300352
B2225414749649N11958931WA0037400353
B2225424749650N11958936WA0037400353
B2225434749653N11958940WA0037400353
B2225444749656N11958942WA0037400353
B2225454749660N11958943WA0037400353
B2225464749664N11958944WA0037400353
B2225474749668N11958944WA0037400353
B2225484749672N11958944WA0037400353
B2225494749677N11958945WA0037400353
B2225504749683N11958946WA0037400353
B2225514749689N11958946WA0037400353
B2225524749695N11958948WA0037400353
B2225534749702N11958949WA0037400353
B2225544749709N11958950WA0037400354
B2225554749715N11958951WA0037500355
B2225564749723N11958952WA0037500356
B2225574749730N11958953WA0037500356
B2225584749737N11958955WA0037500357
B2225594749745N11958956WA0037600358
B2226004749752N11958957WA0037600359
B2226014749759N11958958WA0037700360
B2226024749767N11958960WA0037700361
B2226034749774N11958961WA0037700361
B2226044749782N11958962WA0037800362
B2226054749789N11958963WA0037800363
B2226064749796N11958964WA0037900363
B2226074749803N11958964WA0037900364
B2226084749810N11958964WA0037900365
B2226094749818N11958963WA0038000365
B2226104749825N11958962WA0038000365
B2226114749832N11958961WA0038100366
B2226124749840N11958958WA0038100366
B2226134749848N11958955WA0038200366
B2226144749856N11958950WA0038200367
B2226154749863N11958945WA0038300367
B2226164749871N11958940WA0038300367
B2226174749878N11958933WA0038400367
B2226184749885N11958926WA0038400367
B2226194749891N11958918WA0038500367
B2226204749898N11958911WA0038500367
B2226214749903N11958902WA0038500367
B2226224749909N11958893WA0038600367
B2226234749914N11958884WA0038600367
B2226244749920N11958875WA0038700368
B2226254749926N11958865WA0038700368
B2226264749932N11958856WA0038700368
B2226274749939N11958848WA0038800369
B2226284749945N11958840WA0038800369
B2226294749953N11958832WA0038900369
B2226304749960N11958825WA0038900370
B2226314749968N11958818WA0038900370
B2226324749976N11958811WA0039000370
B2226334749985N11958805WA0039000371
B2226344749994N11958800WA0039100372
B2226354750003N11958794WA0039100372
B2226364750013N11958789WA0039200373
B2226374750023N11958783WA0039300374
B2226384750033N11958777WA0039300375
B2226394750043N11958771WA0039400376
B2226404750054N11958765WA0039500377
B2226414750063N11958760WA0039600378
B2226424750073N11958755WA0039600379
B2226434750082N11958750WA0039700380
B2226444750091N11958745WA0039800381
B2226454750100N11958740WA0039900382
B2226464750108N11958734WA0039900383
B2226474750116N11958728WA0040000384
B2226484750123N11958722WA0040100384
B2226494750130N11958715WA0040200385
B2226504750135N11958710WA0040200386
B2226514750140N11958707WA0040300386
B2226524750143N11958706WA0040400387
B2226534750146N11958706WA0040400387
B2226544750148N11958708WA0040500388
B2226554750150N11958711WA0040600388
B2226564750152N11958716WA0040600389
B2226574750154N11958720WA0040700389
B2226584750156N11958726WA0040700390
B2226594750158N11958731WA0040800391
B2227004750160N11958737WA0040900392
B2227014750163N11958743WA0041000392
B2227024750167N11958750WA0041000393
B2227034750170N11958757WA0041100393
B2227044750174N11958764WA0041100393
B2227054750177N11958771WA0041100392
B2227064750181N11958778WA0041100392
B2227074750184N11958785WA0041200393
B2227084750187N11958792WA0041200393
B2227094750190N11958798WA0041200393
B2227104750192N11958805WA0041200393
B2227114750195N11958811WA0041200393
B2227124750197N11958817WA0041200393
B2227134750200N11958823WA0041200393
B2227144750202N11958828WA0041200393
B2227154750205N11958834WA0041200393
B2227164750207N11958840WA0041200392
B2227174750209N11958845WA0041200392
B2227184750212N11958851WA0041200391
B2227194750214N11958857WA0041100390
B2227204750217N11958863WA0041100390
B2227214750219N11958869WA0041100389
B2227224750220N11958875WA0041100389
B2227234750221N11958882WA0041000389
B2227244750221N11958888WA0041000389
B2227254750221N11958894WA0041000389
B2227264750221N11958900WA0041000389
B2227274750221N11958905WA0041000389
B2227284750221N11958910WA0041000389
B2227294750221N11958915WA0041000389
B2227304750220N11958919WA0041000389
B2227314750219N11958922WA0041000389
B2227324750218N11958924WA0041000389
B2227334750216N11958926WA0041000389
B2227344750214N11958927WA0041000388
B2227354750213N11958926WA0041000389
B2227364750211N11958926WA0041000389
B2227374750210N11958925WA0040900388
B2227384750208N11958924WA0040900388
B2227394750206N11958923WA0040900388
B2227404750205N11958923WA0040900387
B2227414750203N11958922WA0040900387
B2227424750202N11958921WA0040900387
B2227434750200N11958920WA0040900387
B2227444750199N11958920WA0040900386
B2227454750197N11958919WA0040900386
B2227464750196N11958918WA0040900386
B2227474750195N11958917WA0040900386
B2227484750194N11958916WA0040900386
B2227494750194N11958914WA0040800386
B2227504750193N11958913WA0040800386
B2227514750193N11958912WA0040800386
B2227524750193N11958911WA0040800386
B2227534750193N11958910WA0040800387
B2227544750193N11958909WA0040800387
B2227554750193N11958908WA0040800387
B2227564750194N11958907WA0040800386
B2227574750194N11958906WA0040800386
B2227584750194N11958906WA0040800386
B2227594750194N11958906WA0040800386
B2228004750194N11958907WA0040800386
B2228014750194N11958907WA0040800386
B2228024750194N11958908WA0040800386
B2228034750194N11958908WA0040800386
B2228044750194N11958909WA0040800386
B2228054750194N11958910WA0040800386
B2228064750194N11958911WA0040800386
B2228074750194N11958912WA0040800386
B2228084750194N11958912WA0040800386
B2228094750194N11958912WA0040800386
B2228104750194N11958912WA0040800386
B2228114750194N11958912WA0040800386
B2228124750194N11958912WA0040800386
B2228134750194N11958912WA0040800386
B2228144750194N11958912WA0040800386
B2228154750194N11958912WA0040800386
B2228164750194N11958912WA0040800385
B2228174750194N11958912WA0040800385
B2228184750194N11958912WA0040800385
B2228194750194N11958912WA0040800385
B2228204750194N11958913WA0040800385
B2228214750194N11958913WA0040800385
B2228224750194N11958913WA0040800385
B2228234750194N11958913WA0040800385
B2228244750194N11958913WA0040800385
B2228254750194N11958913WA0040800385
B2228264750194N11958913WA0040800385
B2228274750194N11958913WA0040800385
B2228284750194N11958913WA0040800385
B2228294750194N11958913WA0040800385
B2228304750194N11958912WA0040800385
B2228314750194N11958912WA0040800385
B2228324750194N11958912WA0040800385
B2228334750194N11958912WA0040900386
B2228344750194N11958912WA0040900386
B2228354750194N11958912WA0040900386
B2228364750194N11958912WA0040900386
B2228374750194N11958912WA0040900386
B2228384750194N11958912WA0040900386
B2228394750194N11958912WA0040900386
B2228404750195N11958912WA0040900387
B2228414750195N11958912WA0040900387
B2228424750195N11958912WA0040900387
B2228434750195N11958912WA0040900387
B2228444750195N11958912WA0040900387
B2228454750195N11958912WA0040900387
B2228464750195N11958912WA0040900387
B2228474750195N11958912WA0040900387
B2228484750195N11958912WA0040900387
B2228494750195N11958912WA0040900387
B2228504750195N11958912WA0040900387
B2228514750195N11958912WA0040900387
B2228524750195N11958912WA0040900387
B2228534750195N11958912WA0040900387
B2228544750195N11958912WA0040900387
B2228554750195N11958912WA0040900387
B2228564750195N11958912WA0040900387
B2228574750195N11958912WA0040900387
B2228584750195N11958912WA0040900387
B2228594750195N11958912WA0040900387
B2229004750195N11958912WA0040900387
B2229014750195N11958912WA0040900387
B2229024750195N11958912WA0040900387
B2229034750195N11958912WA0040900387
B2229044750195N11958912WA0040900387
B2229054750195N11958912WA0040900387
B2229064750195N11958912WA0040900387
B2229074750195N11958912WA0040900387
B2229084750195N11958912WA0040900387
B2229094750195N11958912WA0040900387
B2229104750195N11958912WA0040900387
B2229114750195N11958912WA0040900387
B2229124750195N11958912WA0040900387
B2229134750195N11958912WA0040900387
B2229144750195N11958912WA0040900388
B2229154750195N11958912WA0040900388
B2229164750195N11958912WA0040900388
B2229174750195N11958912WA0040900388
B2229184750195N11958912WA0040900388
B2229194750195N11958912WA0040900388
B2229204750195N11958912WA0040900388
B2229214750195N11958912WA0040900388
B2229224750195N11958912WA0040900388
B2229234750195N11958912WA0040900388
B2229244750195N11958912WA0040900388
B2229254750195N11958912WA0040900387
B2229264750195N11958912WA0040900387
B2229274750195N11958912WA0040900387
B2229284750195N11958912WA0040900387
B2229294750195N11958912WA0040900387
B2229304750195N11958912WA0040900387
B2229314750195N11958912WA0040900387
B2229324750195N11958912WA0040900387
B2229334750195N11958912WA0040900387
B2229344750195N11958912WA0040900387
B2229354750195N11958912WA0040900386
B2229364750195N11958912WA0040900386
B2229374750195N11958912WA0040900386
B2229384750195N11958912WA0040900386
B2229394750195N11958912WA0040900386
B2229404750195N11958912WA0040900386
B2229414750195N11958912WA0040900386
B2229424750195N11958912WA0040900386
B2229434750195N11958912WA0040900386
B2229444750195N11958912WA0040900386
B2229454750195N11958912WA0040900386
B2229464750196N11958912WA0040900386
B2229474750196N11958912WA0040900386
B2229484750196N11958912WA0040900386
B2229494750195N11958912WA0040900385
B2229504750195N11958912WA0040900385
B2229514750196N11958912WA0040900385
B2229524750196N11958912WA0040900385
B2229534750196N11958911WA0040900385
B2229544750196N11958911WA0040900385
B2229554750196N11958912WA0040900385
B2229564750196N11958912WA0040900385
B2229574750196N11958912WA0040900385
B2229584750196N11958912WA0040900385
B2229594750196N11958911WA0040900385
B2230004750196N11958911WA0040900385
B2230014750196N11958911WA0040900385
B2230024750196N11958911WA0040900385
B2230034750196N11958911WA0040900385
B2230044750196N11958911WA0040900386
B2230054750196N11958911WA0040900386
B2230064750196N11958911WA0040900386
B2230074750196N11958911WA0040900386
B2230084750196N11958911WA0040900386
B2230094750196N11958911WA0040900386
B2230104750196N11958911WA0040900386
B2230114750196N11958911WA0040900386
B2230124750196N11958911WA0040900386
B2230134750196N11958911WA0040900386
B2230144750196N11958911WA0040900386
B2230154750196N11958911WA0040900386
B2230164750196N11958911WA0040900387
B2230174750196N11958911WA0040900387
B2230184750196N11958911WA0040900387
B2230194750196N11958911WA0040900387
B2230204750196N11958911WA0040900387
B2230214750196N11958911WA0040900387
B2230224750196N11958911WA0040900387
B2230234750196N11958911WA0040900387
B2230244750196N11958911WA0040900387
B2230254750196N11958911WA0040900387
B2230264750196N11958911WA0040900387
B2230274750196N11958911WA0040900387
B2230284750196N11958911WA0040900387
B2230294750196N11958911WA0040900387
B2230304750196N11958911WA0040900387
B2230314750196N11958911WA0040900387
B2230324750196N11958911WA0040900387
B2230334750196N11958911WA0040900387
B2230344750196N11958911WA0040900386
B2230354750196N11958911WA0040900386
B2230364750196N11958911WA0040900386
B2230374750196N11958911WA0040900386
B2230384750196N11958911WA0040900386
B2230394750196N11958911WA0040900386
B2230404750196N11958911WA0040900386
B2230414750196N11958911WA0040900385
B2230424750196N11958911WA0040900385
B2230434750196N11958912WA0040900385
B2230444750196N11958912WA0040900385
B2230454750196N11958912WA0040900385
B2230464750196N11958912WA0040900385
B2230474750196N11958912WA0040900384
B2230484750196N11958912WA0040900384
B2230494750196N11958912WA0040900384
B2230504750196N11958912WA0040900384
B2230514750196N11958912WA0040900384
B2230524750196N11958912WA0040900384
B2230534750196N11958912WA0040900384
B2230544750196N11958912WA0040900384
B2230554750196N11958912WA0040900384
B2230564750196N11958912WA0040900384
B2230574750196N11958912WA0040900384
B2230584750196N11958912WA0040900384
B2230594750196N11958912WA0040900384
B2231004750196N11958912WA0040900384
B2231014750196N11958912WA0040900383
B2231024750196N11958912WA0040900383
B2231034750196N11958912WA0040900383
B2231044750196N11958912WA0040900383
B2231054750196N11958912WA0040900383
B2231064750196N11958912WA0040900383
B2231074750196N11958912WA0040900383
B2231084750196N11958912WA0040900383
B2231094750196N11958912WA0040900383
B2231104750196N11958912WA0040900383
B2231114750196N11958912WA0040900383
B2231124750196N11958912WA0040900383
B2231134750196N11958912WA0040900383
B2231144750196N11958912WA0040900383
B2231154750196N11958912WA0040900383
B2231164750196N11958912WA0040900383
B2231174750196N11958912WA0040900383
B2231184750196N11958912WA0040900383
B2231194750196N11958912WA0040900383
B2231204750196N11958912WA0040900383
B2231214750196N11958912WA0040900383
B2231224750196N11958912WA0040900383
B2231234750196N11958912WA0040900383
B2231244750196N11958912WA0040900383
B2231254750196N11958912WA0040900383
B2231264750196N11958913WA0040900383
B2231274750196N11958913WA0040900383
B2231284750196N11958913WA0040900382
B2231294750196N11958913WA0040900382
B2231304750196N11958913WA0040900382
B2231314750196N11958913WA0040900382
B2231324750196N11958913WA0040900382
B2231334750196N11958913WA0040900382
B2231344750196N11958913WA0040900382
B2231354750196N11958913WA0040900382
B2231364750196N11958913WA0040900382
B2231374750196N11958913WA0040900382
B2231384750196N11958913WA0040900382
B2231394750196N11958913WA0040800383
B2231404750196N11958913WA0040800383
B2231414750196N11958913WA0040800383
B2231424750196N11958913WA0040800383
B2231434750196N11958913WA0040800384
B2231444750196N11958913WA0040800384
B2231454750195N11958913WA0040800383
B2231464750195N11958913WA0040800384
B2231474750195N11958913WA0040800384
B2231484750195N11958913WA0040800384
B2231494750195N11958913WA0040800384
B2231504750195N11958913WA0040800384
B2231514750195N11958913WA0040800384
B2231524750195N11958913WA0040800385
B2231534750195N11958913WA0040800384
B2231544750195N11958913WA0040800385
B2231554750195N11958913WA0040800385
B2231564750195N11958913WA0040800385
B2231574750195N11958913WA0040800385
B2231584750195N11958913WA0040800385
B2231594750195N11958913WA0040800385
B2232004750195N11958913WA0040800385
B2232014750194N11958913WA0040800385
B2232024750194N11958913WA0040800385
B2232034750194N11958913WA0040800385
B2232044750194N11958914WA0040800386
B2232054750194N11958914WA0040800386
B2232064750194N11958914WA0040800386
B2232074750193N11958914WA0040800385
B2232084750192N11958914WA0040800385
B2232094750192N11958914WA0040800385
B2232104750192N11958914WA0040800385
B2232114750191N11958914WA0040800385
B2232124750191N11958914WA0040800385
B2232134750190N11958913WA0040800385
B2232144750190N11958913WA0040800384
B2232154750190N11958912WA0040800384
B2232164750189N11958912WA0040800384
B2232174750189N11958912WA0040800384
B2232184750188N11958912WA0040800384
B2232194750188N11958911WA0040800384
B2232204750188N11958911WA0040800384
B2232214750187N11958910WA0040800384
B2232224750187N11958910WA0040800384
B2232234750186N11958910WA0040900383
B2232244750186N11958910WA0040900383
B2232254750185N11958910WA0040900383
B2232264750185N11958910WA0040900383
B2232274750184N11958910WA0040900383
B2232284750184N11958910WA0040900383
B2232294750184N11958910WA0040800383
B2232304750183N11958909WA0040800383
B2232314750183N11958909WA0040800383
B2232324750183N11958909WA0040800383
B2232334750183N11958909WA0040800383
B2232344750183N11958909WA0040800383
B2232354750183N11958909WA0040800384
B2232364750183N11958909WA0040800384
B2232374750183N11958909WA0040800384
B2232384750183N11958909WA0040800384
B2232394750183N11958909WA0040800384
B2232404750183N11958909WA0040800384
B2232414750183N11958909WA0040800384
B2232424750183N11958909WA0040800384
B2232434750183N11958909WA0040700384
B2232444750183N11958909WA0040700384
B2232454750183N11958909WA0040700384
B2232464750183N11958909WA0040700384
B2232474750183N11958909WA0040700384
B2232484750183N11958909WA0040700384
B2232494750183N11958909WA0040700384
B2232504750183N11958909WA0040700384
B2232514750183N11958909WA0040700384
B2232524750183N11958909WA0040800384
B2232534750183N11958909WA0040800384
B2232544750183N11958909WA0040800384
B2232554750183N11958909WA0040800385
B2232564750183N11958909WA0040800385
B2232574750183N11958909WA0040800385
B2232584750183N11958909WA0040700385
B2232594750183N11958909WA0040700385
B2233004750183N11958909WA0040700385
B2233014750183N11958909WA0040700385
B2233024750183N11958909WA0040700385
B2233034750183N11958909WA0040700385
B2233044750183N11958909WA0040700385
B2233054750183N11958909WA0040700385
B2233064750183N11958909WA0040700386
B2233074750183N11958909WA0040700386
B2233084750183N11958909WA0040700386
B2233094750183N11958909WA0040700386
B2233104750183N11958909WA0040700386
B2233114750183N11958909WA0040700386
B2233124750183N11958909WA0040700386
B2233134750183N11958909WA0040700386
B2233144750183N11958909WA0040700386
B2233154750183N11958909WA0040700386
B2233164750183N11958909WA0040700386
B2233174750183N11958910WA0040700385
B2233184750183N11958910WA0040700385
B2233194750183N11958910WA0040700385
B2233204750183N11958910WA0040700385
B2233214750183N11958910WA0040700385
B2233224750183N11958910WA0040700385
B2233234750183N11958910WA0040700385
B2233244750183N11958910WA0040700385
B2233254750183N11958910WA0040700385
B2233264750183N11958910WA0040700385
B2233274750183N11958910WA0040700385
B2233284750183N11958910WA0040700385
B2233294750183N11958910WA0040700384
B2233304750183N11958910WA0040700384
B2233314750183N11958910WA0040700384
B2233324750183N11958910WA0040700384
B2233334750183N11958910WA0040700384
B2233344750183N11958910WA0040700384
B2233354750183N11958910WA0040700384
B2233364750183N11958910WA0040700384
B2233374750183N11958910WA0040700384
B2233384750183N11958910WA0040700384
B2233394750183N11958910WA0040700384
B2233404750183N11958910WA0040700383
B2233414750183N11958910WA0040700383
B2233424750183N11958910WA0040700383
B2233434750183N11958910WA0040700384
B2233444750183N11958910WA0040700384
B2233454750183N11958910WA0040700384
B2233464750183N11958910WA0040700384
B2233474750183N11958910WA0040700384
B2233484750183N11958910WA0040700384
B2233494750183N11958910WA0040700384
B2233504750183N11958910WA0040700384
B2233514750183N11958910WA0040700384
B2233524750183N11958910WA0040700384
B2233534750183N11958910WA0040700384
B2233544750183N11958910WA0040700384
B2233554750183N11958910WA0040700384
B2233564750183N11958910WA0040700384
B2233574750183N11958910WA0040700384
B2233584750183N11958910WA0040700384
B2233594750182N11958910WA0040700384
B2234004750182N11958910WA0040700384
B2234014750182N11958910WA0040700384
B2234024750182N11958910WA0040700385
B2234034750182N11958910WA0040700385
B2234044750182N11958910WA0040700385
B2234054750182N11958910WA0040700385
B2234064750182N11958910WA0040700385
B2234074750182N11958909WA0040700385
B2234084750182N11958909WA0040700385
B2234094750182N11958909WA0040700385
B2234104750182N11958909WA0040700385
B2234114750182N11958909WA0040700385
B2234124750182N11958909WA0040700385
B2234134750182N11958909WA0040700385
B2234144750182N11958909WA0040700385
B2234154750182N11958909WA0040700385
B2234164750182N11958909WA0040700385
B2234174750182N11958909WA0040700385
B2234184750182N11958909WA0040700385
B2234194750182N11958909WA0040700385
B2234204750182N11958909WA0040700385
B2234214750182N11958909WA0040700385
B2234224750182N11958909WA0040700385
B2234234750182N11958909WA0040700385
B2234244750182N11958909WA0040700385
B2234254750182N11958909WA0040700385
B2234264750182N11958909WA0040700385
B2234274750182N11958909WA0040700385
B2234284750182N11958909WA0040700385
B2234294750182N11958909WA0040700385
B2234304750182N11958909WA0040700385
B2234314750182N11958909WA0040700385
B2234324750182N11958909WA0040700385
B2234334750182N11958909WA0040700385
B2234344750182N11958909WA0040700385
B2234354750182N11958909WA0040700386
B2234364750182N11958909WA0040700386
B2234374750182N11958909WA0040700385
B2234384750182N11958909WA0040700385
B2234394750182N11958909WA0040700385
B2234404750182N11958909WA0040700385
B2234414750182N11958909WA0040700385
B2234424750182N11958909WA0040700385
B2234434750182N11958909WA0040700385
B2234444750181N11958909WA0040700385
B2234454750181N11958909WA0040700385
B2234464750181N11958909WA0040700385
B2234474750181N11958909WA0040700385
B2234484750181N11958909WA0040700385
B2234494750181N11958909WA0040700384
B2234504750181N11958909WA0040700384
B2234514750181N11958909WA0040700384
B2234524750181N11958909WA0040700384
B2234534750181N11958909WA0040700384
B2234544750181N11958909WA0040700384
B2234554750181N11958909WA0040700384
B2234564750181N11958909WA0040700384
B2234574750181N11958909WA0040700384
B2234584750181N11958909WA0040700384
B2234594750181N11958909WA0040700384
B2235004750181N11958909WA0040700384
B2235014750181N11958909WA0040700384
B2235024750181N11958909WA0040700384
B2235034750181N11958909WA0040700384
B2235044750181N11958909WA0040800384
B2235054750181N11958909WA0040800384
B2235064750181N11958909WA0040800384
B2235074750181N11958909WA0040800384
B2235084750181N11958909WA0040800384
B2235094750181N11958909WA0040800384
B2235104750181N11958909WA0040800384
B2235114750181N11958909WA0040800384
B2235124750181N11958909WA0040800384
B2235134750182N11958909WA0040800384
B2235144750182N11958909WA0040800383
B2235154750182N11958909WA0040800383
B2235164750182N11958909WA0040800383
B2235174750182N11958909WA0040800383
B2235184750182N11958909WA0040800383
B2235194750182N11958909WA0040800383
B2235204750182N11958909WA0040800383
B2235214750182N11958909WA0040800383
B2235224750182N11958909WA0040800383
B2235234750182N11958909WA0040800383
B2235244750182N11958909WA0040800383
B2235254750182N11958909WA0040800383
B2235264750182N11958909WA0040800383
B2235274750182N11958909WA0040800383
B2235284750182N11958909WA0040800383
B2235294750182N11958909WA0040800383
B2235304750182N11958909WA0040800383
B2235314750182N11958909WA0040800383
B2235324750182N11958909WA0040800383
B2235334750182N11958909WA0040800383
B2235344750182N11958909WA0040800383
B2235354750182N11958909WA0040800383
B2235364750182N11958909WA0040800383
B2235374750182N11958909WA0040800383
B2235384750182N11958909WA0040800383
B2235394750182N11958909WA0040800383
B2235404750182N11958909WA0040800383
B2235414750182N11958909WA0040800383
B2235424750182N11958909WA0040800383
B2235434750182N11958909WA0040800383
B2235444750182N11958909WA0040800383
B2235454750182N11958909WA0040800383
B2235464750182N11958909WA0040800384
B2235474750182N11958909WA0040800384
B2235484750182N11958909WA0040800384
B2235494750182N11958909WA0040800384
B2235504750182N11958909WA0040800384
B2235514750182N11958909WA0040800384
B2235524750182N11958909WA0040800384
B2235534750182N11958909WA0040800384
B2235544750182N11958909WA0040800384
B2235554750182N11958909WA0040800384
B2235564750182N11958909WA0040800384
B2235574750182N11958909WA0040800384
B2235584750182N11958909WA0040800384
B2235594750182N11958909WA0040800384
B2236004750182N11958909WA0040800384
B2236014750182N11958909WA0040800384
B2236024750182N11958909WA0040800384
B2236034750182N11958909WA0040800384
B2236044750183N11958909WA0040800385
B2236054750183N11958909WA0040800385
B2236064750183N11958909WA0040800385
B2236074750183N11958909WA0040800385
B2236084750183N11958909WA0040800385
B2236094750183N11958909WA0040800385
B2236104750183N11958909WA0040800385
B2236114750183N11958909WA0040800385
B2236124750183N11958909WA0040800385
B2236134750183N11958909WA0040800385
B2236144750183N11958909WA0040800385
B2236154750183N11958909WA0040800385
B2236164750183N11958909WA0040800385
B2236174750183N11958909WA0040800385
B2236184750183N11958909WA0040800385
B2236194750183N11958909WA0040800385
B2236204750183N11958909WA0040800385
B2236214750183N11958909WA0040800385
B2236224750183N11958909WA0040800385
B2236234750183N11958909WA0040800385
B2236244750183N11958909WA0040800385
B2236254750183N11958909WA0040800385
B2236264750183N11958909WA0040800385
B2236274750183N11958909WA0040800385
B2236284750183N11958909WA0040800385
B2236294750183N11958909WA0040800385
B2236304750183N11958909WA0040800385
B2236314750183N11958909WA0040800385
B2236324750183N11958909WA0040800385
B2236334750183N11958909WA0040800385
B2236344750183N11958909WA0040800385
B2236354750183N11958909WA0040800385
B2236364750183N11958909WA0040800385
B2236374750183N11958909WA0040800385
B2236384750183N11958909WA0040800385
B2236394750183N11958909WA0040800385
B2236404750183N11958909WA0040800385
B2236414750183N11958909WA0040800385
B2236424750183N11958909WA0040800385
B2236434750183N11958909WA0040800385
B2236444750183N11958909WA0040800385
B2236454750183N11958909WA0040800385
B2236464750183N11958909WA0040800385
B2236474750183N11958909WA0040800386
B2236484750183N11958909WA0040800386
B2236494750183N11958909WA0040800386
B2236504750183N11958909WA0040800386
B2236514750183N11958909WA0040800386
B2236524750183N11958909WA0040800386
B2236534750183N11958909WA0040800386
B2236544750183N11958909WA0040800386
B2236554750183N11958909WA0040800386
B2236564750183N11958909WA0040800386
B2236574750183N11958909WA0040800386
B2236584750183N11958909WA0040800386
B2236594750183N11958909WA0040800386
B2237004750183N11958909WA0040800386
B2237014750183N11958909WA0040800386
B2237024750183N11958909WA0040800386
B2237034750183N11958909WA0040800386
B2237044750183N11958909WA0040800386
B2237054750183N11958909WA0040800386
B2237064750183N11958909WA0040800386
B2237074750183N11958909WA0040800387
B2237084750183N11958909WA0040800387
B2237094750182N11958909WA0040800387
B2237104750182N11958909WA0040800387
B2237114750182N11958909WA0040800387
B2237124750182N11958909WA0040800386
B2237134750182N11958909WA0040800386
B2237144750182N11958909WA0040800386
B2237154750182N11958909WA0040800386
B2237164750182N11958909WA0040800387
B2237174750182N11958909WA0040800387
B2237184750182N11958909WA0040800387
B2237194750182N11958909WA0040800387
B2237204750182N11958909WA0040800387
B2237214750182N11958909WA0040800387
B2237224750182N11958909WA0040800387
B2237234750182N11958909WA0040800387
B2237244750182N11958909WA0040800387
B2237254750182N11958909WA0040800387
B2237264750182N11958909WA0040800387
B2237274750183N11958909WA0040800386
B2237284750183N11958909WA0040800386
B2237294750183N11958909WA0040800386
B2237304750183N11958910WA0040800386
B2237314750183N11958910WA0040800386
B2237324750183N11958910WA0040800386
B2237334750183N11958910WA0040800386
B2237344750183N11958910WA0040800386
B2237354750183N11958910WA0040800386
B2237364750183N11958910WA0040800385
B2237374750183N11958910WA0040800385
B2237384750183N11958910WA0040800386
B2237394750183N11958910WA0040800386
B2237404750183N11958910WA0040800386
B2237414750183N11958910WA0040800386
B2237424750183N11958910WA0040800385
B2237434750183N11958910WA0040800385
B2237444750183N11958910WA0040800385
B2237454750183N11958910WA0040800385
B2237464750183N11958910WA0040800385
B2237474750183N11958910WA0040800385
B2237484750183N11958910WA0040800385
B2237494750183N11958910WA0040800385
B2237504750183N11958910WA0040800385
B2237514750183N11958910WA0040800385
B2237524750183N11958910WA0040800385
B2237534750182N11958910WA0040800384
B2237544750182N11958910WA0040800384
B2237554750182N11958910WA0040800384
B2237564750182N11958910WA0040800384
B2237574750182N11958910WA0040800384
B2237584750182N11958910WA0040800384
B2237594750182N11958910WA0040800384
B2238004750182N11958910WA0040800384
B2238014750182N11958910WA0040800384
B2238024750182N11958910WA0040800384
B2238034750182N11958910WA0040800384
B2238044750182N11958910WA0040800384
B2238054750182N11958910WA0040800384
B2238064750182N11958910WA0040800384
B2238074750182N11958910WA0040800384
B2238084750182N11958910WA0040800384
B2238094750182N11958910WA0040800384
B2238104750182N11958910WA0040800384
B2238114750182N11958910WA0040800384
B2238124750182N11958910WA0040800384
B2238134750182N11958910WA0040800384
B2238144750182N11958910WA0040800384
B2238154750182N11958910WA0040800383
B2238164750182N11958910WA0040800383
B2238174750182N11958910WA0040800383
B2238184750182N11958910WA0040800383
B2238194750182N11958910WA0040800383
B2238204750182N11958910WA0040800383
B2238214750182N11958910WA0040800383
B2238224750182N11958910WA0040800383
B2238234750182N11958910WA0040800383
B2238244750182N11958910WA0040800383
B2238254750182N11958910WA0040800383
B2238264750182N11958910WA0040800383
B2238274750182N11958910WA0040800383
B2238284750182N11958910WA0040800383
B2238294750182N11958910WA0040800383
B2238304750182N11958910WA0040800383
B2238314750182N11958910WA0040800383
B2238324750182N11958910WA0040800383
B2238334750182N11958910WA0040800383
B2238344750182N11958910WA0040800383
B2238354750182N11958910WA0040800383
B2238364750182N11958910WA0040800383
B2238374750182N11958910WA0040800383
B2238384750182N11958910WA0040800383
B2238394750182N11958910WA0040800383
B2238404750182N11958910WA0040800383
B2238414750182N11958910WA0040800383
B2238424750182N11958910WA0040800383
B2238434750183N11958910WA0040800383
B2238444750183N11958910WA0040800382
B2238454750183N11958910WA0040800382
B2238464750183N11958910WA0040800382
B2238474750183N11958910WA0040800382
B2238484750183N11958910WA0040800382
B2238494750183N11958910WA0040800381
B2238504750183N11958910WA0040800381
B2238514750183N11958910WA0040800381
B2238524750183N11958910WA0040800381
B2238534750183N11958910WA0040800381
B2238544750183N11958910WA0040800381
B2238554750183N11958910WA0040800381
B2238564750183N11958910WA0040800381
B2238574750183N11958910WA0040800381
B2238584750183N11958910WA0040800381
B2238594750183N11958910WA0040800381
B2239004750183N11958910WA0040800381
B2239014750183N11958910WA0040800381
B2239024750183N11958910WA0040800382
B2239034750183N11958910WA0040800382
B2239044750184N11958910WA0040800382
B2239054750184N11958910WA0040800382
B2239064750183N11958910WA0040800382
B2239074750183N11958910WA0040800382
B2239084750183N11958910WA0040800382
B2239094750183N11958910WA0040800382
B2239104750183N11958910WA0040800382
B2239114750184N11958910WA0040800382
B2239124750184N11958910WA0040800382
B2239134750184N11958910WA0040800382
B2239144750184N11958910WA0040800382
B2239154750184N11958910WA0040800382
B2239164750184N11958910WA0040800382
B2239174750184N11958910WA0040800382
B2239184750184N11958910WA0040800382
B2239194750184N11958910WA0040800382
B2239204750184N11958910WA0040800382
B2239214750184N11958910WA0040800382
B2239224750184N11958910WA0040800382
B2239234750183N11958910WA0040800382
B2239244750183N11958910WA0040800382
B2239254750183N11958910WA0040800382
B2239264750183N11958910WA0040800382
B2239274750183N11958910WA0040800382
B2239284750183N11958910WA0040800382
B2239294750183N11958910WA0040800382
B2239304750183N11958910WA0040800382
B2239314750183N11958910WA0040800382
B2239324750183N11958910WA0040800382
B2239334750183N11958910WA0040800381
B2239344750183N11958910WA0040800381
B2239354750183N11958910WA0040800381
B2239364750183N11958910WA0040800381
B2239374750183N11958910WA0040900381
B2239384750183N11958910WA0040900381
B2239394750183N11958910WA0040900381
B2239404750183N11958910WA0040900381
B2239414750183N11958910WA0040900381
B2239424750183N11958910WA0040900381
B2239434750183N11958910WA0040900381
B2239444750183N11958910WA0040900381
B2239454750183N11958910WA0040900381
B2239464750183N11958910WA0040900381
B2239474750183N11958910WA0040900381
B2239484750183N11958910WA0040900381
B2239494750183N11958910WA0040900381
B2239504750183N11958910WA0040900381
B2239514750183N11958910WA0040900381
B2239524750183N11958910WA0040900381
B2239534750183N11958910WA0040800381
B2239544750183N11958910WA0040800381
B2239554750183N11958910WA0040800381
B2239564750182N11958910WA0040800381
B2239574750182N11958910WA0040800381
B2239584750182N11958910WA0040800381
B2239594750182N11958910WA0040800381
B2240004750182N11958910WA0040800381
B2240014750182N11958910WA0040800381
B2240024750182N11958910WA0040800381
B2240034750182N11958910WA0040800381
B2240044750182N11958910WA0040800381
B2240054750182N11958910WA0040800381
B2240064750182N11958910WA0040800381
B2240074750182N11958910WA0040800381
B2240084750182N11958910WA0040800381
B2240094750182N11958910WA0040800381
B2240104750182N11958910WA0040800381
B2240114750182N11958910WA0040800381
B2240124750182N11958910WA0040800381
B2240134750182N11958910WA0040800381
B2240144750182N11958910WA0040800381
B2240154750182N11958910WA0040800381
B2240164750182N11958910WA0040800381
B2240174750182N11958910WA0040800381
B2240184750182N11958910WA0040800381
B2240194750182N11958910WA0040800381
B2240204750182N11958910WA0040800381
B2240214750182N11958910WA0040800381
B2240224750182N11958910WA0040800381
B2240234750182N11958910WA0040800381
B2240244750182N11958910WA0040800381
B2240254750182N11958910WA0040800382
B2240264750182N11958910WA0040800382
B2240274750182N11958910WA0040800382
B2240284750182N11958910WA0040800382
B2240294750182N11958910WA0040800382
B2240304750182N11958910WA0040800382
B2240314750182N11958910WA0040800381
B2240324750182N11958910WA0040800381
B2240334750182N11958910WA0040800381
B2240344750182N11958910WA0040800381
B2240354750182N11958910WA0040800380
B2240364750182N11958910WA0040800380
B2240374750182N11958910WA0040800380
B2240384750182N11958910WA0040800380
B2240394750182N11958910WA0040800380
B2240404750182N11958910WA0040800380
B2240414750182N11958910WA0040800381
B2240424750182N11958910WA0040800381
B2240434750182N11958910WA0040800381
B2240444750182N11958910WA0040800381
B2240454750182N11958910WA0040800381
B2240464750182N11958910WA0040800381
B2240474750182N11958910WA0040800381
B2240484750182N11958910WA0040800381
B2240494750182N11958910WA0040800381
B2240504750182N11958910WA0040800381
B2240514750182N11958910WA0040800381
B2240524750182N11958910WA0040800381
B2240534750182N11958910WA0040800381
B2240544750182N11958910WA0040800381
B2240554750182N11958910WA0040800381
B2240564750182N11958910WA0040800381
B2240574750182N11958910WA0040800381
B2240584750182N11958910WA0040800381
B2240594750182N11958910WA0040800381
B2241004750182N11958910WA0040800382
B2241014750182N11958910WA0040800382
B2241024750182N11958910WA0040800382
B2241034750182N11958910WA0040800382
B2241044750182N11958910WA0040800382
B2241054750182N11958910WA0040800382
B2241064750182N11958910WA0040800382
B2241074750182N11958910WA0040800382
B2241084750182N11958910WA0040800383
B2241094750182N11958910WA0040800383
B2241104750182N11958910WA0040800383
B2241114750182N11958910WA0040800383
B2241124750182N11958910WA0040800383
B2241134750182N11958910WA0040800383
B2241144750182N11958910WA0040800383
B2241154750182N11958910WA0040800383
B2241164750182N11958910WA0040800383
B2241174750182N11958910WA0040800383
B2241184750182N11958910WA0040800383
B2241194750182N11958910WA0040800383
B2241204750182N11958910WA0040800383
B2241214750182N11958910WA0040800383
B2241224750182N11958910WA0040800383
B2241234750182N11958910WA0040800383
B2241244750182N11958910WA0040800383
B2241254750182N11958910WA0040800382
B2241264750182N11958910WA0040800382
B2241274750182N11958910WA0040800382
B2241284750182N11958910WA0040800382
B2241294750182N11958910WA0040800382
B2241304750182N11958910WA0040800382
B2241314750182N11958910WA0040800382
B2241324750182N11958910WA0040800382
B2241334750182N11958910WA0040800381
B2241344750182N11958910WA0040800381
B2241354750182N11958910WA0040800381
B2241364750182N11958910WA0040800381
B2241374750182N11958910WA0040800381
B2241384750182N11958910WA0040800381
B2241394750182N11958910WA0040800381
B2241404750182N11958910WA0040800381
B2241414750182N11958910WA0040800381
B2241424750182N11958910WA0040800381
B2241434750182N11958910WA0040800381
B2241444750182N11958910WA0040800381
B2241454750182N11958910WA0040800381
B2241464750182N11958910WA0040800380
B2241474750182N11958910WA0040800380
B2241484750182N11958910WA0040800380
B2241494750182N11958910WA0040800380
B2241504750182N11958910WA0040800380
B2241514750182N11958910WA0040800380
B2241524750182N11958910WA0040800380
B2241534750182N11958910WA0040800380
B2241544750182N11958910WA0040800380
B2241554750182N11958910WA0040800380
B2241564750182N11958910WA0040800380
B2241574750182N11958910WA0040800380
B2241584750182N11958910WA0040800380
B2241594750182N11958910WA0040800380
B2242004750182N11958910WA0040800380
B2242014750182N11958910WA0040800380
B2242024750182N11958910WA0040800380
B2242034750182N11958910WA0040800380
B2242044750182N11958910WA0040800380
B2242054750182N11958910WA0040800380
B2242064750182N11958910WA0040800380
B2242074750182N11958910WA0040800380
B2242084750182N11958910WA0040800380
B2242094750182N11958910WA0040800380
B2242104750182N11958910WA0040800380
B2242114750182N11958910WA0040800381
B2242124750182N11958910WA0040800380
B2242134750182N11958909WA0040800381
B2242144750182N11958909WA0040800381
B2242154750182N11958909WA0040800381
B2242164750182N11958909WA0040800380
B2242174750182N11958909WA0040800381
B2242184750182N11958909WA0040800380
B2242194750182N11958909WA0040800380
B2242204750182N11958909WA0040800381
B2242214750182N11958909WA0040800381
B2242224750182N11958909WA0040800381
B2242234750182N11958909WA0040800381
B2242244750182N11958909WA0040800381
B2242254750182N11958909WA0040800381
B2242264750182N11958909WA0040800381
B2242274750182N11958909WA0040800381
B2242284750182N11958909WA0040800381
B2242294750182N11958910WA0040800381
B2242304750182N11958910WA0040800381
B2242314750182N11958910WA0040800381
B2242324750182N11958910WA0040800381
B2242334750182N11958910WA0040800381
B2242344750182N11958910WA0040800381
B2242354750182N11958910WA0040800381
B2242364750182N11958910WA0040800380
B2242374750182N11958910WA0040800380
B2242384750182N11958910WA0040800380
B2242394750182N11958910WA0040800380
B2242404750182N11958910WA0040800380
B2242414750182N11958910WA0040800380
B2242424750182N11958910WA0040800380
B2242434750182N11958910WA0040800380
B2242444750182N11958910WA0040800380
B2242454750182N11958910WA0040800380
B2242464750182N11958910WA0040800380
B2242474750182N11958910WA0040800380
B2242484750182N11958910WA0040800380
B2242494750182N11958910WA0040900380
B2242504750182N11958910WA0040900380
B2242514750182N11958910WA0040900380
B2242524750182N11958910WA0040900380
B2242534750182N11958910WA0040900380
B2242544750182N11958910WA0040900380
B2242554750182N11958910WA0040900380
B2242564750182N11958910WA0040900380
B2242574750182N11958910WA0040900380
B2242584750182N11958910WA0040900380
B2242594750182N11958910WA0040900380
B2243004750182N11958910WA0040800380
B2243014750182N11958910WA0040800380
B2243024750182N11958910WA0040800379
B2243034750182N11958910WA0040800379
B2243044750182N11958910WA0040800379
B2243054750182N11958910WA0040800379
B2243064750182N11958910WA0040800379
B2243074750182N11958910WA0040800379
B2243084750182N11958910WA0040800379
B2243094750182N11958910WA0040800379
B2243104750182N11958910WA0040800379
B2243114750182N11958910WA0040800379
B2243124750182N11958909WA0040800379
B2243134750182N11958909WA0040800379
B2243144750182N11958909WA0040800379
B2243154750182N11958909WA0040800379
B2243164750182N11958909WA0040800379
B2243174750182N11958909WA0040800379
B2243184750182N11958909WA0040800379
B2243194750182N11958909WA0040800379
B2243204750181N11958909WA0040800379
B2243214750181N11958909WA0040800379
B2243224750181N11958909WA0040800379
B2243234750181N11958909WA0040800379
B2243244750181N11958909WA0040800379
B2243254750181N11958909WA0040800379
B2243264750181N11958909WA0040800379
B2243274750181N11958909WA0040800379
B2243284750181N11958909WA0040800379
B2243294750181N11958909WA0040800379
B2243304750181N11958909WA0040800379
B2243314750181N11958909WA0040800379
B2243324750181N11958909WA0040800379
B2243334750181N11958909WA0040800379
B2243344750181N11958909WA0040800379
B2243354750181N11958909WA0040800380
B2243364750181N11958909WA0040800380
B2243374750181N11958909WA0040800380
B2243384750181N11958909WA0040800380
B2243394750181N11958909WA0040800380
B2243404750181N11958909WA0040800380
B2243414750181N11958909WA0040800380
B2243424750181N11958909WA0040800380
B2243434750181N11958909WA0040800380
B2243444750181N11958909WA0040800380
B2243454750181N11958910WA0040800380
B2243464750181N11958910WA0040800380
B2243474750181N11958910WA0040800381
B2243484750181N11958910WA0040800381
B2243494750181N11958910WA0040800381
B2243504750181N11958910WA0040800381
B2243514750181N11958910WA0040800381
B2243524750181N11958909WA0040800381
B2243534750181N11958909WA0040800381
B2243544750181N11958909WA0040800381
B2243554750181N11958909WA0040800381
B2243564750181N11958909WA0040800381
B2243574750181N11958909WA0040900381
B2243584750181N11958909WA0040900381
B2243594750181N11958909WA0040900381
B2244004750181N11958909WA0040900381
B2244014750181N11958909WA0040900381
B2244024750181N11958909WA0040900382
B2244034750181N11958909WA0040900382
B2244044750181N11958909WA0040900382
B2244054750181N11958909WA0040900382
B2244064750181N11958909WA0040900382
B2244074750181N11958909WA0040900382
B2244084750181N11958909WA0040900382
B2244094750181N11958909WA0040800382
B2244104750181N11958909WA0040800382
B2244114750181N11958909WA0040800382
B2244124750181N11958909WA0040800382
B2244134750181N11958909WA0040800382
B2244144750181N11958909WA0040800382
B2244154750181N11958909WA0040800382
B2244164750181N11958909WA0040800382
B2244174750181N11958909WA0040800382
B2244184750181N11958909WA0040800382
B2244194750181N11958909WA0040800382
B2244204750181N11958909WA0040800382
B2244214750181N11958909WA0040800382
B2244224750181N11958909WA0040800382
B2244234750181N11958909WA0040800382
B2244244750181N11958909WA0040800382
B2244254750181N11958909WA0040800382
B2244264750181N11958909WA0040800382
B2244274750181N11958909WA0040800382
B2244284750181N11958909WA0040800381
B2244294750181N11958909WA0040800381
B2244304750181N11958909WA0040800381
B2244314750181N11958909WA0040800381
B2244324750181N11958909WA0040800381
B2244334750181N11958909WA0040800381
B2244344750181N11958909WA0040800381
B2244354750181N11958909WA0040800381
B2244364750181N11958909WA0040800381
B2244374750181N11958909WA0040800381
B2244384750181N11958909WA0040800381
B2244394750181N11958909WA0040800381
B2244404750181N11958909WA0040800382
B2244414750181N11958909WA0040800382
B2244424750181N11958909WA0040800382
B2244434750181N11958909WA0040800382
B2244444750181N11958909WA0040800382
B2244454750181N11958909WA0040800382
B2244464750181N11958909WA0040800383
B2244474750182N11958909WA0040800383
B2244484750182N11958909WA0040800383
B2244494750182N11958909WA0040800383
B2244504750182N11958909WA0040800383
B2244514750182N11958909WA0040800383
B2244524750182N11958909WA0040800383
B2244534750182N11958910WA0040800383
B2244544750182N11958910WA0040800383
B2244554750182N11958910WA0040800383
B2244564750182N11958910WA0040800383
B2244574750182N11958910WA0040800384
B2244584750182N11958910WA0040800384
B2244594750182N11958910WA0040800384
B2245004750182N11958910WA0040800384
B2245014750182N11958910WA0040800384
B2245024750182N11958910WA0040800384
B2245034750182N11958910WA0040800384
B2245044750182N11958910WA0040800384
B2245054750182N11958910WA0040800384
B2245064750182N11958910WA0040800384
B2245074750182N11958910WA0040800384
B2245084750182N11958910WA0040800384
B2245094750182N11958910WA0040800384
B2245104750182N11958910WA0040800384
B2245114750182N11958910WA0040800385
B2245124750182N11958910WA0040800385
B2245134750182N11958910WA0040800385
B2245144750182N11958910WA0040800385
B2245154750182N11958910WA0040800385
B2245164750181N11958911WA0040800385
B2245174750181N11958911WA0040800385
B2245184750181N11958911WA0040800385
B2245194750181N11958911WA0040800385
B2245204750181N11958911WA0040800385
B2245214750181N11958911WA0040800386
B2245224750181N11958911WA0040800386
B2245234750181N11958911WA0040800386
B2245244750181N11958911WA0040800386
B2245254750181N11958911WA0040800386
B2245264750181N11958911WA0040800386
B2245274750181N11958911WA0040800386
B2245284750181N11958911WA0040800386
B2245294750181N11958911WA0040800386
B2245304750181N11958911WA0040800386
B2245314750182N11958911WA0040800386
B2245324750182N11958911WA0040800386
B2245334750182N11958911WA0040800386
B2245344750182N11958911WA0040800386
B2245354750182N11958911WA0040800386
B2245364750182N11958911WA0040800386
B2245374750182N11958911WA0040800386
B2245384750182N11958911WA0040800386
B2245394750182N11958911WA0040800386
B2245404750182N11958911WA0040800386
B2245414750182N11958911WA0040800386
B2245424750182N11958911WA0040800387
B2245434750182N11958911WA0040800387
B2245444750182N11958911WA0040800387
B2245454750182N11958911WA0040800387
B2245464750182N11958911WA0040800387
B2245474750182N11958911WA0040800387
B2245484750182N11958911WA0040800387
B2245494750182N11958911WA0040800387
B2245504750182N11958911WA0040800387
B2245514750182N11958911WA0040800387
B2245524750182N11958911WA0040800386
B2245534750182N11958911WA0040900386
B2245544750182N11958911WA0040900386
B2245554750182N11958911WA0040900386
B2245564750182N11958911WA0040900386
B2245574750182N11958911WA0040900386
B2245584750182N11958911WA0040900386
B2245594750182N11958911WA0040900386
B2246004750182N11958911WA0040900386
B2246014750182N11958911WA0040900386
B2246024750182N11958911WA0040900386
B2246034750182N11958911WA0040900386
B2246044750182N11958911WA0040900386
B2246054750182N11958911WA0040900386
B2246064750182N11958910WA0040900386
B2246074750182N11958910WA0040900386
B2246084750182N11958910WA0040900386
B2246094750182N11958910WA0040900386
B2246104750182N11958910WA0040900386
B2246114750182N11958910WA0040900387
B2246124750182N11958910WA0040900387
B2246134750182N11958910WA0040900387
B2246144750182N11958910WA0040900387
B2246154750182N11958910WA0040900387
B2246164750182N11958910WA0040900387
B2246174750183N11958910WA0040900387
B2246184750183N11958910WA0040900387
B2246194750183N11958910WA0040900387
B2246204750183N11958910WA0040900387
B2246214750183N11958910WA0040900387
B2246224750183N11958910WA0040900387
B2246234750183N11958910WA0040900387
B2246244750183N11958910WA0040900387
B2246254750183N11958910WA0040900387
B2246264750183N11958910WA0040900387
B2246274750183N11958910WA0040900387
B2246284750183N11958910WA0040900387
B2246294750183N11958910WA0040900387
B2246304750183N11958910WA0040900387
B2246314750183N11958910WA0040900387
B2246324750183N11958910WA0040800387
B2246334750183N11958910WA0040800387
B2246344750183N11958910WA0040800387
B2246354750183N11958910WA0040800387
B2246364750183N11958910WA0040800387
B2246374750183N11958910WA0040900386
B2246384750183N11958910WA0040900386
B2246394750182N11958910WA0040900386
B2246404750182N11958910WA0040900386
B2246414750182N11958910WA0040900386
B2246424750182N11958910WA0040900386
B2246434750182N11958910WA0040900386
B2246444750182N11958910WA0040900386
B2246454750182N11958910WA0040900386
B2246464750182N11958910WA0040900386
B2246474750182N11958910WA0040900386
B2246484750182N11958910WA0040800386
B2246494750182N11958910WA0040900386
B2246504750182N11958910WA0040900386
B2246514750182N11958910WA0040900386
B2246524750182N11958910WA0040900386
B2246534750182N11958910WA0040900387
B2246544750182N11958910WA0040900387
B2246554750182N11958910WA0040900387
B2246564750182N11958910WA0040900387
B2246574750182N11958910WA0040900387
B2246584750182N11958910WA0040900387
B2246594750182N11958910WA0040900387
B2247004750182N11958910WA0040900387
B2247014750182N11958910WA0040900387
B2247024750182N11958910WA0040900387
B2247034750182N11958910WA0040900387
B2247044750182N11958910WA0040900387
B2247054750182N11958910WA0040900388
B2247064750182N11958910WA0040900388
B2247074750181N11958910WA0040900388
B2247084750181N11958910WA0040900388
B2247094750181N11958910WA0040900388
B2247104750181N11958910WA0040900388
B2247114750181N11958910WA0040900388
B2247124750181N11958910WA0040900388
B2247134750181N11958910WA0040900388
B2247144750181N11958910WA0040900388
B2247154750181N11958910WA0040900388
B2247164750181N11958910WA0040900388
B2247174750181N11958910WA0040900388
B2247184750181N11958910WA0040900388
B2247194750181N11958910WA0040900387
B2247204750181N11958910WA0040900387
B2247214750181N11958910WA0040900387
B2247224750181N11958910WA0040900387
B2247234750181N11958910WA0040900387
B2247244750181N11958910WA0040900387
B2247254750181N11958910WA0040900387
B2247264750181N11958910WA0040900386
B2247274750181N11958910WA0040900386
B2247284750181N11958910WA0040900386
B2247294750181N11958910WA0040900386
B2247304750181N11958910WA0040900386
B2247314750181N11958910WA0040900386
B2247324750181N11958910WA0040900386
B2247334750181N11958910WA0040900385
B2247344750181N11958910WA0040900385
B2247354750181N11958910WA0040900385
B2247364750181N11958910WA0040900385
B2247374750181N11958910WA0040900385
B2247384750181N11958910WA0040900385
B2247394750181N11958910WA0040900385
B2247404750181N11958910WA0040900385
B2247414750181N11958910WA0040900385
B2247424750181N11958910WA0040900385
B2247434750181N11958910WA0040900385
B2247444750181N11958910WA0040900385
B2247454750181N11958910WA0040900385
B2247464750180N11958910WA0040900385
B2247474750180N11958910WA0040900385
B2247484750180N11958910WA0040900385
B2247494750180N11958910WA0040900385
B2247504750180N11958910WA0040900385
B2247514750180N11958910WA0040900385
B2247524750180N11958910WA0040900385
B2247534750180N11958910WA0040900385
B2247544750180N11958910WA0040900385
B2247554750180N11958910WA0040900385
B2247564750180N11958910WA0040900385
B2247574750180N11958910WA0040900385
B2247584750180N11958910WA0040900385
B2247594750180N11958910WA0040900385
B2248004750180N11958910WA0040900385
B2248014750180N11958910WA0040900385
B2248024750180N11958910WA0040900385
B2248034750180N11958910WA0040900385
B2248044750180N11958910WA0040900385
B2248054750180N11958910WA0040900385
B2248064750180N11958910WA0040900385
B2248074750180N11958910WA0040900385
B2248084750180N11958910WA0040900385
B2248094750180N11958910WA0040900385
B2248104750180N11958910WA0040900385
B2248114750180N11958910WA0040900385
B2248124750180N11958910WA0040900385
B2248134750180N11958910WA0040900385
B2248144750180N11958910WA0040900385
B2248154750180N11958910WA0040900385
B2248164750180N11958910WA0040900385
B2248174750180N11958910WA0040900385
B2248184750180N11958910WA0040900385
B2248194750180N11958910WA0040900385
B2248204750180N11958911WA0040900385
B2248214750180N11958911WA0040900384
B2248224750180N11958911WA0040900384
B2248234750180N11958911WA0040900384
B2248244750180N11958911WA0040900384
B2248254750180N11958911WA0040900384
B2248264750180N11958911WA0040900384
B2248274750180N11958911WA0040900384
B2248284750180N11958911WA0040900384
B2248294750180N11958911WA0040900384
B2248304750180N11958911WA0040900384
B2248314750180N11958911WA0040900384
B2248324750180N11958911WA0040900384
B2248334750180N11958911WA0040900384
B2248344750180N11958911WA0040900384
B2248354750180N11958911WA0040900384
B2248364750180N11958911WA0040900384
B2248374750180N11958910WA0040900384
B2248384750180N11958910WA0040900384
B2248394750181N11958910WA0040900384
B2248404750180N11958910WA0040900384
B2248414750181N11958910WA0040900384
B2248424750181N11958910WA0040900384
B2248434750181N11958910WA0040900384
B2248444750181N11958910WA0040900384
B2248454750181N11958910WA0040900384
B2248464750181N11958910WA0040900384
B2248474750181N11958910WA0040900384
B2248484750181N11958910WA0040900384
B2248494750181N11958910WA0040900384
B2248504750181N11958910WA0040900384
B2248514750181N11958910WA0040900384
B2248524750181N11958910WA0040900384
B2248534750181N11958910WA0040900384
B2248544750181N11958910WA0040900384
B2248554750181N11958910WA0040800384
B2248564750181N11958910WA0040800384
B2248574750181N11958910WA0040800384
B2248584750181N11958910WA0040800384
B2248594750181N11958910WA0040800384
B2249004750181N11958910WA0040800384
B2249014750181N11958910WA0040800383
B2249024750181N11958910WA0040800383
B2249034750181N11958910WA0040800383
B2249044750181N11958910WA0040800383
B2249054750181N11958910WA0040800383
B2249064750181N11958910WA0040800383
B2249074750181N11958910WA0040800383
B2249084750181N11958910WA0040900383
B2249094750181N11958910WA0040900383
B2249104750181N11958910WA0040800383
B2249114750181N11958910WA0040800383
B2249124750181N11958910WA0040800383
B2249134750181N11958910WA0040800383
B2249144750181N11958910WA0040800383
B2249154750181N11958910WA0040800383
B2249164750181N11958910WA0040800383
B2249174750181N11958910WA0040800383
B2249184750181N11958910WA0040800383
B2249194750181N11958910WA0040800383
B2249204750181N11958910WA0040800383
B2249214750181N11958910WA0040800383
B2249224750181N11958910WA0040800383
B2249234750181N11958909WA0040800383
B2249244750181N11958909WA0040800383
B2249254750181N11958909WA0040800383
B2249264750181N11958909WA0040800383
B2249274750181N11958909WA0040800383
B2249284750181N11958909WA0040800383
B2249294750181N11958909WA0040800383
B2249304750181N11958909WA0040800383
B2249314750181N11958909WA0040800383
B2249324750181N11958909WA0040800383
B2249334750181N11958909WA0040800383
B2249344750181N11958909WA0040800383
B2249354750181N11958909WA0040800383
B2249364750181N11958910WA0040800383
B2249374750181N11958910WA0040800384
B2249384750181N11958910WA0040800384
B2249394750181N11958910WA0040800384
B2249404750181N11958910WA0040800384
B2249414750181N11958910WA0040800384
B2249424750181N11958910WA0040800384
B2249434750181N11958910WA0040800384
B2249444750181N11958910WA0040800384
B2249454750181N11958910WA0040800384
B2249464750182N11958910WA0040800384
B2249474750182N11958910WA0040800384
B2249484750182N11958910WA0040800384
B2249494750182N11958910WA0040800384
B2249504750182N11958910WA0040800384
B2249514750182N11958910WA0040800384
B2249524750182N11958910WA0040800384
B2249534750182N11958910WA0040800384
B2249544750182N11958910WA0040800384
B2249554750182N11958910WA0040800384
B2249564750182N11958911WA0040800384
B2249574750182N11958911WA0040800384
B2249584750182N11958911WA0040800384
B2249594750182N11958911WA0040800384
B2250004750182N11958911WA0040800385
B2250014750182N11958911WA0040800385
B2250024750182N11958911WA0040800385
B2250034750182N11958911WA0040800385
B2250044750182N11958911WA0040800385
B2250054750182N11958911WA0040800385
B2250064750182N11958911WA0040800385
B2250074750182N11958911WA0040800386
B2250084750182N11958911WA0040800386
B2250094750182N11958911WA0040800386
B2250104750182N11958911WA0040800386
B2250114750182N11958911WA0040800386
B2250124750182N11958911WA0040900386
B2250134750182N11958911WA0040900386
B2250144750182N11958911WA0040900386
B2250154750182N11958911WA0040900386
B2250164750182N11958911WA0040900386
B2250174750182N11958911WA0040900386
B2250184750182N11958911WA0040900385
B2250194750182N11958911WA0040900385
B2250204750182N11958911WA0040900385
B2250214750182N11958911WA0040900385
B2250224750182N11958911WA0040900385
B2250234750182N11958911WA0040900385
B2250244750182N11958911WA0040900385
B2250254750182N11958911WA0040900385
B2250264750182N11958911WA0040900385
B2250274750182N11958911WA0040900385
B2250284750182N11958911WA0040900385
B2250294750182N11958911WA0040900385
B2250304750182N11958911WA0040900385
B2250314750182N11958911WA0040900385
B2250324750182N11958911WA0040900385
B2250334750182N11958911WA0040900385
B2250344750182N11958911WA0040900385
B2250354750182N11958911WA0040900385
B2250364750182N11958911WA0040900385
B2250374750182N11958911WA0040900386
B2250384750182N11958911WA0040900386
B2250394750182N11958911WA0040900386
B2250404750182N11958911WA0040900386
B2250414750182N11958911WA0040900386
B2250424750182N11958911WA0040900386
B2250434750182N11958911WA0040900387
B2250444750182N11958911WA0040900387
B2250454750182N11958911WA0040900387
B2250464750182N11958911WA0040900387
B2250474750182N11958911WA0040900387
B2250484750182N11958911WA0040900388
B2250494750182N11958911WA0040900388
B2250504750182N11958910WA0040900388
B2250514750182N11958910WA0040900388
B2250524750182N11958910WA0040900388
B2250534750182N11958910WA0040900389
B2250544750182N11958910WA0040900389
B2250554750182N11958910WA0040900389
B2250564750182N11958910WA0040900389
B2250574750182N11958910WA0040900389
B2250584750182N11958910WA0040900389
B2250594750182N11958910WA0040900389
B2251004750182N11958910WA0040900389
B2251014750182N11958910WA0040900389
B2251024750182N11958910WA0040900389
B2251034750182N11958910WA0040900389
B2251044750182N11958910WA0040900389
B2251054750182N11958910WA0040900388
B2251064750182N11958911WA0040900388
B2251074750182N11958911WA0040900388
B2251084750182N11958911WA0040900388
B2251094750182N11958911WA0040900388
B2251104750182N11958911WA0040900388
B2251114750182N11958911WA0040900388
B2251124750182N11958911WA0040900388
B2251134750182N11958910WA0040900388
B2251144750182N11958910WA0040900388
B2251154750182N11958910WA0040900388
B2251164750182N11958910WA0040900388
B2251174750182N11958910WA0040900388
B2251184750182N11958910WA0040900388
B2251194750182N11958910WA0040900388
B2251204750182N11958910WA0040900388
B2251214750182N11958910WA0040900388
B2251224750182N11958910WA0040900388
B2251234750182N11958910WA0040900388
B2251244750182N11958910WA0040900388
B2251254750182N11958910WA0040900388
B2251264750182N11958910WA0040900388
B2251274750182N11958910WA0040900388
B2251284750182N11958910WA0040900388
B2251294750182N11958910WA0040900388
B2251304750182N11958910WA0040900388
B2251314750182N11958910WA0040900388
B2251324750182N11958910WA0040900388
B2251334750182N11958910WA0040900388
B2251344750182N11958910WA0040900388
B2251354750182N11958910WA0040900387
B2251364750182N11958910WA0040900387
B2251374750182N11958910WA0040900387
B2251384750181N11958910WA0040900387
B2251394750182N11958910WA0040900387
B2251404750182N11958910WA0040900387
B2251414750182N11958910WA0040900387
B2251424750182N11958910WA0040900387
B2251434750182N11958910WA0040900387
B2251444750182N11958910WA0040900387
B2251454750182N11958910WA0040900387
B2251464750182N11958910WA0040900387
B2251474750182N11958910WA0040900387
B2251484750182N11958910WA0040900387
B2251494750182N11958910WA0040900387
B2251504750182N11958910WA0040900387
B2251514750182N11958910WA0040900387
B2251524750182N11958910WA0040900387
B2251534750182N11958910WA0040900386
B2251544750182N11958910WA0040900387
B2251554750182N11958910WA0040900387
B2251564750181N11958910WA0040900387
B2251574750181N11958910WA0040900387
B2251584750181N11958910WA0040900387
B2251594750181N11958910WA0040900387
B2252004750181N11958910WA0040900387
B2252014750181N11958910WA0040900387
B2252024750181N11958910WA0040900387
B2252034750181N11958910WA0040900387
B2252044750181N11958910WA0040900387
B2252054750181N11958910WA0040900387
B2252064750181N11958910WA0040900387
B2252074750181N11958910WA0040900387
B2252084750181N11958910WA0040900387
B2252094750181N11958910WA0040900387
B2252104750181N11958910WA0040900387
B2252114750181N11958910WA0040900387
B2252124750181N11958910WA0040900387
B2252134750181N11958910WA0040900387
B2252144750181N11958910WA0040900387
B2252154750181N11958910WA0040900387
B2252164750181N11958910WA0040900387
B2252174750181N11958910WA0040900387
B2252184750181N11958910WA0040900387
B2252194750181N11958910WA0040900387
B2252204750181N11958910WA0040900387
B2252214750181N11958910WA0040900387
B2252224750181N11958910WA0040900387
B2252234750181N11958910WA0040900387
B2252244750181N11958910WA0040900387
B2252254750181N11958910WA0040900387
B2252264750181N11958910WA0040900387
B2252274750181N11958910WA0040900387
B2252284750181N11958910WA0040900386
B2252294750181N11958910WA0040900386
B2252304750181N11958910WA0040900386
B2252314750181N11958910WA0040900386
B2252324750181N11958910WA0040900386
B2252334750181N11958910WA0040900386
B2252344750181N11958910WA0040900386
B2252354750181N11958910WA0040900386
B2252364750181N11958910WA0040900386
B2252374750181N11958910WA0040900386
B2252384750181N11958910WA0040900386
B2252394750181N11958910WA0040900386
B2252404750181N11958910WA0040900386
B2252414750181N11958910WA0040900385
B2252424750181N11958910WA0040900385
B2252434750181N11958910WA0040900385
B2252444750181N11958910WA0040900385
B2252454750181N11958909WA0040900385
B2252464750181N11958909WA0040900385
B2252474750181N11958909WA0040900385
B2252484750181N11958909WA0040900385
B2252494750181N11958909WA0041000385
B2252504750181N11958909WA0041000385
B2252514750181N11958909WA0041000385
B2252524750181N11958909WA0041000385
B2252534750181N11958909WA0041000385
B2252544750181N11958909WA0041000385
B2252554750181N11958909WA0041000384
B2252564750181N11958909WA0041000384
B2252574750181N11958909WA0041000384
B2252584750181N11958909WA0041000384
B2252594750181N11958909WA0041000384
B2253004750181N11958909WA0041000384
B2253014750181N11958909WA0041000384
B2253024750181N11958909WA0041000384
B2253034750181N11958909WA0041000384
B2253044750181N11958909WA0041000384
B2253054750181N11958909WA0041000384
B2253064750181N11958909WA0041000383
B2253074750181N11958909WA0041000383
B2253084750181N11958909WA0041000383
B2253094750181N11958909WA0041000383
B2253104750181N11958909WA0041000383
B2253114750181N11958909WA0041000383
B2253124750181N11958909WA0040900383
B2253134750181N11958909WA0041000383
B2253144750181N11958909WA0041000384
B2253154750181N11958909WA0040900384
B2253164750181N11958909WA0041000384
B2253174750181N11958909WA0041000384
B2253184750181N11958909WA0041000384
B2253194750181N11958909WA0041000384
B2253204750181N11958909WA0041000384
B2253214750181N11958909WA0041000384
B2253224750181N11958909WA0040900384
B2253234750181N11958909WA0040900384
B2253244750181N11958909WA0040900384
B2253254750181N11958909WA0040900384
B2253264750181N11958909WA0040900384
B2253274750181N11958909WA0040900384
B2253284750181N11958909WA0040900384
B2253294750181N11958909WA0040900384
B2253304750181N11958909WA0040900384
B2253314750181N11958909WA0041000384
B2253324750181N11958909WA0041000384
B2253334750181N11958909WA0040900384
B2253344750181N11958909WA0040900384
B2253354750181N11958909WA0040900384
B2253364750181N11958909WA0040900384
B2253374750181N11958909WA0040900383
B2253384750181N11958909WA0040900384
B2253394750182N11958909WA0040900384
B2253404750182N11958910WA0040900383
B2253414750182N11958910WA0040900383
B2253424750182N11958910WA0040900383
B2253434750182N11958910WA0040900383
B2253444750182N11958910WA0040900383
B2253454750182N11958910WA0040900383
B2253464750182N11958910WA0040900382
B2253474750182N11958910WA0040900382
B2253484750182N11958910WA0040900382
B2253494750182N11958910WA0040900382
B2253504750182N11958910WA0040900382
B2253514750182N11958910WA0040900382
B2253524750182N11958910WA0040900382
B2253534750182N11958910WA0040900382
B2253544750182N11958910WA0040900382
B2253554750182N11958911WA0040900382
B2253564750182N11958911WA0040900382
B2253574750182N11958911WA0040900382
B2253584750182N11958911WA0040900382
B2253594750182N11958911WA0040900382
B2254004750182N11958911WA0040900382
B2254014750182N11958911WA0040900382
B2254024750182N11958911WA0040900383
B2254034750182N11958911WA0040900383
B2254044750182N11958911WA0040900383
B2254054750182N11958911WA0040900383
B2254064750182N11958911WA0040900383
B2254074750182N11958911WA0040900383
B2254084750182N11958911WA0040900383
B2254094750182N11958911WA0040900383
B2254104750182N11958911WA0040900383
B2254114750182N11958911WA0040900383
B2254124750182N11958911WA0040900383
B2254134750182N11958911WA0040900383
B2254144750182N11958911WA0040900383
B2254154750182N11958911WA0040900383
B2254164750182N11958912WA0040900383
B2254174750182N11958912WA0040900383
B2254184750182N11958912WA0040900384
B2254194750183N11958912WA0040900384
B2254204750183N11958912WA0040900384
B2254214750183N11958912WA0040900384
B2254224750183N11958912WA0040900384
B2254234750183N11958912WA0040900384
B2254244750183N11958912WA0040900384
B2254254750183N11958912WA0040900384
B2254264750183N11958912WA0040900384
B2254274750183N11958912WA0040900384
B2254284750182N11958912WA0040900384
B2254294750183N11958912WA0040900384
B2254304750183N11958912WA0040900384
B2254314750183N11958912WA0040900384
B2254324750183N11958912WA0040900384
B2254334750183N11958912WA0040900384
B2254344750183N11958912WA0040900384
B2254354750183N11958912WA0040900384
B2254364750183N11958912WA0040900384
B2254374750183N11958912WA0040900384
B2254384750183N11958912WA0040900385
B2254394750183N11958912WA0040900385
B2254404750183N11958912WA0040900385
B2254414750183N11958912WA0040900385
B2254424750183N11958912WA0040900385
B2254434750183N11958912WA0040900385
B2254444750183N11958912WA0040900385
B2254454750183N11958912WA0040900385
B2254464750183N11958912WA0040900385
B2254474750183N11958912WA0040900385
B2254484750183N11958912WA0040900385
B2254494750183N11958912WA0040900385
B2254504750182N11958912WA0040900385
B2254514750182N11958912WA0040900385
B2254524750182N11958912WA0040900385
B2254534750182N11958912WA0040900385
B2254544750182N11958912WA0040900385
B2254554750182N11958912WA0040900386
B2254564750182N11958912WA0040900386
B2254574750182N11958912WA0040900386
B2254584750182N11958912WA0040900386
B2254594750182N11958912WA0040900386
B2255004750182N11958912WA0040900386
B2255014750182N11958912WA0040900386
B2255024750182N11958912WA0040900386
B2255034750182N11958912WA0040900386
B2255044750182N11958912WA0040900386
B2255054750182N11958912WA0040900386
B2255064750182N11958912WA0040900386
B2255074750182N11958912WA0040900386
B2255084750182N11958912WA0040900386
B2255094750182N11958912WA0040900386
B2255104750182N11958912WA0040900386
B2255114750182N11958912WA0040900386
B2255124750182N11958912WA0040900386
B2255134750182N11958912WA0040900386
B2255144750182N11958912WA0040900386
B2255154750182N11958912WA0040900386
B2255164750182N11958912WA0040900386
B2255174750182N11958912WA0040900386
B2255184750182N11958912WA0040900386
B2255194750182N11958912WA0040900386
B2255204750182N11958912WA0040900386
B2255214750182N11958912WA0040900386
B2255224750182N11958912WA0040900386
B2255234750182N11958912WA0040900387
B2255244750182N11958912WA0040900387
B2255254750182N11958912WA0040900387
B2255264750182N11958912WA0040900387
B2255274750182N11958912WA0040900387
B2255284750182N11958912WA0040900387
B2255294750182N11958912WA0040900387
B2255304750182N11958911WA0040900387
B2255314750182N11958911WA0040900387
B2255324750181N11958911WA0040900387
B2255334750181N11958911WA0040900387
B2255344750181N11958911WA0040900387
B2255354750181N11958911WA0040900387
B2255364750181N11958911WA0040900387
B2255374750181N11958911WA0040900387
B2255384750181N11958911WA0040900387
B2255394750181N11958911WA0040900387
B2255404750181N11958911WA0040900387
B2255414750181N11958911WA0040900387
B2255424750181N11958911WA0040900387
B2255434750181N11958911WA0040900387
B2255444750181N11958911WA0040900387
B2255454750181N11958911WA0040900387
B2255464750181N11958911WA0040900387
B2255474750181N11958911WA0040900387
B2255484750181N11958911WA0040900387
B2255494750181N11958911WA0040900387
B2255504750181N11958911WA0040900387
B2255514750181N11958911WA0040900387
B2255524750181N11958911WA0040900387
B2255534750181N11958911WA0040900387
B2255544750181N11958911WA0040900387
B2255554750181N11958911WA0040900387
B2255564750181N11958911WA0040900387
B2255574750181N11958911WA0040900387
B2255584750181N11958911WA0040900387
B2255594750181N11958911WA0040900387
B2256004750181N11958911WA0040900387
B2256014750181N11958911WA0040900387
B2256024750181N11958911WA0040900387
B2256034750181N11958911WA0040900387
B2256044750181N11958911WA0040900387
B2256054750181N11958911WA0040900387
B2256064750181N11958911WA0040900387
B2256074750181N11958911WA0040900387
B2256084750181N11958911WA0040900387
B2256094750181N11958911WA0040900387
B2256104750181N11958911WA0040900387
B2256114750181N11958911WA0040900387
B2256124750181N11958911WA0040900387
B2256134750181N11958911WA0040900387
B2256144750181N11958911WA0040900387
B2256154750181N11958911WA0040900387
B2256164750181N11958911WA0040900387
B2256174750181N11958911WA0040900387
B2256184750181N11958911WA0040900386
B2256194750181N11958911WA0040900386
B2256204750181N11958911WA0040900386
B2256214750181N11958911WA0040900386
B2256224750181N11958910WA0040900386
B2256234750181N11958910WA0040900386
B2256244750181N11958910WA0040900386
B2256254750181N11958910WA0040900386
B2256264750181N11958910WA0040900386
B2256274750181N11958910WA0040900386
B2256284750181N11958910WA0040900386
B2256294750181N11958910WA0040900386
B2256304750181N11958910WA0040900386
B2256314750181N11958910WA0040900386
B2256324750181N11958910WA0040900386
B2256334750181N11958910WA0040900386
B2256344750181N11958910WA0040900386
B2256354750181N11958910WA0040900386
B2256364750181N11958910WA0040900386
B2256374750181N11958910WA0040900386
B2256384750181N11958910WA0040900386
B2256394750181N11958910WA0040900386
B2256404750181N11958910WA0040900386
B2256414750181N11958910WA0040900386
B2256424750181N11958910WA0040900386
B2256434750181N11958910WA0040900386
B2256444750181N11958910WA0040900385
B2256454750181N11958910WA0040900386
B2256464750181N11958910WA0040900386
B2256474750181N11958910WA0040900386
B2256484750181N11958910WA0040900386
B2256494750181N11958910WA0040900385
B2256504750181N11958910WA0040900385
B2256514750181N11958910WA0040900385
B2256524750181N11958910WA0040900385
B2256534750181N11958910WA0040900385
B2256544750181N11958910WA0040900385
B2256554750181N11958910WA0040900385
B2256564750181N11958910WA0040900385
B2256574750180N11958910WA0040900385
B2256584750180N11958910WA0040900385
B2256594750180N11958910WA0040900384
B2257004750180N11958910WA0040900384
B2257014750180N11958910WA0040900384
B2257024750180N11958910WA0040900384
B2257034750180N11958910WA0040900384
B2257044750180N11958910WA0040900384
B2257054750180N11958910WA0040900384
B2257064750180N11958910WA0040900384
B2257074750180N11958911WA0040900384
B2257084750180N11958911WA0040900384
B2257094750180N11958911WA0041000383
B2257104750180N11958911WA0041000383
B2257114750180N11958911WA0041000383
B2257124750180N11958911WA0041000383
B2257134750180N11958911WA0041000383
B2257144750180N11958911WA0041000383
B2257154750180N11958911WA0041000383
B2257164750180N11958911WA0041000383
B2257174750180N11958911WA0041000383
B2257184750180N11958911WA0041000383
B2257194750180N11958911WA0041000383
B2257204750180N11958911WA0041000383
B2257214750180N11958911WA0041000383
B2257224750180N11958911WA0041000383
B2257234750180N11958911WA0041000383
B2257244750180N11958911WA0041000383
B2257254750180N11958911WA0041000383
B2257264750180N11958911WA0041000383
B2257274750180N11958911WA0041000383
B2257284750180N11958911WA0041000383
B2257294750180N11958911WA0041000384
B2257304750180N11958911WA0041000384
B2257314750180N11958911WA0041000384
B2257324750180N11958911WA0041000383
B2257334750180N11958911WA0041000383
B2257344750180N11958911WA0041000383
B2257354750180N11958911WA0041000383
B2257364750180N11958911WA0041000383
B2257374750180N11958911WA0041000383
B2257384750180N11958911WA0041000383
B2257394750180N11958911WA0041000383
B2257404750180N11958911WA0041000384
B2257414750180N11958911WA0041000384
B2257424750180N11958911WA0041000384
B2257434750180N11958911WA0041000384
B2257444750180N11958911WA0041000384
B2257454750180N11958911WA0041000384
B2257464750180N11958911WA0041000384
B2257474750180N11958911WA0041000384
B2257484750180N11958911WA0041000384
B2257494750180N11958911WA0041000384
B2257504750180N11958911WA0041000384
B2257514750180N11958911WA0041000384
B2257524750181N11958911WA0041000384
B2257534750181N11958911WA0041000384
B2257544750181N11958911WA0041000385
B2257554750181N11958911WA0041000385
B2257564750181N11958911WA0041000385
B2257574750181N11958911WA0041000385
B2257584750181N11958911WA0041000385
B2257594750181N11958911WA0041000385
B2258004750181N11958911WA0041000385
B2258014750181N11958911WA0041000385
B2258024750181N11958911WA0041000385
B2258034750181N11958911WA0041000385
B2258044750181N11958911WA0041000385
B2258054750181N11958911WA0041000385
B2258064750181N11958911WA0041000386
B2258074750181N11958911WA0041000386
B2258084750181N11958911WA0041000386
B2258094750181N11958911WA0041000386
B2258104750181N11958911WA0041000386
B2258114750181N11958911WA0041000386
B2258124750181N11958911WA0041000386
B2258134750181N11958911WA0041000386
B2258144750181N11958911WA0041000386
B2258154750181N11958911WA0040900386
B2258164750181N11958911WA0040900386
B2258174750181N11958911WA0040900386
B2258184750181N11958911WA0040900386
B2258194750181N11958911WA0040900386
B2258204750181N11958911WA0041000386
B2258214750181N11958911WA0041000386
B2258224750181N11958911WA0041000386
B2258234750181N11958911WA0041000386
B2258244750181N11958911WA0041000386
B2258254750181N11958911WA0041000386
B2258264750181N11958911WA0041000386
B2258274750181N11958911WA0041000386
B2258284750181N11958911WA0041000386
B2258294750181N11958911WA0041000386
B2258304750181N11958911WA0041000386
B2258314750181N11958911WA0041000386
B2258324750181N11958911WA0041000386
B2258334750181N11958911WA0041000386
B2258344750181N11958911WA0041000386
B2258354750181N11958911WA0041000386
B2258364750181N11958911WA0041000386
B2258374750181N11958911WA0041000386
B2258384750181N11958911WA0041000386
B2258394750181N11958911WA0041000386
B2258404750181N11958911WA0041000386
B2258414750181N11958911WA0041000386
B2258424750181N11958911WA0041000386
B2258434750181N11958911WA0041000386
B2258444750181N11958911WA0041000386
B2258454750181N11958911WA0041000386
B2258464750181N11958911WA0041000386
B2258474750181N11958911WA0041000386
B2258484750181N11958911WA0041000386
B2258494750181N11958911WA0041000386
B2258504750181N11958911WA0041000386
B2258514750181N11958911WA0041000386
B2258524750181N11958911WA0041000386
B2258534750181N11958911WA0041000386
B2258544750181N11958911WA0041000386
B2258554750181N11958911WA0041000386
B2258564750181N11958911WA0041000386
B2258574750181N11958911WA0041000386
B2258584750181N11958911WA0041000386
B2258594750181N11958911WA0041000387
B2259004750181N11958911WA0041000387
B2259014750181N11958911WA0041000387
B2259024750181N11958911WA0041000387
B2259034750181N11958911WA0041000387
B2259044750181N11958911WA0041000387
B2259054750181N11958911WA0041000387
B2259064750181N11958911WA0041000387
B2259074750181N11958911WA0041000387
B2259084750181N11958911WA0041000387
B2259094750181N11958911WA0041000387
B2259104750181N11958911WA0041000388
B2259114750181N11958911WA0041000388
B2259124750181N11958911WA0041000388
B2259134750181N11958911WA0041000388
B2259144750181N11958911WA0041000388
B2259154750181N11958911WA0041000387
B2259164750181N11958911WA0041000387
B2259174750181N11958911WA0041000387
B2259184750181N11958911WA0041000387
B2259194750181N11958911WA0041000387
B2259204750181N11958911WA0041000387
B2259214750181N11958911WA0041000387
B2259224750181N11958911WA0041000387
B2259234750181N11958911WA0041000387
B2259244750181N11958911WA0041000387
B2259254750181N11958911WA0041000388
B2259264750181N11958911WA0041000388
B2259274750181N11958911WA0041000388
B2259284750181N11958911WA0041000388
B2259294750181N11958911WA0041000388
B2259304750181N11958911WA0041000388
B2259314750181N11958911WA0041000388
B2259324750181N11958911WA0041000388
B2259334750181N11958911WA0041000388
B2259344750181N11958911WA0041000388
B2259354750181N11958911WA0041000388
B2259364750181N11958911WA0041000388
B2259374750181N11958911WA0041000388
B2259384750181N11958911WA0041000388
B2259394750181N11958910WA0041000388
B2259404750181N11958910WA0041000388
B2259414750181N11958910WA0041000388
B2259424750181N11958910WA0041000388
B2259434750181N11958910WA0041000389
B2259444750181N11958910WA0041000388
B2259454750181N11958910WA0041000388
B2259464750181N11958910WA0041000388
B2259474750181N11958910WA0041000388
B2259484750181N11958910WA0041000388
B2259494750181N11958910WA0041000388
B2259504750181N11958910WA0041000389
B2259514750181N11958910WA0041000389
B2259524750181N11958910WA0041000389
B2259534750181N11958910WA0041000389
B2259544750181N11958910WA0041000389
B2259554750181N11958910WA0041000389
B2259564750181N11958910WA0041000389
B2259574750181N11958910WA0041000389
B2259584750181N11958910WA0041000389
B2259594750181N11958910WA0041000389
B2300004750181N11958910WA0041000389
B2300014750181N11958910WA0041000389
B2300024750181N11958910WA0041000389
B2300034750181N11958910WA0041000389
B2300044750181N11958910WA0041000389
B2300054750181N11958910WA0041000389
B2300064750181N11958910WA0041000389
B2300074750181N11958909WA0041000389
B2300084750181N11958910WA0041000389
B2300094750181N11958910WA0041000389
B2300104750181N11958910WA0041000388
B2300114750181N11958910WA0041000388
B2300124750181N11958910WA0041000388
B2300134750181N11958910WA0041000388
B2300144750180N11958910WA0041000388
B2300154750180N11958910WA0041000388
B2300164750180N11958910WA0041000388
B2300174750180N11958910WA0041000388
B2300184750180N11958910WA0041000388
B2300194750180N11958910WA0041000388
B2300204750180N11958910WA0041000388
B2300214750180N11958910WA0041000388
B2300224750180N11958910WA0041000388
B2300234750180N11958910WA0041000388
B2300244750180N11958910WA0041000387
B2300254750180N11958910WA0041000387
B2300264750180N11958910WA0041000387
B2300274750180N11958910WA0041000387
B2300284750180N11958910WA0041000387
B2300294750180N11958910WA0041000387
B2300304750180N11958910WA0041000387
B2300314750180N11958910WA0041000387
B2300324750180N11958910WA0041000387
B2300334750180N11958910WA0041000387
B2300344750180N11958910WA0041000387
B2300354750180N11958910WA0041000387
B2300364750180N11958910WA0041000388
B2300374750180N11958910WA0041000387
B2300384750180N11958910WA0041000387
B2300394750180N11958910WA0041000388
B2300404750180N11958910WA0041000388
B2300414750180N11958910WA0041000388
B2300424750180N11958910WA0041000388
B2300434750180N11958910WA0041000388
B2300444750180N11958910WA0041000389
B2300454750180N11958910WA0041000389
B2300464750180N11958910WA0041000389
B2300474750180N11958910WA0041000389
B2300484750180N11958910WA0041000389
B2300494750180N11958910WA0041000389
B2300504750181N11958910WA0041000389
B2300514750181N11958910WA0041000389
B2300524750181N11958910WA0041000389
B2300534750181N11958910WA0041000389
B2300544750181N11958910WA0041000389
B2300554750181N11958910WA0041000389
B2300564750180N11958910WA0041000389
B2300574750180N11958911WA0041000389
B2300584750180N11958911WA0041000389
B2300594750180N11958911WA0041000389
B2301004750180N11958911WA0041000389
B2301014750180N11958911WA0041000389
B2301024750180N11958911WA0041000389
B2301034750180N11958911WA0041000389
B2301044750180N11958911WA0041000389
B2301054750180N11958911WA0041000389
B2301064750180N11958911WA0041000389
B2301074750180N11958911WA0041000388
B2301084750180N11958911WA0041000388
B2301094750180N11958910WA0041000388
B2301104750180N11958910WA0041000388
B2301114750180N11958910WA0041000388
B2301124750180N11958910WA0041000388
B2301134750180N11958910WA0041000388
B2301144750180N11958910WA0041000388
B2301154750180N11958910WA0041000388
B2301164750180N11958910WA0041000388
B2301174750180N11958910WA0041000388
B2301184750180N11958910WA0041000388
B2301194750180N11958910WA0041000388
B2301204750180N11958910WA0041000388
B2301214750180N11958910WA0041000388
B2301224750180N11958910WA0041000388
B2301234750180N11958910WA0041000388
B2301244750180N11958910WA0041000388
B2301254750180N11958910WA0041000388
B2301264750180N11958910WA0041000389
B2301274750180N11958910WA0041000389
B2301284750180N11958910WA0041000389
B2301294750180N11958910WA0041000389
B2301304750180N11958910WA0041000389
B2301314750180N11958910WA0041000389
B2301324750180N11958910WA0041000389
B2301334750180N11958910WA0041000389
B2301344750180N11958910WA0041000389
B2301354750180N11958910WA0041000389
B2301364750180N11958910WA0041000388
B2301374750181N11958910WA0041000388
B2301384750181N11958910WA0041000388
B2301394750181N11958910WA0041000388
B2301404750181N11958910WA0041000388
B2301414750181N11958910WA0041000388
B2301424750181N11958910WA0041000388
B2301434750181N11958910WA0041000388
B2301444750181N11958910WA0041000388
B2301454750181N11958910WA0041000388
B2301464750181N11958910WA0041000388
B2301474750181N11958910WA0041000387
B2301484750181N11958910WA0041000387
B2301494750181N11958910WA0041000387
B2301504750181N11958910WA0041000387
B2301514750181N11958910WA0041000387
B2301524750181N11958910WA0041000387
B2301534750181N11958910WA0041000387
B2301544750181N11958910WA0041000387
B2301554750181N11958910WA0041000387
B2301564750181N11958910WA0041000387
B2301574750181N11958910WA0041000387
B2301584750181N11958910WA0041000387
B2301594750181N11958910WA0041000387
B2302004750181N11958910WA0041000387
B2302014750181N11958910WA0041000387
B2302024750181N11958910WA0041000387
B2302034750181N11958910WA0041000387
B2302044750181N11958910WA0041000387
B2302054750181N11958910WA0041000387
B2302064750181N11958910WA0041000387
B2302074750181N11958910WA0041000387
B2302084750181N11958910WA0041000387
B2302094750181N11958910WA0041000387
B2302104750181N11958910WA0041000387
B2302114750181N11958910WA0041000387
B2302124750182N11958910WA0041000387
B2302134750182N11958910WA0041000387
B2302144750181N11958910WA0041000387
B2302154750182N11958910WA0041000387
B2302164750182N11958910WA0041000387
B2302174750182N11958910WA0041000387
B2302184750181N11958910WA0041000387
B2302194750181N11958910WA0041000387
B2302204750181N11958910WA0041000387
B2302214750181N11958910WA0041000387
B2302224750181N11958910WA0041000387
B2302234750181N11958910WA0041000387
B2302244750181N11958910WA0041000387
B2302254750182N11958910WA0041000386
B2302264750182N11958910WA0041000386
B2302274750182N11958910WA0041000386
B2302284750182N11958910WA0041000386
B2302294750182N11958910WA0041000386
B2302304750182N11958910WA0041000386
B2302314750182N11958910WA0041000386
B2302324750182N11958910WA0041000386
B2302334750182N11958910WA0041000386
B2302344750182N11958910WA0041000386
B2302354750182N11958910WA0041000386
B2302364750182N11958910WA0041000386
B2302374750182N11958910WA0041000386
B2302384750182N11958910WA0041000386
B2302394750182N11958910WA0041000386
B2302404750182N11958910WA0041000386
LXFM live.flymaster.net version 1.01
LXFM Created 2025-06-25 23:09:48
LXFM flight id 1615819
GE4984820FD75851205D28F207280E646
