AXFMSFP Flymaster Live, V1.0, S/N 730575
HFFXA010
HFPLTPILOT:Ruard de Bruyn
HFGTYGLIDERTYPE: 
HFGIDGLIDERID:
HFDTM100GPSDATUM:WGS-1984
HFCIDCOMPETITIONID:512
HFCCLCOMPETITIONCLASS:
HOSITSITE:-YY
HFGPS:UBLOXNEO6
HFPRSPRESSALTSENSOR:NA
HFRFWFIRMWAREVERSION:203f
HFRHWHARDWAREVERSION:1.0R2
HFFTYFRTYPE:FLYMASTER,LIVE
HFDTE230625
B1929104748242N12002292WA0107201126
B1929114748241N12002289WA0107101125
B1929124748241N12002286WA0107201124
B1929134748240N12002283WA0107201123
B1929144748239N12002280WA0107301122
B1929154748237N12002278WA0107401120
B1929164748234N12002276WA0107401119
B1929174748230N12002273WA0107401118
B1929184748227N12002269WA0107401118
B1929194748225N12002264WA0107301117
B1929204748224N12002260WA0107301117
B1929214748222N12002256WA0107201117
B1929224748220N12002252WA0107201117
B1929234748217N12002249WA0107101116
B1929244748213N12002247WA0107001116
B1929254748210N12002244WA0107001117
B1929264748207N12002241WA0107001118
B1929274748204N12002238WA0106901119
B1929284748200N12002236WA0106901120
B1929294748196N12002233WA0106901120
B1929304748192N12002231WA0106901121
B1929314748188N12002230WA0106901123
B1929324748185N12002228WA0107001125
B1929334748180N12002228WA0107001127
B1929344748176N12002228WA0107001128
B1929354748172N12002229WA0107101130
B1929364748168N12002230WA0107201131
B1929374748164N12002233WA0107301133
B1929384748160N12002237WA0107401135
B1929394748157N12002241WA0107501137
B1929404748154N12002245WA0107601139
B1929414748151N12002250WA0107701141
B1929424748147N12002255WA0107801144
B1929434748144N12002260WA0108001146
B1929444748141N12002265WA0108101149
B1929454748139N12002270WA0108301151
B1929464748137N12002274WA0108501153
B1929474748135N12002279WA0108701152
B1929484748133N12002283WA0108801151
B1929494748129N12002287WA0108901149
B1929504748124N12002289WA0109001148
B1929514748119N12002287WA0109101146
B1929524748115N12002281WA0109101144
B1929534748114N12002273WA0109101142
B1929544748117N12002265WA0109101140
B1929554748121N12002259WA0109101140
B1929564748125N12002256WA0109101139
B1929574748130N12002255WA0109001139
B1929584748135N12002256WA0109001140
B1929594748141N12002259WA0109001140
B1930004748147N12002262WA0108901139
B1930014748153N12002267WA0108901139
B1930024748159N12002274WA0108901139
B1930034748162N12002283WA0108901141
B1930044748163N12002291WA0108801141
B1930054748161N12002297WA0108801142
B1930064748158N12002301WA0108801142
B1930074748155N12002304WA0108801142
B1930084748152N12002306WA0108801142
B1930094748149N12002309WA0108801141
B1930104748145N12002312WA0108801139
B1930114748142N12002316WA0108701138
B1930124748138N12002321WA0108701136
B1930134748135N12002326WA0108601135
B1930144748132N12002330WA0108601134
B1930154748130N12002334WA0108501133
B1930164748127N12002339WA0108501131
B1930174748124N12002345WA0108401129
B1930184748121N12002351WA0108301127
B1930194748119N12002357WA0108201125
B1930204748116N12002364WA0108101123
B1930214748114N12002371WA0108001123
B1930224748112N12002377WA0107901123
B1930234748110N12002383WA0107801123
B1930244748109N12002389WA0107701123
B1930254748108N12002396WA0107601122
B1930264748107N12002402WA0107601121
B1930274748106N12002409WA0107501120
B1930284748105N12002416WA0107401118
B1930294748105N12002424WA0107301116
B1930304748104N12002432WA0107201113
B1930314748104N12002440WA0107001111
B1930324748103N12002449WA0106901108
B1930334748103N12002458WA0106801106
B1930344748102N12002467WA0106601104
B1930354748102N12002476WA0106501102
B1930364748101N12002485WA0106301100
B1930374748101N12002494WA0106101099
B1930384748102N12002503WA0106001098
B1930394748102N12002512WA0105801096
B1930404748102N12002521WA0105701095
B1930414748102N12002529WA0105501094
B1930424748102N12002537WA0105401092
B1930434748102N12002545WA0105201090
B1930444748102N12002554WA0105101087
B1930454748101N12002562WA0104901086
B1930464748100N12002571WA0104801085
B1930474748099N12002580WA0104601085
B1930484748098N12002589WA0104501085
B1930494748097N12002598WA0104401085
B1930504748096N12002607WA0104301085
B1930514748094N12002615WA0104201085
B1930524748092N12002624WA0104101085
B1930534748090N12002633WA0104001086
B1930544748088N12002642WA0104001088
B1930554748086N12002649WA0104001090
B1930564748084N12002656WA0104001093
B1930574748083N12002662WA0104001095
B1930584748081N12002670WA0104001095
B1930594748080N12002678WA0104101098
B1931004748077N12002685WA0104201100
B1931014748076N12002693WA0104301103
B1931024748074N12002700WA0104401105
B1931034748074N12002708WA0104501105
B1931044748077N12002716WA0104601105
B1931054748081N12002724WA0104701104
B1931064748087N12002728WA0104801104
B1931074748094N12002727WA0104901104
B1931084748099N12002722WA0105001105
B1931094748104N12002715WA0105101107
B1931104748107N12002708WA0105101109
B1931114748109N12002703WA0105301112
B1931124748110N12002698WA0105301112
B1931134748112N12002692WA0105501112
B1931144748114N12002684WA0105501112
B1931154748115N12002676WA0105601111
B1931164748114N12002668WA0105701113
B1931174748113N12002661WA0105801116
B1931184748110N12002658WA0105801119
B1931194748106N12002658WA0106001123
B1931204748101N12002661WA0106101124
B1931214748097N12002666WA0106301126
B1931224748094N12002673WA0106401128
B1931234748093N12002681WA0106601131
B1931244748094N12002689WA0106701133
B1931254748096N12002695WA0106901137
B1931264748099N12002699WA0107101140
B1931274748104N12002701WA0107301142
B1931284748109N12002701WA0107501143
B1931294748114N12002699WA0107701143
B1931304748119N12002695WA0107901144
B1931314748123N12002691WA0108101146
B1931324748126N12002686WA0108201148
B1931334748128N12002681WA0108401151
B1931344748130N12002676WA0108601154
B1931354748131N12002670WA0108801157
B1931364748131N12002664WA0109001159
B1931374748129N12002658WA0109201159
B1931384748125N12002653WA0109301158
B1931394748120N12002651WA0109501159
B1931404748115N12002653WA0109701160
B1931414748110N12002659WA0109901162
B1931424748108N12002667WA0110001163
B1931434748107N12002676WA0110101165
B1931444748108N12002684WA0110301169
B1931454748109N12002690WA0110501174
B1931464748110N12002695WA0110601179
B1931474748111N12002701WA0110901182
B1931484748114N12002707WA0111101183
B1931494748118N12002712WA0111301181
B1931504748123N12002717WA0111501180
B1931514748127N12002719WA0111701180
B1931524748131N12002718WA0111801180
B1931534748134N12002713WA0111901178
B1931544748135N12002706WA0112001176
B1931554748137N12002698WA0112101177
B1931564748138N12002691WA0112101180
B1931574748138N12002686WA0112301184
B1931584748138N12002682WA0112301186
B1931594748137N12002677WA0112501188
B1932004748135N12002673WA0112601188
B1932014748132N12002668WA0112701189
B1932024748127N12002665WA0112801189
B1932034748122N12002664WA0112901189
B1932044748116N12002665WA0113001190
B1932054748111N12002668WA0113101193
B1932064748107N12002672WA0113201197
B1932074748104N12002675WA0113401201
B1932084748100N12002676WA0113501203
B1932094748097N12002677WA0113701205
B1932104748093N12002677WA0113801207
B1932114748089N12002678WA0114001208
B1932124748085N12002681WA0114201209
B1932134748082N12002686WA0114301209
B1932144748080N12002692WA0114401208
B1932154748077N12002699WA0114601207
B1932164748074N12002704WA0114701207
B1932174748070N12002709WA0114801208
B1932184748065N12002711WA0114901209
B1932194748062N12002712WA0115001210
B1932204748058N12002714WA0115101211
B1932214748054N12002715WA0115201212
B1932224748051N12002718WA0115201213
B1932234748047N12002721WA0115301214
B1932244748044N12002723WA0115401216
B1932254748040N12002725WA0115601217
B1932264748036N12002725WA0115601219
B1932274748033N12002724WA0115801221
B1932284748030N12002725WA0115901223
B1932294748026N12002727WA0116001224
B1932304748023N12002731WA0116101226
B1932314748020N12002735WA0116301229
B1932324748017N12002739WA0116401233
B1932334748014N12002742WA0116701237
B1932344748012N12002745WA0116801240
B1932354748009N12002749WA0117001243
B1932364748008N12002756WA0117201246
B1932374748008N12002764WA0117501249
B1932384748011N12002771WA0117701252
B1932394748015N12002778WA0117901255
B1932404748021N12002782WA0118101257
B1932414748026N12002784WA0118401260
B1932424748032N12002787WA0118601262
B1932434748037N12002789WA0118901264
B1932444748043N12002790WA0119101265
B1932454748048N12002789WA0119401267
B1932464748053N12002786WA0119501267
B1932474748058N12002782WA0119801267
B1932484748060N12002778WA0120001269
B1932494748062N12002773WA0120201270
B1932504748061N12002769WA0120301271
B1932514748059N12002765WA0120501272
B1932524748057N12002761WA0120601274
B1932534748054N12002758WA0120801276
B1932544748051N12002756WA0121001279
B1932554748049N12002754WA0121201282
B1932564748046N12002754WA0121301286
B1932574748043N12002753WA0121601288
B1932584748040N12002752WA0121701292
B1932594748037N12002750WA0122001295
B1933004748034N12002748WA0122201297
B1933014748031N12002747WA0122501299
B1933024748027N12002747WA0122601301
B1933034748023N12002749WA0122901303
B1933044748019N12002752WA0123101305
B1933054748015N12002753WA0123401309
B1933064748010N12002754WA0123601312
B1933074748006N12002754WA0123901315
B1933084748002N12002755WA0124101319
B1933094747998N12002757WA0124401322
B1933104747995N12002762WA0124601326
B1933114747994N12002767WA0124901330
B1933124747994N12002773WA0125201332
B1933134747995N12002780WA0125501334
B1933144747997N12002787WA0125701336
B1933154747999N12002794WA0126001338
B1933164748003N12002799WA0126201341
B1933174748008N12002804WA0126601343
B1933184748014N12002806WA0126801346
B1933194748021N12002807WA0127101349
B1933204748027N12002805WA0127301353
B1933214748032N12002801WA0127601358
B1933224748036N12002796WA0127901362
B1933234748040N12002790WA0128201365
B1933244748041N12002782WA0128501367
B1933254748042N12002774WA0128801369
B1933264748041N12002767WA0129001372
B1933274748039N12002761WA0129401375
B1933284748036N12002756WA0129601378
B1933294748033N12002753WA0130001382
B1933304748029N12002753WA0130201385
B1933314748025N12002754WA0130601387
B1933324748021N12002755WA0130801388
B1933334748016N12002758WA0131101390
B1933344748012N12002761WA0131301392
B1933354748009N12002765WA0131601395
B1933364748006N12002771WA0131901398
B1933374748005N12002778WA0132201401
B1933384748006N12002786WA0132401404
B1933394748007N12002793WA0132701406
B1933404748010N12002799WA0132901409
B1933414748014N12002805WA0133201412
B1933424748018N12002810WA0133401414
B1933434748023N12002815WA0133801417
B1933444748027N12002819WA0134001419
B1933454748033N12002821WA0134301421
B1933464748039N12002820WA0134501424
B1933474748044N12002816WA0134801427
B1933484748048N12002811WA0135001431
B1933494748052N12002805WA0135301435
B1933504748054N12002799WA0135501440
B1933514748054N12002793WA0135901443
B1933524748053N12002787WA0136101446
B1933534748051N12002781WA0136501448
B1933544748048N12002775WA0136701450
B1933554748044N12002770WA0137101453
B1933564748039N12002767WA0137301456
B1933574748035N12002767WA0137601459
B1933584748031N12002771WA0137901461
B1933594748026N12002776WA0138201461
B1934004748022N12002783WA0138401463
B1934014748019N12002790WA0138701466
B1934024748017N12002797WA0138901470
B1934034748017N12002803WA0139201473
B1934044748018N12002810WA0139401476
B1934054748020N12002818WA0139701478
B1934064748023N12002826WA0140001480
B1934074748028N12002832WA0140201482
B1934084748034N12002836WA0140401484
B1934094748041N12002838WA0140701486
B1934104748048N12002839WA0140901488
B1934114748054N12002837WA0141101491
B1934124748061N12002835WA0141401494
B1934134748067N12002832WA0141701497
B1934144748071N12002826WA0141901501
B1934154748074N12002819WA0142101503
B1934164748075N12002810WA0142401505
B1934174748074N12002800WA0142701507
B1934184748071N12002793WA0142901509
B1934194748066N12002788WA0143201513
B1934204748061N12002788WA0143401517
B1934214748057N12002792WA0143701520
B1934224748054N12002800WA0143901522
B1934234748053N12002809WA0144201524
B1934244748055N12002818WA0144501528
B1934254748058N12002825WA0144801532
B1934264748062N12002831WA0145001534
B1934274748067N12002837WA0145301536
B1934284748073N12002842WA0145501539
B1934294748079N12002845WA0145901542
B1934304748086N12002847WA0146101545
B1934314748091N12002845WA0146301549
B1934324748097N12002841WA0146601552
B1934334748102N12002834WA0146901555
B1934344748106N12002827WA0147201559
B1934354748109N12002819WA0147501564
B1934364748109N12002812WA0147801569
B1934374748107N12002805WA0148101572
B1934384748105N12002800WA0148501575
B1934394748101N12002795WA0148801578
B1934404748097N12002792WA0149101581
B1934414748093N12002791WA0149401583
B1934424748089N12002791WA0149801586
B1934434748085N12002792WA0150001589
B1934444748080N12002795WA0150401592
B1934454748077N12002800WA0150601594
B1934464748074N12002807WA0151001596
B1934474748073N12002816WA0151201598
B1934484748075N12002825WA0151501600
B1934494748078N12002833WA0151901602
B1934504748082N12002840WA0152101605
B1934514748087N12002846WA0152401606
B1934524748092N12002852WA0152601608
B1934534748097N12002857WA0152801610
B1934544748102N12002862WA0153101613
B1934554748107N12002866WA0153401616
B1934564748113N12002868WA0153601620
B1934574748119N12002868WA0153801623
B1934584748125N12002865WA0154101626
B1934594748130N12002859WA0154401629
B1935004748134N12002851WA0154601633
B1935014748137N12002844WA0154801637
B1935024748137N12002836WA0155201642
B1935034748136N12002830WA0155601646
B1935044748133N12002824WA0155801649
B1935054748129N12002821WA0156201653
B1935064748125N12002821WA0156401656
B1935074748121N12002823WA0156701659
B1935084748117N12002827WA0157101663
B1935094748114N12002833WA0157301666
B1935104748112N12002839WA0157701668
B1935114748111N12002846WA0158101671
B1935124748111N12002854WA0158401673
B1935134748113N12002863WA0158601675
B1935144748115N12002871WA0158901677
B1935154748120N12002878WA0159201679
B1935164748125N12002884WA0159501680
B1935174748131N12002889WA0159801683
B1935184748138N12002894WA0160001686
B1935194748145N12002897WA0160301690
B1935204748152N12002899WA0160501695
B1935214748158N12002898WA0160901701
B1935224748164N12002894WA0161201705
B1935234748168N12002888WA0161401708
B1935244748170N12002880WA0161801710
B1935254748170N12002873WA0162001713
B1935264748167N12002866WA0162401716
B1935274748164N12002862WA0162801719
B1935284748159N12002862WA0163101722
B1935294748154N12002863WA0163501726
B1935304748151N12002865WA0163701731
B1935314748148N12002867WA0164101736
B1935324748146N12002870WA0164401740
B1935334748143N12002874WA0164801744
B1935344748141N12002879WA0165101745
B1935354748139N12002887WA0165301747
B1935364748139N12002897WA0165701748
B1935374748141N12002908WA0166101750
B1935384748145N12002917WA0166301752
B1935394748150N12002925WA0166501755
B1935404748154N12002933WA0166901758
B1935414748158N12002941WA0167201762
B1935424748162N12002948WA0167401766
B1935434748168N12002955WA0167701770
B1935444748173N12002960WA0168101774
B1935454748180N12002962WA0168301777
B1935464748187N12002962WA0168701780
B1935474748194N12002960WA0169001784
B1935484748200N12002956WA0169301788
B1935494748204N12002951WA0169601793
B1935504748207N12002945WA0170001797
B1935514748208N12002939WA0170301801
B1935524748209N12002933WA0170701805
B1935534748208N12002926WA0171001808
B1935544748206N12002919WA0171501811
B1935554748203N12002914WA0171701815
B1935564748199N12002911WA0172201818
B1935574748194N12002910WA0172401822
B1935584748190N12002913WA0172901826
B1935594748186N12002918WA0173201830
B1936004748184N12002925WA0173601834
B1936014748183N12002934WA0173901837
B1936024748184N12002944WA0174301839
B1936034748186N12002954WA0174601841
B1936044748190N12002964WA0175001844
B1936054748195N12002972WA0175201847
B1936064748202N12002978WA0175601849
B1936074748209N12002983WA0175901853
B1936084748216N12002986WA0176301857
B1936094748223N12002987WA0176501861
B1936104748228N12002985WA0176901865
B1936114748233N12002980WA0177201867
B1936124748236N12002974WA0177601870
B1936134748238N12002967WA0177801872
B1936144748238N12002960WA0178201876
B1936154748238N12002954WA0178401881
B1936164748237N12002950WA0178801885
B1936174748235N12002946WA0179101889
B1936184748232N12002943WA0179501892
B1936194748228N12002942WA0179801895
B1936204748223N12002942WA0180201898
B1936214748219N12002944WA0180501901
B1936224748215N12002948WA0180901905
B1936234748214N12002955WA0181101909
B1936244748213N12002964WA0181501912
B1936254748215N12002973WA0181801914
B1936264748217N12002983WA0182201916
B1936274748221N12002993WA0182401918
B1936284748226N12003002WA0182801921
B1936294748233N12003008WA0183101924
B1936304748240N12003012WA0183401927
B1936314748247N12003013WA0183701930
B1936324748254N12003012WA0184001933
B1936334748260N12003011WA0184301936
B1936344748266N12003009WA0184601939
B1936354748273N12003006WA0184901941
B1936364748279N12003003WA0185201944
B1936374748284N12002998WA0185401947
B1936384748287N12002994WA0185801950
B1936394748289N12002989WA0186001953
B1936404748289N12002985WA0186401955
B1936414748288N12002980WA0186601955
B1936424748285N12002974WA0186901955
B1936434748282N12002970WA0187101956
B1936444748278N12002968WA0187301958
B1936454748274N12002967WA0187501959
B1936464748270N12002966WA0187801961
B1936474748266N12002966WA0187901963
B1936484748262N12002964WA0188201965
B1936494748259N12002963WA0188301968
B1936504748255N12002962WA0188601971
B1936514748252N12002963WA0188701975
B1936524748248N12002965WA0189001977
B1936534748245N12002970WA0189201979
B1936544748242N12002977WA0189401980
B1936554748241N12002985WA0189601980
B1936564748240N12002993WA0189901980
B1936574748241N12003003WA0190001980
B1936584748241N12003012WA0190201979
B1936594748243N12003022WA0190301978
B1937004748244N12003032WA0190401978
B1937014748245N12003042WA0190501979
B1937024748247N12003052WA0190601980
B1937034748249N12003061WA0190701981
B1937044748252N12003070WA0190801982
B1937054748256N12003078WA0190801983
B1937064748261N12003084WA0191001984
B1937074748267N12003090WA0191001983
B1937084748273N12003095WA0191101983
B1937094748281N12003099WA0191201983
B1937104748288N12003101WA0191201982
B1937114748295N12003103WA0191301982
B1937124748303N12003103WA0191301983
B1937134748309N12003102WA0191301984
B1937144748315N12003100WA0191401985
B1937154748320N12003098WA0191401986
B1937164748325N12003095WA0191501987
B1937174748329N12003091WA0191501987
B1937184748333N12003086WA0191601987
B1937194748336N12003080WA0191601987
B1937204748337N12003072WA0191701986
B1937214748337N12003065WA0191701987
B1937224748337N12003059WA0191701988
B1937234748336N12003053WA0191801990
B1937244748335N12003048WA0191901993
B1937254748335N12003043WA0191901995
B1937264748334N12003038WA0192001997
B1937274748332N12003034WA0192101999
B1937284748329N12003030WA0192302001
B1937294748325N12003028WA0192402002
B1937304748320N12003029WA0192502004
B1937314748316N12003032WA0192602005
B1937324748312N12003037WA0192802008
B1937334748310N12003044WA0192902010
B1937344748309N12003052WA0193102012
B1937354748309N12003060WA0193202013
B1937364748310N12003069WA0193302013
B1937374748312N12003079WA0193402013
B1937384748313N12003089WA0193602014
B1937394748314N12003099WA0193702016
B1937404748318N12003108WA0193902017
B1937414748323N12003115WA0194002016
B1937424748330N12003120WA0194102016
B1937434748337N12003123WA0194202016
B1937444748343N12003125WA0194302016
B1937454748350N12003125WA0194402018
B1937464748355N12003124WA0194502019
B1937474748360N12003121WA0194502019
B1937484748365N12003117WA0194602020
B1937494748370N12003111WA0194702019
B1937504748373N12003105WA0194802020
B1937514748376N12003098WA0194802020
B1937524748378N12003092WA0194902021
B1937534748380N12003085WA0194902022
B1937544748381N12003078WA0195002023
B1937554748382N12003071WA0195002024
B1937564748383N12003064WA0195102024
B1937574748383N12003057WA0195202025
B1937584748383N12003050WA0195302026
B1937594748383N12003043WA0195302027
B1938004748383N12003036WA0195402027
B1938014748383N12003029WA0195502027
B1938024748384N12003021WA0195602029
B1938034748385N12003014WA0195602030
B1938044748386N12003006WA0195702032
B1938054748387N12002999WA0195802035
B1938064748388N12002991WA0195902038
B1938074748390N12002983WA0196002041
B1938084748392N12002974WA0196202046
B1938094748393N12002966WA0196402050
B1938104748393N12002958WA0196602054
B1938114748392N12002950WA0196802057
B1938124748389N12002944WA0197102060
B1938134748386N12002939WA0197202062
B1938144748383N12002934WA0197502065
B1938154748379N12002929WA0197702069
B1938164748377N12002926WA0198002074
B1938174748374N12002925WA0198202079
B1938184748372N12002927WA0198602082
B1938194748369N12002930WA0198802085
B1938204748366N12002934WA0199102086
B1938214748364N12002940WA0199402088
B1938224748362N12002946WA0199702091
B1938234748362N12002953WA0199902093
B1938244748363N12002961WA0200202096
B1938254748364N12002969WA0200402098
B1938264748366N12002977WA0200802102
B1938274748367N12002985WA0201002105
B1938284748369N12002992WA0201302109
B1938294748371N12002999WA0201502113
B1938304748375N12003005WA0201902116
B1938314748379N12003011WA0202102117
B1938324748384N12003015WA0202502119
B1938334748389N12003020WA0202702120
B1938344748395N12003024WA0203002121
B1938354748400N12003028WA0203202122
B1938364748406N12003033WA0203502122
B1938374748412N12003037WA0203602121
B1938384748419N12003039WA0203802121
B1938394748425N12003038WA0203902121
B1938404748431N12003035WA0204102120
B1938414748437N12003029WA0204202121
B1938424748443N12003023WA0204302123
B1938434748447N12003018WA0204402128
B1938444748452N12003014WA0204602132
B1938454748457N12003010WA0204702135
B1938464748463N12003005WA0204902138
B1938474748468N12002998WA0205102139
B1938484748473N12002989WA0205302141
B1938494748476N12002979WA0205402144
B1938504748478N12002969WA0205702147
B1938514748478N12002960WA0205802151
B1938524748478N12002952WA0206102156
B1938534748478N12002944WA0206302159
B1938544748478N12002936WA0206602163
B1938554748477N12002928WA0206802165
B1938564748474N12002922WA0207202168
B1938574748471N12002918WA0207402170
B1938584748467N12002917WA0207702171
B1938594748463N12002918WA0207902172
B1939004748459N12002920WA0208202174
B1939014748456N12002921WA0208402177
B1939024748453N12002922WA0208702181
B1939034748450N12002921WA0208902184
B1939044748447N12002921WA0209202185
B1939054748443N12002921WA0209402186
B1939064748438N12002922WA0209702188
B1939074748433N12002921WA0209902189
B1939084748428N12002919WA0210102191
B1939094748423N12002917WA0210302193
B1939104748418N12002915WA0210502194
B1939114748413N12002913WA0210702194
B1939124748407N12002910WA0210902194
B1939134748400N12002907WA0211102196
B1939144748395N12002904WA0211302198
B1939154748390N12002902WA0211402201
B1939164748385N12002901WA0211602203
B1939174748380N12002900WA0211802205
B1939184748375N12002901WA0212002205
B1939194748369N12002901WA0212102206
B1939204748363N12002902WA0212302206
B1939214748356N12002901WA0212402207
B1939224748350N12002898WA0212602207
B1939234748345N12002894WA0212702206
B1939244748341N12002890WA0212802205
B1939254748336N12002887WA0212902203
B1939264748332N12002883WA0213002200
B1939274748326N12002880WA0213002197
B1939284748320N12002876WA0212902194
B1939294748315N12002872WA0212902192
B1939304748309N12002869WA0212802190
B1939314748304N12002866WA0212802191
B1939324748300N12002862WA0212702192
B1939334748297N12002859WA0212702193
B1939344748294N12002856WA0212602193
B1939354748290N12002852WA0212602191
B1939364748285N12002849WA0212502188
B1939374748280N12002846WA0212502187
B1939384748275N12002843WA0212402186
B1939394748271N12002840WA0212302185
B1939404748267N12002836WA0212202185
B1939414748263N12002832WA0212202184
B1939424748259N12002828WA0212102182
B1939434748253N12002825WA0212002180
B1939444748248N12002822WA0211902178
B1939454748243N12002818WA0211802177
B1939464748238N12002815WA0211602176
B1939474748234N12002812WA0211502176
B1939484748230N12002809WA0211402176
B1939494748226N12002806WA0211402176
B1939504748222N12002804WA0211302174
B1939514748217N12002803WA0211202173
B1939524748213N12002802WA0211102172
B1939534748208N12002801WA0211002172
B1939544748203N12002800WA0210902171
B1939554748198N12002799WA0210902170
B1939564748193N12002797WA0210702169
B1939574748187N12002795WA0210702167
B1939584748182N12002794WA0210602166
B1939594748176N12002793WA0210502166
B1940004748171N12002792WA0210402166
B1940014748166N12002791WA0210302166
B1940024748161N12002789WA0210202166
B1940034748156N12002787WA0210202165
B1940044748151N12002786WA0210102163
B1940054748145N12002785WA0210002161
B1940064748140N12002783WA0209902160
B1940074748135N12002781WA0209802158
B1940084748131N12002779WA0209702158
B1940094748127N12002776WA0209602157
B1940104748123N12002774WA0209502156
B1940114748119N12002772WA0209402155
B1940124748115N12002771WA0209302152
B1940134748110N12002770WA0209202150
B1940144748106N12002768WA0209102150
B1940154748102N12002766WA0209002150
B1940164748098N12002763WA0208902149
B1940174748094N12002760WA0208802147
B1940184748090N12002756WA0208702146
B1940194748085N12002752WA0208602144
B1940204748080N12002749WA0208402141
B1940214748073N12002745WA0208302137
B1940224748067N12002741WA0208102134
B1940234748060N12002737WA0208002132
B1940244748052N12002733WA0207702129
B1940254748045N12002729WA0207602127
B1940264748038N12002725WA0207402125
B1940274748031N12002721WA0207202124
B1940284748025N12002718WA0207002125
B1940294748020N12002715WA0206902126
B1940304748015N12002713WA0206702126
B1940314748010N12002710WA0206602125
B1940324748005N12002707WA0206402122
B1940334747999N12002704WA0206302119
B1940344747993N12002700WA0206102117
B1940354747988N12002697WA0206002115
B1940364747984N12002693WA0205802116
B1940374747981N12002690WA0205702116
B1940384747978N12002687WA0205602116
B1940394747974N12002684WA0205502114
B1940404747970N12002681WA0205302111
B1940414747965N12002677WA0205202109
B1940424747960N12002674WA0205102106
B1940434747955N12002671WA0204902105
B1940444747951N12002668WA0204802104
B1940454747946N12002665WA0204602103
B1940464747942N12002662WA0204502102
B1940474747937N12002660WA0204402100
B1940484747932N12002657WA0204202097
B1940494747927N12002654WA0204102095
B1940504747922N12002651WA0203902094
B1940514747917N12002649WA0203702092
B1940524747913N12002647WA0203602091
B1940534747908N12002644WA0203402090
B1940544747903N12002642WA0203302088
B1940554747898N12002638WA0203102086
B1940564747893N12002634WA0202902085
B1940574747889N12002631WA0202802084
B1940584747884N12002627WA0202602083
B1940594747880N12002624WA0202502081
B1941004747875N12002620WA0202402080
B1941014747870N12002617WA0202202078
B1941024747865N12002614WA0202102077
B1941034747860N12002611WA0201902075
B1941044747855N12002609WA0201802074
B1941054747850N12002606WA0201602072
B1941064747846N12002604WA0201502071
B1941074747841N12002602WA0201302070
B1941084747836N12002599WA0201202069
B1941094747831N12002597WA0201102067
B1941104747826N12002594WA0200902065
B1941114747821N12002591WA0200802064
B1941124747817N12002588WA0200602062
B1941134747812N12002585WA0200502061
B1941144747807N12002583WA0200302060
B1941154747802N12002580WA0200202058
B1941164747797N12002577WA0200002057
B1941174747792N12002575WA0199902055
B1941184747788N12002572WA0199702054
B1941194747783N12002570WA0199602053
B1941204747778N12002569WA0199402051
B1941214747773N12002567WA0199302050
B1941224747768N12002565WA0199202049
B1941234747763N12002562WA0199002048
B1941244747759N12002559WA0198902047
B1941254747754N12002556WA0198802046
B1941264747750N12002553WA0198602045
B1941274747745N12002550WA0198502044
B1941284747741N12002548WA0198402043
B1941294747736N12002545WA0198302041
B1941304747731N12002542WA0198102039
B1941314747726N12002538WA0198002038
B1941324747721N12002536WA0197902037
B1941334747716N12002533WA0197702036
B1941344747712N12002531WA0197602035
B1941354747707N12002529WA0197502033
B1941364747702N12002526WA0197302032
B1941374747698N12002523WA0197202031
B1941384747693N12002521WA0197102029
B1941394747688N12002519WA0197002028
B1941404747683N12002518WA0196802027
B1941414747679N12002516WA0196702027
B1941424747674N12002515WA0196602026
B1941434747670N12002513WA0196502026
B1941444747666N12002512WA0196402025
B1941454747662N12002510WA0196302025
B1941464747658N12002508WA0196202023
B1941474747653N12002505WA0196102022
B1941484747649N12002501WA0196002020
B1941494747644N12002498WA0195902019
B1941504747640N12002495WA0195802018
B1941514747635N12002493WA0195702018
B1941524747631N12002491WA0195602017
B1941534747627N12002488WA0195502017
B1941544747623N12002485WA0195402016
B1941554747619N12002482WA0195302014
B1941564747615N12002480WA0195202013
B1941574747610N12002478WA0195102011
B1941584747605N12002476WA0195002010
B1941594747601N12002474WA0194902009
B1942004747597N12002472WA0194802008
B1942014747593N12002470WA0194702007
B1942024747588N12002468WA0194602006
B1942034747584N12002465WA0194502004
B1942044747580N12002463WA0194302002
B1942054747575N12002460WA0194202001
B1942064747571N12002457WA0194101999
B1942074747566N12002455WA0194001999
B1942084747563N12002452WA0193801998
B1942094747559N12002449WA0193801998
B1942104747555N12002446WA0193601996
B1942114747551N12002444WA0193501995
B1942124747546N12002441WA0193401993
B1942134747541N12002438WA0193301991
B1942144747537N12002436WA0193101990
B1942154747533N12002434WA0193001991
B1942164747529N12002432WA0192901991
B1942174747525N12002430WA0192801990
B1942184747521N12002428WA0192701988
B1942194747517N12002425WA0192601986
B1942204747512N12002423WA0192501983
B1942214747508N12002420WA0192401982
B1942224747503N12002417WA0192201981
B1942234747499N12002415WA0192101980
B1942244747496N12002412WA0192001979
B1942254747491N12002409WA0191901978
B1942264747487N12002405WA0191701975
B1942274747482N12002402WA0191601974
B1942284747477N12002399WA0191501972
B1942294747473N12002396WA0191401971
B1942304747469N12002393WA0191201969
B1942314747464N12002390WA0191101967
B1942324747460N12002386WA0190901965
B1942334747455N12002382WA0190801962
B1942344747450N12002378WA0190601960
B1942354747446N12002375WA0190501959
B1942364747441N12002372WA0190301958
B1942374747437N12002368WA0190201957
B1942384747433N12002364WA0190001955
B1942394747429N12002360WA0189901953
B1942404747425N12002356WA0189701951
B1942414747420N12002353WA0189601948
B1942424747415N12002350WA0189401946
B1942434747411N12002347WA0189201944
B1942444747406N12002343WA0189001943
B1942454747402N12002340WA0188901941
B1942464747397N12002336WA0188701940
B1942474747393N12002332WA0188501938
B1942484747388N12002329WA0188301936
B1942494747384N12002325WA0188201935
B1942504747379N12002322WA0188001933
B1942514747374N12002318WA0187901932
B1942524747370N12002315WA0187701931
B1942534747366N12002312WA0187501929
B1942544747361N12002309WA0187301927
B1942554747355N12002306WA0187201925
B1942564747350N12002303WA0187001924
B1942574747345N12002300WA0186901923
B1942584747340N12002298WA0186701923
B1942594747336N12002295WA0186601922
B1943004747332N12002292WA0186401921
B1943014747327N12002290WA0186301920
B1943024747322N12002288WA0186101917
B1943034747316N12002286WA0186001916
B1943044747311N12002284WA0185901915
B1943054747307N12002281WA0185801915
B1943064747303N12002279WA0185601916
B1943074747299N12002277WA0185501915
B1943084747294N12002276WA0185401914
B1943094747289N12002275WA0185301911
B1943104747284N12002274WA0185201909
B1943114747278N12002273WA0185101908
B1943124747273N12002271WA0184901908
B1943134747268N12002269WA0184901907
B1943144747263N12002268WA0184801907
B1943154747258N12002267WA0184701906
B1943164747252N12002265WA0184601905
B1943174747247N12002263WA0184501904
B1943184747242N12002260WA0184401903
B1943194747237N12002258WA0184301903
B1943204747232N12002256WA0184201903
B1943214747227N12002254WA0184101902
B1943224747222N12002252WA0184001900
B1943234747217N12002249WA0184001898
B1943244747211N12002247WA0183801895
B1943254747206N12002245WA0183701894
B1943264747200N12002243WA0183601893
B1943274747196N12002241WA0183501893
B1943284747192N12002239WA0183401893
B1943294747187N12002237WA0183301891
B1943304747182N12002235WA0183201889
B1943314747176N12002233WA0183101886
B1943324747170N12002231WA0183001883
B1943334747165N12002229WA0182901882
B1943344747159N12002227WA0182701882
B1943354747154N12002226WA0182601881
B1943364747150N12002225WA0182501881
B1943374747145N12002224WA0182401881
B1943384747140N12002223WA0182301880
B1943394747135N12002221WA0182201879
B1943404747131N12002218WA0182001878
B1943414747126N12002215WA0182001877
B1943424747122N12002212WA0181901876
B1943434747117N12002210WA0181801876
B1943444747112N12002207WA0181701875
B1943454747108N12002205WA0181601874
B1943464747103N12002202WA0181501873
B1943474747098N12002199WA0181401872
B1943484747093N12002197WA0181301871
B1943494747089N12002195WA0181201870
B1943504747084N12002193WA0181101868
B1943514747080N12002191WA0181001867
B1943524747074N12002188WA0180901865
B1943534747069N12002186WA0180801864
B1943544747064N12002184WA0180601863
B1943554747060N12002181WA0180601863
B1943564747056N12002179WA0180401862
B1943574747051N12002177WA0180401861
B1943584747046N12002175WA0180201860
B1943594747041N12002173WA0180201857
B1944004747036N12002172WA0180001855
B1944014747030N12002170WA0179901854
B1944024747025N12002168WA0179801853
B1944034747020N12002165WA0179701853
B1944044747015N12002162WA0179501853
B1944054747010N12002159WA0179501853
B1944064747005N12002157WA0179301852
B1944074747000N12002156WA0179301851
B1944084746994N12002154WA0179201850
B1944094746989N12002152WA0179101849
B1944104746984N12002149WA0179001849
B1944114746979N12002146WA0178901849
B1944124746974N12002143WA0178801849
B1944134746969N12002141WA0178801849
B1944144746964N12002139WA0178701848
B1944154746959N12002136WA0178701847
B1944164746953N12002133WA0178601846
B1944174746948N12002131WA0178501846
B1944184746942N12002129WA0178501846
B1944194746937N12002127WA0178401846
B1944204746932N12002125WA0178401846
B1944214746926N12002122WA0178301845
B1944224746921N12002120WA0178301844
B1944234746915N12002117WA0178201844
B1944244746910N12002115WA0178201845
B1944254746905N12002114WA0178201845
B1944264746900N12002112WA0178101845
B1944274746895N12002111WA0178101844
B1944284746889N12002110WA0178101843
B1944294746883N12002108WA0178001843
B1944304746878N12002107WA0178001844
B1944314746873N12002106WA0178001844
B1944324746867N12002104WA0178001845
B1944334746862N12002102WA0178001844
B1944344746856N12002100WA0178001843
B1944354746850N12002097WA0178001842
B1944364746844N12002096WA0177901842
B1944374746838N12002095WA0177901842
B1944384746833N12002094WA0177901843
B1944394746828N12002092WA0177901843
B1944404746823N12002091WA0177901842
B1944414746817N12002089WA0177801841
B1944424746811N12002087WA0177801840
B1944434746806N12002086WA0177801840
B1944444746801N12002084WA0177701840
B1944454746796N12002083WA0177701841
B1944464746791N12002081WA0177701841
B1944474746786N12002080WA0177701841
B1944484746781N12002078WA0177701841
B1944494746776N12002078WA0177601840
B1944504746770N12002077WA0177601840
B1944514746765N12002077WA0177601840
B1944524746760N12002076WA0177601840
B1944534746756N12002075WA0177601840
B1944544746751N12002074WA0177601840
B1944554746746N12002072WA0177601839
B1944564746741N12002070WA0177501838
B1944574746736N12002068WA0177501838
B1944584746731N12002066WA0177501838
B1944594746727N12002064WA0177501838
B1945004746723N12002062WA0177401838
B1945014746718N12002062WA0177401837
B1945024746714N12002061WA0177401836
B1945034746709N12002061WA0177401834
B1945044746704N12002060WA0177301831
B1945054746699N12002058WA0177201830
B1945064746695N12002057WA0177201829
B1945074746690N12002055WA0177101829
B1945084746686N12002054WA0177001829
B1945094746682N12002052WA0177001829
B1945104746678N12002051WA0176901827
B1945114746673N12002050WA0176801826
B1945124746668N12002048WA0176701825
B1945134746663N12002047WA0176701824
B1945144746658N12002046WA0176601823
B1945154746654N12002044WA0176501823
B1945164746649N12002043WA0176401823
B1945174746645N12002042WA0176401823
B1945184746641N12002040WA0176301822
B1945194746637N12002038WA0176201821
B1945204746633N12002035WA0176201820
B1945214746628N12002033WA0176101819
B1945224746624N12002030WA0176001819
B1945234746620N12002028WA0175901819
B1945244746616N12002025WA0175901819
B1945254746612N12002023WA0175801819
B1945264746608N12002020WA0175801819
B1945274746604N12002018WA0175701819
B1945284746600N12002015WA0175701820
B1945294746596N12002013WA0175701820
B1945304746592N12002010WA0175701821
B1945314746588N12002007WA0175601821
B1945324746584N12002003WA0175601821
B1945334746581N12001999WA0175601821
B1945344746577N12001996WA0175601821
B1945354746572N12001992WA0175601821
B1945364746569N12001989WA0175601821
B1945374746565N12001985WA0175601821
B1945384746561N12001980WA0175601821
B1945394746557N12001976WA0175601820
B1945404746553N12001971WA0175601819
B1945414746549N12001967WA0175601819
B1945424746545N12001963WA0175601819
B1945434746541N12001960WA0175501818
B1945444746537N12001956WA0175501818
B1945454746533N12001952WA0175501818
B1945464746529N12001948WA0175501818
B1945474746525N12001944WA0175401818
B1945484746521N12001940WA0175401819
B1945494746518N12001936WA0175401819
B1945504746515N12001932WA0175401819
B1945514746511N12001928WA0175401819
B1945524746507N12001924WA0175401818
B1945534746503N12001919WA0175401817
B1945544746498N12001915WA0175401816
B1945554746494N12001910WA0175301816
B1945564746491N12001906WA0175301817
B1945574746487N12001902WA0175301818
B1945584746484N12001898WA0175301818
B1945594746480N12001894WA0175201817
B1946004746476N12001889WA0175201815
B1946014746471N12001885WA0175201814
B1946024746467N12001881WA0175101813
B1946034746463N12001876WA0175101813
B1946044746460N12001872WA0175101813
B1946054746457N12001869WA0175001813
B1946064746453N12001865WA0175001812
B1946074746449N12001862WA0175001811
B1946084746445N12001857WA0174901809
B1946094746440N12001853WA0174901808
B1946104746436N12001850WA0174801809
B1946114746432N12001847WA0174801810
B1946124746428N12001845WA0174701810
B1946134746424N12001843WA0174701809
B1946144746419N12001841WA0174601807
B1946154746414N12001838WA0174601805
B1946164746410N12001834WA0174501804
B1946174746406N12001830WA0174501802
B1946184746401N12001826WA0174401802
B1946194746398N12001822WA0174301801
B1946204746394N12001819WA0174301801
B1946214746390N12001817WA0174201800
B1946224746387N12001814WA0174101799
B1946234746383N12001812WA0174001797
B1946244746379N12001810WA0173901796
B1946254746375N12001808WA0173901796
B1946264746372N12001807WA0173801796
B1946274746369N12001806WA0173701797
B1946284746366N12001805WA0173601797
B1946294746363N12001804WA0173601796
B1946304746359N12001804WA0173501794
B1946314746356N12001803WA0173501792
B1946324746351N12001802WA0173401790
B1946334746347N12001800WA0173301789
B1946344746343N12001798WA0173201788
B1946354746339N12001796WA0173101789
B1946364746336N12001795WA0173001789
B1946374746333N12001794WA0173001788
B1946384746330N12001792WA0172901787
B1946394746326N12001790WA0172801785
B1946404746322N12001788WA0172701783
B1946414746318N12001787WA0172601782
B1946424746315N12001786WA0172501781
B1946434746311N12001785WA0172501781
B1946444746308N12001784WA0172401780
B1946454746305N12001783WA0172301779
B1946464746301N12001782WA0172201777
B1946474746296N12001780WA0172101774
B1946484746292N12001778WA0172001773
B1946494746287N12001775WA0171901772
B1946504746283N12001771WA0171701772
B1946514746280N12001768WA0171701773
B1946524746277N12001765WA0171601773
B1946534746273N12001762WA0171501773
B1946544746269N12001760WA0171401771
B1946554746265N12001758WA0171301769
B1946564746260N12001756WA0171201766
B1946574746255N12001753WA0171101765
B1946584746252N12001751WA0171001764
B1946594746248N12001748WA0170901763
B1947004746245N12001745WA0170801762
B1947014746240N12001742WA0170701759
B1947024746236N12001739WA0170601756
B1947034746231N12001735WA0170501754
B1947044746227N12001731WA0170301752
B1947054746223N12001727WA0170201751
B1947064746220N12001722WA0170001751
B1947074746216N12001718WA0169901750
B1947084746213N12001714WA0169701748
B1947094746209N12001710WA0169601746
B1947104746204N12001706WA0169401744
B1947114746200N12001702WA0169301743
B1947124746196N12001699WA0169101743
B1947134746191N12001696WA0169001742
B1947144746188N12001693WA0168901742
B1947154746184N12001690WA0168801742
B1947164746181N12001686WA0168701742
B1947174746178N12001682WA0168601741
B1947184746175N12001678WA0168501740
B1947194746171N12001673WA0168401738
B1947204746168N12001669WA0168201735
B1947214746165N12001664WA0168101732
B1947224746161N12001660WA0168001729
B1947234746158N12001655WA0167801726
B1947244746155N12001651WA0167601723
B1947254746152N12001646WA0167501720
B1947264746149N12001640WA0167301716
B1947274746146N12001633WA0167101711
B1947284746143N12001625WA0166801707
B1947294746140N12001618WA0166601704
B1947304746137N12001612WA0166201701
B1947314746134N12001606WA0166001699
B1947324746131N12001600WA0165701695
B1947334746127N12001596WA0165501691
B1947344746124N12001592WA0165101686
B1947354746121N12001589WA0164901682
B1947364746118N12001586WA0164501677
B1947374746116N12001583WA0164301674
B1947384746113N12001579WA0163801670
B1947394746111N12001575WA0163601667
B1947404746109N12001571WA0163201666
B1947414746108N12001568WA0162901665
B1947424746106N12001565WA0162601664
B1947434746105N12001562WA0162401662
B1947444746103N12001559WA0162101660
B1947454746101N12001556WA0161901657
B1947464746099N12001552WA0161601654
B1947474746097N12001549WA0161301651
B1947484746095N12001545WA0161001648
B1947494746092N12001541WA0160801645
B1947504746090N12001537WA0160501643
B1947514746087N12001534WA0160301640
B1947524746084N12001532WA0160001638
B1947534746081N12001529WA0159801635
B1947544746077N12001527WA0159501631
B1947554746073N12001525WA0159201628
B1947564746069N12001522WA0158901625
B1947574746066N12001518WA0158701623
B1947584746063N12001515WA0158401621
B1947594746060N12001512WA0158201619
B1948004746057N12001507WA0157901617
B1948014746054N12001503WA0157701615
B1948024746051N12001498WA0157401612
B1948034746047N12001494WA0157201611
B1948044746044N12001491WA0156901610
B1948054746042N12001487WA0156701610
B1948064746039N12001484WA0156401609
B1948074746037N12001481WA0156301608
B1948084746034N12001479WA0156101605
B1948094746031N12001476WA0155901602
B1948104746027N12001473WA0155701600
B1948114746025N12001469WA0155501598
B1948124746022N12001465WA0155301596
B1948134746019N12001461WA0155101594
B1948144746016N12001457WA0154901592
B1948154746012N12001453WA0154701589
B1948164746008N12001448WA0154501585
B1948174746003N12001443WA0154301581
B1948184745998N12001437WA0154001578
B1948194745994N12001431WA0153801577
B1948204745990N12001425WA0153501575
B1948214745985N12001420WA0153301574
B1948224745981N12001415WA0153101573
B1948234745977N12001411WA0152901571
B1948244745973N12001406WA0152701569
B1948254745969N12001402WA0152501567
B1948264745964N12001397WA0152201564
B1948274745960N12001393WA0152101561
B1948284745956N12001389WA0151801559
B1948294745951N12001385WA0151601558
B1948304745947N12001381WA0151401556
B1948314745943N12001376WA0151201553
B1948324745939N12001371WA0151001550
B1948334745934N12001366WA0150801547
B1948344745929N12001361WA0150501544
B1948354745924N12001357WA0150401542
B1948364745919N12001352WA0150101540
B1948374745914N12001348WA0149901539
B1948384745910N12001344WA0149601537
B1948394745905N12001340WA0149501535
B1948404745901N12001336WA0149201533
B1948414745896N12001332WA0149101531
B1948424745891N12001328WA0148801529
B1948434745887N12001323WA0148601527
B1948444745882N12001318WA0148401524
B1948454745878N12001313WA0148201522
B1948464745873N12001308WA0148001520
B1948474745868N12001304WA0147801518
B1948484745863N12001299WA0147501516
B1948494745859N12001294WA0147401515
B1948504745855N12001290WA0147101513
B1948514745851N12001285WA0147001511
B1948524745847N12001280WA0146701509
B1948534745843N12001275WA0146601506
B1948544745838N12001270WA0146301503
B1948554745834N12001265WA0146201501
B1948564745829N12001260WA0145901498
B1948574745825N12001256WA0145701496
B1948584745820N12001251WA0145401493
B1948594745815N12001246WA0145201490
B1949004745810N12001241WA0145001487
B1949014745805N12001237WA0144801484
B1949024745800N12001232WA0144501483
B1949034745795N12001229WA0144301482
B1949044745791N12001225WA0144001483
B1949054745787N12001221WA0143901484
B1949064745784N12001217WA0143701483
B1949074745780N12001212WA0143501482
B1949084745776N12001206WA0143401481
B1949094745771N12001200WA0143201479
B1949104745766N12001194WA0143101478
B1949114745762N12001188WA0142901477
B1949124745757N12001181WA0142801476
B1949134745753N12001175WA0142701476
B1949144745749N12001168WA0142501475
B1949154745745N12001163WA0142401474
B1949164745742N12001157WA0142301473
B1949174745738N12001152WA0142201471
B1949184745734N12001146WA0142001468
B1949194745729N12001140WA0141901465
B1949204745725N12001134WA0141701462
B1949214745720N12001128WA0141601460
B1949224745715N12001123WA0141401459
B1949234745711N12001119WA0141301458
B1949244745706N12001114WA0141101457
B1949254745701N12001109WA0141001455
B1949264745696N12001104WA0140801454
B1949274745691N12001098WA0140601451
B1949284745686N12001092WA0140401449
B1949294745681N12001087WA0140301448
B1949304745676N12001083WA0140101447
B1949314745671N12001079WA0140001446
B1949324745665N12001075WA0139801445
B1949334745660N12001071WA0139701442
B1949344745655N12001065WA0139501440
B1949354745650N12001058WA0139401438
B1949364745645N12001052WA0139201436
B1949374745641N12001046WA0139101434
B1949384745636N12001040WA0138901433
B1949394745631N12001035WA0138701432
B1949404745626N12001029WA0138501430
B1949414745621N12001024WA0138401428
B1949424745615N12001018WA0138201425
B1949434745610N12001011WA0138101423
B1949444745604N12001004WA0137901422
B1949454745599N12000997WA0137701421
B1949464745594N12000990WA0137501420
B1949474745590N12000982WA0137401419
B1949484745586N12000975WA0137201417
B1949494745582N12000967WA0137101416
B1949504745578N12000959WA0136901413
B1949514745573N12000952WA0136801411
B1949524745568N12000945WA0136601408
B1949534745562N12000937WA0136501407
B1949544745558N12000930WA0136301406
B1949554745554N12000923WA0136201407
B1949564745550N12000918WA0136001407
B1949574745547N12000913WA0135901407
B1949584745543N12000908WA0135701406
B1949594745539N12000903WA0135701405
B1950004745535N12000896WA0135501403
B1950014745531N12000890WA0135401402
B1950024745527N12000884WA0135301403
B1950034745524N12000879WA0135201405
B1950044745520N12000874WA0135101405
B1950054745517N12000869WA0135101406
B1950064745513N12000864WA0135001405
B1950074745509N12000859WA0135001405
B1950084745505N12000854WA0134901405
B1950094745501N12000848WA0134901405
B1950104745497N12000843WA0134801405
B1950114745493N12000837WA0134801405
B1950124745489N12000831WA0134801406
B1950134745486N12000826WA0134801408
B1950144745484N12000820WA0134801409
B1950154745482N12000814WA0134801409
B1950164745480N12000807WA0134901409
B1950174745478N12000801WA0134901408
B1950184745475N12000794WA0134901408
B1950194745473N12000787WA0134901407
B1950204745470N12000780WA0134901406
B1950214745468N12000773WA0134901405
B1950224745465N12000766WA0134801406
B1950234745464N12000760WA0134801405
B1950244745462N12000754WA0134801404
B1950254745459N12000749WA0134801401
B1950264745455N12000744WA0134701399
B1950274745450N12000740WA0134701398
B1950284745445N12000737WA0134601398
B1950294745440N12000736WA0134601398
B1950304745435N12000735WA0134501399
B1950314745430N12000735WA0134501401
B1950324745424N12000737WA0134401403
B1950334745419N12000740WA0134401405
B1950344745415N12000743WA0134501408
B1950354745412N12000746WA0134501412
B1950364745410N12000748WA0134601416
B1950374745408N12000748WA0134701418
B1950384745406N12000746WA0134801418
B1950394745404N12000741WA0134901418
B1950404745404N12000734WA0135001417
B1950414745405N12000726WA0135101417
B1950424745410N12000718WA0135201418
B1950434745416N12000713WA0135301418
B1950444745423N12000710WA0135401418
B1950454745430N12000709WA0135401418
B1950464745437N12000712WA0135501418
B1950474745443N12000717WA0135601418
B1950484745447N12000724WA0135601419
B1950494745449N12000732WA0135701420
B1950504745450N12000742WA0135701421
B1950514745449N12000751WA0135801421
B1950524745446N12000759WA0135801422
B1950534745444N12000767WA0135901424
B1950544745442N12000773WA0136001427
B1950554745439N12000778WA0136101429
B1950564745437N12000783WA0136201431
B1950574745434N12000786WA0136301434
B1950584745431N12000786WA0136401435
B1950594745427N12000784WA0136501436
B1951004745424N12000778WA0136701436
B1951014745423N12000770WA0136801437
B1951024745425N12000762WA0136901439
B1951034745430N12000755WA0137001440
B1951044745438N12000753WA0137101439
B1951054745446N12000754WA0137201440
B1951064745453N12000759WA0137301442
B1951074745458N12000766WA0137401445
B1951084745461N12000775WA0137601447
B1951094745462N12000784WA0137701449
B1951104745462N12000793WA0137801451
B1951114745462N12000800WA0137901453
B1951124745460N12000806WA0138101455
B1951134745457N12000810WA0138201456
B1951144745453N12000811WA0138401457
B1951154745449N12000808WA0138501458
B1951164745448N12000802WA0138701459
B1951174745448N12000794WA0138801459
B1951184745452N12000787WA0138901460
B1951194745458N12000781WA0139001460
B1951204745465N12000779WA0139201463
B1951214745472N12000781WA0139301465
B1951224745478N12000787WA0139401468
B1951234745482N12000796WA0139501471
B1951244745483N12000805WA0139701472
B1951254745482N12000814WA0139801474
B1951264745480N12000821WA0140001475
B1951274745478N12000826WA0140101476
B1951284745474N12000828WA0140301477
B1951294745471N12000827WA0140401478
B1951304745468N12000824WA0140601478
B1951314745464N12000819WA0140701477
B1951324745462N12000812WA0140801477
B1951334745462N12000805WA0140901479
B1951344745463N12000797WA0141001480
B1951354745465N12000791WA0141101483
B1951364745468N12000785WA0141201485
B1951374745472N12000781WA0141301486
B1951384745478N12000777WA0141501486
B1951394745485N12000775WA0141601484
B1951404745493N12000776WA0141701484
B1951414745501N12000781WA0141701485
B1951424745506N12000789WA0141901489
B1951434745510N12000797WA0141901492
B1951444745511N12000804WA0142101496
B1951454745511N12000811WA0142201499
B1951464745510N12000818WA0142401500
B1951474745508N12000825WA0142601500
B1951484745506N12000831WA0142701500
B1951494745502N12000835WA0142801501
B1951504745497N12000836WA0143001502
B1951514745493N12000835WA0143101502
B1951524745490N12000832WA0143201503
B1951534745487N12000828WA0143301505
B1951544745487N12000823WA0143501507
B1951554745487N12000817WA0143601507
B1951564745488N12000811WA0143701507
B1951574745489N12000805WA0143801506
B1951584745492N12000798WA0143901505
B1951594745494N12000791WA0143901503
B1952004745499N12000784WA0144001501
B1952014745505N12000778WA0144001498
B1952024745512N12000776WA0144001496
B1952034745520N12000777WA0143901494
B1952044745527N12000781WA0143901493
B1952054745534N12000787WA0143801491
B1952064745541N12000795WA0143701489
B1952074745546N12000804WA0143701489
B1952084745550N12000813WA0143601489
B1952094745552N12000823WA0143601491
B1952104745552N12000833WA0143501493
B1952114745551N12000842WA0143501495
B1952124745549N12000850WA0143501496
B1952134745547N12000857WA0143501497
B1952144745545N12000864WA0143501498
B1952154745542N12000870WA0143601499
B1952164745538N12000874WA0143601500
B1952174745534N12000876WA0143601500
B1952184745530N12000877WA0143701500
B1952194745525N12000876WA0143701500
B1952204745520N12000875WA0143801500
B1952214745515N12000874WA0143801500
B1952224745511N12000872WA0143801500
B1952234745506N12000871WA0143801502
B1952244745502N12000870WA0143901503
B1952254745499N12000868WA0143901503
B1952264745497N12000866WA0144001503
B1952274745495N12000863WA0144001503
B1952284745493N12000861WA0144001503
B1952294745491N12000859WA0144001503
B1952304745489N12000857WA0144101502
B1952314745486N12000855WA0144101501
B1952324745483N12000851WA0144101501
B1952334745480N12000847WA0144101501
B1952344745478N12000843WA0144101502
B1952354745475N12000841WA0144101504
B1952364745471N12000839WA0144101504
B1952374745468N12000837WA0144101504
B1952384745465N12000834WA0144101503
B1952394745461N12000832WA0144101500
B1952404745458N12000829WA0144101498
B1952414745454N12000827WA0144101497
B1952424745450N12000825WA0144001495
B1952434745446N12000823WA0144001493
B1952444745442N12000821WA0143901490
B1952454745437N12000819WA0143801486
B1952464745432N12000817WA0143701484
B1952474745427N12000814WA0143601483
B1952484745424N12000811WA0143401484
B1952494745422N12000808WA0143301486
B1952504745420N12000806WA0143301488
B1952514745419N12000803WA0143201489
B1952524745417N12000801WA0143201488
B1952534745414N12000798WA0143201485
B1952544745411N12000793WA0143101482
B1952554745409N12000788WA0143001480
B1952564745407N12000780WA0142901479
B1952574745406N12000773WA0142801478
B1952584745406N12000765WA0142701478
B1952594745406N12000759WA0142701480
B1953004745406N12000754WA0142601481
B1953014745407N12000749WA0142601482
B1953024745408N12000743WA0142501482
B1953034745408N12000737WA0142501480
B1953044745409N12000731WA0142401479
B1953054745408N12000726WA0142401478
B1953064745406N12000722WA0142401478
B1953074745404N12000720WA0142301479
B1953084745403N12000717WA0142301480
B1953094745403N12000714WA0142301481
B1953104745402N12000710WA0142301480
B1953114745402N12000706WA0142301480
B1953124745401N12000700WA0142301479
B1953134745401N12000694WA0142301479
B1953144745400N12000689WA0142201481
B1953154745399N12000685WA0142201482
B1953164745398N12000682WA0142301483
B1953174745396N12000679WA0142301483
B1953184745393N12000676WA0142301484
B1953194745391N12000674WA0142301484
B1953204745390N12000670WA0142301485
B1953214745388N12000668WA0142301486
B1953224745386N12000667WA0142401487
B1953234745383N12000667WA0142401487
B1953244745380N12000669WA0142501486
B1953254745377N12000672WA0142501486
B1953264745374N12000674WA0142501486
B1953274745372N12000677WA0142501486
B1953284745369N12000681WA0142501485
B1953294745367N12000685WA0142501484
B1953304745364N12000690WA0142501482
B1953314745361N12000695WA0142501481
B1953324745358N12000700WA0142501481
B1953334745355N12000704WA0142401480
B1953344745352N12000709WA0142401480
B1953354745350N12000714WA0142301479
B1953364745348N12000719WA0142301480
B1953374745347N12000722WA0142301482
B1953384745345N12000725WA0142301483
B1953394745344N12000727WA0142301484
B1953404745342N12000731WA0142301483
B1953414745340N12000735WA0142301483
B1953424745338N12000739WA0142301482
B1953434745335N12000742WA0142301482
B1953444745333N12000745WA0142201482
B1953454745330N12000747WA0142301484
B1953464745328N12000750WA0142301486
B1953474745327N12000754WA0142301487
B1953484745325N12000758WA0142301488
B1953494745323N12000762WA0142401490
B1953504745320N12000766WA0142401492
B1953514745317N12000770WA0142501493
B1953524745315N12000775WA0142601494
B1953534745311N12000780WA0142701494
B1953544745307N12000785WA0142701494
B1953554745303N12000790WA0142801495
B1953564745300N12000795WA0142901496
B1953574745297N12000799WA0142901498
B1953584745295N12000804WA0143001500
B1953594745294N12000808WA0143101501
B1954004745293N12000814WA0143201502
B1954014745291N12000820WA0143301501
B1954024745290N12000828WA0143401500
B1954034745289N12000837WA0143401499
B1954044745290N12000847WA0143501498
B1954054745291N12000857WA0143501497
B1954064745294N12000869WA0143501496
B1954074745298N12000880WA0143501496
B1954084745301N12000891WA0143501496
B1954094745304N12000901WA0143501497
B1954104745305N12000911WA0143501498
B1954114745307N12000921WA0143501499
B1954124745308N12000930WA0143601499
B1954134745309N12000939WA0143601499
B1954144745311N12000948WA0143601499
B1954154745313N12000958WA0143601498
B1954164745316N12000968WA0143601497
B1954174745318N12000977WA0143601497
B1954184745320N12000986WA0143601496
B1954194745321N12000995WA0143601496
B1954204745320N12001004WA0143601495
B1954214745319N12001012WA0143501494
B1954224745317N12001018WA0143501492
B1954234745314N12001023WA0143501489
B1954244745310N12001027WA0143401487
B1954254745306N12001029WA0143301484
B1954264745302N12001031WA0143201482
B1954274745298N12001033WA0143101480
B1954284745294N12001036WA0142901479
B1954294745291N12001039WA0142801478
B1954304745287N12001041WA0142701478
B1954314745284N12001044WA0142601478
B1954324745281N12001046WA0142501477
B1954334745277N12001049WA0142401476
B1954344745273N12001051WA0142301474
B1954354745269N12001053WA0142201473
B1954364745265N12001055WA0142001472
B1954374745262N12001057WA0141901472
B1954384745258N12001059WA0141801471
B1954394745255N12001061WA0141701471
B1954404745252N12001062WA0141701471
B1954414745249N12001064WA0141601470
B1954424745246N12001065WA0141501469
B1954434745243N12001067WA0141401468
B1954444745240N12001069WA0141301468
B1954454745237N12001072WA0141301468
B1954464745234N12001075WA0141201468
B1954474745231N12001078WA0141201468
B1954484745229N12001081WA0141101469
B1954494745226N12001083WA0141101470
B1954504745224N12001084WA0141001470
B1954514745222N12001085WA0141001471
B1954524745220N12001087WA0141001472
B1954534745218N12001089WA0141001472
B1954544745215N12001091WA0141001473
B1954554745212N12001092WA0141001473
B1954564745210N12001094WA0141101473
B1954574745207N12001095WA0141101474
B1954584745205N12001096WA0141101475
B1954594745203N12001097WA0141101476
B1955004745202N12001099WA0141201476
B1955014745200N12001102WA0141201476
B1955024745197N12001107WA0141201475
B1955034745195N12001112WA0141201474
B1955044745192N12001117WA0141301475
B1955054745189N12001121WA0141301477
B1955064745188N12001125WA0141301479
B1955074745186N12001129WA0141301480
B1955084745184N12001134WA0141401480
B1955094745182N12001139WA0141401480
B1955104745180N12001145WA0141501480
B1955114745177N12001150WA0141501481
B1955124745174N12001156WA0141601482
B1955134745172N12001161WA0141601484
B1955144745170N12001166WA0141701486
B1955154745167N12001171WA0141801487
B1955164745165N12001176WA0141901488
B1955174745163N12001182WA0142001487
B1955184745160N12001188WA0142001487
B1955194745157N12001194WA0142101488
B1955204745153N12001200WA0142201490
B1955214745151N12001206WA0142201492
B1955224745149N12001212WA0142301494
B1955234745147N12001218WA0142401496
B1955244745145N12001224WA0142501496
B1955254745142N12001228WA0142601496
B1955264745139N12001233WA0142701496
B1955274745136N12001236WA0142801496
B1955284745133N12001240WA0142901496
B1955294745131N12001245WA0142901496
B1955304745128N12001249WA0143001497
B1955314745125N12001254WA0143101497
B1955324745123N12001259WA0143201497
B1955334745120N12001263WA0143201497
B1955344745117N12001268WA0143301497
B1955354745114N12001272WA0143301497
B1955364745111N12001277WA0143401499
B1955374745109N12001281WA0143401500
B1955384745106N12001286WA0143501500
B1955394745103N12001290WA0143501501
B1955404745100N12001294WA0143601501
B1955414745097N12001296WA0143601502
B1955424745094N12001299WA0143701504
B1955434745091N12001302WA0143801506
B1955444745088N12001304WA0143901508
B1955454745084N12001307WA0144001510
B1955464745081N12001310WA0144101512
B1955474745078N12001314WA0144201514
B1955484745076N12001317WA0144301516
B1955494745074N12001321WA0144401518
B1955504745071N12001324WA0144601519
B1955514745067N12001327WA0144701520
B1955524745063N12001330WA0144901520
B1955534745058N12001332WA0145001522
B1955544745054N12001334WA0145101524
B1955554745051N12001337WA0145201528
B1955564745049N12001340WA0145401531
B1955574745047N12001343WA0145601533
B1955584745045N12001345WA0145801534
B1955594745043N12001345WA0145901533
B1956004745040N12001343WA0146001531
B1956014745036N12001342WA0146101530
B1956024745032N12001340WA0146301529
B1956034745029N12001338WA0146301531
B1956044745026N12001336WA0146501534
B1956054745023N12001336WA0146601536
B1956064745021N12001336WA0146701537
B1956074745019N12001336WA0146801538
B1956084745016N12001335WA0146901537
B1956094745013N12001334WA0147001535
B1956104745008N12001333WA0147101535
B1956114745005N12001335WA0147201536
B1956124745003N12001337WA0147301539
B1956134745002N12001338WA0147301541
B1956144745001N12001340WA0147401543
B1956154745000N12001343WA0147501542
B1956164744998N12001347WA0147601542
B1956174744996N12001353WA0147701541
B1956184744994N12001358WA0147701542
B1956194744992N12001364WA0147801543
B1956204744991N12001369WA0147901545
B1956214744989N12001374WA0147901546
B1956224744987N12001379WA0148001547
B1956234744985N12001384WA0148101546
B1956244744983N12001389WA0148201545
B1956254744980N12001394WA0148201545
B1956264744977N12001398WA0148201544
B1956274744974N12001402WA0148301544
B1956284744971N12001405WA0148301544
B1956294744968N12001408WA0148301544
B1956304744965N12001411WA0148301543
B1956314744962N12001413WA0148301542
B1956324744958N12001416WA0148301540
B1956334744955N12001417WA0148301540
B1956344744952N12001418WA0148201540
B1956354744949N12001418WA0148201541
B1956364744947N12001418WA0148201542
B1956374744945N12001418WA0148201543
B1956384744943N12001418WA0148201543
B1956394744940N12001419WA0148201542
B1956404744936N12001420WA0148201541
B1956414744932N12001421WA0148201540
B1956424744927N12001421WA0148101542
B1956434744923N12001420WA0148101544
B1956444744919N12001418WA0148201547
B1956454744915N12001418WA0148201551
B1956464744912N12001419WA0148301554
B1956474744909N12001422WA0148401557
B1956484744907N12001427WA0148501559
B1956494744906N12001434WA0148601560
B1956504744908N12001442WA0148801562
B1956514744912N12001449WA0148901563
B1956524744918N12001453WA0149101565
B1956534744924N12001452WA0149201567
B1956544744931N12001449WA0149401568
B1956554744936N12001444WA0149501571
B1956564744940N12001438WA0149701574
B1956574744942N12001430WA0149901577
B1956584744941N12001422WA0150101580
B1956594744940N12001415WA0150201582
B1957004744938N12001408WA0150501585
B1957014744937N12001402WA0150701588
B1957024744936N12001397WA0150901591
B1957034744934N12001395WA0151101594
B1957044744932N12001394WA0151401594
B1957054744928N12001395WA0151501593
B1957064744925N12001399WA0151801593
B1957074744923N12001405WA0151901594
B1957084744923N12001414WA0152101595
B1957094744924N12001422WA0152201597
B1957104744926N12001431WA0152401600
B1957114744927N12001438WA0152501603
B1957124744928N12001444WA0152701606
B1957134744930N12001450WA0152901609
B1957144744934N12001457WA0153101610
B1957154744939N12001464WA0153201611
B1957164744946N12001470WA0153401612
B1957174744954N12001473WA0153601615
B1957184744961N12001472WA0153801619
B1957194744967N12001467WA0154001621
B1957204744971N12001459WA0154201621
B1957214744973N12001449WA0154401621
B1957224744972N12001442WA0154601622
B1957234744969N12001437WA0154701624
B1957244744965N12001436WA0154901625
B1957254744961N12001439WA0155001627
B1957264744958N12001443WA0155301630
B1957274744956N12001447WA0155401634
B1957284744954N12001451WA0155601637
B1957294744951N12001456WA0155801641
B1957304744950N12001463WA0156101644
B1957314744952N12001471WA0156201647
B1957324744956N12001480WA0156501650
B1957334744963N12001486WA0156701652
B1957344744971N12001488WA0157001654
B1957354744979N12001485WA0157201658
B1957364744985N12001478WA0157501661
B1957374744987N12001469WA0157801664
B1957384744986N12001461WA0158101666
B1957394744984N12001454WA0158301668
B1957404744982N12001449WA0158601672
B1957414744979N12001445WA0158801676
B1957424744977N12001442WA0159201681
B1957434744975N12001440WA0159401684
B1957444744972N12001442WA0159701687
B1957454744968N12001447WA0160001688
B1957464744966N12001454WA0160301690
B1957474744967N12001464WA0160601693
B1957484744969N12001472WA0160901699
B1957494744973N12001479WA0161101704
B1957504744979N12001483WA0161501708
B1957514744986N12001485WA0161701710
B1957524744994N12001483WA0162101712
B1957534745001N12001478WA0162301715
B1957544745006N12001472WA0162701718
B1957554745010N12001464WA0162901722
B1957564745010N12001457WA0163301727
B1957574745009N12001450WA0163601730
B1957584745007N12001444WA0163901732
B1957594745004N12001441WA0164201736
B1958004745000N12001439WA0164501739
B1958014744997N12001439WA0164801742
B1958024744994N12001442WA0165101745
B1958034744991N12001446WA0165401748
B1958044744989N12001451WA0165701752
B1958054744988N12001456WA0166001756
B1958064744988N12001461WA0166301759
B1958074744990N12001466WA0166601761
B1958084744992N12001473WA0167001762
B1958094744995N12001481WA0167201762
B1958104744999N12001489WA0167501763
B1958114745004N12001497WA0167701766
B1958124745010N12001501WA0168001768
B1958134745017N12001503WA0168201770
B1958144745025N12001502WA0168401770
B1958154745033N12001500WA0168601770
B1958164745040N12001496WA0168801772
B1958174745046N12001490WA0169001776
B1958184745049N12001483WA0169201780
B1958194745050N12001474WA0169401781
B1958204745049N12001466WA0169701782
B1958214745046N12001462WA0169801784
B1958224745042N12001460WA0170101786
B1958234745038N12001463WA0170301788
B1958244745035N12001469WA0170501791
B1958254745033N12001477WA0170701795
B1958264745034N12001485WA0171001799
B1958274745036N12001493WA0171201802
B1958284745041N12001499WA0171501805
B1958294745047N12001504WA0171701806
B1958304745054N12001507WA0172001806
B1958314745061N12001510WA0172101807
B1958324745068N12001511WA0172401808
B1958334745076N12001512WA0172501811
B1958344745083N12001512WA0172801814
B1958354745089N12001510WA0173001818
B1958364745096N12001506WA0173201820
B1958374745101N12001500WA0173401822
B1958384745106N12001492WA0173701823
B1958394745108N12001484WA0173801825
B1958404745109N12001476WA0174101828
B1958414745108N12001470WA0174301830
B1958424745105N12001466WA0174501832
B1958434745101N12001465WA0174701834
B1958444745097N12001468WA0175001836
B1958454745094N12001473WA0175101838
B1958464745092N12001480WA0175401841
B1958474745091N12001488WA0175601845
B1958484745092N12001496WA0175901848
B1958494745095N12001503WA0176101851
B1958504745100N12001509WA0176301853
B1958514745107N12001514WA0176501853
B1958524745114N12001519WA0176801853
B1958534745122N12001525WA0177001853
B1958544745130N12001529WA0177201856
B1958554745137N12001530WA0177301859
B1958564745144N12001527WA0177601862
B1958574745150N12001522WA0177701863
B1958584745155N12001514WA0178001864
B1958594745158N12001505WA0178101865
B1959004745159N12001497WA0178301867
B1959014745158N12001489WA0178501869
B1959024745155N12001482WA0178701871
B1959034745153N12001477WA0178801874
B1959044745150N12001474WA0179101877
B1959054745148N12001472WA0179301880
B1959064745145N12001473WA0179501883
B1959074745143N12001476WA0179701883
B1959084745140N12001483WA0180001884
B1959094745139N12001492WA0180101885
B1959104745140N12001500WA0180401889
B1959114745143N12001508WA0180601892
B1959124745149N12001513WA0180801893
B1959134745156N12001518WA0181001893
B1959144745163N12001522WA0181201894
B1959154745170N12001526WA0181301896
B1959164745177N12001529WA0181601898
B1959174745184N12001530WA0181701900
B1959184745190N12001528WA0181901901
B1959194745196N12001522WA0182101902
B1959204745200N12001515WA0182301903
B1959214745204N12001508WA0182401904
B1959224745206N12001500WA0182601906
B1959234745208N12001493WA0182701910
B1959244745209N12001485WA0182901913
B1959254745208N12001477WA0183101916
B1959264745207N12001470WA0183301919
B1959274745204N12001466WA0183501921
B1959284745200N12001464WA0183801923
B1959294745196N12001465WA0183901925
B1959304745193N12001468WA0184201928
B1959314745191N12001473WA0184401931
B1959324745190N12001479WA0184601933
B1959334745190N12001487WA0184801935
B1959344745190N12001496WA0185101937
B1959354745191N12001504WA0185201938
B1959364745193N12001512WA0185501940
B1959374745197N12001518WA0185701941
B1959384745203N12001524WA0185901941
B1959394745210N12001527WA0186001940
B1959404745217N12001530WA0186201939
B1959414745225N12001531WA0186301939
B1959424745232N12001532WA0186401940
B1959434745239N12001530WA0186501941
B1959444745246N12001525WA0186601942
B1959454745252N12001519WA0186701942
B1959464745258N12001513WA0186801944
B1959474745262N12001506WA0186901946
B1959484745266N12001500WA0187101949
B1959494745268N12001493WA0187201952
B1959504745270N12001484WA0187301953
B1959514745271N12001475WA0187401954
B1959524745270N12001468WA0187601957
B1959534745269N12001461WA0187701960
B1959544745267N12001456WA0187901962
B1959554745264N12001452WA0188001964
B1959564745262N12001447WA0188301966
B1959574745259N12001442WA0188401968
B1959584745257N12001438WA0188601970
B1959594745254N12001435WA0188801973
B2000004745251N12001434WA0189001975
B2000014745248N12001436WA0189101977
B2000024745245N12001438WA0189401979
B2000034745241N12001440WA0189501982
B2000044745238N12001441WA0189801985
B2000054745235N12001443WA0190001989
B2000064745232N12001444WA0190201992
B2000074745229N12001445WA0190401995
B2000084745226N12001446WA0190701998
B2000094745222N12001447WA0190902000
B2000104745219N12001449WA0191202003
B2000114745216N12001450WA0191402006
B2000124745213N12001451WA0191702008
B2000134745211N12001452WA0191902009
B2000144745208N12001453WA0192102009
B2000154745206N12001454WA0192302008
B2000164745203N12001455WA0192502006
B2000174745199N12001457WA0192602004
B2000184745195N12001458WA0192702002
B2000194745190N12001460WA0192802001
B2000204745186N12001461WA0192801999
B2000214745183N12001463WA0192801997
B2000224745179N12001464WA0192801995
B2000234745175N12001466WA0192801993
B2000244745172N12001468WA0192801991
B2000254745168N12001470WA0192701988
B2000264745165N12001472WA0192601986
B2000274745161N12001474WA0192501983
B2000284745157N12001476WA0192401981
B2000294745153N12001478WA0192301979
B2000304745149N12001479WA0192101978
B2000314745145N12001479WA0192001977
B2000324745142N12001479WA0191801975
B2000334745137N12001480WA0191701974
B2000344745133N12001481WA0191501972
B2000354745130N12001482WA0191401971
B2000364745126N12001485WA0191201969
B2000374745123N12001488WA0191101968
B2000384745120N12001490WA0191001966
B2000394745118N12001490WA0190801964
B2000404745116N12001491WA0190601960
B2000414745114N12001492WA0190501956
B2000424745112N12001495WA0190301950
B2000434745109N12001499WA0190101946
B2000444745107N12001503WA0189801943
B2000454745105N12001507WA0189601941
B2000464745103N12001511WA0189301940
B2000474745101N12001515WA0189101938
B2000484745100N12001519WA0188801935
B2000494745097N12001524WA0188601932
B2000504745094N12001529WA0188301929
B2000514745091N12001533WA0188101927
B2000524745088N12001537WA0187801925
B2000534745086N12001541WA0187601923
B2000544745084N12001544WA0187301921
B2000554745082N12001548WA0187201919
B2000564745079N12001552WA0186901915
B2000574745077N12001556WA0186701912
B2000584745074N12001560WA0186401909
B2000594745071N12001563WA0186201908
B2001004745069N12001566WA0185901906
B2001014745067N12001568WA0185701905
B2001024745065N12001571WA0185401903
B2001034745062N12001573WA0185201900
B2001044745060N12001575WA0184901896
B2001054745057N12001578WA0184801893
B2001064745054N12001580WA0184501891
B2001074745052N12001582WA0184301889
B2001084745049N12001583WA0184001887
B2001094745047N12001585WA0183801884
B2001104745044N12001587WA0183501881
B2001114745040N12001589WA0183301879
B2001124745037N12001591WA0183001877
B2001134745034N12001593WA0182801877
B2001144745033N12001595WA0182601878
B2001154745033N12001596WA0182401879
B2001164745033N12001598WA0182201879
B2001174745032N12001600WA0182101877
B2001184745030N12001602WA0182001874
B2001194745027N12001604WA0181801872
B2001204745025N12001606WA0181601870
B2001214745022N12001608WA0181501869
B2001224745021N12001611WA0181301868
B2001234745019N12001614WA0181201867
B2001244745017N12001618WA0181001866
B2001254745015N12001621WA0180901865
B2001264745013N12001624WA0180801865
B2001274745011N12001627WA0180701864
B2001284745008N12001631WA0180501863
B2001294745006N12001634WA0180401863
B2001304745003N12001638WA0180301862
B2001314745000N12001641WA0180201862
B2001324744997N12001644WA0180101861
B2001334744995N12001647WA0180001860
B2001344744992N12001650WA0179901859
B2001354744989N12001654WA0179901859
B2001364744986N12001656WA0179701859
B2001374744984N12001658WA0179701860
B2001384744982N12001660WA0179601861
B2001394744979N12001662WA0179601862
B2001404744977N12001665WA0179601863
B2001414744974N12001669WA0179601864
B2001424744972N12001672WA0179501865
B2001434744969N12001675WA0179501866
B2001444744966N12001678WA0179601867
B2001454744963N12001681WA0179601867
B2001464744961N12001684WA0179601869
B2001474744959N12001687WA0179701871
B2001484744956N12001690WA0179801872
B2001494744953N12001693WA0179801873
B2001504744950N12001697WA0179901874
B2001514744948N12001701WA0180001876
B2001524744946N12001703WA0180101878
B2001534744943N12001705WA0180101879
B2001544744940N12001707WA0180301879
B2001554744937N12001709WA0180301880
B2001564744934N12001713WA0180401880
B2001574744930N12001717WA0180501881
B2001584744927N12001721WA0180601883
B2001594744924N12001724WA0180701886
B2002004744921N12001727WA0180801888
B2002014744919N12001731WA0180901890
B2002024744916N12001735WA0181101892
B2002034744913N12001740WA0181201894
B2002044744911N12001745WA0181401895
B2002054744909N12001749WA0181501897
B2002064744907N12001752WA0181701898
B2002074744905N12001756WA0181801898
B2002084744902N12001759WA0181901896
B2002094744898N12001763WA0182001894
B2002104744894N12001767WA0182101891
B2002114744890N12001771WA0182101890
B2002124744887N12001774WA0182101890
B2002134744884N12001777WA0182101891
B2002144744882N12001780WA0182201891
B2002154744878N12001782WA0182201891
B2002164744874N12001784WA0182201890
B2002174744870N12001786WA0182201890
B2002184744866N12001788WA0182201891
B2002194744862N12001789WA0182201893
B2002204744859N12001791WA0182201896
B2002214744855N12001793WA0182301898
B2002224744850N12001796WA0182401899
B2002234744846N12001799WA0182401901
B2002244744841N12001802WA0182501904
B2002254744838N12001804WA0182601908
B2002264744835N12001806WA0182801911
B2002274744832N12001809WA0182901912
B2002284744828N12001812WA0183101913
B2002294744824N12001815WA0183201913
B2002304744819N12001818WA0183401914
B2002314744816N12001821WA0183501915
B2002324744813N12001825WA0183601916
B2002334744810N12001829WA0183701918
B2002344744807N12001832WA0183901920
B2002354744804N12001836WA0184001921
B2002364744800N12001839WA0184201922
B2002374744797N12001842WA0184301922
B2002384744793N12001846WA0184401923
B2002394744789N12001850WA0184501924
B2002404744786N12001853WA0184701925
B2002414744782N12001856WA0184701926
B2002424744778N12001859WA0184901927
B2002434744774N12001862WA0184901928
B2002444744769N12001865WA0185101928
B2002454744765N12001869WA0185101929
B2002464744761N12001873WA0185301931
B2002474744757N12001877WA0185301933
B2002484744754N12001880WA0185501936
B2002494744751N12001884WA0185601939
B2002504744748N12001887WA0185801940
B2002514744743N12001890WA0185901939
B2002524744738N12001894WA0186001937
B2002534744732N12001898WA0186001934
B2002544744726N12001902WA0186101933
B2002554744721N12001906WA0186101934
B2002564744716N12001911WA0186201934
B2002574744712N12001915WA0186201936
B2002584744709N12001918WA0186201935
B2002594744705N12001922WA0186201932
B2003004744701N12001926WA0186201929
B2003014744697N12001931WA0186201926
B2003024744693N12001936WA0186101923
B2003034744688N12001939WA0186101922
B2003044744684N12001942WA0186001921
B2003054744680N12001944WA0185901919
B2003064744676N12001947WA0185801916
B2003074744670N12001949WA0185701912
B2003084744665N12001952WA0185501909
B2003094744659N12001954WA0185401907
B2003104744653N12001955WA0185201906
B2003114744648N12001957WA0185101905
B2003124744643N12001959WA0184901905
B2003134744638N12001963WA0184801905
B2003144744632N12001969WA0184601906
B2003154744628N12001975WA0184601909
B2003164744623N12001982WA0184501914
B2003174744620N12001989WA0184501918
B2003184744618N12001996WA0184501924
B2003194744615N12002002WA0184601928
B2003204744613N12002007WA0184701931
B2003214744610N12002013WA0184901934
B2003224744607N12002018WA0185001937
B2003234744604N12002024WA0185201939
B2003244744600N12002030WA0185401941
B2003254744597N12002036WA0185501944
B2003264744594N12002041WA0185801946
B2003274744590N12002046WA0185901948
B2003284744585N12002051WA0186201950
B2003294744581N12002055WA0186301952
B2003304744578N12002060WA0186601953
B2003314744574N12002064WA0186701953
B2003324744570N12002070WA0186901952
B2003334744565N12002074WA0187001951
B2003344744561N12002078WA0187201952
B2003354744557N12002083WA0187301952
B2003364744553N12002087WA0187401953
B2003374744549N12002092WA0187501954
B2003384744545N12002097WA0187601954
B2003394744540N12002102WA0187701953
B2003404744536N12002106WA0187701954
B2003414744532N12002109WA0187801955
B2003424744529N12002112WA0187901955
B2003434744526N12002114WA0187901954
B2003444744522N12002116WA0188001952
B2003454744517N12002119WA0188001950
B2003464744513N12002122WA0188001948
B2003474744508N12002125WA0188001947
B2003484744503N12002128WA0188001947
B2003494744499N12002130WA0187901947
B2003504744495N12002133WA0187901946
B2003514744491N12002136WA0187901944
B2003524744486N12002140WA0187801942
B2003534744482N12002144WA0187801941
B2003544744478N12002148WA0187701941
B2003554744474N12002151WA0187601941
B2003564744470N12002153WA0187601941
B2003574744465N12002156WA0187501940
B2003584744461N12002159WA0187401940
B2003594744458N12002163WA0187401940
B2004004744455N12002167WA0187401941
B2004014744452N12002172WA0187301942
B2004024744449N12002176WA0187301943
B2004034744446N12002179WA0187301943
B2004044744443N12002181WA0187301943
B2004054744439N12002184WA0187301942
B2004064744435N12002188WA0187201941
B2004074744431N12002193WA0187201941
B2004084744427N12002198WA0187201941
B2004094744423N12002203WA0187201942
B2004104744420N12002206WA0187201944
B2004114744416N12002208WA0187201945
B2004124744413N12002210WA0187201946
B2004134744409N12002212WA0187201947
B2004144744406N12002215WA0187301947
B2004154744403N12002218WA0187301946
B2004164744399N12002221WA0187301946
B2004174744396N12002223WA0187301946
B2004184744393N12002226WA0187401946
B2004194744389N12002228WA0187401946
B2004204744386N12002231WA0187401945
B2004214744382N12002234WA0187401944
B2004224744378N12002237WA0187401944
B2004234744375N12002240WA0187401944
B2004244744372N12002243WA0187401944
B2004254744368N12002247WA0187401943
B2004264744364N12002250WA0187401942
B2004274744361N12002253WA0187301941
B2004284744357N12002257WA0187301940
B2004294744354N12002260WA0187301939
B2004304744350N12002263WA0187201939
B2004314744347N12002266WA0187201939
B2004324744343N12002269WA0187101937
B2004334744339N12002272WA0187101936
B2004344744335N12002275WA0187001935
B2004354744331N12002278WA0187001933
B2004364744328N12002282WA0186901931
B2004374744324N12002286WA0186801929
B2004384744319N12002290WA0186701926
B2004394744315N12002293WA0186601924
B2004404744311N12002295WA0186401923
B2004414744307N12002296WA0186301922
B2004424744303N12002298WA0186201920
B2004434744299N12002301WA0186101917
B2004444744294N12002304WA0185901914
B2004454744290N12002308WA0185701911
B2004464744286N12002311WA0185501909
B2004474744282N12002314WA0185401908
B2004484744279N12002317WA0185201906
B2004494744275N12002319WA0185001904
B2004504744271N12002322WA0184801900
B2004514744266N12002324WA0184601898
B2004524744261N12002327WA0184401896
B2004534744257N12002329WA0184201896
B2004544744253N12002331WA0184001895
B2004554744250N12002333WA0183901894
B2004564744245N12002336WA0183701892
B2004574744241N12002339WA0183501890
B2004584744236N12002343WA0183301888
B2004594744231N12002346WA0183201886
B2005004744227N12002349WA0183001885
B2005014744223N12002351WA0182801884
B2005024744219N12002354WA0182601883
B2005034744215N12002357WA0182501881
B2005044744210N12002360WA0182301879
B2005054744206N12002363WA0182201877
B2005064744202N12002367WA0182001874
B2005074744197N12002370WA0181801872
B2005084744193N12002373WA0181601870
B2005094744188N12002376WA0181501868
B2005104744184N12002379WA0181301866
B2005114744180N12002383WA0181101863
B2005124744175N12002386WA0180901860
B2005134744171N12002390WA0180701857
B2005144744166N12002393WA0180401855
B2005154744162N12002397WA0180201853
B2005164744158N12002401WA0180001850
B2005174744154N12002405WA0179801848
B2005184744150N12002409WA0179501845
B2005194744145N12002413WA0179401842
B2005204744140N12002416WA0179101840
B2005214744136N12002420WA0178901837
B2005224744131N12002423WA0178601836
B2005234744126N12002427WA0178401834
B2005244744122N12002430WA0178201832
B2005254744117N12002434WA0178001829
B2005264744113N12002437WA0177701827
B2005274744108N12002441WA0177601824
B2005284744103N12002444WA0177301822
B2005294744098N12002448WA0177101819
B2005304744093N12002452WA0176801817
B2005314744088N12002455WA0176701815
B2005324744083N12002459WA0176401813
B2005334744078N12002463WA0176201810
B2005344744073N12002467WA0175901808
B2005354744068N12002471WA0175701806
B2005364744063N12002475WA0175501805
B2005374744059N12002479WA0175301804
B2005384744055N12002483WA0175101803
B2005394744051N12002486WA0174901801
B2005404744046N12002490WA0174701798
B2005414744041N12002495WA0174601796
B2005424744036N12002499WA0174301793
B2005434744031N12002502WA0174201792
B2005444744026N12002506WA0173901790
B2005454744022N12002509WA0173801789
B2005464744018N12002511WA0173501787
B2005474744013N12002514WA0173401785
B2005484744009N12002517WA0173201782
B2005494744004N12002519WA0173001779
B2005504743999N12002522WA0172801776
B2005514743993N12002524WA0172601774
B2005524743988N12002526WA0172401772
B2005534743983N12002527WA0172201770
B2005544743978N12002528WA0171901768
B2005554743973N12002530WA0171801765
B2005564743968N12002532WA0171501762
B2005574743963N12002535WA0171301759
B2005584743957N12002538WA0171001756
B2005594743952N12002540WA0170901753
B2006004743948N12002542WA0170601751
B2006014743943N12002544WA0170401749
B2006024743938N12002546WA0170101746
B2006034743933N12002549WA0169901743
B2006044743928N12002552WA0169601741
B2006054743923N12002555WA0169401738
B2006064743918N12002559WA0169101736
B2006074743914N12002562WA0168901733
B2006084743909N12002567WA0168601730
B2006094743904N12002571WA0168401727
B2006104743898N12002575WA0168101725
B2006114743893N12002578WA0167901723
B2006124743887N12002582WA0167601721
B2006134743882N12002587WA0167401719
B2006144743877N12002592WA0167101717
B2006154743873N12002597WA0167001717
B2006164743869N12002602WA0166701716
B2006174743864N12002606WA0166501715
B2006184743859N12002610WA0166301714
B2006194743855N12002614WA0166101714
B2006204743850N12002617WA0166001713
B2006214743846N12002621WA0165801713
B2006224743842N12002624WA0165701713
B2006234743839N12002626WA0165601713
B2006244743835N12002629WA0165401713
B2006254743831N12002632WA0165401712
B2006264743827N12002636WA0165201710
B2006274743823N12002640WA0165201708
B2006284743819N12002644WA0165001707
B2006294743815N12002647WA0164901705
B2006304743811N12002651WA0164801704
B2006314743807N12002654WA0164701703
B2006324743803N12002657WA0164601702
B2006334743799N12002660WA0164501701
B2006344743795N12002664WA0164401699
B2006354743791N12002668WA0164301697
B2006364743786N12002672WA0164101696
B2006374743783N12002676WA0164001695
B2006384743779N12002679WA0163901695
B2006394743775N12002683WA0163801693
B2006404743770N12002686WA0163601691
B2006414743766N12002690WA0163501688
B2006424743761N12002694WA0163401686
B2006434743757N12002697WA0163201684
B2006444743753N12002700WA0163001682
B2006454743749N12002703WA0162901679
B2006464743744N12002706WA0162701675
B2006474743738N12002711WA0162501671
B2006484743733N12002715WA0162301668
B2006494743728N12002720WA0162101666
B2006504743724N12002724WA0161901665
B2006514743720N12002728WA0161701664
B2006524743715N12002732WA0161501662
B2006534743711N12002737WA0161301659
B2006544743706N12002742WA0161001655
B2006554743701N12002747WA0160901652
B2006564743697N12002752WA0160601650
B2006574743692N12002756WA0160401648
B2006584743688N12002761WA0160101646
B2006594743685N12002765WA0160001644
B2007004743680N12002770WA0159701641
B2007014743676N12002774WA0159501638
B2007024743672N12002778WA0159201635
B2007034743667N12002781WA0159001632
B2007044743663N12002785WA0158801631
B2007054743660N12002788WA0158601629
B2007064743656N12002792WA0158301627
B2007074743652N12002797WA0158101625
B2007084743648N12002801WA0157901622
B2007094743643N12002805WA0157701619
B2007104743639N12002809WA0157401616
B2007114743635N12002813WA0157201614
B2007124743631N12002817WA0156901611
B2007134743626N12002821WA0156701609
B2007144743622N12002825WA0156401606
B2007154743617N12002829WA0156301604
B2007164743613N12002833WA0156001602
B2007174743609N12002837WA0155801600
B2007184743604N12002840WA0155501598
B2007194743600N12002844WA0155301596
B2007204743596N12002847WA0155101593
B2007214743591N12002850WA0154901591
B2007224743587N12002854WA0154601589
B2007234743582N12002856WA0154401587
B2007244743577N12002858WA0154201586
B2007254743573N12002860WA0154001585
B2007264743569N12002861WA0153801584
B2007274743564N12002862WA0153601582
B2007284743560N12002864WA0153401580
B2007294743555N12002866WA0153301577
B2007304743551N12002868WA0153001575
B2007314743546N12002870WA0152901573
B2007324743542N12002871WA0152601571
B2007334743538N12002873WA0152401569
B2007344743534N12002874WA0152201567
B2007354743531N12002877WA0152001563
B2007364743528N12002879WA0151801560
B2007374743524N12002881WA0151601557
B2007384743520N12002883WA0151301553
B2007394743516N12002883WA0151101549
B2007404743511N12002885WA0150801545
B2007414743507N12002886WA0150601542
B2007424743502N12002888WA0150201539
B2007434743498N12002891WA0150001536
B2007444743494N12002893WA0149701533
B2007454743490N12002894WA0149501530
B2007464743486N12002895WA0149101526
B2007474743482N12002896WA0148901521
B2007484743477N12002897WA0148501517
B2007494743472N12002900WA0148201512
B2007504743467N12002904WA0147801508
B2007514743462N12002907WA0147501504
B2007524743457N12002911WA0147101502
B2007534743453N12002915WA0146801500
B2007544743449N12002918WA0146401497
B2007554743445N12002921WA0146101494
B2007564743440N12002925WA0145701490
B2007574743436N12002928WA0145501486
B2007584743431N12002932WA0145101483
B2007594743427N12002935WA0144801480
B2008004743423N12002938WA0144401477
B2008014743420N12002940WA0144201474
B2008024743416N12002943WA0143801471
B2008034743412N12002946WA0143501467
B2008044743408N12002949WA0143101463
B2008054743405N12002953WA0142901459
B2008064743401N12002958WA0142501456
B2008074743397N12002963WA0142201451
B2008084743394N12002969WA0141801447
B2008094743390N12002975WA0141501443
B2008104743386N12002980WA0141101440
B2008114743382N12002985WA0140801437
B2008124743379N12002989WA0140401435
B2008134743375N12002991WA0140101434
B2008144743371N12002993WA0139801432
B2008154743367N12002994WA0139501430
B2008164743363N12002996WA0139201427
B2008174743360N12002997WA0138901426
B2008184743357N12002999WA0138601424
B2008194743354N12003000WA0138401422
B2008204743350N12003001WA0138101419
B2008214743347N12003002WA0137901416
B2008224743342N12003004WA0137601414
B2008234743338N12003005WA0137301412
B2008244743334N12003006WA0137101410
B2008254743330N12003008WA0136901408
B2008264743326N12003009WA0136601407
B2008274743322N12003011WA0136401406
B2008284743318N12003013WA0136201405
B2008294743314N12003014WA0136001403
B2008304743310N12003016WA0135801400
B2008314743306N12003018WA0135601397
B2008324743302N12003019WA0135401396
B2008334743298N12003020WA0135201396
B2008344743295N12003021WA0135001396
B2008354743291N12003023WA0134901394
B2008364743288N12003024WA0134701393
B2008374743284N12003026WA0134601392
B2008384743280N12003028WA0134401391
B2008394743276N12003029WA0134301391
B2008404743271N12003032WA0134101390
B2008414743267N12003035WA0134001388
B2008424743263N12003039WA0133801388
B2008434743259N12003043WA0133701387
B2008444743254N12003047WA0133601386
B2008454743250N12003051WA0133501386
B2008464743245N12003055WA0133401385
B2008474743241N12003058WA0133301385
B2008484743236N12003061WA0133201385
B2008494743231N12003064WA0133101383
B2008504743226N12003067WA0133101382
B2008514743222N12003071WA0133001380
B2008524743217N12003074WA0132901378
B2008534743211N12003077WA0132801376
B2008544743206N12003080WA0132601374
B2008554743200N12003083WA0132501372
B2008564743195N12003085WA0132401370
B2008574743189N12003087WA0132301368
B2008584743183N12003088WA0132101367
B2008594743177N12003090WA0132001366
B2009004743171N12003092WA0131801366
B2009014743165N12003094WA0131701366
B2009024743160N12003096WA0131601367
B2009034743154N12003098WA0131501368
B2009044743149N12003099WA0131401370
B2009054743143N12003101WA0131401371
B2009064743138N12003102WA0131301372
B2009074743132N12003103WA0131301373
B2009084743127N12003104WA0131301374
B2009094743122N12003105WA0131301376
B2009104743118N12003107WA0131401378
B2009114743114N12003107WA0131401382
B2009124743111N12003107WA0131501386
B2009134743109N12003107WA0131601390
B2009144743107N12003106WA0131801392
B2009154743104N12003105WA0131901393
B2009164743101N12003105WA0132101394
B2009174743097N12003109WA0132201394
B2009184743094N12003117WA0132301395
B2009194743092N12003127WA0132401397
B2009204743094N12003137WA0132601399
B2009214743097N12003147WA0132701401
B2009224743103N12003155WA0132901404
B2009234743109N12003161WA0133001406
B2009244743117N12003164WA0133201408
B2009254743124N12003165WA0133401410
B2009264743131N12003163WA0133601413
B2009274743136N12003158WA0133701415
B2009284743140N12003152WA0133901416
B2009294743141N12003145WA0134101419
B2009304743141N12003139WA0134301422
B2009314743140N12003133WA0134501424
B2009324743139N12003127WA0134701426
B2009334743138N12003122WA0134901428
B2009344743135N12003118WA0135101431
B2009354743132N12003116WA0135301433
B2009364743129N12003115WA0135501435
B2009374743125N12003116WA0135701437
B2009384743121N12003117WA0135901439
B2009394743117N12003120WA0136101441
B2009404743113N12003124WA0136301443
B2009414743110N12003129WA0136501447
B2009424743108N12003135WA0136801451
B2009434743107N12003143WA0136901454
B2009444743107N12003151WA0137201458
B2009454743110N12003160WA0137401462
B2009464743114N12003168WA0137701465
B2009474743121N12003174WA0137901467
B2009484743128N12003178WA0138301470
B2009494743136N12003179WA0138501473
B2009504743142N12003176WA0138801477
B2009514743146N12003170WA0139101479
B2009524743148N12003163WA0139401481
B2009534743148N12003157WA0139601483
B2009544743146N12003153WA0139901485
B2009554743143N12003151WA0140201487
B2009564743139N12003152WA0140501489
B2009574743135N12003154WA0140701491
B2009584743131N12003159WA0140901494
B2009594743127N12003163WA0141101499
B2010004743125N12003168WA0141501504
B2010014743123N12003173WA0141701508
B2010024743122N12003179WA0142001512
B2010034743122N12003188WA0142301515
B2010044743124N12003199WA0142601517
B2010054743127N12003209WA0142901521
B2010064743133N12003219WA0143301526
B2010074743139N12003225WA0143501531
B2010084743146N12003231WA0143901536
B2010094743153N12003233WA0144201540
B2010104743160N12003233WA0144701544
B2010114743166N12003230WA0145001548
B2010124743170N12003224WA0145401551
B2010134743171N12003217WA0145701553
B2010144743168N12003212WA0146101556
B2010154743164N12003211WA0146401558
B2010164743159N12003212WA0146801562
B2010174743154N12003216WA0147101566
B2010184743150N12003220WA0147501572
B2010194743147N12003223WA0147801577
B2010204743145N12003226WA0148201583
B2010214743143N12003231WA0148601588
B2010224743142N12003237WA0149001593
B2010234743141N12003246WA0149401596
B2010244743143N12003255WA0149901599
B2010254743146N12003265WA0150201602
B2010264743151N12003273WA0150701606
B2010274743158N12003278WA0151001608
B2010284743166N12003280WA0151501612
B2010294743174N12003277WA0151801615
B2010304743180N12003273WA0152201619
B2010314743184N12003267WA0152501623
B2010324743187N12003261WA0153001628
B2010334743187N12003255WA0153301633
B2010344743186N12003250WA0153801636
B2010354743184N12003245WA0154101640
B2010364743181N12003241WA0154601644
B2010374743178N12003239WA0154901648
B2010384743175N12003239WA0155401653
B2010394743171N12003243WA0155701657
B2010404743168N12003250WA0156201659
B2010414743166N12003261WA0156501661
B2010424743166N12003274WA0156901664
B2010434743170N12003285WA0157201668
B2010444743176N12003293WA0157701673
B2010454743183N12003297WA0158001678
B2010464743191N12003296WA0158501681
B2010474743198N12003292WA0158801685
B2010484743203N12003286WA0159201689
B2010494743207N12003280WA0159501694
B2010504743211N12003275WA0160001699
B2010514743212N12003270WA0160301704
B2010524743212N12003265WA0160801707
B2010534743210N12003261WA0161201709
B2010544743208N12003257WA0161601712
B2010554743205N12003256WA0161901716
B2010564743201N12003256WA0162401719
B2010574743198N12003257WA0162701723
B2010584743194N12003259WA0163101727
B2010594743191N12003264WA0163401731
B2011004743188N12003271WA0163901735
B2011014743187N12003280WA0164201738
B2011024743187N12003291WA0164601740
B2011034743188N12003303WA0164801742
B2011044743191N12003315WA0165201745
B2011054743196N12003325WA0165501747
B2011064743202N12003335WA0165801750
B2011074743207N12003343WA0166101755
B2011084743214N12003349WA0166501761
B2011094743221N12003351WA0166701766
B2011104743229N12003350WA0167201769
B2011114743236N12003346WA0167501772
B2011124743241N12003339WA0167901775
B2011134743244N12003332WA0168201779
B2011144743243N12003326WA0168601784
B2011154743240N12003324WA0168901788
B2011164743236N12003325WA0169301792
B2011174743233N12003329WA0169601797
B2011184743230N12003334WA0170101801
B2011194743227N12003340WA0170401805
B2011204743225N12003347WA0170801809
B2011214743224N12003355WA0171101811
B2011224743223N12003366WA0171601814
B2011234743223N12003377WA0171901818
B2011244743226N12003387WA0172301822
B2011254743231N12003396WA0172601827
B2011264743237N12003403WA0173001831
B2011274743244N12003407WA0173301834
B2011284743252N12003409WA0173701837
B2011294743259N12003409WA0174001840
B2011304743266N12003407WA0174501844
B2011314743272N12003403WA0174701847
B2011324743277N12003398WA0175101849
B2011334743281N12003392WA0175401851
B2011344743284N12003385WA0175801854
B2011354743285N12003377WA0176001856
B2011364743286N12003371WA0176401859
B2011374743285N12003364WA0176701862
B2011384743285N12003359WA0177001866
B2011394743284N12003356WA0177301871
B2011404743282N12003355WA0177701875
B2011414743279N12003356WA0177901878
B2011424743276N12003360WA0178301880
B2011434743273N12003367WA0178601882
B2011444743271N12003375WA0179001885
B2011454743272N12003385WA0179201889
B2011464743275N12003395WA0179601892
B2011474743279N12003404WA0179801896
B2011484743285N12003410WA0180201899
B2011494743292N12003414WA0180401902
B2011504743300N12003416WA0180801905
B2011514743307N12003415WA0181101908
B2011524743315N12003413WA0181501910
B2011534743321N12003409WA0181701913
B2011544743327N12003403WA0182101914
B2011554743330N12003395WA0182301916
B2011564743332N12003387WA0182701918
B2011574743332N12003380WA0182901921
B2011584743331N12003374WA0183201924
B2011594743329N12003370WA0183401927
B2012004743327N12003366WA0183801930
B2012014743325N12003364WA0184001933
B2012024743322N12003365WA0184301937
B2012034743319N12003368WA0184601940
B2012044743316N12003374WA0184901942
B2012054743315N12003383WA0185101945
B2012064743315N12003392WA0185501948
B2012074743317N12003401WA0185701952
B2012084743322N12003410WA0186001955
B2012094743327N12003417WA0186301958
B2012104743334N12003422WA0186601960
B2012114743342N12003425WA0186901962
B2012124743350N12003425WA0187201965
B2012134743357N12003423WA0187401966
B2012144743364N12003419WA0187701968
B2012154743369N12003412WA0187901970
B2012164743373N12003405WA0188201973
B2012174743374N12003397WA0188401974
B2012184743373N12003390WA0188701977
B2012194743372N12003384WA0188901979
B2012204743370N12003379WA0189201982
B2012214743368N12003375WA0189401985
B2012224743366N12003372WA0189701988
B2012234743363N12003371WA0189901990
B2012244743360N12003374WA0190101992
B2012254743357N12003379WA0190301992
B2012264743355N12003386WA0190601994
B2012274743353N12003394WA0190701996
B2012284743352N12003403WA0191001999
B2012294743352N12003411WA0191202001
B2012304743352N12003420WA0191402005
B2012314743353N12003429WA0191602009
B2012324743356N12003437WA0191902013
B2012334743360N12003444WA0192102016
B2012344743367N12003449WA0192402019
B2012354743374N12003452WA0192602021
B2012364743382N12003451WA0192902022
B2012374743388N12003447WA0193102025
B2012384743393N12003440WA0193402027
B2012394743396N12003432WA0193602030
B2012404743397N12003424WA0193902031
B2012414743396N12003417WA0194102033
B2012424743394N12003411WA0194402035
B2012434743391N12003407WA0194602038
B2012444743388N12003404WA0194802040
B2012454743385N12003403WA0195002043
B2012464743381N12003403WA0195302045
B2012474743378N12003403WA0195502047
B2012484743374N12003405WA0195702049
B2012494743371N12003409WA0195902051
B2012504743368N12003414WA0196202053
B2012514743365N12003419WA0196402055
B2012524743362N12003423WA0196602057
B2012534743358N12003426WA0196802059
B2012544743355N12003428WA0197002061
B2012554743352N12003432WA0197202064
B2012564743349N12003436WA0197502066
B2012574743347N12003442WA0197702069
B2012584743345N12003448WA0197902071
B2012594743345N12003455WA0198102074
B2013004743345N12003463WA0198402077
B2013014743346N12003471WA0198602079
B2013024743349N12003480WA0198902082
B2013034743352N12003488WA0199102085
B2013044743358N12003494WA0199402088
B2013054743364N12003497WA0199602091
B2013064743371N12003497WA0199902092
B2013074743379N12003496WA0200102094
B2013084743386N12003493WA0200402096
B2013094743392N12003488WA0200602100
B2013104743395N12003482WA0200902104
B2013114743397N12003475WA0201102106
B2013124743397N12003468WA0201402107
B2013134743396N12003461WA0201602109
B2013144743393N12003457WA0201802111
B2013154743389N12003454WA0202002113
B2013164743385N12003454WA0202302116
B2013174743381N12003456WA0202502119
B2013184743378N12003459WA0202802121
B2013194743374N12003462WA0203002124
B2013204743370N12003464WA0203202126
B2013214743365N12003467WA0203402128
B2013224743361N12003469WA0203702131
B2013234743357N12003473WA0203902136
B2013244743357N12003479WA0204202140
B2013254743358N12003486WA0204502143
B2013264743363N12003494WA0204802144
B2013274743368N12003500WA0205002146
B2013284743375N12003504WA0205402151
B2013294743382N12003505WA0205602155
B2013304743389N12003502WA0206002159
B2013314743394N12003497WA0206202162
B2013324743399N12003490WA0206602164
B2013334743402N12003484WA0206802168
B2013344743404N12003477WA0207202171
B2013354743405N12003470WA0207402174
B2013364743404N12003463WA0207802176
B2013374743401N12003458WA0208002178
B2013384743398N12003454WA0208302180
B2013394743395N12003452WA0208602183
B2013404743392N12003452WA0208902186
B2013414743389N12003453WA0209102189
B2013424743385N12003454WA0209402192
B2013434743381N12003455WA0209702194
B2013444743377N12003454WA0210002196
B2013454743372N12003453WA0210202198
B2013464743368N12003452WA0210502203
B2013474743364N12003452WA0210702208
B2013484743360N12003452WA0211102213
B2013494743357N12003451WA0211302218
B2013504743353N12003450WA0211702221
B2013514743350N12003449WA0212002225
B2013524743346N12003449WA0212302227
B2013534743342N12003452WA0212602228
B2013544743338N12003459WA0213002229
B2013554743336N12003467WA0213202231
B2013564743335N12003476WA0213502234
B2013574743335N12003485WA0213702237
B2013584743335N12003493WA0214002241
B2013594743336N12003502WA0214302244
B2014004743338N12003510WA0214602246
B2014014743341N12003517WA0214802249
B2014024743344N12003524WA0215202252
B2014034743349N12003529WA0215402255
B2014044743355N12003533WA0215702258
B2014054743362N12003534WA0216002260
B2014064743369N12003532WA0216302262
B2014074743376N12003527WA0216502265
B2014084743382N12003522WA0216802270
B2014094743386N12003516WA0217002275
B2014104743388N12003509WA0217402281
B2014114743390N12003502WA0217702285
B2014124743391N12003494WA0218102288
B2014134743391N12003487WA0218402292
B2014144743390N12003481WA0218802296
B2014154743388N12003475WA0219102300
B2014164743385N12003470WA0219502303
B2014174743382N12003467WA0219802306
B2014184743377N12003466WA0220202308
B2014194743373N12003468WA0220402311
B2014204743369N12003471WA0220802313
B2014214743365N12003475WA0221102316
B2014224743362N12003480WA0221402319
B2014234743359N12003486WA0221702322
B2014244743356N12003493WA0222002325
B2014254743355N12003500WA0222302327
B2014264743353N12003508WA0222602329
B2014274743352N12003516WA0222802331
B2014284743351N12003524WA0223202333
B2014294743350N12003532WA0223402334
B2014304743349N12003539WA0223702336
B2014314743349N12003547WA0223902339
B2014324743349N12003555WA0224202341
B2014334743349N12003564WA0224402344
B2014344743349N12003572WA0224702346
B2014354743348N12003579WA0224902350
B2014364743348N12003587WA0225202354
B2014374743348N12003593WA0225402357
B2014384743348N12003601WA0225702360
B2014394743347N12003608WA0225902362
B2014404743347N12003616WA0226202364
B2014414743346N12003624WA0226402367
B2014424743344N12003632WA0226802369
B2014434743342N12003639WA0227002372
B2014444743341N12003645WA0227302375
B2014454743340N12003651WA0227502377
B2014464743339N12003656WA0227802379
B2014474743338N12003661WA0228002380
B2014484743337N12003667WA0228302380
B2014494743335N12003674WA0228402380
B2014504743333N12003682WA0228702380
B2014514743332N12003690WA0228802380
B2014524743329N12003698WA0229002381
B2014534743326N12003705WA0229102383
B2014544743323N12003712WA0229302385
B2014554743320N12003717WA0229402386
B2014564743317N12003722WA0229602388
B2014574743313N12003728WA0229702389
B2014584743309N12003733WA0229902390
B2014594743305N12003738WA0230002391
B2015004743302N12003743WA0230202393
B2015014743298N12003747WA0230302395
B2015024743295N12003750WA0230402397
B2015034743291N12003754WA0230602398
B2015044743288N12003757WA0230702398
B2015054743285N12003762WA0230802398
B2015064743281N12003766WA0231002397
B2015074743277N12003769WA0231002395
B2015084743272N12003772WA0231102394
B2015094743268N12003774WA0231202392
B2015104743264N12003776WA0231202391
B2015114743260N12003778WA0231202389
B2015124743256N12003780WA0231202387
B2015134743252N12003782WA0231202384
B2015144743247N12003783WA0231102381
B2015154743242N12003782WA0231002376
B2015164743236N12003781WA0230802372
B2015174743231N12003779WA0230702368
B2015184743225N12003777WA0230502366
B2015194743220N12003775WA0230402364
B2015204743215N12003773WA0230102362
B2015214743209N12003770WA0230002360
B2015224743204N12003767WA0229702359
B2015234743198N12003764WA0229602358
B2015244743192N12003761WA0229402357
B2015254743187N12003758WA0229202356
B2015264743181N12003755WA0229002354
B2015274743176N12003752WA0228902353
B2015284743171N12003749WA0228702351
B2015294743166N12003745WA0228502349
B2015304743161N12003741WA0228302345
B2015314743156N12003737WA0228202342
B2015324743151N12003732WA0227902339
B2015334743145N12003727WA0227802335
B2015344743140N12003722WA0227502333
B2015354743135N12003716WA0227302330
B2015364743130N12003711WA0227002328
B2015374743126N12003706WA0226802327
B2015384743122N12003701WA0226602324
B2015394743117N12003694WA0226402322
B2015404743113N12003688WA0226102320
B2015414743108N12003682WA0225902319
B2015424743104N12003676WA0225702318
B2015434743099N12003670WA0225502317
B2015444743094N12003664WA0225302316
B2015454743088N12003657WA0225202315
B2015464743083N12003651WA0224902313
B2015474743077N12003644WA0224802313
B2015484743072N12003637WA0224602312
B2015494743067N12003631WA0224502310
B2015504743062N12003625WA0224302307
B2015514743056N12003620WA0224202305
B2015524743050N12003614WA0224002302
B2015534743045N12003609WA0223802301
B2015544743040N12003603WA0223602299
B2015554743035N12003597WA0223502299
B2015564743030N12003591WA0223302299
B2015574743025N12003586WA0223102299
B2015584743021N12003580WA0223002299
B2015594743016N12003575WA0222902299
B2016004743012N12003569WA0222802299
B2016014743007N12003563WA0222702298
B2016024743003N12003557WA0222602297
B2016034742999N12003552WA0222502297
B2016044742994N12003547WA0222402296
B2016054742990N12003542WA0222302295
B2016064742984N12003537WA0222202293
B2016074742979N12003532WA0222102292
B2016084742973N12003527WA0222002291
B2016094742967N12003523WA0222002290
B2016104742961N12003519WA0221902290
B2016114742956N12003516WA0221802291
B2016124742951N12003514WA0221702291
B2016134742945N12003512WA0221702291
B2016144742940N12003511WA0221602291
B2016154742934N12003509WA0221602291
B2016164742928N12003507WA0221602292
B2016174742922N12003506WA0221502293
B2016184742917N12003505WA0221502294
B2016194742912N12003505WA0221502294
B2016204742908N12003506WA0221502294
B2016214742904N12003508WA0221502293
B2016224742900N12003510WA0221502292
B2016234742895N12003513WA0221502291
B2016244742890N12003516WA0221502289
B2016254742885N12003519WA0221502289
B2016264742882N12003524WA0221402289
B2016274742879N12003530WA0221402288
B2016284742878N12003537WA0221402287
B2016294742876N12003545WA0221302287
B2016304742876N12003552WA0221302287
B2016314742876N12003559WA0221302287
B2016324742876N12003566WA0221202286
B2016334742878N12003574WA0221202285
B2016344742880N12003581WA0221102285
B2016354742883N12003589WA0221102284
B2016364742885N12003596WA0221002283
B2016374742889N12003603WA0221002282
B2016384742892N12003609WA0220902282
B2016394742897N12003613WA0220902281
B2016404742902N12003616WA0220802280
B2016414742907N12003618WA0220802279
B2016424742913N12003620WA0220702278
B2016434742918N12003622WA0220702278
B2016444742924N12003623WA0220602277
B2016454742930N12003623WA0220602276
B2016464742936N12003621WA0220502276
B2016474742942N12003618WA0220502275
B2016484742947N12003615WA0220402273
B2016494742953N12003612WA0220302272
B2016504742958N12003609WA0220202272
B2016514742963N12003607WA0220202272
B2016524742967N12003605WA0220102273
B2016534742971N12003602WA0220102273
B2016544742975N12003599WA0220102274
B2016554742979N12003597WA0220002273
B2016564742983N12003594WA0220002272
B2016574742988N12003591WA0220002271
B2016584742992N12003588WA0219902269
B2016594742997N12003585WA0219902268
B2017004743001N12003582WA0219802267
B2017014743005N12003578WA0219802266
B2017024743008N12003574WA0219702265
B2017034743012N12003571WA0219602263
B2017044743016N12003568WA0219502260
B2017054743021N12003566WA0219402257
B2017064743026N12003563WA0219302255
B2017074743032N12003560WA0219202253
B2017084743037N12003558WA0219102252
B2017094743042N12003556WA0219002251
B2017104743048N12003554WA0218802250
B2017114743054N12003552WA0218702249
B2017124743059N12003550WA0218502248
B2017134743065N12003548WA0218402248
B2017144743069N12003546WA0218302247
B2017154743074N12003544WA0218202247
B2017164743079N12003543WA0218102245
B2017174743084N12003541WA0218002242
B2017184743090N12003537WA0217802239
B2017194743096N12003533WA0217702236
B2017204743101N12003527WA0217502235
B2017214743106N12003521WA0217402234
B2017224743111N12003515WA0217302233
B2017234743115N12003508WA0217102232
B2017244743120N12003501WA0217002231
B2017254743125N12003493WA0216802229
B2017264743129N12003485WA0216702227
B2017274743134N12003476WA0216602227
B2017284743138N12003468WA0216402227
B2017294743142N12003459WA0216302227
B2017304743146N12003450WA0216202226
B2017314743150N12003441WA0216102227
B2017324743154N12003433WA0216002228
B2017334743157N12003424WA0215902229
B2017344743161N12003416WA0215902230
B2017354743163N12003407WA0215902231
B2017364743165N12003397WA0215802232
B2017374743165N12003387WA0215802232
B2017384743164N12003376WA0215802233
B2017394743163N12003366WA0215802234
B2017404743161N12003356WA0215802236
B2017414743159N12003347WA0215902238
B2017424743155N12003339WA0215902240
B2017434743150N12003334WA0216002241
B2017444743144N12003331WA0216102242
B2017454743138N12003332WA0216102242
B2017464743133N12003336WA0216202243
B2017474743130N12003342WA0216302245
B2017484743129N12003349WA0216402247
B2017494743130N12003355WA0216402249
B2017504743132N12003359WA0216602251
B2017514743135N12003362WA0216702253
B2017524743139N12003364WA0216802254
B2017534743144N12003365WA0216902253
B2017544743149N12003366WA0217002252
B2017554743156N12003365WA0217102250
B2017564743162N12003364WA0217102249
B2017574743169N12003361WA0217202249
B2017584743175N12003357WA0217202250
B2017594743181N12003351WA0217302251
B2018004743185N12003343WA0217302252
B2018014743189N12003334WA0217402253
B2018024743193N12003325WA0217402253
B2018034743198N12003317WA0217502255
B2018044743202N12003309WA0217502255
B2018054743206N12003301WA0217602256
B2018064743210N12003291WA0217702257
B2018074743212N12003281WA0217802257
B2018084743213N12003270WA0217802258
B2018094743212N12003260WA0217902260
B2018104743209N12003251WA0218002261
B2018114743206N12003244WA0218102262
B2018124743203N12003237WA0218202264
B2018134743199N12003232WA0218202265
B2018144743195N12003227WA0218302266
B2018154743191N12003224WA0218402266
B2018164743186N12003222WA0218502266
B2018174743182N12003222WA0218602267
B2018184743178N12003222WA0218602268
B2018194743174N12003222WA0218702269
B2018204743170N12003223WA0218802269
B2018214743166N12003224WA0218802270
B2018224743162N12003226WA0218902270
B2018234743158N12003229WA0219002270
B2018244743154N12003232WA0219002271
B2018254743151N12003237WA0219102272
B2018264743149N12003243WA0219202272
B2018274743149N12003249WA0219202272
B2018284743149N12003255WA0219302273
B2018294743151N12003260WA0219302274
B2018304743155N12003262WA0219402275
B2018314743160N12003264WA0219502276
B2018324743165N12003263WA0219502276
B2018334743170N12003260WA0219602276
B2018344743175N12003254WA0219702276
B2018354743179N12003245WA0219702276
B2018364743182N12003235WA0219802276
B2018374743182N12003224WA0219802277
B2018384743181N12003213WA0219902278
B2018394743179N12003204WA0220002280
B2018404743176N12003195WA0220102282
B2018414743173N12003188WA0220102285
B2018424743169N12003183WA0220202286
B2018434743166N12003179WA0220302288
B2018444743162N12003177WA0220402288
B2018454743157N12003176WA0220502287
B2018464743152N12003178WA0220602286
B2018474743147N12003182WA0220702286
B2018484743144N12003186WA0220702287
B2018494743142N12003192WA0220802288
B2018504743140N12003198WA0220802288
B2018514743138N12003204WA0220902289
B2018524743137N12003209WA0220902289
B2018534743137N12003215WA0221002290
B2018544743138N12003220WA0221002290
B2018554743140N12003225WA0221002290
B2018564743143N12003230WA0221102290
B2018574743146N12003233WA0221102290
B2018584743149N12003236WA0221202290
B2018594743152N12003239WA0221202290
B2019004743156N12003241WA0221202291
B2019014743159N12003243WA0221302291
B2019024743164N12003244WA0221302290
B2019034743169N12003244WA0221302289
B2019044743174N12003245WA0221402288
B2019054743180N12003245WA0221402287
B2019064743185N12003246WA0221402287
B2019074743190N12003246WA0221402288
B2019084743195N12003245WA0221402288
B2019094743200N12003243WA0221402288
B2019104743205N12003240WA0221402288
B2019114743211N12003234WA0221402287
B2019124743217N12003228WA0221402287
B2019134743221N12003220WA0221402288
B2019144743224N12003210WA0221402290
B2019154743226N12003199WA0221402290
B2019164743226N12003189WA0221402291
B2019174743224N12003180WA0221502293
B2019184743221N12003172WA0221502294
B2019194743218N12003165WA0221602294
B2019204743213N12003160WA0221602295
B2019214743208N12003157WA0221702297
B2019224743202N12003157WA0221702298
B2019234743198N12003159WA0221802298
B2019244743194N12003162WA0221802299
B2019254743191N12003166WA0221902300
B2019264743188N12003170WA0222002301
B2019274743186N12003174WA0222002301
B2019284743185N12003179WA0222102301
B2019294743184N12003184WA0222102302
B2019304743184N12003189WA0222202301
B2019314743186N12003195WA0222202301
B2019324743188N12003199WA0222202300
B2019334743191N12003204WA0222202300
B2019344743194N12003207WA0222302300
B2019354743198N12003209WA0222302301
B2019364743202N12003211WA0222302301
B2019374743207N12003212WA0222302301
B2019384743212N12003213WA0222302301
B2019394743217N12003214WA0222402301
B2019404743222N12003215WA0222402302
B2019414743228N12003215WA0222402302
B2019424743234N12003213WA0222402303
B2019434743239N12003210WA0222502303
B2019444743244N12003205WA0222502303
B2019454743248N12003198WA0222502303
B2019464743252N12003191WA0222602303
B2019474743256N12003184WA0222602303
B2019484743260N12003177WA0222602302
B2019494743263N12003170WA0222602303
B2019504743265N12003162WA0222602304
B2019514743266N12003153WA0222702305
B2019524743266N12003144WA0222702305
B2019534743265N12003135WA0222702305
B2019544743263N12003126WA0222802304
B2019554743260N12003117WA0222802304
B2019564743257N12003110WA0222802304
B2019574743253N12003104WA0222802304
B2019584743249N12003100WA0222802304
B2019594743244N12003097WA0222802303
B2020004743240N12003096WA0222802302
B2020014743235N12003096WA0222802301
B2020024743231N12003098WA0222802301
B2020034743227N12003102WA0222802302
B2020044743224N12003106WA0222802302
B2020054743221N12003109WA0222702303
B2020064743217N12003111WA0222702303
B2020074743213N12003113WA0222702303
B2020084743209N12003113WA0222702304
B2020094743206N12003114WA0222702304
B2020104743202N12003115WA0222802304
B2020114743198N12003118WA0222802304
B2020124743195N12003121WA0222802304
B2020134743193N12003125WA0222802303
B2020144743192N12003130WA0222802303
B2020154743192N12003137WA0222802303
B2020164743193N12003143WA0222702303
B2020174743195N12003149WA0222702304
B2020184743199N12003153WA0222702305
B2020194743203N12003156WA0222702305
B2020204743208N12003159WA0222802305
B2020214743213N12003160WA0222802306
B2020224743217N12003159WA0222802307
B2020234743223N12003157WA0222802307
B2020244743228N12003153WA0222902307
B2020254743234N12003147WA0222902307
B2020264743238N12003140WA0222902307
B2020274743242N12003131WA0222902307
B2020284743244N12003121WA0223002306
B2020294743244N12003111WA0223002306
B2020304743243N12003101WA0223002307
B2020314743240N12003093WA0223002307
B2020324743237N12003085WA0223002307
B2020334743233N12003080WA0223102308
B2020344743229N12003077WA0223102309
B2020354743225N12003076WA0223102309
B2020364743220N12003077WA0223102309
B2020374743217N12003080WA0223102309
B2020384743213N12003083WA0223202309
B2020394743210N12003087WA0223202309
B2020404743207N12003092WA0223202309
B2020414743205N12003096WA0223202309
B2020424743202N12003101WA0223202309
B2020434743200N12003107WA0223202309
B2020444743200N12003113WA0223202309
B2020454743200N12003119WA0223202309
B2020464743202N12003126WA0223302308
B2020474743204N12003132WA0223202308
B2020484743208N12003137WA0223302308
B2020494743212N12003142WA0223202308
B2020504743217N12003146WA0223302308
B2020514743222N12003148WA0223302308
B2020524743227N12003148WA0223302309
B2020534743232N12003147WA0223302310
B2020544743237N12003145WA0223302309
B2020554743242N12003142WA0223302309
B2020564743247N12003139WA0223302307
B2020574743253N12003135WA0223302305
B2020584743258N12003130WA0223302304
B2020594743263N12003122WA0223302303
B2021004743267N12003113WA0223202303
B2021014743269N12003103WA0223202303
B2021024743271N12003093WA0223202303
B2021034743271N12003083WA0223102304
B2021044743271N12003074WA0223102304
B2021054743269N12003065WA0223102303
B2021064743267N12003056WA0223002303
B2021074743263N12003048WA0223002302
B2021084743259N12003041WA0223002301
B2021094743254N12003036WA0223002301
B2021104743248N12003032WA0222902300
B2021114743242N12003030WA0222902300
B2021124743237N12003031WA0222802298
B2021134743231N12003034WA0222802298
B2021144743227N12003038WA0222702298
B2021154743224N12003044WA0222702298
B2021164743222N12003050WA0222602298
B2021174743220N12003056WA0222602298
B2021184743218N12003063WA0222602299
B2021194743217N12003069WA0222502300
B2021204743216N12003075WA0222502300
B2021214743215N12003082WA0222502301
B2021224743214N12003088WA0222502301
B2021234743212N12003093WA0222502302
B2021244743212N12003098WA0222502302
B2021254743211N12003103WA0222602301
B2021264743211N12003109WA0222602301
B2021274743212N12003114WA0222602299
B2021284743214N12003120WA0222502298
B2021294743217N12003124WA0222502297
B2021304743221N12003129WA0222502296
B2021314743225N12003133WA0222502294
B2021324743229N12003138WA0222402293
B2021334743233N12003143WA0222302293
B2021344743236N12003148WA0222302293
B2021354743239N12003152WA0222302293
B2021364743242N12003156WA0222202293
B2021374743246N12003161WA0222202291
B2021384743249N12003166WA0222102289
B2021394743253N12003171WA0222102288
B2021404743257N12003176WA0222002286
B2021414743261N12003182WA0221902285
B2021424743264N12003187WA0221802285
B2021434743268N12003192WA0221802283
B2021444743271N12003197WA0221602282
B2021454743275N12003203WA0221602281
B2021464743278N12003208WA0221502279
B2021474743281N12003214WA0221402278
B2021484743284N12003220WA0221302277
B2021494743286N12003226WA0221202276
B2021504743288N12003232WA0221102275
B2021514743289N12003239WA0221002274
B2021524743291N12003246WA0220902272
B2021534743292N12003252WA0220802271
B2021544743294N12003259WA0220702270
B2021554743296N12003265WA0220602269
B2021564743297N12003271WA0220402269
B2021574743298N12003277WA0220402268
B2021584743299N12003283WA0220202266
B2021594743301N12003290WA0220102264
B2022004743303N12003297WA0220002263
B2022014743305N12003304WA0219902262
B2022024743308N12003311WA0219802261
B2022034743309N12003317WA0219702260
B2022044743311N12003324WA0219602260
B2022054743312N12003330WA0219502259
B2022064743314N12003337WA0219302257
B2022074743316N12003343WA0219302256
B2022084743318N12003350WA0219102254
B2022094743320N12003357WA0219002252
B2022104743321N12003364WA0218902250
B2022114743322N12003372WA0218802248
B2022124743323N12003379WA0218602247
B2022134743324N12003387WA0218502246
B2022144743326N12003393WA0218402245
B2022154743327N12003399WA0218302246
B2022164743327N12003405WA0218102246
B2022174743328N12003411WA0218102245
B2022184743328N12003417WA0218002244
B2022194743330N12003423WA0217902243
B2022204743331N12003429WA0217802242
B2022214743333N12003436WA0217702242
B2022224743335N12003443WA0217602241
B2022234743337N12003450WA0217502240
B2022244743338N12003457WA0217402240
B2022254743340N12003464WA0217302240
B2022264743341N12003470WA0217202241
B2022274743343N12003476WA0217202241
B2022284743346N12003482WA0217102242
B2022294743348N12003489WA0217102242
B2022304743352N12003494WA0217102241
B2022314743355N12003500WA0217002241
B2022324743359N12003505WA0217002242
B2022334743363N12003510WA0217002242
B2022344743366N12003515WA0217002243
B2022354743370N12003520WA0217002244
B2022364743373N12003525WA0217002246
B2022374743377N12003530WA0217002247
B2022384743381N12003535WA0217102248
B2022394743385N12003540WA0217102250
B2022404743391N12003543WA0217202251
B2022414743397N12003543WA0217302252
B2022424743402N12003542WA0217302253
B2022434743408N12003540WA0217402253
B2022444743414N12003540WA0217502257
B2022454743419N12003541WA0217602260
B2022464743424N12003543WA0217702263
B2022474743429N12003543WA0217802266
B2022484743434N12003541WA0218002268
B2022494743439N12003536WA0218202270
B2022504743444N12003530WA0218402272
B2022514743449N12003525WA0218502274
B2022524743454N12003520WA0218702278
B2022534743459N12003515WA0218902281
B2022544743463N12003509WA0219102284
B2022554743467N12003502WA0219302286
B2022564743470N12003494WA0219502288
B2022574743473N12003487WA0219702291
B2022584743476N12003479WA0219902294
B2022594743478N12003471WA0220102297
B2023004743478N12003462WA0220402300
B2023014743477N12003453WA0220602301
B2023024743474N12003445WA0220902302
B2023034743469N12003437WA0221002304
B2023044743464N12003431WA0221302307
B2023054743459N12003429WA0221502310
B2023064743454N12003431WA0221702312
B2023074743450N12003435WA0221902315
B2023084743448N12003442WA0222202318
B2023094743448N12003449WA0222402320
B2023104743449N12003456WA0222702322
B2023114743451N12003463WA0222802324
B2023124743454N12003468WA0223102326
B2023134743459N12003472WA0223302328
B2023144743465N12003475WA0223502329
B2023154743471N12003476WA0223702330
B2023164743478N12003476WA0223902332
B2023174743484N12003473WA0224102335
B2023184743489N12003468WA0224402338
B2023194743492N12003461WA0224502340
B2023204743496N12003453WA0224802343
B2023214743498N12003445WA0225002345
B2023224743501N12003436WA0225202347
B2023234743502N12003426WA0225402348
B2023244743503N12003417WA0225702350
B2023254743503N12003406WA0225802352
B2023264743502N12003396WA0226102354
B2023274743500N12003387WA0226202356
B2023284743498N12003377WA0226502359
B2023294743495N12003368WA0226602362
B2023304743493N12003360WA0226902366
B2023314743490N12003353WA0227102370
B2023324743488N12003346WA0227402374
B2023334743486N12003339WA0227602377
B2023344743484N12003332WA0227902379
B2023354743481N12003325WA0228102380
B2023364743477N12003318WA0228402382
B2023374743473N12003313WA0228602383
B2023384743469N12003309WA0228802385
B2023394743464N12003306WA0229002386
B2023404743459N12003305WA0229302387
B2023414743455N12003305WA0229402388
B2023424743450N12003305WA0229602390
B2023434743446N12003305WA0229802391
B2023444743441N12003305WA0230002392
B2023454743437N12003306WA0230102393
B2023464743433N12003308WA0230302394
B2023474743429N12003310WA0230402395
B2023484743425N12003312WA0230602396
B2023494743421N12003314WA0230702396
B2023504743417N12003315WA0230802397
B2023514743413N12003317WA0230902396
B2023524743410N12003321WA0231102396
B2023534743407N12003325WA0231102396
B2023544743404N12003329WA0231202396
B2023554743402N12003334WA0231202396
B2023564743400N12003338WA0231302396
B2023574743398N12003343WA0231302396
B2023584743396N12003348WA0231402395
B2023594743395N12003354WA0231402395
B2024004743395N12003360WA0231402394
B2024014743396N12003366WA0231502394
B2024024743396N12003372WA0231502393
B2024034743398N12003377WA0231502392
B2024044743400N12003383WA0231502391
B2024054743403N12003388WA0231502391
B2024064743406N12003393WA0231502390
B2024074743410N12003396WA0231402391
B2024084743415N12003398WA0231402391
B2024094743420N12003398WA0231402391
B2024104743425N12003397WA0231402391
B2024114743431N12003396WA0231402391
B2024124743437N12003394WA0231402391
B2024134743442N12003391WA0231402391
B2024144743447N12003388WA0231402391
B2024154743453N12003384WA0231402391
B2024164743458N12003379WA0231402391
B2024174743464N12003375WA0231402390
B2024184743469N12003370WA0231302390
B2024194743475N12003365WA0231302390
B2024204743480N12003360WA0231302391
B2024214743485N12003355WA0231302391
B2024224743491N12003350WA0231302392
B2024234743497N12003344WA0231402393
B2024244743502N12003338WA0231402395
B2024254743508N12003331WA0231402396
B2024264743512N12003324WA0231502399
B2024274743515N12003317WA0231502402
B2024284743517N12003309WA0231602405
B2024294743519N12003300WA0231702407
B2024304743519N12003291WA0231902408
B2024314743520N12003281WA0232002409
B2024324743520N12003272WA0232102410
B2024334743519N12003263WA0232202411
B2024344743517N12003254WA0232402411
B2024354743514N12003246WA0232402412
B2024364743511N12003239WA0232602412
B2024374743507N12003234WA0232602413
B2024384743503N12003230WA0232702413
B2024394743499N12003227WA0232802413
B2024404743494N12003224WA0232902414
B2024414743489N12003222WA0233002414
B2024424743485N12003220WA0233102415
B2024434743480N12003219WA0233102415
B2024444743476N12003218WA0233202416
B2024454743473N12003219WA0233302416
B2024464743469N12003222WA0233302415
B2024474743466N12003226WA0233402415
B2024484743464N12003231WA0233402414
B2024494743463N12003237WA0233402414
B2024504743463N12003243WA0233502414
B2024514743464N12003249WA0233502414
B2024524743466N12003255WA0233502414
B2024534743468N12003260WA0233502414
B2024544743472N12003264WA0233502413
B2024554743477N12003266WA0233502413
B2024564743482N12003268WA0233502412
B2024574743487N12003269WA0233502411
B2024584743493N12003270WA0233502411
B2024594743498N12003270WA0233502412
B2025004743504N12003268WA0233502412
B2025014743509N12003265WA0233502412
B2025024743515N12003261WA0233502413
B2025034743520N12003255WA0233502413
B2025044743525N12003250WA0233502413
B2025054743530N12003244WA0233502413
B2025064743535N12003238WA0233502413
B2025074743540N12003231WA0233502412
B2025084743545N12003223WA0233502412
B2025094743549N12003214WA0233502412
B2025104743551N12003205WA0233502412
B2025114743552N12003196WA0233502413
B2025124743551N12003188WA0233602414
B2025134743549N12003180WA0233602413
B2025144743547N12003172WA0233602411
B2025154743543N12003166WA0233602410
B2025164743539N12003161WA0233502410
B2025174743535N12003158WA0233502409
B2025184743530N12003157WA0233502409
B2025194743526N12003157WA0233502409
B2025204743522N12003159WA0233402408
B2025214743518N12003161WA0233402408
B2025224743514N12003164WA0233302407
B2025234743511N12003167WA0233302407
B2025244743508N12003170WA0233202406
B2025254743505N12003175WA0233202406
B2025264743504N12003180WA0233202406
B2025274743505N12003186WA0233102405
B2025284743507N12003193WA0233102404
B2025294743511N12003199WA0233102403
B2025304743515N12003204WA0233002403
B2025314743519N12003208WA0232902403
B2025324743523N12003212WA0232902403
B2025334743528N12003215WA0232902403
B2025344743533N12003218WA0232802403
B2025354743539N12003219WA0232802403
B2025364743544N12003220WA0232802402
B2025374743550N12003219WA0232702401
B2025384743557N12003215WA0232702400
B2025394743563N12003209WA0232702400
B2025404743567N12003201WA0232702401
B2025414743569N12003192WA0232702401
B2025424743570N12003182WA0232602401
B2025434743569N12003173WA0232602401
B2025444743568N12003164WA0232602401
B2025454743566N12003156WA0232602401
B2025464743563N12003149WA0232602401
B2025474743559N12003143WA0232602401
B2025484743555N12003139WA0232502400
B2025494743550N12003138WA0232502399
B2025504743546N12003137WA0232502399
B2025514743541N12003138WA0232402398
B2025524743537N12003140WA0232402397
B2025534743533N12003142WA0232402397
B2025544743530N12003146WA0232302397
B2025554743528N12003152WA0232302397
B2025564743528N12003159WA0232202395
B2025574743529N12003166WA0232202394
B2025584743531N12003173WA0232102394
B2025594743533N12003180WA0232102394
B2026004743535N12003186WA0232002394
B2026014743538N12003192WA0232002394
B2026024743542N12003197WA0231902394
B2026034743546N12003202WA0231902393
B2026044743550N12003206WA0231802393
B2026054743554N12003211WA0231802393
B2026064743558N12003215WA0231802393
B2026074743562N12003220WA0231702393
B2026084743566N12003223WA0231702394
B2026094743571N12003225WA0231702393
B2026104743577N12003225WA0231702393
B2026114743583N12003222WA0231702391
B2026124743589N12003217WA0231702389
B2026134743594N12003210WA0231602388
B2026144743598N12003202WA0231602388
B2026154743599N12003192WA0231502387
B2026164743599N12003182WA0231502386
B2026174743598N12003172WA0231402385
B2026184743596N12003163WA0231402384
B2026194743594N12003155WA0231302385
B2026204743591N12003147WA0231302385
B2026214743588N12003140WA0231202384
B2026224743585N12003132WA0231202384
B2026234743582N12003124WA0231102384
B2026244743578N12003118WA0231102385
B2026254743575N12003113WA0231002384
B2026264743570N12003109WA0231002384
B2026274743565N12003107WA0231002383
B2026284743561N12003104WA0230902382
B2026294743556N12003101WA0230902382
B2026304743551N12003099WA0230802381
B2026314743546N12003097WA0230802381
B2026324743542N12003096WA0230702380
B2026334743537N12003096WA0230602379
B2026344743532N12003098WA0230602378
B2026354743528N12003101WA0230502377
B2026364743524N12003104WA0230402376
B2026374743520N12003106WA0230402376
B2026384743516N12003107WA0230302375
B2026394743511N12003108WA0230202374
B2026404743507N12003109WA0230202372
B2026414743503N12003111WA0230102370
B2026424743499N12003114WA0230002367
B2026434743495N12003117WA0229902365
B2026444743491N12003119WA0229802364
B2026454743487N12003121WA0229602363
B2026464743483N12003124WA0229502361
B2026474743479N12003127WA0229402360
B2026484743477N12003131WA0229302358
B2026494743474N12003136WA0229102357
B2026504743471N12003140WA0229002355
B2026514743468N12003144WA0228802354
B2026524743465N12003148WA0228702354
B2026534743462N12003152WA0228602353
B2026544743460N12003156WA0228502352
B2026554743457N12003160WA0228302351
B2026564743455N12003164WA0228202350
B2026574743453N12003169WA0228102349
B2026584743451N12003175WA0228002347
B2026594743449N12003181WA0227802347
B2027004743448N12003186WA0227802346
B2027014743447N12003193WA0227602346
B2027024743446N12003199WA0227602346
B2027034743446N12003207WA0227402345
B2027044743446N12003215WA0227402343
B2027054743447N12003224WA0227202343
B2027064743448N12003232WA0227202343
B2027074743449N12003240WA0227102343
B2027084743450N12003247WA0227002343
B2027094743450N12003254WA0226902343
B2027104743451N12003261WA0226902343
B2027114743452N12003269WA0226802342
B2027124743454N12003276WA0226802341
B2027134743456N12003283WA0226702340
B2027144743459N12003289WA0226702339
B2027154743462N12003296WA0226602338
B2027164743465N12003303WA0226502337
B2027174743468N12003309WA0226502335
B2027184743471N12003316WA0226402333
B2027194743474N12003323WA0226302332
B2027204743478N12003328WA0226202330
B2027214743482N12003333WA0226102329
B2027224743487N12003336WA0226002329
B2027234743492N12003340WA0225902328
B2027244743496N12003344WA0225802327
B2027254743501N12003347WA0225702326
B2027264743505N12003352WA0225602326
B2027274743508N12003357WA0225502324
B2027284743512N12003364WA0225402322
B2027294743515N12003371WA0225302320
B2027304743518N12003377WA0225202319
B2027314743521N12003384WA0225102318
B2027324743524N12003390WA0225002317
B2027334743528N12003396WA0224902316
B2027344743531N12003402WA0224802315
B2027354743534N12003409WA0224702314
B2027364743537N12003416WA0224602313
B2027374743539N12003423WA0224502312
B2027384743540N12003430WA0224402312
B2027394743541N12003436WA0224302312
B2027404743541N12003443WA0224202312
B2027414743542N12003449WA0224102311
B2027424743543N12003456WA0224102310
B2027434743543N12003463WA0224002309
B2027444743544N12003469WA0223902308
B2027454743544N12003475WA0223802307
B2027464743545N12003481WA0223702306
B2027474743547N12003487WA0223602304
B2027484743549N12003493WA0223502302
B2027494743552N12003500WA0223402299
B2027504743555N12003506WA0223302296
B2027514743558N12003513WA0223202293
B2027524743561N12003521WA0223002291
B2027534743563N12003529WA0222802290
B2027544743564N12003536WA0222702289
B2027554743566N12003543WA0222602289
B2027564743568N12003550WA0222402288
B2027574743569N12003557WA0222302288
B2027584743570N12003564WA0222202287
B2027594743570N12003572WA0222002286
B2028004743570N12003580WA0222002285
B2028014743570N12003588WA0221802284
B2028024743569N12003596WA0221702284
B2028034743568N12003602WA0221602285
B2028044743565N12003607WA0221502285
B2028054743562N12003612WA0221502285
B2028064743558N12003615WA0221402285
B2028074743553N12003619WA0221302284
B2028084743547N12003621WA0221302282
B2028094743541N12003622WA0221202281
B2028104743535N12003622WA0221102281
B2028114743530N12003621WA0221002282
B2028124743525N12003620WA0221002282
B2028134743521N12003619WA0220902281
B2028144743516N12003618WA0220902279
B2028154743510N12003617WA0220802275
B2028164743503N12003615WA0220702272
B2028174743496N12003613WA0220502269
B2028184743490N12003610WA0220402269
B2028194743484N12003607WA0220302270
B2028204743479N12003604WA0220202270
B2028214743474N12003600WA0220102270
B2028224743468N12003597WA0220002269
B2028234743463N12003594WA0219902267
B2028244743458N12003591WA0219802266
B2028254743453N12003589WA0219702264
B2028264743448N12003588WA0219602262
B2028274743443N12003588WA0219402261
B2028284743438N12003589WA0219302259
B2028294743433N12003591WA0219202256
B2028304743428N12003593WA0219002253
B2028314743422N12003595WA0218802252
B2028324743417N12003597WA0218702251
B2028334743412N12003597WA0218502251
B2028344743407N12003597WA0218402250
B2028354743402N12003597WA0218302249
B2028364743397N12003597WA0218202247
B2028374743391N12003598WA0218002244
B2028384743386N12003599WA0217902242
B2028394743380N12003600WA0217702241
B2028404743374N12003600WA0217602240
B2028414743369N12003600WA0217402238
B2028424743363N12003600WA0217302235
B2028434743357N12003600WA0217102232
B2028444743351N12003601WA0216902230
B2028454743346N12003602WA0216702228
B2028464743342N12003602WA0216602228
B2028474743338N12003603WA0216402229
B2028484743335N12003603WA0216302230
B2028494743331N12003604WA0216102230
B2028504743328N12003606WA0216002229
B2028514743323N12003608WA0215902228
B2028524743319N12003611WA0215802228
B2028534743316N12003614WA0215702229
B2028544743314N12003617WA0215702229
B2028554743313N12003621WA0215602228
B2028564743311N12003625WA0215502226
B2028574743308N12003629WA0215402223
B2028584743304N12003632WA0215402220
B2028594743300N12003636WA0215202218
B2029004743297N12003639WA0215102217
B2029014743294N12003643WA0215002217
B2029024743292N12003647WA0214902216
B2029034743289N12003650WA0214802215
B2029044743287N12003654WA0214702213
B2029054743283N12003658WA0214502210
B2029064743280N12003662WA0214402208
B2029074743276N12003665WA0214202207
B2029084743273N12003668WA0214102206
B2029094743270N12003672WA0214002204
B2029104743267N12003675WA0213902202
B2029114743264N12003678WA0213702199
B2029124743260N12003682WA0213502195
B2029134743256N12003686WA0213302191
B2029144743252N12003689WA0213202188
B2029154743248N12003692WA0212902187
B2029164743244N12003694WA0212802185
B2029174743241N12003696WA0212502183
B2029184743238N12003698WA0212302180
B2029194743235N12003700WA0212102177
B2029204743232N12003703WA0211902175
B2029214743229N12003705WA0211602172
B2029224743226N12003708WA0211502169
B2029234743222N12003711WA0211202165
B2029244743218N12003714WA0211002162
B2029254743215N12003718WA0210702159
B2029264743211N12003721WA0210502156
B2029274743208N12003724WA0210102154
B2029284743205N12003727WA0209902152
B2029294743203N12003731WA0209602149
B2029304743200N12003734WA0209402145
B2029314743198N12003739WA0209102141
B2029324743195N12003744WA0208902137
B2029334743191N12003749WA0208502133
B2029344743188N12003754WA0208302130
B2029354743185N12003759WA0207902127
B2029364743182N12003764WA0207702125
B2029374743180N12003769WA0207302122
B2029384743178N12003775WA0207102120
B2029394743176N12003781WA0206702119
B2029404743174N12003787WA0206502118
B2029414743172N12003792WA0206202118
B2029424743170N12003798WA0206002118
B2029434743169N12003804WA0205802117
B2029444743167N12003810WA0205702116
B2029454743165N12003817WA0205402114
B2029464743163N12003825WA0205302112
B2029474743161N12003833WA0205102111
B2029484743158N12003840WA0204902109
B2029494743156N12003848WA0204702109
B2029504743154N12003855WA0204602109
B2029514743152N12003862WA0204402109
B2029524743151N12003868WA0204302108
B2029534743149N12003874WA0204202106
B2029544743146N12003880WA0204102104
B2029554743143N12003886WA0203902101
B2029564743140N12003892WA0203802098
B2029574743137N12003898WA0203602098
B2029584743134N12003905WA0203502098
B2029594743131N12003910WA0203302098
B2030004743128N12003914WA0203202098
B2030014743125N12003918WA0203102098
B2030024743122N12003921WA0203002097
B2030034743119N12003925WA0202802096
B2030044743117N12003930WA0202802095
B2030054743114N12003935WA0202602093
B2030064743111N12003941WA0202602092
B2030074743107N12003945WA0202402091
B2030084743104N12003949WA0202302091
B2030094743100N12003953WA0202202091
B2030104743097N12003957WA0202202091
B2030114743094N12003962WA0202102090
B2030124743091N12003966WA0202002088
B2030134743087N12003970WA0201902087
B2030144743082N12003972WA0201802085
B2030154743077N12003973WA0201702085
B2030164743072N12003973WA0201602084
B2030174743068N12003973WA0201502083
B2030184743064N12003973WA0201502083
B2030194743060N12003974WA0201402081
B2030204743055N12003975WA0201302079
B2030214743050N12003976WA0201202075
B2030224743044N12003976WA0201102071
B2030234743039N12003976WA0200902068
B2030244743033N12003976WA0200802066
B2030254743029N12003975WA0200602064
B2030264743025N12003974WA0200402063
B2030274743021N12003974WA0200202061
B2030284743017N12003975WA0200102059
B2030294743013N12003977WA0199902055
B2030304743008N12003978WA0199702051
B2030314743002N12003979WA0199402048
B2030324742997N12003979WA0199202044
B2030334742991N12003980WA0199002042
B2030344742986N12003981WA0198802040
B2030354742981N12003981WA0198502039
B2030364742977N12003980WA0198302037
B2030374742972N12003981WA0198002036
B2030384742968N12003982WA0197802034
B2030394742964N12003984WA0197602032
B2030404742960N12003987WA0197402028
B2030414742955N12003989WA0197102025
B2030424742951N12003990WA0197002022
B2030434742946N12003990WA0196702018
B2030444742942N12003990WA0196502014
B2030454742937N12003990WA0196102011
B2030464742932N12003991WA0195902008
B2030474742927N12003993WA0195602005
B2030484742921N12003995WA0195402003
B2030494742916N12003997WA0195002001
B2030504742911N12003999WA0194801999
B2030514742906N12004001WA0194501997
B2030524742902N12004003WA0194301994
B2030534742897N12004006WA0194001991
B2030544742892N12004008WA0193801988
B2030554742886N12004010WA0193401984
B2030564742881N12004012WA0193201981
B2030574742875N12004013WA0192901979
B2030584742870N12004014WA0192701976
B2030594742864N12004015WA0192401973
B2031004742858N12004016WA0192101970
B2031014742852N12004017WA0191801967
B2031024742846N12004018WA0191601965
B2031034742840N12004018WA0191301964
B2031044742835N12004018WA0191001963
B2031054742830N12004018WA0190801962
B2031064742826N12004017WA0190601961
B2031074742821N12004017WA0190301959
B2031084742817N12004016WA0190101956
B2031094742812N12004015WA0189901954
B2031104742807N12004013WA0189701952
B2031114742802N12004012WA0189501950
B2031124742798N12004012WA0189301949
B2031134742793N12004011WA0189101949
B2031144742788N12004011WA0189001948
B2031154742783N12004010WA0188801947
B2031164742779N12004009WA0188601946
B2031174742774N12004007WA0188501946
B2031184742769N12004006WA0188301945
B2031194742764N12004004WA0188201944
B2031204742759N12004002WA0188101943
B2031214742754N12003998WA0187901942
B2031224742750N12003993WA0187801940
B2031234742745N12003989WA0187701938
B2031244742741N12003985WA0187601939
B2031254742736N12003982WA0187501940
B2031264742732N12003979WA0187401942
B2031274742728N12003975WA0187401943
B2031284742723N12003971WA0187301945
B2031294742719N12003967WA0187301948
B2031304742714N12003964WA0187301950
B2031314742710N12003961WA0187401952
B2031324742705N12003959WA0187401953
B2031334742700N12003957WA0187501955
B2031344742695N12003954WA0187501957
B2031354742691N12003951WA0187601959
B2031364742686N12003947WA0187701960
B2031374742682N12003943WA0187801961
B2031384742678N12003939WA0187901962
B2031394742674N12003934WA0188001962
B2031404742669N12003929WA0188101963
B2031414742665N12003924WA0188201963
B2031424742661N12003919WA0188301963
B2031434742657N12003915WA0188401964
B2031444742653N12003910WA0188501965
B2031454742649N12003906WA0188601967
B2031464742645N12003902WA0188601968
B2031474742641N12003899WA0188801969
B2031484742637N12003897WA0188801970
B2031494742632N12003894WA0189001970
B2031504742628N12003892WA0189001970
B2031514742623N12003890WA0189101969
B2031524742618N12003888WA0189201970
B2031534742614N12003885WA0189301971
B2031544742609N12003882WA0189301973
B2031554742605N12003879WA0189401974
B2031564742600N12003876WA0189501975
B2031574742595N12003875WA0189601977
B2031584742590N12003874WA0189601978
B2031594742584N12003874WA0189801980
B2032004742579N12003875WA0189801982
B2032014742574N12003876WA0190001984
B2032024742570N12003877WA0190101986
B2032034742565N12003877WA0190201988
B2032044742561N12003878WA0190301990
B2032054742557N12003878WA0190501992
B2032064742552N12003879WA0190601994
B2032074742548N12003881WA0190801996
B2032084742543N12003883WA0190901999
B2032094742538N12003885WA0191102000
B2032104742533N12003887WA0191302001
B2032114742528N12003889WA0191502001
B2032124742523N12003892WA0191602001
B2032134742517N12003894WA0191802000
B2032144742512N12003896WA0191802000
B2032154742506N12003899WA0192002000
B2032164742500N12003901WA0192102000
B2032174742495N12003904WA0192102000
B2032184742489N12003906WA0192202000
B2032194742484N12003909WA0192301999
B2032204742478N12003912WA0192302000
B2032214742473N12003915WA0192402002
B2032224742469N12003920WA0192402005
B2032234742466N12003926WA0192602008
B2032244742463N12003932WA0192602010
B2032254742460N12003939WA0192802012
B2032264742456N12003946WA0192902013
B2032274742452N12003952WA0193002014
B2032284742448N12003958WA0193102015
B2032294742444N12003965WA0193302018
B2032304742440N12003971WA0193402020
B2032314742437N12003978WA0193602022
B2032324742434N12003985WA0193702023
B2032334742429N12003992WA0193902023
B2032344742425N12003999WA0194002022
B2032354742419N12004007WA0194102022
B2032364742414N12004014WA0194202022
B2032374742409N12004021WA0194302023
B2032384742403N12004027WA0194402025
B2032394742398N12004033WA0194502026
B2032404742392N12004039WA0194602027
B2032414742386N12004044WA0194702028
B2032424742381N12004050WA0194802029
B2032434742376N12004055WA0194902030
B2032444742370N12004061WA0195002030
B2032454742365N12004067WA0195102029
B2032464742359N12004072WA0195102028
B2032474742353N12004076WA0195202026
B2032484742347N12004080WA0195202024
B2032494742341N12004085WA0195202022
B2032504742335N12004090WA0195202019
B2032514742329N12004095WA0195202017
B2032524742323N12004101WA0195102014
B2032534742317N12004107WA0195002011
B2032544742311N12004112WA0194902008
B2032554742305N12004117WA0194702005
B2032564742299N12004120WA0194602003
B2032574742293N12004123WA0194402000
B2032584742288N12004124WA0194201997
B2032594742283N12004127WA0194001993
B2033004742278N12004129WA0193801989
B2033014742272N12004133WA0193501984
B2033024742265N12004137WA0193301978
B2033034742257N12004141WA0193001973
B2033044742250N12004144WA0192701971
B2033054742244N12004145WA0192401971
B2033064742240N12004146WA0192101972
B2033074742237N12004147WA0191901973
B2033084742235N12004148WA0191701972
B2033094742232N12004150WA0191401970
B2033104742230N12004153WA0191201966
B2033114742226N12004157WA0191001961
B2033124742222N12004159WA0190801957
B2033134742217N12004161WA0190501953
B2033144742212N12004162WA0190201950
B2033154742208N12004164WA0189901947
B2033164742204N12004166WA0189701945
B2033174742200N12004170WA0189401942
B2033184742196N12004174WA0189201938
B2033194742192N12004177WA0188801935
B2033204742188N12004179WA0188601934
B2033214742185N12004180WA0188301934
B2033224742183N12004182WA0188101933
B2033234742181N12004184WA0187801931
B2033244742178N12004187WA0187601928
B2033254742174N12004191WA0187301924
B2033264742170N12004195WA0187101919
B2033274742165N12004199WA0186801916
B2033284742160N12004202WA0186601915
B2033294742156N12004204WA0186301914
B2033304742153N12004206WA0186101913
B2033314742150N12004208WA0185801911
B2033324742146N12004210WA0185601907
B2033334742142N12004213WA0185301903
B2033344742137N12004216WA0185101897
B2033354742132N12004219WA0184701892
B2033364742127N12004222WA0184501888
B2033374742122N12004225WA0184101885
B2033384742117N12004228WA0183901881
B2033394742112N12004231WA0183501877
B2033404742106N12004234WA0183201872
B2033414742100N12004238WA0182801867
B2033424742094N12004241WA0182501862
B2033434742088N12004244WA0182101858
B2033444742082N12004247WA0181801854
B2033454742076N12004250WA0181301851
B2033464742070N12004253WA0181101848
B2033474742065N12004256WA0180601845
B2033484742059N12004259WA0180401841
B2033494742054N12004262WA0179901837
B2033504742048N12004265WA0179601833
B2033514742042N12004268WA0179201828
B2033524742036N12004270WA0178901824
B2033534742030N12004273WA0178501821
B2033544742023N12004275WA0178201819
B2033554742017N12004278WA0177801817
B2033564742011N12004282WA0177501815
B2033574742006N12004285WA0177101815
B2033584742001N12004287WA0176901814
B2033594741995N12004290WA0176601812
B2034004741989N12004293WA0176301811
B2034014741984N12004296WA0176101810
B2034024741978N12004300WA0175901809
B2034034741972N12004303WA0175601809
B2034044741966N12004307WA0175501808
B2034054741960N12004310WA0175201806
B2034064741953N12004313WA0175101805
B2034074741946N12004317WA0174901805
B2034084741940N12004319WA0174801806
B2034094741935N12004321WA0174701807
B2034104741929N12004323WA0174601808
B2034114741924N12004326WA0174501808
B2034124741918N12004329WA0174401808
B2034134741912N12004332WA0174301808
B2034144741907N12004336WA0174301808
B2034154741901N12004339WA0174201808
B2034164741895N12004341WA0174201809
B2034174741890N12004344WA0174201811
B2034184741886N12004346WA0174201812
B2034194741882N12004349WA0174201813
B2034204741878N12004351WA0174201812
B2034214741873N12004353WA0174201811
B2034224741868N12004356WA0174201810
B2034234741864N12004359WA0174101809
B2034244741859N12004363WA0174101808
B2034254741854N12004368WA0174101806
B2034264741849N12004372WA0174001805
B2034274741843N12004376WA0174001804
B2034284741838N12004379WA0173901804
B2034294741832N12004383WA0173901804
B2034304741827N12004386WA0173801804
B2034314741822N12004390WA0173801804
B2034324741816N12004394WA0173701803
B2034334741810N12004398WA0173701802
B2034344741804N12004402WA0173601801
B2034354741798N12004406WA0173501801
B2034364741792N12004410WA0173501800
B2034374741786N12004415WA0173401799
B2034384741780N12004419WA0173401797
B2034394741773N12004424WA0173301796
B2034404741767N12004428WA0173201795
B2034414741761N12004432WA0173101794
B2034424741755N12004436WA0173101794
B2034434741749N12004440WA0173001794
B2034444741744N12004444WA0172901794
B2034454741739N12004448WA0172901795
B2034464741735N12004452WA0172901797
B2034474741730N12004456WA0172801799
B2034484741726N12004460WA0172801800
B2034494741721N12004464WA0172801801
B2034504741717N12004469WA0172801802
B2034514741712N12004474WA0172901803
B2034524741707N12004479WA0172901804
B2034534741702N12004484WA0172901806
B2034544741698N12004489WA0173001807
B2034554741693N12004494WA0173101809
B2034564741689N12004499WA0173101811
B2034574741684N12004504WA0173201813
B2034584741679N12004509WA0173301814
B2034594741675N12004513WA0173401817
B2035004741671N12004519WA0173501819
B2035014741667N12004524WA0173701821
B2035024741663N12004530WA0173801822
B2035034741658N12004536WA0174001823
B2035044741653N12004541WA0174101824
B2035054741648N12004546WA0174201826
B2035064741643N12004551WA0174401827
B2035074741637N12004556WA0174501829
B2035084741633N12004561WA0174601831
B2035094741628N12004566WA0174801833
B2035104741623N12004571WA0174901836
B2035114741618N12004576WA0175101838
B2035124741613N12004581WA0175201841
B2035134741608N12004585WA0175501845
B2035144741603N12004589WA0175601848
B2035154741599N12004593WA0175901851
B2035164741595N12004598WA0176001854
B2035174741591N12004603WA0176301858
B2035184741589N12004608WA0176501863
B2035194741587N12004613WA0176801866
B2035204741587N12004618WA0177001869
B2035214741585N12004625WA0177301871
B2035224741583N12004632WA0177601872
B2035234741579N12004638WA0177901874
B2035244741575N12004643WA0178101876
B2035254741571N12004648WA0178401878
B2035264741567N12004652WA0178601880
B2035274741562N12004656WA0178901882
B2035284741557N12004659WA0179101883
B2035294741552N12004662WA0179401884
B2035304741547N12004664WA0179601884
B2035314741541N12004667WA0179801885
B2035324741536N12004672WA0179901886
B2035334741531N12004677WA0180201887
B2035344741525N12004683WA0180301888
B2035354741520N12004687WA0180501889
B2035364741515N12004692WA0180601890
B2035374741510N12004695WA0180801892
B2035384741505N12004698WA0180901892
B2035394741499N12004701WA0181101892
B2035404741494N12004705WA0181201893
B2035414741488N12004708WA0181301893
B2035424741483N12004712WA0181401894
B2035434741478N12004715WA0181501894
B2035444741473N12004719WA0181601894
B2035454741467N12004723WA0181701894
B2035464741462N12004725WA0181701893
B2035474741456N12004728WA0181801894
B2035484741450N12004730WA0181801895
B2035494741445N12004732WA0181901895
B2035504741440N12004735WA0181901896
B2035514741434N12004737WA0182001895
B2035524741428N12004740WA0182001894
B2035534741422N12004742WA0182001892
B2035544741415N12004743WA0182001891
B2035554741410N12004744WA0182001891
B2035564741404N12004745WA0182001890
B2035574741399N12004746WA0182001889
B2035584741393N12004748WA0182001886
B2035594741387N12004750WA0181901883
B2036004741380N12004752WA0181901879
B2036014741374N12004754WA0181701877
B2036024741367N12004756WA0181601875
B2036034741360N12004758WA0181501873
B2036044741353N12004760WA0181301871
B2036054741347N12004763WA0181101868
B2036064741340N12004765WA0181001866
B2036074741333N12004766WA0180801865
B2036084741327N12004768WA0180701862
B2036094741321N12004770WA0180401859
B2036104741313N12004772WA0180301856
B2036114741306N12004774WA0180001852
B2036124741298N12004776WA0179901848
B2036134741291N12004779WA0179601845
B2036144741283N12004782WA0179401843
B2036154741276N12004785WA0179101841
B2036164741269N12004788WA0178901839
B2036174741262N12004790WA0178601838
B2036184741256N12004792WA0178501836
B2036194741250N12004794WA0178201835
B2036204741243N12004797WA0178001832
B2036214741237N12004800WA0177801830
B2036224741231N12004805WA0177601828
B2036234741225N12004808WA0177301825
B2036244741219N12004812WA0177201823
B2036254741213N12004814WA0176901820
B2036264741206N12004817WA0176701818
B2036274741200N12004819WA0176501815
B2036284741194N12004822WA0176301812
B2036294741188N12004824WA0176001809
B2036304741182N12004827WA0175801806
B2036314741176N12004830WA0175501803
B2036324741169N12004833WA0175301800
B2036334741163N12004836WA0175001797
B2036344741157N12004839WA0174801793
B2036354741150N12004841WA0174501790
B2036364741144N12004843WA0174301787
B2036374741138N12004845WA0173901783
B2036384741131N12004847WA0173701779
B2036394741125N12004848WA0173301775
B2036404741119N12004850WA0173101772
B2036414741112N12004851WA0172701768
B2036424741106N12004852WA0172501764
B2036434741099N12004852WA0172101760
B2036444741093N12004852WA0171801757
B2036454741086N12004852WA0171401753
B2036464741080N12004852WA0171201750
B2036474741073N12004851WA0170801746
B2036484741067N12004851WA0170501743
B2036494741062N12004851WA0170101740
B2036504741056N12004850WA0169901736
B2036514741049N12004850WA0169501732
B2036524741043N12004850WA0169201727
B2036534741036N12004851WA0168801722
B2036544741028N12004851WA0168501717
B2036554741021N12004852WA0168001713
B2036564741014N12004852WA0167701709
B2036574741007N12004852WA0167301706
B2036584741000N12004853WA0167001704
B2036594740994N12004853WA0166501701
B2037004740988N12004853WA0166201698
B2037014740982N12004854WA0165801695
B2037024740976N12004855WA0165601691
B2037034740969N12004856WA0165101687
B2037044740963N12004857WA0164901683
B2037054740956N12004858WA0164501680
B2037064740949N12004860WA0164201677
B2037074740943N12004861WA0163801674
B2037084740937N12004862WA0163501671
B2037094740931N12004863WA0163101667
B2037104740924N12004864WA0162801663
B2037114740918N12004866WA0162401659
B2037124740913N12004867WA0162101654
B2037134740907N12004869WA0161701650
B2037144740901N12004871WA0161401645
B2037154740895N12004874WA0160901640
B2037164740888N12004877WA0160601635
B2037174740882N12004881WA0160201630
B2037184740876N12004885WA0159801626
B2037194740870N12004890WA0159401624
B2037204740864N12004893WA0159101623
B2037214740859N12004895WA0158701626
B2037224740855N12004896WA0158401628
B2037234740851N12004897WA0158201630
B2037244740846N12004899WA0158001631
B2037254740841N12004902WA0157801631
B2037264740836N12004905WA0157601630
B2037274740831N12004908WA0157501629
B2037284740826N12004911WA0157401629
B2037294740821N12004913WA0157301628
B2037304740816N12004916WA0157201628
B2037314740812N12004920WA0157001628
B2037324740808N12004924WA0157001628
B2037334740804N12004928WA0156901627
B2037344740799N12004933WA0156801625
B2037354740794N12004937WA0156701624
B2037364740789N12004941WA0156601623
B2037374740783N12004944WA0156501622
B2037384740777N12004948WA0156401621
B2037394740771N12004950WA0156301621
B2037404740765N12004953WA0156201620
B2037414740759N12004956WA0156101620
B2037424740754N12004960WA0156001618
B2037434740749N12004964WA0155901617
B2037444740744N12004969WA0155901616
B2037454740739N12004973WA0155801614
B2037464740733N12004977WA0155701611
B2037474740728N12004981WA0155501609
B2037484740724N12004986WA0155401608
B2037494740720N12004991WA0155201608
B2037504740717N12004997WA0155101609
B2037514740714N12005002WA0155001608
B2037524740711N12005008WA0154901607
B2037534740708N12005014WA0154801607
B2037544740704N12005019WA0154701607
B2037554740700N12005023WA0154701607
B2037564740696N12005027WA0154601608
B2037574740692N12005031WA0154501608
B2037584740688N12005036WA0154501608
B2037594740685N12005041WA0154401607
B2038004740681N12005045WA0154401606
B2038014740676N12005050WA0154401605
B2038024740672N12005054WA0154301605
B2038034740668N12005058WA0154201604
B2038044740663N12005062WA0154201603
B2038054740658N12005067WA0154101601
B2038064740653N12005071WA0154101601
B2038074740648N12005075WA0154001600
B2038084740644N12005079WA0153901599
B2038094740639N12005083WA0153901598
B2038104740634N12005087WA0153801597
B2038114740629N12005091WA0153701595
B2038124740624N12005096WA0153601594
B2038134740619N12005101WA0153501594
B2038144740614N12005105WA0153501595
B2038154740609N12005109WA0153401595
B2038164740605N12005114WA0153301596
B2038174740601N12005119WA0153301596
B2038184740598N12005123WA0153201596
B2038194740593N12005128WA0153201596
B2038204740589N12005133WA0153101595
B2038214740585N12005138WA0153101595
B2038224740580N12005142WA0153101593
B2038234740575N12005147WA0153001592
B2038244740570N12005152WA0153001591
B2038254740565N12005157WA0152901591
B2038264740561N12005162WA0152901591
B2038274740557N12005167WA0152801590
B2038284740553N12005172WA0152801589
B2038294740549N12005176WA0152701588
B2038304740545N12005181WA0152701586
B2038314740540N12005187WA0152601584
B2038324740536N12005192WA0152501582
B2038334740530N12005197WA0152401581
B2038344740525N12005203WA0152301579
B2038354740520N12005209WA0152201578
B2038364740515N12005215WA0152101576
B2038374740510N12005221WA0152001575
B2038384740505N12005228WA0151901574
B2038394740500N12005233WA0151701572
B2038404740495N12005239WA0151601571
B2038414740489N12005244WA0151501569
B2038424740484N12005250WA0151401567
B2038434740478N12005256WA0151201565
B2038444740472N12005262WA0151101563
B2038454740466N12005268WA0151001561
B2038464740460N12005274WA0150901559
B2038474740454N12005281WA0150701557
B2038484740448N12005287WA0150501556
B2038494740442N12005294WA0150401555
B2038504740437N12005300WA0150201554
B2038514740432N12005305WA0150101553
B2038524740427N12005310WA0150001552
B2038534740421N12005315WA0149801549
B2038544740415N12005320WA0149701547
B2038554740409N12005326WA0149501545
B2038564740403N12005332WA0149301543
B2038574740398N12005338WA0149101542
B2038584740392N12005343WA0149001542
B2038594740387N12005349WA0148801541
B2039004740382N12005356WA0148701542
B2039014740378N12005363WA0148601543
B2039024740374N12005370WA0148501543
B2039034740370N12005376WA0148401543
B2039044740366N12005381WA0148401543
B2039054740361N12005387WA0148301541
B2039064740355N12005392WA0148201540
B2039074740350N12005397WA0148201539
B2039084740345N12005402WA0148101539
B2039094740342N12005407WA0148001540
B2039104740339N12005412WA0148001541
B2039114740336N12005416WA0147901540
B2039124740332N12005421WA0147901537
B2039134740328N12005427WA0147801534
B2039144740323N12005433WA0147701531
B2039154740319N12005439WA0147601529
B2039164740315N12005445WA0147501527
B2039174740310N12005451WA0147401526
B2039184740306N12005455WA0147301525
B2039194740302N12005459WA0147101522
B2039204740297N12005464WA0147001519
B2039214740292N12005471WA0146801516
B2039224740287N12005477WA0146701514
B2039234740283N12005483WA0146501513
B2039244740278N12005488WA0146301512
B2039254740274N12005493WA0146101512
B2039264740270N12005498WA0146001512
B2039274740267N12005503WA0145901513
B2039284740263N12005508WA0145801514
B2039294740259N12005512WA0145701514
B2039304740254N12005516WA0145601514
B2039314740249N12005520WA0145501512
B2039324740243N12005523WA0145501510
B2039334740238N12005526WA0145401510
B2039344740233N12005529WA0145301510
B2039354740228N12005532WA0145201510
B2039364740224N12005535WA0145201511
B2039374740219N12005538WA0145101512
B2039384740215N12005540WA0145101512
B2039394740210N12005542WA0145001512
B2039404740205N12005544WA0145001511
B2039414740200N12005546WA0145001510
B2039424740195N12005549WA0144901509
B2039434740189N12005553WA0144901508
B2039444740183N12005556WA0144801507
B2039454740178N12005559WA0144801507
B2039464740173N12005562WA0144701507
B2039474740168N12005566WA0144701506
B2039484740162N12005569WA0144601505
B2039494740156N12005572WA0144601503
B2039504740150N12005576WA0144501502
B2039514740144N12005581WA0144401502
B2039524740139N12005585WA0144401502
B2039534740133N12005590WA0144301502
B2039544740128N12005594WA0144201502
B2039554740124N12005597WA0144201501
B2039564740119N12005600WA0144101501
B2039574740115N12005604WA0144101499
B2039584740110N12005607WA0144001498
B2039594740105N12005610WA0143901497
B2040004740101N12005613WA0143901497
B2040014740097N12005617WA0143801497
B2040024740093N12005620WA0143801497
B2040034740089N12005624WA0143701496
B2040044740084N12005628WA0143701494
B2040054740080N12005631WA0143601493
B2040064740075N12005635WA0143501491
B2040074740071N12005639WA0143401490
B2040084740066N12005643WA0143401489
B2040094740062N12005647WA0143301487
B2040104740058N12005652WA0143201484
B2040114740053N12005656WA0143001481
B2040124740048N12005661WA0142901479
B2040134740043N12005665WA0142801477
B2040144740038N12005670WA0142601477
B2040154740034N12005674WA0142501476
B2040164740030N12005679WA0142401475
B2040174740025N12005682WA0142201475
B2040184740022N12005686WA0142101475
B2040194740018N12005691WA0142001474
B2040204740014N12005696WA0141901473
B2040214740010N12005701WA0141701471
B2040224740006N12005706WA0141601468
B2040234740001N12005712WA0141501464
B2040244739997N12005719WA0141401462
B2040254739992N12005727WA0141201460
B2040264739988N12005735WA0141001459
B2040274739984N12005742WA0140901457
B2040284739979N12005750WA0140701455
B2040294739975N12005757WA0140501453
B2040304739970N12005764WA0140401452
B2040314739965N12005772WA0140201450
B2040324739960N12005780WA0140101449
B2040334739956N12005788WA0139901450
B2040344739951N12005795WA0139801451
B2040354739946N12005802WA0139701452
B2040364739942N12005808WA0139601451
B2040374739936N12005816WA0139501450
B2040384739932N12005823WA0139501449
B2040394739927N12005831WA0139401448
B2040404739922N12005837WA0139301447
B2040414739918N12005843WA0139201445
B2040424739913N12005848WA0139101441
B2040434739908N12005855WA0139001437
B2040444739903N12005861WA0138901434
B2040454739898N12005868WA0138701433
B2040464739894N12005875WA0138601432
B2040474739890N12005881WA0138401431
B2040484739886N12005887WA0138301431
B2040494739883N12005892WA0138101432
B2040504739879N12005898WA0138001431
B2040514739875N12005903WA0137901429
B2040524739870N12005909WA0137801427
B2040534739865N12005915WA0137601423
B2040544739858N12005922WA0137501419
B2040554739852N12005929WA0137201415
B2040564739846N12005937WA0137101412
B2040574739839N12005944WA0136801411
B2040584739833N12005950WA0136701409
B2040594739827N12005956WA0136401408
B2041004739820N12005962WA0136301406
B2041014739814N12005969WA0136001403
B2041024739807N12005976WA0135901400
B2041034739800N12005983WA0135601398
B2041044739793N12005989WA0135501399
B2041054739787N12005995WA0135301398
B2041064739780N12006001WA0135101396
B2041074739773N12006007WA0134901395
B2041084739766N12006014WA0134801392
B2041094739759N12006020WA0134601391
B2041104739751N12006027WA0134401391
B2041114739744N12006034WA0134301390
B2041124739738N12006040WA0134101388
B2041134739731N12006046WA0134001386
B2041144739724N12006053WA0133801384
B2041154739716N12006060WA0133601380
B2041164739708N12006066WA0133501377
B2041174739700N12006072WA0133301374
B2041184739691N12006078WA0133101371
B2041194739683N12006083WA0132801368
B2041204739675N12006088WA0132701367
B2041214739667N12006093WA0132401366
B2041224739659N12006098WA0132301365
B2041234739652N12006103WA0132001363
B2041244739645N12006108WA0131901362
B2041254739637N12006113WA0131601360
B2041264739630N12006117WA0131501358
B2041274739623N12006121WA0131201357
B2041284739616N12006124WA0131101356
B2041294739610N12006127WA0130901355
B2041304739604N12006129WA0130801354
B2041314739598N12006132WA0130601352
B2041324739592N12006135WA0130401352
B2041334739587N12006139WA0130301350
B2041344739581N12006142WA0130101349
B2041354739575N12006145WA0130001348
B2041364739568N12006148WA0129901347
B2041374739562N12006151WA0129701345
B2041384739556N12006155WA0129601344
B2041394739550N12006159WA0129401343
B2041404739544N12006163WA0129301343
B2041414739539N12006167WA0129201342
B2041424739533N12006171WA0129101341
B2041434739529N12006175WA0128901339
B2041444739524N12006179WA0128801336
B2041454739519N12006183WA0128601332
B2041464739514N12006189WA0128501328
B2041474739508N12006194WA0128201323
B2041484739503N12006199WA0128101318
B2041494739498N12006204WA0127801315
B2041504739493N12006208WA0127601311
B2041514739488N12006212WA0127301308
B2041524739483N12006217WA0127001304
B2041534739477N12006221WA0126701300
B2041544739472N12006226WA0126401295
B2041554739466N12006230WA0126001291
B2041564739460N12006234WA0125801286
B2041574739453N12006237WA0125401282
B2041584739446N12006240WA0125101279
B2041594739440N12006243WA0124701278
B2042004739435N12006246WA0124401278
B2042014739431N12006248WA0124101276
B2042024739427N12006251WA0123801274
B2042034739422N12006254WA0123501270
B2042044739417N12006258WA0123201265
B2042054739412N12006263WA0122901260
B2042064739406N12006268WA0122601255
B2042074739400N12006274WA0122201251
B2042084739394N12006279WA0122001248
B2042094739388N12006284WA0121601245
B2042104739383N12006289WA0121301242
B2042114739377N12006294WA0120901239
B2042124739371N12006300WA0120601234
B2042134739365N12006305WA0120201229
B2042144739359N12006311WA0119901225
B2042154739352N12006316WA0119501220
B2042164739345N12006322WA0119201216
B2042174739337N12006327WA0118701213
B2042184739330N12006333WA0118401210
B2042194739323N12006338WA0118001207
B2042204739316N12006344WA0117701204
B2042214739309N12006349WA0117301200
B2042224739302N12006355WA0117001197
B2042234739295N12006361WA0116601195
B2042244739288N12006367WA0116401193
B2042254739281N12006373WA0116001192
B2042264739275N12006379WA0115801191
B2042274739269N12006385WA0115501190
B2042284739262N12006390WA0115301190
B2042294739256N12006395WA0115001190
B2042304739250N12006400WA0114801189
B2042314739244N12006407WA0114601188
B2042324739238N12006413WA0114501187
B2042334739232N12006419WA0114201186
B2042344739227N12006424WA0114101186
B2042354739222N12006428WA0113901184
B2042364739218N12006433WA0113801181
B2042374739213N12006437WA0113601178
B2042384739207N12006441WA0113401175
B2042394739201N12006446WA0113201172
B2042404739195N12006451WA0113101171
B2042414739189N12006455WA0112801170
B2042424739184N12006460WA0112701168
B2042434739178N12006463WA0112501167
B2042444739171N12006467WA0112301165
B2042454739165N12006470WA0112101164
B2042464739159N12006474WA0112001162
B2042474739152N12006477WA0111701160
B2042484739146N12006481WA0111601159
B2042494739139N12006485WA0111401158
B2042504739133N12006489WA0111301157
B2042514739126N12006493WA0111101157
B2042524739120N12006497WA0111001157
B2042534739114N12006501WA0110801157
B2042544739107N12006505WA0110701156
B2042554739101N12006508WA0110601155
B2042564739094N12006512WA0110501155
B2042574739088N12006516WA0110401153
B2042584739081N12006519WA0110301153
B2042594739076N12006522WA0110201151
B2043004739074N12006526WA0110101145
B2043014739076N12006531WA0109801135
B2043024739081N12006538WA0109601123
B2043034739083N12006545WA0109301112
B2043044739083N12006548WA0109001103
B2043054739083N12006548WA0108501093
B2043064739086N12006548WA0108101085
B2043074739091N12006551WA0107401076
B2043084739096N12006562WA0107001068
B2043094739098N12006575WA0106301066
B2043104739097N12006585WA0105901067
B2043114739094N12006591WA0105301070
B2043124739092N12006595WA0105001069
B2043134739089N12006601WA0104501070
B2043144739087N12006609WA0104201067
B2043154739084N12006619WA0103801064
B2043164739081N12006630WA0103501062
B2043174739076N12006638WA0103101062
B2043184739070N12006644WA0102901062
B2043194739064N12006647WA0102601062
B2043204739061N12006649WA0102401061
B2043214739056N12006652WA0102201061
B2043224739052N12006654WA0102001059
B2043234739047N12006656WA0101801056
B2043244739041N12006658WA0101701052
B2043254739034N12006661WA0101401048
B2043264739026N12006663WA0101301044
B2043274739018N12006665WA0101001042
B2043284739012N12006666WA0100801042
B2043294739006N12006667WA0100601042
B2043304739002N12006667WA0100401045
B2043314738999N12006668WA0100301046
B2043324738995N12006669WA0100201047
B2043334738991N12006669WA0100101047
B2043344738987N12006668WA0100001046
B2043354738982N12006665WA0099901044
B2043364738978N12006661WA0099801042
B2043374738975N12006659WA0099701042
B2043384738972N12006658WA0099601040
B2043394738968N12006658WA0099501038
B2043404738964N12006658WA0099401036
B2043414738959N12006658WA0099201032
B2043424738954N12006657WA0099101028
B2043434738948N12006655WA0098901024
B2043444738944N12006652WA0098801022
B2043454738939N12006650WA0098601021
B2043464738936N12006647WA0098401020
B2043474738932N12006645WA0098201020
B2043484738928N12006643WA0098101018
B2043494738924N12006641WA0097901016
B2043504738920N12006640WA0097701016
B2043514738916N12006640WA0097501017
B2043524738912N12006639WA0097401017
B2043534738907N12006640WA0097301017
B2043544738903N12006640WA0097201016
B2043554738897N12006640WA0097101014
B2043564738891N12006640WA0097001013
B2043574738886N12006640WA0096801012
B2043584738880N12006640WA0096701013
B2043594738876N12006640WA0096601014
B2044004738871N12006641WA0096601014
B2044014738867N12006641WA0096501014
B2044024738863N12006641WA0096401012
B2044034738859N12006642WA0096401011
B2044044738855N12006644WA0096301011
B2044054738851N12006644WA0096201010
B2044064738846N12006645WA0096201008
B2044074738841N12006644WA0096101005
B2044084738836N12006642WA0096001003
B2044094738832N12006639WA0095901001
B2044104738828N12006635WA0095800998
B2044114738824N12006630WA0095700996
B2044124738821N12006624WA0095600994
B2044134738818N12006618WA0095400993
B2044144738815N12006612WA0095300992
B2044154738812N12006607WA0095100993
B2044164738810N12006602WA0095000993
B2044174738807N12006597WA0094900993
B2044184738805N12006593WA0094800994
B2044194738803N12006588WA0094800995
B2044204738800N12006585WA0094700996
B2044214738797N12006581WA0094700997
B2044224738794N12006578WA0094600998
B2044234738790N12006575WA0094600998
B2044244738787N12006571WA0094600999
B2044254738784N12006566WA0094600998
B2044264738782N12006561WA0094600998
B2044274738781N12006554WA0094500998
B2044284738780N12006548WA0094500998
B2044294738779N12006542WA0094600998
B2044304738778N12006536WA0094600999
B2044314738777N12006531WA0094601000
B2044324738776N12006526WA0094601001
B2044334738775N12006522WA0094601003
B2044344738775N12006517WA0094701004
B2044354738776N12006513WA0094701005
B2044364738779N12006509WA0094801003
B2044374738784N12006506WA0094801002
B2044384738789N12006506WA0094801002
B2044394738795N12006509WA0094901002
B2044404738799N12006516WA0094901003
B2044414738802N12006524WA0094901003
B2044424738802N12006534WA0094901002
B2044434738801N12006543WA0095001001
B2044444738798N12006551WA0095001000
B2044454738793N12006557WA0095000998
B2044464738787N12006559WA0094900996
B2044474738781N12006559WA0094900995
B2044484738777N12006554WA0094900996
B2044494738774N12006548WA0094800996
B2044504738773N12006542WA0094800997
B2044514738772N12006535WA0094800998
B2044524738771N12006528WA0094800998
B2044534738771N12006522WA0094700998
B2044544738771N12006516WA0094700998
B2044554738772N12006510WA0094700998
B2044564738774N12006504WA0094800998
B2044574738776N12006497WA0094800998
B2044584738778N12006490WA0094800997
B2044594738779N12006483WA0094800997
B2045004738780N12006476WA0094800996
B2045014738780N12006469WA0094800996
B2045024738780N12006462WA0094800997
B2045034738780N12006456WA0094800997
B2045044738779N12006450WA0094800996
B2045054738779N12006444WA0094800996
B2045064738779N12006440WA0094800996
B2045074738779N12006435WA0094700994
B2045084738780N12006430WA0094700991
B2045094738782N12006424WA0094700987
B2045104738787N12006419WA0094600983
B2045114738795N12006416WA0094400978
B2045124738803N12006418WA0094300973
B2045134738810N12006423WA0094100969
B2045144738815N12006431WA0093900967
B2045154738820N12006439WA0093700966
B2045164738825N12006446WA0093500964
B2045174738830N12006454WA0093300962
B2045184738835N12006462WA0093200960
B2045194738840N12006472WA0092900959
B2045204738844N12006481WA0092800960
B2045214738847N12006490WA0092600960
B2045224738851N12006498WA0092500960
B2045234738855N12006506WA0092300961
B2045244738860N12006514WA0092200962
B2045254738865N12006521WA0092100963
B2045264738870N12006528WA0092100964
B2045274738874N12006535WA0092000965
B2045284738877N12006543WA0092000964
B2045294738879N12006552WA0091900964
B2045304738882N12006562WA0091900962
B2045314738884N12006571WA0091900961
B2045324738887N12006581WA0091800961
B2045334738890N12006590WA0091800960
B2045344738895N12006597WA0091700961
B2045354738900N12006604WA0091700960
B2045364738906N12006608WA0091600959
B2045374738912N12006612WA0091600958
B2045384738917N12006614WA0091500958
B2045394738923N12006615WA0091500958
B2045404738928N12006615WA0091400958
B2045414738933N12006615WA0091400958
B2045424738938N12006614WA0091300959
B2045434738943N12006613WA0091300959
B2045444738948N12006612WA0091300960
B2045454738953N12006611WA0091300960
B2045464738957N12006609WA0091300959
B2045474738960N12006607WA0091200959
B2045484738963N12006604WA0091200958
B2045494738965N12006599WA0091200956
B2045504738968N12006593WA0091200954
B2045514738971N12006587WA0091100953
B2045524738976N12006582WA0091100953
B2045534738980N12006577WA0091000954
B2045544738983N12006574WA0091000957
B2045554738986N12006570WA0091000957
B2045564738989N12006566WA0091000957
B2045574738991N12006561WA0091000954
B2045584738994N12006555WA0091000952
B2045594738995N12006549WA0091000951
B2046004738995N12006544WA0090900950
B2046014738994N12006538WA0090900949
B2046024738992N12006534WA0090900949
B2046034738990N12006530WA0090800949
B2046044738989N12006528WA0090800950
B2046054738987N12006526WA0090800951
B2046064738985N12006525WA0090800951
B2046074738983N12006524WA0090800951
B2046084738980N12006524WA0090800951
B2046094738977N12006524WA0090800952
B2046104738974N12006527WA0090800952
B2046114738972N12006531WA0090800953
B2046124738969N12006538WA0090800954
B2046134738967N12006545WA0090800954
B2046144738965N12006551WA0090800955
B2046154738963N12006555WA0090800956
B2046164738961N12006558WA0090900956
B2046174738959N12006559WA0090900954
B2046184738957N12006558WA0090900953
B2046194738955N12006556WA0090900951
B2046204738954N12006553WA0090900949
B2046214738955N12006549WA0090800947
B2046224738958N12006544WA0090800946
B2046234738962N12006541WA0090700944
B2046244738969N12006541WA0090600942
B2046254738977N12006545WA0090500940
B2046264738984N12006551WA0090400939
B2046274738990N12006559WA0090300940
B2046284738995N12006568WA0090200942
B2046294738999N12006578WA0090100943
B2046304739002N12006588WA0090100945
B2046314739003N12006598WA0090100946
B2046324739002N12006607WA0090000948
B2046334738999N12006614WA0090100949
B2046344738995N12006619WA0090100949
B2046354738991N12006622WA0090100951
B2046364738988N12006622WA0090100952
B2046374738986N12006619WA0090200953
B2046384738985N12006616WA0090200953
B2046394738987N12006611WA0090300952
B2046404738990N12006607WA0090300950
B2046414738995N12006604WA0090300948
B2046424739003N12006604WA0090300945
B2046434739010N12006607WA0090300943
B2046444739018N12006613WA0090300943
B2046454739024N12006620WA0090200944
B2046464739030N12006628WA0090200946
B2046474739035N12006637WA0090200948
B2046484739039N12006646WA0090200950
B2046494739040N12006655WA0090200952
B2046504739040N12006664WA0090200952
B2046514739037N12006672WA0090300952
B2046524739032N12006678WA0090300951
B2046534739027N12006680WA0090300951
B2046544739023N12006677WA0090300952
B2046554739022N12006672WA0090400952
B2046564739023N12006665WA0090400953
B2046574739027N12006661WA0090400954
B2046584739033N12006659WA0090400956
B2046594739040N12006660WA0090500956
B2047004739047N12006663WA0090500957
B2047014739054N12006668WA0090600956
B2047024739060N12006674WA0090600957
B2047034739066N12006683WA0090600957
B2047044739071N12006692WA0090700958
B2047054739075N12006702WA0090700960
B2047064739077N12006713WA0090800961
B2047074739078N12006723WA0090800962
B2047084739076N12006733WA0090900964
B2047094739074N12006741WA0091000965
B2047104739071N12006748WA0091000967
B2047114739066N12006753WA0091100967
B2047124739061N12006755WA0091200968
B2047134739057N12006754WA0091300970
B2047144739055N12006750WA0091400971
B2047154739055N12006745WA0091500973
B2047164739057N12006739WA0091600975
B2047174739061N12006735WA0091800977
B2047184739067N12006732WA0091900979
B2047194739075N12006734WA0092000981
B2047204739081N12006741WA0092100983
B2047214739084N12006751WA0092300984
B2047224739085N12006761WA0092400987
B2047234739084N12006770WA0092600989
B2047244739081N12006778WA0092700991
B2047254739076N12006784WA0092900992
B2047264739071N12006788WA0093000992
B2047274739066N12006790WA0093200993
B2047284739061N12006789WA0093300995
B2047294739058N12006785WA0093500998
B2047304739056N12006780WA0093601000
B2047314739058N12006774WA0093801001
B2047324739062N12006770WA0093901002
B2047334739068N12006768WA0094101002
B2047344739075N12006770WA0094201002
B2047354739081N12006775WA0094401003
B2047364739087N12006783WA0094501004
B2047374739092N12006793WA0094601006
B2047384739095N12006803WA0094701010
B2047394739097N12006813WA0094901014
B2047404739095N12006821WA0095001017
B2047414739091N12006828WA0095201018
B2047424739084N12006831WA0095401017
B2047434739077N12006831WA0095601017
B2047444739072N12006827WA0095701019
B2047454739070N12006820WA0095901021
B2047464739071N12006814WA0096001023
B2047474739075N12006809WA0096201025
B2047484739081N12006807WA0096301026
B2047494739088N12006810WA0096501027
B2047504739094N12006816WA0096601029
B2047514739099N12006824WA0096701031
B2047524739102N12006833WA0096901033
B2047534739104N12006843WA0097101036
B2047544739104N12006852WA0097201039
B2047554739101N12006859WA0097401042
B2047564739096N12006864WA0097501042
B2047574739090N12006866WA0097801042
B2047584739084N12006863WA0097901043
B2047594739080N12006858WA0098101044
B2048004739079N12006851WA0098201047
B2048014739081N12006845WA0098401049
B2048024739086N12006840WA0098501050
B2048034739092N12006840WA0098701052
B2048044739098N12006844WA0098901053
B2048054739103N12006850WA0099101054
B2048064739108N12006859WA0099201054
B2048074739111N12006869WA0099301056
B2048084739113N12006879WA0099501058
B2048094739113N12006889WA0099601061
B2048104739112N12006898WA0099801064
B2048114739109N12006905WA0099901067
B2048124739103N12006909WA0100101068
B2048134739098N12006908WA0100301069
B2048144739093N12006904WA0100401071
B2048154739091N12006897WA0100601072
B2048164739092N12006890WA0100701075
B2048174739096N12006885WA0100901077
B2048184739101N12006883WA0101101078
B2048194739108N12006884WA0101301079
B2048204739114N12006887WA0101401082
B2048214739119N12006892WA0101601084
B2048224739125N12006897WA0101701087
B2048234739129N12006904WA0102001090
B2048244739132N12006912WA0102101092
B2048254739132N12006922WA0102301093
B2048264739130N12006933WA0102501095
B2048274739126N12006941WA0102801097
B2048284739119N12006945WA0102901100
B2048294739113N12006944WA0103101102
B2048304739109N12006938WA0103301104
B2048314739109N12006929WA0103601106
B2048324739113N12006922WA0103701109
B2048334739119N12006919WA0104001111
B2048344739126N12006921WA0104101113
B2048354739131N12006926WA0104401116
B2048364739135N12006936WA0104601117
B2048374739136N12006947WA0104801118
B2048384739134N12006957WA0105001121
B2048394739130N12006966WA0105301125
B2048404739125N12006971WA0105501129
B2048414739119N12006971WA0105701132
B2048424739114N12006967WA0105901135
B2048434739112N12006961WA0106201137
B2048444739113N12006954WA0106401140
B2048454739116N12006948WA0106701142
B2048464739122N12006944WA0106901144
B2048474739128N12006942WA0107201144
B2048484739135N12006941WA0107401146
B2048494739141N12006942WA0107701150
B2048504739146N12006945WA0107901154
B2048514739150N12006950WA0108201158
B2048524739152N12006958WA0108401160
B2048534739153N12006968WA0108701160
B2048544739151N12006978WA0108801161
B2048554739146N12006984WA0109101163
B2048564739140N12006987WA0109301164
B2048574739134N12006986WA0109501165
B2048584739129N12006979WA0109701166
B2048594739126N12006971WA0109901168
B2049004739126N12006963WA0110101171
B2049014739126N12006958WA0110301176
B2049024739127N12006953WA0110501180
B2049034739130N12006948WA0110801181
B2049044739133N12006943WA0110901182
B2049054739139N12006939WA0111201182
B2049064739145N12006939WA0111301183
B2049074739151N12006943WA0111601184
B2049084739155N12006951WA0111701185
B2049094739157N12006961WA0111901186
B2049104739156N12006971WA0112001187
B2049114739153N12006980WA0112201190
B2049124739150N12006986WA0112301193
B2049134739147N12006992WA0112501195
B2049144739143N12006995WA0112701197
B2049154739138N12006994WA0112901199
B2049164739135N12006990WA0113001201
B2049174739135N12006982WA0113201202
B2049184739137N12006974WA0113401203
B2049194739142N12006968WA0113601205
B2049204739149N12006965WA0113701207
B2049214739155N12006966WA0113901207
B2049224739161N12006970WA0114101208
B2049234739166N12006978WA0114201209
B2049244739167N12006988WA0114401210
B2049254739167N12006997WA0114501212
B2049264739166N12007006WA0114601214
B2049274739163N12007014WA0114801216
B2049284739160N12007020WA0114901218
B2049294739156N12007023WA0115101221
B2049304739152N12007022WA0115301224
B2049314739149N12007018WA0115501226
B2049324739147N12007011WA0115601228
B2049334739149N12007003WA0115901229
B2049344739153N12006996WA0116001229
B2049354739159N12006989WA0116201229
B2049364739166N12006986WA0116301230
B2049374739173N12006986WA0116501233
B2049384739179N12006990WA0116601236
B2049394739183N12006996WA0116801238
B2049404739185N12007005WA0117001239
B2049414739186N12007013WA0117101240
B2049424739186N12007023WA0117301241
B2049434739185N12007031WA0117501242
B2049444739184N12007040WA0117601244
B2049454739181N12007046WA0117701246
B2049464739177N12007051WA0117801248
B2049474739172N12007053WA0118001249
B2049484739166N12007053WA0118101250
B2049494739161N12007052WA0118301251
B2049504739156N12007050WA0118401254
B2049514739153N12007049WA0118601257
B2049524739150N12007046WA0118701260
B2049534739150N12007041WA0118901261
B2049544739151N12007033WA0119101260
B2049554739156N12007024WA0119201258
B2049564739163N12007018WA0119301258
B2049574739171N12007017WA0119501259
B2049584739178N12007021WA0119501261
B2049594739183N12007029WA0119701262
B2050004739185N12007038WA0119701264
B2050014739184N12007046WA0119901265
B2050024739182N12007054WA0120001266
B2050034739179N12007059WA0120101268
B2050044739175N12007061WA0120201270
B2050054739171N12007061WA0120401272
B2050064739167N12007058WA0120501272
B2050074739164N12007052WA0120601271
B2050084739163N12007043WA0120701272
B2050094739163N12007034WA0120801274
B2050104739164N12007026WA0120901276
B2050114739165N12007020WA0121101279
B2050124739166N12007015WA0121201281
B2050134739167N12007011WA0121301281
B2050144739171N12007005WA0121401279
B2050154739176N12006999WA0121501276
B2050164739184N12006994WA0121601273
B2050174739193N12006991WA0121601272
B2050184739201N12006993WA0121601272
B2050194739207N12006999WA0121701274
B2050204739210N12007006WA0121701275
B2050214739211N12007013WA0121701277
B2050224739213N12007020WA0121801279
B2050234739214N12007026WA0121801279
B2050244739216N12007033WA0121901279
B2050254739218N12007040WA0121901278
B2050264739218N12007048WA0121901276
B2050274739216N12007056WA0122001275
B2050284739213N12007062WA0122001275
B2050294739209N12007067WA0122001275
B2050304739206N12007072WA0122001276
B2050314739202N12007076WA0122001276
B2050324739198N12007080WA0122001277
B2050334739194N12007084WA0122001277
B2050344739190N12007090WA0122001277
B2050354739186N12007095WA0122001278
B2050364739182N12007100WA0122101280
B2050374739178N12007103WA0122101283
B2050384739175N12007102WA0122201287
B2050394739172N12007098WA0122301289
B2050404739171N12007090WA0122301289
B2050414739172N12007081WA0122501288
B2050424739176N12007073WA0122501290
B2050434739182N12007068WA0122701293
B2050444739189N12007068WA0122701294
B2050454739195N12007071WA0122901294
B2050464739201N12007078WA0123001295
B2050474739204N12007087WA0123101297
B2050484739206N12007095WA0123201298
B2050494739208N12007103WA0123301300
B2050504739208N12007109WA0123401303
B2050514739208N12007115WA0123601304
B2050524739208N12007122WA0123701304
B2050534739206N12007128WA0123801304
B2050544739204N12007135WA0123901303
B2050554739201N12007142WA0124001303
B2050564739197N12007149WA0124101303
B2050574739194N12007155WA0124201305
B2050584739190N12007161WA0124201307
B2050594739186N12007165WA0124301309
B2051004739182N12007169WA0124401310
B2051014739177N12007173WA0124501313
B2051024739173N12007175WA0124601315
B2051034739168N12007176WA0124801317
B2051044739164N12007174WA0124901319
B2051054739162N12007168WA0125101320
B2051064739162N12007160WA0125201321
B2051074739165N12007151WA0125301320
B2051084739170N12007146WA0125401321
B2051094739177N12007144WA0125601323
B2051104739183N12007146WA0125601325
B2051114739188N12007151WA0125801326
B2051124739192N12007159WA0125901328
B2051134739193N12007169WA0126101330
B2051144739192N12007177WA0126201332
B2051154739189N12007185WA0126301334
B2051164739186N12007192WA0126501336
B2051174739183N12007198WA0126701339
B2051184739180N12007202WA0126801343
B2051194739176N12007205WA0127001345
B2051204739172N12007206WA0127201346
B2051214739168N12007204WA0127401346
B2051224739164N12007199WA0127501348
B2051234739162N12007191WA0127701348
B2051244739163N12007183WA0127901349
B2051254739165N12007176WA0128001350
B2051264739170N12007171WA0128201349
B2051274739176N12007169WA0128301349
B2051284739183N12007170WA0128401349
B2051294739189N12007173WA0128501350
B2051304739194N12007179WA0128601351
B2051314739197N12007187WA0128701353
B2051324739199N12007196WA0128801354
B2051334739200N12007205WA0128901356
B2051344739199N12007214WA0129001358
B2051354739197N12007222WA0129201360
B2051364739194N12007227WA0129301363
B2051374739191N12007231WA0129401366
B2051384739187N12007232WA0129601367
B2051394739183N12007231WA0129701368
B2051404739178N12007229WA0129901368
B2051414739175N12007224WA0130001370
B2051424739172N12007217WA0130101371
B2051434739170N12007209WA0130301373
B2051444739171N12007200WA0130401374
B2051454739174N12007192WA0130601375
B2051464739178N12007186WA0130701376
B2051474739184N12007184WA0130801377
B2051484739189N12007184WA0130901377
B2051494739195N12007187WA0131001377
B2051504739201N12007191WA0131101377
B2051514739206N12007197WA0131201378
B2051524739209N12007204WA0131301379
B2051534739212N12007212WA0131401381
B2051544739213N12007220WA0131501382
B2051554739215N12007229WA0131601383
B2051564739216N12007238WA0131701384
B2051574739216N12007247WA0131801385
B2051584739214N12007255WA0131901386
B2051594739212N12007264WA0132001387
B2052004739209N12007271WA0132101389
B2052014739207N12007278WA0132301391
B2052024739205N12007284WA0132401394
B2052034739202N12007288WA0132501396
B2052044739199N12007291WA0132601398
B2052054739195N12007290WA0132801399
B2052064739190N12007287WA0132901399
B2052074739187N12007282WA0133101399
B2052084739185N12007274WA0133201400
B2052094739185N12007266WA0133301401
B2052104739187N12007258WA0133401402
B2052114739192N12007251WA0133501404
B2052124739198N12007248WA0133601405
B2052134739205N12007249WA0133801406
B2052144739210N12007253WA0133901408
B2052154739213N12007259WA0134001410
B2052164739215N12007267WA0134101411
B2052174739216N12007276WA0134301411
B2052184739215N12007285WA0134401412
B2052194739215N12007294WA0134501413
B2052204739214N12007302WA0134601415
B2052214739213N12007310WA0134801417
B2052224739213N12007316WA0134901420
B2052234739212N12007322WA0135101423
B2052244739210N12007327WA0135201425
B2052254739207N12007331WA0135401427
B2052264739203N12007332WA0135501428
B2052274739199N12007331WA0135701429
B2052284739195N12007327WA0135801430
B2052294739192N12007322WA0136001432
B2052304739190N12007316WA0136101433
B2052314739191N12007308WA0136301435
B2052324739193N12007300WA0136401435
B2052334739196N12007293WA0136601434
B2052344739201N12007286WA0136701434
B2052354739206N12007281WA0136801433
B2052364739213N12007280WA0136801432
B2052374739220N12007281WA0136901432
B2052384739226N12007285WA0136901432
B2052394739230N12007291WA0137001433
B2052404739234N12007299WA0137001434
B2052414739236N12007307WA0137101435
B2052424739237N12007316WA0137101436
B2052434739236N12007325WA0137201437
B2052444739235N12007333WA0137301439
B2052454739233N12007341WA0137401440
B2052464739230N12007348WA0137501443
B2052474739226N12007355WA0137601445
B2052484739223N12007362WA0137701448
B2052494739220N12007368WA0137801452
B2052504739218N12007374WA0138001455
B2052514739215N12007380WA0138201459
B2052524739212N12007382WA0138301462
B2052534739208N12007382WA0138601464
B2052544739204N12007377WA0138701466
B2052554739202N12007370WA0139001468
B2052564739202N12007362WA0139201469
B2052574739205N12007354WA0139401471
B2052584739209N12007348WA0139501473
B2052594739215N12007345WA0139801475
B2053004739221N12007346WA0139901477
B2053014739227N12007350WA0140201479
B2053024739231N12007356WA0140301481
B2053034739234N12007364WA0140601483
B2053044739236N12007372WA0140701485
B2053054739237N12007381WA0141001487
B2053064739237N12007389WA0141101491
B2053074739236N12007396WA0141401494
B2053084739235N12007402WA0141601497
B2053094739232N12007405WA0141801499
B2053104739229N12007407WA0142001500
B2053114739225N12007406WA0142301501
B2053124739221N12007403WA0142401503
B2053134739219N12007398WA0142701504
B2053144739217N12007391WA0142801506
B2053154739217N12007384WA0143001507
B2053164739217N12007377WA0143201509
B2053174739219N12007370WA0143401510
B2053184739223N12007363WA0143501511
B2053194739228N12007356WA0143701511
B2053204739233N12007350WA0143801512
B2053214739240N12007347WA0144001514
B2053224739247N12007346WA0144101517
B2053234739253N12007347WA0144301520
B2053244739259N12007350WA0144501522
B2053254739264N12007355WA0144701524
B2053264739268N12007362WA0144801526
B2053274739271N12007370WA0145001528
B2053284739273N12007378WA0145201531
B2053294739274N12007386WA0145401534
B2053304739274N12007393WA0145601537
B2053314739272N12007399WA0145801540
B2053324739268N12007403WA0146001542
B2053334739264N12007404WA0146301543
B2053344739259N12007401WA0146401544
B2053354739255N12007397WA0146701546
B2053364739253N12007389WA0146801547
B2053374739253N12007381WA0147101549
B2053384739256N12007372WA0147201550
B2053394739260N12007364WA0147401552
B2053404739266N12007358WA0147601554
B2053414739273N12007355WA0147801557
B2053424739279N12007354WA0147901559
B2053434739286N12007355WA0148201561
B2053444739292N12007359WA0148301563
B2053454739296N12007364WA0148601566
B2053464739300N12007371WA0148701567
B2053474739304N12007378WA0149001569
B2053484739307N12007386WA0149101571
B2053494739310N12007395WA0149401573
B2053504739312N12007403WA0149501576
B2053514739313N12007411WA0149801579
B2053524739312N12007417WA0150001581
B2053534739310N12007422WA0150201583
B2053544739306N12007423WA0150401584
B2053554739301N12007421WA0150601585
B2053564739298N12007417WA0150801587
B2053574739297N12007410WA0151101589
B2053584739297N12007401WA0151201590
B2053594739300N12007393WA0151401592
B2054004739304N12007384WA0151601594
B2054014739310N12007378WA0151801595
B2054024739317N12007374WA0151901597
B2054034739324N12007373WA0152201599
B2054044739331N12007376WA0152301602
B2054054739337N12007381WA0152501605
B2054064739341N12007386WA0152701607
B2054074739345N12007393WA0152901609
B2054084739348N12007399WA0153101611
B2054094739349N12007407WA0153301612
B2054104739350N12007416WA0153401612
B2054114739350N12007424WA0153601614
B2054124739350N12007432WA0153801615
B2054134739349N12007438WA0154001617
B2054144739346N12007443WA0154101619
B2054154739343N12007447WA0154401621
B2054164739339N12007450WA0154501623
B2054174739336N12007452WA0154701625
B2054184739332N12007453WA0154801628
B2054194739330N12007452WA0155101630
B2054204739327N12007448WA0155201632
B2054214739326N12007441WA0155401632
B2054224739327N12007431WA0155601633
B2054234739330N12007422WA0155801634
B2054244739335N12007415WA0155901636
B2054254739342N12007410WA0156101639
B2054264739349N12007407WA0156201641
B2054274739356N12007407WA0156501643
B2054284739363N12007410WA0156601645
B2054294739369N12007415WA0156801647
B2054304739374N12007422WA0157001648
B2054314739377N12007429WA0157201650
B2054324739379N12007436WA0157301653
B2054334739381N12007443WA0157501655
B2054344739382N12007450WA0157701657
B2054354739382N12007457WA0157901658
B2054364739382N12007463WA0158001659
B2054374739381N12007469WA0158201660
B2054384739380N12007475WA0158301662
B2054394739379N12007482WA0158501662
B2054404739377N12007488WA0158601662
B2054414739374N12007493WA0158801662
B2054424739370N12007497WA0158901662
B2054434739365N12007498WA0159001662
B2054444739360N12007496WA0159001662
B2054454739356N12007494WA0159101664
B2054464739351N12007492WA0159201667
B2054474739348N12007492WA0159401671
B2054484739345N12007492WA0159501674
B2054494739342N12007490WA0159601677
B2054504739341N12007485WA0159701678
B2054514739341N12007477WA0159901678
B2054524739343N12007467WA0160001678
B2054534739347N12007460WA0160201680
B2054544739354N12007455WA0160301682
B2054554739361N12007454WA0160501683
B2054564739369N12007456WA0160601683
B2054574739375N12007462WA0160701684
B2054584739380N12007469WA0160801685
B2054594739382N12007477WA0161001687
B2055004739382N12007486WA0161101688
B2055014739379N12007492WA0161201689
B2055024739375N12007496WA0161301690
B2055034739370N12007497WA0161501691
B2055044739365N12007496WA0161601693
B2055054739361N12007494WA0161701696
B2055064739358N12007492WA0161901699
B2055074739355N12007490WA0162001702
B2055084739353N12007486WA0162201704
B2055094739352N12007480WA0162401704
B2055104739352N12007470WA0162501703
B2055114739356N12007460WA0162601702
B2055124739361N12007452WA0162701702
B2055134739369N12007447WA0162901704
B2055144739376N12007446WA0163001708
B2055154739383N12007449WA0163101711
B2055164739388N12007454WA0163201713
B2055174739393N12007461WA0163401715
B2055184739397N12007469WA0163501716
B2055194739398N12007477WA0163701717
B2055204739398N12007485WA0163801718
B2055214739395N12007491WA0164001719
B2055224739391N12007496WA0164101720
B2055234739387N12007498WA0164201722
B2055244739384N12007498WA0164401725
B2055254739381N12007497WA0164501728
B2055264739378N12007494WA0164701729
B2055274739375N12007490WA0164901730
B2055284739372N12007485WA0165001730
B2055294739369N12007480WA0165201731
B2055304739367N12007474WA0165301733
B2055314739364N12007468WA0165401734
B2055324739363N12007461WA0165501735
B2055334739362N12007452WA0165701736
B2055344739362N12007443WA0165801736
B2055354739364N12007433WA0165901737
B2055364739368N12007425WA0166001738
B2055374739372N12007417WA0166101738
B2055384739379N12007412WA0166201738
B2055394739385N12007409WA0166301738
B2055404739392N12007408WA0166401739
B2055414739399N12007410WA0166501739
B2055424739405N12007414WA0166601740
B2055434739411N12007418WA0166701741
B2055444739415N12007424WA0166701743
B2055454739419N12007431WA0166801744
B2055464739421N12007438WA0166901746
B2055474739423N12007446WA0167001747
B2055484739423N12007453WA0167101750
B2055494739421N12007457WA0167201751
B2055504739417N12007461WA0167301752
B2055514739413N12007463WA0167501752
B2055524739409N12007463WA0167601753
B2055534739404N12007461WA0167701754
B2055544739401N12007457WA0167801755
B2055554739398N12007450WA0167901757
B2055564739397N12007442WA0168001758
B2055574739398N12007432WA0168101758
B2055584739400N12007422WA0168201760
B2055594739405N12007413WA0168301761
B2056004739411N12007407WA0168401763
B2056014739418N12007404WA0168601764
B2056024739425N12007403WA0168701765
B2056034739431N12007404WA0168801766
B2056044739437N12007409WA0168901766
B2056054739442N12007416WA0169001766
B2056064739444N12007424WA0169101766
B2056074739446N12007433WA0169201767
B2056084739446N12007442WA0169301769
B2056094739446N12007450WA0169401771
B2056104739447N12007457WA0169501774
B2056114739448N12007464WA0169601775
B2056124739449N12007471WA0169701776
B2056134739450N12007479WA0169901777
B2056144739450N12007487WA0170001778
B2056154739450N12007495WA0170101779
B2056164739449N12007503WA0170201780
B2056174739447N12007510WA0170401781
B2056184739445N12007518WA0170501783
B2056194739442N12007524WA0170601785
B2056204739439N12007529WA0170801787
B2056214739435N12007529WA0170901790
B2056224739431N12007526WA0171001791
B2056234739429N12007519WA0171201792
B2056244739429N12007510WA0171401794
B2056254739433N12007501WA0171601797
B2056264739439N12007496WA0171701800
B2056274739446N12007494WA0171901803
B2056284739454N12007495WA0172101806
B2056294739460N12007499WA0172301809
B2056304739464N12007506WA0172501810
B2056314739466N12007515WA0172701812
B2056324739466N12007524WA0172901813
B2056334739464N12007532WA0173101815
B2056344739460N12007537WA0173301817
B2056354739456N12007541WA0173501820
B2056364739452N12007543WA0173701822
B2056374739448N12007545WA0173901825
B2056384739444N12007546WA0174101828
B2056394739441N12007543WA0174301831
B2056404739439N12007538WA0174501832
B2056414739437N12007530WA0174801832
B2056424739437N12007520WA0174901831
B2056434739439N12007510WA0175101832
B2056444739444N12007502WA0175301835
B2056454739451N12007498WA0175501836
B2056464739459N12007500WA0175601837
B2056474739467N12007505WA0175801838
B2056484739472N12007512WA0175901840
B2056494739476N12007521WA0176101844
B2056504739478N12007528WA0176301848
B2056514739479N12007534WA0176501853
B2056524739479N12007540WA0176701856
B2056534739478N12007546WA0176901858
B2056544739475N12007552WA0177101859
B2056554739471N12007555WA0177401860
B2056564739466N12007556WA0177501861
B2056574739462N12007554WA0177801863
B2056584739458N12007548WA0177901865
B2056594739456N12007540WA0178101866
B2057004739457N12007530WA0178301868
B2057014739460N12007521WA0178501870
B2057024739466N12007515WA0178701872
B2057034739472N12007511WA0178901873
B2057044739479N12007510WA0179001875
B2057054739486N12007511WA0179201877
B2057064739492N12007514WA0179401879
B2057074739497N12007518WA0179601881
B2057084739502N12007524WA0179701884
B2057094739505N12007530WA0180001886
B2057104739506N12007537WA0180101889
B2057114739505N12007545WA0180401890
B2057124739502N12007551WA0180501892
B2057134739497N12007554WA0180701894
B2057144739492N12007554WA0180901896
B2057154739488N12007550WA0181101898
B2057164739484N12007543WA0181301899
B2057174739482N12007535WA0181501901
B2057184739481N12007527WA0181701904
B2057194739483N12007518WA0181901906
B2057204739487N12007509WA0182001908
B2057214739493N12007502WA0182301910
B2057224739500N12007497WA0182401911
B2057234739507N12007495WA0182601913
B2057244739513N12007494WA0182801915
B2057254739519N12007496WA0183001917
B2057264739524N12007500WA0183101919
B2057274739530N12007505WA0183401920
B2057284739535N12007511WA0183501921
B2057294739539N12007517WA0183701923
B2057304739542N12007524WA0183901925
B2057314739545N12007531WA0184101926
B2057324739546N12007539WA0184201927
B2057334739546N12007547WA0184401928
B2057344739545N12007555WA0184501930
B2057354739545N12007563WA0184701931
B2057364739545N12007571WA0184801933
B2057374739545N12007578WA0185001934
B2057384739544N12007586WA0185101936
B2057394739543N12007593WA0185301938
B2057404739541N12007599WA0185401940
B2057414739538N12007604WA0185601941
B2057424739534N12007606WA0185701942
B2057434739530N12007606WA0185901942
B2057444739525N12007602WA0186001943
B2057454739522N12007595WA0186201944
B2057464739520N12007586WA0186301945
B2057474739521N12007576WA0186501947
B2057484739525N12007568WA0186601949
B2057494739531N12007561WA0186701950
B2057504739538N12007557WA0186801952
B2057514739545N12007556WA0187001953
B2057524739551N12007556WA0187101955
B2057534739558N12007559WA0187301957
B2057544739563N12007565WA0187401957
B2057554739567N12007572WA0187501958
B2057564739569N12007581WA0187601959
B2057574739570N12007590WA0187801961
B2057584739569N12007598WA0187901963
B2057594739567N12007604WA0188101965
B2058004739565N12007608WA0188201968
B2058014739562N12007610WA0188401969
B2058024739558N12007610WA0188501970
B2058034739554N12007608WA0188701972
B2058044739551N12007604WA0188801973
B2058054739548N12007597WA0188901974
B2058064739547N12007588WA0189001975
B2058074739549N12007579WA0189201977
B2058084739552N12007570WA0189301978
B2058094739557N12007562WA0189501979
B2058104739563N12007556WA0189601980
B2058114739571N12007552WA0189701981
B2058124739578N12007552WA0189901983
B2058134739584N12007554WA0190001984
B2058144739590N12007558WA0190101986
B2058154739593N12007565WA0190301987
B2058164739595N12007572WA0190401989
B2058174739595N12007580WA0190601990
B2058184739593N12007586WA0190701991
B2058194739590N12007591WA0190801992
B2058204739586N12007594WA0190901993
B2058214739582N12007597WA0191001994
B2058224739578N12007600WA0191201996
B2058234739574N12007603WA0191301999
B2058244739570N12007606WA0191402001
B2058254739566N12007609WA0191602003
B2058264739562N12007609WA0191702005
B2058274739558N12007606WA0191902008
B2058284739556N12007599WA0192002010
B2058294739555N12007589WA0192302011
B2058304739558N12007579WA0192402012
B2058314739563N12007570WA0192602014
B2058324739569N12007564WA0192702016
B2058334739577N12007563WA0192902017
B2058344739584N12007565WA0193002018
B2058354739590N12007571WA0193202019
B2058364739593N12007579WA0193302021
B2058374739594N12007588WA0193502023
B2058384739592N12007596WA0193602025
B2058394739589N12007602WA0193802027
B2058404739584N12007606WA0193902029
B2058414739580N12007609WA0194202032
B2058424739576N12007611WA0194302036
B2058434739573N12007613WA0194502039
B2058444739569N12007616WA0194702041
B2058454739565N12007620WA0194902043
B2058464739561N12007623WA0195102044
B2058474739558N12007626WA0195302046
B2058484739555N12007627WA0195502048
B2058494739552N12007627WA0195702049
B2058504739549N12007628WA0195902050
B2058514739545N12007630WA0196102050
B2058524739542N12007633WA0196202049
B2058534739537N12007637WA0196402049
B2058544739532N12007641WA0196502049
B2058554739528N12007644WA0196602051
B2058564739523N12007648WA0196702052
B2058574739518N12007651WA0196802054
B2058584739514N12007654WA0196902055
B2058594739510N12007657WA0197102056
B2059004739505N12007661WA0197102058
B2059014739501N12007665WA0197302059
B2059024739496N12007668WA0197402060
B2059034739491N12007672WA0197502061
B2059044739485N12007675WA0197602063
B2059054739480N12007679WA0197802063
B2059064739475N12007682WA0197902063
B2059074739470N12007686WA0198002062
B2059084739465N12007690WA0198002061
B2059094739461N12007694WA0198102061
B2059104739458N12007698WA0198202061
B2059114739454N12007702WA0198302061
B2059124739450N12007707WA0198302061
B2059134739445N12007711WA0198302060
B2059144739441N12007716WA0198302060
B2059154739436N12007721WA0198402060
B2059164739431N12007725WA0198402060
B2059174739427N12007728WA0198402060
B2059184739422N12007731WA0198402060
B2059194739416N12007735WA0198402059
B2059204739411N12007739WA0198402059
B2059214739405N12007743WA0198402060
B2059224739400N12007748WA0198402062
B2059234739395N12007752WA0198502065
B2059244739390N12007756WA0198502068
B2059254739384N12007760WA0198602072
B2059264739380N12007765WA0198702075
B2059274739376N12007768WA0198902079
B2059284739372N12007771WA0199002082
B2059294739367N12007774WA0199202084
B2059304739362N12007778WA0199302084
B2059314739357N12007781WA0199502085
B2059324739352N12007784WA0199602087
B2059334739348N12007787WA0199802089
B2059344739344N12007789WA0200002090
B2059354739339N12007791WA0200202091
B2059364739334N12007794WA0200302090
B2059374739329N12007796WA0200402090
B2059384739324N12007798WA0200502091
B2059394739320N12007799WA0200702092
B2059404739315N12007800WA0200802093
B2059414739310N12007802WA0200902094
B2059424739306N12007804WA0201002094
B2059434739301N12007807WA0201102096
B2059444739296N12007810WA0201202098
B2059454739292N12007813WA0201302099
B2059464739287N12007817WA0201402101
B2059474739282N12007820WA0201502103
B2059484739278N12007823WA0201602105
B2059494739273N12007825WA0201802107
B2059504739268N12007826WA0201902108
B2059514739264N12007827WA0202002110
B2059524739259N12007828WA0202202112
B2059534739255N12007829WA0202302114
B2059544739251N12007830WA0202502116
B2059554739247N12007831WA0202702118
B2059564739242N12007833WA0202802119
B2059574739238N12007836WA0203002119
B2059584739234N12007838WA0203102120
B2059594739229N12007840WA0203202122
B2100004739224N12007841WA0203402123
B2100014739219N12007843WA0203502124
B2100024739213N12007845WA0203602125
B2100034739207N12007846WA0203802125
B2100044739202N12007848WA0203902126
B2100054739196N12007849WA0204002127
B2100064739190N12007851WA0204102128
B2100074739184N12007853WA0204202129
B2100084739178N12007855WA0204302130
B2100094739173N12007857WA0204502131
B2100104739167N12007858WA0204602131
B2100114739162N12007860WA0204702131
B2100124739156N12007862WA0204702130
B2100134739149N12007864WA0204802129
B2100144739143N12007865WA0204902128
B2100154739136N12007865WA0204902129
B2100164739131N12007865WA0205002132
B2100174739126N12007866WA0205102135
B2100184739122N12007867WA0205102137
B2100194739117N12007869WA0205202138
B2100204739113N12007871WA0205302138
B2100214739107N12007873WA0205402136
B2100224739101N12007876WA0205502135
B2100234739095N12007879WA0205502134
B2100244739090N12007881WA0205602135
B2100254739085N12007884WA0205602136
B2100264739080N12007886WA0205602135
B2100274739075N12007888WA0205702134
B2100284739069N12007890WA0205702132
B2100294739063N12007893WA0205702131
B2100304739056N12007896WA0205702130
B2100314739050N12007899WA0205702131
B2100324739046N12007904WA0205702133
B2100334739043N12007909WA0205702136
B2100344739040N12007915WA0205702139
B2100354739038N12007922WA0205802141
B2100364739036N12007928WA0205802143
B2100374739034N12007934WA0205902144
B2100384739031N12007940WA0206002144
B2100394739027N12007946WA0206102145
B2100404739023N12007951WA0206202145
B2100414739018N12007956WA0206302147
B2100424739014N12007960WA0206302149
B2100434739010N12007962WA0206502152
B2100444739006N12007963WA0206602155
B2100454739003N12007964WA0206702156
B2100464738998N12007964WA0206902157
B2100474738994N12007965WA0207002157
B2100484738988N12007966WA0207102158
B2100494738983N12007967WA0207302158
B2100504738977N12007968WA0207302159
B2100514738972N12007969WA0207502160
B2100524738967N12007970WA0207602162
B2100534738962N12007970WA0207702163
B2100544738958N12007971WA0207802165
B2100554738953N12007972WA0207902166
B2100564738949N12007973WA0208002167
B2100574738944N12007974WA0208102167
B2100584738940N12007975WA0208202167
B2100594738935N12007975WA0208302167
B2101004738931N12007975WA0208402167
B2101014738926N12007975WA0208502166
B2101024738920N12007975WA0208502165
B2101034738915N12007975WA0208602164
B2101044738909N12007975WA0208602164
B2101054738904N12007976WA0208602164
B2101064738898N12007976WA0208702163
B2101074738892N12007976WA0208702162
B2101084738886N12007976WA0208702161
B2101094738880N12007975WA0208702161
B2101104738874N12007974WA0208602160
B2101114738868N12007973WA0208602158
B2101124738862N12007973WA0208602157
B2101134738856N12007974WA0208502155
B2101144738849N12007974WA0208502153
B2101154738842N12007975WA0208402152
B2101164738835N12007976WA0208302152
B2101174738829N12007975WA0208302152
B2101184738823N12007976WA0208202151
B2101194738817N12007977WA0208102152
B2101204738811N12007979WA0208102152
B2101214738804N12007982WA0208002152
B2101224738798N12007984WA0208002153
B2101234738792N12007986WA0207902154
B2101244738786N12007987WA0207902156
B2101254738780N12007989WA0207902158
B2101264738774N12007992WA0208002160
B2101274738769N12007995WA0208002162
B2101284738764N12007998WA0208002162
B2101294738760N12008000WA0208102163
B2101304738755N12008002WA0208202163
B2101314738749N12008004WA0208202162
B2101324738743N12008005WA0208302162
B2101334738737N12008006WA0208302162
B2101344738730N12008006WA0208402163
B2101354738724N12008006WA0208402164
B2101364738718N12008007WA0208402166
B2101374738712N12008008WA0208502167
B2101384738706N12008009WA0208602168
B2101394738700N12008010WA0208602170
B2101404738695N12008011WA0208702171
B2101414738689N12008012WA0208802171
B2101424738682N12008014WA0208802170
B2101434738675N12008016WA0208902168
B2101444738667N12008018WA0208902165
B2101454738659N12008019WA0208902162
B2101464738651N12008020WA0208902160
B2101474738642N12008020WA0208802158
B2101484738634N12008019WA0208802157
B2101494738626N12008019WA0208702157
B2101504738618N12008019WA0208702157
B2101514738610N12008019WA0208602157
B2101524738601N12008021WA0208502157
B2101534738594N12008022WA0208502159
B2101544738588N12008023WA0208502164
B2101554738583N12008023WA0208502170
B2101564738578N12008022WA0208602176
B2101574738574N12008022WA0208802180
B2101584738569N12008023WA0208902182
B2101594738564N12008026WA0209002182
B2102004738558N12008029WA0209202183
B2102014738551N12008031WA0209302184
B2102024738545N12008031WA0209502186
B2102034738539N12008032WA0209702190
B2102044738533N12008033WA0209802193
B2102054738527N12008034WA0210002196
B2102064738521N12008035WA0210202198
B2102074738516N12008036WA0210402201
B2102084738510N12008037WA0210602205
B2102094738505N12008039WA0210802208
B2102104738500N12008040WA0211002212
B2102114738495N12008041WA0211302216
B2102124738491N12008042WA0211502221
B2102134738488N12008043WA0211902225
B2102144738484N12008044WA0212102227
B2102154738480N12008045WA0212502227
B2102164738476N12008046WA0212702227
B2102174738472N12008047WA0212902226
B2102184738469N12008049WA0213102226
B2102194738465N12008050WA0213302226
B2102204738461N12008050WA0213502225
B2102214738457N12008051WA0213602223
B2102224738452N12008052WA0213702220
B2102234738447N12008053WA0213802218
B2102244738441N12008053WA0213802215
B2102254738436N12008054WA0213802213
B2102264738430N12008055WA0213802212
B2102274738424N12008055WA0213802211
B2102284738419N12008056WA0213702211
B2102294738414N12008056WA0213702210
B2102304738408N12008056WA0213602209
B2102314738402N12008055WA0213602206
B2102324738396N12008055WA0213502204
B2102334738390N12008054WA0213402203
B2102344738384N12008054WA0213302202
B2102354738378N12008053WA0213202201
B2102364738372N12008053WA0213102200
B2102374738366N12008052WA0213002198
B2102384738360N12008052WA0212902196
B2102394738354N12008053WA0212802194
B2102404738348N12008053WA0212702192
B2102414738341N12008054WA0212502190
B2102424738335N12008055WA0212402188
B2102434738328N12008055WA0212202186
B2102444738321N12008056WA0212102185
B2102454738314N12008056WA0212002183
B2102464738307N12008057WA0211802183
B2102474738301N12008058WA0211702182
B2102484738294N12008059WA0211602181
B2102494738288N12008059WA0211402179
B2102504738282N12008059WA0211302177
B2102514738276N12008060WA0211102174
B2102524738269N12008060WA0211002171
B2102534738263N12008060WA0210802168
B2102544738256N12008060WA0210702165
B2102554738248N12008062WA0210402162
B2102564738241N12008063WA0210302161
B2102574738235N12008063WA0210002160
B2102584738228N12008064WA0209902158
B2102594738221N12008065WA0209702157
B2103004738214N12008067WA0209502155
B2103014738207N12008069WA0209302153
B2103024738200N12008072WA0209202150
B2103034738192N12008075WA0208902147
B2103044738183N12008077WA0208802144
B2103054738175N12008080WA0208502143
B2103064738167N12008082WA0208402142
B2103074738159N12008084WA0208202142
B2103084738153N12008085WA0208002143
B2103094738147N12008085WA0207902143
B2103104738142N12008084WA0207802142
B2103114738138N12008085WA0207602140
B2103124738132N12008086WA0207502137
B2103134738127N12008087WA0207302134
B2103144738121N12008087WA0207202130
B2103154738115N12008087WA0207002127
B2103164738108N12008087WA0206802124
B2103174738102N12008087WA0206602122
B2103184738095N12008088WA0206402120
B2103194738089N12008089WA0206202118
B2103204738082N12008091WA0206002116
B2103214738076N12008091WA0205702114
B2103224738070N12008093WA0205602113
B2103234738064N12008095WA0205302111
B2103244738058N12008098WA0205202109
B2103254738052N12008101WA0205002107
B2103264738047N12008105WA0204802106
B2103274738041N12008109WA0204602105
B2103284738036N12008112WA0204502105
B2103294738031N12008115WA0204302104
B2103304738026N12008118WA0204202103
B2103314738021N12008121WA0204002101
B2103324738016N12008124WA0203902099
B2103334738011N12008127WA0203702099
B2103344738006N12008129WA0203602097
B2103354738000N12008132WA0203402096
B2103364737994N12008133WA0203302094
B2103374737989N12008135WA0203102092
B2103384737983N12008137WA0203002090
B2103394737977N12008141WA0202902088
B2103404737971N12008144WA0202702086
B2103414737965N12008147WA0202602085
B2103424737959N12008150WA0202402084
B2103434737953N12008153WA0202302083
B2103444737947N12008156WA0202202083
B2103454737942N12008158WA0202002083
B2103464737937N12008161WA0201902082
B2103474737931N12008164WA0201802081
B2103484737926N12008167WA0201702080
B2103494737920N12008171WA0201602079
B2103504737914N12008174WA0201502079
B2103514737908N12008178WA0201402078
B2103524737902N12008181WA0201302078
B2103534737896N12008183WA0201202078
B2103544737890N12008186WA0201102079
B2103554737884N12008188WA0201102080
B2103564737879N12008191WA0201002081
B2103574737873N12008194WA0201002081
B2103584737867N12008196WA0201002082
B2103594737862N12008199WA0200902081
B2104004737856N12008202WA0200902080
B2104014737850N12008204WA0200902080
B2104024737844N12008206WA0200902079
B2104034737838N12008209WA0200802078
B2104044737831N12008211WA0200802077
B2104054737825N12008214WA0200802076
B2104064737819N12008217WA0200702076
B2104074737812N12008220WA0200702075
B2104084737806N12008222WA0200702074
B2104094737799N12008225WA0200602073
B2104104737791N12008228WA0200502072
B2104114737784N12008231WA0200502072
B2104124737778N12008234WA0200402074
B2104134737771N12008238WA0200402075
B2104144737765N12008241WA0200402077
B2104154737758N12008244WA0200402077
B2104164737752N12008247WA0200402078
B2104174737746N12008251WA0200402079
B2104184737740N12008253WA0200402081
B2104194737734N12008256WA0200502082
B2104204737729N12008258WA0200502082
B2104214737723N12008260WA0200602081
B2104224737716N12008262WA0200602081
B2104234737710N12008264WA0200602081
B2104244737703N12008267WA0200602080
B2104254737697N12008269WA0200702081
B2104264737690N12008272WA0200702081
B2104274737684N12008274WA0200702081
B2104284737678N12008275WA0200702082
B2104294737672N12008277WA0200702082
B2104304737666N12008280WA0200802081
B2104314737660N12008283WA0200802081
B2104324737653N12008286WA0200802082
B2104334737647N12008288WA0200802084
B2104344737641N12008290WA0200802085
B2104354737635N12008292WA0200902088
B2104364737628N12008293WA0200902089
B2104374737622N12008294WA0201002091
B2104384737615N12008295WA0201102092
B2104394737608N12008295WA0201202094
B2104404737601N12008294WA0201302095
B2104414737593N12008292WA0201402097
B2104424737585N12008291WA0201502099
B2104434737578N12008289WA0201602102
B2104444737571N12008286WA0201702105
B2104454737564N12008283WA0201902108
B2104464737557N12008280WA0202002110
B2104474737550N12008278WA0202302113
B2104484737543N12008277WA0202402115
B2104494737537N12008276WA0202602117
B2104504737531N12008276WA0202802118
B2104514737525N12008275WA0203002118
B2104524737518N12008275WA0203102117
B2104534737511N12008275WA0203302117
B2104544737504N12008275WA0203402117
B2104554737497N12008276WA0203502117
B2104564737490N12008277WA0203602117
B2104574737484N12008278WA0203702117
B2104584737477N12008279WA0203802117
B2104594737470N12008281WA0203802118
B2105004737464N12008282WA0203902118
B2105014737457N12008283WA0204002118
B2105024737449N12008284WA0204002118
B2105034737442N12008285WA0204102118
B2105044737436N12008286WA0204102120
B2105054737429N12008286WA0204202123
B2105064737424N12008286WA0204302125
B2105074737418N12008286WA0204402128
B2105084737412N12008287WA0204502129
B2105094737406N12008287WA0204602130
B2105104737400N12008288WA0204702130
B2105114737393N12008289WA0204802131
B2105124737386N12008291WA0204902131
B2105134737379N12008293WA0205002132
B2105144737373N12008294WA0205102134
B2105154737366N12008296WA0205202136
B2105164737360N12008298WA0205302138
B2105174737353N12008299WA0205402140
B2105184737347N12008300WA0205502142
B2105194737341N12008302WA0205702143
B2105204737335N12008304WA0205802145
B2105214737329N12008305WA0206002147
B2105224737323N12008307WA0206102148
B2105234737317N12008309WA0206202149
B2105244737310N12008313WA0206302149
B2105254737303N12008317WA0206502150
B2105264737296N12008321WA0206602152
B2105274737290N12008325WA0206802153
B2105284737283N12008327WA0206902153
B2105294737276N12008328WA0207002152
B2105304737269N12008328WA0207102150
B2105314737261N12008327WA0207202148
B2105324737253N12008327WA0207202147
B2105334737246N12008327WA0207202147
B2105344737239N12008330WA0207202148
B2105354737233N12008333WA0207202147
B2105364737227N12008336WA0207202144
B2105374737221N12008339WA0207202141
B2105384737214N12008340WA0207102137
B2105394737206N12008340WA0207002133
B2105404737198N12008340WA0206902130
B2105414737190N12008340WA0206802128
B2105424737183N12008341WA0206602126
B2105434737176N12008342WA0206402125
B2105444737170N12008344WA0206302123
B2105454737163N12008347WA0206102121
B2105464737156N12008350WA0206002118
B2105474737149N12008353WA0205802116
B2105484737141N12008355WA0205602115
B2105494737134N12008356WA0205402114
B2105504737127N12008358WA0205302115
B2105514737120N12008360WA0205202116
B2105524737112N12008363WA0205102116
B2105534737105N12008367WA0205002117
B2105544737097N12008370WA0204902117
B2105554737089N12008373WA0204802119
B2105564737082N12008374WA0204802121
B2105574737074N12008376WA0204802123
B2105584737066N12008377WA0204802125
B2105594737059N12008379WA0204802127
B2106004737051N12008381WA0204902130
B2106014737043N12008383WA0204902133
B2106024737036N12008385WA0205002137
B2106034737029N12008387WA0205202142
B2106044737023N12008390WA0205302147
B2106054737016N12008393WA0205502150
B2106064737010N12008396WA0205702154
B2106074737003N12008398WA0206002156
B2106084736997N12008400WA0206102159
B2106094736990N12008401WA0206402161
B2106104736983N12008402WA0206602163
B2106114736976N12008403WA0206902164
B2106124736969N12008403WA0207102167
B2106134736963N12008402WA0207402169
B2106144736957N12008402WA0207502171
B2106154736951N12008403WA0207802173
B2106164736945N12008404WA0208002173
B2106174736938N12008406WA0208202173
B2106184736931N12008408WA0208302173
B2106194736924N12008409WA0208502173
B2106204736917N12008410WA0208602173
B2106214736910N12008411WA0208802174
B2106224736904N12008411WA0208902174
B2106234736897N12008412WA0209002173
B2106244736891N12008412WA0209102171
B2106254736884N12008413WA0209202168
B2106264736877N12008414WA0209202166
B2106274736870N12008416WA0209202164
B2106284736864N12008416WA0209102164
B2106294736858N12008417WA0209102163
B2106304736852N12008416WA0209102160
B2106314736846N12008416WA0209002157
B2106324736840N12008415WA0208902154
B2106334736833N12008414WA0208802152
B2106344736827N12008414WA0208702151
B2106354736820N12008415WA0208502151
B2106364736814N12008415WA0208402151
B2106374736808N12008416WA0208302151
B2106384736801N12008417WA0208202150
B2106394736795N12008418WA0208102149
B2106404736789N12008419WA0208002147
B2106414736782N12008420WA0207902146
B2106424736775N12008421WA0207802145
B2106434736769N12008422WA0207702143
B2106444736762N12008422WA0207602142
B2106454736755N12008424WA0207502141
B2106464736748N12008425WA0207402140
B2106474736741N12008427WA0207302140
B2106484736734N12008429WA0207202139
B2106494736727N12008430WA0207102139
B2106504736720N12008433WA0207002138
B2106514736713N12008435WA0206902137
B2106524736706N12008437WA0206802136
B2106534736699N12008439WA0206702136
B2106544736692N12008440WA0206702136
B2106554736685N12008442WA0206602137
B2106564736678N12008443WA0206502137
B2106574736671N12008445WA0206502138
B2106584736663N12008446WA0206502139
B2106594736656N12008447WA0206402141
B2107004736650N12008449WA0206402143
B2107014736644N12008451WA0206502145
B2107024736638N12008453WA0206502147
B2107034736632N12008455WA0206602147
B2107044736625N12008456WA0206602146
B2107054736618N12008458WA0206702146
B2107064736611N12008460WA0206702146
B2107074736604N12008462WA0206702148
B2107084736597N12008464WA0206802149
B2107094736590N12008465WA0206802149
B2107104736582N12008467WA0206902149
B2107114736574N12008468WA0206902150
B2107124736567N12008470WA0207002150
B2107134736559N12008471WA0207002151
B2107144736552N12008471WA0207102152
B2107154736544N12008472WA0207202153
B2107164736536N12008474WA0207202154
B2107174736529N12008475WA0207302155
B2107184736521N12008476WA0207302157
B2107194736513N12008477WA0207402158
B2107204736506N12008478WA0207502160
B2107214736498N12008479WA0207602162
B2107224736490N12008480WA0207702164
B2107234736483N12008481WA0207802166
B2107244736475N12008482WA0207902168
B2107254736467N12008483WA0208102170
B2107264736459N12008484WA0208202172
B2107274736451N12008486WA0208402174
B2107284736443N12008487WA0208502176
B2107294736435N12008489WA0208702178
B2107304736428N12008491WA0208802181
B2107314736420N12008493WA0209002183
B2107324736412N12008494WA0209102185
B2107334736405N12008496WA0209402186
B2107344736397N12008497WA0209502188
B2107354736390N12008498WA0209702190
B2107364736382N12008500WA0209902192
B2107374736374N12008501WA0210102194
B2107384736366N12008502WA0210202196
B2107394736358N12008503WA0210402198
B2107404736351N12008504WA0210602200
B2107414736343N12008505WA0210802203
B2107424736335N12008506WA0211002205
B2107434736327N12008506WA0211202208
B2107444736320N12008507WA0211402212
B2107454736312N12008508WA0211702215
B2107464736306N12008510WA0211902218
B2107474736301N12008514WA0212102223
B2107484736298N12008520WA0212402226
B2107494736297N12008529WA0212702228
B2107504736299N12008538WA0212902230
B2107514736301N12008546WA0213202232
B2107524736306N12008550WA0213402235
B2107534736310N12008551WA0213702237
B2107544736315N12008547WA0213902238
B2107554736318N12008540WA0214202239
B2107564736320N12008532WA0214402239
B2107574736320N12008524WA0214602241
B2107584736321N12008516WA0214802243
B2107594736321N12008508WA0215002245
B2108004736322N12008500WA0215202248
B2108014736321N12008492WA0215402250
B2108024736320N12008483WA0215602252
B2108034736318N12008475WA0215902255
B2108044736315N12008467WA0216002257
B2108054736312N12008458WA0216302261
B2108064736310N12008450WA0216502264
B2108074736308N12008442WA0216802268
B2108084736305N12008435WA0217002273
B2108094736301N12008429WA0217302277
B2108104736297N12008427WA0217502280
B2108114736292N12008428WA0217902282
B2108124736289N12008433WA0218102285
B2108134736289N12008440WA0218402289
B2108144736292N12008447WA0218702292
B2108154736296N12008453WA0219002295
B2108164736302N12008455WA0219302298
B2108174736308N12008453WA0219602302
B2108184736313N12008447WA0219902306
B2108194736316N12008438WA0220302309
B2108204736317N12008428WA0220502313
B2108214736317N12008419WA0220902317
B2108224736316N12008410WA0221202322
B2108234736314N12008403WA0221602328
B2108244736312N12008397WA0221902332
B2108254736309N12008391WA0222302337
B2108264736304N12008387WA0222602340
B2108274736298N12008385WA0223102342
B2108284736293N12008386WA0223402346
B2108294736290N12008390WA0223802350
B2108304736288N12008396WA0224102352
B2108314736289N12008404WA0224502355
B2108324736293N12008410WA0224802358
B2108334736298N12008414WA0225202362
B2108344736303N12008413WA0225502366
B2108354736309N12008410WA0225902370
B2108364736315N12008403WA0226202372
B2108374736320N12008395WA0226602375
B2108384736323N12008386WA0226902378
B2108394736325N12008378WA0227302383
B2108404736326N12008369WA0227602387
B2108414736324N12008359WA0228002389
B2108424736321N12008349WA0228202391
B2108434736316N12008340WA0228602395
B2108444736311N12008334WA0228902400
B2108454736306N12008329WA0229302404
B2108464736301N12008326WA0229602407
B2108474736296N12008324WA0230002409
B2108484736290N12008321WA0230202409
B2108494736284N12008319WA0230502409
B2108504736277N12008317WA0230702407
B2108514736270N12008315WA0231002407
B2108524736263N12008313WA0231202407
B2108534736256N12008311WA0231402407
B2108544736249N12008309WA0231502405
B2108554736242N12008307WA0231602403
B2108564736235N12008305WA0231702400
B2108574736227N12008304WA0231702397
B2108584736219N12008303WA0231702394
B2108594736212N12008302WA0231702391
B2109004736204N12008301WA0231602389
B2109014736197N12008300WA0231602389
B2109024736192N12008299WA0231502389
B2109034736187N12008296WA0231402390
B2109044736182N12008294WA0231402389
B2109054736177N12008292WA0231302388
B2109064736171N12008290WA0231202385
B2109074736165N12008288WA0231102382
B2109084736159N12008286WA0231002377
B2109094736152N12008285WA0230802373
B2109104736144N12008283WA0230702370
B2109114736137N12008282WA0230402367
B2109124736129N12008281WA0230302365
B2109134736123N12008280WA0230002364
B2109144736116N12008279WA0229902363
B2109154736109N12008278WA0229702362
B2109164736102N12008277WA0229502360
B2109174736095N12008276WA0229302357
B2109184736087N12008275WA0229202354
B2109194736079N12008273WA0228902352
B2109204736071N12008271WA0228802349
B2109214736063N12008268WA0228502347
B2109224736055N12008265WA0228402345
B2109234736047N12008262WA0228102344
B2109244736039N12008260WA0228002344
B2109254736032N12008258WA0227802343
B2109264736024N12008257WA0227602342
B2109274736016N12008255WA0227402341
B2109284736008N12008254WA0227302340
B2109294736000N12008254WA0227102339
B2109304735992N12008254WA0227002339
B2109314735985N12008253WA0226902340
B2109324735979N12008253WA0226802342
B2109334735974N12008253WA0226702344
B2109344735968N12008253WA0226702345
B2109354735963N12008253WA0226602345
B2109364735958N12008253WA0226602344
B2109374735952N12008252WA0226502344
B2109384735946N12008252WA0226502344
B2109394735940N12008251WA0226502343
B2109404735934N12008250WA0226402343
B2109414735928N12008249WA0226402343
B2109424735922N12008247WA0226402342
B2109434735916N12008246WA0226302342
B2109444735910N12008244WA0226302342
B2109454735904N12008243WA0226302341
B2109464735897N12008242WA0226202340
B2109474735891N12008240WA0226202339
B2109484735884N12008239WA0226102338
B2109494735877N12008236WA0226002337
B2109504735871N12008234WA0226002336
B2109514735865N12008232WA0225902335
B2109524735858N12008230WA0225902333
B2109534735851N12008229WA0225802330
B2109544735843N12008228WA0225702327
B2109554735835N12008226WA0225602324
B2109564735827N12008224WA0225402320
B2109574735818N12008223WA0225202316
B2109584735810N12008221WA0225102313
B2109594735801N12008220WA0224802310
B2110004735792N12008220WA0224702308
B2110014735783N12008219WA0224402306
B2110024735774N12008219WA0224202304
B2110034735766N12008218WA0224002301
B2110044735757N12008218WA0223802299
B2110054735748N12008217WA0223502296
B2110064735740N12008216WA0223402294
B2110074735731N12008214WA0223102292
B2110084735723N12008213WA0222902291
B2110094735715N12008212WA0222702289
B2110104735707N12008211WA0222502288
B2110114735698N12008210WA0222302286
B2110124735690N12008209WA0222102283
B2110134735681N12008208WA0221902280
B2110144735672N12008207WA0221702277
B2110154735664N12008207WA0221502275
B2110164735656N12008207WA0221302276
B2110174735650N12008208WA0221102276
B2110184735645N12008209WA0221002277
B2110194735639N12008209WA0220802276
B2110204735633N12008208WA0220702274
B2110214735626N12008208WA0220502271
B2110224735619N12008206WA0220402267
B2110234735611N12008205WA0220202263
B2110244735603N12008204WA0220002258
B2110254735594N12008205WA0219702254
B2110264735585N12008206WA0219602250
B2110274735576N12008209WA0219202246
B2110284735567N12008213WA0219002243
B2110294735558N12008217WA0218702239
B2110304735549N12008221WA0218502236
B2110314735540N12008225WA0218102234
B2110324735531N12008229WA0217902232
B2110334735522N12008232WA0217602230
B2110344735514N12008236WA0217402229
B2110354735505N12008241WA0217102227
B2110364735497N12008245WA0216902225
B2110374735488N12008249WA0216602223
B2110384735480N12008253WA0216402221
B2110394735471N12008257WA0216102219
B2110404735462N12008260WA0215902217
B2110414735454N12008264WA0215702215
B2110424735445N12008266WA0215502214
B2110434735436N12008269WA0215302212
B2110444735428N12008272WA0215102210
B2110454735419N12008276WA0214902209
B2110464735411N12008279WA0214702209
B2110474735404N12008282WA0214602210
B2110484735396N12008284WA0214502211
B2110494735389N12008286WA0214302211
B2110504735381N12008288WA0214202211
B2110514735374N12008290WA0214102210
B2110524735366N12008292WA0214002210
B2110534735358N12008294WA0213902210
B2110544735349N12008296WA0213902209
B2110554735341N12008298WA0213802209
B2110564735333N12008300WA0213702207
B2110574735324N12008302WA0213602206
B2110584735316N12008304WA0213602205
B2110594735308N12008306WA0213502204
B2111004735301N12008308WA0213402204
B2111014735294N12008310WA0213302204
B2111024735288N12008312WA0213302203
B2111034735281N12008314WA0213202202
B2111044735273N12008316WA0213102200
B2111054735266N12008319WA0213002199
B2111064735258N12008321WA0213002198
B2111074735251N12008325WA0212902197
B2111084735243N12008328WA0212802197
B2111094735236N12008330WA0212702195
B2111104735229N12008333WA0212602192
B2111114735220N12008336WA0212402188
B2111124735212N12008338WA0212302184
B2111134735203N12008340WA0212102180
B2111144735194N12008342WA0212002177
B2111154735185N12008344WA0211802174
B2111164735177N12008345WA0211602175
B2111174735171N12008346WA0211402177
B2111184735165N12008346WA0211302180
B2111194735161N12008346WA0211202183
B2111204735156N12008346WA0211102183
B2111214735151N12008346WA0211002182
B2111224735145N12008347WA0211002181
B2111234735139N12008348WA0210902180
B2111244735133N12008348WA0210802178
B2111254735126N12008349WA0210802178
B2111264735120N12008349WA0210702177
B2111274735114N12008349WA0210602177
B2111284735107N12008349WA0210602178
B2111294735101N12008350WA0210502178
B2111304735095N12008351WA0210502178
B2111314735088N12008352WA0210502179
B2111324735082N12008353WA0210402180
B2111334735075N12008354WA0210402180
B2111344735070N12008354WA0210402180
B2111354735064N12008354WA0210402180
B2111364735058N12008353WA0210402179
B2111374735051N12008353WA0210402178
B2111384735044N12008353WA0210402176
B2111394735037N12008354WA0210302175
B2111404735031N12008357WA0210302175
B2111414735024N12008359WA0210302176
B2111424735018N12008362WA0210202177
B2111434735012N12008364WA0210202178
B2111444735006N12008366WA0210202179
B2111454735000N12008369WA0210202179
B2111464734994N12008371WA0210202180
B2111474734988N12008373WA0210302182
B2111484734982N12008375WA0210302184
B2111494734977N12008377WA0210402186
B2111504734971N12008379WA0210402188
B2111514734966N12008380WA0210502190
B2111524734960N12008382WA0210602190
B2111534734953N12008383WA0210702191
B2111544734947N12008385WA0210802193
B2111554734942N12008387WA0210902195
B2111564734936N12008389WA0211002198
B2111574734931N12008391WA0211202200
B2111584734925N12008393WA0211302203
B2111594734920N12008395WA0211502205
B2112004734914N12008397WA0211602208
B2112014734909N12008400WA0211802210
B2112024734903N12008403WA0211902213
B2112034734897N12008406WA0212102216
B2112044734891N12008409WA0212302219
B2112054734885N12008411WA0212502222
B2112064734880N12008412WA0212702225
B2112074734874N12008413WA0213002229
B2112084734868N12008415WA0213202232
B2112094734863N12008417WA0213502235
B2112104734858N12008419WA0213702237
B2112114734853N12008422WA0214002240
B2112124734848N12008425WA0214202242
B2112134734842N12008428WA0214502244
B2112144734836N12008432WA0214702246
B2112154734830N12008436WA0214902248
B2112164734826N12008440WA0215102250
B2112174734821N12008444WA0215402253
B2112184734817N12008448WA0215602255
B2112194734813N12008452WA0215902256
B2112204734809N12008456WA0216102258
B2112214734805N12008461WA0216302260
B2112224734801N12008466WA0216502263
B2112234734798N12008472WA0216802264
B2112244734794N12008477WA0216902266
B2112254734789N12008483WA0217202269
B2112264734785N12008488WA0217402272
B2112274734781N12008493WA0217602275
B2112284734778N12008498WA0217802279
B2112294734775N12008502WA0218102283
B2112304734772N12008505WA0218302287
B2112314734769N12008509WA0218702290
B2112324734766N12008513WA0218902293
B2112334734763N12008519WA0219202295
B2112344734759N12008525WA0219402298
B2112354734755N12008531WA0219802302
B2112364734752N12008537WA0220002306
B2112374734749N12008542WA0220302311
B2112384734746N12008547WA0220602315
B2112394734745N12008552WA0221002319
B2112404734746N12008558WA0221302322
B2112414734748N12008565WA0221602323
B2112424734753N12008570WA0221902323
B2112434734759N12008574WA0222202324
B2112444734765N12008574WA0222402327
B2112454734771N12008570WA0222802328
B2112464734777N12008564WA0223002329
B2112474734782N12008556WA0223202330
B2112484734786N12008547WA0223402332
B2112494734788N12008538WA0223702337
B2112504734789N12008529WA0223802341
B2112514734788N12008520WA0224102344
B2112524734788N12008510WA0224302348
B2112534734788N12008501WA0224602352
B2112544734789N12008492WA0224802356
B2112554734789N12008484WA0225202361
B2112564734788N12008477WA0225402366
B2112574734785N12008472WA0225802369
B2112584734780N12008469WA0226102372
B2112594734774N12008468WA0226502374
B2113004734769N12008470WA0226702376
B2113014734765N12008475WA0227102380
B2113024734764N12008482WA0227302383
B2113034734765N12008490WA0227702387
B2113044734769N12008496WA0228002390
B2113054734775N12008499WA0228302394
B2113064734781N12008500WA0228602397
B2113074734788N12008499WA0229002400
B2113084734795N12008495WA0229202403
B2113094734801N12008489WA0229602406
B2113104734806N12008483WA0229902411
B2113114734810N12008476WA0230302415
B2113124734812N12008469WA0230502419
B2113134734813N12008460WA0230902422
B2113144734812N12008452WA0231202425
B2113154734809N12008445WA0231602428
B2113164734805N12008440WA0231902431
B2113174734800N12008437WA0232302433
B2113184734795N12008438WA0232502436
B2113194734790N12008441WA0232902440
B2113204734788N12008447WA0233202443
B2113214734788N12008455WA0233502446
B2113224734791N12008462WA0233802450
B2113234734795N12008467WA0234202453
B2113244734800N12008470WA0234402457
B2113254734807N12008471WA0234802460
B2113264734814N12008470WA0235102462
B2113274734821N12008467WA0235402464
B2113284734827N12008462WA0235702468
B2113294734832N12008455WA0236002472
B2113304734836N12008447WA0236302476
B2113314734839N12008439WA0236702479
B2113324734841N12008430WA0236902482
B2113334734842N12008421WA0237302485
B2113344734844N12008411WA0237502487
B2113354734845N12008401WA0237902488
B2113364734846N12008389WA0238102489
B2113374734847N12008377WA0238402490
B2113384734848N12008364WA0238602493
B2113394734849N12008352WA0238902496
B2113404734850N12008340WA0239102500
B2113414734851N12008329WA0239402504
B2113424734851N12008318WA0239702507
B2113434734852N12008307WA0240002510
B2113444734853N12008296WA0240202513
B2113454734854N12008285WA0240602517
B2113464734854N12008275WA0240802520
B2113474734854N12008264WA0241102523
B2113484734854N12008253WA0241402525
B2113494734853N12008241WA0241702528
B2113504734854N12008229WA0241902530
B2113514734855N12008217WA0242302534
B2113524734856N12008205WA0242502537
B2113534734857N12008194WA0242902542
B2113544734858N12008181WA0243102546
B2113554734858N12008168WA0243502549
B2113564734857N12008156WA0243802553
B2113574734856N12008143WA0244102556
B2113584734856N12008131WA0244402559
B2113594734855N12008118WA0244802562
B2114004734856N12008105WA0245102566
B2114014734855N12008091WA0245502569
B2114024734855N12008078WA0245702572
B2114034734854N12008065WA0246102575
B2114044734852N12008051WA0246402577
B2114054734851N12008038WA0246702580
B2114064734850N12008026WA0247002582
B2114074734850N12008013WA0247302585
B2114084734849N12008001WA0247502587
B2114094734849N12007989WA0247902588
B2114104734848N12007978WA0248102589
B2114114734848N12007966WA0248402589
B2114124734848N12007954WA0248602589
B2114134734848N12007941WA0248802590
B2114144734847N12007929WA0249002590
B2114154734847N12007917WA0249202590
B2114164734846N12007904WA0249302589
B2114174734846N12007891WA0249402588
B2114184734845N12007877WA0249502588
B2114194734845N12007863WA0249702589
B2114204734845N12007850WA0249702589
B2114214734845N12007837WA0249802590
B2114224734845N12007824WA0249902591
B2114234734846N12007810WA0250002591
B2114244734846N12007796WA0250102592
B2114254734846N12007782WA0250202595
B2114264734845N12007769WA0250202599
B2114274734844N12007757WA0250402602
B2114284734843N12007746WA0250502603
B2114294734841N12007734WA0250702603
B2114304734841N12007722WA0250702603
B2114314734841N12007710WA0250902603
B2114324734841N12007698WA0251002603
B2114334734841N12007686WA0251102602
B2114344734840N12007675WA0251202603
B2114354734838N12007664WA0251302604
B2114364734837N12007652WA0251302605
B2114374734836N12007640WA0251402607
B2114384734836N12007627WA0251502610
B2114394734836N12007615WA0251602613
B2114404734836N12007604WA0251702616
B2114414734835N12007592WA0251902618
B2114424734834N12007579WA0252002619
B2114434734833N12007566WA0252102619
B2114444734832N12007553WA0252202618
B2114454734831N12007540WA0252402618
B2114464734830N12007527WA0252402619
B2114474734829N12007514WA0252602619
B2114484734829N12007501WA0252602618
B2114494734828N12007488WA0252702617
B2114504734829N12007475WA0252802615
B2114514734829N12007461WA0252802612
B2114524734830N12007447WA0252802609
B2114534734831N12007432WA0252802605
B2114544734831N12007416WA0252702602
B2114554734832N12007401WA0252602599
B2114564734833N12007384WA0252502597
B2114574734834N12007369WA0252402596
B2114584734834N12007354WA0252202596
B2114594734834N12007339WA0252102595
B2115004734834N12007324WA0252002594
B2115014734834N12007309WA0251902594
B2115024734834N12007294WA0251702593
B2115034734835N12007280WA0251702594
B2115044734836N12007266WA0251502596
B2115054734835N12007253WA0251502599
B2115064734835N12007240WA0251502602
B2115074734835N12007227WA0251502605
B2115084734835N12007214WA0251502606
B2115094734835N12007201WA0251502606
B2115104734835N12007186WA0251602606
B2115114734836N12007172WA0251602605
B2115124734837N12007157WA0251602604
B2115134734838N12007142WA0251602602
B2115144734838N12007126WA0251602599
B2115154734839N12007110WA0251602597
B2115164734839N12007094WA0251602594
B2115174734839N12007078WA0251502592
B2115184734839N12007063WA0251402591
B2115194734840N12007048WA0251402591
B2115204734841N12007034WA0251302591
B2115214734842N12007020WA0251202590
B2115224734843N12007006WA0251102590
B2115234734843N12006992WA0251002589
B2115244734843N12006979WA0250902590
B2115254734844N12006965WA0250902590
B2115264734844N12006953WA0250802591
B2115274734844N12006940WA0250802591
B2115284734844N12006927WA0250702591
B2115294734844N12006913WA0250702590
B2115304734843N12006899WA0250602589
B2115314734843N12006886WA0250602588
B2115324734842N12006872WA0250502587
B2115334734842N12006859WA0250502587
B2115344734840N12006847WA0250502588
B2115354734839N12006836WA0250402589
B2115364734838N12006824WA0250402589
B2115374734837N12006812WA0250402588
B2115384734837N12006799WA0250402586
B2115394734836N12006785WA0250302585
B2115404734836N12006771WA0250302583
B2115414734835N12006757WA0250202583
B2115424734834N12006743WA0250202583
B2115434734833N12006730WA0250102583
B2115444734832N12006716WA0250102582
B2115454734832N12006703WA0250102581
B2115464734831N12006690WA0250002581
B2115474734830N12006677WA0249902580
B2115484734829N12006665WA0249902582
B2115494734829N12006655WA0249902584
B2115504734829N12006645WA0249902585
B2115514734828N12006636WA0249902585
B2115524734828N12006626WA0249902585
B2115534734828N12006615WA0249902584
B2115544734828N12006603WA0249802583
B2115554734828N12006592WA0249802583
B2115564734828N12006580WA0249802583
B2115574734828N12006567WA0249802584
B2115584734829N12006555WA0249802584
B2115594734829N12006543WA0249802584
B2116004734829N12006531WA0249802585
B2116014734830N12006520WA0249902586
B2116024734831N12006508WA0249902587
B2116034734832N12006496WA0249902588
B2116044734834N12006485WA0250002588
B2116054734834N12006473WA0250002589
B2116064734835N12006462WA0250002590
B2116074734836N12006452WA0250102591
B2116084734836N12006442WA0250102592
B2116094734836N12006433WA0250202594
B2116104734837N12006423WA0250302594
B2116114734837N12006413WA0250302594
B2116124734838N12006403WA0250402594
B2116134734839N12006393WA0250402594
B2116144734840N12006382WA0250502594
B2116154734841N12006371WA0250502592
B2116164734843N12006360WA0250502592
B2116174734845N12006349WA0250502591
B2116184734846N12006338WA0250602591
B2116194734847N12006327WA0250502589
B2116204734847N12006315WA0250502588
B2116214734847N12006303WA0250502587
B2116224734846N12006291WA0250502585
B2116234734845N12006279WA0250402584
B2116244734844N12006268WA0250402583
B2116254734843N12006258WA0250302583
B2116264734843N12006248WA0250302584
B2116274734842N12006238WA0250202583
B2116284734841N12006228WA0250202582
B2116294734841N12006218WA0250102580
B2116304734840N12006207WA0250002578
B2116314734839N12006195WA0250002575
B2116324734839N12006182WA0249802573
B2116334734838N12006169WA0249802571
B2116344734838N12006155WA0249602571
B2116354734838N12006142WA0249602575
B2116364734839N12006130WA0249502580
B2116374734839N12006118WA0249502586
B2116384734840N12006106WA0249602591
B2116394734840N12006094WA0249602595
B2116404734840N12006082WA0249702597
B2116414734840N12006069WA0249802600
B2116424734840N12006056WA0250002603
B2116434734840N12006045WA0250202605
B2116444734840N12006034WA0250402606
B2116454734839N12006022WA0250502606
B2116464734839N12006010WA0250702606
B2116474734838N12005998WA0250802605
B2116484734838N12005985WA0250902605
B2116494734837N12005972WA0251002604
B2116504734837N12005959WA0251102604
B2116514734838N12005945WA0251202604
B2116524734838N12005932WA0251302604
B2116534734838N12005919WA0251402604
B2116544734837N12005906WA0251402605
B2116554734837N12005894WA0251502604
B2116564734836N12005882WA0251502602
B2116574734836N12005869WA0251502599
B2116584734835N12005855WA0251502596
B2116594734834N12005840WA0251502591
B2117004734833N12005825WA0251402588
B2117014734831N12005810WA0251302586
B2117024734830N12005796WA0251202585
B2117034734829N12005783WA0251102584
B2117044734828N12005769WA0251002582
B2117054734827N12005756WA0250902580
B2117064734825N12005741WA0250702577
B2117074734824N12005726WA0250602573
B2117084734822N12005710WA0250302570
B2117094734820N12005695WA0250202567
B2117104734819N12005680WA0250002566
B2117114734818N12005666WA0249802565
B2117124734816N12005652WA0249602564
B2117134734815N12005638WA0249502562
B2117144734814N12005624WA0249302561
B2117154734813N12005610WA0249102559
B2117164734813N12005596WA0248902558
B2117174734812N12005582WA0248802556
B2117184734810N12005568WA0248602555
B2117194734809N12005554WA0248502553
B2117204734807N12005540WA0248302551
B2117214734806N12005525WA0248102550
B2117224734804N12005511WA0248002549
B2117234734803N12005497WA0247802548
B2117244734802N12005483WA0247702548
B2117254734801N12005469WA0247602547
B2117264734801N12005455WA0247402546
B2117274734800N12005442WA0247302545
B2117284734800N12005428WA0247202543
B2117294734799N12005414WA0247102542
B2117304734799N12005399WA0246902541
B2117314734798N12005385WA0246802540
B2117324734798N12005371WA0246702538
B2117334734798N12005358WA0246602537
B2117344734797N12005344WA0246402535
B2117354734796N12005331WA0246302534
B2117364734795N12005318WA0246202533
B2117374734793N12005305WA0246102531
B2117384734792N12005291WA0245902531
B2117394734791N12005278WA0245802530
B2117404734791N12005264WA0245702529
B2117414734790N12005251WA0245602529
B2117424734789N12005237WA0245502529
B2117434734787N12005223WA0245402529
B2117444734786N12005210WA0245302529
B2117454734785N12005196WA0245202528
B2117464734784N12005183WA0245202528
B2117474734783N12005170WA0245102528
B2117484734782N12005157WA0245002528
B2117494734782N12005144WA0245002529
B2117504734782N12005132WA0245002530
B2117514734781N12005120WA0244902531
B2117524734781N12005107WA0244902530
B2117534734780N12005094WA0244902529
B2117544734779N12005081WA0244902528
B2117554734778N12005067WA0244802526
B2117564734776N12005053WA0244802525
B2117574734775N12005039WA0244702525
B2117584734775N12005025WA0244702525
B2117594734774N12005012WA0244602525
B2118004734773N12004999WA0244602525
B2118014734773N12004986WA0244602525
B2118024734773N12004973WA0244502524
B2118034734772N12004960WA0244502522
B2118044734772N12004945WA0244402520
B2118054734771N12004931WA0244402519
B2118064734771N12004918WA0244302518
B2118074734770N12004905WA0244202517
B2118084734769N12004893WA0244102517
B2118094734769N12004882WA0244102517
B2118104734769N12004871WA0244002515
B2118114734769N12004860WA0243902513
B2118124734769N12004848WA0243802510
B2118134734768N12004836WA0243702507
B2118144734768N12004823WA0243602505
B2118154734768N12004810WA0243502503
B2118164734768N12004798WA0243302502
B2118174734768N12004785WA0243202501
B2118184734768N12004773WA0243002500
B2118194734768N12004761WA0242902500
B2118204734769N12004749WA0242802498
B2118214734769N12004736WA0242702497
B2118224734768N12004724WA0242502496
B2118234734766N12004712WA0242402495
B2118244734764N12004700WA0242302494
B2118254734762N12004688WA0242202493
B2118264734760N12004677WA0242002493
B2118274734758N12004666WA0242002492
B2118284734755N12004654WA0241802492
B2118294734753N12004643WA0241702491
B2118304734752N12004631WA0241602490
B2118314734750N12004619WA0241602488
B2118324734749N12004607WA0241402487
B2118334734747N12004595WA0241302485
B2118344734745N12004583WA0241202483
B2118354734743N12004570WA0241102480
B2118364734741N12004557WA0240902478
B2118374734740N12004543WA0240802477
B2118384734738N12004530WA0240702475
B2118394734736N12004517WA0240602474
B2118404734734N12004505WA0240402473
B2118414734731N12004493WA0240302471
B2118424734729N12004480WA0240102469
B2118434734727N12004467WA0240002467
B2118444734725N12004453WA0239802465
B2118454734723N12004439WA0239702463
B2118464734721N12004425WA0239502461
B2118474734719N12004412WA0239402460
B2118484734717N12004399WA0239202458
B2118494734715N12004386WA0239002456
B2118504734712N12004373WA0238802454
B2118514734710N12004360WA0238702453
B2118524734708N12004346WA0238502451
B2118534734706N12004333WA0238402450
B2118544734704N12004320WA0238202448
B2118554734703N12004306WA0238102447
B2118564734701N12004292WA0237902445
B2118574734699N12004279WA0237702444
B2118584734696N12004265WA0237602442
B2118594734693N12004253WA0237402441
B2119004734690N12004240WA0237202440
B2119014734688N12004227WA0237102440
B2119024734686N12004214WA0237002439
B2119034734685N12004202WA0236902439
B2119044734683N12004190WA0236702438
B2119054734682N12004178WA0236602436
B2119064734680N12004166WA0236502434
B2119074734678N12004154WA0236402432
B2119084734676N12004141WA0236202429
B2119094734674N12004129WA0236102427
B2119104734671N12004116WA0235902425
B2119114734669N12004104WA0235802422
B2119124734666N12004091WA0235602420
B2119134734664N12004078WA0235402417
B2119144734662N12004065WA0235202414
B2119154734660N12004052WA0235002412
B2119164734658N12004039WA0234802410
B2119174734656N12004026WA0234602408
B2119184734653N12004013WA0234402406
B2119194734651N12004000WA0234202405
B2119204734648N12003988WA0234002404
B2119214734646N12003977WA0233802403
B2119224734644N12003965WA0233602401
B2119234734643N12003953WA0233502399
B2119244734641N12003941WA0233302396
B2119254734639N12003928WA0233102393
B2119264734636N12003914WA0232902391
B2119274734635N12003900WA0232702388
B2119284734633N12003887WA0232502387
B2119294734632N12003873WA0232302385
B2119304734631N12003860WA0232102383
B2119314734629N12003847WA0231902381
B2119324734628N12003833WA0231702379
B2119334734626N12003820WA0231502376
B2119344734624N12003807WA0231302373
B2119354734622N12003793WA0231102371
B2119364734620N12003780WA0230902371
B2119374734618N12003767WA0230702370
B2119384734617N12003755WA0230502370
B2119394734615N12003743WA0230302368
B2119404734613N12003730WA0230102367
B2119414734611N12003717WA0230002364
B2119424734608N12003703WA0229802362
B2119434734605N12003690WA0229702360
B2119444734603N12003676WA0229502359
B2119454734601N12003664WA0229302359
B2119464734599N12003651WA0229102358
B2119474734597N12003639WA0229002358
B2119484734595N12003627WA0228902357
B2119494734593N12003614WA0228802355
B2119504734591N12003601WA0228602353
B2119514734588N12003588WA0228502351
B2119524734586N12003575WA0228302349
B2119534734584N12003562WA0228202348
B2119544734582N12003549WA0228002347
B2119554734580N12003536WA0227902346
B2119564734579N12003523WA0227802344
B2119574734578N12003510WA0227602343
B2119584734577N12003497WA0227502341
B2119594734575N12003484WA0227402339
B2120004734574N12003471WA0227202336
B2120014734572N12003459WA0227002334
B2120024734570N12003446WA0226902333
B2120034734569N12003434WA0226702332
B2120044734568N12003423WA0226602331
B2120054734568N12003411WA0226402329
B2120064734567N12003399WA0226302326
B2120074734566N12003386WA0226102323
B2120084734564N12003373WA0225902320
B2120094734563N12003360WA0225802317
B2120104734562N12003349WA0225602316
B2120114734561N12003337WA0225402315
B2120124734560N12003325WA0225202313
B2120134734559N12003313WA0225102312
B2120144734557N12003300WA0224902310
B2120154734556N12003286WA0224702308
B2120164734554N12003271WA0224502306
B2120174734553N12003257WA0224402305
B2120184734551N12003242WA0224202305
B2120194734550N12003229WA0224102307
B2120204734549N12003217WA0223902310
B2120214734548N12003205WA0223902312
B2120224734547N12003195WA0223802313
B2120234734545N12003184WA0223802313
B2120244734543N12003173WA0223802313
B2120254734541N12003162WA0223702311
B2120264734538N12003150WA0223702310
B2120274734535N12003138WA0223702308
B2120284734533N12003126WA0223602308
B2120294734531N12003113WA0223502308
B2120304734529N12003100WA0223502308
B2120314734527N12003087WA0223502310
B2120324734526N12003074WA0223402311
B2120334734526N12003061WA0223402312
B2120344734526N12003048WA0223402312
B2120354734526N12003035WA0223402313
B2120364734526N12003023WA0223402313
B2120374734526N12003010WA0223402312
B2120384734525N12002998WA0223402312
B2120394734524N12002984WA0223402311
B2120404734524N12002971WA0223402312
B2120414734524N12002958WA0223402314
B2120424734523N12002945WA0223502316
B2120434734523N12002932WA0223502317
B2120444734523N12002919WA0223602319
B2120454734522N12002907WA0223602319
B2120464734521N12002895WA0223702320
B2120474734520N12002882WA0223702319
B2120484734520N12002869WA0223802319
B2120494734519N12002855WA0223802319
B2120504734519N12002841WA0223902320
B2120514734519N12002828WA0223902321
B2120524734520N12002815WA0224002323
B2120534734520N12002804WA0224002323
B2120544734519N12002792WA0224102324
B2120554734519N12002780WA0224202324
B2120564734518N12002768WA0224202325
B2120574734517N12002755WA0224302324
B2120584734517N12002742WA0224302324
B2120594734516N12002729WA0224402323
B2121004734516N12002716WA0224402323
B2121014734515N12002703WA0224402322
B2121024734514N12002690WA0224502321
B2121034734513N12002677WA0224502320
B2121044734512N12002663WA0224402319
B2121054734511N12002650WA0224402317
B2121064734511N12002636WA0224402316
B2121074734510N12002623WA0224402316
B2121084734509N12002610WA0224302316
B2121094734508N12002598WA0224302317
B2121104734507N12002585WA0224302317
B2121114734506N12002572WA0224302316
B2121124734505N12002558WA0224202316
B2121134734505N12002543WA0224202315
B2121144734504N12002529WA0224202314
B2121154734503N12002513WA0224102314
B2121164734503N12002498WA0224102314
B2121174734502N12002483WA0224102314
B2121184734501N12002469WA0224002314
B2121194734500N12002454WA0224002314
B2121204734499N12002440WA0224002314
B2121214734498N12002425WA0224002313
B2121224734496N12002410WA0223902312
B2121234734495N12002395WA0223902312
B2121244734494N12002382WA0223902312
B2121254734493N12002369WA0223902313
B2121264734493N12002356WA0223902314
B2121274734492N12002344WA0223902315
B2121284734492N12002331WA0223902315
B2121294734491N12002319WA0223902315
B2121304734490N12002306WA0223902314
B2121314734489N12002293WA0223902313
B2121324734488N12002279WA0223802312
B2121334734487N12002265WA0223802310
B2121344734487N12002250WA0223802309
B2121354734486N12002235WA0223702307
B2121364734485N12002220WA0223702307
B2121374734485N12002207WA0223602307
B2121384734484N12002194WA0223602307
B2121394734484N12002181WA0223502307
B2121404734483N12002168WA0223502305
B2121414734482N12002154WA0223402303
B2121424734481N12002140WA0223302300
B2121434734480N12002126WA0223302298
B2121444734479N12002111WA0223202295
B2121454734478N12002096WA0223102294
B2121464734477N12002082WA0222902292
B2121474734476N12002067WA0222802291
B2121484734475N12002053WA0222702290
B2121494734474N12002039WA0222602290
B2121504734473N12002025WA0222502289
B2121514734473N12002011WA0222402289
B2121524734473N12001998WA0222302289
B2121534734473N12001985WA0222202288
B2121544734472N12001971WA0222102286
B2121554734472N12001957WA0222002284
B2121564734472N12001941WA0221902281
B2121574734472N12001926WA0221802280
B2121584734473N12001911WA0221702279
B2121594734475N12001897WA0221602279
B2122004734477N12001883WA0221502280
B2122014734478N12001871WA0221402283
B2122024734479N12001860WA0221402287
B2122034734480N12001850WA0221302290
B2122044734481N12001840WA0221302290
B2122054734481N12001827WA0221302290
B2122064734481N12001813WA0221302288
B2122074734481N12001798WA0221302287
B2122084734481N12001783WA0221302286
B2122094734481N12001769WA0221302287
B2122104734481N12001755WA0221302287
B2122114734481N12001740WA0221302287
B2122124734482N12001726WA0221302287
B2122134734483N12001712WA0221302286
B2122144734484N12001697WA0221302286
B2122154734484N12001682WA0221302286
B2122164734484N12001668WA0221302285
B2122174734483N12001653WA0221302285
B2122184734482N12001638WA0221202284
B2122194734481N12001624WA0221202283
B2122204734480N12001609WA0221202284
B2122214734478N12001595WA0221202283
B2122224734477N12001581WA0221102283
B2122234734476N12001567WA0221102281
B2122244734475N12001552WA0221102280
B2122254734474N12001538WA0221102278
B2122264734473N12001523WA0221002276
B2122274734472N12001507WA0220902275
B2122284734470N12001492WA0220902274
B2122294734469N12001478WA0220802273
B2122304734468N12001463WA0220702274
B2122314734467N12001449WA0220702274
B2122324734466N12001435WA0220602274
B2122334734465N12001421WA0220602274
B2122344734464N12001408WA0220502274
B2122354734463N12001395WA0220502274
B2122364734462N12001382WA0220402273
B2122374734461N12001368WA0220402272
B2122384734460N12001354WA0220302270
B2122394734459N12001341WA0220302269
B2122404734458N12001328WA0220202269
B2122414734457N12001316WA0220102269
B2122424734455N12001303WA0220102269
B2122434734453N12001290WA0220002268
B2122444734452N12001277WA0219902267
B2122454734450N12001263WA0219902264
B2122464734448N12001248WA0219802262
B2122474734446N12001233WA0219702260
B2122484734444N12001218WA0219602259
B2122494734442N12001203WA0219502257
B2122504734441N12001188WA0219402255
B2122514734439N12001173WA0219302253
B2122524734437N12001158WA0219102250
B2122534734436N12001142WA0219002248
B2122544734434N12001127WA0218802245
B2122554734433N12001112WA0218702243
B2122564734431N12001097WA0218502241
B2122574734429N12001083WA0218402240
B2122584734428N12001068WA0218202239
B2122594734426N12001054WA0218102237
B2123004734425N12001040WA0217902235
B2123014734423N12001025WA0217702233
B2123024734421N12001011WA0217502230
B2123034734419N12000996WA0217402227
B2123044734417N12000980WA0217202224
B2123054734415N12000965WA0217002221
B2123064734413N12000950WA0216802219
B2123074734411N12000934WA0216602217
B2123084734409N12000919WA0216302215
B2123094734407N12000905WA0216202214
B2123104734405N12000890WA0215902213
B2123114734404N12000876WA0215702211
B2123124734402N12000861WA0215502210
B2123134734400N12000846WA0215302207
B2123144734398N12000832WA0215102204
B2123154734395N12000817WA0214902202
B2123164734393N12000801WA0214702199
B2123174734391N12000786WA0214502196
B2123184734389N12000770WA0214202194
B2123194734387N12000755WA0214002191
B2123204734385N12000740WA0213802190
B2123214734383N12000726WA0213602188
B2123224734382N12000711WA0213302186
B2123234734380N12000696WA0213102184
B2123244734379N12000681WA0212902182
B2123254734377N12000666WA0212702181
B2123264734376N12000652WA0212502179
B2123274734374N12000637WA0212302178
B2123284734372N12000623WA0212102176
B2123294734370N12000609WA0211902175
B2123304734368N12000594WA0211702175
B2123314734365N12000580WA0211602174
B2123324734363N12000566WA0211402173
B2123334734362N12000552WA0211202172
B2123344734360N12000538WA0211102171
B2123354734359N12000524WA0211002170
B2123364734357N12000510WA0210802167
B2123374734356N12000496WA0210702164
B2123384734355N12000481WA0210502161
B2123394734353N12000465WA0210302158
B2123404734352N12000450WA0210102155
B2123414734350N12000434WA0210002153
B2123424734348N12000419WA0209702151
B2123434734347N12000404WA0209602149
B2123444734345N12000388WA0209302148
B2123454734344N12000373WA0209202147
B2123464734343N12000359WA0209002146
B2123474734341N12000344WA0208802144
B2123484734339N12000329WA0208602142
B2123494734338N12000314WA0208502141
B2123504734336N12000299WA0208302139
B2123514734335N12000285WA0208102138
B2123524734333N12000271WA0208002136
B2123534734332N12000257WA0207802134
B2123544734330N12000242WA0207602131
B2123554734328N12000227WA0207502127
B2123564734326N12000212WA0207202123
B2123574734325N12000196WA0207102120
B2123584734323N12000180WA0206802118
B2123594734322N12000165WA0206602117
B2124004734321N12000150WA0206402116
B2124014734320N12000136WA0206202116
B2124024734319N12000122WA0206002115
B2124034734318N12000107WA0205802113
B2124044734317N12000092WA0205602110
B2124054734316N12000076WA0205502107
B2124064734314N12000061WA0205202105
B2124074734313N12000045WA0205102103
B2124084734311N12000030WA0204902101
B2124094734310N12000015WA0204702100
B2124104734309N12000000WA0204502098
B2124114734309N11959986WA0204402097
B2124124734308N11959972WA0204102096
B2124134734308N11959958WA0204002094
B2124144734306N11959945WA0203802092
B2124154734305N11959931WA0203702090
B2124164734304N11959917WA0203502088
B2124174734302N11959902WA0203302086
B2124184734301N11959888WA0203102083
B2124194734300N11959873WA0203002081
B2124204734299N11959858WA0202702079
B2124214734298N11959844WA0202602078
B2124224734297N11959830WA0202402077
B2124234734296N11959816WA0202202076
B2124244734294N11959803WA0202002074
B2124254734293N11959790WA0201902073
B2124264734291N11959777WA0201702071
B2124274734289N11959763WA0201602069
B2124284734287N11959749WA0201402066
B2124294734286N11959734WA0201202064
B2124304734284N11959719WA0201002062
B2124314734283N11959704WA0200902060
B2124324734282N11959689WA0200702059
B2124334734280N11959674WA0200502058
B2124344734279N11959659WA0200302057
B2124354734277N11959645WA0200202055
B2124364734276N11959630WA0200002054
B2124374734274N11959616WA0199902053
B2124384734273N11959602WA0199702052
B2124394734272N11959588WA0199602051
B2124404734271N11959575WA0199402049
B2124414734270N11959560WA0199302046
B2124424734268N11959546WA0199102044
B2124434734267N11959531WA0199002040
B2124444734265N11959516WA0198802037
B2124454734264N11959501WA0198602035
B2124464734262N11959486WA0198402034
B2124474734261N11959472WA0198202032
B2124484734260N11959457WA0198002030
B2124494734259N11959442WA0197802028
B2124504734258N11959427WA0197602026
B2124514734256N11959412WA0197502023
B2124524734255N11959397WA0197202021
B2124534734255N11959383WA0197102020
B2124544734254N11959369WA0196802019
B2124554734253N11959355WA0196702017
B2124564734252N11959341WA0196502015
B2124574734251N11959327WA0196302012
B2124584734250N11959313WA0196102009
B2124594734249N11959298WA0195902005
B2125004734248N11959284WA0195602002
B2125014734247N11959270WA0195501999
B2125024734246N11959255WA0195201995
B2125034734245N11959240WA0195001992
B2125044734244N11959226WA0194701989
B2125054734243N11959212WA0194501985
B2125064734241N11959198WA0194201982
B2125074734239N11959183WA0193901979
B2125084734237N11959169WA0193601976
B2125094734234N11959156WA0193401973
B2125104734232N11959142WA0193001971
B2125114734230N11959129WA0192801970
B2125124734229N11959116WA0192501968
B2125134734229N11959103WA0192301967
B2125144734229N11959092WA0192001968
B2125154734229N11959081WA0191901969
B2125164734229N11959070WA0191601968
B2125174734229N11959060WA0191501966
B2125184734228N11959048WA0191301963
B2125194734227N11959036WA0191101960
B2125204734227N11959024WA0190901957
B2125214734227N11959011WA0190801954
B2125224734227N11958998WA0190501951
B2125234734228N11958985WA0190401949
B2125244734228N11958973WA0190101947
B2125254734229N11958959WA0189901944
B2125264734230N11958946WA0189701941
B2125274734230N11958933WA0189501938
B2125284734230N11958920WA0189201936
B2125294734231N11958906WA0189001935
B2125304734232N11958893WA0188801935
B2125314734232N11958880WA0188601934
B2125324734233N11958868WA0188401934
B2125334734233N11958855WA0188301934
B2125344734233N11958843WA0188101933
B2125354734232N11958831WA0188001933
B2125364734231N11958819WA0187801932
B2125374734231N11958807WA0187701931
B2125384734230N11958794WA0187601930
B2125394734230N11958782WA0187501928
B2125404734230N11958769WA0187301927
B2125414734230N11958757WA0187201925
B2125424734230N11958743WA0187101923
B2125434734230N11958730WA0187001920
B2125444734230N11958716WA0186801919
B2125454734230N11958703WA0186701918
B2125464734229N11958690WA0186501917
B2125474734229N11958678WA0186401917
B2125484734229N11958665WA0186201915
B2125494734228N11958653WA0186101913
B2125504734227N11958640WA0186001912
B2125514734226N11958629WA0185801911
B2125524734225N11958618WA0185701911
B2125534734225N11958608WA0185601910
B2125544734224N11958597WA0185401907
B2125554734224N11958586WA0185301904
B2125564734223N11958574WA0185101900
B2125574734222N11958562WA0185001896
B2125584734222N11958549WA0184701892
B2125594734221N11958537WA0184501888
B2126004734221N11958524WA0184201885
B2126014734220N11958512WA0184001883
B2126024734220N11958500WA0183701880
B2126034734219N11958487WA0183501877
B2126044734219N11958474WA0183201874
B2126054734218N11958462WA0183001871
B2126064734217N11958449WA0182701868
B2126074734215N11958437WA0182501865
B2126084734214N11958424WA0182201862
B2126094734214N11958411WA0181901859
B2126104734213N11958399WA0181601857
B2126114734212N11958386WA0181401854
B2126124734212N11958373WA0181101852
B2126134734212N11958360WA0180901849
B2126144734211N11958347WA0180601846
B2126154734210N11958334WA0180301842
B2126164734209N11958320WA0180001839
B2126174734207N11958307WA0179801836
B2126184734206N11958293WA0179501834
B2126194734205N11958280WA0179201831
B2126204734204N11958267WA0178901829
B2126214734203N11958254WA0178701828
B2126224734202N11958241WA0178401826
B2126234734200N11958229WA0178201824
B2126244734199N11958216WA0177901821
B2126254734197N11958203WA0177701819
B2126264734196N11958189WA0177401816
B2126274734194N11958176WA0177201813
B2126284734193N11958163WA0176901811
B2126294734191N11958151WA0176701809
B2126304734189N11958139WA0176401807
B2126314734188N11958126WA0176201804
B2126324734186N11958113WA0175901800
B2126334734185N11958099WA0175701797
B2126344734183N11958086WA0175401795
B2126354734181N11958072WA0175201793
B2126364734180N11958058WA0174901790
B2126374734179N11958044WA0174701788
B2126384734178N11958030WA0174401785
B2126394734177N11958017WA0174201783
B2126404734176N11958003WA0173901780
B2126414734174N11957990WA0173701778
B2126424734173N11957976WA0173501776
B2126434734172N11957963WA0173301775
B2126444734171N11957950WA0173001773
B2126454734171N11957937WA0172801771
B2126464734170N11957923WA0172601770
B2126474734169N11957910WA0172401768
B2126484734168N11957897WA0172101766
B2126494734167N11957884WA0172001765
B2126504734166N11957871WA0171801765
B2126514734166N11957859WA0171601764
B2126524734166N11957847WA0171401762
B2126534734166N11957834WA0171301761
B2126544734166N11957821WA0171101759
B2126554734166N11957808WA0170901757
B2126564734165N11957796WA0170701756
B2126574734163N11957786WA0170601756
B2126584734162N11957776WA0170401755
B2126594734161N11957767WA0170301753
B2127004734161N11957758WA0170201752
B2127014734160N11957749WA0170001750
B2127024734160N11957739WA0169901749
B2127034734159N11957728WA0169801748
B2127044734157N11957718WA0169601748
B2127054734155N11957708WA0169501749
B2127064734154N11957699WA0169401752
B2127074734153N11957689WA0169401756
B2127084734152N11957681WA0169301759
B2127094734151N11957671WA0169301761
B2127104734150N11957662WA0169401761
B2127114734149N11957652WA0169401761
B2127124734147N11957642WA0169401762
B2127134734146N11957631WA0169501762
B2127144734144N11957620WA0169501763
B2127154734143N11957609WA0169601764
B2127164734142N11957598WA0169601765
B2127174734141N11957588WA0169701767
B2127184734140N11957577WA0169801768
B2127194734140N11957566WA0169801770
B2127204734139N11957556WA0169901771
B2127214734139N11957546WA0170001772
B2127224734139N11957536WA0170101773
B2127234734139N11957526WA0170201774
B2127244734139N11957515WA0170301774
B2127254734139N11957503WA0170401773
B2127264734140N11957492WA0170401773
B2127274734140N11957481WA0170501773
B2127284734140N11957471WA0170601772
B2127294734140N11957460WA0170601770
B2127304734139N11957448WA0170601767
B2127314734138N11957436WA0170601764
B2127324734137N11957424WA0170501761
B2127334734136N11957412WA0170501758
B2127344734136N11957400WA0170401755
B2127354734135N11957388WA0170301752
B2127364734135N11957377WA0170101751
B2127374734135N11957367WA0170001751
B2127384734134N11957357WA0169901752
B2127394734134N11957349WA0169801754
B2127404734134N11957342WA0169701754
B2127414734134N11957335WA0169701754
B2127424734134N11957327WA0169601753
B2127434734134N11957319WA0169501754
B2127444734135N11957311WA0169501754
B2127454734135N11957303WA0169501753
B2127464734136N11957295WA0169401752
B2127474734136N11957286WA0169301749
B2127484734136N11957277WA0169201746
B2127494734135N11957268WA0169201742
B2127504734135N11957259WA0169001737
B2127514734135N11957248WA0168901733
B2127524734134N11957238WA0168701731
B2127534734134N11957228WA0168501730
B2127544734134N11957219WA0168301731
B2127554734134N11957210WA0168201731
B2127564734133N11957201WA0168001730
B2127574734133N11957193WA0167901730
B2127584734133N11957184WA0167701729
B2127594734133N11957176WA0167601727
B2128004734132N11957167WA0167501725
B2128014734132N11957157WA0167401721
B2128024734131N11957147WA0167201716
B2128034734130N11957136WA0167001711
B2128044734129N11957124WA0166701707
B2128054734129N11957112WA0166601704
B2128064734129N11957102WA0166301703
B2128074734130N11957093WA0166101703
B2128084734131N11957084WA0165801702
B2128094734133N11957075WA0165701701
B2128104734134N11957067WA0165401700
B2128114734135N11957059WA0165301698
B2128124734135N11957050WA0165001696
B2128134734136N11957041WA0164901692
B2128144734136N11957032WA0164601689
B2128154734136N11957022WA0164501686
B2128164734135N11957012WA0164201684
B2128174734134N11957002WA0164001683
B2128184734131N11956994WA0163801683
B2128194734129N11956986WA0163601683
B2128204734126N11956978WA0163401684
B2128214734124N11956971WA0163301685
B2128224734122N11956966WA0163201687
B2128234734120N11956961WA0163101690
B2128244734118N11956958WA0163001691
B2128254734116N11956955WA0163001693
B2128264734114N11956952WA0163001694
B2128274734111N11956949WA0163001696
B2128284734109N11956946WA0163001698
B2128294734107N11956941WA0163001700
B2128304734105N11956935WA0163101702
B2128314734103N11956930WA0163101704
B2128324734101N11956924WA0163201706
B2128334734098N11956919WA0163301708
B2128344734095N11956913WA0163401710
B2128354734092N11956909WA0163501713
B2128364734089N11956904WA0163601716
B2128374734087N11956899WA0163701719
B2128384734085N11956893WA0163901722
B2128394734086N11956886WA0164001725
B2128404734088N11956879WA0164301726
B2128414734093N11956871WA0164401727
B2128424734099N11956865WA0164601728
B2128434734106N11956862WA0164701730
B2128444734113N11956863WA0164901731
B2128454734120N11956868WA0165101733
B2128464734123N11956876WA0165301734
B2128474734125N11956884WA0165401736
B2128484734123N11956891WA0165601738
B2128494734120N11956893WA0165701741
B2128504734117N11956893WA0165901743
B2128514734113N11956889WA0166101744
B2128524734110N11956883WA0166301747
B2128534734109N11956877WA0166401749
B2128544734107N11956870WA0166701752
B2128554734105N11956863WA0166801753
B2128564734103N11956856WA0167001756
B2128574734100N11956850WA0167201759
B2128584734098N11956843WA0167401762
B2128594734096N11956837WA0167601765
B2129004734095N11956830WA0167901768
B2129014734094N11956822WA0168101772
B2129024734096N11956813WA0168301775
B2129034734100N11956804WA0168501777
B2129044734107N11956797WA0168801778
B2129054734116N11956795WA0169001782
B2129064734124N11956798WA0169401785
B2129074734129N11956805WA0169601789
B2129084734130N11956814WA0169901792
B2129094734129N11956820WA0170101796
B2129104734126N11956823WA0170501798
B2129114734122N11956823WA0170701802
B2129124734119N11956820WA0171101805
B2129134734116N11956814WA0171301809
B2129144734115N11956806WA0171701811
B2129154734114N11956797WA0171901814
B2129164734115N11956787WA0172201816
B2129174734117N11956777WA0172501818
B2129184734122N11956769WA0172801820
B2129194734129N11956763WA0173001822
B2129204734138N11956760WA0173301822
B2129214734146N11956760WA0173501821
B2129224734154N11956764WA0173701821
B2129234734161N11956770WA0173901822
B2129244734165N11956778WA0174101824
B2129254734167N11956786WA0174201827
B2129264734166N11956792WA0174401830
B2129274734164N11956797WA0174601832
B2129284734160N11956797WA0174801834
B2129294734156N11956795WA0175001837
B2129304734152N11956789WA0175201840
B2129314734149N11956783WA0175401843
B2129324734147N11956776WA0175701847
B2129334734147N11956769WA0175901852
B2129344734147N11956762WA0176201855
B2129354734147N11956756WA0176401858
B2129364734146N11956750WA0176701860
B2129374734144N11956746WA0176901861
B2129384734142N11956741WA0177201861
B2129394734140N11956735WA0177301860
B2129404734139N11956728WA0177601859
B2129414734137N11956721WA0177701857
B2129424734135N11956713WA0177801856
B2129434734132N11956705WA0177901855
B2129444734130N11956697WA0178001854
B2129454734127N11956689WA0178101854
B2129464734124N11956682WA0178101855
B2129474734120N11956676WA0178201856
B2129484734117N11956669WA0178201857
B2129494734113N11956662WA0178301860
B2129504734110N11956654WA0178401863
B2129514734108N11956648WA0178501868
B2129524734107N11956643WA0178601872
B2129534734106N11956638WA0178801876
B2129544734105N11956632WA0179001877
B2129554734104N11956626WA0179101878
B2129564734102N11956619WA0179301877
B2129574734100N11956611WA0179401876
B2129584734097N11956602WA0179601875
B2129594734095N11956594WA0179701875
B2130004734093N11956584WA0179801875
B2130014734091N11956574WA0179901874
B2130024734088N11956564WA0180001874
B2130034734085N11956555WA0180001874
B2130044734081N11956546WA0180101875
B2130054734078N11956538WA0180101876
B2130064734075N11956529WA0180201877
B2130074734073N11956520WA0180201878
B2130084734071N11956511WA0180301879
B2130094734069N11956502WA0180401879
B2130104734067N11956493WA0180501879
B2130114734065N11956483WA0180501879
B2130124734063N11956472WA0180601879
B2130134734062N11956462WA0180601880
B2130144734061N11956451WA0180701881
B2130154734060N11956441WA0180701883
B2130164734060N11956430WA0180801887
B2130174734061N11956421WA0180901891
B2130184734062N11956413WA0181001896
B2130194734062N11956406WA0181201901
B2130204734061N11956400WA0181401905
B2130214734058N11956396WA0181601909
B2130224734055N11956395WA0181801911
B2130234734051N11956396WA0182001914
B2130244734048N11956401WA0182301917
B2130254734047N11956408WA0182501921
B2130264734047N11956415WA0182801925
B2130274734050N11956423WA0183001928
B2130284734053N11956431WA0183401931
B2130294734059N11956438WA0183601934
B2130304734065N11956443WA0184001936
B2130314734072N11956446WA0184201939
B2130324734080N11956445WA0184501942
B2130334734085N11956440WA0184701944
B2130344734090N11956432WA0185101945
B2130354734093N11956422WA0185301945
B2130364734095N11956412WA0185601947
B2130374734096N11956402WA0185801951
B2130384734097N11956394WA0186101955
B2130394734098N11956387WA0186301959
B2130404734098N11956381WA0186601963
B2130414734098N11956375WA0186801966
B2130424734097N11956370WA0187201968
B2130434734094N11956366WA0187401969
B2130444734090N11956364WA0187701970
B2130454734085N11956363WA0187901971
B2130464734081N11956361WA0188201972
B2130474734077N11956360WA0188301974
B2130484734074N11956359WA0188601976
B2130494734071N11956361WA0188701978
B2130504734069N11956366WA0189001979
B2130514734068N11956373WA0189101980
B2130524734068N11956381WA0189301981
B2130534734071N11956390WA0189501983
B2130544734075N11956398WA0189701985
B2130554734081N11956404WA0189801987
B2130564734087N11956407WA0190001989
B2130574734095N11956408WA0190201992
B2130584734102N11956406WA0190401995
B2130594734108N11956402WA0190601997
B2131004734114N11956395WA0190801999
B2131014734119N11956388WA0191002002
B2131024734123N11956380WA0191202005
B2131034734126N11956372WA0191402007
B2131044734128N11956364WA0191702009
B2131054734128N11956357WA0191802010
B2131064734128N11956350WA0192102011
B2131074734127N11956343WA0192202011
B2131084734126N11956336WA0192402011
B2131094734126N11956327WA0192502010
B2131104734127N11956317WA0192702008
B2131114734128N11956306WA0192802006
B2131124734128N11956294WA0192902004
B2131134734129N11956283WA0192902004
B2131144734130N11956272WA0193002004
B2131154734131N11956261WA0193002005
B2131164734132N11956252WA0193002007
B2131174734134N11956243WA0193102008
B2131184734135N11956235WA0193102008
B2131194734136N11956227WA0193202007
B2131204734136N11956219WA0193202005
B2131214734135N11956210WA0193202001
B2131224734134N11956200WA0193201997
B2131234734133N11956190WA0193101993
B2131244734133N11956180WA0193001990
B2131254734133N11956170WA0192901989
B2131264734133N11956160WA0192801987
B2131274734134N11956150WA0192701985
B2131284734135N11956141WA0192501985
B2131294734136N11956134WA0192401986
B2131304734137N11956127WA0192301988
B2131314734139N11956120WA0192201989
B2131324734139N11956113WA0192101990
B2131334734139N11956108WA0192101990
B2131344734139N11956102WA0192001989
B2131354734138N11956096WA0192001988
B2131364734137N11956089WA0191901987
B2131374734136N11956081WA0191901986
B2131384734136N11956073WA0191801986
B2131394734136N11956064WA0191801986
B2131404734136N11956056WA0191701986
B2131414734136N11956048WA0191701988
B2131424734137N11956041WA0191701989
B2131434734137N11956035WA0191701988
B2131444734137N11956028WA0191701987
B2131454734137N11956019WA0191601986
B2131464734136N11956010WA0191601984
B2131474734136N11955999WA0191601983
B2131484734136N11955989WA0191501983
B2131494734136N11955979WA0191501983
B2131504734136N11955970WA0191501985
B2131514734136N11955961WA0191501987
B2131524734137N11955953WA0191501991
B2131534734138N11955945WA0191501995
B2131544734139N11955937WA0191602000
B2131554734139N11955932WA0191702004
B2131564734137N11955929WA0191902007
B2131574734135N11955930WA0192002009
B2131584734132N11955935WA0192202010
B2131594734132N11955943WA0192302012
B2132004734133N11955952WA0192502015
B2132014734137N11955962WA0192702019
B2132024734142N11955970WA0193002024
B2132034734149N11955977WA0193102028
B2132044734155N11955982WA0193402031
B2132054734161N11955985WA0193602033
B2132064734168N11955987WA0193902034
B2132074734176N11955988WA0194102034
B2132084734185N11955987WA0194302033
B2132094734193N11955982WA0194502033
B2132104734199N11955974WA0194702034
B2132114734203N11955966WA0194802037
B2132124734205N11955959WA0195102041
B2132134734207N11955954WA0195202047
B2132144734210N11955952WA0195502050
B2132154734212N11955950WA0195702052
B2132164734214N11955946WA0195902053
B2132174734216N11955941WA0196102053
B2132184734217N11955936WA0196302052
B2132194734217N11955931WA0196402051
B2132204734216N11955926WA0196602051
B2132214734213N11955922WA0196702051
B2132224734210N11955919WA0196802051
B2132234734206N11955916WA0196902052
B2132244734203N11955913WA0197002054
B2132254734201N11955909WA0197102057
B2132264734200N11955906WA0197202061
B2132274734199N11955902WA0197302064
B2132284734199N11955898WA0197502066
B2132294734198N11955893WA0197602068
B2132304734198N11955887WA0197802069
B2132314734198N11955882WA0198002071
B2132324734198N11955878WA0198202073
B2132334734197N11955875WA0198302075
B2132344734196N11955873WA0198502076
B2132354734194N11955869WA0198602076
B2132364734191N11955865WA0198802075
B2132374734189N11955860WA0198902074
B2132384734187N11955855WA0199002074
B2132394734185N11955851WA0199102074
B2132404734182N11955847WA0199202074
B2132414734180N11955843WA0199202073
B2132424734177N11955837WA0199302071
B2132434734176N11955829WA0199302069
B2132444734176N11955820WA0199302068
B2132454734177N11955811WA0199302067
B2132464734179N11955804WA0199302068
B2132474734179N11955798WA0199302068
B2132484734179N11955792WA0199302067
B2132494734179N11955785WA0199302065
B2132504734180N11955777WA0199302063
B2132514734181N11955769WA0199202059
B2132524734182N11955759WA0199102056
B2132534734183N11955749WA0199102054
B2132544734184N11955739WA0198902052
B2132554734185N11955730WA0198802052
B2132564734186N11955722WA0198702051
B2132574734186N11955713WA0198602051
B2132584734187N11955705WA0198502050
B2132594734189N11955695WA0198402048
B2133004734191N11955685WA0198302046
B2133014734192N11955675WA0198202044
B2133024734194N11955664WA0198002042
B2133034734195N11955654WA0197902042
B2133044734197N11955644WA0197802041
B2133054734198N11955635WA0197602040
B2133064734199N11955625WA0197502038
B2133074734199N11955616WA0197402037
B2133084734198N11955607WA0197202036
B2133094734198N11955598WA0197102036
B2133104734198N11955590WA0197002037
B2133114734199N11955582WA0196902037
B2133124734199N11955574WA0196802040
B2133134734199N11955567WA0196802043
B2133144734200N11955561WA0196802047
B2133154734200N11955555WA0196802049
B2133164734200N11955549WA0196902050
B2133174734201N11955542WA0196902050
B2133184734201N11955533WA0197002050
B2133194734201N11955524WA0197002050
B2133204734202N11955516WA0197102050
B2133214734203N11955508WA0197102050
B2133224734204N11955500WA0197102050
B2133234734205N11955492WA0197202049
B2133244734206N11955484WA0197202048
B2133254734207N11955475WA0197202047
B2133264734209N11955466WA0197202045
B2133274734211N11955457WA0197202044
B2133284734213N11955449WA0197102044
B2133294734215N11955441WA0197102045
B2133304734217N11955433WA0197102045
B2133314734219N11955426WA0197102045
B2133324734221N11955418WA0197002044
B2133334734223N11955409WA0197002043
B2133344734225N11955400WA0197002041
B2133354734227N11955390WA0196902039
B2133364734229N11955381WA0196902036
B2133374734232N11955372WA0196802033
B2133384734234N11955362WA0196702031
B2133394734236N11955352WA0196602028
B2133404734239N11955342WA0196402024
B2133414734241N11955332WA0196302021
B2133424734243N11955322WA0196102018
B2133434734245N11955312WA0195902014
B2133444734247N11955302WA0195702011
B2133454734248N11955292WA0195502006
B2133464734250N11955282WA0195202002
B2133474734252N11955271WA0195001998
B2133484734253N11955260WA0194601995
B2133494734254N11955251WA0194401993
B2133504734255N11955242WA0194101991
B2133514734255N11955233WA0193801989
B2133524734257N11955224WA0193501986
B2133534734258N11955215WA0193301983
B2133544734261N11955206WA0193001980
B2133554734263N11955196WA0192701977
B2133564734266N11955187WA0192401973
B2133574734269N11955177WA0192201970
B2133584734271N11955167WA0191801967
B2133594734274N11955158WA0191601963
B2134004734277N11955148WA0191201959
B2134014734278N11955138WA0191001957
B2134024734280N11955129WA0190601954
B2134034734282N11955121WA0190401951
B2134044734284N11955113WA0190001948
B2134054734286N11955105WA0189801946
B2134064734288N11955098WA0189401945
B2134074734291N11955091WA0189201942
B2134084734294N11955083WA0188901939
B2134094734297N11955074WA0188601936
B2134104734300N11955065WA0188301933
B2134114734302N11955055WA0188101929
B2134124734304N11955045WA0187701927
B2134134734305N11955034WA0187501924
B2134144734306N11955024WA0187201923
B2134154734307N11955015WA0186901923
B2134164734308N11955006WA0186701923
B2134174734310N11954997WA0186501923
B2134184734312N11954989WA0186201923
B2134194734314N11954982WA0186101925
B2134204734316N11954975WA0185901926
B2134214734317N11954968WA0185801927
B2134224734318N11954962WA0185701929
B2134234734319N11954955WA0185701931
B2134244734320N11954949WA0185601931
B2134254734321N11954941WA0185601931
B2134264734322N11954933WA0185601930
B2134274734324N11954925WA0185601930
B2134284734325N11954916WA0185601930
B2134294734326N11954908WA0185601931
B2134304734327N11954900WA0185601932
B2134314734329N11954893WA0185601932
B2134324734330N11954885WA0185601933
B2134334734331N11954877WA0185601934
B2134344734333N11954870WA0185701934
B2134354734334N11954862WA0185701934
B2134364734336N11954855WA0185701935
B2134374734338N11954848WA0185801936
B2134384734340N11954841WA0185801937
B2134394734342N11954834WA0185801938
B2134404734343N11954827WA0185901939
B2134414734345N11954821WA0185901941
B2134424734346N11954815WA0186001941
B2134434734348N11954809WA0186101942
B2134444734350N11954803WA0186201944
B2134454734352N11954797WA0186201947
B2134464734354N11954791WA0186401950
B2134474734356N11954785WA0186501952
B2134484734357N11954778WA0186601954
B2134494734359N11954772WA0186701955
B2134504734360N11954765WA0186901955
B2134514734361N11954759WA0187001955
B2134524734363N11954752WA0187101954
B2134534734364N11954745WA0187201954
B2134544734366N11954738WA0187301953
B2134554734368N11954732WA0187301954
B2134564734370N11954725WA0187401955
B2134574734371N11954718WA0187501956
B2134584734373N11954711WA0187501956
B2134594734374N11954703WA0187601956
B2135004734376N11954696WA0187601956
B2135014734378N11954689WA0187701955
B2135024734381N11954681WA0187701955
B2135034734384N11954674WA0187701955
B2135044734387N11954668WA0187801956
B2135054734391N11954662WA0187801956
B2135064734394N11954655WA0187801957
B2135074734397N11954649WA0187901957
B2135084734400N11954642WA0187901957
B2135094734402N11954635WA0187901956
B2135104734405N11954626WA0187901954
B2135114734407N11954618WA0187901953
B2135124734410N11954609WA0187901952
B2135134734412N11954601WA0187901951
B2135144734414N11954593WA0187901950
B2135154734416N11954586WA0187801949
B2135164734418N11954579WA0187801947
B2135174734419N11954571WA0187701945
B2135184734421N11954561WA0187701942
B2135194734423N11954552WA0187601944
B2135204734425N11954544WA0187501948
B2135214734426N11954537WA0187501952
B2135224734427N11954530WA0187501955
B2135234734428N11954522WA0187601957
B2135244734429N11954515WA0187601958
B2135254734430N11954506WA0187701959
B2135264734432N11954497WA0187801960
B2135274734434N11954488WA0187801961
B2135284734436N11954479WA0187901962
B2135294734438N11954470WA0188001964
B2135304734440N11954461WA0188101965
B2135314734441N11954453WA0188201967
B2135324734442N11954444WA0188301968
B2135334734444N11954434WA0188401968
B2135344734445N11954425WA0188501970
B2135354734447N11954415WA0188601971
B2135364734449N11954406WA0188801973
B2135374734451N11954397WA0188901975
B2135384734453N11954387WA0189001976
B2135394734454N11954378WA0189101977
B2135404734455N11954369WA0189301978
B2135414734456N11954360WA0189401979
B2135424734458N11954350WA0189501978
B2135434734459N11954339WA0189601977
B2135444734461N11954329WA0189701976
B2135454734463N11954319WA0189801976
B2135464734465N11954309WA0189801976
B2135474734467N11954299WA0189901976
B2135484734468N11954289WA0189901976
B2135494734470N11954280WA0190001976
B2135504734471N11954270WA0190001975
B2135514734472N11954261WA0190001975
B2135524734472N11954250WA0190101974
B2135534734473N11954240WA0190101974
B2135544734474N11954230WA0190101974
B2135554734475N11954220WA0190101975
B2135564734476N11954211WA0190101975
B2135574734477N11954202WA0190101976
B2135584734478N11954193WA0190101975
B2135594734479N11954183WA0190101974
B2136004734480N11954173WA0190101972
B2136014734481N11954162WA0190101969
B2136024734482N11954151WA0190001967
B2136034734483N11954139WA0190001965
B2136044734484N11954128WA0189901963
B2136054734484N11954117WA0189801962
B2136064734485N11954107WA0189701961
B2136074734486N11954096WA0189601961
B2136084734487N11954086WA0189501960
B2136094734488N11954075WA0189501959
B2136104734490N11954066WA0189401960
B2136114734491N11954057WA0189301961
B2136124734492N11954050WA0189201961
B2136134734493N11954043WA0189201961
B2136144734494N11954036WA0189101959
B2136154734495N11954028WA0189101957
B2136164734496N11954019WA0189001955
B2136174734497N11954010WA0188901952
B2136184734498N11954001WA0188801949
B2136194734499N11953991WA0188701947
B2136204734500N11953981WA0188501946
B2136214734500N11953972WA0188401946
B2136224734501N11953963WA0188301947
B2136234734501N11953955WA0188201948
B2136244734502N11953946WA0188101948
B2136254734502N11953936WA0188001948
B2136264734503N11953927WA0188001948
B2136274734504N11953916WA0187901948
B2136284734505N11953905WA0187901949
B2136294734506N11953894WA0187801950
B2136304734507N11953883WA0187801952
B2136314734508N11953873WA0187801955
B2136324734509N11953863WA0187801957
B2136334734510N11953853WA0187901958
B2136344734511N11953843WA0187901959
B2136354734512N11953833WA0188001960
B2136364734512N11953823WA0188001960
B2136374734513N11953815WA0188101961
B2136384734514N11953807WA0188201962
B2136394734515N11953800WA0188201962
B2136404734517N11953792WA0188301961
B2136414734518N11953783WA0188301960
B2136424734519N11953772WA0188301959
B2136434734521N11953760WA0188401958
B2136444734523N11953748WA0188401958
B2136454734526N11953736WA0188401959
B2136464734528N11953724WA0188401961
B2136474734530N11953712WA0188401963
B2136484734532N11953701WA0188501965
B2136494734533N11953691WA0188501967
B2136504734534N11953680WA0188601970
B2136514734535N11953669WA0188701971
B2136524734537N11953658WA0188801973
B2136534734539N11953647WA0188901974
B2136544734542N11953635WA0189001975
B2136554734545N11953624WA0189101976
B2136564734547N11953613WA0189201977
B2136574734550N11953601WA0189301976
B2136584734552N11953589WA0189401976
B2136594734555N11953577WA0189501974
B2137004734558N11953563WA0189501972
B2137014734560N11953550WA0189601970
B2137024734562N11953536WA0189601968
B2137034734565N11953523WA0189601967
B2137044734567N11953509WA0189501965
B2137054734569N11953496WA0189501963
B2137064734571N11953483WA0189401962
B2137074734573N11953471WA0189401962
B2137084734575N11953460WA0189301962
B2137094734577N11953450WA0189301962
B2137104734579N11953440WA0189201961
B2137114734581N11953429WA0189201960
B2137124734583N11953419WA0189101958
B2137134734584N11953409WA0189001956
B2137144734585N11953399WA0188901955
B2137154734586N11953389WA0188801952
B2137164734587N11953378WA0188701949
B2137174734588N11953367WA0188601946
B2137184734591N11953355WA0188401942
B2137194734594N11953343WA0188301940
B2137204734596N11953331WA0188101939
B2137214734599N11953319WA0188001939
B2137224734602N11953308WA0187801938
B2137234734605N11953296WA0187701938
B2137244734608N11953285WA0187501937
B2137254734611N11953274WA0187401936
B2137264734614N11953263WA0187201934
B2137274734617N11953252WA0187101932
B2137284734619N11953240WA0187001930
B2137294734622N11953229WA0186801928
B2137304734625N11953217WA0186701926
B2137314734628N11953206WA0186501925
B2137324734630N11953195WA0186301923
B2137334734632N11953183WA0186201920
B2137344734634N11953172WA0186001918
B2137354734636N11953161WA0185801916
B2137364734638N11953150WA0185601914
B2137374734640N11953140WA0185501913
B2137384734642N11953130WA0185301911
B2137394734644N11953120WA0185101910
B2137404734646N11953110WA0184901907
B2137414734649N11953099WA0184801904
B2137424734652N11953088WA0184601902
B2137434734655N11953076WA0184401899
B2137444734657N11953065WA0184201896
B2137454734660N11953054WA0184001895
B2137464734662N11953043WA0183801894
B2137474734665N11953032WA0183601892
B2137484734667N11953022WA0183401890
B2137494734669N11953011WA0183201888
B2137504734671N11953000WA0183001885
B2137514734673N11952989WA0182801883
B2137524734675N11952978WA0182601881
B2137534734678N11952966WA0182401878
B2137544734680N11952955WA0182201876
B2137554734683N11952943WA0182001873
B2137564734686N11952932WA0181701871
B2137574734689N11952920WA0181601869
B2137584734691N11952909WA0181301867
B2137594734693N11952898WA0181101865
B2138004734695N11952887WA0180901863
B2138014734697N11952877WA0180701861
B2138024734699N11952867WA0180401859
B2138034734701N11952858WA0180301856
B2138044734702N11952848WA0180001853
B2138054734704N11952838WA0179801849
B2138064734706N11952828WA0179501846
B2138074734707N11952818WA0179301842
B2138084734709N11952807WA0179001837
B2138094734711N11952795WA0178801832
B2138104734713N11952783WA0178401829
B2138114734714N11952773WA0178201828
B2138124734716N11952764WA0177901828
B2138134734718N11952756WA0177701828
B2138144734720N11952749WA0177401826
B2138154734723N11952742WA0177201824
B2138164734725N11952734WA0176901821
B2138174734727N11952726WA0176701817
B2138184734728N11952717WA0176401813
B2138194734729N11952708WA0176201810
B2138204734730N11952698WA0175901807
B2138214734731N11952687WA0175701804
B2138224734732N11952677WA0175401800
B2138234734732N11952666WA0175101796
B2138244734733N11952654WA0174801792
B2138254734734N11952643WA0174601788
B2138264734735N11952632WA0174201785
B2138274734735N11952621WA0173901782
B2138284734736N11952610WA0173601778
B2138294734735N11952599WA0173301775
B2138304734736N11952588WA0173001772
B2138314734736N11952576WA0172701768
B2138324734736N11952565WA0172301765
B2138334734737N11952554WA0172101763
B2138344734737N11952544WA0171701762
B2138354734737N11952534WA0171501761
B2138364734738N11952524WA0171201758
B2138374734738N11952514WA0171001754
B2138384734738N11952503WA0170601750
B2138394734739N11952492WA0170401746
B2138404734740N11952480WA0170001742
B2138414734741N11952468WA0169801738
B2138424734741N11952457WA0169401735
B2138434734742N11952445WA0169201732
B2138444734744N11952433WA0168801728
B2138454734746N11952422WA0168601725
B2138464734747N11952411WA0168201722
B2138474734749N11952401WA0167901720
B2138484734750N11952391WA0167601718
B2138494734750N11952380WA0167301715
B2138504734751N11952370WA0167001711
B2138514734752N11952359WA0166701708
B2138524734753N11952348WA0166301705
B2138534734754N11952338WA0166101702
B2138544734754N11952327WA0165701699
B2138554734755N11952316WA0165501697
B2138564734756N11952306WA0165101693
B2138574734758N11952294WA0164901689
B2138584734761N11952282WA0164501684
B2138594734763N11952270WA0164201679
B2139004734765N11952258WA0163901676
B2139014734767N11952245WA0163601673
B2139024734768N11952233WA0163201671
B2139034734770N11952222WA0162901670
B2139044734771N11952211WA0162601668
B2139054734773N11952200WA0162301665
B2139064734774N11952189WA0162001661
B2139074734775N11952177WA0161701657
B2139084734777N11952165WA0161401653
B2139094734778N11952154WA0161101649
B2139104734779N11952143WA0160701648
B2139114734780N11952133WA0160501649
B2139124734780N11952124WA0160201649
B2139134734780N11952114WA0160001648
B2139144734780N11952104WA0159701647
B2139154734781N11952093WA0159501644
B2139164734782N11952082WA0159301641
B2139174734783N11952071WA0159101638
B2139184734784N11952059WA0158801634
B2139194734786N11952047WA0158601630
B2139204734787N11952035WA0158301627
B2139214734788N11952023WA0158101624
B2139224734790N11952011WA0157701621
B2139234734791N11952000WA0157501618
B2139244734793N11951988WA0157201615
B2139254734794N11951976WA0157001611
B2139264734795N11951964WA0156601607
B2139274734796N11951951WA0156401602
B2139284734797N11951939WA0156001600
B2139294734798N11951928WA0155801599
B2139304734800N11951919WA0155401597
B2139314734801N11951910WA0155201596
B2139324734802N11951901WA0154901594
B2139334734804N11951892WA0154701591
B2139344734806N11951883WA0154301587
B2139354734808N11951873WA0154101583
B2139364734810N11951863WA0153801580
B2139374734812N11951852WA0153501577
B2139384734814N11951841WA0153201574
B2139394734816N11951831WA0153001571
B2139404734817N11951820WA0152601568
B2139414734819N11951809WA0152401565
B2139424734820N11951798WA0152101561
B2139434734822N11951786WA0151801557
B2139444734824N11951774WA0151501555
B2139454734826N11951763WA0151301554
B2139464734828N11951752WA0150901552
B2139474734830N11951741WA0150701549
B2139484734832N11951730WA0150401546
B2139494734834N11951719WA0150201543
B2139504734836N11951708WA0149801540
B2139514734839N11951696WA0149601537
B2139524734841N11951685WA0149301534
B2139534734843N11951674WA0149101531
B2139544734845N11951663WA0148801530
B2139554734847N11951653WA0148601530
B2139564734849N11951643WA0148301531
B2139574734851N11951633WA0148101531
B2139584734853N11951624WA0147901532
B2139594734856N11951615WA0147801532
B2140004734859N11951605WA0147601532
B2140014734862N11951596WA0147601531
B2140024734865N11951587WA0147401533
B2140034734867N11951578WA0147401532
B2140044734870N11951569WA0147201531
B2140054734872N11951559WA0147201530
B2140064734874N11951549WA0147101528
B2140074734877N11951538WA0147001527
B2140084734879N11951528WA0146901528
B2140094734881N11951518WA0146901530
B2140104734883N11951510WA0146801531
B2140114734885N11951501WA0146801532
B2140124734887N11951493WA0146701532
B2140134734888N11951484WA0146701532
B2140144734889N11951475WA0146701531
B2140154734891N11951466WA0146701529
B2140164734892N11951456WA0146601528
B2140174734894N11951447WA0146601527
B2140184734896N11951437WA0146501526
B2140194734897N11951427WA0146501526
B2140204734898N11951416WA0146401526
B2140214734900N11951406WA0146401525
B2140224734901N11951395WA0146301525
B2140234734903N11951385WA0146301525
B2140244734904N11951374WA0146301526
B2140254734906N11951364WA0146201526
B2140264734908N11951355WA0146201528
B2140274734911N11951346WA0146201531
B2140284734913N11951339WA0146301534
B2140294734916N11951331WA0146301536
B2140304734918N11951322WA0146401539
B2140314734919N11951314WA0146501541
B2140324734921N11951305WA0146601544
B2140334734922N11951296WA0146701547
B2140344734923N11951288WA0146901551
B2140354734924N11951282WA0147001556
B2140364734923N11951278WA0147301561
B2140374734920N11951277WA0147501564
B2140384734916N11951278WA0147701565
B2140394734913N11951283WA0147901565
B2140404734910N11951292WA0148201567
B2140414734911N11951302WA0148301569
B2140424734915N11951313WA0148601571
B2140434734922N11951321WA0148801574
B2140444734930N11951324WA0149101577
B2140454734938N11951322WA0149301579
B2140464734944N11951317WA0149601582
B2140474734948N11951310WA0149801584
B2140484734950N11951302WA0150001587
B2140494734950N11951294WA0150201590
B2140504734951N11951288WA0150501592
B2140514734953N11951281WA0150701595
B2140524734954N11951274WA0151001598
B2140534734956N11951267WA0151301599
B2140544734956N11951260WA0151601601
B2140554734957N11951253WA0151701603
B2140564734957N11951248WA0152001605
B2140574734957N11951243WA0152201607
B2140584734956N11951238WA0152501608
B2140594734955N11951234WA0152601608
B2141004734953N11951229WA0152801607
B2141014734951N11951224WA0153001607
B2141024734949N11951220WA0153101607
B2141034734946N11951217WA0153301607
B2141044734943N11951214WA0153401606
B2141054734940N11951210WA0153501606
B2141064734938N11951206WA0153501605
B2141074734937N11951200WA0153601604
B2141084734937N11951193WA0153601603
B2141094734937N11951185WA0153701602
B2141104734939N11951177WA0153701602
B2141114734940N11951169WA0153701602
B2141124734942N11951161WA0153701602
B2141134734943N11951154WA0153701603
B2141144734944N11951147WA0153701603
B2141154734945N11951140WA0153701603
B2141164734946N11951134WA0153701603
B2141174734947N11951127WA0153701602
B2141184734948N11951120WA0153701602
B2141194734949N11951112WA0153701602
B2141204734950N11951105WA0153701603
B2141214734951N11951097WA0153701603
B2141224734952N11951090WA0153701604
B2141234734954N11951084WA0153701604
B2141244734955N11951077WA0153701604
B2141254734957N11951070WA0153701603
B2141264734959N11951062WA0153701602
B2141274734960N11951054WA0153701601
B2141284734962N11951044WA0153701599
B2141294734963N11951034WA0153601598
B2141304734964N11951023WA0153601597
B2141314734966N11951013WA0153501598
B2141324734967N11951003WA0153501599
B2141334734969N11950993WA0153501600
B2141344734970N11950983WA0153401601
B2141354734972N11950973WA0153401603
B2141364734973N11950963WA0153501604
B2141374734975N11950953WA0153501606
B2141384734976N11950944WA0153501608
B2141394734977N11950935WA0153601610
B2141404734979N11950926WA0153701611
B2141414734981N11950917WA0153701612
B2141424734983N11950908WA0153801613
B2141434734985N11950900WA0153901614
B2141444734987N11950892WA0154001613
B2141454734988N11950884WA0154101612
B2141464734990N11950877WA0154101610
B2141474734992N11950868WA0154101606
B2141484734994N11950858WA0154101602
B2141494734996N11950847WA0154101598
B2141504734997N11950836WA0154001595
B2141514734999N11950825WA0153901594
B2141524735001N11950815WA0153801594
B2141534735003N11950805WA0153701594
B2141544735005N11950796WA0153501594
B2141554735006N11950787WA0153501595
B2141564735006N11950780WA0153401599
B2141574735007N11950774WA0153401603
B2141584735008N11950769WA0153401606
B2141594735010N11950763WA0153501608
B2142004735011N11950756WA0153501610
B2142014735012N11950748WA0153601611
B2142024735012N11950741WA0153701614
B2142034735011N11950734WA0153801616
B2142044735008N11950728WA0154001618
B2142054735004N11950726WA0154101620
B2142064734999N11950727WA0154301621
B2142074734995N11950732WA0154401622
B2142084734992N11950740WA0154601623
B2142094734991N11950749WA0154701625
B2142104734990N11950758WA0154901627
B2142114734990N11950766WA0155001630
B2142124734991N11950773WA0155201634
B2142134734991N11950779WA0155401636
B2142144734994N11950786WA0155601637
B2142154734998N11950793WA0155701636
B2142164735004N11950800WA0155901634
B2142174735012N11950803WA0156001632
B2142184735019N11950802WA0156101633
B2142194735026N11950798WA0156201633
B2142204735032N11950790WA0156301634
B2142214735037N11950782WA0156401635
B2142224735040N11950774WA0156501636
B2142234735042N11950767WA0156501638
B2142244735043N11950759WA0156601640
B2142254735044N11950751WA0156701642
B2142264735045N11950743WA0156801644
B2142274735047N11950734WA0156901646
B2142284735048N11950725WA0157101647
B2142294735050N11950716WA0157201649
B2142304735052N11950708WA0157301651
B2142314735055N11950701WA0157501655
B2142324735059N11950696WA0157701656
B2142334735064N11950692WA0157801655
B2142344735069N11950686WA0157901652
B2142354735074N11950678WA0158001649
B2142364735077N11950669WA0158001646
B2142374735079N11950660WA0158001645
B2142384735080N11950652WA0158001646
B2142394735081N11950644WA0158001646
B2142404735082N11950637WA0158001646
B2142414735084N11950629WA0158001644
B2142424735085N11950620WA0158001641
B2142434735086N11950610WA0157901638
B2142444735086N11950600WA0157801635
B2142454735086N11950589WA0157801634
B2142464735086N11950579WA0157601632
B2142474735087N11950569WA0157501630
B2142484735087N11950558WA0157401628
B2142494735088N11950548WA0157301625
B2142504735088N11950537WA0157101622
B2142514735088N11950526WA0157001617
B2142524735089N11950513WA0156701612
B2142534735089N11950500WA0156501607
B2142544735090N11950487WA0156201602
B2142554735090N11950474WA0156001598
B2142564735090N11950461WA0155701594
B2142574735091N11950448WA0155401590
B2142584735091N11950435WA0155001586
B2142594735092N11950422WA0154801581
B2143004735093N11950409WA0154401576
B2143014735093N11950395WA0154101571
B2143024735093N11950382WA0153601567
B2143034735094N11950368WA0153301563
B2143044735095N11950354WA0152901558
B2143054735095N11950340WA0152601555
B2143064735096N11950326WA0152101551
B2143074735097N11950312WA0151801548
B2143084735098N11950299WA0151301545
B2143094735099N11950285WA0151001543
B2143104735099N11950272WA0150601539
B2143114735100N11950259WA0150301536
B2143124735101N11950245WA0149901532
B2143134735101N11950232WA0149601527
B2143144735102N11950218WA0149201522
B2143154735102N11950204WA0148901518
B2143164735103N11950189WA0148501513
B2143174735103N11950175WA0148101508
B2143184735103N11950160WA0147701503
B2143194735104N11950145WA0147301499
B2143204735105N11950131WA0146901496
B2143214735106N11950117WA0146601495
B2143224735107N11950104WA0146101493
B2143234735108N11950091WA0145801490
B2143244735109N11950077WA0145401488
B2143254735110N11950064WA0145201488
B2143264735111N11950052WA0144801491
B2143274735113N11950041WA0144701494
B2143284735114N11950031WA0144501498
B2143294735116N11950021WA0144301499
B2143304735117N11950010WA0144201500
B2143314735119N11950000WA0144201501
B2143324735120N11949989WA0144101502
B2143334735121N11949978WA0144101503
B2143344735120N11949967WA0144001504
B2143354735119N11949956WA0144101506
B2143364735118N11949946WA0144101509
B2143374735118N11949935WA0144101512
B2143384735117N11949925WA0144201515
B2143394735117N11949915WA0144301517
B2143404735118N11949907WA0144401521
B2143414735122N11949900WA0144501524
B2143424735127N11949896WA0144701525
B2143434735134N11949894WA0144801525
B2143444735141N11949897WA0145001527
B2143454735145N11949902WA0145101530
B2143464735147N11949908WA0145301533
B2143474735146N11949914WA0145501535
B2143484735142N11949918WA0145701536
B2143494735138N11949919WA0145801536
B2143504735132N11949917WA0146101538
B2143514735127N11949913WA0146201540
B2143524735122N11949908WA0146401543
B2143534735118N11949903WA0146601547
B2143544735114N11949898WA0146801550
B2143554735111N11949892WA0147001554
B2143564735110N11949884WA0147301556
B2143574735111N11949875WA0147401557
B2143584735114N11949866WA0147701558
B2143594735120N11949860WA0147901559
B2144004735126N11949857WA0148101561
B2144014735132N11949858WA0148301563
B2144024735136N11949863WA0148501565
B2144034735138N11949869WA0148701567
B2144044735137N11949875WA0148901569
B2144054735134N11949880WA0149101571
B2144064735129N11949882WA0149301573
B2144074735124N11949879WA0149501575
B2144084735119N11949874WA0149701577
B2144094735115N11949867WA0149901580
B2144104735111N11949860WA0150101583
B2144114735108N11949854WA0150301585
B2144124735104N11949848WA0150601587
B2144134735101N11949841WA0150701589
B2144144735099N11949834WA0151001591
B2144154735097N11949826WA0151101593
B2144164735096N11949818WA0151401594
B2144174735095N11949810WA0151501595
B2144184735095N11949802WA0151701595
B2144194735097N11949794WA0151801595
B2144204735099N11949784WA0152001595
B2144214735101N11949774WA0152101595
B2144224735102N11949764WA0152301596
B2144234735103N11949753WA0152401597
B2144244735104N11949743WA0152501599
B2144254735105N11949733WA0152601601
B2144264735106N11949724WA0152701603
B2144274735107N11949714WA0152801604
B2144284735108N11949705WA0153001605
B2144294735108N11949696WA0153001605
B2144304735109N11949687WA0153201606
B2144314735110N11949677WA0153201606
B2144324735111N11949668WA0153401606
B2144334735112N11949657WA0153401605
B2144344735113N11949646WA0153501604
B2144354735115N11949634WA0153501603
B2144364735115N11949622WA0153601603
B2144374735116N11949611WA0153601603
B2144384735117N11949599WA0153601603
B2144394735118N11949588WA0153601602
B2144404735119N11949576WA0153701602
B2144414735121N11949565WA0153701601
B2144424735123N11949554WA0153601600
B2144434735125N11949542WA0153601598
B2144444735127N11949530WA0153601597
B2144454735128N11949518WA0153501596
B2144464735129N11949506WA0153501594
B2144474735130N11949495WA0153401594
B2144484735130N11949485WA0153401594
B2144494735131N11949475WA0153301594
B2144504735131N11949465WA0153201593
B2144514735133N11949455WA0153201593
B2144524735133N11949444WA0153101593
B2144534735133N11949433WA0153101593
B2144544735133N11949422WA0153001592
B2144554735132N11949410WA0152901591
B2144564735132N11949397WA0152901591
B2144574735132N11949385WA0152801592
B2144584735133N11949375WA0152801595
B2144594735133N11949365WA0152701597
B2145004735134N11949355WA0152701597
B2145014735134N11949346WA0152701596
B2145024735134N11949336WA0152701594
B2145034735135N11949325WA0152701592
B2145044735136N11949314WA0152601589
B2145054735138N11949304WA0152601588
B2145064735140N11949293WA0152501587
B2145074735142N11949283WA0152401587
B2145084735144N11949273WA0152301586
B2145094735146N11949263WA0152301585
B2145104735147N11949254WA0152201584
B2145114735149N11949243WA0152101582
B2145124735152N11949232WA0152001579
B2145134735155N11949220WA0151901575
B2145144735158N11949208WA0151801572
B2145154735161N11949197WA0151601568
B2145164735164N11949185WA0151401566
B2145174735167N11949173WA0151301563
B2145184735171N11949161WA0151001560
B2145194735174N11949149WA0150901557
B2145204735177N11949137WA0150601554
B2145214735180N11949125WA0150401551
B2145224735184N11949113WA0150101548
B2145234735187N11949101WA0149901545
B2145244735190N11949089WA0149601542
B2145254735193N11949077WA0149401540
B2145264735196N11949064WA0149101537
B2145274735200N11949050WA0148901534
B2145284735203N11949037WA0148601532
B2145294735206N11949024WA0148401531
B2145304735210N11949013WA0148101531
B2145314735213N11949001WA0148001529
B2145324735217N11948990WA0147701528
B2145334735220N11948978WA0147501527
B2145344735223N11948965WA0147301525
B2145354735225N11948952WA0147201522
B2145364735228N11948939WA0146901520
B2145374735231N11948925WA0146801517
B2145384735235N11948911WA0146501516
B2145394735238N11948899WA0146401517
B2145404735242N11948887WA0146201518
B2145414735245N11948876WA0146101519
B2145424735249N11948866WA0146001519
B2145434735254N11948856WA0145901519
B2145444735258N11948845WA0145801519
B2145454735263N11948834WA0145701519
B2145464735269N11948823WA0145601520
B2145474735274N11948812WA0145601522
B2145484735279N11948802WA0145501526
B2145494735283N11948794WA0145601531
B2145504735287N11948787WA0145601534
B2145514735290N11948779WA0145701536
B2145524735294N11948771WA0145801537
B2145534735297N11948762WA0145801537
B2145544735300N11948753WA0146001537
B2145554735303N11948744WA0146001538
B2145564735306N11948735WA0146101539
B2145574735310N11948727WA0146201542
B2145584735313N11948721WA0146301545
B2145594735317N11948714WA0146401546
B2146004735320N11948707WA0146601548
B2146014735323N11948700WA0146701549
B2146024735326N11948693WA0146801550
B2146034735329N11948686WA0146901551
B2146044735332N11948679WA0147101552
B2146054735334N11948672WA0147201553
B2146064735337N11948665WA0147301554
B2146074735339N11948657WA0147401554
B2146084735342N11948649WA0147501554
B2146094735345N11948641WA0147601555
B2146104735349N11948634WA0147701557
B2146114735353N11948627WA0147801558
B2146124735357N11948620WA0148001558
B2146134735360N11948613WA0148001559
B2146144735362N11948606WA0148201560
B2146154735365N11948599WA0148201561
B2146164735368N11948591WA0148401562
B2146174735370N11948584WA0148501564
B2146184735372N11948576WA0148601566
B2146194735374N11948569WA0148701569
B2146204735375N11948561WA0148901571
B2146214735375N11948553WA0149001572
B2146224735374N11948545WA0149201573
B2146234735370N11948539WA0149301574
B2146244735365N11948535WA0149501575
B2146254735360N11948535WA0149601577
B2146264735355N11948539WA0149801578
B2146274735353N11948545WA0150001580
B2146284735353N11948553WA0150101581
B2146294735355N11948560WA0150301583
B2146304735359N11948566WA0150501584
B2146314735365N11948570WA0150601585
B2146324735371N11948572WA0150801585
B2146334735378N11948571WA0150901586
B2146344735385N11948568WA0151101586
B2146354735392N11948565WA0151201588
B2146364735398N11948563WA0151401592
B2146374735403N11948561WA0151501596
B2146384735408N11948557WA0151701599
B2146394735411N11948550WA0151901602
B2146404735412N11948541WA0152101602
B2146414735411N11948531WA0152301603
B2146424735408N11948524WA0152501605
B2146434735403N11948521WA0152701607
B2146444735399N11948523WA0152901609
B2146454735396N11948528WA0153101611
B2146464735394N11948536WA0153301613
B2146474735394N11948544WA0153501616
B2146484735396N11948552WA0153701619
B2146494735399N11948558WA0153901622
B2146504735404N11948562WA0154201625
B2146514735410N11948564WA0154401627
B2146524735417N11948562WA0154601628
B2146534735424N11948558WA0154801629
B2146544735430N11948553WA0155001632
B2146554735436N11948547WA0155201634
B2146564735441N11948542WA0155501638
B2146574735446N11948537WA0155601640
B2146584735452N11948533WA0155901643
B2146594735456N11948529WA0156101647
B2147004735460N11948523WA0156501651
B2147014735462N11948516WA0156701654
B2147024735462N11948509WA0157001657
B2147034735460N11948503WA0157201660
B2147044735457N11948501WA0157601663
B2147054735454N11948502WA0157801666
B2147064735452N11948505WA0158201669
B2147074735452N11948511WA0158401671
B2147084735452N11948518WA0158701673
B2147094735454N11948526WA0158901676
B2147104735458N11948533WA0159201678
B2147114735463N11948539WA0159501681
B2147124735469N11948543WA0159801684
B2147134735475N11948545WA0160001687
B2147144735482N11948547WA0160301690
B2147154735488N11948549WA0160601693
B2147164735493N11948550WA0160901696
B2147174735499N11948549WA0161101699
B2147184735505N11948546WA0161501700
B2147194735511N11948541WA0161701701
B2147204735517N11948534WA0162001701
B2147214735522N11948527WA0162201703
B2147224735525N11948521WA0162401706
B2147234735526N11948514WA0162601710
B2147244735526N11948507WA0162901712
B2147254735524N11948502WA0163101715
B2147264735521N11948500WA0163401719
B2147274735518N11948502WA0163601723
B2147284735516N11948507WA0163901726
B2147294735515N11948514WA0164101729
B2147304735515N11948521WA0164401732
B2147314735515N11948527WA0164601737
B2147324735516N11948533WA0165001741
B2147334735517N11948540WA0165201744
B2147344735520N11948547WA0165501746
B2147354735524N11948554WA0165801747
B2147364735529N11948560WA0166101749
B2147374735535N11948564WA0166301753
B2147384735541N11948566WA0166601756
B2147394735549N11948565WA0166801758
B2147404735556N11948560WA0167201760
B2147414735563N11948553WA0167401762
B2147424735569N11948545WA0167601764
B2147434735574N11948537WA0167801768
B2147444735578N11948531WA0168201772
B2147454735582N11948526WA0168401775
B2147464735586N11948521WA0168701778
B2147474735589N11948515WA0168901781
B2147484735592N11948509WA0169301783
B2147494735593N11948502WA0169501784
B2147504735591N11948496WA0169801784
B2147514735587N11948492WA0170001785
B2147524735583N11948493WA0170201788
B2147534735581N11948498WA0170401792
B2147544735581N11948505WA0170701797
B2147554735585N11948513WA0170901801
B2147564735591N11948520WA0171201804
B2147574735598N11948524WA0171501807
B2147584735605N11948526WA0171801810
B2147594735612N11948526WA0172001813
B2148004735619N11948523WA0172401815
B2148014735625N11948518WA0172601817
B2148024735631N11948511WA0172901817
B2148034735635N11948503WA0173101818
B2148044735637N11948495WA0173401820
B2148054735638N11948487WA0173601822
B2148064735637N11948481WA0173801824
B2148074735636N11948477WA0174001826
B2148084735633N11948476WA0174301829
B2148094735630N11948476WA0174401830
B2148104735628N11948480WA0174701833
B2148114735627N11948485WA0174901835
B2148124735627N11948492WA0175201838
B2148134735629N11948498WA0175401842
B2148144735632N11948504WA0175701847
B2148154735636N11948509WA0175901850
B2148164735643N11948513WA0176201853
B2148174735650N11948516WA0176401855
B2148184735658N11948517WA0176701857
B2148194735665N11948515WA0176901859
B2148204735672N11948511WA0177201862
B2148214735678N11948506WA0177401864
B2148224735683N11948500WA0177701866
B2148234735687N11948492WA0177901868
B2148244735690N11948484WA0178201870
B2148254735692N11948476WA0178401871
B2148264735694N11948468WA0178601873
B2148274735696N11948460WA0178801875
B2148284735697N11948453WA0179101877
B2148294735698N11948447WA0179301879
B2148304735698N11948441WA0179501881
B2148314735697N11948437WA0179701883
B2148324735696N11948434WA0179901885
B2148334735695N11948433WA0180101887
B2148344735693N11948433WA0180301889
B2148354735692N11948435WA0180501892
B2148364735692N11948439WA0180701895
B2148374735692N11948443WA0180901898
B2148384735694N11948450WA0181101900
B2148394735697N11948457WA0181301901
B2148404735703N11948464WA0181601902
B2148414735710N11948469WA0181701905
B2148424735717N11948471WA0182001910
B2148434735724N11948471WA0182201914
B2148444735731N11948471WA0182501916
B2148454735738N11948471WA0182701919
B2148464735746N11948471WA0182901920
B2148474735753N11948469WA0183101921
B2148484735760N11948466WA0183401922
B2148494735767N11948460WA0183601922
B2148504735773N11948453WA0183801922
B2148514735778N11948445WA0183901922
B2148524735782N11948437WA0184101923
B2148534735786N11948429WA0184201924
B2148544735789N11948421WA0184301926
B2148554735792N11948413WA0184501927
B2148564735795N11948405WA0184601928
B2148574735797N11948396WA0184701928
B2148584735799N11948388WA0184801929
B2148594735799N11948380WA0184901930
B2149004735800N11948373WA0185101931
B2149014735800N11948366WA0185101932
B2149024735800N11948359WA0185301934
B2149034735801N11948351WA0185401935
B2149044735801N11948344WA0185501936
B2149054735802N11948337WA0185601937
B2149064735802N11948330WA0185701938
B2149074735801N11948324WA0185801939
B2149084735801N11948318WA0185901941
B2149094735800N11948313WA0186001941
B2149104735799N11948306WA0186101942
B2149114735799N11948299WA0186201944
B2149124735798N11948293WA0186301944
B2149134735798N11948286WA0186401945
B2149144735797N11948280WA0186501946
B2149154735796N11948275WA0186601947
B2149164735795N11948269WA0186701948
B2149174735795N11948263WA0186801948
B2149184735794N11948256WA0186901949
B2149194735794N11948250WA0187001949
B2149204735793N11948244WA0187001949
B2149214735792N11948238WA0187101950
B2149224735791N11948232WA0187201951
B2149234735791N11948226WA0187201951
B2149244735790N11948220WA0187301952
B2149254735791N11948213WA0187401952
B2149264735791N11948206WA0187401951
B2149274735791N11948198WA0187401951
B2149284735791N11948190WA0187501950
B2149294735791N11948183WA0187501950
B2149304735790N11948175WA0187501950
B2149314735789N11948168WA0187601950
B2149324735788N11948160WA0187601949
B2149334735788N11948152WA0187601949
B2149344735788N11948145WA0187601948
B2149354735789N11948138WA0187601948
B2149364735790N11948130WA0187501948
B2149374735791N11948123WA0187501948
B2149384735792N11948116WA0187501947
B2149394735792N11948108WA0187501945
B2149404735792N11948100WA0187501944
B2149414735792N11948090WA0187401941
B2149424735792N11948081WA0187401940
B2149434735791N11948072WA0187301939
B2149444735791N11948063WA0187201939
B2149454735791N11948055WA0187201939
B2149464735791N11948046WA0187101939
B2149474735791N11948038WA0187101939
B2149484735791N11948030WA0187001939
B2149494735791N11948021WA0187001938
B2149504735791N11948013WA0187001938
B2149514735791N11948005WA0186901938
B2149524735792N11947997WA0186901938
B2149534735792N11947989WA0186901938
B2149544735793N11947982WA0186901938
B2149554735794N11947973WA0186801938
B2149564735795N11947965WA0186801937
B2149574735796N11947955WA0186801936
B2149584735797N11947946WA0186701935
B2149594735798N11947936WA0186701935
B2150004735800N11947927WA0186601935
B2150014735801N11947918WA0186601935
B2150024735802N11947909WA0186601935
B2150034735804N11947900WA0186501934
B2150044735805N11947891WA0186501933
B2150054735807N11947882WA0186501931
B2150064735807N11947873WA0186401928
B2150074735808N11947864WA0186301925
B2150084735810N11947853WA0186201922
B2150094735811N11947842WA0186101918
B2150104735812N11947831WA0185901914
B2150114735813N11947818WA0185801910
B2150124735815N11947805WA0185501907
B2150134735817N11947793WA0185401905
B2150144735819N11947781WA0185101904
B2150154735822N11947769WA0185001903
B2150164735824N11947758WA0184701901
B2150174735827N11947748WA0184601899
B2150184735829N11947737WA0184401898
B2150194735831N11947726WA0184201895
B2150204735833N11947715WA0184001893
B2150214735835N11947704WA0183801890
B2150224735836N11947692WA0183601887
B2150234735837N11947680WA0183401884
B2150244735838N11947669WA0183101881
B2150254735839N11947657WA0182901879
B2150264735841N11947646WA0182701876
B2150274735843N11947634WA0182501874
B2150284735845N11947623WA0182201871
B2150294735846N11947611WA0182001869
B2150304735848N11947599WA0181701866
B2150314735849N11947588WA0181501863
B2150324735850N11947577WA0181201861
B2150334735852N11947566WA0181001860
B2150344735854N11947555WA0180701858
B2150354735855N11947543WA0180601856
B2150364735857N11947532WA0180301853
B2150374735859N11947519WA0180101850
B2150384735860N11947506WA0179801847
B2150394735861N11947493WA0179601844
B2150404735863N11947480WA0179301842
B2150414735865N11947468WA0179101840
B2150424735867N11947455WA0178801837
B2150434735869N11947443WA0178601835
B2150444735871N11947430WA0178301831
B2150454735873N11947417WA0178101827
B2150464735874N11947403WA0177801824
B2150474735876N11947390WA0177601821
B2150484735877N11947377WA0177301819
B2150494735878N11947365WA0177101817
B2150504735880N11947354WA0176801816
B2150514735881N11947342WA0176501813
B2150524735882N11947330WA0176201810
B2150534735883N11947318WA0176001807
B2150544735884N11947305WA0175701804
B2150554735885N11947293WA0175501802
B2150564735885N11947281WA0175201800
B2150574735886N11947269WA0175001797
B2150584735886N11947257WA0174701794
B2150594735886N11947245WA0174501790
B2151004735887N11947232WA0174201786
B2151014735887N11947220WA0173901783
B2151024735887N11947208WA0173601779
B2151034735888N11947195WA0173401776
B2151044735888N11947183WA0173001773
B2151054735889N11947170WA0172801770
B2151064735891N11947157WA0172401767
B2151074735892N11947144WA0172201763
B2151084735894N11947131WA0171801760
B2151094735895N11947118WA0171601757
B2151104735896N11947105WA0171201753
B2151114735897N11947092WA0171001750
B2151124735899N11947078WA0170601747
B2151134735900N11947065WA0170301745
B2151144735900N11947052WA0170001743
B2151154735901N11947040WA0169701742
B2151164735902N11947028WA0169401740
B2151174735902N11947016WA0169201739
B2151184735903N11947006WA0168901738
B2151194735904N11946995WA0168701737
B2151204735906N11946985WA0168401735
B2151214735907N11946974WA0168301733
B2151224735908N11946963WA0168001730
B2151234735909N11946950WA0167801728
B2151244735911N11946938WA0167501726
B2151254735913N11946925WA0167401725
B2151264735914N11946913WA0167101725
B2151274735915N11946902WA0167001725
B2151284735915N11946892WA0166801725
B2151294735915N11946881WA0166601724
B2151304735915N11946871WA0166401722
B2151314735916N11946860WA0166301720
B2151324735917N11946848WA0166101718
B2151334735918N11946837WA0166001717
B2151344735919N11946825WA0165801715
B2151354735919N11946814WA0165701714
B2151364735920N11946803WA0165601713
B2151374735920N11946792WA0165401711
B2151384735921N11946781WA0165201708
B2151394735922N11946770WA0165101704
B2151404735922N11946758WA0164901700
B2151414735923N11946745WA0164701695
B2151424735923N11946732WA0164501691
B2151434735924N11946718WA0164301688
B2151444735925N11946706WA0164001685
B2151454735925N11946693WA0163801683
B2151464735925N11946681WA0163501681
B2151474735926N11946669WA0163301679
B2151484735926N11946658WA0163001676
B2151494735926N11946646WA0162801673
B2151504735927N11946634WA0162501669
B2151514735927N11946622WA0162301666
B2151524735928N11946610WA0162001663
B2151534735928N11946598WA0161801663
B2151544735929N11946587WA0161501663
B2151554735930N11946577WA0161301662
B2151564735932N11946566WA0161101660
B2151574735934N11946555WA0160901657
B2151584735935N11946543WA0160701654
B2151594735937N11946531WA0160501651
B2152004735938N11946519WA0160201649
B2152014735940N11946507WA0160101647
B2152024735941N11946495WA0159801644
B2152034735942N11946484WA0159601643
B2152044735941N11946474WA0159401644
B2152054735941N11946466WA0159201646
B2152064735941N11946458WA0159101647
B2152074735941N11946450WA0159001648
B2152084735942N11946441WA0158801647
B2152094735942N11946431WA0158801647
B2152104735943N11946420WA0158701646
B2152114735944N11946409WA0158601646
B2152124735945N11946398WA0158501647
B2152134735945N11946387WA0158501649
B2152144735946N11946376WA0158401650
B2152154735946N11946364WA0158401651
B2152164735947N11946352WA0158401652
B2152174735948N11946341WA0158401653
B2152184735949N11946331WA0158401655
B2152194735949N11946320WA0158401656
B2152204735949N11946309WA0158501657
B2152214735949N11946297WA0158501657
B2152224735950N11946285WA0158601659
B2152234735950N11946272WA0158601661
B2152244735951N11946260WA0158701663
B2152254735951N11946249WA0158801666
B2152264735951N11946238WA0158901667
B2152274735951N11946227WA0159001668
B2152284735951N11946216WA0159201668
B2152294735951N11946204WA0159201667
B2152304735952N11946192WA0159301666
B2152314735952N11946180WA0159401665
B2152324735952N11946169WA0159401664
B2152334735953N11946157WA0159501663
B2152344735954N11946146WA0159501662
B2152354735955N11946134WA0159501661
B2152364735956N11946123WA0159501660
B2152374735956N11946113WA0159401659
B2152384735957N11946104WA0159401658
B2152394735957N11946093WA0159401657
B2152404735957N11946083WA0159301657
B2152414735958N11946074WA0159301657
B2152424735958N11946064WA0159301657
B2152434735959N11946055WA0159201657
B2152444735961N11946046WA0159201658
B2152454735962N11946037WA0159201658
B2152464735964N11946027WA0159101657
B2152474735966N11946018WA0159101656
B2152484735967N11946009WA0159101655
B2152494735968N11946000WA0159001653
B2152504735969N11945991WA0159001652
B2152514735969N11945982WA0158901650
B2152524735970N11945974WA0158901649
B2152534735971N11945965WA0158801649
B2152544735972N11945955WA0158701649
B2152554735973N11945945WA0158701648
B2152564735974N11945935WA0158601648
B2152574735975N11945924WA0158601648
B2152584735976N11945914WA0158501648
B2152594735977N11945904WA0158501649
B2153004735977N11945894WA0158401650
B2153014735978N11945884WA0158401651
B2153024735979N11945874WA0158401651
B2153034735979N11945864WA0158401652
B2153044735980N11945854WA0158401652
B2153054735980N11945844WA0158401652
B2153064735981N11945833WA0158401651
B2153074735981N11945822WA0158401652
B2153084735982N11945812WA0158401653
B2153094735982N11945802WA0158501655
B2153104735982N11945793WA0158501657
B2153114735983N11945784WA0158601659
B2153124735983N11945775WA0158601660
B2153134735983N11945766WA0158701661
B2153144735983N11945756WA0158801662
B2153154735984N11945746WA0158901663
B2153164735984N11945735WA0159001665
B2153174735985N11945725WA0159101669
B2153184735986N11945716WA0159201674
B2153194735988N11945708WA0159301680
B2153204735988N11945702WA0159601685
B2153214735986N11945699WA0159801690
B2153224735982N11945698WA0160101691
B2153234735978N11945700WA0160301692
B2153244735974N11945706WA0160601693
B2153254735972N11945714WA0160701696
B2153264735973N11945724WA0161001699
B2153274735976N11945732WA0161201702
B2153284735981N11945739WA0161501705
B2153294735986N11945745WA0161701708
B2153304735992N11945749WA0162101712
B2153314735998N11945752WA0162301716
B2153324736004N11945753WA0162601720
B2153334736010N11945752WA0162801722
B2153344736016N11945749WA0163201723
B2153354736022N11945743WA0163401724
B2153364736027N11945735WA0163701726
B2153374736030N11945725WA0163901728
B2153384736031N11945715WA0164301731
B2153394736031N11945707WA0164501736
B2153404736029N11945702WA0164801741
B2153414736027N11945699WA0165101745
B2153424736024N11945700WA0165401747
B2153434736020N11945704WA0165701748
B2153444736016N11945711WA0166001749
B2153454736015N11945721WA0166201751
B2153464736017N11945730WA0166501754
B2153474736021N11945739WA0166701758
B2153484736026N11945745WA0167101762
B2153494736033N11945749WA0167301765
B2153504736040N11945751WA0167701768
B2153514736047N11945750WA0167901770
B2153524736055N11945747WA0168201772
B2153534736062N11945742WA0168401774
B2153544736070N11945737WA0168801776
B2153554736077N11945732WA0169001778
B2153564736082N11945726WA0169401782
B2153574736085N11945719WA0169601786
B2153584736086N11945711WA0169901787
B2153594736084N11945704WA0170101787
B2154004736080N11945701WA0170401789
B2154014736075N11945701WA0170601791
B2154024736072N11945706WA0170901794
B2154034736071N11945715WA0171101796
B2154044736073N11945725WA0171401799
B2154054736077N11945734WA0171601802
B2154064736084N11945739WA0172001806
B2154074736091N11945741WA0172201810
B2154084736099N11945739WA0172501813
B2154094736106N11945735WA0172701815
B2154104736112N11945728WA0173001818
B2154114736117N11945720WA0173201819
B2154124736120N11945711WA0173501820
B2154134736122N11945702WA0173701822
B2154144736122N11945695WA0174001825
B2154154736122N11945690WA0174201828
B2154164736119N11945688WA0174501831
B2154174736116N11945688WA0174701832
B2154184736112N11945690WA0174901833
B2154194736109N11945696WA0175101834
B2154204736107N11945702WA0175301837
B2154214736105N11945709WA0175501840
B2154224736104N11945716WA0175701843
B2154234736104N11945722WA0175901847
B2154244736104N11945728WA0176201851
B2154254736106N11945734WA0176401854
B2154264736111N11945741WA0176701856
B2154274736117N11945745WA0176901858
B2154284736126N11945746WA0177201858
B2154294736134N11945742WA0177301860
B2154304736141N11945735WA0177601862
B2154314736145N11945725WA0177801864
B2154324736146N11945715WA0178001866
B2154334736144N11945707WA0178201868
B2154344736139N11945704WA0178501870
B2154354736135N11945706WA0178701873
B2154364736132N11945711WA0178901875
B2154374736130N11945717WA0179101878
B2154384736129N11945723WA0179301882
B2154394736129N11945728WA0179501886
B2154404736132N11945734WA0179801890
B2154414736137N11945739WA0180001892
B2154424736144N11945743WA0180301893
B2154434736152N11945744WA0180501894
B2154444736160N11945741WA0180801896
B2154454736167N11945735WA0181001898
B2154464736173N11945727WA0181201901
B2154474736175N11945717WA0181401904
B2154484736176N11945708WA0181701907
B2154494736174N11945701WA0181901909
B2154504736171N11945696WA0182201912
B2154514736169N11945693WA0182401915
B2154524736165N11945691WA0182701918
B2154534736162N11945690WA0182901920
B2154544736159N11945691WA0183201922
B2154554736155N11945694WA0183401924
B2154564736153N11945699WA0183701927
B2154574736151N11945706WA0183901929
B2154584736151N11945713WA0184201932
B2154594736153N11945721WA0184401935
B2155004736158N11945728WA0184701937
B2155014736164N11945733WA0184901939
B2155024736172N11945735WA0185201941
B2155034736179N11945733WA0185401943
B2155044736186N11945729WA0185601944
B2155054736192N11945723WA0185801945
B2155064736198N11945715WA0186001946
B2155074736203N11945706WA0186101947
B2155084736207N11945695WA0186401949
B2155094736209N11945685WA0186501952
B2155104736210N11945675WA0186801955
B2155114736211N11945667WA0186901959
B2155124736211N11945660WA0187201962
B2155134736210N11945655WA0187401965
B2155144736208N11945652WA0187701967
B2155154736204N11945652WA0187801967
B2155164736201N11945655WA0188101968
B2155174736198N11945661WA0188201969
B2155184736199N11945669WA0188401971
B2155194736202N11945678WA0188601973
B2155204736208N11945686WA0188801975
B2155214736214N11945691WA0189001977
B2155224736222N11945694WA0189201980
B2155234736230N11945693WA0189401983
B2155244736237N11945689WA0189601985
B2155254736244N11945683WA0189801986
B2155264736249N11945674WA0190001987
B2155274736252N11945663WA0190201987
B2155284736254N11945652WA0190401988
B2155294736254N11945642WA0190501990
B2155304736254N11945633WA0190701993
B2155314736254N11945625WA0190901996
B2155324736255N11945618WA0191101999
B2155334736257N11945610WA0191302001
B2155344736258N11945601WA0191502002
B2155354736259N11945593WA0191602003
B2155364736260N11945585WA0191802003
B2155374736261N11945576WA0192002002
B2155384736262N11945565WA0192102000
B2155394736264N11945554WA0192201998
B2155404736265N11945543WA0192301997
B2155414736267N11945531WA0192301995
B2155424736269N11945521WA0192301994
B2155434736271N11945510WA0192301993
B2155444736272N11945500WA0192301992
B2155454736274N11945490WA0192301990
B2155464736276N11945479WA0192201987
B2155474736277N11945467WA0192201984
B2155484736278N11945455WA0192001982
B2155494736280N11945442WA0192001979
B2155504736282N11945429WA0191801976
B2155514736284N11945415WA0191701973
B2155524736286N11945402WA0191501971
B2155534736288N11945388WA0191401968
B2155544736290N11945374WA0191101966
B2155554736292N11945360WA0191001964
B2155564736294N11945346WA0190801962
B2155574736295N11945333WA0190601960
B2155584736297N11945320WA0190401958
B2155594736299N11945307WA0190201956
B2156004736300N11945294WA0190001954
B2156014736302N11945281WA0189801952
B2156024736303N11945268WA0189601950
B2156034736305N11945256WA0189401947
B2156044736306N11945243WA0189201944
B2156054736308N11945230WA0189001942
B2156064736309N11945217WA0188801940
B2156074736310N11945204WA0188601937
B2156084736311N11945190WA0188301933
B2156094736313N11945176WA0188101930
B2156104736315N11945162WA0187801926
B2156114736316N11945148WA0187601922
B2156124736318N11945134WA0187301919
B2156134736320N11945121WA0187101918
B2156144736322N11945109WA0186801917
B2156154736323N11945098WA0186601915
B2156164736325N11945086WA0186301912
B2156174736327N11945073WA0186101909
B2156184736328N11945061WA0185801906
B2156194736330N11945047WA0185601902
B2156204736332N11945034WA0185301899
B2156214736334N11945020WA0185101896
B2156224736336N11945007WA0184801893
B2156234736338N11944995WA0184601890
B2156244736340N11944981WA0184201887
B2156254736343N11944968WA0184001883
B2156264736345N11944955WA0183701880
B2156274736348N11944941WA0183401876
B2156284736350N11944927WA0183101873
B2156294736353N11944912WA0182801869
B2156304736355N11944898WA0182401866
B2156314736357N11944884WA0182201864
B2156324736360N11944871WA0181801862
B2156334736362N11944857WA0181601860
B2156344736364N11944844WA0181301858
B2156354736366N11944831WA0181101856
B2156364736368N11944819WA0180701854
B2156374736371N11944805WA0180501851
B2156384736372N11944792WA0180201848
B2156394736374N11944779WA0180001846
B2156404736375N11944766WA0179701844
B2156414736376N11944753WA0179501841
B2156424736376N11944740WA0179201839
B2156434736377N11944728WA0179001838
B2156444736378N11944715WA0178701837
B2156454736379N11944703WA0178501834
B2156464736381N11944691WA0178201833
B2156474736383N11944679WA0178101831
B2156484736384N11944668WA0177801829
B2156494736385N11944657WA0177701829
B2156504736385N11944646WA0177501829
B2156514736386N11944636WA0177301828
B2156524736387N11944625WA0177101827
B2156534736388N11944614WA0177001825
B2156544736391N11944604WA0176801822
B2156554736395N11944593WA0176601819
B2156564736398N11944581WA0176401816
B2156574736401N11944570WA0176301815
B2156584736403N11944558WA0176001813
B2156594736405N11944547WA0175901812
B2157004736406N11944537WA0175701811
B2157014736408N11944528WA0175501809
B2157024736410N11944519WA0175301808
B2157034736413N11944510WA0175201805
B2157044736415N11944500WA0174901802
B2157054736418N11944490WA0174801798
B2157064736421N11944479WA0174501793
B2157074736424N11944467WA0174301790
B2157084736427N11944456WA0174001787
B2157094736429N11944446WA0173801785
B2157104736431N11944436WA0173501782
B2157114736433N11944426WA0173301778
B2157124736435N11944416WA0173001774
B2157134736438N11944404WA0172801769
B2157144736440N11944393WA0172401765
B2157154736441N11944382WA0172201763
B2157164736442N11944372WA0171801762
B2157174736442N11944362WA0171601761
B2157184736442N11944352WA0171301759
B2157194736443N11944341WA0171001756
B2157204736444N11944331WA0170701753
B2157214736446N11944320WA0170501750
B2157224736448N11944308WA0170201747
B2157234736450N11944296WA0170001744
B2157244736452N11944284WA0169601740
B2157254736454N11944271WA0169401738
B2157264736455N11944259WA0169101736
B2157274736456N11944247WA0168901734
B2157284736457N11944236WA0168601732
B2157294736458N11944225WA0168401729
B2157304736459N11944213WA0168001725
B2157314736460N11944201WA0167801721
B2157324736462N11944187WA0167501717
B2157334736463N11944174WA0167301715
B2157344736464N11944161WA0166901714
B2157354736465N11944150WA0166701714
B2157364736465N11944139WA0166401714
B2157374736465N11944129WA0166201711
B2157384736466N11944118WA0166001708
B2157394736466N11944107WA0165801704
B2157404736466N11944095WA0165501700
B2157414736466N11944084WA0165301697
B2157424736466N11944073WA0164901694
B2157434736467N11944062WA0164701692
B2157444736468N11944051WA0164401689
B2157454736469N11944039WA0164201687
B2157464736470N11944028WA0163801685
B2157474736471N11944016WA0163601682
B2157484736472N11944003WA0163301679
B2157494736474N11943990WA0163101676
B2157504736475N11943977WA0162801674
B2157514736477N11943965WA0162601671
B2157524736479N11943953WA0162301669
B2157534736481N11943940WA0162001666
B2157544736482N11943928WA0161701661
B2157554736484N11943914WA0161501657
B2157564736485N11943900WA0161101652
B2157574736487N11943886WA0160901646
B2157584736489N11943872WA0160501642
B2157594736491N11943858WA0160201637
B2158004736494N11943844WA0159801634
B2158014736497N11943830WA0159501631
B2158024736501N11943817WA0159101629
B2158034736505N11943804WA0158801626
B2158044736509N11943791WA0158401622
B2158054736512N11943779WA0158201620
B2158064736514N11943768WA0157801619
B2158074736515N11943757WA0157601618
B2158084736517N11943747WA0157201617
B2158094736519N11943737WA0157001617
B2158104736521N11943727WA0156701618
B2158114736523N11943717WA0156601618
B2158124736525N11943706WA0156301617
B2158134736527N11943694WA0156201617
B2158144736530N11943682WA0156001617
B2158154736532N11943670WA0155901616
B2158164736533N11943658WA0155801618
B2158174736534N11943647WA0155701621
B2158184736534N11943637WA0155601623
B2158194736535N11943625WA0155601625
B2158204736535N11943614WA0155601626
B2158214736536N11943601WA0155601626
B2158224736538N11943589WA0155601627
B2158234736539N11943577WA0155601628
B2158244736541N11943566WA0155701628
B2158254736542N11943555WA0155701628
B2158264736544N11943543WA0155701628
B2158274736545N11943531WA0155701628
B2158284736546N11943520WA0155801629
B2158294736547N11943509WA0155801631
B2158304736548N11943500WA0155901632
B2158314736549N11943491WA0155901633
B2158324736550N11943482WA0156001632
B2158334736551N11943472WA0156001632
B2158344736552N11943462WA0156001630
B2158354736554N11943452WA0156001630
B2158364736555N11943441WA0156101629
B2158374736556N11943430WA0156101629
B2158384736556N11943420WA0156101629
B2158394736557N11943409WA0156101628
B2158404736557N11943399WA0156101626
B2158414736558N11943388WA0156101624
B2158424736559N11943377WA0156001621
B2158434736560N11943366WA0156001619
B2158444736560N11943355WA0155901617
B2158454736560N11943346WA0155801614
B2158464736560N11943336WA0155701612
B2158474736560N11943326WA0155601609
B2158484736561N11943315WA0155401605
B2158494736562N11943304WA0155301601
B2158504736563N11943292WA0155001598
B2158514736564N11943281WA0154901595
B2158524736565N11943270WA0154601592
B2158534736565N11943259WA0154401589
B2158544736565N11943248WA0154201586
B2158554736566N11943237WA0154001582
B2158564736567N11943226WA0153701580
B2158574736567N11943216WA0153501578
B2158584736567N11943207WA0153201576
B2158594736567N11943197WA0153001574
B2159004736567N11943187WA0152701570
B2159014736567N11943176WA0152501567
B2159024736567N11943164WA0152201562
B2159034736567N11943152WA0152001558
B2159044736566N11943139WA0151601555
B2159054736566N11943127WA0151401551
B2159064736566N11943116WA0151001549
B2159074736566N11943105WA0150801546
B2159084736567N11943095WA0150501543
B2159094736567N11943085WA0150201540
B2159104736568N11943075WA0149901536
B2159114736568N11943064WA0149601532
B2159124736569N11943053WA0149301528
B2159134736569N11943043WA0149001524
B2159144736570N11943032WA0148601521
B2159154736571N11943022WA0148401519
B2159164736572N11943011WA0148001517
B2159174736572N11943001WA0147801515
B2159184736574N11942990WA0147401513
B2159194736575N11942978WA0147201511
B2159204736577N11942967WA0146901509
B2159214736578N11942956WA0146701507
B2159224736580N11942944WA0146301505
B2159234736581N11942933WA0146101503
B2159244736582N11942921WA0145901501
B2159254736583N11942909WA0145701500
B2159264736584N11942898WA0145401499
B2159274736585N11942888WA0145301500
B2159284736586N11942879WA0145101502
B2159294736587N11942870WA0144901503
B2159304736588N11942862WA0144801504
B2159314736590N11942854WA0144701506
B2159324736591N11942847WA0144701508
B2159334736593N11942839WA0144601509
B2159344736595N11942831WA0144601511
B2159354736597N11942823WA0144601512
B2159364736599N11942815WA0144701514
B2159374736601N11942806WA0144701515
B2159384736603N11942798WA0144701517
B2159394736604N11942790WA0144801519
B2159404736606N11942782WA0144901521
B2159414736608N11942775WA0145001524
B2159424736611N11942768WA0145101527
B2159434736613N11942761WA0145201530
B2159444736615N11942753WA0145401531
B2159454736615N11942746WA0145501533
B2159464736613N11942739WA0145701534
B2159474736611N11942733WA0145801535
B2159484736609N11942727WA0146001538
B2159494736607N11942722WA0146101541
B2159504736606N11942718WA0146301543
B2159514736606N11942714WA0146501546
B2159524736605N11942711WA0146701548
B2159534736603N11942708WA0146901551
B2159544736600N11942707WA0147101553
B2159554736597N11942706WA0147301555
B2159564736593N11942707WA0147501556
B2159574736590N11942710WA0147701558
B2159584736587N11942716WA0147901559
B2159594736584N11942724WA0148101559
B2200004736583N11942733WA0148301560
B2200014736583N11942743WA0148501561
B2200024736584N11942754WA0148701562
B2200034736588N11942764WA0148801564
B2200044736592N11942774WA0149001564
B2200054736597N11942783WA0149101565
B2200064736602N11942789WA0149301568
B2200074736608N11942794WA0149401570
B2200084736613N11942797WA0149601571
B2200094736618N11942799WA0149801571
B2200104736623N11942799WA0149901571
B2200114736627N11942797WA0150001571
B2200124736630N11942793WA0150201570
B2200134736631N11942787WA0150301570
B2200144736632N11942779WA0150401570
B2200154736632N11942771WA0150501570
B2200164736631N11942766WA0150601574
B2200174736631N11942763WA0150701579
B2200184736631N11942761WA0150801582
B2200194736631N11942758WA0150901583
B2200204736632N11942756WA0151101584
B2200214736631N11942752WA0151201584
B2200224736631N11942748WA0151301583
B2200234736630N11942743WA0151401583
B2200244736629N11942739WA0151501584
B2200254736629N11942734WA0151601585
B2200264736630N11942729WA0151701585
B2200274736631N11942723WA0151801585
B2200284736633N11942718WA0151901585
B2200294736636N11942712WA0151901584
B2200304736640N11942706WA0152001583
B2200314736643N11942699WA0152001582
B2200324736647N11942692WA0152001581
B2200334736651N11942685WA0152001581
B2200344736654N11942678WA0152001581
B2200354736657N11942671WA0152001581
B2200364736658N11942665WA0152001580
B2200374736657N11942659WA0152001579
B2200384736654N11942655WA0151901578
B2200394736649N11942654WA0151901576
B2200404736644N11942655WA0151801576
B2200414736641N11942658WA0151801576
B2200424736637N11942660WA0151801578
B2200434736634N11942662WA0151701578
B2200444736631N11942664WA0151701577
B2200454736626N11942668WA0151701575
B2200464736621N11942672WA0151601573
B2200474736616N11942677WA0151601571
B2200484736611N11942683WA0151501570
B2200494736607N11942688WA0151501570
B2200504736602N11942694WA0151401569
B2200514736598N11942699WA0151301567
B2200524736594N11942704WA0151201565
B2200534736589N11942710WA0151201563
B2200544736585N11942717WA0151001560
B2200554736581N11942724WA0150901557
B2200564736577N11942731WA0150801556
B2200574736574N11942737WA0150701556
B2200584736571N11942743WA0150501555
B2200594736568N11942749WA0150401555
B2201004736565N11942755WA0150301554
B2201014736561N11942763WA0150201552
B2201024736557N11942771WA0150101550
B2201034736553N11942780WA0150001548
B2201044736549N11942789WA0149801546
B2201054736545N11942798WA0149701546
B2201064736542N11942806WA0149601547
B2201074736538N11942813WA0149501547
B2201084736535N11942819WA0149401547
B2201094736532N11942826WA0149301547
B2201104736529N11942833WA0149201546
B2201114736525N11942840WA0149201545
B2201124736523N11942846WA0149101543
B2201134736520N11942853WA0149001542
B2201144736518N11942860WA0148901540
B2201154736515N11942868WA0148801538
B2201164736513N11942875WA0148701536
B2201174736510N11942882WA0148601534
B2201184736507N11942889WA0148401532
B2201194736504N11942897WA0148301530
B2201204736501N11942905WA0148101528
B2201214736497N11942913WA0148001526
B2201224736494N11942921WA0147801525
B2201234736490N11942928WA0147701523
B2201244736486N11942936WA0147501521
B2201254736482N11942944WA0147401519
B2201264736478N11942952WA0147201518
B2201274736475N11942961WA0147001516
B2201284736472N11942969WA0146801514
B2201294736469N11942978WA0146701513
B2201304736467N11942986WA0146501510
B2201314736465N11942996WA0146301507
B2201324736464N11943006WA0146101504
B2201334736464N11943018WA0145901500
B2201344736465N11943030WA0145701498
B2201354736467N11943040WA0145501497
B2201364736469N11943048WA0145301498
B2201374736471N11943056WA0145101498
B2201384736472N11943064WA0144901497
B2201394736474N11943073WA0144801493
B2201404736475N11943083WA0144501489
B2201414736476N11943094WA0144401486
B2201424736477N11943104WA0144101483
B2201434736478N11943114WA0143901482
B2201444736478N11943123WA0143701482
B2201454736479N11943131WA0143501482
B2201464736479N11943139WA0143301480
B2201474736480N11943147WA0143201477
B2201484736480N11943157WA0142901474
B2201494736480N11943167WA0142801471
B2201504736481N11943177WA0142501469
B2201514736481N11943186WA0142301467
B2201524736481N11943195WA0142101466
B2201534736481N11943204WA0141901464
B2201544736481N11943213WA0141701462
B2201554736481N11943222WA0141501459
B2201564736480N11943232WA0141201456
B2201574736480N11943242WA0141101453
B2201584736479N11943252WA0140801451
B2201594736478N11943261WA0140601449
B2202004736478N11943270WA0140401448
B2202014736478N11943279WA0140201447
B2202024736478N11943288WA0140001445
B2202034736478N11943297WA0139801442
B2202044736478N11943307WA0139601439
B2202054736478N11943317WA0139401437
B2202064736477N11943326WA0139201436
B2202074736478N11943334WA0139001435
B2202084736479N11943342WA0138801435
B2202094736481N11943350WA0138701434
B2202104736483N11943359WA0138501432
B2202114736485N11943368WA0138401429
B2202124736486N11943378WA0138201426
B2202134736487N11943387WA0138001423
B2202144736488N11943397WA0137801421
B2202154736488N11943407WA0137601419
B2202164736490N11943416WA0137401418
B2202174736491N11943426WA0137201416
B2202184736492N11943436WA0137001414
B2202194736493N11943445WA0136901413
B2202204736495N11943454WA0136601411
B2202214736496N11943463WA0136501409
B2202224736497N11943472WA0136301406
B2202234736498N11943482WA0136101403
B2202244736500N11943492WA0135901400
B2202254736501N11943501WA0135701398
B2202264736502N11943511WA0135401395
B2202274736502N11943520WA0135301393
B2202284736503N11943529WA0135001391
B2202294736504N11943539WA0134801388
B2202304736505N11943548WA0134601385
B2202314736507N11943558WA0134401382
B2202324736508N11943568WA0134101380
B2202334736508N11943578WA0133901378
B2202344736509N11943586WA0133701376
B2202354736510N11943595WA0133501374
B2202364736511N11943603WA0133201372
B2202374736511N11943612WA0133101368
B2202384736512N11943622WA0132801364
B2202394736512N11943632WA0132601362
B2202404736513N11943642WA0132301361
B2202414736513N11943651WA0132101360
B2202424736514N11943659WA0131801360
B2202434736514N11943667WA0131701359
B2202444736515N11943676WA0131401357
B2202454736516N11943685WA0131301353
B2202464736516N11943695WA0131001351
B2202474736517N11943705WA0130901349
B2202484736517N11943713WA0130701348
B2202494736517N11943721WA0130501347
B2202504736517N11943728WA0130301346
B2202514736517N11943736WA0130101343
B2202524736518N11943744WA0129901340
B2202534736519N11943753WA0129801337
B2202544736519N11943762WA0129501334
B2202554736520N11943771WA0129401332
B2202564736519N11943780WA0129101329
B2202574736519N11943789WA0128901327
B2202584736519N11943798WA0128601324
B2202594736520N11943807WA0128501322
B2203004736520N11943815WA0128201319
B2203014736519N11943824WA0128001316
B2203024736519N11943833WA0127701312
B2203034736518N11943842WA0127501309
B2203044736517N11943853WA0127301306
B2203054736517N11943862WA0127001303
B2203064736517N11943871WA0126701302
B2203074736517N11943880WA0126501300
B2203084736516N11943888WA0126301297
B2203094736516N11943897WA0126101294
B2203104736516N11943907WA0125701290
B2203114736516N11943917WA0125501286
B2203124736516N11943926WA0125201283
B2203134736517N11943936WA0125001280
B2203144736518N11943946WA0124601277
B2203154736518N11943956WA0124401273
B2203164736518N11943967WA0124101268
B2203174736517N11943978WA0123801265
B2203184736517N11943989WA0123501264
B2203194736517N11943998WA0123201265
B2203204736518N11944007WA0123001266
B2203214736519N11944016WA0122801265
B2203224736519N11944026WA0122501264
B2203234736520N11944037WA0122401263
B2203244736520N11944048WA0122201262
B2203254736521N11944060WA0122001263
B2203264736521N11944072WA0121901264
B2203274736521N11944083WA0121801265
B2203284736521N11944094WA0121701268
B2203294736522N11944104WA0121601270
B2203304736522N11944114WA0121601273
B2203314736522N11944123WA0121601275
B2203324736522N11944131WA0121601277
B2203334736522N11944139WA0121701278
B2203344736522N11944147WA0121801279
B2203354736521N11944156WA0121801279
B2203364736520N11944165WA0121901278
B2203374736520N11944176WA0121901277
B2203384736520N11944188WA0122001276
B2203394736520N11944201WA0122001275
B2203404736521N11944214WA0122001276
B2203414736521N11944226WA0122001279
B2203424736521N11944235WA0122101284
B2203434736521N11944243WA0122201289
B2203444736521N11944249WA0122301293
B2203454736520N11944255WA0122401296
B2203464736517N11944260WA0122601298
B2203474736513N11944265WA0122801298
B2203484736508N11944267WA0123001297
B2203494736502N11944265WA0123101298
B2203504736498N11944260WA0123201299
B2203514736496N11944252WA0123301299
B2203524736496N11944243WA0123501299
B2203534736498N11944234WA0123601300
B2203544736502N11944227WA0123701300
B2203554736506N11944222WA0123801301
B2203564736512N11944220WA0123901303
B2203574736517N11944221WA0124001305
B2203584736522N11944222WA0124201307
B2203594736528N11944224WA0124301308
B2204004736533N11944228WA0124401309
B2204014736538N11944233WA0124501310
B2204024736542N11944241WA0124601311
B2204034736545N11944248WA0124701312
B2204044736548N11944256WA0124801314
B2204054736551N11944264WA0124901317
B2204064736554N11944273WA0125101319
B2204074736556N11944281WA0125201321
B2204084736558N11944289WA0125401323
B2204094736559N11944297WA0125501325
B2204104736562N11944304WA0125701326
B2204114736565N11944310WA0125801325
B2204124736570N11944316WA0125901324
B2204134736575N11944323WA0126001322
B2204144736580N11944331WA0126001320
B2204154736584N11944342WA0126101319
B2204164736587N11944353WA0126101317
B2204174736591N11944365WA0126101316
B2204184736594N11944377WA0126101317
B2204194736598N11944387WA0126101318
B2204204736601N11944398WA0126101320
B2204214736603N11944408WA0126101321
B2204224736606N11944418WA0126201321
B2204234736608N11944430WA0126201320
B2204244736611N11944442WA0126201318
B2204254736612N11944455WA0126201318
B2204264736614N11944467WA0126201319
B2204274736616N11944479WA0126201320
B2204284736618N11944490WA0126201321
B2204294736620N11944501WA0126301322
B2204304736622N11944513WA0126301322
B2204314736623N11944525WA0126301322
B2204324736625N11944537WA0126401321
B2204334736626N11944550WA0126401320
B2204344736627N11944562WA0126401319
B2204354736628N11944576WA0126401318
B2204364736630N11944590WA0126401317
B2204374736632N11944604WA0126301317
B2204384736633N11944617WA0126301318
B2204394736634N11944629WA0126301320
B2204404736635N11944639WA0126301321
B2204414736636N11944649WA0126301321
B2204424736637N11944659WA0126301319
B2204434736638N11944670WA0126301316
B2204444736639N11944682WA0126201313
B2204454736640N11944694WA0126201310
B2204464736641N11944707WA0126101308
B2204474736642N11944718WA0126001306
B2204484736644N11944729WA0125901305
B2204494736645N11944740WA0125801304
B2204504736646N11944750WA0125601302
B2204514736647N11944760WA0125501299
B2204524736648N11944770WA0125301296
B2204534736649N11944781WA0125201292
B2204544736650N11944793WA0125001288
B2204554736651N11944805WA0124801285
B2204564736652N11944816WA0124601282
B2204574736653N11944827WA0124401281
B2204584736653N11944837WA0124201279
B2204594736654N11944848WA0124001277
B2205004736655N11944859WA0123701273
B2205014736656N11944871WA0123601269
B2205024736658N11944884WA0123301266
B2205034736660N11944896WA0123101263
B2205044736662N11944907WA0122801262
B2205054736664N11944917WA0122601262
B2205064736666N11944927WA0122401262
B2205074736667N11944936WA0122201261
B2205084736669N11944946WA0122001259
B2205094736671N11944957WA0121801256
B2205104736673N11944968WA0121601253
B2205114736675N11944979WA0121401250
B2205124736677N11944991WA0121201247
B2205134736679N11945002WA0121001245
B2205144736681N11945014WA0120801244
B2205154736683N11945025WA0120601242
B2205164736685N11945037WA0120301240
B2205174736687N11945049WA0120201238
B2205184736689N11945061WA0119901235
B2205194736690N11945072WA0119801234
B2205204736692N11945084WA0119501232
B2205214736694N11945095WA0119401231
B2205224736695N11945107WA0119101229
B2205234736697N11945118WA0119001228
B2205244736698N11945130WA0118801226
B2205254736699N11945142WA0118701225
B2205264736700N11945153WA0118501224
B2205274736701N11945164WA0118301224
B2205284736703N11945176WA0118101222
B2205294736705N11945187WA0118001221
B2205304736706N11945198WA0117901219
B2205314736708N11945210WA0117701217
B2205324736710N11945222WA0117601215
B2205334736711N11945233WA0117401214
B2205344736712N11945245WA0117201214
B2205354736713N11945255WA0117101214
B2205364736714N11945265WA0117001214
B2205374736715N11945275WA0116901214
B2205384736716N11945285WA0116801213
B2205394736716N11945296WA0116701211
B2205404736717N11945308WA0116601209
B2205414736718N11945320WA0116501207
B2205424736719N11945332WA0116401206
B2205434736720N11945343WA0116301205
B2205444736721N11945355WA0116101205
B2205454736722N11945366WA0116101204
B2205464736723N11945377WA0115901202
B2205474736724N11945388WA0115801200
B2205484736725N11945400WA0115701197
B2205494736726N11945413WA0115601195
B2205504736727N11945426WA0115401193
B2205514736728N11945439WA0115301192
B2205524736731N11945450WA0115201194
B2205534736733N11945459WA0115101197
B2205544736736N11945467WA0115001198
B2205554736739N11945474WA0115001197
B2205564736741N11945482WA0114901193
B2205574736742N11945492WA0114801189
B2205584736743N11945504WA0114701183
B2205594736742N11945516WA0114601179
B2206004736740N11945527WA0114301177
B2206014736738N11945537WA0114201177
B2206024736736N11945546WA0114001177
B2206034736735N11945554WA0113901179
B2206044736735N11945561WA0113801180
B2206054736734N11945569WA0113701181
B2206064736733N11945577WA0113601180
B2206074736732N11945585WA0113501180
B2206084736730N11945593WA0113501179
B2206094736729N11945601WA0113401179
B2206104736728N11945609WA0113401179
B2206114736727N11945617WA0113301179
B2206124736727N11945627WA0113301179
B2206134736726N11945636WA0113201178
B2206144736725N11945645WA0113101178
B2206154736724N11945653WA0113101179
B2206164736723N11945659WA0113101181
B2206174736722N11945666WA0113101181
B2206184736721N11945672WA0113101182
B2206194736720N11945680WA0113101182
B2206204736720N11945687WA0113101182
B2206214736720N11945695WA0113101183
B2206224736719N11945702WA0113101184
B2206234736718N11945710WA0113101184
B2206244736718N11945717WA0113201185
B2206254736717N11945725WA0113201185
B2206264736717N11945733WA0113201185
B2206274736716N11945741WA0113201186
B2206284736714N11945749WA0113301186
B2206294736712N11945756WA0113301187
B2206304736710N11945762WA0113301189
B2206314736709N11945768WA0113401191
B2206324736709N11945775WA0113501193
B2206334736708N11945781WA0113601195
B2206344736707N11945786WA0113701199
B2206354736705N11945789WA0113801201
B2206364736701N11945789WA0114001202
B2206374736698N11945785WA0114101203
B2206384736696N11945778WA0114201205
B2206394736696N11945769WA0114401207
B2206404736699N11945760WA0114501210
B2206414736704N11945753WA0114701212
B2206424736712N11945748WA0114901214
B2206434736720N11945747WA0115001216
B2206444736727N11945750WA0115201218
B2206454736733N11945757WA0115401221
B2206464736735N11945765WA0115601222
B2206474736735N11945773WA0115701223
B2206484736734N11945780WA0115901225
B2206494736732N11945786WA0116001227
B2206504736730N11945791WA0116201230
B2206514736728N11945795WA0116401234
B2206524736727N11945799WA0116601237
B2206534736726N11945803WA0116801239
B2206544736725N11945807WA0117101241
B2206554736724N11945812WA0117201243
B2206564736724N11945818WA0117401244
B2206574736725N11945824WA0117601245
B2206584736727N11945832WA0117901246
B2206594736731N11945839WA0118001247
B2207004736736N11945846WA0118301248
B2207014736741N11945851WA0118401249
B2207024736748N11945854WA0118601250
B2207034736755N11945853WA0118701250
B2207044736762N11945850WA0118801250
B2207054736768N11945844WA0119001251
B2207064736773N11945837WA0119101253
B2207074736776N11945829WA0119301255
B2207084736778N11945822WA0119501257
B2207094736778N11945816WA0119601259
B2207104736776N11945810WA0119701261
B2207114736773N11945805WA0119901262
B2207124736771N11945803WA0120101264
B2207134736767N11945803WA0120201265
B2207144736764N11945806WA0120401266
B2207154736761N11945811WA0120501268
B2207164736758N11945816WA0120701269
B2207174736755N11945821WA0120801272
B2207184736752N11945825WA0121001276
B2207194736751N11945828WA0121201280
B2207204736751N11945833WA0121301284
B2207214736753N11945840WA0121601286
B2207224736756N11945849WA0121701286
B2207234736761N11945858WA0122001287
B2207244736768N11945863WA0122101289
B2207254736776N11945865WA0122401291
B2207264736784N11945861WA0122501293
B2207274736790N11945853WA0122701293
B2207284736793N11945844WA0122901294
B2207294736794N11945834WA0123101295
B2207304736792N11945827WA0123201296
B2207314736789N11945822WA0123401298
B2207324736786N11945820WA0123501301
B2207334736783N11945819WA0123701304
B2207344736780N11945819WA0123901306
B2207354736777N11945820WA0124101309
B2207364736774N11945823WA0124201311
B2207374736772N11945829WA0124501315
B2207384736773N11945837WA0124601318
B2207394736776N11945845WA0124901321
B2207404736782N11945852WA0125101323
B2207414736790N11945857WA0125301325
B2207424736799N11945857WA0125501327
B2207434736807N11945852WA0125801330
B2207444736813N11945843WA0125901332
B2207454736816N11945832WA0126201334
B2207464736815N11945823WA0126501336
B2207474736813N11945817WA0126601339
B2207484736810N11945813WA0126801342
B2207494736806N11945811WA0127101344
B2207504736803N11945811WA0127201347
B2207514736799N11945811WA0127501349
B2207524736796N11945811WA0127701353
B2207534736792N11945811WA0128001357
B2207544736790N11945813WA0128201362
B2207554736787N11945816WA0128601367
B2207564736787N11945821WA0128801371
B2207574736788N11945829WA0129201374
B2207584736792N11945838WA0129401377
B2207594736798N11945846WA0129801379
B2208004736806N11945852WA0130101383
B2208014736814N11945852WA0130401386
B2208024736822N11945848WA0130701389
B2208034736828N11945840WA0131101392
B2208044736831N11945831WA0131301394
B2208054736833N11945822WA0131701397
B2208064736832N11945815WA0132001400
B2208074736830N11945809WA0132301403
B2208084736827N11945804WA0132601407
B2208094736825N11945799WA0132901412
B2208104736824N11945797WA0133301417
B2208114736822N11945796WA0133601420
B2208124736820N11945797WA0133901423
B2208134736817N11945800WA0134301425
B2208144736815N11945805WA0134501428
B2208154736814N11945811WA0134901430
B2208164736814N11945819WA0135101433
B2208174736817N11945826WA0135501437
B2208184736821N11945833WA0135701439
B2208194736826N11945840WA0136101440
B2208204736832N11945848WA0136301442
B2208214736839N11945855WA0136601445
B2208224736846N11945858WA0136801449
B2208234736854N11945858WA0137101452
B2208244736862N11945854WA0137401454
B2208254736868N11945847WA0137701456
B2208264736872N11945838WA0137901459
B2208274736874N11945829WA0138201462
B2208284736873N11945822WA0138401466
B2208294736870N11945819WA0138801469
B2208304736867N11945818WA0139001472
B2208314736865N11945819WA0139401475
B2208324736862N11945824WA0139601479
B2208334736862N11945830WA0140001483
B2208344736861N11945837WA0140201486
B2208354736862N11945845WA0140601489
B2208364736863N11945852WA0140801491
B2208374736865N11945860WA0141201494
B2208384736867N11945868WA0141501497
B2208394736871N11945876WA0141801499
B2208404736877N11945884WA0142101501
B2208414736885N11945888WA0142401504
B2208424736893N11945889WA0142601505
B2208434736902N11945884WA0142901507
B2208444736908N11945877WA0143101509
B2208454736913N11945868WA0143401512
B2208464736915N11945860WA0143701517
B2208474736916N11945852WA0144001520
B2208484736917N11945845WA0144201523
B2208494736916N11945838WA0144501526
B2208504736913N11945833WA0144701529
B2208514736910N11945830WA0145101531
B2208524736906N11945830WA0145301534
B2208534736903N11945833WA0145601536
B2208544736900N11945837WA0145801539
B2208554736899N11945841WA0146101542
B2208564736898N11945845WA0146301545
B2208574736897N11945849WA0146601547
B2208584736896N11945854WA0146801548
B2208594736896N11945860WA0147101549
B2209004736897N11945867WA0147301549
B2209014736900N11945874WA0147501549
B2209024736903N11945881WA0147701550
B2209034736906N11945888WA0147901551
B2209044736909N11945894WA0148001551
B2209054736912N11945900WA0148101550
B2209064736916N11945907WA0148201549
B2209074736922N11945914WA0148301547
B2209084736928N11945922WA0148401545
B2209094736934N11945931WA0148401543
B2209104736940N11945939WA0148401543
B2209114736944N11945947WA0148401544
B2209124736948N11945955WA0148501545
B2209134736952N11945963WA0148501547
B2209144736955N11945971WA0148501548
B2209154736958N11945979WA0148501549
B2209164736961N11945988WA0148601551
B2209174736964N11945995WA0148701553
B2209184736968N11946002WA0148701555
B2209194736971N11946009WA0148801556
B2209204736974N11946018WA0148901556
B2209214736978N11946027WA0148901556
B2209224736980N11946037WA0149001557
B2209234736982N11946046WA0149101558
B2209244736984N11946055WA0149201560
B2209254736984N11946064WA0149301562
B2209264736985N11946073WA0149401564
B2209274736984N11946082WA0149501566
B2209284736984N11946091WA0149601568
B2209294736982N11946099WA0149701570
B2209304736980N11946105WA0149801572
B2209314736978N11946110WA0150001573
B2209324736975N11946115WA0150101574
B2209334736972N11946120WA0150301574
B2209344736969N11946127WA0150401574
B2209354736968N11946136WA0150501574
B2209364736967N11946144WA0150601574
B2209374736967N11946154WA0150701573
B2209384736968N11946164WA0150701572
B2209394736972N11946174WA0150801570
B2209404736976N11946184WA0150801569
B2209414736981N11946192WA0150801570
B2209424736985N11946199WA0150801571
B2209434736989N11946206WA0150801572
B2209444736992N11946214WA0150901573
B2209454736995N11946222WA0150901572
B2209464736998N11946230WA0150901571
B2209474737001N11946238WA0150901570
B2209484737004N11946247WA0150901568
B2209494737007N11946256WA0150901566
B2209504737010N11946265WA0150901565
B2209514737014N11946273WA0150801565
B2209524737018N11946279WA0150801565
B2209534737025N11946282WA0150701565
B2209544737032N11946282WA0150701563
B2209554737040N11946281WA0150601561
B2209564737047N11946281WA0150601562
B2209574737054N11946282WA0150501565
B2209584737059N11946284WA0150501568
B2209594737065N11946285WA0150501571
B2210004737071N11946286WA0150601573
B2210014737077N11946286WA0150601575
B2210024737083N11946287WA0150701577
B2210034737089N11946287WA0150801579
B2210044737095N11946287WA0150901581
B2210054737100N11946286WA0151101582
B2210064737106N11946284WA0151201582
B2210074737112N11946280WA0151301581
B2210084737119N11946277WA0151401579
B2210094737126N11946273WA0151501577
B2210104737134N11946270WA0151501577
B2210114737141N11946267WA0151601578
B2210124737147N11946265WA0151601580
B2210134737152N11946263WA0151701581
B2210144737158N11946261WA0151701580
B2210154737165N11946258WA0151701578
B2210164737173N11946255WA0151801576
B2210174737180N11946252WA0151801575
B2210184737187N11946250WA0151801575
B2210194737194N11946249WA0151801576
B2210204737201N11946247WA0151801575
B2210214737208N11946244WA0151701574
B2210224737216N11946241WA0151701571
B2210234737224N11946238WA0151701570
B2210244737232N11946235WA0151601569
B2210254737239N11946232WA0151501569
B2210264737246N11946229WA0151501570
B2210274737253N11946226WA0151401568
B2210284737259N11946221WA0151401567
B2210294737266N11946217WA0151301565
B2210304737272N11946211WA0151301565
B2210314737280N11946206WA0151201565
B2210324737287N11946201WA0151201566
B2210334737295N11946195WA0151101568
B2210344737302N11946190WA0151101571
B2210354737309N11946184WA0151201575
B2210364737316N11946180WA0151201579
B2210374737322N11946176WA0151301583
B2210384737328N11946171WA0151401586
B2210394737333N11946166WA0151601589
B2210404737337N11946158WA0151701591
B2210414737340N11946149WA0151901592
B2210424737340N11946140WA0152001594
B2210434737338N11946133WA0152201596
B2210444737334N11946128WA0152401599
B2210454737330N11946124WA0152601602
B2210464737326N11946123WA0152701606
B2210474737322N11946124WA0153001610
B2210484737319N11946128WA0153201614
B2210494737317N11946134WA0153501618
B2210504737318N11946141WA0153701621
B2210514737321N11946148WA0154001623
B2210524737326N11946154WA0154201625
B2210534737332N11946159WA0154501627
B2210544737339N11946163WA0154701630
B2210554737346N11946166WA0155001633
B2210564737352N11946169WA0155201637
B2210574737358N11946171WA0155501640
B2210584737365N11946170WA0155801644
B2210594737372N11946167WA0156101647
B2211004737378N11946162WA0156301649
B2211014737384N11946156WA0156601651
B2211024737388N11946147WA0156901655
B2211034737391N11946137WA0157201658
B2211044737390N11946128WA0157501660
B2211054737388N11946120WA0157801663
B2211064737384N11946116WA0158001665
B2211074737380N11946114WA0158401668
B2211084737378N11946116WA0158601670
B2211094737375N11946119WA0158901673
B2211104737374N11946124WA0159101676
B2211114737374N11946129WA0159401680
B2211124737375N11946135WA0159601683
B2211134737377N11946142WA0160001687
B2211144737381N11946148WA0160201690
B2211154737387N11946154WA0160601693
B2211164737392N11946159WA0160801696
B2211174737399N11946161WA0161201699
B2211184737405N11946162WA0161401702
B2211194737412N11946161WA0161701704
B2211204737420N11946157WA0162001706
B2211214737426N11946151WA0162301707
B2211224737432N11946144WA0162501710
B2211234737436N11946135WA0162801714
B2211244737439N11946126WA0163001718
B2211254737439N11946117WA0163401721
B2211264737438N11946109WA0163601723
B2211274737436N11946102WA0163901725
B2211284737433N11946097WA0164101728
B2211294737429N11946094WA0164401731
B2211304737425N11946094WA0164601734
B2211314737422N11946095WA0165001738
B2211324737419N11946098WA0165201742
B2211334737417N11946101WA0165501746
B2211344737416N11946105WA0165801749
B2211354737415N11946111WA0166101752
B2211364737415N11946117WA0166401755
B2211374737417N11946124WA0166801758
B2211384737421N11946130WA0167001761
B2211394737425N11946137WA0167401764
B2211404737431N11946143WA0167601767
B2211414737439N11946147WA0167901769
B2211424737447N11946148WA0168201771
B2211434737456N11946146WA0168501774
B2211444737464N11946140WA0168701777
B2211454737470N11946133WA0169101779
B2211464737475N11946124WA0169301782
B2211474737477N11946115WA0169601784
B2211484737479N11946106WA0169801787
B2211494737480N11946097WA0170201789
B2211504737480N11946088WA0170401792
B2211514737480N11946079WA0170701794
B2211524737477N11946071WA0170901797
B2211534737473N11946066WA0171201800
B2211544737468N11946064WA0171501802
B2211554737463N11946065WA0171801804
B2211564737459N11946069WA0172001808
B2211574737458N11946074WA0172301813
B2211584737459N11946079WA0172501818
B2211594737461N11946085WA0172901821
B2212004737465N11946090WA0173101823
B2212014737469N11946096WA0173501825
B2212024737475N11946101WA0173701828
B2212034737482N11946105WA0174001830
B2212044737490N11946106WA0174301832
B2212054737498N11946103WA0174601835
B2212064737506N11946098WA0174801838
B2212074737511N11946089WA0175101841
B2212084737514N11946078WA0175301844
B2212094737514N11946068WA0175601846
B2212104737512N11946060WA0175901849
B2212114737508N11946054WA0176201851
B2212124737504N11946050WA0176401854
B2212134737500N11946047WA0176701857
B2212144737496N11946044WA0176901862
B2212154737494N11946043WA0177301866
B2212164737491N11946044WA0177501869
B2212174737490N11946048WA0177901871
B2212184737490N11946055WA0178101873
B2212194737492N11946063WA0178401874
B2212204737496N11946071WA0178601876
B2212214737502N11946078WA0178901880
B2212224737508N11946082WA0179201884
B2212234737514N11946083WA0179501889
B2212244737521N11946083WA0179701892
B2212254737527N11946082WA0180101895
B2212264737535N11946081WA0180301897
B2212274737542N11946078WA0180701900
B2212284737549N11946072WA0180901903
B2212294737554N11946064WA0181201906
B2212304737557N11946054WA0181501908
B2212314737556N11946045WA0181801908
B2212324737553N11946037WA0182001909
B2212334737548N11946031WA0182301911
B2212344737544N11946028WA0182501915
B2212354737540N11946027WA0182801919
B2212364737536N11946025WA0183001922
B2212374737532N11946023WA0183301926
B2212384737528N11946022WA0183501929
B2212394737526N11946024WA0183901933
B2212404737524N11946029WA0184101936
B2212414737525N11946036WA0184501937
B2212424737527N11946044WA0184701938
B2212434737530N11946049WA0185001942
B2212444737534N11946054WA0185201945
B2212454737538N11946057WA0185501949
B2212464737543N11946061WA0185801951
B2212474737548N11946066WA0186101953
B2212484737554N11946071WA0186301955
B2212494737561N11946074WA0186601958
B2212504737568N11946075WA0186801961
B2212514737575N11946074WA0187101963
B2212524737583N11946071WA0187301965
B2212534737590N11946067WA0187601967
B2212544737597N11946061WA0187801970
B2212554737603N11946054WA0188101973
B2212564737606N11946044WA0188301975
B2212574737608N11946034WA0188601978
B2212584737607N11946025WA0188801980
B2212594737605N11946017WA0189101982
B2213004737603N11946012WA0189301986
B2213014737599N11946008WA0189601988
B2213024737596N11946006WA0189801990
B2213034737592N11946004WA0190101992
B2213044737588N11946005WA0190301995
B2213054737585N11946007WA0190601998
B2213064737583N11946010WA0190802001
B2213074737582N11946015WA0191102004
B2213084737582N11946019WA0191302006
B2213094737584N11946025WA0191602008
B2213104737586N11946030WA0191802010
B2213114737590N11946036WA0192102011
B2213124737595N11946042WA0192302012
B2213134737602N11946046WA0192602014
B2213144737609N11946049WA0192802015
B2213154737617N11946051WA0193002018
B2213164737624N11946050WA0193202020
B2213174737632N11946045WA0193402021
B2213184737638N11946039WA0193502022
B2213194737644N11946030WA0193802024
B2213204737647N11946020WA0193902025
B2213214737650N11946010WA0194202027
B2213224737650N11946000WA0194302029
B2213234737649N11945991WA0194502030
B2213244737646N11945984WA0194702031
B2213254737642N11945980WA0194902033
B2213264737638N11945978WA0195002034
B2213274737635N11945979WA0195202037
B2213284737632N11945983WA0195302039
B2213294737630N11945988WA0195502041
B2213304737628N11945994WA0195702043
B2213314737627N11945999WA0195902045
B2213324737626N11946004WA0196002048
B2213334737625N11946008WA0196302050
B2213344737625N11946011WA0196402052
B2213354737624N11946016WA0196702052
B2213364737623N11946021WA0196802051
B2213374737621N11946027WA0197002049
B2213384737620N11946034WA0197102048
B2213394737617N11946041WA0197302048
B2213404737615N11946047WA0197302050
B2213414737614N11946052WA0197502052
B2213424737613N11946057WA0197602055
B2213434737612N11946063WA0197702058
B2213444737611N11946067WA0197802061
B2213454737609N11946072WA0198002065
B2213464737608N11946078WA0198102068
B2213474737607N11946084WA0198402072
B2213484737607N11946091WA0198502076
B2213494737607N11946097WA0198802080
B2213504737607N11946102WA0199002084
B2213514737608N11946107WA0199302088
B2213524737609N11946112WA0199502091
B2213534737611N11946117WA0199802093
B2213544737614N11946124WA0200002093
B2213554737616N11946131WA0200302094
B2213564737617N11946139WA0200502095
B2213574737619N11946147WA0200802097
B2213584737620N11946155WA0200902100
B2213594737622N11946162WA0201202103
B2214004737623N11946168WA0201402107
B2214014737625N11946175WA0201702110
B2214024737626N11946181WA0201902113
B2214034737628N11946187WA0202102114
B2214044737629N11946194WA0202302115
B2214054737630N11946202WA0202602116
B2214064737630N11946209WA0202702118
B2214074737630N11946217WA0203002120
B2214084737629N11946225WA0203102121
B2214094737627N11946232WA0203302123
B2214104737626N11946239WA0203502125
B2214114737625N11946246WA0203702126
B2214124737624N11946254WA0203802127
B2214134737623N11946262WA0204002129
B2214144737622N11946270WA0204202130
B2214154737622N11946278WA0204402132
B2214164737621N11946285WA0204502135
B2214174737621N11946292WA0204702138
B2214184737619N11946300WA0204902142
B2214194737617N11946307WA0205102145
B2214204737615N11946316WA0205302149
B2214214737612N11946323WA0205602153
B2214224737609N11946328WA0205802158
B2214234737604N11946331WA0206102162
B2214244737599N11946331WA0206302165
B2214254737596N11946326WA0206702169
B2214264737594N11946318WA0206902171
B2214274737595N11946309WA0207202173
B2214284737598N11946302WA0207502173
B2214294737605N11946299WA0207802174
B2214304737612N11946299WA0208002175
B2214314737619N11946303WA0208302178
B2214324737625N11946309WA0208402182
B2214334737629N11946318WA0208702185
B2214344737630N11946328WA0208902188
B2214354737630N11946338WA0209202191
B2214364737628N11946348WA0209402195
B2214374737626N11946357WA0209702200
B2214384737623N11946364WA0210002205
B2214394737621N11946371WA0210302210
B2214404737618N11946377WA0210602214
B2214414737614N11946382WA0211002218
B2214424737608N11946385WA0211302221
B2214434737602N11946386WA0211702224
B2214444737597N11946382WA0211902227
B2214454737595N11946374WA0212302231
B2214464737597N11946366WA0212602234
B2214474737603N11946360WA0213002236
B2214484737610N11946358WA0213302239
B2214494737617N11946361WA0213702242
B2214504737622N11946368WA0213902247
B2214514737625N11946378WA0214302252
B2214524737625N11946388WA0214602256
B2214534737622N11946398WA0215002259
B2214544737618N11946405WA0215302263
B2214554737613N11946410WA0215702269
B2214564737608N11946411WA0216002274
B2214574737602N11946408WA0216502277
B2214584737598N11946401WA0216802280
B2214594737597N11946392WA0217202283
B2215004737598N11946382WA0217502285
B2215014737603N11946374WA0217902287
B2215024737610N11946370WA0218202290
B2215034737617N11946370WA0218602293
B2215044737622N11946374WA0218902297
B2215054737627N11946380WA0219302301
B2215064737631N11946388WA0219502305
B2215074737633N11946396WA0219902309
B2215084737633N11946406WA0220202313
B2215094737632N11946415WA0220602317
B2215104737630N11946424WA0220902320
B2215114737626N11946431WA0221302324
B2215124737621N11946437WA0221602328
B2215134737616N11946440WA0222002332
B2215144737610N11946440WA0222302336
B2215154737606N11946436WA0222702339
B2215164737602N11946429WA0223002343
B2215174737600N11946421WA0223402346
B2215184737601N11946412WA0223702350
B2215194737604N11946405WA0224202353
B2215204737609N11946399WA0224402356
B2215214737615N11946395WA0224902358
B2215224737621N11946393WA0225102361
B2215234737627N11946394WA0225502364
B2215244737632N11946397WA0225802367
B2215254737637N11946402WA0226202369
B2215264737642N11946408WA0226402372
B2215274737646N11946414WA0226802376
B2215284737648N11946421WA0227102380
B2215294737650N11946428WA0227402384
B2215304737651N11946435WA0227702386
B2215314737652N11946443WA0228102389
B2215324737652N11946451WA0228302391
B2215334737652N11946459WA0228702394
B2215344737652N11946466WA0228902397
B2215354737651N11946473WA0229302400
B2215364737650N11946480WA0229502403
B2215374737650N11946488WA0229902406
B2215384737651N11946497WA0230102407
B2215394737653N11946507WA0230502410
B2215404737654N11946516WA0230702415
B2215414737656N11946522WA0231102421
B2215424737657N11946529WA0231302426
B2215434737659N11946535WA0231702430
B2215444737661N11946541WA0232002432
B2215454737664N11946549WA0232402435
B2215464737666N11946556WA0232702436
B2215474737668N11946563WA0233002439
B2215484737672N11946571WA0233302440
B2215494737676N11946580WA0233602442
B2215504737680N11946589WA0233902444
B2215514737683N11946598WA0234202448
B2215524737684N11946605WA0234402454
B2215534737685N11946612WA0234802458
B2215544737685N11946618WA0235102460
B2215554737685N11946625WA0235402461
B2215564737686N11946632WA0235602460
B2215574737687N11946641WA0235902460
B2215584737688N11946650WA0236102460
B2215594737691N11946659WA0236402462
B2216004737693N11946667WA0236502464
B2216014737696N11946675WA0236802466
B2216024737700N11946683WA0236902468
B2216034737703N11946691WA0237202470
B2216044737707N11946700WA0237302471
B2216054737710N11946709WA0237502473
B2216064737714N11946719WA0237702475
B2216074737718N11946729WA0237902475
B2216084737722N11946740WA0238002475
B2216094737727N11946751WA0238202477
B2216104737732N11946763WA0238302479
B2216114737737N11946774WA0238502482
B2216124737742N11946785WA0238602485
B2216134737746N11946797WA0238902489
B2216144737749N11946808WA0239002492
B2216154737752N11946821WA0239302494
B2216164737754N11946833WA0239402496
B2216174737756N11946845WA0239702499
B2216184737759N11946856WA0239902502
B2216194737761N11946867WA0240102504
B2216204737763N11946878WA0240302505
B2216214737765N11946889WA0240602508
B2216224737767N11946900WA0240702510
B2216234737769N11946911WA0241002511
B2216244737771N11946921WA0241102512
B2216254737773N11946932WA0241402514
B2216264737774N11946943WA0241502517
B2216274737776N11946953WA0241802519
B2216284737777N11946963WA0241902522
B2216294737779N11946971WA0242202524
B2216304737781N11946977WA0242402527
B2216314737783N11946982WA0242602527
B2216324737785N11946988WA0242702527
B2216334737787N11946995WA0242902525
B2216344737790N11947003WA0243002523
B2216354737793N11947012WA0243202523
B2216364737796N11947021WA0243302524
B2216374737798N11947028WA0243402526
B2216384737800N11947034WA0243402530
B2216394737802N11947039WA0243602532
B2216404737804N11947043WA0243702532
B2216414737807N11947048WA0243802531
B2216424737810N11947055WA0243902528
B2216434737814N11947062WA0244002525
B2216444737817N11947070WA0244002525
B2216454737820N11947077WA0244002526
B2216464737822N11947082WA0244002528
B2216474737824N11947087WA0244102529
B2216484737825N11947092WA0244102530
B2216494737827N11947099WA0244102529
B2216504737829N11947108WA0244202527
B2216514737830N11947116WA0244202527
B2216524737832N11947125WA0244202527
B2216534737833N11947134WA0244202527
B2216544737835N11947143WA0244202527
B2216554737836N11947153WA0244302526
B2216564737838N11947163WA0244302526
B2216574737839N11947174WA0244302524
B2216584737841N11947185WA0244202523
B2216594737843N11947196WA0244202523
B2217004737845N11947206WA0244202523
B2217014737846N11947217WA0244202523
B2217024737848N11947227WA0244202523
B2217034737849N11947237WA0244102524
B2217044737851N11947247WA0244102524
B2217054737853N11947257WA0244102523
B2217064737856N11947267WA0244102523
B2217074737858N11947277WA0244102522
B2217084737861N11947288WA0244102522
B2217094737863N11947298WA0244102522
B2217104737866N11947308WA0244102522
B2217114737868N11947318WA0244002523
B2217124737871N11947327WA0244002523
B2217134737873N11947337WA0244002524
B2217144737876N11947347WA0244002524
B2217154737878N11947357WA0244002524
B2217164737880N11947367WA0244002524
B2217174737883N11947377WA0244002524
B2217184737885N11947386WA0244002524
B2217194737887N11947396WA0244002523
B2217204737890N11947406WA0244002522
B2217214737893N11947416WA0244002521
B2217224737895N11947425WA0244002520
B2217234737898N11947435WA0244002519
B2217244737900N11947445WA0243902518
B2217254737903N11947455WA0243902517
B2217264737906N11947465WA0243902516
B2217274737908N11947475WA0243802515
B2217284737911N11947484WA0243702515
B2217294737914N11947493WA0243702515
B2217304737917N11947502WA0243602514
B2217314737919N11947511WA0243602514
B2217324737922N11947520WA0243502513
B2217334737926N11947530WA0243502512
B2217344737929N11947539WA0243402510
B2217354737931N11947549WA0243402509
B2217364737934N11947559WA0243302507
B2217374737936N11947569WA0243202506
B2217384737938N11947579WA0243102504
B2217394737941N11947589WA0243002502
B2217404737943N11947599WA0242902501
B2217414737946N11947608WA0242802500
B2217424737949N11947617WA0242702498
B2217434737951N11947625WA0242602497
B2217444737953N11947634WA0242502495
B2217454737955N11947642WA0242302493
B2217464737958N11947650WA0242202491
B2217474737960N11947659WA0242002488
B2217484737962N11947667WA0241902485
B2217494737965N11947676WA0241702482
B2217504737967N11947684WA0241602480
B2217514737968N11947692WA0241402477
B2217524737970N11947700WA0241202475
B2217534737973N11947708WA0241002472
B2217544737975N11947716WA0240802469
B2217554737977N11947724WA0240502465
B2217564737979N11947732WA0240302462
B2217574737980N11947741WA0240102459
B2217584737982N11947750WA0239902456
B2217594737983N11947758WA0239602453
B2218004737985N11947767WA0239302450
B2218014737987N11947775WA0239002447
B2218024737989N11947783WA0238802444
B2218034737991N11947792WA0238502441
B2218044737993N11947800WA0238302438
B2218054737994N11947809WA0237902435
B2218064737996N11947817WA0237702432
B2218074737998N11947826WA0237402429
B2218084738000N11947834WA0237202426
B2218094738002N11947843WA0236802423
B2218104738004N11947851WA0236602420
B2218114738005N11947860WA0236202417
B2218124738007N11947868WA0236002414
B2218134738008N11947877WA0235602411
B2218144738009N11947886WA0235402407
B2218154738010N11947895WA0235102404
B2218164738012N11947904WA0234802401
B2218174738013N11947913WA0234502398
B2218184738014N11947922WA0234202394
B2218194738016N11947931WA0233902391
B2218204738018N11947939WA0233602389
B2218214738020N11947946WA0233302387
B2218224738022N11947953WA0233002385
B2218234738024N11947961WA0232702382
B2218244738026N11947969WA0232502377
B2218254738028N11947978WA0232102373
B2218264738029N11947988WA0231902368
B2218274738030N11947999WA0231502364
B2218284738031N11948009WA0231202360
B2218294738032N11948019WA0230802358
B2218304738033N11948029WA0230602356
B2218314738033N11948039WA0230202354
B2218324738034N11948048WA0229902352
B2218334738034N11948057WA0229602349
B2218344738035N11948066WA0229402347
B2218354738035N11948075WA0229002345
B2218364738036N11948084WA0228802343
B2218374738037N11948092WA0228502341
B2218384738038N11948100WA0228302338
B2218394738039N11948109WA0227902335
B2218404738040N11948118WA0227702332
B2218414738041N11948127WA0227402329
B2218424738041N11948136WA0227202326
B2218434738042N11948145WA0226902323
B2218444738043N11948154WA0226702320
B2218454738044N11948163WA0226402317
B2218464738045N11948173WA0226102313
B2218474738046N11948183WA0225802310
B2218484738047N11948192WA0225602307
B2218494738048N11948202WA0225202304
B2218504738049N11948212WA0225002301
B2218514738051N11948222WA0224602298
B2218524738052N11948232WA0224402295
B2218534738054N11948241WA0224002292
B2218544738055N11948251WA0223802289
B2218554738057N11948261WA0223502286
B2218564738058N11948271WA0223202283
B2218574738060N11948282WA0222902280
B2218584738061N11948292WA0222702277
B2218594738062N11948302WA0222302275
B2219004738063N11948312WA0222102274
B2219014738064N11948322WA0221802272
B2219024738066N11948331WA0221602269
B2219034738067N11948341WA0221302266
B2219044738068N11948352WA0221102263
B2219054738068N11948362WA0220702260
B2219064738069N11948373WA0220502257
B2219074738069N11948384WA0220202255
B2219084738070N11948395WA0220002253
B2219094738071N11948406WA0219702252
B2219104738073N11948417WA0219502250
B2219114738074N11948428WA0219202249
B2219124738076N11948439WA0219102247
B2219134738078N11948451WA0218802246
B2219144738081N11948462WA0218602245
B2219154738084N11948472WA0218402244
B2219164738087N11948483WA0218202242
B2219174738090N11948493WA0218002240
B2219184738092N11948504WA0217902239
B2219194738094N11948515WA0217702237
B2219204738096N11948525WA0217502236
B2219214738098N11948536WA0217302234
B2219224738101N11948547WA0217202232
B2219234738103N11948558WA0217002230
B2219244738106N11948569WA0216802227
B2219254738108N11948580WA0216602225
B2219264738110N11948592WA0216502222
B2219274738113N11948604WA0216202219
B2219284738115N11948616WA0216002216
B2219294738118N11948628WA0215802214
B2219304738121N11948640WA0215602212
B2219314738123N11948652WA0215302210
B2219324738125N11948664WA0215202208
B2219334738127N11948677WA0214902206
B2219344738128N11948689WA0214702205
B2219354738129N11948700WA0214502205
B2219364738130N11948711WA0214402205
B2219374738131N11948722WA0214202205
B2219384738132N11948733WA0214002204
B2219394738133N11948743WA0213902202
B2219404738134N11948754WA0213702201
B2219414738135N11948764WA0213602199
B2219424738136N11948774WA0213502197
B2219434738138N11948784WA0213302195
B2219444738139N11948794WA0213202192
B2219454738140N11948804WA0212902188
B2219464738141N11948814WA0212802184
B2219474738143N11948826WA0212602180
B2219484738143N11948837WA0212402177
B2219494738144N11948846WA0212102176
B2219504738144N11948854WA0211902176
B2219514738145N11948861WA0211702176
B2219524738146N11948868WA0211502174
B2219534738147N11948875WA0211302172
B2219544738148N11948883WA0211102171
B2219554738149N11948891WA0210902169
B2219564738149N11948899WA0210802167
B2219574738150N11948909WA0210502165
B2219584738151N11948918WA0210402162
B2219594738153N11948928WA0210202159
B2220004738156N11948937WA0210002157
B2220014738158N11948947WA0209802154
B2220024738160N11948957WA0209602152
B2220034738161N11948966WA0209302149
B2220044738162N11948976WA0209202147
B2220054738163N11948986WA0208902145
B2220064738163N11948996WA0208702143
B2220074738164N11949007WA0208502141
B2220084738165N11949018WA0208302139
B2220094738165N11949028WA0208102138
B2220104738166N11949039WA0207902137
B2220114738166N11949050WA0207702137
B2220124738166N11949060WA0207602136
B2220134738167N11949070WA0207402136
B2220144738167N11949080WA0207302137
B2220154738166N11949090WA0207102137
B2220164738166N11949100WA0207102137
B2220174738166N11949110WA0207002136
B2220184738166N11949120WA0206902136
B2220194738167N11949130WA0206802135
B2220204738167N11949141WA0206702134
B2220214738167N11949151WA0206602134
B2220224738168N11949161WA0206602135
B2220234738169N11949171WA0206502136
B2220244738170N11949180WA0206502138
B2220254738172N11949190WA0206502138
B2220264738173N11949199WA0206502138
B2220274738174N11949210WA0206502138
B2220284738175N11949220WA0206502137
B2220294738176N11949232WA0206402136
B2220304738177N11949243WA0206402136
B2220314738178N11949255WA0206402136
B2220324738179N11949267WA0206402136
B2220334738180N11949278WA0206402137
B2220344738181N11949288WA0206402137
B2220354738181N11949297WA0206402138
B2220364738181N11949306WA0206402138
B2220374738181N11949315WA0206402137
B2220384738182N11949325WA0206302135
B2220394738182N11949335WA0206302132
B2220404738183N11949345WA0206302131
B2220414738182N11949355WA0206202129
B2220424738182N11949364WA0206202128
B2220434738183N11949373WA0206102128
B2220444738183N11949382WA0206002126
B2220454738183N11949391WA0205902125
B2220464738184N11949400WA0205902123
B2220474738184N11949409WA0205802121
B2220484738184N11949419WA0205702118
B2220494738184N11949429WA0205502115
B2220504738184N11949440WA0205402111
B2220514738184N11949450WA0205202109
B2220524738183N11949461WA0205102108
B2220534738183N11949471WA0204902107
B2220544738184N11949481WA0204802105
B2220554738184N11949492WA0204602104
B2220564738185N11949502WA0204502102
B2220574738185N11949513WA0204302100
B2220584738186N11949524WA0204202099
B2220594738187N11949534WA0204002099
B2221004738189N11949544WA0203902098
B2221014738190N11949553WA0203702097
B2221024738190N11949563WA0203602095
B2221034738191N11949573WA0203402092
B2221044738191N11949583WA0203302089
B2221054738191N11949594WA0203102086
B2221064738192N11949605WA0203002083
B2221074738192N11949616WA0202702080
B2221084738192N11949628WA0202602075
B2221094738192N11949641WA0202302071
B2221104738192N11949654WA0202102066
B2221114738191N11949668WA0201802062
B2221124738190N11949681WA0201502058
B2221134738189N11949694WA0201202055
B2221144738188N11949706WA0200902053
B2221154738187N11949719WA0200602050
B2221164738186N11949732WA0200402046
B2221174738185N11949745WA0200002043
B2221184738184N11949758WA0199802040
B2221194738183N11949771WA0199402038
B2221204738183N11949783WA0199202037
B2221214738183N11949794WA0198902037
B2221224738184N11949806WA0198702034
B2221234738184N11949819WA0198402031
B2221244738184N11949832WA0198202028
B2221254738184N11949845WA0197902026
B2221264738183N11949858WA0197702025
B2221274738183N11949870WA0197402024
B2221284738184N11949882WA0197202024
B2221294738184N11949894WA0197002024
B2221304738185N11949907WA0196902024
B2221314738185N11949919WA0196702023
B2221324738185N11949932WA0196602022
B2221334738185N11949944WA0196402022
B2221344738185N11949957WA0196302021
B2221354738184N11949969WA0196102021
B2221364738183N11949982WA0196102019
B2221374738184N11949996WA0195902017
B2221384738184N11950009WA0195802016
B2221394738184N11950021WA0195702016
B2221404738184N11950033WA0195602014
B2221414738184N11950045WA0195502013
B2221424738184N11950058WA0195402011
B2221434738184N11950070WA0195202007
B2221444738185N11950083WA0195102003
B2221454738185N11950096WA0194901999
B2221464738185N11950109WA0194801995
B2221474738185N11950122WA0194501992
B2221484738184N11950132WA0194401989
B2221494738184N11950143WA0194101986
B2221504738184N11950153WA0193901982
B2221514738184N11950164WA0193601978
B2221524738184N11950174WA0193401973
B2221534738183N11950185WA0193101968
B2221544738182N11950196WA0192801964
B2221554738182N11950207WA0192401960
B2221564738181N11950217WA0192201956
B2221574738181N11950228WA0191801952
B2221584738181N11950239WA0191501947
B2221594738180N11950251WA0191001941
B2222004738180N11950263WA0190701936
B2222014738179N11950276WA0190201930
B2222024738179N11950289WA0189901925
B2222034738179N11950302WA0189401921
B2222044738181N11950316WA0189101917
B2222054738182N11950328WA0188601914
B2222064738183N11950340WA0188201911
B2222074738183N11950351WA0187801908
B2222084738183N11950360WA0187501907
B2222094738183N11950368WA0187001906
B2222104738183N11950375WA0186801904
B2222114738183N11950383WA0186401900
B2222124738183N11950392WA0186101895
B2222134738183N11950402WA0185701889
B2222144738182N11950413WA0185401883
B2222154738182N11950426WA0184901876
B2222164738181N11950440WA0184601869
B2222174738181N11950454WA0184101865
B2222184738181N11950468WA0183701862
B2222194738181N11950479WA0183201862
B2222204738181N11950489WA0182901864
B2222214738181N11950497WA0182501864
B2222224738181N11950506WA0182301862
B2222234738181N11950516WA0181901859
B2222244738181N11950526WA0181701856
B2222254738181N11950538WA0181401851
B2222264738181N11950550WA0181101847
B2222274738182N11950562WA0180801844
B2222284738181N11950575WA0180501841
B2222294738181N11950587WA0180201838
B2222304738180N11950599WA0179901836
B2222314738179N11950610WA0179601834
B2222324738179N11950621WA0179301832
B2222334738179N11950632WA0179001829
B2222344738178N11950643WA0178801825
B2222354738178N11950655WA0178401821
B2222364738177N11950667WA0178201817
B2222374738176N11950679WA0177801814
B2222384738175N11950691WA0177601810
B2222394738174N11950702WA0177201807
B2222404738174N11950714WA0177001804
B2222414738173N11950726WA0176601800
B2222424738172N11950739WA0176301797
B2222434738170N11950751WA0176001793
B2222444738169N11950763WA0175701791
B2222454738167N11950773WA0175301789
B2222464738166N11950784WA0175101788
B2222474738166N11950794WA0174701785
B2222484738166N11950804WA0174501782
B2222494738165N11950815WA0174201779
B2222504738165N11950826WA0173901775
B2222514738164N11950838WA0173601771
B2222524738162N11950850WA0173301767
B2222534738161N11950862WA0173001764
B2222544738161N11950874WA0172701762
B2222554738161N11950885WA0172301759
B2222564738161N11950897WA0172101756
B2222574738161N11950910WA0171701752
B2222584738161N11950922WA0171501748
B2222594738160N11950935WA0171101745
B2223004738159N11950947WA0170801741
B2223014738157N11950959WA0170501739
B2223024738156N11950972WA0170201736
B2223034738155N11950984WA0169801733
B2223044738154N11950998WA0169601730
B2223054738154N11951011WA0169201727
B2223064738153N11951025WA0169001725
B2223074738152N11951037WA0168701726
B2223084738152N11951047WA0168501729
B2223094738151N11951056WA0168201731
B2223104738150N11951066WA0168101731
B2223114738150N11951076WA0167901729
B2223124738150N11951086WA0167801726
B2223134738151N11951097WA0167601723
B2223144738151N11951109WA0167501720
B2223154738152N11951121WA0167201718
B2223164738152N11951133WA0167101715
B2223174738152N11951146WA0166801711
B2223184738152N11951157WA0166701709
B2223194738152N11951167WA0166401708
B2223204738152N11951177WA0166301708
B2223214738152N11951186WA0166101706
B2223224738152N11951194WA0165901705
B2223234738151N11951201WA0165701704
B2223244738151N11951208WA0165601704
B2223254738152N11951215WA0165401702
B2223264738152N11951223WA0165301701
B2223274738153N11951232WA0165101699
B2223284738154N11951241WA0165001697
B2223294738155N11951250WA0164801696
B2223304738155N11951259WA0164701694
B2223314738156N11951268WA0164501693
B2223324738156N11951277WA0164401691
B2223334738157N11951287WA0164201690
B2223344738157N11951296WA0164101689
B2223354738158N11951306WA0163901687
B2223364738159N11951317WA0163801686
B2223374738160N11951327WA0163601684
B2223384738160N11951338WA0163501683
B2223394738161N11951348WA0163301683
B2223404738162N11951357WA0163201682
B2223414738163N11951366WA0163101681
B2223424738164N11951376WA0163001678
B2223434738165N11951386WA0162801675
B2223444738166N11951396WA0162701672
B2223454738167N11951407WA0162501669
B2223464738169N11951417WA0162301666
B2223474738170N11951427WA0162101664
B2223484738171N11951437WA0162001662
B2223494738172N11951446WA0161701660
B2223504738174N11951455WA0161601660
B2223514738175N11951464WA0161401660
B2223524738176N11951471WA0161301661
B2223534738176N11951478WA0161101662
B2223544738176N11951484WA0161001663
B2223554738174N11951491WA0160901664
B2223564738172N11951497WA0160901665
B2223574738170N11951504WA0160801665
B2223584738169N11951511WA0160801666
B2223594738167N11951518WA0160701667
B2224004738166N11951525WA0160701669
B2224014738165N11951532WA0160701671
B2224024738164N11951538WA0160801674
B2224034738162N11951543WA0160801677
B2224044738160N11951547WA0160901680
B2224054738159N11951550WA0161001683
B2224064738159N11951554WA0161101686
B2224074738162N11951557WA0161301688
B2224084738168N11951559WA0161401688
B2224094738175N11951557WA0161501689
B2224104738181N11951550WA0161601691
B2224114738185N11951539WA0161801694
B2224124738186N11951526WA0162001696
B2224134738183N11951515WA0162201698
B2224144738178N11951506WA0162301700
B2224154738172N11951502WA0162501702
B2224164738167N11951503WA0162701703
B2224174738163N11951506WA0162901705
B2224184738162N11951509WA0163101707
B2224194738160N11951511WA0163301711
B2224204738159N11951512WA0163401713
B2224214738158N11951513WA0163701713
B2224224738158N11951517WA0163801713
B2224234738156N11951522WA0164001710
B2224244738155N11951529WA0164101707
B2224254738154N11951536WA0164201706
B2224264738155N11951542WA0164201705
B2224274738157N11951548WA0164301704
B2224284738160N11951554WA0164301702
B2224294738164N11951560WA0164301702
B2224304738167N11951566WA0164301702
B2224314738171N11951572WA0164301702
B2224324738174N11951577WA0164201701
B2224334738178N11951582WA0164201699
B2224344738181N11951587WA0164201698
B2224354738184N11951592WA0164101697
B2224364738187N11951598WA0164101695
B2224374738190N11951605WA0164001693
B2224384738192N11951613WA0163901691
B2224394738194N11951620WA0163801689
B2224404738196N11951627WA0163701690
B2224414738198N11951632WA0163601691
B2224424738200N11951636WA0163501692
B2224434738202N11951642WA0163401692
B2224444738204N11951648WA0163401692
B2224454738205N11951655WA0163301692
B2224464738205N11951662WA0163301692
B2224474738206N11951669WA0163201694
B2224484738207N11951675WA0163201696
B2224494738208N11951682WA0163201697
B2224504738209N11951689WA0163201699
B2224514738210N11951695WA0163301700
B2224524738210N11951702WA0163301701
B2224534738210N11951708WA0163301701
B2224544738210N11951715WA0163401701
B2224554738210N11951722WA0163401700
B2224564738210N11951730WA0163501698
B2224574738211N11951739WA0163501696
B2224584738212N11951750WA0163401693
B2224594738213N11951761WA0163401690
B2225004738214N11951772WA0163401689
B2225014738215N11951782WA0163301689
B2225024738215N11951792WA0163201689
B2225034738215N11951802WA0163101689
B2225044738215N11951812WA0163101688
B2225054738216N11951822WA0163001687
B2225064738216N11951834WA0163001687
B2225074738216N11951844WA0162901690
B2225084738217N11951852WA0162901694
B2225094738218N11951860WA0162901697
B2225104738219N11951867WA0163001699
B2225114738219N11951875WA0163001700
B2225124738218N11951883WA0163101700
B2225134738218N11951892WA0163101700
B2225144738218N11951901WA0163201700
B2225154738218N11951911WA0163201700
B2225164738218N11951921WA0163301701
B2225174738218N11951931WA0163301703
B2225184738217N11951940WA0163401707
B2225194738216N11951949WA0163501710
B2225204738215N11951958WA0163601714
B2225214738214N11951966WA0163801716
B2225224738214N11951976WA0163901718
B2225234738214N11951986WA0164101719
B2225244738215N11951996WA0164201720
B2225254738216N11952006WA0164401721
B2225264738216N11952015WA0164501721
B2225274738217N11952023WA0164701721
B2225284738219N11952032WA0164801721
B2225294738221N11952041WA0164901719
B2225304738223N11952051WA0165001717
B2225314738226N11952060WA0165101715
B2225324738229N11952070WA0165101713
B2225334738231N11952081WA0165101710
B2225344738234N11952091WA0165101708
B2225354738235N11952102WA0165001705
B2225364738237N11952112WA0164901704
B2225374738239N11952122WA0164901703
B2225384738240N11952131WA0164801701
B2225394738242N11952141WA0164601700
B2225404738243N11952151WA0164601697
B2225414738245N11952160WA0164401696
B2225424738246N11952170WA0164301694
B2225434738248N11952180WA0164201693
B2225444738249N11952189WA0164101691
B2225454738250N11952200WA0163901689
B2225464738252N11952210WA0163801686
B2225474738253N11952221WA0163601684
B2225484738255N11952233WA0163501681
B2225494738257N11952244WA0163301679
B2225504738260N11952255WA0163201677
B2225514738262N11952266WA0163001675
B2225524738264N11952277WA0162901674
B2225534738268N11952288WA0162601672
B2225544738271N11952299WA0162501669
B2225554738274N11952311WA0162301666
B2225564738277N11952322WA0162101663
B2225574738279N11952335WA0161801660
B2225584738281N11952347WA0161701658
B2225594738283N11952358WA0161401656
B2226004738285N11952369WA0161201654
B2226014738288N11952380WA0161001653
B2226024738291N11952390WA0160801651
B2226034738294N11952401WA0160501648
B2226044738296N11952411WA0160301645
B2226054738298N11952422WA0160101642
B2226064738301N11952432WA0159901638
B2226074738303N11952443WA0159601634
B2226084738306N11952454WA0159401631
B2226094738308N11952465WA0159101627
B2226104738311N11952476WA0158801624
B2226114738313N11952488WA0158501620
B2226124738315N11952499WA0158301618
B2226134738317N11952511WA0158001615
B2226144738319N11952521WA0157701613
B2226154738322N11952532WA0157401611
B2226164738324N11952542WA0157201610
B2226174738327N11952552WA0156901607
B2226184738329N11952562WA0156701604
B2226194738331N11952572WA0156401602
B2226204738334N11952583WA0156201599
B2226214738337N11952594WA0155901597
B2226224738341N11952604WA0155701595
B2226234738344N11952614WA0155401594
B2226244738348N11952625WA0155201592
B2226254738351N11952635WA0154901591
B2226264738354N11952645WA0154801590
B2226274738357N11952654WA0154501589
B2226284738360N11952664WA0154401587
B2226294738362N11952674WA0154201585
B2226304738365N11952685WA0154001583
B2226314738367N11952695WA0153801581
B2226324738370N11952706WA0153601580
B2226334738373N11952716WA0153401579
B2226344738376N11952726WA0153301579
B2226354738378N11952736WA0153101578
B2226364738381N11952746WA0153001577
B2226374738384N11952757WA0152801575
B2226384738386N11952769WA0152701573
B2226394738389N11952780WA0152501572
B2226404738392N11952792WA0152401570
B2226414738395N11952803WA0152301569
B2226424738397N11952815WA0152101568
B2226434738400N11952826WA0152001567
B2226444738403N11952837WA0151901566
B2226454738405N11952849WA0151701566
B2226464738407N11952860WA0151601565
B2226474738409N11952871WA0151501565
B2226484738411N11952882WA0151401565
B2226494738414N11952893WA0151301564
B2226504738416N11952904WA0151201563
B2226514738418N11952915WA0151101562
B2226524738420N11952925WA0151001561
B2226534738423N11952935WA0150901561
B2226544738425N11952945WA0150901562
B2226554738428N11952954WA0150801564
B2226564738430N11952964WA0150801566
B2226574738432N11952974WA0150801566
B2226584738435N11952985WA0150701566
B2226594738437N11952995WA0150701567
B2227004738439N11953004WA0150701568
B2227014738441N11953013WA0150701569
B2227024738443N11953022WA0150801569
B2227034738445N11953031WA0150801567
B2227044738447N11953041WA0150801566
B2227054738450N11953052WA0150801565
B2227064738452N11953061WA0150801564
B2227074738454N11953070WA0150701565
B2227084738456N11953078WA0150701566
B2227094738458N11953086WA0150701568
B2227104738459N11953093WA0150701569
B2227114738461N11953101WA0150801569
B2227124738463N11953108WA0150801569
B2227134738465N11953116WA0150801569
B2227144738466N11953124WA0150801570
B2227154738468N11953132WA0150801570
B2227164738469N11953140WA0150901571
B2227174738470N11953149WA0150901571
B2227184738470N11953158WA0150901572
B2227194738470N11953167WA0150901572
B2227204738470N11953177WA0151001572
B2227214738470N11953186WA0151001572
B2227224738470N11953195WA0151001572
B2227234738470N11953205WA0151001571
B2227244738471N11953215WA0151001569
B2227254738472N11953225WA0151001567
B2227264738476N11953236WA0151001564
B2227274738481N11953247WA0151001563
B2227284738486N11953256WA0150901565
B2227294738491N11953262WA0150901568
B2227304738495N11953268WA0150901571
B2227314738498N11953275WA0150901573
B2227324738501N11953282WA0151001574
B2227334738506N11953290WA0151001575
B2227344738511N11953298WA0151101576
B2227354738517N11953304WA0151101577
B2227364738524N11953308WA0151201579
B2227374738531N11953310WA0151301581
B2227384738538N11953308WA0151401582
B2227394738545N11953305WA0151501583
B2227404738552N11953300WA0151601584
B2227414738558N11953294WA0151701585
B2227424738562N11953287WA0151801588
B2227434738564N11953279WA0151901589
B2227444738564N11953272WA0152001590
B2227454738561N11953266WA0152101591
B2227464738557N11953263WA0152301593
B2227474738553N11953265WA0152401595
B2227484738548N11953270WA0152501597
B2227494738545N11953277WA0152701599
B2227504738544N11953284WA0152801602
B2227514738543N11953291WA0153001607
B2227524738543N11953298WA0153201611
B2227534738544N11953304WA0153401613
B2227544738546N11953312WA0153601615
B2227554738548N11953321WA0153901614
B2227564738552N11953331WA0154001614
B2227574738557N11953339WA0154201617
B2227584738562N11953346WA0154401619
B2227594738569N11953350WA0154601621
B2228004738577N11953353WA0154801622
B2228014738585N11953353WA0155001623
B2228024738593N11953351WA0155101625
B2228034738601N11953349WA0155301627
B2228044738607N11953345WA0155401630
B2228054738612N11953340WA0155601634
B2228064738615N11953333WA0155801636
B2228074738615N11953327WA0156001638
B2228084738613N11953321WA0156201639
B2228094738609N11953318WA0156401640
B2228104738605N11953319WA0156601643
B2228114738601N11953323WA0156801647
B2228124738599N11953330WA0157001649
B2228134738599N11953341WA0157201650
B2228144738601N11953351WA0157401652
B2228154738604N11953361WA0157601656
B2228164738609N11953370WA0157801659
B2228174738615N11953377WA0158101662
B2228184738623N11953382WA0158301664
B2228194738630N11953386WA0158501666
B2228204738638N11953388WA0158701668
B2228214738645N11953390WA0159001671
B2228224738651N11953392WA0159101675
B2228234738657N11953393WA0159401678
B2228244738663N11953393WA0159601680
B2228254738669N11953389WA0159901682
B2228264738673N11953383WA0160101684
B2228274738675N11953375WA0160401685
B2228284738674N11953368WA0160501689
B2228294738670N11953365WA0160901693
B2228304738665N11953365WA0161101695
B2228314738662N11953369WA0161401698
B2228324738659N11953377WA0161601701
B2228334738659N11953385WA0161901703
B2228344738661N11953395WA0162101704
B2228354738664N11953404WA0162301706
B2228364738668N11953412WA0162501708
B2228374738673N11953421WA0162801710
B2228384738679N11953429WA0163001711
B2228394738686N11953437WA0163201713
B2228404738693N11953446WA0163401714
B2228414738700N11953454WA0163601717
B2228424738707N11953462WA0163801721
B2228434738714N11953467WA0164101726
B2228444738721N11953470WA0164301729
B2228454738729N11953468WA0164501732
B2228464738736N11953463WA0164701732
B2228474738742N11953456WA0165001735
B2228484738744N11953448WA0165201739
B2228494738744N11953442WA0165501744
B2228504738741N11953439WA0165701748
B2228514738737N11953439WA0166101751
B2228524738733N11953443WA0166301754
B2228534738730N11953451WA0166601756
B2228544738729N11953460WA0166901759
B2228554738729N11953471WA0167201762
B2228564738731N11953481WA0167401766
B2228574738734N11953491WA0167801770
B2228584738738N11953499WA0168001774
B2228594738744N11953507WA0168401777
B2229004738751N11953513WA0168701779
B2229014738759N11953516WA0169101780
B2229024738768N11953517WA0169301782
B2229034738776N11953516WA0169601785
B2229044738782N11953512WA0169801789
B2229054738786N11953508WA0170201794
B2229064738788N11953503WA0170501798
B2229074738787N11953498WA0170801800
B2229084738784N11953494WA0171101802
B2229094738780N11953492WA0171401804
B2229104738776N11953494WA0171601807
B2229114738773N11953500WA0172001810
B2229124738772N11953508WA0172201813
B2229134738772N11953518WA0172601816
B2229144738773N11953527WA0172801819
B2229154738774N11953536WA0173201823
B2229164738776N11953545WA0173401826
B2229174738777N11953553WA0173801829
B2229184738780N11953561WA0174001832
B2229194738785N11953568WA0174401833
B2229204738792N11953574WA0174601833
B2229214738800N11953577WA0174901834
B2229224738808N11953579WA0175101837
B2229234738814N11953581WA0175401840
B2229244738820N11953583WA0175601843
B2229254738826N11953585WA0175901845
B2229264738833N11953586WA0176101845
B2229274738841N11953584WA0176301844
B2229284738848N11953580WA0176501845
B2229294738855N11953574WA0176701847
B2229304738860N11953567WA0176901850
B2229314738864N11953561WA0177101853
B2229324738867N11953556WA0177301857
B2229334738870N11953551WA0177501859
B2229344738871N11953545WA0177701862
B2229354738871N11953540WA0177901863
B2229364738870N11953534WA0178101864
B2229374738867N11953528WA0178401865
B2229384738865N11953523WA0178501867
B2229394738862N11953518WA0178701870
B2229404738859N11953514WA0178801875
B2229414738856N11953514WA0179201881
B2229424738854N11953517WA0179401885
B2229434738851N11953524WA0179701887
B2229444738850N11953535WA0179901890
B2229454738852N11953546WA0180301894
B2229464738857N11953556WA0180501898
B2229474738865N11953563WA0180901900
B2229484738874N11953564WA0181101900
B2229494738883N11953560WA0181401900
B2229504738889N11953552WA0181601901
B2229514738892N11953542WA0181801903
B2229524738891N11953534WA0182001906
B2229534738888N11953528WA0182301910
B2229544738886N11953524WA0182501915
B2229554738885N11953520WA0182801920
B2229564738883N11953516WA0183001925
B2229574738882N11953511WA0183401929
B2229584738880N11953508WA0183701933
B2229594738876N11953507WA0184001936
B2230004738873N11953510WA0184301938
B2230014738870N11953517WA0184701941
B2230024738869N11953525WA0184901944
B2230034738871N11953534WA0185201948
B2230044738874N11953543WA0185501952
B2230054738880N11953550WA0185901955
B2230064738888N11953555WA0186201958
B2230074738896N11953557WA0186501961
B2230084738904N11953556WA0186801963
B2230094738911N11953552WA0187101966
B2230104738918N11953546WA0187401967
B2230114738922N11953539WA0187701970
B2230124738925N11953532WA0187901972
B2230134738925N11953524WA0188301975
B2230144738923N11953517WA0188501977
B2230154738921N11953512WA0188801981
B2230164738918N11953508WA0189101987
B2230174738915N11953507WA0189501994
B2230184738912N11953508WA0189701999
B2230194738910N11953511WA0190202002
B2230204738907N11953518WA0190502005
B2230214738906N11953527WA0190902008
B2230224738907N11953537WA0191202012
B2230234738911N11953547WA0191602017
B2230244738918N11953554WA0191902021
B2230254738927N11953558WA0192302024
B2230264738935N11953558WA0192602029
B2230274738943N11953555WA0193102033
B2230284738948N11953548WA0193402036
B2230294738951N11953540WA0193802037
B2230304738953N11953532WA0194102039
B2230314738954N11953523WA0194502043
B2230324738956N11953516WA0194802047
B2230334738957N11953510WA0195202053
B2230344738958N11953506WA0195502058
B2230354738956N11953503WA0196002063
B2230364738953N11953503WA0196302066
B2230374738949N11953505WA0196702069
B2230384738945N11953511WA0197002073
B2230394738943N11953519WA0197502078
B2230404738945N11953529WA0197802083
B2230414738951N11953539WA0198202087
B2230424738959N11953545WA0198602090
B2230434738969N11953546WA0199002093
B2230444738978N11953544WA0199302096
B2230454738986N11953538WA0199802100
B2230464738992N11953532WA0200002103
B2230474738996N11953524WA0200502105
B2230484739000N11953515WA0200702105
B2230494739003N11953505WA0201102105
B2230504739004N11953497WA0201302105
B2230514739004N11953489WA0201602106
B2230524739002N11953481WA0201802107
B2230534738999N11953475WA0202102108
B2230544738995N11953470WA0202302111
B2230554738990N11953467WA0202502113
B2230564738985N11953464WA0202702117
B2230574738981N11953463WA0202902120
B2230584738976N11953462WA0203102124
B2230594738973N11953462WA0203402128
B2231004738970N11953461WA0203602133
B2231014738967N11953459WA0203902138
B2231024738964N11953458WA0204202143
B2231034738961N11953460WA0204602147
B2231044738958N11953465WA0204802149
B2231054738957N11953474WA0205202151
B2231064738958N11953484WA0205402152
B2231074738961N11953495WA0205802155
B2231084738967N11953503WA0206002157
B2231094738975N11953508WA0206302160
B2231104738983N11953510WA0206602163
B2231114738991N11953507WA0206902167
B2231124738996N11953500WA0207102170
B2231134739000N11953491WA0207502172
B2231144739001N11953482WA0207702176
B2231154739000N11953474WA0208002180
B2231164738997N11953469WA0208302185
B2231174738994N11953466WA0208702190
B2231184738990N11953465WA0208902194
B2231194738985N11953467WA0209302197
B2231204738982N11953471WA0209602201
B2231214738979N11953477WA0210002205
B2231224738979N11953485WA0210302209
B2231234738980N11953493WA0210702213
B2231244738984N11953502WA0211002214
B2231254738991N11953510WA0211402215
B2231264738998N11953516WA0211602217
B2231274739007N11953518WA0212002220
B2231284739014N11953516WA0212202223
B2231294739021N11953511WA0212602227
B2231304739026N11953503WA0212802229
B2231314739029N11953495WA0213202231
B2231324739030N11953486WA0213402234
B2231334739030N11953477WA0213802236
B2231344739029N11953470WA0214002239
B2231354739027N11953463WA0214302242
B2231364739024N11953457WA0214502244
B2231374739022N11953452WA0214902248
B2231384739019N11953448WA0215102251
B2231394739016N11953446WA0215502254
B2231404739013N11953446WA0215702258
B2231414739010N11953449WA0216002262
B2231424739007N11953455WA0216302265
B2231434739006N11953464WA0216602268
B2231444739007N11953474WA0216902271
B2231454739010N11953484WA0217202275
B2231464739016N11953492WA0217502278
B2231474739023N11953497WA0217802282
B2231484739031N11953499WA0218102285
B2231494739039N11953498WA0218502287
B2231504739047N11953495WA0218702290
B2231514739053N11953488WA0219102293
B2231524739057N11953480WA0219302295
B2231534739060N11953471WA0219702297
B2231544739061N11953462WA0219902299
B2231554739061N11953453WA0220202302
B2231564739059N11953446WA0220402307
B2231574739056N11953442WA0220802311
B2231584739053N11953438WA0221002314
B2231594739049N11953436WA0221402318
B2232004739046N11953434WA0221602322
B2232014739043N11953435WA0222002327
B2232024739041N11953439WA0222302330
B2232034739039N11953445WA0222702333
B2232044739039N11953454WA0223002334
B2232054739041N11953463WA0223402337
B2232064739045N11953471WA0223602341
B2232074739051N11953478WA0224002345
B2232084739058N11953482WA0224302349
B2232094739065N11953483WA0224702353
B2232104739073N11953481WA0224902356
B2232114739079N11953477WA0225302359
B2232124739085N11953470WA0225602362
B2232134739089N11953462WA0226002365
B2232144739092N11953454WA0226302369
B2232154739093N11953445WA0226602371
B2232164739093N11953437WA0226902374
B2232174739091N11953431WA0227302377
B2232184739088N11953426WA0227502380
B2232194739085N11953424WA0227902383
B2232204739081N11953423WA0228102386
B2232214739077N11953422WA0228502390
B2232224739074N11953422WA0228702395
B2232234739071N11953423WA0229202400
B2232244739068N11953425WA0229402404
B2232254739066N11953430WA0229902408
B2232264739064N11953438WA0230102410
B2232274739065N11953447WA0230602413
B2232284739067N11953456WA0230802416
B2232294739071N11953464WA0231202420
B2232304739077N11953470WA0231502423
B2232314739084N11953474WA0231902426
B2232324739091N11953475WA0232102429
B2232334739099N11953475WA0232502431
B2232344739107N11953473WA0232802432
B2232354739114N11953469WA0233102434
B2232364739121N11953464WA0233302437
B2232374739128N11953458WA0233702440
B2232384739133N11953450WA0233902443
B2232394739138N11953441WA0234202445
B2232404739140N11953432WA0234502447
B2232414739140N11953422WA0234802449
B2232424739137N11953414WA0235002451
B2232434739133N11953407WA0235302454
B2232444739129N11953404WA0235502458
B2232454739126N11953403WA0235802463
B2232464739123N11953404WA0236102467
B2232474739121N11953407WA0236502471
B2232484739118N11953409WA0236702474
B2232494739116N11953410WA0237102477
B2232504739113N11953410WA0237302480
B2232514739109N11953412WA0237702482
B2232524739106N11953417WA0237902485
B2232534739104N11953424WA0238302487
B2232544739103N11953432WA0238502490
B2232554739104N11953441WA0238902493
B2232564739104N11953450WA0239102497
B2232574739105N11953459WA0239402500
B2232584739106N11953468WA0239702504
B2232594739107N11953475WA0240002508
B2233004739108N11953483WA0240302511
B2233014739109N11953490WA0240702513
B2233024739111N11953496WA0240902515
B2233034739114N11953503WA0241202517
B2233044739116N11953511WA0241502518
B2233054739118N11953519WA0241802519
B2233064739120N11953527WA0242002520
B2233074739122N11953536WA0242202520
B2233084739125N11953545WA0242402520
B2233094739127N11953555WA0242602520
B2233104739130N11953565WA0242702520
B2233114739133N11953576WA0242902520
B2233124739135N11953586WA0243002520
B2233134739137N11953597WA0243102519
B2233144739140N11953607WA0243202519
B2233154739142N11953617WA0243302518
B2233164739145N11953627WA0243302517
B2233174739147N11953638WA0243402514
B2233184739150N11953649WA0243402511
B2233194739152N11953660WA0243402508
B2233204739154N11953671WA0243302503
B2233214739156N11953684WA0243202499
B2233224739158N11953696WA0243102494
B2233234739158N11953709WA0242902490
B2233244739158N11953721WA0242802487
B2233254739158N11953732WA0242502485
B2233264739158N11953743WA0242402483
B2233274739158N11953753WA0242102480
B2233284739158N11953764WA0241902477
B2233294739157N11953775WA0241602474
B2233304739157N11953785WA0241402470
B2233314739157N11953797WA0241102466
B2233324739157N11953808WA0240902463
B2233334739157N11953819WA0240602460
B2233344739157N11953830WA0240402457
B2233354739157N11953841WA0240102454
B2233364739157N11953852WA0239802453
B2233374739156N11953862WA0239502452
B2233384739156N11953872WA0239302451
B2233394739156N11953881WA0239002449
B2233404739156N11953889WA0238902449
B2233414739157N11953897WA0238602448
B2233424739157N11953904WA0238502447
B2233434739158N11953912WA0238202445
B2233444739158N11953919WA0238102444
B2233454739158N11953927WA0237902442
B2233464739159N11953935WA0237702439
B2233474739160N11953944WA0237502437
B2233484739160N11953954WA0237402435
B2233494739160N11953964WA0237102433
B2233504739160N11953974WA0237002433
B2233514739161N11953983WA0236802432
B2233524739162N11953992WA0236702432
B2233534739164N11954001WA0236502432
B2233544739165N11954010WA0236402431
B2233554739166N11954018WA0236202430
B2233564739167N11954028WA0236102429
B2233574739167N11954037WA0236002428
B2233584739167N11954046WA0235902427
B2233594739168N11954055WA0235702427
B2234004739169N11954063WA0235702427
B2234014739171N11954072WA0235502426
B2234024739172N11954081WA0235502425
B2234034739173N11954090WA0235402423
B2234044739174N11954101WA0235302420
B2234054739174N11954112WA0235102417
B2234064739174N11954123WA0235002414
B2234074739174N11954134WA0234802411
B2234084739174N11954145WA0234702410
B2234094739175N11954156WA0234502408
B2234104739175N11954166WA0234402407
B2234114739176N11954177WA0234202406
B2234124739176N11954187WA0234002404
B2234134739176N11954197WA0233802403
B2234144739177N11954208WA0233702400
B2234154739177N11954219WA0233502397
B2234164739178N11954230WA0233302394
B2234174739178N11954242WA0233102392
B2234184739179N11954254WA0233002390
B2234194739180N11954266WA0232702388
B2234204739181N11954277WA0232602388
B2234214739182N11954287WA0232402388
B2234224739183N11954297WA0232202387
B2234234739184N11954307WA0232002386
B2234244739186N11954317WA0231902384
B2234254739187N11954328WA0231702382
B2234264739188N11954339WA0231602379
B2234274739188N11954350WA0231402376
B2234284739189N11954361WA0231302374
B2234294739190N11954372WA0231102373
B2234304739190N11954382WA0230902372
B2234314739191N11954392WA0230702371
B2234324739191N11954401WA0230602370
B2234334739192N11954411WA0230402369
B2234344739193N11954421WA0230302366
B2234354739194N11954431WA0230102364
B2234364739195N11954441WA0230002361
B2234374739196N11954452WA0229802359
B2234384739197N11954462WA0229702357
B2234394739197N11954473WA0229402356
B2234404739198N11954483WA0229302355
B2234414739199N11954492WA0229102355
B2234424739201N11954502WA0229002353
B2234434739202N11954512WA0228802351
B2234444739203N11954522WA0228602348
B2234454739204N11954531WA0228402346
B2234464739205N11954541WA0228302344
B2234474739205N11954551WA0228102342
B2234484739206N11954561WA0228002340
B2234494739207N11954571WA0227702337
B2234504739208N11954581WA0227602335
B2234514739209N11954590WA0227402334
B2234524739210N11954598WA0227202335
B2234534739212N11954604WA0227102337
B2234544739213N11954611WA0227002338
B2234554739214N11954618WA0226802338
B2234564739215N11954626WA0226702337
B2234574739216N11954636WA0226602335
B2234584739216N11954646WA0226502333
B2234594739217N11954656WA0226402331
B2235004739217N11954667WA0226302330
B2235014739217N11954677WA0226202329
B2235024739217N11954687WA0226102328
B2235034739217N11954698WA0226002327
B2235044739217N11954709WA0225902326
B2235054739218N11954720WA0225802325
B2235064739218N11954731WA0225702325
B2235074739218N11954742WA0225602324
B2235084739218N11954753WA0225502324
B2235094739218N11954763WA0225402324
B2235104739219N11954774WA0225402324
B2235114739220N11954784WA0225302323
B2235124739221N11954794WA0225202322
B2235134739222N11954804WA0225102320
B2235144739223N11954814WA0225002317
B2235154739224N11954825WA0224902314
B2235164739225N11954836WA0224802311
B2235174739226N11954848WA0224702310
B2235184739226N11954859WA0224602311
B2235194739226N11954869WA0224502314
B2235204739226N11954879WA0224402315
B2235214739226N11954889WA0224302316
B2235224739227N11954899WA0224302317
B2235234739227N11954908WA0224302318
B2235244739228N11954918WA0224302318
B2235254739228N11954927WA0224202318
B2235264739228N11954937WA0224202318
B2235274739229N11954946WA0224202318
B2235284739229N11954956WA0224202317
B2235294739229N11954966WA0224202317
B2235304739230N11954977WA0224202316
B2235314739230N11954987WA0224202314
B2235324739231N11954998WA0224102312
B2235334739231N11955009WA0224102310
B2235344739231N11955021WA0224002307
B2235354739232N11955032WA0223902306
B2235364739233N11955043WA0223902306
B2235374739234N11955053WA0223802305
B2235384739234N11955064WA0223702303
B2235394739235N11955075WA0223602301
B2235404739236N11955085WA0223502299
B2235414739236N11955096WA0223302297
B2235424739236N11955106WA0223202295
B2235434739237N11955116WA0223102294
B2235444739237N11955126WA0223002291
B2235454739238N11955136WA0222802288
B2235464739238N11955147WA0222702285
B2235474739239N11955158WA0222402281
B2235484739239N11955170WA0222302278
B2235494739240N11955181WA0222002275
B2235504739241N11955192WA0221902272
B2235514739242N11955203WA0221602271
B2235524739242N11955214WA0221402269
B2235534739242N11955225WA0221202268
B2235544739242N11955235WA0221002267
B2235554739242N11955245WA0220802267
B2235564739242N11955255WA0220602266
B2235574739243N11955264WA0220402264
B2235584739244N11955275WA0220302262
B2235594739245N11955286WA0220102260
B2236004739246N11955296WA0220002259
B2236014739248N11955307WA0219802257
B2236024739249N11955317WA0219602256
B2236034739249N11955328WA0219402254
B2236044739250N11955339WA0219302251
B2236054739251N11955350WA0219102248
B2236064739251N11955361WA0219002246
B2236074739251N11955373WA0218702243
B2236084739251N11955384WA0218602241
B2236094739251N11955396WA0218402239
B2236104739251N11955408WA0218202238
B2236114739251N11955419WA0218002238
B2236124739252N11955429WA0217902238
B2236134739252N11955438WA0217702238
B2236144739253N11955448WA0217602237
B2236154739253N11955459WA0217402235
B2236164739254N11955469WA0217302233
B2236174739254N11955480WA0217102232
B2236184739255N11955491WA0217002231
B2236194739255N11955502WA0216802231
B2236204739255N11955514WA0216702230
B2236214739255N11955525WA0216602227
B2236224739255N11955536WA0216502225
B2236234739254N11955547WA0216302223
B2236244739253N11955557WA0216202222
B2236254739253N11955567WA0216002220
B2236264739253N11955578WA0215902217
B2236274739252N11955589WA0215702215
B2236284739253N11955600WA0215502212
B2236294739253N11955611WA0215302209
B2236304739253N11955622WA0215102207
B2236314739254N11955634WA0214902204
B2236324739254N11955645WA0214702202
B2236334739254N11955657WA0214502201
B2236344739254N11955669WA0214402199
B2236354739253N11955681WA0214102197
B2236364739252N11955693WA0214002194
B2236374739251N11955705WA0213702192
B2236384739250N11955716WA0213502189
B2236394739249N11955728WA0213302186
B2236404739248N11955739WA0213102183
B2236414739247N11955751WA0212902180
B2236424739245N11955762WA0212702177
B2236434739244N11955774WA0212402174
B2236444739244N11955785WA0212202170
B2236454739244N11955797WA0211902166
B2236464739243N11955808WA0211702163
B2236474739243N11955820WA0211302160
B2236484739243N11955831WA0211102157
B2236494739243N11955843WA0210802155
B2236504739243N11955854WA0210602152
B2236514739243N11955865WA0210202149
B2236524739243N11955877WA0210002145
B2236534739243N11955888WA0209602142
B2236544739243N11955900WA0209402139
B2236554739242N11955911WA0209102135
B2236564739242N11955923WA0208802132
B2236574739241N11955934WA0208502128
B2236584739240N11955946WA0208202125
B2236594739239N11955957WA0207802121
B2237004739239N11955969WA0207602118
B2237014739238N11955980WA0207202114
B2237024739237N11955991WA0206902111
B2237034739235N11956003WA0206602108
B2237044739234N11956014WA0206302104
B2237054739232N11956026WA0205902099
B2237064739231N11956038WA0205602095
B2237074739229N11956050WA0205202091
B2237084739228N11956062WA0204902088
B2237094739226N11956074WA0204502085
B2237104739224N11956086WA0204202082
B2237114739222N11956098WA0203802080
B2237124739220N11956110WA0203602076
B2237134739219N11956122WA0203202073
B2237144739217N11956133WA0202902070
B2237154739216N11956145WA0202502066
B2237164739214N11956157WA0202302064
B2237174739213N11956169WA0201902061
B2237184739211N11956180WA0201602058
B2237194739210N11956192WA0201202055
B2237204739209N11956204WA0201002051
B2237214739208N11956216WA0200602048
B2237224739206N11956227WA0200402044
B2237234739205N11956239WA0200002041
B2237244739204N11956251WA0199702039
B2237254739203N11956262WA0199402036
B2237264739202N11956274WA0199102033
B2237274739202N11956286WA0198802030
B2237284739201N11956298WA0198502027
B2237294739200N11956310WA0198202024
B2237304739199N11956321WA0197902022
B2237314739198N11956332WA0197602020
B2237324739197N11956344WA0197402018
B2237334739197N11956355WA0197102014
B2237344739196N11956368WA0196802011
B2237354739196N11956380WA0196502007
B2237364739196N11956393WA0196302004
B2237374739195N11956405WA0195902002
B2237384739194N11956417WA0195701999
B2237394739194N11956429WA0195401997
B2237404739193N11956441WA0195201995
B2237414739193N11956453WA0194901992
B2237424739192N11956465WA0194701990
B2237434739191N11956477WA0194301987
B2237444739191N11956490WA0194101985
B2237454739190N11956502WA0193801982
B2237464739189N11956514WA0193601979
B2237474739188N11956526WA0193301977
B2237484739187N11956539WA0193101974
B2237494739187N11956551WA0192801971
B2237504739186N11956563WA0192601969
B2237514739185N11956576WA0192301966
B2237524739183N11956588WA0192101964
B2237534739182N11956600WA0191701961
B2237544739181N11956612WA0191501959
B2237554739180N11956625WA0191201957
B2237564739178N11956636WA0191001955
B2237574739177N11956648WA0190801954
B2237584739176N11956659WA0190601953
B2237594739175N11956670WA0190301952
B2238004739173N11956680WA0190201951
B2238014739172N11956691WA0190001949
B2238024739171N11956702WA0189801947
B2238034739171N11956714WA0189601945
B2238044739170N11956726WA0189401942
B2238054739169N11956739WA0189201940
B2238064739168N11956752WA0189101937
B2238074739167N11956764WA0188801935
B2238084739166N11956777WA0188701934
B2238094739165N11956789WA0188401933
B2238104739165N11956802WA0188301931
B2238114739164N11956814WA0188101929
B2238124739163N11956827WA0187901927
B2238134739162N11956839WA0187701925
B2238144739161N11956852WA0187501922
B2238154739161N11956865WA0187301920
B2238164739160N11956878WA0187101918
B2238174739160N11956891WA0186901916
B2238184739160N11956903WA0186701914
B2238194739160N11956916WA0186501912
B2238204739160N11956930WA0186301910
B2238214739161N11956944WA0186101907
B2238224739161N11956958WA0185901904
B2238234739162N11956972WA0185701902
B2238244739162N11956986WA0185501900
B2238254739163N11956999WA0185201899
B2238264739164N11957013WA0185101897
B2238274739165N11957026WA0184801896
B2238284739165N11957039WA0184701894
B2238294739166N11957052WA0184501892
B2238304739166N11957066WA0184301890
B2238314739167N11957079WA0184101888
B2238324739167N11957091WA0183901886
B2238334739167N11957103WA0183701884
B2238344739167N11957114WA0183501882
B2238354739167N11957126WA0183301880
B2238364739168N11957137WA0183101878
B2238374739168N11957149WA0182901875
B2238384739168N11957161WA0182701872
B2238394739169N11957173WA0182501869
B2238404739169N11957185WA0182301866
B2238414739169N11957197WA0182001863
B2238424739169N11957209WA0181901860
B2238434739170N11957221WA0181601858
B2238444739170N11957232WA0181401856
B2238454739171N11957243WA0181101854
B2238464739171N11957254WA0180901851
B2238474739171N11957264WA0180601849
B2238484739171N11957274WA0180501847
B2238494739172N11957284WA0180201845
B2238504739173N11957295WA0180001842
B2238514739175N11957306WA0179701838
B2238524739176N11957318WA0179501833
B2238534739177N11957331WA0179201829
B2238544739178N11957343WA0179001826
B2238554739179N11957355WA0178601824
B2238564739181N11957366WA0178401822
B2238574739182N11957377WA0178101820
B2238584739184N11957389WA0177801817
B2238594739185N11957401WA0177501814
B2239004739186N11957413WA0177301810
B2239014739187N11957425WA0177001807
B2239024739188N11957437WA0176801805
B2239034739189N11957449WA0176401803
B2239044739190N11957460WA0176201801
B2239054739191N11957472WA0175901799
B2239064739191N11957483WA0175701796
B2239074739192N11957495WA0175401794
B2239084739193N11957507WA0175201792
B2239094739193N11957519WA0174901790
B2239104739193N11957531WA0174701788
B2239114739193N11957542WA0174501787
B2239124739194N11957554WA0174301786
B2239134739195N11957566WA0174001785
B2239144739196N11957577WA0173901784
B2239154739197N11957589WA0173601783
B2239164739197N11957601WA0173501782
B2239174739198N11957613WA0173301781
B2239184739198N11957625WA0173201779
B2239194739199N11957637WA0173001778
B2239204739199N11957649WA0172901776
B2239214739199N11957661WA0172701775
B2239224739200N11957673WA0172601774
B2239234739200N11957685WA0172401773
B2239244739201N11957697WA0172301772
B2239254739202N11957709WA0172101770
B2239264739203N11957722WA0172001767
B2239274739204N11957735WA0171801765
B2239284739205N11957748WA0171701763
B2239294739206N11957761WA0171501762
B2239304739207N11957774WA0171401762
B2239314739209N11957786WA0171201761
B2239324739210N11957798WA0171101760
B2239334739212N11957810WA0171001759
B2239344739212N11957822WA0170901758
B2239354739213N11957834WA0170701756
B2239364739214N11957847WA0170601753
B2239374739216N11957860WA0170401752
B2239384739217N11957873WA0170301751
B2239394739218N11957885WA0170101751
B2239404739219N11957897WA0170001750
B2239414739220N11957910WA0169901749
B2239424739222N11957922WA0169801746
B2239434739223N11957935WA0169601744
B2239444739223N11957948WA0169501741
B2239454739225N11957961WA0169301738
B2239464739226N11957975WA0169201736
B2239474739228N11957988WA0169001734
B2239484739230N11958000WA0168901733
B2239494739231N11958013WA0168701730
B2239504739232N11958026WA0168501728
B2239514739233N11958040WA0168301725
B2239524739234N11958053WA0168101721
B2239534739235N11958067WA0167901717
B2239544739236N11958082WA0167701713
B2239554739236N11958096WA0167401710
B2239564739236N11958111WA0167201707
B2239574739235N11958124WA0166901705
B2239584739234N11958136WA0166701704
B2239594739233N11958147WA0166401704
B2240004739233N11958158WA0166201704
B2240014739233N11958169WA0166001702
B2240024739234N11958180WA0165801700
B2240034739235N11958192WA0165601697
B2240044739235N11958204WA0165401694
B2240054739236N11958216WA0165201690
B2240064739237N11958228WA0165001688
B2240074739239N11958241WA0164701685
B2240084739240N11958253WA0164501684
B2240094739241N11958265WA0164301682
B2240104739243N11958278WA0164101680
B2240114739245N11958291WA0163801677
B2240124739247N11958303WA0163601675
B2240134739249N11958316WA0163401673
B2240144739252N11958328WA0163201672
B2240154739254N11958340WA0163001669
B2240164739256N11958352WA0162801667
B2240174739258N11958364WA0162501664
B2240184739261N11958376WA0162301660
B2240194739263N11958387WA0162101657
B2240204739265N11958400WA0161901653
B2240214739268N11958412WA0161601649
B2240224739271N11958423WA0161401646
B2240234739274N11958435WA0161001644
B2240244739277N11958446WA0160801642
B2240254739279N11958458WA0160501640
B2240264739280N11958469WA0160301638
B2240274739282N11958480WA0160001635
B2240284739284N11958491WA0159801632
B2240294739286N11958502WA0159501631
B2240304739287N11958513WA0159301629
B2240314739288N11958524WA0159001627
B2240324739290N11958535WA0158801625
B2240334739291N11958546WA0158601623
B2240344739293N11958558WA0158401620
B2240354739295N11958569WA0158101617
B2240364739297N11958581WA0157901614
B2240374739300N11958593WA0157601611
B2240384739302N11958605WA0157401608
B2240394739305N11958617WA0157101606
B2240404739307N11958629WA0156901603
B2240414739310N11958641WA0156601600
B2240424739312N11958654WA0156401597
B2240434739314N11958666WA0156101594
B2240444739317N11958679WA0155901592
B2240454739320N11958692WA0155601591
B2240464739323N11958703WA0155401593
B2240474739326N11958715WA0155201593
B2240484739329N11958725WA0155001594
B2240494739332N11958734WA0154901595
B2240504739335N11958743WA0154701595
B2240514739337N11958753WA0154601593
B2240524739340N11958764WA0154501591
B2240534739342N11958775WA0154301590
B2240544739344N11958786WA0154201587
B2240554739346N11958799WA0154101585
B2240564739348N11958811WA0154001583
B2240574739351N11958825WA0153801581
B2240584739355N11958838WA0153601579
B2240594739359N11958852WA0153501578
B2241004739362N11958865WA0153401579
B2241014739365N11958878WA0153201580
B2241024739369N11958890WA0153101581
B2241034739374N11958899WA0153001581
B2241044739378N11958908WA0153001582
B2241054739382N11958917WA0152901581
B2241064739385N11958927WA0152901580
B2241074739388N11958939WA0152801577
B2241084739391N11958951WA0152701574
B2241094739394N11958963WA0152501572
B2241104739398N11958974WA0152401570
B2241114739402N11958984WA0152301569
B2241124739406N11958994WA0152201568
B2241134739410N11959003WA0152001568
B2241144739414N11959013WA0151901566
B2241154739418N11959023WA0151801565
B2241164739421N11959033WA0151701564
B2241174739425N11959043WA0151501562
B2241184739430N11959054WA0151401560
B2241194739434N11959064WA0151301558
B2241204739438N11959074WA0151101556
B2241214739442N11959085WA0151001555
B2241224739446N11959096WA0150901554
B2241234739451N11959107WA0150701554
B2241244739455N11959118WA0150601554
B2241254739459N11959128WA0150501554
B2241264739464N11959138WA0150401554
B2241274739469N11959148WA0150301553
B2241284739474N11959156WA0150201553
B2241294739479N11959165WA0150101552
B2241304739484N11959175WA0150001551
B2241314739488N11959185WA0149901549
B2241324739493N11959195WA0149801547
B2241334739497N11959206WA0149701545
B2241344739501N11959216WA0149601544
B2241354739505N11959226WA0149501543
B2241364739509N11959235WA0149401543
B2241374739513N11959245WA0149301542
B2241384739517N11959255WA0149201540
B2241394739521N11959265WA0149001538
B2241404739526N11959275WA0148901535
B2241414739531N11959286WA0148801532
B2241424739535N11959296WA0148701530
B2241434739539N11959307WA0148501528
B2241444739543N11959318WA0148301526
B2241454739547N11959329WA0148101523
B2241464739551N11959340WA0148001520
B2241474739555N11959350WA0147701517
B2241484739559N11959361WA0147601514
B2241494739563N11959371WA0147301511
B2241504739568N11959381WA0147101507
B2241514739572N11959392WA0146801503
B2241524739577N11959403WA0146601498
B2241534739581N11959413WA0146301493
B2241544739585N11959424WA0146001489
B2241554739589N11959434WA0145701485
B2241564739592N11959444WA0145401481
B2241574739596N11959455WA0145001476
B2241584739600N11959465WA0144701472
B2241594739603N11959476WA0144301467
B2242004739607N11959486WA0144001462
B2242014739610N11959496WA0143601458
B2242024739612N11959506WA0143201455
B2242034739614N11959516WA0142801452
B2242044739616N11959526WA0142501448
B2242054739618N11959535WA0142101445
B2242064739621N11959545WA0141801441
B2242074739623N11959555WA0141401438
B2242084739626N11959565WA0141101434
B2242094739629N11959575WA0140601430
B2242104739632N11959584WA0140401426
B2242114739635N11959594WA0139901424
B2242124739639N11959603WA0139701421
B2242134739643N11959612WA0139301418
B2242144739646N11959621WA0139001413
B2242154739649N11959630WA0138601409
B2242164739652N11959640WA0138301404
B2242174739654N11959650WA0137801399
B2242184739656N11959660WA0137501394
B2242194739657N11959670WA0137101389
B2242204739657N11959679WA0136801384
B2242214739658N11959688WA0136301381
B2242224739658N11959696WA0136001376
B2242234739658N11959705WA0135501371
B2242244739657N11959714WA0135101363
B2242254739657N11959726WA0134601355
B2242264739656N11959739WA0134201346
B2242274739656N11959752WA0133601340
B2242284739656N11959764WA0133201335
B2242294739656N11959775WA0132601331
B2242304739655N11959784WA0132201328
B2242314739655N11959793WA0131601325
B2242324739656N11959802WA0131201320
B2242334739657N11959812WA0130601313
B2242344739658N11959823WA0130201305
B2242354739660N11959836WA0129701297
B2242364739662N11959849WA0129201293
B2242374739663N11959860WA0128601290
B2242384739664N11959871WA0128301287
B2242394739665N11959881WA0127701284
B2242404739668N11959891WA0127301280
B2242414739671N11959903WA0126801275
B2242424739675N11959915WA0126401268
B2242434739680N11959927WA0125801262
B2242444739685N11959939WA0125401257
B2242454739691N11959951WA0124901253
B2242464739696N11959962WA0124501250
B2242474739700N11959973WA0123901247
B2242484739704N11959984WA0123601244
B2242494739708N11959995WA0123101241
B2242504739712N12000007WA0122701236
B2242514739717N12000019WA0122201231
B2242524739722N12000031WA0121901226
B2242534739727N12000044WA0121401222
B2242544739733N12000056WA0121001219
B2242554739738N12000067WA0120501217
B2242564739744N12000078WA0120201215
B2242574739749N12000088WA0119801215
B2242584739755N12000098WA0119501213
B2242594739760N12000108WA0119101212
B2243004739767N12000117WA0118901209
B2243014739773N12000127WA0118501208
B2243024739780N12000138WA0118301206
B2243034739786N12000148WA0118001205
B2243044739792N12000157WA0117801205
B2243054739798N12000166WA0117501205
B2243064739803N12000175WA0117401208
B2243074739808N12000182WA0117201211
B2243084739812N12000189WA0117101214
B2243094739817N12000195WA0117001216
B2243104739822N12000202WA0117001217
B2243114739826N12000209WA0116901218
B2243124739830N12000216WA0116901218
B2243134739835N12000223WA0116901219
B2243144739839N12000231WA0116901220
B2243154739844N12000238WA0117001221
B2243164739849N12000245WA0117001224
B2243174739854N12000250WA0117101226
B2243184739859N12000256WA0117101229
B2243194739862N12000263WA0117201230
B2243204739865N12000272WA0117301232
B2243214739864N12000281WA0117401232
B2243224739862N12000291WA0117501233
B2243234739858N12000298WA0117701235
B2243244739855N12000303WA0117801237
B2243254739851N12000303WA0117901239
B2243264739850N12000301WA0118001238
B2243274739849N12000296WA0118101237
B2243284739850N12000291WA0118201237
B2243294739851N12000286WA0118301238
B2243304739854N12000282WA0118301239
B2243314739858N12000279WA0118401240
B2243324739864N12000277WA0118501241
B2243334739870N12000276WA0118601243
B2243344739876N12000277WA0118701244
B2243354739882N12000278WA0118801246
B2243364739889N12000281WA0118801247
B2243374739894N12000284WA0119001249
B2243384739900N12000290WA0119001251
B2243394739903N12000297WA0119201253
B2243404739905N12000307WA0119301254
B2243414739904N12000317WA0119401254
B2243424739900N12000326WA0119501255
B2243434739896N12000332WA0119701258
B2243444739893N12000336WA0119801263
B2243454739891N12000338WA0120001265
B2243464739889N12000337WA0120101266
B2243474739886N12000335WA0120301266
B2243484739884N12000331WA0120401265
B2243494739885N12000327WA0120601266
B2243504739888N12000323WA0120701267
B2243514739893N12000319WA0120801267
B2243524739899N12000318WA0120901268
B2243534739906N12000320WA0121001270
B2243544739912N12000323WA0121101273
B2243554739918N12000327WA0121301275
B2243564739923N12000333WA0121401277
B2243574739927N12000340WA0121601279
B2243584739929N12000349WA0121701282
B2243594739929N12000360WA0121901283
B2244004739928N12000370WA0122001284
B2244014739928N12000380WA0122201286
B2244024739928N12000388WA0122301289
B2244034739927N12000394WA0122501290
B2244044739926N12000398WA0122601290
B2244054739923N12000400WA0122801288
B2244064739919N12000401WA0122901285
B2244074739916N12000399WA0123001285
B2244084739914N12000394WA0123001284
B2244094739915N12000388WA0123101285
B2244104739918N12000382WA0123101286
B2244114739921N12000377WA0123201287
B2244124739925N12000372WA0123201288
B2244134739929N12000369WA0123301289
B2244144739933N12000365WA0123401291
B2244154739937N12000362WA0123501292
B2244164739942N12000360WA0123501293
B2244174739947N12000359WA0123601294
B2244184739954N12000360WA0123701295
B2244194739960N12000363WA0123801296
B2244204739967N12000366WA0123801297
B2244214739973N12000369WA0123901300
B2244224739979N12000372WA0124001302
B2244234739985N12000377WA0124201304
B2244244739989N12000384WA0124301306
B2244254739993N12000394WA0124401307
B2244264739993N12000405WA0124501307
B2244274739991N12000413WA0124701308
B2244284739986N12000417WA0124801309
B2244294739982N12000416WA0124901309
B2244304739979N12000412WA0125001308
B2244314739977N12000406WA0125101307
B2244324739978N12000399WA0125101308
B2244334739980N12000393WA0125201309
B2244344739983N12000387WA0125201311
B2244354739986N12000382WA0125401313
B2244364739990N12000378WA0125401315
B2244374739994N12000374WA0125601317
B2244384739999N12000372WA0125701318
B2244394740005N12000372WA0125801318
B2244404740012N12000375WA0125901317
B2244414740019N12000379WA0126001316
B2244424740025N12000386WA0126001317
B2244434740030N12000394WA0126101317
B2244444740034N12000403WA0126101318
B2244454740037N12000413WA0126201319
B2244464740039N12000424WA0126301320
B2244474740040N12000435WA0126301321
B2244484740041N12000446WA0126401323
B2244494740041N12000457WA0126501324
B2244504740040N12000465WA0126601326
B2244514740038N12000471WA0126701327
B2244524740034N12000473WA0126801326
B2244534740030N12000471WA0126901324
B2244544740028N12000464WA0126901322
B2244554740029N12000457WA0127001323
B2244564740032N12000451WA0127001326
B2244574740036N12000448WA0127101328
B2244584740041N12000446WA0127201329
B2244594740046N12000443WA0127301330
B2245004740052N12000439WA0127301330
B2245014740058N12000437WA0127401331
B2245024740065N12000437WA0127501332
B2245034740071N12000441WA0127601334
B2245044740077N12000447WA0127601335
B2245054740082N12000456WA0127701336
B2245064740085N12000465WA0127801336
B2245074740088N12000475WA0127901336
B2245084740090N12000486WA0127901338
B2245094740092N12000496WA0128001339
B2245104740093N12000506WA0128101340
B2245114740093N12000515WA0128201341
B2245124740092N12000521WA0128301342
B2245134740089N12000525WA0128401342
B2245144740085N12000525WA0128401339
B2245154740082N12000521WA0128501338
B2245164740082N12000515WA0128501337
B2245174740083N12000508WA0128501337
B2245184740086N12000502WA0128501338
B2245194740091N12000497WA0128601339
B2245204740096N12000493WA0128601340
B2245214740103N12000491WA0128601341
B2245224740110N12000492WA0128701342
B2245234740118N12000495WA0128701343
B2245244740126N12000499WA0128701344
B2245254740133N12000504WA0128801345
B2245264740140N12000510WA0128801346
B2245274740146N12000517WA0128901347
B2245284740151N12000526WA0128901348
B2245294740156N12000536WA0129001347
B2245304740159N12000546WA0129001347
B2245314740161N12000557WA0129001347
B2245324740162N12000567WA0129101347
B2245334740162N12000576WA0129101347
B2245344740161N12000584WA0129101347
B2245354740160N12000591WA0129101348
B2245364740159N12000598WA0129201348
B2245374740158N12000605WA0129201347
B2245384740157N12000613WA0129201345
B2245394740156N12000623WA0129201343
B2245404740156N12000633WA0129201341
B2245414740157N12000643WA0129101339
B2245424740158N12000653WA0129101339
B2245434740161N12000662WA0129101339
B2245444740163N12000671WA0129001338
B2245454740165N12000682WA0129001337
B2245464740167N12000693WA0128901334
B2245474740169N12000705WA0128901331
B2245484740171N12000718WA0128801328
B2245494740173N12000731WA0128701326
B2245504740175N12000743WA0128601325
B2245514740176N12000754WA0128401323
B2245524740177N12000764WA0128301323
B2245534740177N12000774WA0128201323
B2245544740178N12000783WA0128101321
B2245554740179N12000793WA0127901318
B2245564740180N12000804WA0127801313
B2245574740181N12000816WA0127601308
B2245584740182N12000829WA0127501302
B2245594740183N12000842WA0127201298
B2246004740184N12000855WA0127001294
B2246014740185N12000868WA0126601291
B2246024740187N12000880WA0126401287
B2246034740188N12000892WA0126101284
B2246044740189N12000905WA0125801280
B2246054740190N12000918WA0125501275
B2246064740191N12000931WA0125201271
B2246074740193N12000944WA0124801268
B2246084740193N12000957WA0124601265
B2246094740194N12000969WA0124201264
B2246104740194N12000980WA0124001262
B2246114740194N12000991WA0123701260
B2246124740195N12001003WA0123401256
B2246134740197N12001016WA0123101252
B2246144740198N12001030WA0122801248
B2246154740200N12001042WA0122501245
B2246164740201N12001055WA0122301243
B2246174740202N12001067WA0121901241
B2246184740203N12001079WA0121701237
B2246194740204N12001092WA0121301234
B2246204740205N12001106WA0121101231
B2246214740207N12001119WA0120701228
B2246224740208N12001132WA0120501225
B2246234740209N12001145WA0120201222
B2246244740210N12001158WA0119901219
B2246254740211N12001171WA0119601217
B2246264740212N12001184WA0119401216
B2246274740213N12001195WA0119101216
B2246284740214N12001206WA0118901217
B2246294740215N12001215WA0118701217
B2246304740216N12001225WA0118501217
B2246314740218N12001234WA0118301215
B2246324740219N12001245WA0118201213
B2246334740220N12001256WA0118001210
B2246344740221N12001268WA0117901206
B2246354740223N12001280WA0117601203
B2246364740224N12001292WA0117501201
B2246374740225N12001304WA0117201199
B2246384740227N12001315WA0117101197
B2246394740229N12001325WA0116801195
B2246404740231N12001336WA0116701192
B2246414740233N12001347WA0116401189
B2246424740235N12001359WA0116201186
B2246434740236N12001370WA0116001185
B2246444740237N12001381WA0115801184
B2246454740238N12001390WA0115601184
B2246464740239N12001400WA0115401183
B2246474740240N12001410WA0115201183
B2246484740241N12001421WA0115101184
B2246494740242N12001430WA0115001185
B2246504740243N12001440WA0114901187
B2246514740243N12001448WA0114801190
B2246524740244N12001456WA0114801194
B2246534740244N12001464WA0114801196
B2246544740244N12001472WA0114801198
B2246554740243N12001480WA0114901200
B2246564740243N12001489WA0114901201
B2246574740242N12001499WA0115001203
B2246584740242N12001508WA0115101205
B2246594740243N12001517WA0115201208
B2247004740244N12001526WA0115301210
B2247014740245N12001537WA0115501211
B2247024740246N12001547WA0115601211
B2247034740246N12001557WA0115701212
B2247044740247N12001567WA0115801213
B2247054740247N12001576WA0115901214
B2247064740248N12001584WA0116001214
B2247074740249N12001592WA0116201214
B2247084740250N12001601WA0116201213
B2247094740252N12001611WA0116301210
B2247104740254N12001621WA0116401206
B2247114740256N12001633WA0116401201
B2247124740257N12001645WA0116301197
B2247134740258N12001658WA0116201194
B2247144740259N12001670WA0116101192
B2247154740260N12001680WA0116001191
B2247164740262N12001691WA0115901190
B2247174740263N12001700WA0115701188
B2247184740264N12001711WA0115601185
B2247194740266N12001722WA0115401182
B2247204740267N12001734WA0115301178
B2247214740269N12001746WA0115001174
B2247224740270N12001757WA0114901172
B2247234740272N12001767WA0114601171
B2247244740273N12001777WA0114501170
B2247254740275N12001786WA0114201168
B2247264740276N12001796WA0114101164
B2247274740278N12001807WA0113801159
B2247284740279N12001819WA0113601154
B2247294740281N12001831WA0113301150
B2247304740283N12001842WA0113101148
B2247314740284N12001852WA0112801146
B2247324740286N12001861WA0112601144
B2247334740287N12001871WA0112301142
B2247344740287N12001880WA0112101138
B2247354740288N12001891WA0111801134
B2247364740289N12001902WA0111601130
B2247374740290N12001913WA0111201126
B2247384740291N12001923WA0111001123
B2247394740291N12001934WA0110601120
B2247404740292N12001945WA0110401117
B2247414740293N12001955WA0110001114
B2247424740294N12001966WA0109801111
B2247434740295N12001977WA0109401107
B2247444740297N12001989WA0109201103
B2247454740298N12002000WA0108801100
B2247464740299N12002011WA0108501096
B2247474740299N12002022WA0108101093
B2247484740299N12002034WA0107901089
B2247494740299N12002046WA0107501086
B2247504740299N12002058WA0107201083
B2247514740300N12002070WA0106801080
B2247524740300N12002082WA0106601077
B2247534740301N12002094WA0106201074
B2247544740302N12002106WA0105901071
B2247554740302N12002118WA0105601068
B2247564740302N12002130WA0105301066
B2247574740303N12002142WA0105001064
B2247584740304N12002154WA0104701062
B2247594740305N12002166WA0104401061
B2248004740307N12002178WA0104201059
B2248014740308N12002191WA0103901057
B2248024740308N12002204WA0103701055
B2248034740309N12002217WA0103401054
B2248044740309N12002228WA0103201054
B2248054740310N12002239WA0103001054
B2248064740311N12002250WA0102901053
B2248074740313N12002261WA0102701051
B2248084740314N12002273WA0102501048
B2248094740315N12002286WA0102301045
B2248104740316N12002298WA0102201043
B2248114740316N12002310WA0102001041
B2248124740316N12002322WA0101801040
B2248134740316N12002333WA0101601040
B2248144740316N12002345WA0101501038
B2248154740317N12002357WA0101301037
B2248164740317N12002369WA0101201037
B2248174740318N12002380WA0101001037
B2248184740319N12002391WA0100901037
B2248194740319N12002402WA0100701037
B2248204740319N12002411WA0100701037
B2248214740320N12002421WA0100601038
B2248224740321N12002430WA0100501038
B2248234740321N12002441WA0100401038
B2248244740322N12002452WA0100401038
B2248254740322N12002463WA0100401039
B2248264740322N12002474WA0100301040
B2248274740322N12002484WA0100301042
B2248284740321N12002492WA0100301044
B2248294740321N12002500WA0100301045
B2248304740319N12002508WA0100401046
B2248314740316N12002515WA0100401046
B2248324740311N12002519WA0100501046
B2248334740306N12002521WA0100501046
B2248344740303N12002519WA0100501047
B2248354740301N12002515WA0100601048
B2248364740301N12002509WA0100601049
B2248374740303N12002503WA0100701050
B2248384740307N12002499WA0100701051
B2248394740312N12002496WA0100801053
B2248404740319N12002496WA0100801054
B2248414740326N12002498WA0100901056
B2248424740333N12002502WA0101001058
B2248434740338N12002509WA0101101060
B2248444740343N12002517WA0101101061
B2248454740347N12002526WA0101301063
B2248464740349N12002535WA0101301064
B2248474740349N12002545WA0101501064
B2248484740348N12002554WA0101601065
B2248494740345N12002562WA0101701065
B2248504740341N12002567WA0101801066
B2248514740336N12002571WA0101901067
B2248524740331N12002572WA0101901068
B2248534740327N12002572WA0102001069
B2248544740324N12002569WA0102101070
B2248554740322N12002566WA0102201071
B2248564740322N12002561WA0102301072
B2248574740323N12002555WA0102401072
B2248584740325N12002549WA0102401072
B2248594740328N12002544WA0102501073
B2249004740331N12002540WA0102601075
B2249014740335N12002536WA0102701077
B2249024740340N12002533WA0102701079
B2249034740346N12002532WA0102901081
B2249044740352N12002533WA0103001083
B2249054740359N12002537WA0103101084
B2249064740364N12002544WA0103201086
B2249074740369N12002552WA0103301088
B2249084740371N12002563WA0103401090
B2249094740372N12002573WA0103601091
B2249104740371N12002583WA0103701092
B2249114740368N12002590WA0103801092
B2249124740365N12002595WA0103901092
B2249134740361N12002597WA0104001092
B2249144740357N12002596WA0104101092
B2249154740353N12002594WA0104201092
B2249164740351N12002589WA0104201092
B2249174740350N12002582WA0104301091
B2249184740351N12002576WA0104301092
B2249194740354N12002570WA0104401094
B2249204740357N12002567WA0104401096
B2249214740362N12002564WA0104501097
B2249224740368N12002563WA0104601098
B2249234740375N12002565WA0104701099
B2249244740381N12002570WA0104801101
B2249254740387N12002577WA0104901102
B2249264740391N12002586WA0105001104
B2249274740394N12002596WA0105101105
B2249284740394N12002605WA0105201106
B2249294740392N12002615WA0105401107
B2249304740389N12002621WA0105401106
B2249314740385N12002626WA0105501106
B2249324740380N12002626WA0105601105
B2249334740377N12002625WA0105701105
B2249344740374N12002620WA0105701106
B2249354740373N12002614WA0105801106
B2249364740374N12002608WA0105801106
B2249374740375N12002602WA0105901108
B2249384740378N12002596WA0105901109
B2249394740380N12002592WA0106001111
B2249404740382N12002588WA0106101112
B2249414740385N12002585WA0106201114
B2249424740389N12002582WA0106201114
B2249434740394N12002581WA0106301114
B2249444740401N12002580WA0106401112
B2249454740408N12002581WA0106401111
B2249464740416N12002586WA0106401111
B2249474740423N12002592WA0106501112
B2249484740428N12002601WA0106501113
B2249494740431N12002612WA0106501115
B2249504740432N12002623WA0106601115
B2249514740430N12002633WA0106601116
B2249524740426N12002640WA0106701117
B2249534740422N12002644WA0106801118
B2249544740417N12002645WA0106801119
B2249554740414N12002643WA0106901121
B2249564740412N12002638WA0107001123
B2249574740412N12002632WA0107101125
B2249584740414N12002626WA0107201126
B2249594740418N12002620WA0107301126
B2250004740423N12002617WA0107401128
B2250014740428N12002615WA0107501129
B2250024740434N12002614WA0107501129
B2250034740441N12002614WA0107701129
B2250044740448N12002615WA0107701128
B2250054740454N12002620WA0107801128
B2250064740460N12002629WA0107901127
B2250074740464N12002639WA0107901126
B2250084740466N12002650WA0107901125
B2250094740466N12002662WA0107901124
B2250104740464N12002673WA0107901123
B2250114740462N12002682WA0107901123
B2250124740459N12002691WA0107901123
B2250134740456N12002698WA0107901123
B2250144740453N12002704WA0107901122
B2250154740449N12002709WA0107901121
B2250164740444N12002712WA0107901120
B2250174740439N12002712WA0107901121
B2250184740436N12002710WA0107901122
B2250194740433N12002707WA0107901123
B2250204740430N12002705WA0107901125
B2250214740427N12002702WA0107901125
B2250224740425N12002699WA0107901126
B2250234740423N12002695WA0108001126
B2250244740421N12002690WA0108001126
B2250254740420N12002684WA0108001127
B2250264740419N12002679WA0108101128
B2250274740419N12002674WA0108101130
B2250284740420N12002668WA0108201132
B2250294740421N12002662WA0108201134
B2250304740423N12002657WA0108301137
B2250314740426N12002653WA0108401139
B2250324740432N12002651WA0108501140
B2250334740438N12002653WA0108701141
B2250344740444N12002659WA0108801142
B2250354740448N12002668WA0108901144
B2250364740449N12002678WA0109001145
B2250374740447N12002687WA0109101145
B2250384740443N12002694WA0109201146
B2250394740439N12002698WA0109401147
B2250404740434N12002699WA0109401149
B2250414740430N12002697WA0109601151
B2250424740427N12002693WA0109701153
B2250434740424N12002687WA0109801155
B2250444740423N12002681WA0109901157
B2250454740423N12002674WA0110101159
B2250464740425N12002668WA0110201161
B2250474740430N12002662WA0110401162
B2250484740435N12002660WA0110601164
B2250494740441N12002661WA0110701166
B2250504740447N12002665WA0110901167
B2250514740452N12002671WA0111001169
B2250524740456N12002679WA0111201171
B2250534740458N12002688WA0111401173
B2250544740458N12002698WA0111501175
B2250554740456N12002708WA0111701175
B2250564740453N12002716WA0111801176
B2250574740449N12002722WA0112001178
B2250584740445N12002725WA0112101180
B2250594740441N12002725WA0112301183
B2251004740437N12002723WA0112401185
B2251014740433N12002719WA0112601186
B2251024740431N12002713WA0112701187
B2251034740429N12002706WA0112901188
B2251044740427N12002698WA0113001190
B2251054740427N12002692WA0113201192
B2251064740427N12002686WA0113301195
B2251074740430N12002682WA0113501197
B2251084740435N12002678WA0113601197
B2251094740442N12002676WA0113801195
B2251104740449N12002679WA0113901195
B2251114740454N12002685WA0114101196
B2251124740457N12002694WA0114201198
B2251134740457N12002704WA0114301200
B2251144740455N12002714WA0114401201
B2251154740452N12002722WA0114601204
B2251164740449N12002728WA0114701207
B2251174740445N12002731WA0114901210
B2251184740440N12002731WA0115001212
B2251194740435N12002728WA0115201212
B2251204740432N12002722WA0115401212
B2251214740431N12002714WA0115501214
B2251224740433N12002706WA0115701216
B2251234740436N12002699WA0115901219
B2251244740442N12002694WA0116001221
B2251254740448N12002692WA0116201222
B2251264740455N12002693WA0116301223
B2251274740461N12002697WA0116501225
B2251284740465N12002703WA0116701227
B2251294740467N12002711WA0116901230
B2251304740468N12002719WA0117001232
B2251314740467N12002728WA0117201234
B2251324740464N12002736WA0117401236
B2251334740460N12002742WA0117601238
B2251344740455N12002746WA0117701239
B2251354740449N12002748WA0118001241
B2251364740443N12002747WA0118101244
B2251374740439N12002744WA0118301247
B2251384740436N12002739WA0118501251
B2251394740434N12002731WA0118801254
B2251404740435N12002723WA0118901259
B2251414740438N12002715WA0119201264
B2251424740444N12002710WA0119501269
B2251434740451N12002708WA0119801274
B2251444740458N12002711WA0120101279
B2251454740463N12002717WA0120501283
B2251464740465N12002725WA0120701287
B2251474740465N12002733WA0121201290
B2251484740463N12002740WA0121401293
B2251494740460N12002746WA0121801296
B2251504740455N12002750WA0122101298
B2251514740450N12002753WA0122501302
B2251524740445N12002754WA0122701305
B2251534740440N12002753WA0123101309
B2251544740436N12002751WA0123401314
B2251554740432N12002747WA0123801318
B2251564740430N12002742WA0124101323
B2251574740430N12002736WA0124501328
B2251584740432N12002729WA0124801332
B2251594740437N12002723WA0125301334
B2252004740444N12002717WA0125601337
B2252014740452N12002715WA0126001340
B2252024740460N12002716WA0126301345
B2252034740467N12002720WA0126701350
B2252044740472N12002727WA0127001356
B2252054740474N12002735WA0127501360
B2252064740475N12002742WA0127801364
B2252074740475N12002750WA0128301368
B2252084740474N12002757WA0128601371
B2252094740471N12002764WA0129001374
B2252104740467N12002770WA0129301377
B2252114740462N12002774WA0129801379
B2252124740457N12002776WA0130101382
B2252134740452N12002777WA0130501385
B2252144740446N12002776WA0130701389
B2252154740442N12002774WA0131201393
B2252164740438N12002770WA0131501398
B2252174740435N12002766WA0131901401
B2252184740433N12002761WA0132201405
B2252194740432N12002756WA0132601408
B2252204740432N12002749WA0132901410
B2252214740434N12002742WA0133301412
B2252224740437N12002735WA0133501413
B2252234740442N12002730WA0133901414
B2252244740448N12002725WA0134101417
B2252254740455N12002723WA0134401419
B2252264740462N12002722WA0134601423
B2252274740470N12002725WA0135001426
B2252284740476N12002732WA0135201430
B2252294740480N12002741WA0135501435
B2252304740481N12002750WA0135801439
B2252314740479N12002757WA0136201442
B2252324740476N12002762WA0136401445
B2252334740472N12002765WA0136801448
B2252344740468N12002765WA0137001451
B2252354740463N12002765WA0137401453
B2252364740459N12002764WA0137601455
B2252374740456N12002762WA0138001459
B2252384740454N12002758WA0138201461
B2252394740453N12002752WA0138501462
B2252404740453N12002744WA0138701463
B2252414740455N12002736WA0139001465
B2252424740457N12002728WA0139201467
B2252434740459N12002722WA0139501471
B2252444740462N12002717WA0139701475
B2252454740466N12002714WA0140001479
B2252464740471N12002713WA0140301483
B2252474740477N12002713WA0140601485
B2252484740484N12002712WA0140801486
B2252494740491N12002712WA0141101488
B2252504740498N12002714WA0141401491
B2252514740505N12002718WA0141701495
B2252524740510N12002726WA0141901499
B2252534740512N12002735WA0142201503
B2252544740513N12002744WA0142501506
B2252554740511N12002752WA0142801511
B2252564740509N12002758WA0143101515
B2252574740505N12002762WA0143401519
B2252584740502N12002764WA0143701524
B2252594740498N12002763WA0144101527
B2253004740494N12002762WA0144301530
B2253014740491N12002759WA0144801533
B2253024740489N12002756WA0145001537
B2253034740487N12002752WA0145401541
B2253044740487N12002747WA0145701544
B2253054740489N12002742WA0146101547
B2253064740490N12002736WA0146401549
B2253074740493N12002731WA0146801552
B2253084740496N12002728WA0147101556
B2253094740501N12002725WA0147401559
B2253104740507N12002725WA0147701562
B2253114740513N12002726WA0148101565
B2253124740520N12002729WA0148301569
B2253134740526N12002732WA0148701573
B2253144740532N12002737WA0149001576
B2253154740537N12002742WA0149401580
B2253164740542N12002749WA0149601583
B2253174740546N12002757WA0150001586
B2253184740550N12002766WA0150301589
B2253194740552N12002774WA0150601593
B2253204740553N12002782WA0150901597
B2253214740553N12002788WA0151301600
B2253224740551N12002794WA0151501602
B2253234740548N12002799WA0151801603
B2253244740544N12002802WA0152101604
B2253254740541N12002806WA0152401605
B2253264740537N12002808WA0152601606
B2253274740533N12002810WA0152901608
B2253284740529N12002812WA0153101609
B2253294740525N12002812WA0153401611
B2253304740521N12002812WA0153501613
B2253314740518N12002810WA0153801614
B2253324740514N12002808WA0154001616
B2253334740511N12002805WA0154201618
B2253344740508N12002802WA0154401619
B2253354740506N12002798WA0154601621
B2253364740503N12002793WA0154701623
B2253374740501N12002789WA0155001626
B2253384740499N12002784WA0155101628
B2253394740497N12002780WA0155401631
B2253404740496N12002776WA0155601635
B2253414740498N12002772WA0155801637
B2253424740502N12002768WA0156001639
B2253434740507N12002766WA0156301641
B2253444740513N12002768WA0156501643
B2253454740519N12002772WA0156701645
B2253464740523N12002780WA0156901648
B2253474740526N12002790WA0157101650
B2253484740527N12002800WA0157301653
B2253494740526N12002809WA0157601655
B2253504740523N12002817WA0157801658
B2253514740519N12002823WA0158001661
B2253524740514N12002827WA0158201664
B2253534740509N12002829WA0158501666
B2253544740504N12002828WA0158701668
B2253554740500N12002826WA0159001671
B2253564740498N12002823WA0159201673
B2253574740497N12002818WA0159501676
B2253584740498N12002813WA0159701679
B2253594740501N12002808WA0160001681
B2254004740506N12002804WA0160201684
B2254014740511N12002803WA0160501687
B2254024740517N12002804WA0160701690
B2254034740522N12002808WA0161001694
B2254044740526N12002814WA0161201696
B2254054740530N12002822WA0161501698
B2254064740534N12002831WA0161701700
B2254074740536N12002841WA0162001703
B2254084740536N12002851WA0162201705
B2254094740535N12002859WA0162501708
B2254104740532N12002866WA0162701712
B2254114740528N12002871WA0163001714
B2254124740524N12002874WA0163201716
B2254134740519N12002876WA0163401717
B2254144740514N12002876WA0163601718
B2254154740510N12002876WA0163901721
B2254164740506N12002876WA0164101724
B2254174740503N12002875WA0164301727
B2254184740501N12002874WA0164501729
B2254194740500N12002870WA0164801732
B2254204740500N12002865WA0165001733
B2254214740503N12002860WA0165301734
B2254224740508N12002856WA0165501736
B2254234740514N12002856WA0165701739
B2254244740521N12002859WA0165901742
B2254254740526N12002864WA0166201745
B2254264740530N12002872WA0166401748
B2254274740534N12002880WA0166701751
B2254284740536N12002890WA0166801754
B2254294740537N12002899WA0167101756
B2254304740535N12002907WA0167301759
B2254314740532N12002915WA0167601761
B2254324740528N12002922WA0167801762
B2254334740523N12002928WA0168001763
B2254344740519N12002934WA0168201765
B2254354740514N12002939WA0168501767
B2254364740510N12002944WA0168601769
B2254374740507N12002946WA0168901771
B2254384740503N12002946WA0169101772
B2254394740501N12002944WA0169301772
B2254404740498N12002939WA0169401772
B2254414740497N12002934WA0169601772
B2254424740496N12002928WA0169701774
B2254434740495N12002923WA0169901776
B2254444740494N12002918WA0170001779
B2254454740493N12002912WA0170201781
B2254464740493N12002907WA0170401783
B2254474740494N12002901WA0170601785
B2254484740497N12002897WA0170701788
B2254494740502N12002893WA0171001790
B2254504740507N12002892WA0171101792
B2254514740514N12002893WA0171401795
B2254524740520N12002897WA0171501798
B2254534740525N12002904WA0171801801
B2254544740529N12002912WA0172001804
B2254554740531N12002922WA0172201806
B2254564740532N12002932WA0172401809
B2254574740530N12002942WA0172701811
B2254584740528N12002951WA0172901813
B2254594740525N12002958WA0173101814
B2255004740520N12002965WA0173301816
B2255014740515N12002969WA0173501817
B2255024740510N12002971WA0173701819
B2255034740505N12002971WA0174001821
B2255044740501N12002969WA0174101823
B2255054740497N12002965WA0174301825
B2255064740494N12002961WA0174501827
B2255074740491N12002956WA0174701829
B2255084740489N12002952WA0174901831
B2255094740489N12002947WA0175101834
B2255104740489N12002942WA0175301836
B2255114740491N12002937WA0175501838
B2255124740494N12002932WA0175701839
B2255134740498N12002927WA0175901841
B2255144740502N12002924WA0176101842
B2255154740506N12002921WA0176301844
B2255164740511N12002919WA0176501846
B2255174740516N12002918WA0176701847
B2255184740522N12002918WA0176801848
B2255194740528N12002919WA0177001850
B2255204740534N12002922WA0177101852
B2255214740540N12002926WA0177301854
B2255224740545N12002933WA0177501856
B2255234740548N12002942WA0177701858
B2255244740550N12002953WA0177801860
B2255254740549N12002963WA0178001861
B2255264740547N12002974WA0178201862
B2255274740543N12002982WA0178401864
B2255284740538N12002988WA0178501865
B2255294740533N12002992WA0178701866
B2255304740527N12002993WA0178801867
B2255314740523N12002991WA0179001869
B2255324740520N12002987WA0179101870
B2255334740518N12002980WA0179301871
B2255344740519N12002974WA0179401873
B2255354740522N12002968WA0179601875
B2255364740525N12002963WA0179701877
B2255374740529N12002959WA0179901880
B2255384740533N12002956WA0180001883
B2255394740537N12002954WA0180201885
B2255404740542N12002955WA0180401887
B2255414740548N12002957WA0180601888
B2255424740555N12002961WA0180701888
B2255434740560N12002968WA0180901890
B2255444740564N12002977WA0181101892
B2255454740566N12002987WA0181201895
B2255464740566N12002998WA0181401896
B2255474740564N12003010WA0181601896
B2255484740560N12003019WA0181701898
B2255494740556N12003027WA0181901901
B2255504740550N12003031WA0182001903
B2255514740545N12003033WA0182201905
B2255524740540N12003033WA0182401906
B2255534740536N12003030WA0182601908
B2255544740534N12003025WA0182701909
B2255554740533N12003018WA0182901910
B2255564740533N12003011WA0183001911
B2255574740535N12003004WA0183201913
B2255584740539N12002999WA0183301916
B2255594740544N12002996WA0183501919
B2256004740549N12002995WA0183701922
B2256014740553N12002996WA0183901925
B2256024740558N12002999WA0184101928
B2256034740564N12003005WA0184301929
B2256044740569N12003014WA0184501930
B2256054740572N12003024WA0184701931
B2256064740573N12003035WA0184801933
B2256074740573N12003045WA0185101936
B2256084740571N12003055WA0185201938
B2256094740567N12003063WA0185401939
B2256104740562N12003070WA0185601940
B2256114740557N12003073WA0185801940
B2256124740551N12003074WA0185901942
B2256134740546N12003072WA0186101942
B2256144740542N12003067WA0186201943
B2256154740539N12003062WA0186401945
B2256164740538N12003055WA0186501946
B2256174740539N12003048WA0186701948
B2256184740542N12003043WA0186801950
B2256194740547N12003039WA0187001952
B2256204740552N12003036WA0187101954
B2256214740557N12003035WA0187301956
B2256224740562N12003034WA0187401959
B2256234740566N12003034WA0187601962
B2256244740571N12003035WA0187801965
B2256254740577N12003038WA0188001967
B2256264740583N12003043WA0188201968
B2256274740588N12003051WA0188401969
B2256284740590N12003061WA0188501970
B2256294740590N12003072WA0188701971
B2256304740586N12003082WA0188901972
B2256314740582N12003089WA0189001973
B2256324740576N12003094WA0189201975
B2256334740571N12003097WA0189301977
B2256344740566N12003098WA0189501979
B2256354740561N12003097WA0189701980
B2256364740557N12003093WA0189801982
B2256374740555N12003087WA0190001983
B2256384740555N12003080WA0190101983
B2256394740557N12003072WA0190201984
B2256404740561N12003067WA0190401985
B2256414740566N12003064WA0190501988
B2256424740572N12003065WA0190601990
B2256434740578N12003068WA0190801993
B2256444740584N12003072WA0191001995
B2256454740590N12003077WA0191201997
B2256464740595N12003081WA0191301998
B2256474740601N12003085WA0191501998
B2256484740606N12003089WA0191601999
B2256494740611N12003094WA0191802001
B2256504740616N12003098WA0191902002
B2256514740621N12003101WA0192102004
B2256524740626N12003104WA0192202005
B2256534740631N12003108WA0192402006
B2256544740636N12003113WA0192502006
B2256554740641N12003120WA0192602007
B2256564740645N12003128WA0192702006
B2256574740650N12003137WA0192902007
B2256584740654N12003146WA0193002008
B2256594740656N12003156WA0193102010
B2257004740658N12003165WA0193202013
B2257014740659N12003175WA0193302015
B2257024740661N12003185WA0193402016
B2257034740662N12003195WA0193602017
B2257044740664N12003204WA0193702019
B2257054740666N12003213WA0193802020
B2257064740668N12003222WA0193902022
B2257074740670N12003230WA0194102023
B2257084740671N12003239WA0194202024
B2257094740674N12003248WA0194302024
B2257104740676N12003257WA0194402025
B2257114740678N12003266WA0194502026
B2257124740681N12003275WA0194602027
B2257134740683N12003284WA0194702027
B2257144740685N12003292WA0194802028
B2257154740688N12003301WA0194902028
B2257164740690N12003310WA0195002027
B2257174740692N12003321WA0195002026
B2257184740695N12003332WA0195102025
B2257194740697N12003343WA0195102026
B2257204740699N12003354WA0195202028
B2257214740701N12003365WA0195302030
B2257224740702N12003375WA0195302032
B2257234740704N12003386WA0195402032
B2257244740706N12003396WA0195502033
B2257254740708N12003406WA0195502033
B2257264740711N12003416WA0195602033
B2257274740713N12003425WA0195702033
B2257284740714N12003435WA0195702031
B2257294740716N12003445WA0195702028
B2257304740717N12003456WA0195702024
B2257314740719N12003468WA0195702020
B2257324740721N12003481WA0195602017
B2257334740723N12003494WA0195502016
B2257344740726N12003506WA0195502015
B2257354740729N12003518WA0195402016
B2257364740733N12003529WA0195302017
B2257374740736N12003540WA0195202019
B2257384740738N12003551WA0195202021
B2257394740741N12003562WA0195202022
B2257404740743N12003573WA0195202024
B2257414740745N12003584WA0195202025
B2257424740746N12003595WA0195202026
B2257434740746N12003607WA0195202025
B2257444740745N12003620WA0195202025
B2257454740745N12003633WA0195302026
B2257464740745N12003646WA0195302028
B2257474740746N12003657WA0195402030
B2257484740749N12003667WA0195402033
B2257494740751N12003677WA0195502034
B2257504740753N12003687WA0195602035
B2257514740757N12003697WA0195702034
B2257524740760N12003709WA0195802033
B2257534740763N12003720WA0195802033
B2257544740766N12003731WA0195902034
B2257554740769N12003742WA0196002036
B2257564740771N12003752WA0196002038
B2257574740772N12003763WA0196102039
B2257584740773N12003773WA0196202039
B2257594740774N12003783WA0196202038
B2258004740775N12003794WA0196302037
B2258014740776N12003805WA0196302036
B2258024740778N12003817WA0196402034
B2258034740781N12003828WA0196402032
B2258044740785N12003839WA0196402032
B2258054740790N12003849WA0196402034
B2258064740792N12003858WA0196402037
B2258074740794N12003867WA0196402039
B2258084740795N12003877WA0196502039
B2258094740795N12003888WA0196502038
B2258104740796N12003900WA0196502037
B2258114740798N12003912WA0196602036
B2258124740799N12003924WA0196602035
B2258134740802N12003936WA0196602035
B2258144740804N12003948WA0196602034
B2258154740806N12003959WA0196602035
B2258164740807N12003971WA0196502034
B2258174740808N12003982WA0196502034
B2258184740809N12003993WA0196502033
B2258194740810N12004004WA0196502033
B2258204740811N12004015WA0196502033
B2258214740812N12004025WA0196502033
B2258224740814N12004033WA0196502032
B2258234740816N12004041WA0196502032
B2258244740819N12004047WA0196402032
B2258254740824N12004052WA0196402030
B2258264740831N12004054WA0196402026
B2258274740839N12004053WA0196302021
B2258284740847N12004051WA0196202018
B2258294740855N12004049WA0196002018
B2258304740863N12004046WA0195902017
B2258314740872N12004043WA0195902016
B2258324740880N12004039WA0195702016
B2258334740888N12004035WA0195602015
B2258344740897N12004031WA0195502015
B2258354740905N12004028WA0195402014
B2258364740914N12004024WA0195302014
B2258374740922N12004020WA0195202013
B2258384740931N12004016WA0195102012
B2258394740939N12004012WA0195002012
B2258404740947N12004008WA0194902012
B2258414740956N12004003WA0194802012
B2258424740964N12003998WA0194802013
B2258434740973N12003993WA0194802014
B2258444740981N12003988WA0194702016
B2258454740989N12003984WA0194702016
B2258464740997N12003979WA0194702017
B2258474741005N12003974WA0194702020
B2258484741011N12003969WA0194802023
B2258494741018N12003963WA0194802025
B2258504741025N12003958WA0194902026
B2258514741033N12003953WA0194902027
B2258524741042N12003949WA0195002028
B2258534741052N12003944WA0195102028
B2258544741060N12003940WA0195202029
B2258554741069N12003935WA0195202030
B2258564741078N12003930WA0195302030
B2258574741087N12003925WA0195402030
B2258584741096N12003920WA0195502029
B2258594741105N12003915WA0195502028
B2259004741114N12003911WA0195502030
B2259014741121N12003906WA0195602031
B2259024741128N12003902WA0195602033
B2259034741136N12003898WA0195702032
B2259044741144N12003893WA0195802032
B2259054741152N12003888WA0195802030
B2259064741161N12003883WA0195802029
B2259074741169N12003878WA0195802029
B2259084741177N12003874WA0195802029
B2259094741186N12003870WA0195902029
B2259104741194N12003866WA0195902028
B2259114741203N12003863WA0195902027
B2259124741213N12003859WA0195902027
B2259134741222N12003855WA0195802028
B2259144741231N12003852WA0195902030
B2259154741239N12003849WA0195902033
B2259164741247N12003846WA0195902036
B2259174741255N12003843WA0196002038
B2259184741263N12003840WA0196102039
B2259194741272N12003837WA0196202040
B2259204741281N12003833WA0196302040
B2259214741290N12003828WA0196302040
B2259224741299N12003823WA0196402040
B2259234741308N12003818WA0196502041
B2259244741317N12003813WA0196602041
B2259254741326N12003810WA0196602043
B2259264741335N12003806WA0196702045
B2259274741343N12003802WA0196802048
B2259284741351N12003797WA0196902049
B2259294741360N12003793WA0197002049
B2259304741369N12003789WA0197102048
B2259314741378N12003785WA0197102047
B2259324741387N12003781WA0197202046
B2259334741397N12003777WA0197202045
B2259344741405N12003772WA0197302044
B2259354741413N12003767WA0197302045
B2259364741420N12003761WA0197402045
B2259374741426N12003755WA0197402044
B2259384741433N12003749WA0197402042
B2259394741440N12003744WA0197402039
B2259404741448N12003740WA0197302035
B2259414741457N12003736WA0197302031
B2259424741466N12003731WA0197102026
B2259434741476N12003726WA0197002022
B2259444741486N12003721WA0196802018
B2259454741495N12003716WA0196702016
B2259464741505N12003712WA0196402014
B2259474741514N12003708WA0196302014
B2259484741523N12003704WA0196002014
B2259494741532N12003699WA0195902014
B2259504741540N12003694WA0195702013
B2259514741549N12003689WA0195602012
B2259524741558N12003684WA0195402010
B2259534741567N12003678WA0195302007
B2259544741577N12003672WA0195102005
B2259554741587N12003666WA0194902003
B2259564741596N12003661WA0194702003
B2259574741604N12003656WA0194602002
B2259584741613N12003651WA0194402002
B2259594741621N12003647WA0194302000
B2300004741629N12003643WA0194201997
B2300014741638N12003639WA0194001993
B2300024741647N12003635WA0193801989
B2300034741657N12003630WA0193701985
B2300044741667N12003625WA0193401981
B2300054741677N12003619WA0193201978
B2300064741686N12003614WA0192901976
B2300074741695N12003609WA0192801976
B2300084741704N12003605WA0192501975
B2300094741713N12003600WA0192301973
B2300104741721N12003595WA0192101969
B2300114741731N12003590WA0191901965
B2300124741740N12003585WA0191601961
B2300134741750N12003580WA0191301957
B2300144741759N12003575WA0191101954
B2300154741769N12003571WA0190801951
B2300164741779N12003566WA0190501947
B2300174741788N12003560WA0190301944
B2300184741798N12003554WA0189901940
B2300194741809N12003548WA0189701936
B2300204741819N12003542WA0189301933
B2300214741829N12003536WA0189001930
B2300224741838N12003530WA0188701927
B2300234741847N12003524WA0188401925
B2300244741856N12003519WA0188101922
B2300254741865N12003514WA0187801917
B2300264741875N12003508WA0187401912
B2300274741885N12003503WA0187101907
B2300284741894N12003497WA0186701901
B2300294741905N12003491WA0186401896
B2300304741915N12003485WA0185901890
B2300314741925N12003479WA0185601885
B2300324741934N12003472WA0185101880
B2300334741944N12003466WA0184801876
B2300344741954N12003461WA0184301871
B2300354741964N12003456WA0183901865
B2300364741974N12003450WA0183401860
B2300374741983N12003445WA0183001855
B2300384741993N12003439WA0182501850
B2300394742002N12003432WA0182101845
B2300404742011N12003426WA0181601839
B2300414742020N12003420WA0181201834
B2300424742030N12003414WA0180601828
B2300434742039N12003407WA0180201821
B2300444742049N12003400WA0179601815
B2300454742059N12003393WA0179201808
B2300464742069N12003387WA0178601802
B2300474742079N12003381WA0178101796
B2300484742089N12003376WA0177501790
B2300494742099N12003371WA0177101785
B2300504742109N12003367WA0176401781
B2300514742117N12003363WA0176001778
B2300524742125N12003359WA0175401776
B2300534742132N12003355WA0175001773
B2300544742139N12003352WA0174501768
B2300554742147N12003348WA0174101763
B2300564742156N12003345WA0173601756
B2300574742166N12003343WA0173201749
B2300584742175N12003340WA0172601743
B2300594742185N12003337WA0172201738
B2301004742195N12003334WA0171601734
B2301014742204N12003330WA0171201730
B2301024742213N12003327WA0170601728
B2301034742221N12003324WA0170101725
B2301044742230N12003321WA0169701722
B2301054742239N12003319WA0169401718
B2301064742248N12003317WA0168901712
B2301074742258N12003315WA0168501707
B2301084742267N12003313WA0168001702
B2301094742277N12003312WA0167601697
B2301104742287N12003310WA0167101693
B2301114742296N12003308WA0166701688
B2301124742306N12003306WA0166201684
B2301134742316N12003303WA0165801679
B2301144742326N12003299WA0165301674
B2301154742336N12003295WA0165001669
B2301164742347N12003292WA0164401664
B2301174742357N12003289WA0164101660
B2301184742368N12003287WA0163501656
B2301194742378N12003285WA0163201653
B2301204742388N12003283WA0162701649
B2301214742397N12003281WA0162301646
B2301224742408N12003280WA0161801641
B2301234742418N12003278WA0161501636
B2301244742429N12003277WA0161001632
B2301254742439N12003275WA0160701628
B2301264742450N12003274WA0160201625
B2301274742461N12003272WA0159901624
B2301284742471N12003273WA0159501623
B2301294742480N12003274WA0159201623
B2301304742487N12003274WA0158801622
B2301314742495N12003274WA0158601621
B2301324742502N12003273WA0158301619
B2301334742511N12003272WA0158001615
B2301344742520N12003271WA0157701613
B2301354742529N12003268WA0157501612
B2301364742537N12003266WA0157201612
B2301374742545N12003264WA0157101611
B2301384742554N12003262WA0156801612
B2301394742562N12003260WA0156701612
B2301404742570N12003257WA0156501613
B2301414742578N12003255WA0156401614
B2301424742587N12003254WA0156301615
B2301434742595N12003253WA0156201616
B2301444742604N12003252WA0156101617
B2301454742613N12003250WA0156101616
B2301464742622N12003247WA0156101616
B2301474742630N12003243WA0156001615
B2301484742638N12003239WA0156001615
B2301494742646N12003235WA0156001615
B2301504742653N12003231WA0155901613
B2301514742662N12003227WA0155901613
B2301524742670N12003222WA0155901614
B2301534742678N12003218WA0155801614
B2301544742687N12003213WA0155801614
B2301554742695N12003210WA0155801615
B2301564742703N12003208WA0155801616
B2301574742710N12003207WA0155801616
B2301584742718N12003205WA0155701616
B2301594742726N12003202WA0155701614
B2302004742735N12003199WA0155701613
B2302014742744N12003197WA0155701612
B2302024742754N12003195WA0155601612
B2302034742763N12003194WA0155601612
B2302044742772N12003192WA0155501611
B2302054742781N12003190WA0155501610
B2302064742790N12003187WA0155401609
B2302074742799N12003183WA0155401607
B2302084742808N12003180WA0155301606
B2302094742817N12003177WA0155301606
B2302104742826N12003174WA0155201606
B2302114742836N12003172WA0155201606
B2302124742845N12003170WA0155101607
B2302134742853N12003167WA0155101607
B2302144742862N12003163WA0155101607
B2302154742870N12003159WA0155001606
B2302164742879N12003155WA0155001605
B2302174742888N12003151WA0155001605
B2302184742897N12003148WA0154901604
B2302194742906N12003145WA0154901604
B2302204742914N12003141WA0154801605
B2302214742922N12003137WA0154801607
B2302224742930N12003133WA0154801608
B2302234742937N12003129WA0154801610
B2302244742944N12003126WA0154901611
B2302254742952N12003121WA0154901611
B2302264742960N12003115WA0154901611
B2302274742967N12003108WA0154901610
B2302284742975N12003101WA0155001611
B2302294742982N12003093WA0155001612
B2302304742988N12003088WA0155001614
B2302314742995N12003083WA0155101616
B2302324743002N12003078WA0155101619
B2302334743009N12003073WA0155201620
B2302344743017N12003067WA0155301621
B2302354743024N12003060WA0155301621
B2302364743032N12003054WA0155401622
B2302374743041N12003048WA0155501623
B2302384743050N12003042WA0155601624
B2302394743059N12003035WA0155601625
B2302404743067N12003028WA0155701627
B2302414743075N12003021WA0155801630
B2302424743082N12003014WA0156001634
B2302434743089N12003008WA0156101638
B2302444743096N12003003WA0156201640
B2302454743103N12002998WA0156401643
B2302464743112N12002992WA0156601644
B2302474743120N12002985WA0156701645
B2302484743128N12002978WA0156901647
B2302494743137N12002971WA0157101649
B2302504743145N12002965WA0157301652
B2302514743154N12002958WA0157401654
B2302524743162N12002952WA0157701657
B2302534743169N12002946WA0157801661
B2302544743176N12002939WA0158101663
B2302554743184N12002932WA0158201664
B2302564743192N12002925WA0158501664
B2302574743200N12002917WA0158601665
B2302584743209N12002910WA0158801665
B2302594743217N12002903WA0159001666
B2303004743226N12002897WA0159101667
B2303014743235N12002890WA0159301669
B2303024743243N12002882WA0159501672
B2303034743251N12002875WA0159601675
B2303044743259N12002867WA0159801676
B2303054743268N12002860WA0159901678
B2303064743277N12002853WA0160101679
B2303074743287N12002846WA0160201680
B2303084743296N12002838WA0160401681
B2303094743305N12002830WA0160601683
B2303104743313N12002822WA0160801686
B2303114743321N12002815WA0160901689
B2303124743329N12002808WA0161101690
B2303134743338N12002801WA0161301690
B2303144743347N12002793WA0161401689
B2303154743357N12002785WA0161501689
B2303164743367N12002777WA0161701688
B2303174743377N12002770WA0161701689
B2303184743387N12002762WA0161801691
B2303194743395N12002755WA0161901695
B2303204743403N12002748WA0162101699
B2303214743411N12002742WA0162201702
B2303224743418N12002737WA0162401706
B2303234743424N12002732WA0162501707
B2303244743431N12002727WA0162701708
B2303254743437N12002722WA0162901707
B2303264743444N12002716WA0163101706
B2303274743452N12002710WA0163101705
B2303284743459N12002704WA0163301704
B2303294743466N12002697WA0163301702
B2303304743474N12002691WA0163401700
B2303314743482N12002683WA0163401698
B2303324743490N12002676WA0163401696
B2303334743498N12002669WA0163401693
B2303344743507N12002662WA0163301691
B2303354743516N12002655WA0163301689
B2303364743526N12002649WA0163201688
B2303374743535N12002642WA0163101687
B2303384743543N12002636WA0163001687
B2303394743552N12002629WA0163001687
B2303404743561N12002624WA0162901687
B2303414743569N12002618WA0162801687
B2303424743578N12002613WA0162701687
B2303434743586N12002608WA0162701687
B2303444743595N12002603WA0162601685
B2303454743605N12002597WA0162501683
B2303464743614N12002591WA0162501680
B2303474743624N12002584WA0162401678
B2303484743633N12002576WA0162301676
B2303494743640N12002569WA0162201676
B2303504743648N12002563WA0162101674
B2303514743655N12002558WA0162001671
B2303524743663N12002553WA0161801667
B2303534743671N12002548WA0161701662
B2303544743680N12002543WA0161501656
B2303554743689N12002537WA0161301651
B2303564743698N12002533WA0161001646
B2303574743707N12002529WA0160701641
B2303584743716N12002525WA0160401637
B2303594743725N12002521WA0160101633
B2304004743733N12002517WA0159701628
B2304014743742N12002513WA0159401623
B2304024743751N12002508WA0159001617
B2304034743760N12002503WA0158701612
B2304044743769N12002498WA0158201607
B2304054743779N12002493WA0157901602
B2304064743788N12002488WA0157401597
B2304074743797N12002483WA0157001591
B2304084743806N12002478WA0156501586
B2304094743816N12002473WA0156201581
B2304104743825N12002468WA0155601575
B2304114743835N12002463WA0155201569
B2304124743845N12002458WA0154701564
B2304134743855N12002454WA0154301559
B2304144743864N12002449WA0153701554
B2304154743874N12002444WA0153401549
B2304164743883N12002439WA0152801545
B2304174743893N12002433WA0152401539
B2304184743902N12002428WA0151801534
B2304194743912N12002422WA0151401529
B2304204743922N12002417WA0150901524
B2304214743931N12002411WA0150501519
B2304224743941N12002405WA0149901516
B2304234743950N12002400WA0149501511
B2304244743959N12002397WA0149001508
B2304254743968N12002393WA0148601506
B2304264743976N12002389WA0148201504
B2304274743983N12002384WA0147801502
B2304284743990N12002378WA0147401499
B2304294743998N12002372WA0147101495
B2304304744006N12002366WA0146701491
B2304314744016N12002360WA0146401486
B2304324744026N12002354WA0145901480
B2304334744036N12002349WA0145601475
B2304344744046N12002343WA0145101471
B2304354744056N12002337WA0144801467
B2304364744066N12002331WA0144301463
B2304374744075N12002326WA0144001460
B2304384744084N12002320WA0143501456
B2304394744093N12002315WA0143101453
B2304404744102N12002309WA0142701449
B2304414744111N12002303WA0142301445
B2304424744119N12002296WA0141901440
B2304434744127N12002290WA0141601436
B2304444744135N12002283WA0141101432
B2304454744143N12002276WA0140801428
B2304464744151N12002269WA0140301424
B2304474744159N12002263WA0140001421
B2304484744166N12002256WA0139601418
B2304494744173N12002250WA0139301416
B2304504744180N12002242WA0138901414
B2304514744187N12002235WA0138601411
B2304524744194N12002227WA0138201409
B2304534744201N12002220WA0138001408
B2304544744207N12002213WA0137601406
B2304554744214N12002205WA0137401404
B2304564744220N12002199WA0137001403
B2304574744228N12002192WA0136801400
B2304584744235N12002185WA0136501398
B2304594744242N12002178WA0136301396
B2305004744249N12002172WA0136001395
B2305014744255N12002165WA0135901394
B2305024744262N12002158WA0135601392
B2305034744270N12002152WA0135401390
B2305044744277N12002145WA0135201388
B2305054744285N12002138WA0135001386
B2305064744292N12002130WA0134701383
B2305074744300N12002122WA0134601380
B2305084744308N12002113WA0134301378
B2305094744315N12002105WA0134101377
B2305104744323N12002097WA0133901375
B2305114744331N12002090WA0133701374
B2305124744339N12002083WA0133501372
B2305134744347N12002076WA0133301371
B2305144744354N12002069WA0133101371
B2305154744361N12002062WA0133001370
B2305164744368N12002055WA0132801368
B2305174744375N12002047WA0132601367
B2305184744382N12002040WA0132501367
B2305194744388N12002033WA0132401369
B2305204744395N12002027WA0132201372
B2305214744402N12002021WA0132201374
B2305224744408N12002015WA0132101377
B2305234744415N12002010WA0132101380
B2305244744422N12002005WA0132201383
B2305254744428N12001999WA0132201385
B2305264744435N12001992WA0132301386
B2305274744442N12001985WA0132301388
B2305284744449N12001977WA0132401389
B2305294744456N12001970WA0132501391
B2305304744462N12001964WA0132601394
B2305314744468N12001958WA0132701396
B2305324744474N12001952WA0132901398
B2305334744480N12001945WA0133001399
B2305344744487N12001938WA0133101399
B2305354744494N12001930WA0133201399
B2305364744501N12001923WA0133401401
B2305374744508N12001915WA0133501404
B2305384744514N12001909WA0133701409
B2305394744519N12001903WA0133801413
B2305404744525N12001897WA0134001416
B2305414744530N12001891WA0134201417
B2305424744536N12001884WA0134401418
B2305434744543N12001877WA0134601419
B2305444744550N12001870WA0134801420
B2305454744556N12001863WA0134901422
B2305464744562N12001856WA0135101425
B2305474744568N12001849WA0135301427
B2305484744573N12001841WA0135501428
B2305494744579N12001834WA0135701429
B2305504744584N12001827WA0135901429
B2305514744591N12001819WA0136001429
B2305524744598N12001811WA0136101428
B2305534744605N12001804WA0136201429
B2305544744613N12001798WA0136401430
B2305554744620N12001793WA0136501433
B2305564744628N12001789WA0136601437
B2305574744635N12001785WA0136701440
B2305584744642N12001782WA0136901443
B2305594744649N12001779WA0137101446
B2306004744656N12001776WA0137301447
B2306014744664N12001771WA0137401447
B2306024744672N12001767WA0137601448
B2306034744680N12001761WA0137801448
B2306044744688N12001756WA0137901450
B2306054744695N12001750WA0138101452
B2306064744702N12001744WA0138301455
B2306074744708N12001738WA0138401459
B2306084744715N12001733WA0138601463
B2306094744721N12001729WA0138801468
B2306104744728N12001726WA0139101473
B2306114744734N12001724WA0139301478
B2306124744740N12001722WA0139701482
B2306134744747N12001721WA0139901487
B2306144744754N12001720WA0140301491
B2306154744761N12001718WA0140501496
B2306164744767N12001716WA0141001501
B2306174744774N12001715WA0141301507
B2306184744780N12001712WA0141701513
B2306194744787N12001709WA0142001517
B2306204744794N12001706WA0142501521
B2306214744802N12001702WA0142801525
B2306224744809N12001698WA0143301529
B2306234744817N12001693WA0143701535
B2306244744823N12001688WA0144201540
B2306254744830N12001684WA0144501547
B2306264744836N12001680WA0145001552
B2306274744843N12001676WA0145401556
B2306284744850N12001672WA0146001561
B2306294744857N12001667WA0146301565
B2306304744865N12001663WA0146901568
B2306314744873N12001658WA0147201572
B2306324744881N12001653WA0147701577
B2306334744889N12001650WA0148101583
B2306344744896N12001648WA0148601590
B2306354744903N12001647WA0149001598
B2306364744910N12001645WA0149601604
B2306374744917N12001643WA0150001609
B2306384744924N12001640WA0150601613
B2306394744932N12001636WA0151001616
B2306404744939N12001633WA0151601619
B2306414744946N12001630WA0152001621
B2306424744953N12001628WA0152501625
B2306434744959N12001627WA0152801627
B2306444744966N12001625WA0153301629
B2306454744973N12001623WA0153601630
B2306464744980N12001619WA0154001631
B2306474744987N12001615WA0154301633
B2306484744995N12001611WA0154701635
B2306494745002N12001607WA0154901638
B2306504745009N12001604WA0155301641
B2306514745016N12001602WA0155501644
B2306524745023N12001600WA0155901647
B2306534745030N12001598WA0156101648
B2306544745037N12001595WA0156401650
B2306554745044N12001591WA0156601651
B2306564745051N12001588WA0156901652
B2306574745058N12001585WA0157101653
B2306584745065N12001581WA0157401654
B2306594745073N12001577WA0157601654
B2307004745080N12001573WA0157801654
B2307014745088N12001568WA0157901654
B2307024745096N12001564WA0158101655
B2307034745103N12001561WA0158201657
B2307044745110N12001558WA0158401659
B2307054745117N12001555WA0158501661
B2307064745124N12001552WA0158701663
B2307074745131N12001548WA0158801663
B2307084745138N12001545WA0158901663
B2307094745146N12001541WA0159001663
B2307104745154N12001536WA0159201662
B2307114745161N12001532WA0159201661
B2307124745169N12001526WA0159301662
B2307134745176N12001521WA0159401662
B2307144745182N12001516WA0159401662
B2307154745189N12001510WA0159501661
B2307164745197N12001504WA0159501661
B2307174745205N12001499WA0159501660
B2307184745212N12001494WA0159601659
B2307194745220N12001489WA0159601658
B2307204745228N12001484WA0159601657
B2307214745235N12001478WA0159601655
B2307224745242N12001472WA0159501653
B2307234745249N12001466WA0159501651
B2307244745256N12001459WA0159401650
B2307254745263N12001453WA0159401648
B2307264745269N12001447WA0159301647
B2307274745275N12001442WA0159201646
B2307284745281N12001438WA0159101645
B2307294745286N12001434WA0159001643
B2307304745292N12001430WA0158901640
B2307314745298N12001425WA0158801637
B2307324745304N12001418WA0158701634
B2307334745311N12001412WA0158501631
B2307344745318N12001406WA0158301629
B2307354745324N12001400WA0158201628
B2307364745331N12001396WA0158001627
B2307374745337N12001391WA0157901625
B2307384745344N12001387WA0157701623
B2307394745350N12001382WA0157501621
B2307404745356N12001378WA0157301617
B2307414745363N12001373WA0157201613
B2307424745370N12001368WA0156901611
B2307434745377N12001364WA0156801610
B2307444745383N12001361WA0156501610
B2307454745389N12001357WA0156401610
B2307464745395N12001353WA0156201609
B2307474745401N12001349WA0156101608
B2307484745407N12001345WA0155901606
B2307494745413N12001342WA0155801605
B2307504745420N12001339WA0155601604
B2307514745428N12001337WA0155501602
B2307524745436N12001334WA0155301600
B2307534745443N12001331WA0155201597
B2307544745451N12001327WA0155001595
B2307554745457N12001321WA0154901593
B2307564745463N12001316WA0154601591
B2307574745469N12001312WA0154501589
B2307584745476N12001307WA0154301587
B2307594745483N12001303WA0154101585
B2308004745490N12001298WA0153901582
B2308014745497N12001293WA0153801579
B2308024745504N12001287WA0153501578
B2308034745510N12001282WA0153401576
B2308044745517N12001277WA0153101574
B2308054745524N12001272WA0153001572
B2308064745530N12001268WA0152701570
B2308074745536N12001265WA0152601569
B2308084745541N12001262WA0152301568
B2308094745546N12001258WA0152201567
B2308104745551N12001254WA0152001564
B2308114745557N12001250WA0151901561
B2308124745563N12001245WA0151601558
B2308134745569N12001241WA0151501556
B2308144745576N12001239WA0151201554
B2308154745582N12001238WA0151101553
B2308164745588N12001236WA0150801550
B2308174745594N12001234WA0150701548
B2308184745601N12001232WA0150401545
B2308194745608N12001230WA0150301542
B2308204745615N12001229WA0150001540
B2308214745622N12001229WA0149801539
B2308224745628N12001228WA0149601537
B2308234745634N12001225WA0149401534
B2308244745639N12001220WA0149201530
B2308254745644N12001213WA0149001527
B2308264745649N12001207WA0148701524
B2308274745655N12001202WA0148601521
B2308284745661N12001197WA0148301519
B2308294745668N12001194WA0148101517
B2308304745674N12001190WA0147801516
B2308314745679N12001185WA0147701514
B2308324745685N12001181WA0147401512
B2308334745690N12001176WA0147201510
B2308344745695N12001171WA0147001508
B2308354745700N12001166WA0146801506
B2308364745705N12001161WA0146601504
B2308374745711N12001156WA0146401501
B2308384745716N12001149WA0146201498
B2308394745721N12001143WA0146001495
B2308404745727N12001138WA0145701493
B2308414745733N12001133WA0145601490
B2308424745739N12001128WA0145301488
B2308434745744N12001122WA0145101486
B2308444745749N12001117WA0144801485
B2308454745751N12001114WA0144701484
B2308464745754N12001111WA0144401483
B2308474745757N12001109WA0144301481
B2308484745761N12001107WA0144001477
B2308494745766N12001104WA0143901473
B2308504745770N12001100WA0143601468
B2308514745774N12001094WA0143401463
B2308524745778N12001087WA0143001459
B2308534745782N12001080WA0142801456
B2308544745787N12001073WA0142401454
B2308554745791N12001067WA0142201452
B2308564745796N12001061WA0141901451
B2308574745800N12001055WA0141701450
B2308584745805N12001049WA0141401449
B2308594745809N12001042WA0141201447
B2309004745814N12001036WA0140901445
B2309014745820N12001030WA0140701444
B2309024745826N12001024WA0140501442
B2309034745832N12001017WA0140301442
B2309044745838N12001012WA0140101443
B2309054745843N12001006WA0140001445
B2309064745847N12001001WA0139801447
B2309074745851N12000996WA0139801451
B2309084745854N12000992WA0139701453
B2309094745856N12000986WA0139701453
B2309104745860N12000979WA0139701452
B2309114745864N12000972WA0139701451
B2309124745868N12000964WA0139701450
B2309134745873N12000958WA0139701452
B2309144745876N12000952WA0139701454
B2309154745879N12000946WA0139701457
B2309164745882N12000940WA0139801458
B2309174745884N12000934WA0139801459
B2309184745887N12000928WA0139901460
B2309194745891N12000922WA0139901461
B2309204745894N12000916WA0140001463
B2309214745899N12000911WA0140101465
B2309224745903N12000906WA0140201466
B2309234745909N12000901WA0140301467
B2309244745914N12000896WA0140401467
B2309254745920N12000892WA0140501467
B2309264745925N12000888WA0140601467
B2309274745930N12000884WA0140601466
B2309284745934N12000879WA0140701465
B2309294745938N12000874WA0140701463
B2309304745943N12000869WA0140701459
B2309314745947N12000864WA0140701455
B2309324745952N12000859WA0140601452
B2309334745957N12000855WA0140601448
B2309344745962N12000851WA0140401444
B2309354745967N12000847WA0140301440
B2309364745972N12000842WA0140101436
B2309374745977N12000838WA0139901431
B2309384745982N12000834WA0139601428
B2309394745987N12000831WA0139401424
B2309404745992N12000827WA0139101421
B2309414745997N12000824WA0138901417
B2309424746002N12000819WA0138501413
B2309434746007N12000815WA0138301409
B2309444746011N12000810WA0137901405
B2309454746016N12000805WA0137701402
B2309464746020N12000801WA0137301399
B2309474746024N12000797WA0137001397
B2309484746029N12000794WA0136701394
B2309494746033N12000792WA0136401392
B2309504746038N12000789WA0136101388
B2309514746043N12000785WA0135901385
B2309524746048N12000781WA0135501381
B2309534746053N12000777WA0135201378
B2309544746058N12000773WA0134901374
B2309554746063N12000769WA0134601372
B2309564746067N12000766WA0134301369
B2309574746071N12000763WA0134001366
B2309584746075N12000759WA0133701363
B2309594746080N12000755WA0133401359
B2310004746085N12000750WA0133001355
B2310014746090N12000746WA0132801352
B2310024746095N12000743WA0132401349
B2310034746100N12000740WA0132201348
B2310044746104N12000738WA0131801346
B2310054746109N12000736WA0131601343
B2310064746114N12000733WA0131301340
B2310074746119N12000730WA0131001335
B2310084746125N12000727WA0130701331
B2310094746130N12000723WA0130401328
B2310104746135N12000719WA0130101326
B2310114746140N12000715WA0129801324
B2310124746145N12000711WA0129501320
B2310134746150N12000707WA0129301316
B2310144746157N12000702WA0128901310
B2310154746163N12000696WA0128601305
B2310164746170N12000691WA0128201301
B2310174746176N12000685WA0127901298
B2310184746182N12000680WA0127501296
B2310194746188N12000676WA0127301293
B2310204746194N12000672WA0126801290
B2310214746201N12000667WA0126601287
B2310224746208N12000663WA0126201283
B2310234746214N12000658WA0125901280
B2310244746220N12000652WA0125501278
B2310254746226N12000647WA0125301275
B2310264746233N12000642WA0124901271
B2310274746239N12000638WA0124601268
B2310284746246N12000633WA0124201265
B2310294746253N12000629WA0124001261
B2310304746259N12000625WA0123601257
B2310314746266N12000620WA0123301253
B2310324746272N12000614WA0122901249
B2310334746278N12000608WA0122701246
B2310344746284N12000602WA0122301242
B2310354746291N12000596WA0122001238
B2310364746297N12000591WA0121601235
B2310374746304N12000586WA0121301231
B2310384746311N12000581WA0120901227
B2310394746317N12000576WA0120601224
B2310404746323N12000571WA0120301222
B2310414746328N12000565WA0120001219
B2310424746334N12000559WA0119601215
B2310434746340N12000554WA0119301213
B2310444746346N12000549WA0119001210
B2310454746352N12000543WA0118701207
B2310464746358N12000538WA0118401205
B2310474746364N12000532WA0118101203
B2310484746370N12000526WA0117801201
B2310494746376N12000520WA0117501199
B2310504746382N12000514WA0117201196
B2310514746388N12000509WA0117001194
B2310524746395N12000504WA0116701192
B2310534746401N12000499WA0116501190
B2310544746407N12000493WA0116201189
B2310554746413N12000487WA0116001188
B2310564746418N12000481WA0115801186
B2310574746424N12000475WA0115601184
B2310584746430N12000469WA0115401182
B2310594746436N12000463WA0115201180
B2311004746443N12000457WA0115001178
B2311014746449N12000452WA0114801175
B2311024746455N12000447WA0114601173
B2311034746462N12000441WA0114401170
B2311044746468N12000434WA0114101166
B2311054746475N12000428WA0114001163
B2311064746482N12000421WA0113701159
B2311074746489N12000415WA0113501156
B2311084746496N12000409WA0113201154
B2311094746502N12000404WA0113001152
B2311104746509N12000399WA0112701150
B2311114746515N12000395WA0112501148
B2311124746521N12000390WA0112201146
B2311134746527N12000385WA0112001144
B2311144746533N12000380WA0111701142
B2311154746539N12000375WA0111501141
B2311164746545N12000370WA0111301139
B2311174746551N12000366WA0111101137
B2311184746558N12000361WA0110901133
B2311194746564N12000356WA0110701129
B2311204746571N12000350WA0110401126
B2311214746577N12000345WA0110201123
B2311224746584N12000341WA0109901120
B2311234746590N12000337WA0109701118
B2311244746596N12000332WA0109401116
B2311254746602N12000327WA0109201114
B2311264746608N12000321WA0108901111
B2311274746613N12000316WA0108701110
B2311284746619N12000312WA0108401109
B2311294746625N12000309WA0108201107
B2311304746631N12000305WA0108001106
B2311314746638N12000301WA0107801104
B2311324746645N12000297WA0107601102
B2311334746651N12000293WA0107401102
B2311344746658N12000290WA0107201101
B2311354746664N12000287WA0107101100
B2311364746671N12000283WA0106901099
B2311374746677N12000280WA0106701098
B2311384746684N12000277WA0106601098
B2311394746690N12000275WA0106501098
B2311404746695N12000272WA0106301097
B2311414746701N12000269WA0106201094
B2311424746708N12000265WA0106101091
B2311434746716N12000262WA0105901087
B2311444746723N12000259WA0105701083
B2311454746731N12000255WA0105501080
B2311464746738N12000252WA0105301077
B2311474746745N12000248WA0105101074
B2311484746752N12000244WA0104801072
B2311494746759N12000241WA0104701070
B2311504746766N12000238WA0104401069
B2311514746772N12000234WA0104201067
B2311524746779N12000231WA0104001065
B2311534746786N12000227WA0103801063
B2311544746792N12000223WA0103601061
B2311554746799N12000219WA0103401059
B2311564746805N12000214WA0103201058
B2311574746810N12000210WA0103001056
B2311584746816N12000205WA0102801054
B2311594746823N12000200WA0102601051
B2312004746829N12000196WA0102401048
B2312014746836N12000191WA0102201046
B2312024746842N12000186WA0102001043
B2312034746848N12000181WA0101801041
B2312044746854N12000177WA0101601039
B2312054746859N12000172WA0101401036
B2312064746865N12000166WA0101101033
B2312074746872N12000160WA0101001030
B2312084746878N12000154WA0100701027
B2312094746883N12000149WA0100501024
B2312104746889N12000144WA0100201022
B2312114746894N12000139WA0100001020
B2312124746899N12000134WA0099701017
B2312134746905N12000130WA0099601014
B2312144746911N12000125WA0099301010
B2312154746917N12000119WA0099001006
B2312164746923N12000114WA0098701003
B2312174746929N12000108WA0098500999
B2312184746935N12000102WA0098200996
B2312194746941N12000096WA0097900993
B2312204746946N12000090WA0097600991
B2312214746953N12000084WA0097400988
B2312224746959N12000078WA0097100985
B2312234746965N12000072WA0096800982
B2312244746972N12000067WA0096500979
B2312254746978N12000061WA0096300978
B2312264746985N12000056WA0096000976
B2312274746991N12000050WA0095800974
B2312284746997N12000044WA0095500973
B2312294747003N12000039WA0095300971
B2312304747009N12000034WA0095000969
B2312314747015N12000028WA0094800966
B2312324747021N12000023WA0094600964
B2312334747027N12000018WA0094400962
B2312344747033N12000012WA0094100958
B2312354747039N12000007WA0093900955
B2312364747045N12000001WA0093600951
B2312374747052N11959994WA0093400947
B2312384747059N11959988WA0093100944
B2312394747065N11959983WA0092900941
B2312404747072N11959977WA0092600939
B2312414747078N11959971WA0092400937
B2312424747084N11959965WA0092000934
B2312434747090N11959959WA0091800932
B2312444747097N11959953WA0091500929
B2312454747103N11959947WA0091300926
B2312464747110N11959941WA0091000924
B2312474747116N11959935WA0090800922
B2312484747122N11959929WA0090500920
B2312494747128N11959923WA0090300919
B2312504747134N11959918WA0090000917
B2312514747139N11959912WA0089800916
B2312524747145N11959905WA0089600915
B2312534747150N11959898WA0089400913
B2312544747156N11959891WA0089200911
B2312554747162N11959885WA0089100909
B2312564747168N11959879WA0088800908
B2312574747174N11959873WA0088700908
B2312584747179N11959868WA0088500906
B2312594747184N11959862WA0088300904
B2313004747190N11959855WA0088100901
B2313014747196N11959848WA0088000898
B2313024747203N11959841WA0087800896
B2313034747209N11959834WA0087700894
B2313044747215N11959827WA0087400893
B2313054747220N11959821WA0087300891
B2313064747226N11959815WA0087100890
B2313074747232N11959808WA0087000887
B2313084747238N11959802WA0086700885
B2313094747245N11959795WA0086600882
B2313104747251N11959789WA0086400880
B2313114747257N11959783WA0086200877
B2313124747264N11959779WA0086000875
B2313134747270N11959774WA0085800872
B2313144747276N11959769WA0085600869
B2313154747283N11959763WA0085400866
B2313164747289N11959757WA0085100862
B2313174747294N11959750WA0084900859
B2313184747301N11959744WA0084600856
B2313194747307N11959738WA0084400854
B2313204747313N11959732WA0084100852
B2313214747319N11959727WA0083900850
B2313224747324N11959721WA0083700848
B2313234747330N11959714WA0083500845
B2313244747335N11959708WA0083200843
B2313254747341N11959702WA0083000841
B2313264747346N11959695WA0082700839
B2313274747351N11959688WA0082500835
B2313284747356N11959681WA0082300832
B2313294747362N11959674WA0082100828
B2313304747368N11959667WA0081700825
B2313314747374N11959662WA0081500823
B2313324747380N11959657WA0081200821
B2313334747385N11959652WA0081000819
B2313344747390N11959646WA0080700816
B2313354747395N11959640WA0080500813
B2313364747400N11959634WA0080200810
B2313374747406N11959627WA0080000807
B2313384747412N11959621WA0079700804
B2313394747418N11959615WA0079500801
B2313404747424N11959610WA0079200799
B2313414747429N11959604WA0079000797
B2313424747434N11959599WA0078600794
B2313434747440N11959594WA0078400790
B2313444747445N11959588WA0078100786
B2313454747450N11959582WA0077900782
B2313464747456N11959576WA0077500778
B2313474747462N11959570WA0077300774
B2313484747468N11959565WA0076900770
B2313494747473N11959561WA0076700767
B2313504747479N11959556WA0076300763
B2313514747484N11959550WA0076000759
B2313524747490N11959544WA0075600756
B2313534747495N11959538WA0075400751
B2313544747500N11959532WA0074900747
B2313554747506N11959527WA0074700743
B2313564747512N11959521WA0074300739
B2313574747519N11959515WA0074000735
B2313584747525N11959509WA0073600732
B2313594747530N11959503WA0073300729
B2314004747536N11959497WA0072900725
B2314014747541N11959491WA0072600722
B2314024747547N11959485WA0072200719
B2314034747553N11959479WA0071900716
B2314044747559N11959473WA0071500714
B2314054747564N11959467WA0071200712
B2314064747570N11959461WA0070900710
B2314074747576N11959456WA0070600707
B2314084747582N11959451WA0070300705
B2314094747588N11959445WA0070100703
B2314104747593N11959439WA0069700702
B2314114747598N11959433WA0069500700
B2314124747603N11959427WA0069300699
B2314134747608N11959421WA0069100697
B2314144747613N11959415WA0068800695
B2314154747618N11959409WA0068600692
B2314164747624N11959403WA0068400690
B2314174747629N11959397WA0068200688
B2314184747634N11959391WA0067900687
B2314194747638N11959386WA0067800685
B2314204747643N11959381WA0067500681
B2314214747648N11959375WA0067300678
B2314224747653N11959368WA0067100674
B2314234747659N11959362WA0066900671
B2314244747664N11959355WA0066600669
B2314254747669N11959349WA0066400666
B2314264747673N11959343WA0066100663
B2314274747678N11959336WA0065900659
B2314284747683N11959329WA0065600656
B2314294747688N11959321WA0065400652
B2314304747694N11959314WA0065000650
B2314314747698N11959307WA0064800647
B2314324747702N11959300WA0064500646
B2314334747706N11959293WA0064300643
B2314344747710N11959287WA0064000641
B2314354747714N11959282WA0063800638
B2314364747719N11959276WA0063500633
B2314374747725N11959269WA0063300629
B2314384747730N11959261WA0063000626
B2314394747736N11959253WA0062700624
B2314404747741N11959247WA0062400623
B2314414747747N11959240WA0062200622
B2314424747752N11959234WA0061900621
B2314434747757N11959228WA0061700619
B2314444747763N11959222WA0061500617
B2314454747769N11959217WA0061300614
B2314464747775N11959212WA0061000612
B2314474747780N11959207WA0060800609
B2314484747786N11959202WA0060600606
B2314494747792N11959197WA0060400602
B2314504747798N11959190WA0060100599
B2314514747804N11959184WA0059900596
B2314524747809N11959178WA0059600595
B2314534747814N11959173WA0059400593
B2314544747818N11959167WA0059100591
B2314554747822N11959161WA0058900588
B2314564747828N11959154WA0058600584
B2314574747834N11959147WA0058400580
B2314584747841N11959140WA0058100576
B2314594747847N11959135WA0057900574
B2315004747852N11959131WA0057600573
B2315014747856N11959127WA0057400571
B2315024747862N11959123WA0057100567
B2315034747868N11959117WA0056900563
B2315044747875N11959111WA0056500558
B2315054747882N11959105WA0056300555
B2315064747889N11959099WA0055900553
B2315074747896N11959094WA0055700552
B2315084747902N11959090WA0055400552
B2315094747908N11959086WA0055200552
B2315104747914N11959082WA0054900550
B2315114747920N11959077WA0054800547
B2315124747927N11959071WA0054500544
B2315134747934N11959065WA0054300542
B2315144747941N11959058WA0054100539
B2315154747948N11959052WA0053900537
B2315164747954N11959047WA0053700535
B2315174747961N11959043WA0053500533
B2315184747967N11959040WA0053200532
B2315194747973N11959039WA0053100530
B2315204747979N11959040WA0052800528
B2315214747985N11959044WA0052700525
B2315224747988N11959049WA0052400522
B2315234747990N11959055WA0052300520
B2315244747989N11959060WA0052000518
B2315254747987N11959063WA0051800516
B2315264747984N11959065WA0051600514
B2315274747981N11959066WA0051400513
B2315284747978N11959067WA0051200510
B2315294747976N11959070WA0051000508
B2315304747974N11959074WA0050800504
B2315314747973N11959079WA0050600501
B2315324747973N11959084WA0050300498
B2315334747973N11959088WA0050100497
B2315344747972N11959092WA0049800494
B2315354747971N11959096WA0049600491
B2315364747969N11959100WA0049400488
B2315374747967N11959105WA0049200485
B2315384747965N11959110WA0048900483
B2315394747963N11959114WA0048700482
B2315404747961N11959117WA0048400482
B2315414747959N11959120WA0048300481
B2315424747957N11959122WA0048000480
B2315434747954N11959125WA0047900479
B2315444747951N11959127WA0047700478
B2315454747948N11959128WA0047600477
B2315464747945N11959129WA0047400476
B2315474747942N11959130WA0047300475
B2315484747939N11959131WA0047100474
B2315494747936N11959131WA0047000473
B2315504747932N11959130WA0046800473
B2315514747929N11959129WA0046700471
B2315524747926N11959126WA0046600470
B2315534747923N11959122WA0046500469
B2315544747919N11959117WA0046300467
B2315554747915N11959111WA0046200464
B2315564747911N11959107WA0046000462
B2315574747908N11959105WA0045900460
B2315584747904N11959107WA0045700456
B2315594747902N11959111WA0045600451
B2316004747899N11959116WA0045300446
B2316014747895N11959120WA0045100443
B2316024747891N11959121WA0044800441
B2316034747887N11959118WA0044600439
B2316044747883N11959114WA0044400436
B2316054747879N11959109WA0044200433
B2316064747874N11959105WA0043900430
B2316074747870N11959102WA0043700428
B2316084747865N11959100WA0043400425
B2316094747860N11959098WA0043200424
B2316104747855N11959098WA0042900423
B2316114747851N11959098WA0042800421
B2316124747846N11959100WA0042500418
B2316134747842N11959103WA0042300414
B2316144747838N11959106WA0042000412
B2316154747835N11959109WA0041900411
B2316164747833N11959113WA0041600409
B2316174747831N11959117WA0041400408
B2316184747829N11959121WA0041200407
B2316194747827N11959126WA0041000406
B2316204747824N11959130WA0040800406
B2316214747822N11959133WA0040700405
B2316224747819N11959136WA0040500403
B2316234747816N11959140WA0040400401
B2316244747813N11959145WA0040200397
B2316254747811N11959153WA0040100394
B2316264747812N11959161WA0039800391
B2316274747815N11959167WA0039700390
B2316284747818N11959172WA0039500389
B2316294747819N11959176WA0039300389
B2316304747820N11959180WA0039100387
B2316314747821N11959185WA0039000385
B2316324747824N11959191WA0038800382
B2316334747829N11959196WA0038600379
B2316344747834N11959199WA0038400376
B2316354747840N11959198WA0038200373
B2316364747846N11959193WA0038000371
B2316374747851N11959186WA0037800368
B2316384747855N11959179WA0037600367
B2316394747859N11959172WA0037400366
B2316404747863N11959167WA0037200366
B2316414747867N11959161WA0037000366
B2316424747869N11959153WA0036800365
B2316434747871N11959144WA0036700364
B2316444747871N11959133WA0036500364
B2316454747869N11959123WA0036400364
B2316464747867N11959114WA0036300365
B2316474747864N11959107WA0036200366
B2316484747861N11959100WA0036200367
B2316494747859N11959092WA0036100366
B2316504747857N11959084WA0036000365
B2316514747855N11959075WA0036000363
B2316524747851N11959066WA0035900361
B2316534747846N11959061WA0035800360
B2316544747841N11959057WA0035700359
B2316554747836N11959054WA0035700360
B2316564747832N11959052WA0035600360
B2316574747828N11959050WA0035500360
B2316584747823N11959049WA0035400358
B2316594747817N11959050WA0035400357
B2317004747812N11959051WA0035300356
B2317014747806N11959052WA0035200356
B2317024747801N11959052WA0035200356
B2317034747796N11959051WA0035100355
B2317044747791N11959051WA0035000354
B2317054747787N11959053WA0035000353
B2317064747784N11959057WA0034900351
B2317074747783N11959063WA0034800347
B2317084747783N11959070WA0034700345
B2317094747785N11959077WA0034600342
B2317104747787N11959083WA0034400342
B2317114747787N11959088WA0034300342
B2317124747786N11959092WA0034200342
B2317134747784N11959097WA0034100340
B2317144747782N11959103WA0033900338
B2317154747780N11959109WA0033800335
B2317164747779N11959115WA0033600331
B2317174747779N11959122WA0033500328
B2317184747779N11959128WA0033200324
B2317194747779N11959134WA0033100322
B2317204747778N11959139WA0032800319
B2317214747778N11959144WA0032600316
B2317224747778N11959149WA0032400314
B2317234747779N11959154WA0032200311
B2317244747782N11959158WA0031900307
B2317254747786N11959162WA0031700302
B2317264747790N11959166WA0031400299
B2317274747793N11959170WA0031200297
B2317284747796N11959175WA0030800294
B2317294747798N11959179WA0030600291
B2317304747801N11959184WA0030300289
B2317314747804N11959188WA0030100286
B2317324747808N11959191WA0029800283
B2317334747813N11959191WA0029600280
B2317344747818N11959188WA0029300276
B2317354747823N11959181WA0029100272
B2317364747825N11959170WA0028700268
B2317374747824N11959158WA0028500265
B2317384747823N11959149WA0028100263
B2317394747822N11959140WA0027900262
B2317404747823N11959132WA0027600261
B2317414747826N11959124WA0027400259
B2317424747831N11959117WA0027100256
B2317434747837N11959112WA0026800252
B2317444747844N11959112WA0026500249
B2317454747849N11959115WA0026300247
B2317464747852N11959120WA0026000246
B2317474747855N11959126WA0025800246
B2317484747857N11959130WA0025600246
B2317494747861N11959133WA0025400245
B2317504747867N11959134WA0025200243
B2317514747872N11959134WA0025000241
B2317524747878N11959133WA0024800239
B2317534747883N11959131WA0024700238
B2317544747888N11959128WA0024500238
B2317554747893N11959124WA0024300237
B2317564747897N11959120WA0024200236
B2317574747901N11959115WA0024000235
B2317584747904N11959110WA0023900234
B2317594747907N11959106WA0023800234
B2318004747911N11959102WA0023600234
B2318014747915N11959099WA0023500232
B2318024747920N11959095WA0023400227
B2318034747927N11959091WA0023300223
B2318044747933N11959088WA0023100223
B2318054747938N11959085WA0023000223
B2318064747943N11959084WA0022900224
B2318074747947N11959084WA0022800224
B2318084747950N11959084WA0022600224
B2318094747952N11959086WA0022500223
B2318104747952N11959086WA0022400224
B2318114747952N11959086WA0022400223
B2318124747952N11959085WA0022300223
B2318134747951N11959085WA0022200223
B2318144747951N11959085WA0022200222
B2318154747951N11959085WA0022100222
B2318164747951N11959085WA0022100223
B2318174747951N11959085WA0022000222
B2318184747951N11959085WA0022000222
B2318194747951N11959085WA0022000222
B2318204747951N11959085WA0021900222
B2318214747951N11959085WA0021900222
B2318224747951N11959085WA0021900223
B2318234747951N11959085WA0021900223
B2318244747951N11959085WA0021800222
B2318254747951N11959085WA0021800222
B2318264747951N11959085WA0021800222
B2318274747951N11959085WA0021800222
B2318284747951N11959084WA0021800221
B2318294747951N11959084WA0021800221
B2318304747951N11959084WA0021800221
B2318314747951N11959084WA0021800221
B2318324747950N11959084WA0021800221
B2318334747950N11959084WA0021800221
B2318344747950N11959084WA0021800221
B2318354747950N11959084WA0021800221
B2318364747950N11959084WA0021800221
B2318374747950N11959084WA0021800221
B2318384747950N11959084WA0021800221
B2318394747950N11959084WA0021800222
B2318404747950N11959084WA0021700222
B2318414747950N11959084WA0021700221
B2318424747950N11959084WA0021700222
B2318434747950N11959084WA0021700221
B2318444747950N11959085WA0021700222
B2318454747950N11959085WA0021700219
B2318464747950N11959085WA0021700219
B2318474747950N11959085WA0021700219
B2318484747950N11959085WA0021700218
B2318494747950N11959085WA0021800218
B2318504747950N11959085WA0021800218
B2318514747951N11959085WA0021800218
B2318524747951N11959085WA0021800218
B2318534747951N11959085WA0021800218
B2318544747951N11959085WA0021800218
B2318554747951N11959085WA0021800218
B2318564747951N11959084WA0021800218
B2318574747951N11959084WA0021800218
B2318584747951N11959083WA0021800217
B2318594747951N11959083WA0021800217
B2319004747951N11959082WA0021800218
B2319014747951N11959082WA0021800218
B2319024747951N11959081WA0021800218
B2319034747951N11959081WA0021800218
B2319044747952N11959081WA0021800218
B2319054747952N11959081WA0021800219
B2319064747952N11959081WA0021800220
B2319074747953N11959081WA0021800220
B2319084747953N11959082WA0021800220
B2319094747953N11959083WA0021800221
B2319104747953N11959084WA0021800221
B2319114747952N11959085WA0021800222
B2319124747952N11959086WA0021800220
B2319134747951N11959087WA0021800220
B2319144747951N11959088WA0021800220
B2319154747950N11959088WA0021800220
B2319164747950N11959089WA0021800220
B2319174747950N11959089WA0021800220
B2319184747949N11959090WA0021800220
B2319194747949N11959090WA0021800220
B2319204747949N11959091WA0021800219
B2319214747948N11959091WA0021800219
B2319224747948N11959092WA0021800219
B2319234747948N11959092WA0021800219
B2319244747948N11959093WA0021800218
B2319254747947N11959093WA0021800218
B2319264747947N11959094WA0021800219
B2319274747947N11959095WA0021800219
B2319284747946N11959095WA0021800219
B2319294747946N11959095WA0021800219
B2319304747946N11959096WA0021800218
B2319314747946N11959097WA0021800218
B2319324747945N11959097WA0021800218
B2319334747945N11959098WA0021800218
B2319344747945N11959098WA0021800218
B2319354747945N11959099WA0021800218
B2319364747944N11959099WA0021800218
B2319374747944N11959100WA0021800218
B2319384747944N11959100WA0021800219
B2319394747943N11959100WA0021800218
B2319404747943N11959101WA0021800218
B2319414747942N11959101WA0021800217
B2319424747942N11959102WA0021800218
B2319434747942N11959102WA0021800219
B2319444747942N11959102WA0021800218
B2319454747942N11959103WA0021800218
B2319464747941N11959103WA0021800219
B2319474747941N11959104WA0021800219
B2319484747941N11959105WA0021800220
B2319494747941N11959105WA0021800220
B2319504747941N11959105WA0021800220
B2319514747941N11959106WA0021800220
B2319524747941N11959106WA0021800220
B2319534747942N11959106WA0021800220
B2319544747942N11959107WA0021800220
B2319554747942N11959107WA0021800220
B2319564747941N11959107WA0021800220
B2319574747941N11959107WA0021800220
B2319584747942N11959107WA0021800220
B2319594747942N11959107WA0021800221
B2320004747942N11959107WA0021800221
B2320014747942N11959107WA0021800221
B2320024747942N11959107WA0021800221
B2320034747942N11959107WA0021800221
B2320044747942N11959107WA0021800221
B2320054747942N11959108WA0021800221
B2320064747942N11959108WA0021800221
B2320074747942N11959108WA0021800221
B2320084747942N11959108WA0021800221
B2320094747942N11959108WA0021800221
B2320104747942N11959108WA0021800221
B2320114747942N11959108WA0021800221
B2320124747942N11959108WA0021800221
B2320134747942N11959108WA0021800221
B2320144747942N11959108WA0021800222
B2320154747942N11959108WA0021800222
B2320164747942N11959108WA0021800222
B2320174747942N11959108WA0021800222
B2320184747942N11959108WA0021800221
B2320194747942N11959108WA0021800221
B2320204747942N11959108WA0021800220
B2320214747942N11959108WA0021900221
B2320224747942N11959108WA0021800221
B2320234747942N11959108WA0021800221
B2320244747942N11959108WA0021800221
B2320254747942N11959108WA0021800220
B2320264747942N11959108WA0021800220
B2320274747942N11959108WA0021900220
B2320284747942N11959108WA0021900220
B2320294747942N11959108WA0021900220
B2320304747942N11959108WA0021900220
B2320314747943N11959108WA0021900220
B2320324747943N11959109WA0021900220
B2320334747943N11959109WA0021900220
B2320344747943N11959109WA0021900220
B2320354747943N11959109WA0021900220
B2320364747943N11959109WA0021900219
B2320374747943N11959109WA0021900219
B2320384747943N11959109WA0021900219
B2320394747943N11959109WA0021900219
B2320404747943N11959109WA0021900219
B2320414747943N11959109WA0021900219
B2320424747943N11959109WA0021900219
B2320434747943N11959109WA0021900219
B2320444747943N11959109WA0021900219
B2320454747943N11959110WA0021900219
B2320464747943N11959110WA0021900218
B2320474747943N11959110WA0021900219
B2320484747943N11959110WA0021800219
B2320494747943N11959110WA0021800219
B2320504747943N11959110WA0021800219
B2320514747943N11959110WA0021800219
B2320524747943N11959110WA0021800219
B2320534747943N11959110WA0021800219
B2320544747943N11959110WA0021900219
B2320554747943N11959110WA0021900220
B2320564747943N11959110WA0021900219
B2320574747943N11959109WA0021900219
B2320584747943N11959109WA0021900219
B2320594747943N11959109WA0021900220
B2321004747943N11959109WA0021900220
B2321014747944N11959109WA0021900220
B2321024747943N11959109WA0021900221
B2321034747943N11959109WA0021900221
B2321044747943N11959109WA0021800221
B2321054747943N11959109WA0021800220
B2321064747943N11959109WA0021800220
B2321074747943N11959108WA0021800220
B2321084747943N11959108WA0021800220
B2321094747943N11959108WA0021800220
B2321104747943N11959108WA0021900220
B2321114747943N11959108WA0021900220
B2321124747943N11959108WA0021900221
B2321134747943N11959108WA0021900221
B2321144747943N11959108WA0021900221
B2321154747943N11959108WA0021900221
B2321164747943N11959108WA0021900221
B2321174747943N11959108WA0021900221
B2321184747943N11959108WA0021900221
B2321194747942N11959108WA0021900221
B2321204747942N11959108WA0021900220
B2321214747942N11959108WA0021900220
B2321224747943N11959108WA0021900220
B2321234747943N11959108WA0021900221
B2321244747943N11959108WA0021900221
B2321254747943N11959108WA0021900221
B2321264747943N11959108WA0021900221
B2321274747943N11959108WA0021900220
B2321284747943N11959108WA0021900221
B2321294747943N11959108WA0021900221
B2321304747943N11959108WA0021900221
B2321314747943N11959108WA0021900222
B2321324747943N11959108WA0021900222
B2321334747943N11959108WA0021900222
B2321344747943N11959108WA0021900222
B2321354747943N11959108WA0021900222
B2321364747943N11959108WA0021800222
B2321374747943N11959108WA0021800222
B2321384747943N11959108WA0021800221
B2321394747944N11959108WA0021800221
B2321404747944N11959108WA0021800221
B2321414747943N11959108WA0021800221
B2321424747943N11959108WA0021800221
B2321434747943N11959108WA0021800220
B2321444747943N11959108WA0021800220
B2321454747943N11959108WA0021800220
B2321464747943N11959108WA0021800220
B2321474747943N11959108WA0021800220
B2321484747943N11959108WA0021800219
B2321494747943N11959107WA0021800219
B2321504747942N11959107WA0021800219
B2321514747942N11959107WA0021900218
B2321524747942N11959107WA0021900218
B2321534747942N11959107WA0021900218
B2321544747942N11959107WA0021900218
B2321554747942N11959107WA0021900218
B2321564747942N11959107WA0021900218
B2321574747942N11959107WA0021900218
B2321584747942N11959107WA0021900218
B2321594747942N11959107WA0021900218
B2322004747942N11959107WA0021900219
B2322014747942N11959107WA0021900219
B2322024747942N11959107WA0021900219
B2322034747942N11959107WA0021900219
B2322044747942N11959107WA0021900219
B2322054747942N11959107WA0021900219
B2322064747942N11959107WA0021900219
B2322074747942N11959107WA0021800219
B2322084747943N11959107WA0021400219
B2322094747943N11959107WA0021400219
B2322104747943N11959107WA0021200219
B2322114747943N11959107WA0021400219
B2322124747942N11959107WA0021200219
B2322134747942N11959107WA0021200219
B2322144747942N11959107WA0021400219
B2322154747943N11959107WA0021800219
B2322164747943N11959108WA0022000220
B2322174747943N11959108WA0022100220
B2322184747943N11959108WA0022200220
B2322194747943N11959108WA0022200220
B2322204747943N11959108WA0022200220
B2322214747943N11959108WA0022200221
B2322224747943N11959108WA0022200221
B2322234747943N11959108WA0022100221
B2322244747943N11959108WA0022100221
B2322254747943N11959108WA0022100221
B2322264747943N11959108WA0022100221
B2322274747943N11959108WA0022000221
B2322284747943N11959108WA0022000220
B2322294747943N11959108WA0022000220
B2322304747943N11959108WA0022000220
B2322314747943N11959108WA0022000220
B2322324747943N11959108WA0022000219
B2322334747943N11959108WA0022000219
B2322344747943N11959109WA0022000219
B2322354747943N11959109WA0022000219
B2322364747943N11959108WA0021900219
B2322374747943N11959108WA0021900219
B2322384747943N11959108WA0021900219
B2322394747943N11959108WA0021900219
B2322404747943N11959108WA0021900219
B2322414747943N11959108WA0021900218
B2322424747942N11959108WA0021900218
B2322434747942N11959107WA0021900218
B2322444747942N11959107WA0021900218
B2322454747942N11959107WA0021800218
B2322464747942N11959107WA0021800218
B2322474747942N11959107WA0021800218
B2322484747942N11959107WA0021800218
B2322494747942N11959107WA0021800218
B2322504747942N11959107WA0021800218
B2322514747942N11959107WA0021800218
B2322524747942N11959107WA0021800218
B2322534747942N11959107WA0021800218
B2322544747942N11959107WA0021800218
B2322554747942N11959106WA0021800219
B2322564747942N11959106WA0021800219
B2322574747942N11959106WA0021800219
B2322584747942N11959106WA0021800219
B2322594747942N11959106WA0021800219
B2323004747942N11959106WA0021800219
B2323014747942N11959106WA0021800219
B2323024747942N11959106WA0021800219
B2323034747942N11959106WA0021800219
B2323044747942N11959106WA0021800219
B2323054747942N11959106WA0021800219
B2323064747942N11959106WA0021800219
B2323074747942N11959106WA0021800219
B2323084747942N11959106WA0021800219
B2323094747942N11959106WA0021800219
B2323104747942N11959106WA0021800219
B2323114747942N11959106WA0021800218
B2323124747942N11959106WA0021800218
B2323134747942N11959106WA0021800218
B2323144747942N11959106WA0021800218
B2323154747942N11959106WA0021800218
B2323164747942N11959106WA0021800218
B2323174747942N11959106WA0021800218
B2323184747942N11959106WA0021800218
B2323194747942N11959106WA0021800218
B2323204747942N11959106WA0021800218
B2323214747942N11959106WA0021800218
B2323224747942N11959106WA0021800218
B2323234747942N11959106WA0021800218
B2323244747942N11959106WA0021800218
B2323254747942N11959106WA0021800218
B2323264747942N11959106WA0021800218
B2323274747942N11959107WA0021800218
B2323284747942N11959107WA0021800218
B2323294747942N11959107WA0021800218
B2323304747942N11959107WA0021800218
B2323314747942N11959107WA0021800218
B2323324747942N11959107WA0021800218
B2323334747942N11959107WA0021800218
B2323344747942N11959107WA0021800218
B2323354747942N11959107WA0021800218
B2323364747942N11959107WA0021800218
B2323374747942N11959107WA0021800218
B2323384747942N11959107WA0021800218
B2323394747942N11959107WA0021800218
B2323404747942N11959107WA0021800218
B2323414747942N11959107WA0021800218
B2323424747942N11959107WA0021800218
B2323434747942N11959107WA0021800218
B2323444747942N11959107WA0021800218
B2323454747942N11959107WA0021800218
B2323464747942N11959108WA0021800218
B2323474747942N11959108WA0021800218
B2323484747942N11959108WA0021800218
B2323494747942N11959108WA0021800218
B2323504747942N11959108WA0021800218
B2323514747942N11959107WA0021800218
B2323524747942N11959107WA0021800218
B2323534747942N11959107WA0021800218
B2323544747942N11959107WA0021800218
B2323554747942N11959107WA0021800218
B2323564747942N11959107WA0021800218
B2323574747942N11959107WA0021800218
B2323584747942N11959107WA0021800218
B2323594747942N11959107WA0021800218
B2324004747941N11959107WA0021800218
B2324014747941N11959107WA0021800218
B2324024747941N11959107WA0021800218
B2324034747941N11959107WA0021800218
B2324044747941N11959107WA0021800218
B2324054747941N11959107WA0021800218
B2324064747941N11959107WA0021800218
B2324074747941N11959108WA0021800218
B2324084747941N11959108WA0021800218
B2324094747941N11959108WA0021800218
B2324104747941N11959108WA0021800219
B2324114747941N11959108WA0021800219
B2324124747941N11959108WA0021800219
B2324134747941N11959108WA0021800219
B2324144747941N11959108WA0021800219
B2324154747941N11959108WA0021800219
B2324164747941N11959107WA0021800219
B2324174747941N11959107WA0021800219
B2324184747941N11959107WA0021800219
B2324194747941N11959107WA0021800219
B2324204747941N11959107WA0021800219
B2324214747941N11959107WA0021800219
B2324224747941N11959107WA0021800219
B2324234747941N11959107WA0021800219
B2324244747941N11959107WA0021800219
B2324254747941N11959107WA0021800219
B2324264747941N11959107WA0021800219
B2324274747941N11959107WA0021800219
B2324284747940N11959107WA0021800219
B2324294747940N11959107WA0021800219
B2324304747940N11959107WA0021800220
B2324314747940N11959107WA0021800220
B2324324747940N11959107WA0021800220
B2324334747940N11959107WA0021800220
B2324344747940N11959107WA0021800220
B2324354747940N11959107WA0021800220
B2324364747940N11959107WA0021800220
B2324374747940N11959107WA0021800220
B2324384747940N11959107WA0021800220
B2324394747940N11959107WA0021800220
B2324404747940N11959106WA0021800220
B2324414747940N11959106WA0021800220
B2324424747940N11959106WA0021800220
B2324434747940N11959106WA0021800220
B2324444747940N11959106WA0021800220
B2324454747940N11959106WA0021800220
B2324464747940N11959106WA0021800220
B2324474747940N11959106WA0021800220
B2324484747940N11959106WA0021800220
B2324494747940N11959106WA0021800219
B2324504747940N11959106WA0021800219
B2324514747940N11959106WA0021800219
B2324524747940N11959106WA0021800219
B2324534747940N11959106WA0021800219
B2324544747940N11959106WA0021800219
B2324554747940N11959106WA0021800219
B2324564747940N11959106WA0021800219
B2324574747940N11959106WA0021800219
B2324584747940N11959106WA0021800219
B2324594747940N11959106WA0021800219
B2325004747940N11959106WA0021800219
B2325014747940N11959106WA0021800219
B2325024747940N11959106WA0021800219
B2325034747940N11959106WA0021800219
B2325044747940N11959106WA0021800219
B2325054747940N11959106WA0021800219
B2325064747940N11959107WA0021900219
B2325074747940N11959107WA0021900219
B2325084747940N11959107WA0021900219
B2325094747940N11959107WA0021900219
B2325104747941N11959107WA0021900219
B2325114747941N11959107WA0021900219
B2325124747941N11959107WA0021900219
B2325134747941N11959107WA0021900219
B2325144747941N11959107WA0021900219
B2325154747941N11959107WA0021900219
B2325164747941N11959107WA0021800219
B2325174747941N11959107WA0021800219
B2325184747941N11959107WA0021800219
B2325194747941N11959107WA0021800219
B2325204747941N11959107WA0021800219
B2325214747941N11959107WA0021800219
B2325224747941N11959107WA0021800219
B2325234747941N11959107WA0021800219
B2325244747941N11959107WA0021800219
B2325254747941N11959107WA0021800219
B2325264747941N11959107WA0021800219
B2325274747941N11959107WA0021800219
B2325284747941N11959107WA0021800219
B2325294747940N11959107WA0021800219
B2325304747940N11959107WA0021900219
B2325314747940N11959107WA0021900219
B2325324747940N11959107WA0021900219
B2325334747940N11959107WA0021900219
B2325344747940N11959107WA0021900219
B2325354747940N11959107WA0021900219
B2325364747940N11959107WA0021900219
B2325374747940N11959107WA0021900219
B2325384747940N11959107WA0021900218
B2325394747940N11959107WA0021900218
B2325404747940N11959107WA0021900218
B2325414747940N11959107WA0021900218
B2325424747940N11959106WA0021900218
B2325434747940N11959106WA0021900218
B2325444747940N11959106WA0021900218
B2325454747940N11959106WA0021900218
B2325464747940N11959106WA0021900218
B2325474747940N11959106WA0021900218
B2325484747940N11959106WA0021900218
B2325494747940N11959106WA0021900218
B2325504747940N11959106WA0021900217
B2325514747940N11959106WA0021900217
B2325524747940N11959106WA0021900217
B2325534747940N11959106WA0021900217
B2325544747940N11959106WA0021900217
B2325554747940N11959106WA0021900217
B2325564747940N11959106WA0021900217
B2325574747940N11959106WA0021900217
B2325584747940N11959106WA0021900217
B2325594747940N11959106WA0021900217
B2326004747940N11959106WA0021900217
B2326014747940N11959106WA0021900217
B2326024747940N11959106WA0021900217
B2326034747940N11959106WA0021900217
B2326044747940N11959106WA0021900217
B2326054747940N11959106WA0021900216
B2326064747940N11959106WA0021900216
B2326074747940N11959106WA0021900216
B2326084747940N11959106WA0021900216
B2326094747940N11959106WA0021900216
B2326104747940N11959106WA0021800216
B2326114747940N11959106WA0021800216
B2326124747940N11959106WA0021800216
B2326134747940N11959106WA0021800216
B2326144747940N11959106WA0021800216
B2326154747940N11959106WA0021800217
B2326164747940N11959106WA0021800217
B2326174747940N11959106WA0021800217
B2326184747940N11959106WA0021800217
B2326194747940N11959106WA0021800217
B2326204747940N11959106WA0021800217
B2326214747940N11959106WA0021900217
B2326224747940N11959106WA0021900217
B2326234747940N11959106WA0021900217
B2326244747940N11959106WA0021900217
B2326254747940N11959106WA0021900217
B2326264747940N11959107WA0021900217
B2326274747940N11959107WA0021900217
B2326284747940N11959107WA0021900218
B2326294747940N11959107WA0021900218
B2326304747940N11959107WA0021900218
B2326314747940N11959107WA0021900218
B2326324747940N11959107WA0021900218
B2326334747940N11959107WA0021900218
B2326344747940N11959107WA0021900218
B2326354747940N11959107WA0021900218
B2326364747940N11959107WA0021900218
B2326374747940N11959107WA0021900218
B2326384747940N11959107WA0021900218
B2326394747940N11959107WA0021900218
B2326404747940N11959107WA0021900218
B2326414747940N11959107WA0021900218
B2326424747940N11959107WA0021900218
B2326434747940N11959107WA0021900218
B2326444747940N11959107WA0021900218
B2326454747940N11959107WA0021900218
B2326464747940N11959107WA0021900218
B2326474747940N11959106WA0021900218
B2326484747940N11959106WA0021900218
B2326494747940N11959106WA0021900218
B2326504747940N11959106WA0021900218
B2326514747940N11959106WA0021900218
B2326524747940N11959106WA0021900218
B2326534747940N11959106WA0021900218
B2326544747940N11959106WA0021800218
B2326554747940N11959106WA0021800218
B2326564747940N11959106WA0021800218
B2326574747940N11959106WA0021800218
B2326584747940N11959106WA0021900218
B2326594747940N11959106WA0021900218
B2327004747940N11959106WA0021900218
B2327014747940N11959106WA0021900218
B2327024747940N11959106WA0021900218
B2327034747940N11959106WA0021900218
B2327044747940N11959105WA0021900218
B2327054747940N11959105WA0021900218
B2327064747940N11959105WA0021900218
B2327074747940N11959105WA0021900218
B2327084747940N11959105WA0021900218
B2327094747940N11959105WA0021900218
B2327104747940N11959105WA0021900218
B2327114747940N11959105WA0021900218
B2327124747940N11959105WA0021900218
B2327134747940N11959105WA0021900218
B2327144747940N11959105WA0021900218
B2327154747940N11959105WA0021900218
B2327164747940N11959105WA0021900218
B2327174747940N11959105WA0021900218
B2327184747940N11959105WA0021900218
B2327194747940N11959104WA0021900218
B2327204747940N11959104WA0021900218
B2327214747940N11959104WA0021900218
B2327224747940N11959104WA0021900218
B2327234747940N11959104WA0021900218
B2327244747940N11959104WA0021900218
B2327254747940N11959105WA0021900218
B2327264747940N11959105WA0021900218
B2327274747940N11959105WA0021900218
B2327284747940N11959105WA0021900218
B2327294747940N11959105WA0021900218
B2327304747940N11959105WA0021900218
B2327314747940N11959105WA0021900218
B2327324747940N11959105WA0021900218
B2327334747940N11959105WA0021900218
B2327344747940N11959105WA0021900218
B2327354747940N11959105WA0021900218
B2327364747940N11959105WA0021900218
B2327374747940N11959105WA0021900218
B2327384747940N11959105WA0021900218
B2327394747940N11959105WA0021900218
B2327404747941N11959105WA0021900218
B2327414747941N11959105WA0021900218
B2327424747941N11959105WA0021900218
B2327434747941N11959105WA0021900218
B2327444747941N11959106WA0021900218
B2327454747941N11959106WA0021900218
B2327464747941N11959106WA0021900218
B2327474747941N11959106WA0021900218
B2327484747941N11959106WA0021900218
B2327494747941N11959106WA0021900218
B2327504747941N11959106WA0021900218
B2327514747941N11959106WA0021900218
B2327524747941N11959106WA0021900218
B2327534747941N11959106WA0021900218
B2327544747941N11959106WA0021900218
B2327554747941N11959106WA0021900218
B2327564747941N11959106WA0021900218
B2327574747941N11959106WA0021900218
B2327584747941N11959106WA0021900218
B2327594747941N11959106WA0021900218
B2328004747941N11959106WA0021900218
B2328014747941N11959107WA0021900218
B2328024747941N11959106WA0021900219
B2328034747941N11959106WA0021900219
B2328044747941N11959106WA0021900219
B2328054747941N11959106WA0021900219
B2328064747941N11959106WA0021900219
B2328074747941N11959106WA0021900219
B2328084747941N11959106WA0021900219
B2328094747941N11959106WA0021900219
B2328104747941N11959106WA0021900219
B2328114747941N11959106WA0021900219
B2328124747941N11959106WA0021900219
B2328134747941N11959106WA0021900219
B2328144747941N11959106WA0021900219
B2328154747941N11959106WA0021900219
B2328164747941N11959106WA0021900219
B2328174747941N11959106WA0021900219
B2328184747941N11959106WA0021900219
B2328194747941N11959106WA0021900219
B2328204747941N11959106WA0021900219
B2328214747941N11959107WA0021900219
B2328224747941N11959107WA0021900219
B2328234747941N11959107WA0021900220
B2328244747941N11959107WA0021900219
B2328254747941N11959107WA0021900219
B2328264747941N11959107WA0021900219
B2328274747941N11959107WA0021900219
B2328284747941N11959107WA0021900219
B2328294747941N11959107WA0021900219
B2328304747941N11959107WA0021900219
B2328314747941N11959107WA0021900219
B2328324747941N11959107WA0021900219
B2328334747941N11959107WA0021900219
B2328344747941N11959107WA0021900219
B2328354747941N11959107WA0021900218
B2328364747941N11959107WA0021900218
B2328374747941N11959107WA0021900218
B2328384747941N11959107WA0021900218
B2328394747941N11959107WA0021900218
B2328404747941N11959107WA0021900218
B2328414747941N11959107WA0021900218
B2328424747941N11959107WA0021900218
B2328434747941N11959107WA0021900218
B2328444747941N11959107WA0021900218
B2328454747941N11959107WA0021900218
B2328464747941N11959107WA0021900218
B2328474747941N11959107WA0021900218
B2328484747941N11959107WA0021900218
B2328494747941N11959107WA0021900218
B2328504747941N11959107WA0021900218
B2328514747941N11959107WA0021900217
B2328524747941N11959107WA0021900217
B2328534747941N11959107WA0021900217
B2328544747941N11959107WA0021900217
B2328554747942N11959107WA0021900217
B2328564747942N11959107WA0021900217
B2328574747942N11959107WA0021900217
B2328584747942N11959107WA0021900217
B2328594747942N11959107WA0021900217
B2329004747942N11959107WA0021900217
B2329014747942N11959107WA0021900217
B2329024747942N11959107WA0021900217
B2329034747942N11959107WA0021900217
B2329044747942N11959107WA0021900217
B2329054747942N11959107WA0021900217
B2329064747942N11959107WA0021900217
B2329074747942N11959107WA0021900217
B2329084747942N11959107WA0021900217
B2329094747942N11959107WA0021900217
B2329104747942N11959107WA0021900217
B2329114747942N11959107WA0021900217
B2329124747942N11959107WA0021900216
B2329134747942N11959107WA0021900216
B2329144747942N11959107WA0021900216
B2329154747942N11959107WA0021900216
B2329164747942N11959107WA0021900216
B2329174747942N11959107WA0021900216
B2329184747942N11959107WA0021900216
B2329194747942N11959107WA0021900216
B2329204747942N11959107WA0021900216
B2329214747942N11959107WA0021900216
B2329224747942N11959107WA0021900216
B2329234747942N11959107WA0021900216
B2329244747942N11959107WA0021900216
B2329254747942N11959107WA0021900216
B2329264747942N11959107WA0021900216
B2329274747942N11959107WA0021900216
B2329284747942N11959107WA0021900216
B2329294747942N11959107WA0021900217
B2329304747941N11959107WA0021900217
B2329314747941N11959107WA0021900217
B2329324747941N11959107WA0021900217
B2329334747941N11959107WA0021900217
B2329344747941N11959106WA0021900218
B2329354747941N11959106WA0021900218
B2329364747941N11959106WA0021900218
B2329374747941N11959106WA0021900218
B2329384747941N11959106WA0021900218
B2329394747941N11959106WA0021900218
B2329404747941N11959106WA0021900218
B2329414747941N11959106WA0021900218
B2329424747941N11959106WA0021900218
B2329434747941N11959106WA0021900218
B2329444747941N11959106WA0021900218
B2329454747941N11959106WA0021900218
B2329464747941N11959106WA0021900218
B2329474747941N11959106WA0021900218
B2329484747941N11959106WA0021900218
B2329494747941N11959106WA0021900218
B2329504747941N11959106WA0021900218
B2329514747941N11959106WA0021900218
B2329524747941N11959106WA0021900218
B2329534747941N11959106WA0021900218
B2329544747941N11959106WA0021900219
B2329554747941N11959106WA0021900219
B2329564747941N11959106WA0021900219
B2329574747941N11959106WA0021900219
B2329584747941N11959106WA0021900219
B2329594747941N11959106WA0021900219
B2330004747941N11959106WA0021900219
B2330014747941N11959105WA0021900219
B2330024747941N11959105WA0021900219
B2330034747941N11959105WA0021900219
B2330044747941N11959105WA0021900219
B2330054747941N11959105WA0021900219
B2330064747941N11959105WA0021900218
B2330074747941N11959105WA0021900219
B2330084747941N11959105WA0021900219
B2330094747941N11959105WA0021900218
B2330104747941N11959105WA0021900218
B2330114747941N11959105WA0021900219
B2330124747941N11959105WA0021900219
B2330134747941N11959105WA0021900219
B2330144747941N11959105WA0021900218
B2330154747941N11959105WA0021900218
B2330164747941N11959105WA0021900218
B2330174747941N11959105WA0021900218
B2330184747941N11959105WA0021900218
B2330194747941N11959105WA0021900218
B2330204747941N11959105WA0021900218
B2330214747941N11959105WA0021900218
B2330224747941N11959104WA0021900218
B2330234747941N11959104WA0021900218
B2330244747941N11959104WA0021900218
B2330254747941N11959104WA0021900218
B2330264747941N11959104WA0021900218
B2330274747941N11959104WA0021900218
B2330284747941N11959104WA0021900218
B2330294747941N11959104WA0021900218
B2330304747941N11959104WA0021900218
B2330314747941N11959104WA0021900218
B2330324747941N11959104WA0021900218
B2330334747941N11959104WA0021900218
B2330344747941N11959104WA0021900218
B2330354747941N11959104WA0021900218
B2330364747940N11959104WA0021900218
B2330374747940N11959104WA0021900218
B2330384747940N11959104WA0021900218
B2330394747940N11959104WA0021900218
B2330404747940N11959104WA0021900219
B2330414747940N11959104WA0021900219
B2330424747940N11959104WA0021900219
B2330434747940N11959104WA0021900219
B2330444747940N11959104WA0021900219
B2330454747940N11959104WA0021900219
B2330464747941N11959104WA0021900219
B2330474747941N11959104WA0021900219
B2330484747941N11959104WA0021900220
B2330494747941N11959104WA0021900220
B2330504747941N11959104WA0021900220
B2330514747941N11959104WA0021900220
B2330524747941N11959104WA0021900220
B2330534747940N11959104WA0021900220
B2330544747940N11959104WA0021900220
B2330554747940N11959104WA0021900220
B2330564747940N11959104WA0021900220
B2330574747940N11959104WA0021900220
B2330584747940N11959104WA0021900220
B2330594747940N11959104WA0021900220
B2331004747940N11959104WA0021900220
B2331014747940N11959104WA0021900220
B2331024747940N11959104WA0021900220
B2331034747940N11959104WA0021900220
B2331044747940N11959104WA0021900220
B2331054747940N11959105WA0021900219
B2331064747940N11959105WA0021900219
B2331074747940N11959105WA0021900219
B2331084747940N11959105WA0021900219
B2331094747940N11959105WA0021900219
B2331104747940N11959104WA0021900218
B2331114747940N11959104WA0021900218
B2331124747940N11959104WA0021900218
B2331134747940N11959104WA0021900218
B2331144747940N11959105WA0021900218
B2331154747940N11959105WA0021900217
B2331164747940N11959105WA0021900217
B2331174747940N11959105WA0021900217
B2331184747940N11959105WA0021900217
B2331194747940N11959105WA0021900217
B2331204747940N11959105WA0021900217
B2331214747940N11959105WA0021900217
B2331224747940N11959105WA0021900217
B2331234747940N11959105WA0021900217
B2331244747940N11959105WA0021900217
B2331254747940N11959105WA0021900217
B2331264747940N11959105WA0021900217
B2331274747940N11959105WA0021900217
B2331284747940N11959105WA0021900217
B2331294747940N11959105WA0021900217
B2331304747940N11959105WA0021900216
B2331314747940N11959105WA0021900216
B2331324747940N11959105WA0021900216
B2331334747940N11959105WA0021900216
B2331344747940N11959105WA0021900216
B2331354747940N11959105WA0021900216
B2331364747940N11959105WA0021900216
B2331374747940N11959105WA0021900216
B2331384747940N11959105WA0021900216
B2331394747940N11959105WA0021900216
B2331404747940N11959105WA0021900216
B2331414747940N11959105WA0021900216
B2331424747940N11959104WA0021900216
B2331434747940N11959104WA0021900216
B2331444747940N11959104WA0021900216
B2331454747940N11959104WA0021900216
B2331464747940N11959104WA0021900216
B2331474747940N11959104WA0021900216
B2331484747940N11959104WA0021900216
B2331494747940N11959104WA0021900216
B2331504747940N11959104WA0021900216
B2331514747940N11959104WA0021900216
B2331524747940N11959104WA0021900216
B2331534747940N11959104WA0021900216
B2331544747940N11959104WA0021900216
B2331554747940N11959105WA0021900216
B2331564747940N11959105WA0021900216
B2331574747940N11959105WA0021900216
B2331584747940N11959105WA0021900216
B2331594747940N11959105WA0021900216
B2332004747940N11959105WA0021900216
B2332014747940N11959105WA0021900217
B2332024747940N11959105WA0021900217
B2332034747940N11959105WA0021900217
B2332044747940N11959105WA0021900217
B2332054747940N11959105WA0021900217
B2332064747940N11959105WA0021900217
B2332074747940N11959105WA0021900217
B2332084747940N11959105WA0021900217
B2332094747940N11959105WA0021900217
B2332104747940N11959105WA0021900217
B2332114747940N11959105WA0021900217
B2332124747940N11959105WA0021900217
B2332134747940N11959105WA0021900217
B2332144747940N11959105WA0021900217
B2332154747940N11959104WA0021900217
B2332164747940N11959104WA0021900217
B2332174747940N11959104WA0021900216
B2332184747940N11959104WA0021900216
B2332194747940N11959104WA0021900217
B2332204747940N11959104WA0021900217
B2332214747940N11959104WA0021900217
B2332224747940N11959104WA0021900217
B2332234747940N11959104WA0021900217
B2332244747940N11959104WA0021900217
B2332254747940N11959104WA0021900217
B2332264747940N11959104WA0021900217
B2332274747940N11959104WA0021900217
B2332284747940N11959104WA0021900217
B2332294747940N11959104WA0021900217
B2332304747940N11959104WA0021900217
B2332314747940N11959104WA0021900217
B2332324747940N11959104WA0021900217
B2332334747940N11959104WA0021900218
B2332344747940N11959104WA0021900218
B2332354747940N11959104WA0021900218
B2332364747940N11959104WA0021900218
B2332374747940N11959104WA0021900218
B2332384747940N11959104WA0021900218
B2332394747940N11959104WA0021900218
B2332404747940N11959104WA0021900218
B2332414747940N11959104WA0021900218
B2332424747940N11959104WA0021900218
B2332434747940N11959104WA0021900219
B2332444747940N11959104WA0021900219
B2332454747940N11959104WA0021900219
B2332464747940N11959104WA0021900219
B2332474747940N11959104WA0021900219
B2332484747940N11959104WA0021900220
B2332494747940N11959104WA0021900220
B2332504747940N11959104WA0021900220
B2332514747940N11959104WA0021900220
B2332524747940N11959104WA0021900220
B2332534747940N11959104WA0021900221
B2332544747940N11959104WA0021900221
B2332554747940N11959104WA0021900221
B2332564747940N11959104WA0021900221
B2332574747940N11959104WA0021900221
B2332584747940N11959105WA0021900221
B2332594747940N11959105WA0021900221
B2333004747940N11959105WA0021900221
B2333014747940N11959105WA0021900221
B2333024747940N11959105WA0021900221
B2333034747940N11959105WA0021900221
B2333044747940N11959105WA0021900220
B2333054747940N11959105WA0021900220
B2333064747940N11959105WA0021900220
B2333074747940N11959105WA0021900220
B2333084747940N11959105WA0021900220
B2333094747940N11959105WA0021900220
B2333104747940N11959105WA0021900220
B2333114747940N11959105WA0021900219
B2333124747940N11959105WA0021900219
B2333134747940N11959105WA0021900219
B2333144747940N11959105WA0021900219
B2333154747940N11959105WA0021900219
B2333164747940N11959105WA0021900219
B2333174747940N11959105WA0021900219
B2333184747940N11959105WA0021900218
B2333194747940N11959105WA0021900218
B2333204747940N11959105WA0021900218
B2333214747940N11959105WA0021900218
B2333224747940N11959105WA0021900218
B2333234747940N11959105WA0021900218
B2333244747940N11959105WA0021900218
B2333254747940N11959105WA0021900218
B2333264747940N11959105WA0021900218
B2333274747940N11959105WA0021900218
B2333284747940N11959105WA0021900218
B2333294747940N11959105WA0021900219
B2333304747940N11959105WA0021900219
B2333314747940N11959105WA0021900219
B2333324747940N11959105WA0021900219
B2333334747940N11959105WA0021900219
B2333344747940N11959105WA0021900219
B2333354747940N11959105WA0021900219
B2333364747940N11959105WA0021900220
B2333374747940N11959105WA0021900220
B2333384747940N11959105WA0021900220
B2333394747940N11959105WA0021900220
B2333404747940N11959105WA0021900220
B2333414747940N11959105WA0021900220
B2333424747940N11959105WA0021900220
B2333434747940N11959105WA0021900220
B2333444747940N11959105WA0021900220
B2333454747940N11959105WA0021900220
B2333464747940N11959105WA0021900220
B2333474747940N11959105WA0021900220
B2333484747940N11959105WA0021900220
B2333494747940N11959105WA0021900219
B2333504747940N11959105WA0021900219
B2333514747940N11959105WA0021900219
B2333524747940N11959105WA0021900219
B2333534747940N11959105WA0021900219
B2333544747940N11959105WA0021900219
B2333554747940N11959105WA0021900219
B2333564747940N11959105WA0021900219
B2333574747940N11959105WA0021900219
B2333584747940N11959105WA0021900219
B2333594747940N11959105WA0021900219
B2334004747940N11959105WA0021900218
B2334014747940N11959105WA0021900218
B2334024747940N11959105WA0021900218
B2334034747940N11959105WA0021900219
B2334044747941N11959105WA0021900219
B2334054747941N11959105WA0021900219
B2334064747941N11959105WA0021900219
B2334074747941N11959105WA0021900219
B2334084747941N11959105WA0021900220
B2334094747941N11959105WA0021900220
B2334104747941N11959105WA0021900220
B2334114747941N11959104WA0021900220
B2334124747941N11959104WA0021900220
B2334134747941N11959104WA0021900220
B2334144747941N11959104WA0021900220
B2334154747941N11959104WA0021900221
B2334164747941N11959104WA0021900221
B2334174747941N11959104WA0021900221
B2334184747941N11959104WA0021900221
B2334194747941N11959104WA0021900221
B2334204747940N11959104WA0021900221
B2334214747940N11959104WA0021900221
B2334224747940N11959104WA0021900221
B2334234747940N11959104WA0021900221
B2334244747940N11959104WA0021900221
B2334254747940N11959104WA0021900221
B2334264747940N11959104WA0021900221
B2334274747940N11959104WA0021900220
B2334284747940N11959104WA0021900220
B2334294747940N11959105WA0021900220
B2334304747940N11959105WA0021900220
B2334314747940N11959105WA0021900219
B2334324747940N11959105WA0021900219
B2334334747940N11959105WA0021900219
B2334344747940N11959105WA0021900219
B2334354747940N11959105WA0021900219
B2334364747941N11959105WA0021900218
B2334374747941N11959105WA0021900218
B2334384747941N11959105WA0021900218
B2334394747941N11959105WA0021900218
B2334404747941N11959105WA0021900218
B2334414747941N11959105WA0021900218
B2334424747941N11959105WA0021900218
B2334434747941N11959105WA0021900218
B2334444747941N11959105WA0021900218
B2334454747941N11959105WA0021900218
B2334464747941N11959105WA0021900218
B2334474747941N11959105WA0021900218
B2334484747941N11959105WA0021900218
B2334494747941N11959105WA0021900218
B2334504747941N11959105WA0021900219
B2334514747941N11959105WA0021900219
B2334524747941N11959105WA0021900219
B2334534747941N11959105WA0021900219
B2334544747941N11959105WA0021900219
B2334554747941N11959105WA0021900219
B2334564747941N11959105WA0021900220
B2334574747941N11959105WA0021900220
B2334584747941N11959105WA0021900220
B2334594747941N11959105WA0021900220
B2335004747941N11959105WA0021900220
B2335014747941N11959105WA0021900220
B2335024747941N11959105WA0021900220
B2335034747941N11959105WA0021900221
B2335044747941N11959106WA0021900220
B2335054747941N11959106WA0021900220
B2335064747941N11959106WA0021900220
B2335074747941N11959106WA0021900220
B2335084747941N11959107WA0021900219
B2335094747941N11959107WA0021900219
B2335104747941N11959107WA0021900219
B2335114747941N11959107WA0021900218
B2335124747941N11959107WA0021900218
B2335134747941N11959107WA0021900218
B2335144747941N11959107WA0021900219
B2335154747941N11959107WA0021900219
B2335164747941N11959107WA0021900219
B2335174747941N11959107WA0021900219
B2335184747941N11959107WA0021900219
B2335194747941N11959107WA0021900219
B2335204747940N11959107WA0021900219
B2335214747940N11959108WA0021900220
B2335224747940N11959109WA0021900219
B2335234747940N11959109WA0021900220
B2335244747940N11959109WA0021900220
B2335254747940N11959109WA0021900220
B2335264747940N11959109WA0021900220
B2335274747940N11959109WA0021900219
B2335284747939N11959109WA0021900220
B2335294747939N11959109WA0021900219
B2335304747939N11959110WA0021900220
B2335314747939N11959110WA0021800220
B2335324747939N11959110WA0021900220
B2335334747939N11959110WA0021900220
B2335344747939N11959110WA0022000220
B2335354747939N11959110WA0021900220
B2335364747939N11959109WA0022000220
B2335374747939N11959109WA0022000220
B2335384747938N11959110WA0022000220
B2335394747937N11959110WA0022000220
B2335404747936N11959110WA0022000221
B2335414747936N11959110WA0022000221
B2335424747935N11959110WA0021900221
B2335434747935N11959111WA0022000221
B2335444747934N11959111WA0021900221
B2335454747933N11959111WA0021900221
B2335464747933N11959110WA0021800220
B2335474747933N11959110WA0021800220
B2335484747932N11959110WA0021900219
B2335494747932N11959110WA0021900220
B2335504747931N11959110WA0022000220
B2335514747931N11959110WA0022000220
B2335524747929N11959110WA0021900220
B2335534747929N11959110WA0021900220
B2335544747928N11959110WA0021900219
B2335554747928N11959111WA0021900218
B2335564747927N11959111WA0021900217
B2335574747926N11959111WA0021900217
B2335584747926N11959112WA0021800217
B2335594747925N11959112WA0021900217
B2336004747925N11959113WA0021800217
B2336014747924N11959113WA0021900218
B2336024747924N11959114WA0022000218
B2336034747924N11959114WA0022000217
B2336044747924N11959115WA0022100218
B2336054747924N11959115WA0022100218
B2336064747924N11959116WA0022100219
B2336074747923N11959117WA0022100219
B2336084747924N11959118WA0022100219
B2336094747924N11959118WA0022100220
B2336104747924N11959118WA0022000219
B2336114747924N11959119WA0022000219
B2336124747924N11959119WA0022000218
B2336134747924N11959119WA0022000219
B2336144747924N11959119WA0022000219
B2336154747924N11959119WA0022000219
B2336164747924N11959119WA0022000219
B2336174747924N11959119WA0022000219
B2336184747924N11959119WA0022000219
B2336194747924N11959119WA0022000219
B2336204747924N11959119WA0022000219
B2336214747924N11959119WA0022000219
B2336224747924N11959119WA0021900220
B2336234747924N11959119WA0021900220
B2336244747924N11959119WA0021900219
B2336254747924N11959119WA0021900219
B2336264747924N11959119WA0021900220
B2336274747924N11959119WA0021900219
B2336284747924N11959119WA0021900219
B2336294747924N11959119WA0021900220
B2336304747924N11959119WA0021900219
B2336314747924N11959119WA0021900219
B2336324747924N11959119WA0021900220
B2336334747924N11959119WA0021900221
B2336344747924N11959119WA0021900221
B2336354747924N11959119WA0021900221
B2336364747924N11959119WA0021900221
B2336374747924N11959119WA0021900221
B2336384747924N11959119WA0021900221
B2336394747924N11959119WA0021900221
B2336404747924N11959119WA0021900221
B2336414747924N11959119WA0021900221
B2336424747924N11959119WA0021900221
B2336434747924N11959119WA0021900221
B2336444747924N11959119WA0021900221
B2336454747924N11959119WA0021900221
B2336464747924N11959119WA0021900221
B2336474747924N11959119WA0021900221
B2336484747924N11959119WA0021900221
B2336494747924N11959119WA0021900221
B2336504747924N11959119WA0021900221
B2336514747924N11959119WA0021900220
B2336524747924N11959119WA0021900220
B2336534747924N11959119WA0021900220
B2336544747924N11959119WA0021900220
B2336554747924N11959119WA0021900220
B2336564747924N11959119WA0021900220
B2336574747924N11959119WA0021900220
B2336584747924N11959119WA0021900220
B2336594747924N11959119WA0021900220
B2337004747924N11959118WA0021900220
B2337014747924N11959118WA0021900220
B2337024747924N11959118WA0021900220
B2337034747924N11959118WA0021900220
B2337044747924N11959118WA0021900220
B2337054747924N11959118WA0021900220
B2337064747924N11959118WA0021900219
B2337074747924N11959118WA0021900219
B2337084747924N11959118WA0021900219
B2337094747924N11959118WA0021900219
B2337104747924N11959118WA0021900219
B2337114747924N11959118WA0021900219
B2337124747924N11959118WA0021900219
B2337134747924N11959118WA0021900219
B2337144747924N11959118WA0021900219
B2337154747924N11959118WA0021900219
B2337164747924N11959118WA0021900219
B2337174747924N11959118WA0021900219
B2337184747924N11959118WA0021900219
B2337194747924N11959118WA0021900219
B2337204747924N11959118WA0021900219
B2337214747924N11959118WA0021900219
B2337224747924N11959118WA0021900219
B2337234747924N11959118WA0021900219
B2337244747924N11959118WA0021900219
B2337254747924N11959119WA0021900219
B2337264747924N11959119WA0021900219
B2337274747924N11959119WA0021900219
B2337284747925N11959119WA0021900219
B2337294747925N11959119WA0021900218
B2337304747925N11959119WA0021900218
B2337314747925N11959119WA0021900218
B2337324747925N11959119WA0021900218
B2337334747925N11959119WA0021900218
B2337344747925N11959119WA0021900218
B2337354747925N11959119WA0021900218
B2337364747925N11959119WA0021900217
B2337374747925N11959119WA0021900217
B2337384747925N11959119WA0021900217
B2337394747925N11959119WA0021900217
B2337404747925N11959119WA0022000216
B2337414747925N11959119WA0021900216
B2337424747925N11959119WA0021900216
B2337434747925N11959119WA0022000216
B2337444747924N11959119WA0022000216
B2337454747924N11959119WA0022000216
B2337464747924N11959119WA0022000216
B2337474747924N11959119WA0022000216
B2337484747924N11959119WA0022000216
B2337494747924N11959119WA0022000216
B2337504747924N11959119WA0022000217
B2337514747924N11959119WA0022000216
B2337524747924N11959119WA0022000217
B2337534747924N11959119WA0022000217
B2337544747924N11959119WA0022000217
B2337554747924N11959119WA0022000217
B2337564747924N11959119WA0022000217
B2337574747924N11959119WA0022000217
B2337584747924N11959119WA0022000217
B2337594747924N11959119WA0022000217
B2338004747924N11959119WA0022000217
B2338014747924N11959119WA0022000217
B2338024747924N11959119WA0022000217
B2338034747924N11959119WA0022000217
B2338044747924N11959119WA0022000217
B2338054747924N11959120WA0022000217
B2338064747924N11959120WA0022000217
B2338074747924N11959120WA0022000217
B2338084747924N11959120WA0022000217
B2338094747924N11959120WA0022000217
B2338104747925N11959120WA0022000217
B2338114747925N11959120WA0022000217
B2338124747925N11959120WA0022000217
B2338134747925N11959120WA0022000217
B2338144747925N11959120WA0022000217
B2338154747925N11959121WA0022000217
B2338164747925N11959121WA0022000217
B2338174747925N11959121WA0022000217
B2338184747925N11959121WA0021900217
B2338194747925N11959121WA0021900217
B2338204747925N11959121WA0021900217
B2338214747925N11959121WA0021900217
B2338224747925N11959121WA0021900217
B2338234747925N11959121WA0021900217
B2338244747925N11959121WA0021900217
B2338254747925N11959121WA0021900217
B2338264747925N11959121WA0021900217
B2338274747925N11959121WA0021900217
B2338284747925N11959121WA0021900217
B2338294747925N11959121WA0021900217
B2338304747925N11959121WA0021900218
B2338314747925N11959121WA0021900218
B2338324747925N11959120WA0022000218
B2338334747924N11959120WA0022000218
B2338344747924N11959120WA0022000218
B2338354747924N11959120WA0021900218
B2338364747924N11959120WA0021900218
B2338374747925N11959120WA0021900218
B2338384747925N11959120WA0021900218
B2338394747925N11959120WA0021900218
B2338404747925N11959120WA0021900219
B2338414747925N11959120WA0022000219
B2338424747924N11959120WA0022000219
B2338434747924N11959120WA0021900219
B2338444747924N11959119WA0021900219
B2338454747924N11959119WA0022000219
B2338464747924N11959119WA0022000219
B2338474747924N11959119WA0022000219
B2338484747924N11959119WA0022000219
B2338494747924N11959119WA0022000219
B2338504747924N11959120WA0022000219
B2338514747924N11959120WA0022000219
B2338524747924N11959120WA0022000219
B2338534747924N11959120WA0022000219
B2338544747924N11959120WA0022000219
B2338554747924N11959120WA0022000219
B2338564747924N11959120WA0022000219
B2338574747924N11959120WA0022000219
B2338584747924N11959119WA0022000220
B2338594747924N11959119WA0022000220
B2339004747924N11959119WA0022000220
B2339014747924N11959119WA0022000220
B2339024747924N11959119WA0022000220
B2339034747924N11959119WA0022000220
B2339044747924N11959119WA0022000220
B2339054747924N11959119WA0022000220
B2339064747924N11959119WA0022000220
B2339074747924N11959120WA0022000220
B2339084747924N11959120WA0022000220
B2339094747924N11959120WA0022000220
B2339104747924N11959120WA0022000221
B2339114747924N11959120WA0022000220
B2339124747925N11959120WA0022000221
B2339134747925N11959120WA0022000221
B2339144747925N11959120WA0022000220
B2339154747925N11959120WA0022000220
B2339164747925N11959120WA0022000220
B2339174747925N11959120WA0022000220
B2339184747925N11959120WA0022000220
B2339194747925N11959120WA0022000220
B2339204747925N11959120WA0022000220
B2339214747925N11959120WA0022000220
B2339224747925N11959120WA0022000220
B2339234747925N11959120WA0022000219
B2339244747925N11959120WA0022000219
B2339254747925N11959120WA0022000219
B2339264747925N11959120WA0022000219
B2339274747925N11959120WA0022000219
B2339284747925N11959120WA0022000219
B2339294747925N11959120WA0022000219
B2339304747925N11959120WA0022000219
B2339314747925N11959120WA0022000219
B2339324747925N11959121WA0022000219
B2339334747925N11959121WA0022000219
B2339344747925N11959121WA0022000219
B2339354747925N11959121WA0022000219
B2339364747925N11959121WA0022000219
B2339374747925N11959121WA0022000219
B2339384747925N11959121WA0022000219
B2339394747925N11959121WA0022000219
B2339404747925N11959121WA0022000219
B2339414747925N11959121WA0022000219
B2339424747925N11959121WA0022000219
B2339434747925N11959121WA0022000219
B2339444747925N11959121WA0022000219
B2339454747925N11959121WA0022000219
B2339464747925N11959121WA0022000219
B2339474747925N11959121WA0022000219
B2339484747925N11959121WA0022000219
B2339494747925N11959121WA0022000219
B2339504747925N11959121WA0022000218
B2339514747925N11959121WA0022000218
B2339524747925N11959121WA0022000218
B2339534747925N11959121WA0022000218
B2339544747925N11959121WA0022000218
B2339554747925N11959121WA0022000218
B2339564747925N11959121WA0022000217
B2339574747925N11959121WA0022000217
B2339584747925N11959121WA0022000217
B2339594747925N11959121WA0022000217
B2340004747925N11959120WA0022000217
B2340014747925N11959120WA0022000217
B2340024747925N11959120WA0022000218
B2340034747925N11959120WA0022000218
B2340044747925N11959120WA0022000218
B2340054747925N11959120WA0022000218
B2340064747925N11959120WA0022000218
B2340074747925N11959120WA0022000218
B2340084747925N11959120WA0022000218
B2340094747925N11959120WA0022000218
B2340104747925N11959120WA0022000218
B2340114747925N11959120WA0022000218
B2340124747925N11959120WA0022000218
B2340134747925N11959120WA0022000218
B2340144747925N11959120WA0022000218
B2340154747925N11959120WA0022000218
B2340164747925N11959119WA0022000218
B2340174747925N11959119WA0022000218
B2340184747925N11959119WA0022000218
B2340194747925N11959119WA0022000218
B2340204747925N11959119WA0022000218
B2340214747925N11959119WA0022000218
B2340224747925N11959119WA0022000218
B2340234747925N11959119WA0022000218
B2340244747925N11959119WA0022000218
B2340254747925N11959119WA0022000218
B2340264747925N11959119WA0022000218
B2340274747925N11959119WA0022000218
B2340284747925N11959119WA0022000218
B2340294747925N11959119WA0022000218
B2340304747925N11959119WA0022000218
B2340314747925N11959119WA0022000218
B2340324747925N11959119WA0022000217
B2340334747925N11959119WA0022000217
B2340344747925N11959119WA0022000217
B2340354747925N11959119WA0022000217
B2340364747925N11959118WA0022000217
B2340374747925N11959118WA0022000217
B2340384747925N11959118WA0022000217
B2340394747925N11959118WA0022000217
B2340404747925N11959118WA0022000217
B2340414747925N11959118WA0022000217
B2340424747925N11959118WA0022000217
B2340434747925N11959117WA0022000217
B2340444747925N11959117WA0022000217
B2340454747925N11959117WA0022000217
B2340464747925N11959117WA0022000217
B2340474747925N11959117WA0022000217
B2340484747925N11959117WA0022000217
B2340494747925N11959117WA0022000217
B2340504747925N11959117WA0022000217
B2340514747925N11959117WA0022000217
B2340524747925N11959117WA0022000217
B2340534747925N11959117WA0022000217
B2340544747925N11959117WA0022000217
B2340554747925N11959117WA0022000217
B2340564747925N11959117WA0022000217
B2340574747925N11959117WA0022000217
B2340584747925N11959117WA0022000217
B2340594747925N11959117WA0022000217
B2341004747925N11959117WA0022000217
B2341014747925N11959117WA0022000217
B2341024747925N11959117WA0022000217
B2341034747925N11959117WA0022000217
B2341044747925N11959117WA0022000217
B2341054747925N11959117WA0022000218
B2341064747925N11959117WA0022000218
B2341074747925N11959117WA0022000218
B2341084747925N11959117WA0022000218
B2341094747925N11959117WA0022000218
B2341104747925N11959117WA0022000218
B2341114747925N11959117WA0022000218
B2341124747925N11959118WA0022000218
B2341134747925N11959117WA0022000218
B2341144747925N11959117WA0022000218
B2341154747925N11959118WA0022000218
B2341164747925N11959118WA0022000218
B2341174747925N11959117WA0022000218
B2341184747925N11959117WA0022000218
B2341194747925N11959117WA0022000218
B2341204747925N11959117WA0022000218
B2341214747925N11959117WA0022000218
B2341224747925N11959117WA0022000218
B2341234747925N11959117WA0022000219
B2341244747925N11959117WA0022000219
B2341254747925N11959117WA0022000219
B2341264747925N11959117WA0022000219
B2341274747925N11959117WA0022000219
B2341284747925N11959116WA0022000219
B2341294747925N11959116WA0022000219
B2341304747925N11959116WA0022000220
B2341314747925N11959116WA0022000220
B2341324747925N11959116WA0022000220
B2341334747925N11959116WA0022000220
B2341344747925N11959116WA0022000220
B2341354747925N11959116WA0022000220
B2341364747925N11959116WA0022000220
B2341374747925N11959116WA0022000220
B2341384747925N11959116WA0022000220
B2341394747925N11959116WA0022000220
B2341404747925N11959117WA0022000220
B2341414747925N11959117WA0022000220
B2341424747925N11959117WA0022000220
B2341434747925N11959117WA0022000220
B2341444747925N11959117WA0022000220
B2341454747925N11959117WA0022000220
B2341464747925N11959117WA0022000220
B2341474747925N11959118WA0022000220
B2341484747925N11959118WA0022000220
B2341494747925N11959118WA0022000220
B2341504747925N11959118WA0022000220
B2341514747925N11959118WA0022000220
B2341524747925N11959118WA0022000220
B2341534747925N11959118WA0022000220
B2341544747925N11959118WA0022000220
B2341554747925N11959118WA0022000220
B2341564747925N11959118WA0022000220
B2341574747925N11959118WA0022000220
B2341584747925N11959119WA0022000220
B2341594747925N11959119WA0022000220
B2342004747925N11959119WA0022000220
B2342014747925N11959119WA0022000220
B2342024747925N11959119WA0022000220
B2342034747925N11959119WA0022000220
B2342044747925N11959119WA0022000220
B2342054747925N11959119WA0022000220
B2342064747925N11959119WA0022000220
B2342074747925N11959119WA0022000220
B2342084747925N11959119WA0022000220
B2342094747924N11959119WA0022000220
B2342104747924N11959120WA0022000220
B2342114747924N11959120WA0022000220
B2342124747924N11959120WA0022000220
B2342134747924N11959120WA0022000220
B2342144747924N11959120WA0022000220
B2342154747924N11959120WA0022000220
B2342164747924N11959120WA0022000220
B2342174747924N11959120WA0022000220
B2342184747924N11959120WA0022000220
B2342194747924N11959120WA0022000220
B2342204747924N11959120WA0022000220
B2342214747924N11959120WA0022000220
B2342224747924N11959120WA0022000220
B2342234747924N11959120WA0022000220
B2342244747924N11959120WA0022000220
B2342254747924N11959120WA0022000220
B2342264747924N11959120WA0022000220
B2342274747924N11959120WA0022000220
B2342284747924N11959120WA0022000221
B2342294747924N11959120WA0022000221
B2342304747924N11959120WA0022000221
B2342314747924N11959120WA0022000221
B2342324747924N11959120WA0022000221
B2342334747924N11959121WA0022000221
B2342344747924N11959121WA0022000221
B2342354747924N11959121WA0022000221
B2342364747924N11959121WA0022000221
B2342374747924N11959120WA0022000221
B2342384747924N11959120WA0022000221
B2342394747924N11959121WA0022000221
B2342404747924N11959121WA0022000221
B2342414747924N11959121WA0022000221
B2342424747924N11959121WA0022000221
B2342434747924N11959121WA0022000221
B2342444747924N11959121WA0022000220
B2342454747924N11959121WA0022000220
B2342464747924N11959121WA0022000220
B2342474747924N11959121WA0022000220
B2342484747924N11959121WA0022000220
B2342494747924N11959121WA0022000220
B2342504747924N11959121WA0022000219
B2342514747925N11959121WA0022000219
B2342524747925N11959121WA0022000219
B2342534747925N11959121WA0022000219
B2342544747925N11959121WA0022000219
B2342554747925N11959121WA0022000219
B2342564747925N11959121WA0022000219
B2342574747925N11959121WA0022000219
B2342584747925N11959121WA0022000219
B2342594747925N11959122WA0022000219
B2343004747925N11959122WA0022000219
B2343014747925N11959122WA0022000218
B2343024747925N11959122WA0022000218
B2343034747925N11959122WA0022000218
B2343044747925N11959122WA0022000218
B2343054747925N11959122WA0022000218
B2343064747925N11959122WA0022000218
B2343074747925N11959122WA0022000218
B2343084747925N11959122WA0022000218
B2343094747925N11959122WA0022000218
B2343104747925N11959122WA0022000218
B2343114747925N11959122WA0022000218
B2343124747925N11959122WA0022000218
B2343134747925N11959122WA0022000218
B2343144747925N11959122WA0022000218
B2343154747925N11959122WA0022000218
B2343164747925N11959122WA0022000218
B2343174747925N11959122WA0022000218
B2343184747925N11959122WA0022000218
B2343194747926N11959122WA0022000218
B2343204747926N11959122WA0022000218
B2343214747926N11959122WA0022000218
B2343224747926N11959122WA0022000218
B2343234747926N11959122WA0022000217
B2343244747926N11959122WA0022000217
B2343254747926N11959122WA0022000217
B2343264747926N11959122WA0022000217
B2343274747926N11959122WA0022000217
B2343284747925N11959122WA0022000217
B2343294747926N11959122WA0022000217
B2343304747926N11959122WA0022000217
B2343314747926N11959122WA0022000217
B2343324747926N11959122WA0022000216
B2343334747926N11959122WA0022000216
B2343344747926N11959122WA0022000216
B2343354747926N11959122WA0022000215
B2343364747926N11959122WA0022000215
B2343374747925N11959122WA0022000215
B2343384747925N11959122WA0022000215
B2343394747925N11959122WA0022000215
B2343404747925N11959122WA0022000215
B2343414747925N11959122WA0022000214
B2343424747925N11959122WA0022000214
B2343434747925N11959122WA0022000214
B2343444747925N11959122WA0022000214
B2343454747925N11959122WA0022000214
B2343464747925N11959122WA0022000214
B2343474747925N11959122WA0022000214
B2343484747925N11959122WA0022000214
B2343494747925N11959122WA0022000214
B2343504747925N11959122WA0022000214
B2343514747925N11959122WA0022000214
B2343524747925N11959122WA0022000214
B2343534747925N11959122WA0022000214
B2343544747925N11959122WA0022000214
B2343554747925N11959122WA0022000214
B2343564747925N11959122WA0022000214
B2343574747925N11959122WA0022000215
B2343584747925N11959122WA0022000215
B2343594747925N11959122WA0022000215
B2344004747925N11959122WA0022000215
B2344014747925N11959122WA0022000215
B2344024747925N11959122WA0022000215
B2344034747925N11959122WA0022000215
B2344044747925N11959122WA0022000215
B2344054747925N11959122WA0022000215
B2344064747925N11959122WA0022000215
B2344074747925N11959122WA0022000215
B2344084747925N11959122WA0022000215
B2344094747925N11959122WA0022000215
B2344104747925N11959122WA0022000215
B2344114747925N11959122WA0022000215
B2344124747925N11959122WA0022000216
B2344134747925N11959122WA0022000216
B2344144747925N11959122WA0022000216
B2344154747925N11959122WA0022000216
B2344164747925N11959122WA0022000216
B2344174747925N11959122WA0022000216
B2344184747925N11959122WA0022000216
B2344194747925N11959122WA0022000216
B2344204747925N11959121WA0022000216
B2344214747925N11959121WA0022000216
B2344224747925N11959122WA0022000216
B2344234747925N11959122WA0022000216
B2344244747925N11959122WA0022000216
B2344254747925N11959121WA0022000217
B2344264747925N11959121WA0022000217
B2344274747925N11959121WA0022000217
B2344284747925N11959121WA0022000217
B2344294747925N11959121WA0022000217
B2344304747925N11959121WA0022000217
B2344314747925N11959120WA0022000218
B2344324747925N11959120WA0022000218
B2344334747925N11959120WA0022000218
B2344344747925N11959120WA0022000218
B2344354747925N11959120WA0022000218
B2344364747925N11959120WA0022000218
B2344374747925N11959120WA0022000218
B2344384747925N11959120WA0022000218
B2344394747925N11959120WA0022000218
B2344404747925N11959120WA0022000218
B2344414747925N11959120WA0022000218
B2344424747925N11959120WA0022000218
B2344434747925N11959120WA0022000218
B2344444747925N11959120WA0022000218
B2344454747925N11959120WA0022000218
B2344464747925N11959120WA0022000218
B2344474747925N11959120WA0022000218
B2344484747925N11959120WA0022000218
B2344494747925N11959120WA0022000218
B2344504747925N11959120WA0022000218
B2344514747925N11959120WA0022000218
B2344524747925N11959119WA0022000218
B2344534747925N11959119WA0022000219
B2344544747925N11959119WA0022000219
B2344554747925N11959119WA0022000219
B2344564747925N11959119WA0022000219
B2344574747925N11959119WA0022000219
B2344584747925N11959119WA0022000219
B2344594747925N11959119WA0022000219
B2345004747925N11959119WA0022000219
B2345014747925N11959119WA0022000219
B2345024747925N11959119WA0022000219
B2345034747925N11959119WA0022000219
B2345044747925N11959119WA0022000219
B2345054747925N11959119WA0022000219
B2345064747925N11959119WA0022000219
B2345074747925N11959119WA0022000219
B2345084747925N11959119WA0022000219
B2345094747925N11959119WA0022000219
B2345104747925N11959119WA0022000218
B2345114747925N11959119WA0022000218
B2345124747925N11959119WA0022000218
B2345134747925N11959119WA0022000218
B2345144747925N11959119WA0022000218
B2345154747925N11959119WA0022000218
B2345164747925N11959119WA0022000218
B2345174747925N11959119WA0022000218
B2345184747925N11959119WA0022000218
B2345194747925N11959119WA0022000217
B2345204747925N11959119WA0022000217
B2345214747925N11959119WA0022000217
B2345224747925N11959119WA0022000217
B2345234747925N11959119WA0022000217
B2345244747925N11959119WA0022000217
B2345254747925N11959119WA0022000217
B2345264747925N11959119WA0022000217
B2345274747925N11959119WA0022000217
B2345284747925N11959119WA0022000217
B2345294747925N11959119WA0022000217
B2345304747925N11959120WA0022000217
B2345314747925N11959120WA0022000217
B2345324747925N11959120WA0022000217
B2345334747925N11959120WA0022000217
B2345344747925N11959120WA0022000217
B2345354747925N11959120WA0022000217
B2345364747925N11959120WA0022000217
B2345374747925N11959120WA0022000217
B2345384747925N11959121WA0022000217
B2345394747925N11959121WA0022000217
B2345404747925N11959121WA0022000217
B2345414747925N11959121WA0022000217
B2345424747925N11959120WA0022000217
B2345434747925N11959120WA0022000217
B2345444747925N11959121WA0022000217
B2345454747925N11959121WA0022000217
B2345464747925N11959121WA0022000217
B2345474747925N11959121WA0022000217
B2345484747925N11959121WA0022000217
B2345494747925N11959121WA0022000217
B2345504747925N11959121WA0022000217
B2345514747925N11959121WA0022000217
B2345524747925N11959120WA0022000217
B2345534747924N11959120WA0022000217
B2345544747924N11959120WA0022000217
B2345554747924N11959120WA0022000217
B2345564747925N11959120WA0022000217
B2345574747925N11959120WA0022000217
B2345584747925N11959121WA0022000217
B2345594747925N11959121WA0022000217
B2346004747925N11959121WA0022000217
B2346014747925N11959121WA0022000217
B2346024747925N11959121WA0022000218
B2346034747925N11959120WA0022000218
B2346044747925N11959120WA0022000218
B2346054747925N11959120WA0022000218
B2346064747925N11959120WA0022000218
B2346074747925N11959120WA0022000218
B2346084747925N11959120WA0022000218
B2346094747925N11959120WA0022000218
B2346104747925N11959120WA0022000218
B2346114747925N11959120WA0022000218
B2346124747925N11959121WA0022000219
B2346134747925N11959121WA0022000219
B2346144747925N11959121WA0022000219
B2346154747925N11959121WA0022000219
B2346164747924N11959121WA0022000219
B2346174747924N11959121WA0022000219
B2346184747924N11959121WA0022000219
B2346194747924N11959120WA0022000219
B2346204747924N11959120WA0022000219
B2346214747924N11959120WA0022000220
B2346224747924N11959120WA0022000220
B2346234747924N11959120WA0022000220
B2346244747924N11959120WA0022000220
B2346254747924N11959120WA0022000220
B2346264747924N11959120WA0022000220
B2346274747924N11959120WA0022000220
B2346284747924N11959120WA0022000220
B2346294747924N11959120WA0022000220
B2346304747924N11959120WA0022000220
B2346314747924N11959120WA0022000220
B2346324747924N11959120WA0022000220
B2346334747924N11959120WA0022000220
B2346344747924N11959120WA0022000220
B2346354747924N11959120WA0022000220
B2346364747924N11959120WA0022000220
B2346374747924N11959120WA0022000221
B2346384747924N11959120WA0022000221
B2346394747924N11959120WA0022000221
B2346404747924N11959120WA0022000221
B2346414747924N11959120WA0022000221
B2346424747924N11959120WA0022000221
B2346434747924N11959120WA0022000221
B2346444747924N11959120WA0022000221
B2346454747924N11959120WA0022000221
B2346464747924N11959120WA0022000221
B2346474747924N11959119WA0022000221
B2346484747924N11959119WA0022000221
B2346494747924N11959119WA0022000222
B2346504747924N11959119WA0022000221
B2346514747924N11959119WA0022000221
B2346524747924N11959119WA0022000222
B2346534747924N11959119WA0022000222
B2346544747924N11959119WA0022000222
B2346554747924N11959119WA0022000222
B2346564747925N11959119WA0022000222
B2346574747925N11959119WA0022000222
B2346584747925N11959119WA0022000222
B2346594747925N11959119WA0022000222
B2347004747925N11959119WA0022000222
B2347014747925N11959119WA0022000221
B2347024747925N11959119WA0022000221
B2347034747925N11959119WA0022000221
B2347044747925N11959119WA0022000221
B2347054747925N11959119WA0022000221
B2347064747925N11959119WA0022000222
B2347074747925N11959119WA0022000222
B2347084747925N11959119WA0022000222
B2347094747925N11959119WA0022000222
B2347104747925N11959119WA0022000222
B2347114747925N11959119WA0022000222
B2347124747925N11959118WA0022000222
B2347134747925N11959118WA0022000222
B2347144747925N11959119WA0022000222
B2347154747925N11959119WA0022000222
B2347164747925N11959119WA0022000222
B2347174747925N11959119WA0022000222
B2347184747925N11959119WA0022000221
B2347194747925N11959120WA0022000221
B2347204747925N11959120WA0022000221
B2347214747925N11959120WA0022100221
B2347224747925N11959120WA0022100221
B2347234747925N11959121WA0022000221
B2347244747925N11959121WA0022000220
B2347254747925N11959121WA0022000220
B2347264747925N11959121WA0022000220
B2347274747925N11959121WA0022000220
B2347284747925N11959121WA0022000220
B2347294747925N11959121WA0022000220
B2347304747925N11959121WA0022000219
B2347314747925N11959121WA0022000219
B2347324747925N11959121WA0022000219
B2347334747925N11959121WA0022000219
B2347344747925N11959121WA0022000219
B2347354747925N11959121WA0022000219
B2347364747925N11959121WA0022100219
B2347374747925N11959121WA0022100218
B2347384747925N11959121WA0022100218
B2347394747925N11959121WA0022100218
B2347404747925N11959121WA0022100218
B2347414747925N11959121WA0022000218
B2347424747925N11959121WA0022100218
B2347434747925N11959121WA0022100218
B2347444747926N11959121WA0022100218
B2347454747926N11959121WA0022100218
B2347464747926N11959121WA0022100217
B2347474747926N11959121WA0022100217
B2347484747926N11959121WA0022100217
B2347494747926N11959121WA0022000217
B2347504747926N11959120WA0022000216
B2347514747926N11959120WA0022000216
B2347524747926N11959120WA0022000216
B2347534747926N11959120WA0022000215
B2347544747926N11959120WA0022000215
B2347554747926N11959120WA0022000215
B2347564747926N11959120WA0022000215
B2347574747926N11959120WA0022000215
B2347584747925N11959120WA0022000215
B2347594747925N11959120WA0022000215
B2348004747925N11959120WA0022000215
B2348014747925N11959120WA0022000215
B2348024747925N11959120WA0022000215
B2348034747925N11959120WA0022000215
B2348044747925N11959120WA0022000216
B2348054747925N11959120WA0022000216
B2348064747925N11959120WA0022000216
B2348074747925N11959120WA0022000216
B2348084747925N11959120WA0022000216
B2348094747925N11959120WA0022000216
B2348104747925N11959120WA0022000216
B2348114747925N11959120WA0022000216
B2348124747925N11959120WA0022000216
B2348134747925N11959120WA0022000217
B2348144747925N11959120WA0022000216
B2348154747925N11959120WA0022000216
B2348164747925N11959119WA0022000217
B2348174747925N11959119WA0022000216
B2348184747925N11959119WA0022000216
B2348194747925N11959119WA0022000216
B2348204747925N11959119WA0022000216
B2348214747925N11959119WA0022000216
B2348224747925N11959119WA0022000216
B2348234747925N11959119WA0022000216
B2348244747925N11959119WA0022000216
B2348254747925N11959119WA0022000216
B2348264747925N11959119WA0022000217
B2348274747925N11959119WA0022000217
B2348284747925N11959119WA0022000217
B2348294747925N11959119WA0022000217
B2348304747925N11959119WA0022000217
B2348314747925N11959119WA0022000217
B2348324747925N11959120WA0022000217
B2348334747925N11959120WA0022000218
B2348344747925N11959120WA0022000218
B2348354747925N11959120WA0022000218
B2348364747925N11959120WA0022000217
B2348374747925N11959120WA0022000217
B2348384747925N11959120WA0022000217
B2348394747925N11959120WA0022000217
B2348404747925N11959120WA0022000217
B2348414747925N11959120WA0022000217
B2348424747925N11959120WA0022000217
B2348434747925N11959120WA0022000217
B2348444747925N11959120WA0022000217
B2348454747925N11959120WA0022000217
B2348464747925N11959120WA0022000216
B2348474747925N11959120WA0022000216
B2348484747925N11959120WA0022100216
B2348494747925N11959120WA0022100216
B2348504747925N11959120WA0022100216
B2348514747925N11959119WA0022100216
B2348524747925N11959119WA0022100216
B2348534747925N11959119WA0022100216
B2348544747925N11959119WA0022100216
B2348554747925N11959120WA0022000216
B2348564747925N11959120WA0022000216
B2348574747925N11959119WA0022000216
B2348584747925N11959119WA0022000216
B2348594747925N11959119WA0022000216
B2349004747925N11959119WA0022000216
B2349014747925N11959120WA0022000216
B2349024747925N11959120WA0022000216
B2349034747925N11959120WA0022000217
B2349044747925N11959120WA0022000217
B2349054747925N11959119WA0022000217
B2349064747925N11959119WA0022000217
B2349074747925N11959120WA0022000217
B2349084747925N11959120WA0022000217
B2349094747925N11959120WA0022000217
B2349104747925N11959119WA0022000217
B2349114747925N11959119WA0022000217
B2349124747925N11959119WA0022000217
B2349134747925N11959119WA0022000217
B2349144747925N11959119WA0022000217
B2349154747925N11959119WA0022000217
B2349164747925N11959119WA0022000217
B2349174747925N11959119WA0022000217
B2349184747925N11959119WA0022000217
B2349194747925N11959119WA0022000217
B2349204747925N11959119WA0022000218
B2349214747925N11959119WA0022000218
B2349224747925N11959119WA0022000218
B2349234747925N11959119WA0022000218
B2349244747925N11959119WA0022000218
B2349254747925N11959118WA0022000218
B2349264747925N11959118WA0022000218
B2349274747925N11959118WA0022000218
B2349284747925N11959118WA0022000218
B2349294747925N11959118WA0022100218
B2349304747925N11959118WA0022100218
B2349314747925N11959118WA0022100218
B2349324747925N11959118WA0022100218
B2349334747925N11959118WA0022100218
B2349344747925N11959118WA0022100218
B2349354747925N11959118WA0022100218
B2349364747925N11959118WA0022100218
B2349374747925N11959118WA0022100218
B2349384747925N11959118WA0022100218
B2349394747925N11959118WA0022100218
B2349404747925N11959118WA0022100218
B2349414747925N11959119WA0022100218
B2349424747925N11959119WA0022100218
B2349434747925N11959119WA0022100218
B2349444747925N11959119WA0022100218
B2349454747925N11959118WA0022100218
B2349464747925N11959118WA0022100218
B2349474747925N11959118WA0022100219
B2349484747925N11959118WA0022100219
B2349494747925N11959118WA0022100219
B2349504747925N11959118WA0022100220
B2349514747925N11959118WA0022100220
B2349524747925N11959118WA0022100220
B2349534747925N11959118WA0022100220
B2349544747925N11959118WA0022100220
B2349554747925N11959118WA0022100220
B2349564747925N11959118WA0022100220
B2349574747925N11959118WA0022100221
B2349584747925N11959118WA0022100221
B2349594747925N11959118WA0022100221
B2350004747924N11959118WA0022100221
B2350014747924N11959118WA0022100221
B2350024747924N11959118WA0022100221
B2350034747924N11959118WA0022100221
B2350044747924N11959118WA0022100221
B2350054747924N11959118WA0022100221
B2350064747924N11959118WA0022100222
B2350074747924N11959118WA0022100221
B2350084747924N11959118WA0022100221
B2350094747924N11959119WA0022100221
B2350104747925N11959119WA0022100221
B2350114747925N11959119WA0022100221
B2350124747925N11959119WA0022100221
B2350134747925N11959119WA0022100221
B2350144747925N11959119WA0022000221
B2350154747925N11959119WA0022000222
B2350164747925N11959119WA0022000222
B2350174747925N11959119WA0022000222
B2350184747925N11959119WA0022000222
B2350194747925N11959119WA0022000222
B2350204747924N11959119WA0022000222
B2350214747924N11959119WA0022000222
B2350224747924N11959119WA0022000222
B2350234747924N11959119WA0022000222
B2350244747924N11959118WA0022000222
B2350254747924N11959118WA0022000222
B2350264747924N11959118WA0022000222
B2350274747924N11959118WA0022000222
B2350284747924N11959118WA0022000222
B2350294747925N11959118WA0022000221
B2350304747925N11959118WA0022100221
B2350314747925N11959118WA0022100220
B2350324747925N11959118WA0022100220
B2350334747925N11959118WA0022100219
B2350344747925N11959118WA0022100219
B2350354747925N11959118WA0022100218
B2350364747925N11959118WA0022100218
B2350374747925N11959118WA0022100218
B2350384747925N11959118WA0022100218
B2350394747925N11959118WA0022000218
B2350404747925N11959118WA0022000218
B2350414747925N11959118WA0022000218
B2350424747925N11959118WA0022000218
B2350434747925N11959119WA0022000218
B2350444747925N11959119WA0022000217
B2350454747925N11959119WA0022000217
B2350464747925N11959119WA0022000217
B2350474747925N11959119WA0022000217
B2350484747925N11959119WA0022000217
B2350494747925N11959119WA0022000216
B2350504747925N11959119WA0022000216
B2350514747925N11959119WA0022000216
B2350524747925N11959119WA0022000217
B2350534747925N11959119WA0022000217
B2350544747925N11959119WA0022000216
B2350554747925N11959119WA0022000216
B2350564747925N11959119WA0022000216
B2350574747925N11959119WA0022000216
B2350584747925N11959119WA0022000216
B2350594747925N11959119WA0022000216
B2351004747925N11959119WA0022000216
B2351014747925N11959119WA0022000216
B2351024747925N11959119WA0022000216
B2351034747925N11959120WA0022000216
B2351044747925N11959120WA0022000216
B2351054747925N11959120WA0022000216
B2351064747925N11959119WA0022000216
B2351074747924N11959120WA0022000216
B2351084747924N11959120WA0022000216
B2351094747924N11959120WA0022000217
B2351104747924N11959120WA0022000217
B2351114747924N11959119WA0022000217
B2351124747924N11959119WA0022000217
B2351134747924N11959119WA0022000217
B2351144747924N11959119WA0022000217
B2351154747924N11959120WA0022000216
B2351164747924N11959120WA0022000216
B2351174747924N11959120WA0022000216
B2351184747924N11959120WA0022000217
B2351194747924N11959119WA0022000218
B2351204747924N11959119WA0022000218
B2351214747924N11959119WA0022000218
B2351224747924N11959119WA0022000218
B2351234747924N11959120WA0022000218
B2351244747924N11959121WA0022000217
B2351254747924N11959122WA0022000217
B2351264747924N11959122WA0022000218
B2351274747924N11959122WA0022000217
B2351284747924N11959122WA0022000217
B2351294747924N11959123WA0022000217
B2351304747924N11959123WA0022000217
B2351314747925N11959123WA0022000216
B2351324747925N11959123WA0022000216
B2351334747925N11959123WA0022000217
B2351344747925N11959123WA0022100216
B2351354747925N11959123WA0022100216
B2351364747925N11959123WA0022100216
B2351374747925N11959122WA0022100217
B2351384747925N11959122WA0022100217
B2351394747925N11959123WA0022100217
B2351404747925N11959123WA0022100217
B2351414747925N11959123WA0022100217
B2351424747925N11959123WA0022100217
B2351434747925N11959123WA0022100217
B2351444747925N11959123WA0022100217
B2351454747925N11959123WA0022100217
B2351464747925N11959123WA0022100217
B2351474747925N11959123WA0022100217
B2351484747925N11959123WA0022100217
B2351494747925N11959123WA0022100217
B2351504747925N11959123WA0022100217
B2351514747925N11959123WA0022100217
B2351524747925N11959123WA0022100217
B2351534747925N11959124WA0022100217
B2351544747925N11959124WA0022100217
B2351554747925N11959123WA0022100217
B2351564747925N11959123WA0022100217
B2351574747925N11959123WA0022100217
B2351584747925N11959122WA0022000217
B2351594747925N11959122WA0022000217
B2352004747925N11959122WA0022000217
B2352014747925N11959122WA0022000217
B2352024747925N11959121WA0022000217
B2352034747925N11959121WA0022100217
B2352044747925N11959121WA0022100218
B2352054747925N11959121WA0022100218
B2352064747925N11959121WA0022100218
B2352074747925N11959120WA0022100218
B2352084747925N11959120WA0022100218
B2352094747925N11959120WA0022100218
B2352104747925N11959120WA0022100218
B2352114747925N11959120WA0022100217
B2352124747925N11959120WA0022100217
B2352134747925N11959120WA0022100217
B2352144747924N11959120WA0022100217
B2352154747924N11959120WA0022100217
B2352164747924N11959120WA0022100217
B2352174747924N11959120WA0022100217
B2352184747924N11959120WA0022100217
B2352194747924N11959120WA0022100217
B2352204747924N11959120WA0022100217
B2352214747924N11959120WA0022100218
B2352224747924N11959120WA0022100218
B2352234747924N11959120WA0022100218
B2352244747924N11959120WA0022100218
B2352254747924N11959120WA0022100218
B2352264747924N11959120WA0022100218
B2352274747924N11959120WA0022100218
B2352284747924N11959120WA0022100218
B2352294747924N11959120WA0022100218
B2352304747924N11959120WA0022100219
B2352314747924N11959119WA0022100219
B2352324747924N11959119WA0022100219
B2352334747924N11959119WA0022100219
B2352344747924N11959119WA0022100219
B2352354747924N11959119WA0022100219
B2352364747924N11959119WA0022100219
B2352374747924N11959119WA0022100219
B2352384747924N11959119WA0022100219
B2352394747924N11959119WA0022100219
B2352404747924N11959120WA0022100219
B2352414747924N11959120WA0022100219
B2352424747924N11959120WA0022100219
B2352434747924N11959120WA0022100219
B2352444747924N11959120WA0022100218
B2352454747924N11959121WA0022100218
B2352464747924N11959121WA0022100218
B2352474747924N11959121WA0022100218
B2352484747924N11959121WA0022100217
B2352494747924N11959121WA0022100217
B2352504747924N11959121WA0022100217
B2352514747924N11959121WA0022100217
B2352524747924N11959121WA0022100216
B2352534747924N11959121WA0022100216
B2352544747924N11959121WA0022100216
B2352554747924N11959121WA0022100216
B2352564747924N11959121WA0022100216
B2352574747924N11959121WA0022100216
B2352584747924N11959121WA0022100216
B2352594747924N11959121WA0022100216
B2353004747924N11959121WA0022100216
B2353014747924N11959121WA0022100216
B2353024747924N11959121WA0022100216
B2353034747924N11959121WA0022100216
B2353044747924N11959121WA0022100216
B2353054747924N11959121WA0022100216
B2353064747924N11959121WA0022100216
B2353074747924N11959121WA0022100216
B2353084747924N11959121WA0022100216
B2353094747924N11959121WA0022100215
B2353104747924N11959121WA0022100215
B2353114747924N11959121WA0022100215
B2353124747924N11959121WA0022100215
B2353134747924N11959121WA0022100215
B2353144747924N11959121WA0022100215
B2353154747924N11959121WA0022100215
B2353164747924N11959121WA0022100215
B2353174747924N11959120WA0022100215
B2353184747924N11959120WA0022100215
B2353194747924N11959120WA0022100215
B2353204747924N11959120WA0022100215
B2353214747924N11959120WA0022100215
B2353224747924N11959120WA0022100215
B2353234747924N11959120WA0022100215
B2353244747924N11959120WA0022100215
B2353254747924N11959120WA0022100216
B2353264747924N11959120WA0022100217
B2353274747924N11959120WA0022100217
B2353284747924N11959119WA0022100217
B2353294747924N11959120WA0022100217
B2353304747924N11959120WA0022100217
B2353314747924N11959120WA0022100217
B2353324747924N11959119WA0022100217
B2353334747924N11959119WA0022100217
B2353344747924N11959119WA0022100218
B2353354747924N11959119WA0022100219
B2353364747924N11959119WA0022100219
B2353374747924N11959119WA0022100219
B2353384747924N11959119WA0022100218
B2353394747924N11959119WA0022100219
B2353404747924N11959119WA0022100218
B2353414747924N11959118WA0022100218
B2353424747924N11959119WA0022100217
B2353434747924N11959119WA0022100217
B2353444747924N11959119WA0022100217
B2353454747924N11959119WA0022100216
B2353464747924N11959119WA0022100216
B2353474747924N11959118WA0022100216
B2353484747924N11959118WA0022100216
B2353494747924N11959118WA0022100216
B2353504747924N11959119WA0022100216
B2353514747924N11959119WA0022100216
B2353524747924N11959118WA0022100216
B2353534747924N11959118WA0022100216
B2353544747924N11959118WA0022100217
B2353554747924N11959118WA0022100217
B2353564747924N11959118WA0022100217
B2353574747924N11959118WA0022100217
B2353584747924N11959118WA0022100217
B2353594747924N11959118WA0022100218
B2354004747924N11959118WA0022100218
B2354014747924N11959118WA0022100218
B2354024747924N11959118WA0022100218
B2354034747924N11959118WA0022100218
B2354044747924N11959118WA0022100219
B2354054747924N11959118WA0022100219
B2354064747924N11959118WA0022100219
B2354074747924N11959118WA0022100219
B2354084747924N11959118WA0022100219
B2354094747924N11959118WA0022100219
B2354104747924N11959118WA0022100219
B2354114747924N11959118WA0022100219
B2354124747924N11959118WA0022000219
B2354134747924N11959118WA0022000219
B2354144747924N11959118WA0022000220
B2354154747924N11959118WA0022000220
B2354164747924N11959118WA0022000220
B2354174747924N11959118WA0022000220
B2354184747924N11959118WA0022000219
B2354194747924N11959118WA0022000219
B2354204747924N11959118WA0022100219
B2354214747924N11959118WA0022100219
B2354224747924N11959118WA0022100219
B2354234747924N11959118WA0022100219
B2354244747924N11959118WA0022100219
B2354254747924N11959118WA0022100219
B2354264747924N11959118WA0022100219
B2354274747924N11959118WA0022100219
B2354284747924N11959118WA0022100219
B2354294747924N11959118WA0022100219
B2354304747924N11959118WA0022100220
B2354314747924N11959118WA0022100220
B2354324747924N11959118WA0022100220
B2354334747924N11959118WA0022100220
B2354344747924N11959118WA0022100220
B2354354747924N11959118WA0022100220
B2354364747924N11959118WA0022100220
B2354374747924N11959118WA0022100220
B2354384747924N11959118WA0022100220
B2354394747924N11959118WA0022100220
B2354404747924N11959118WA0022100220
B2354414747924N11959118WA0022100220
B2354424747924N11959118WA0022100221
B2354434747924N11959118WA0022100221
B2354444747924N11959119WA0022100220
B2354454747924N11959119WA0022100220
B2354464747924N11959119WA0022100220
B2354474747924N11959119WA0022100221
B2354484747924N11959119WA0022100220
B2354494747924N11959119WA0022100220
B2354504747924N11959119WA0022100220
B2354514747924N11959119WA0022100220
B2354524747924N11959118WA0022100220
B2354534747924N11959118WA0022100220
B2354544747924N11959118WA0022100220
B2354554747924N11959118WA0022100220
B2354564747925N11959118WA0022100220
B2354574747925N11959119WA0022100219
B2354584747925N11959119WA0022100219
B2354594747925N11959119WA0022100219
B2355004747925N11959119WA0022100219
B2355014747925N11959119WA0022100219
B2355024747925N11959119WA0022100219
B2355034747925N11959119WA0022100219
B2355044747925N11959119WA0022100219
B2355054747925N11959119WA0022100219
B2355064747925N11959119WA0022100219
B2355074747925N11959119WA0022100219
B2355084747925N11959119WA0022100219
B2355094747925N11959119WA0022100219
B2355104747925N11959119WA0022100219
B2355114747925N11959119WA0022100219
B2355124747925N11959119WA0022100219
B2355134747924N11959119WA0022100219
B2355144747924N11959119WA0022100219
B2355154747925N11959119WA0022100219
B2355164747924N11959118WA0022100219
B2355174747925N11959118WA0022100219
B2355184747925N11959118WA0022100219
B2355194747925N11959118WA0022100218
B2355204747925N11959118WA0022100218
B2355214747925N11959118WA0022100218
B2355224747925N11959118WA0022100218
B2355234747925N11959118WA0022100218
B2355244747925N11959118WA0022100218
B2355254747925N11959118WA0022100217
B2355264747925N11959118WA0022100217
B2355274747925N11959118WA0022100217
B2355284747925N11959118WA0022100217
B2355294747925N11959118WA0022100218
B2355304747925N11959118WA0022100217
B2355314747925N11959118WA0022100217
B2355324747925N11959118WA0022100217
B2355334747925N11959118WA0022100217
B2355344747925N11959118WA0022100217
B2355354747925N11959117WA0022100217
B2355364747925N11959117WA0022100217
B2355374747925N11959117WA0022100218
B2355384747925N11959117WA0022100218
B2355394747925N11959117WA0022100218
B2355404747925N11959117WA0022100218
B2355414747925N11959117WA0022100217
B2355424747925N11959117WA0022100217
B2355434747925N11959117WA0022100217
B2355444747925N11959117WA0022100217
B2355454747925N11959117WA0022100217
B2355464747925N11959117WA0022100217
B2355474747925N11959117WA0022100217
B2355484747925N11959117WA0022100217
B2355494747925N11959117WA0022100217
B2355504747925N11959117WA0022100217
B2355514747925N11959117WA0022100217
B2355524747925N11959117WA0022100217
B2355534747925N11959117WA0022100217
B2355544747925N11959117WA0022100217
B2355554747925N11959117WA0022100217
B2355564747925N11959117WA0022100217
B2355574747925N11959117WA0022100217
B2355584747925N11959117WA0022100217
B2355594747925N11959117WA0022100217
B2356004747925N11959117WA0022100217
B2356014747925N11959117WA0022100217
B2356024747925N11959118WA0022100218
B2356034747925N11959118WA0022100218
B2356044747925N11959118WA0022100218
B2356054747925N11959118WA0022100218
B2356064747925N11959118WA0022100219
B2356074747925N11959117WA0022100219
B2356084747925N11959117WA0022100219
B2356094747925N11959117WA0022100220
B2356104747925N11959118WA0022100220
B2356114747925N11959117WA0022100220
B2356124747925N11959117WA0022100220
B2356134747925N11959117WA0022100220
B2356144747925N11959117WA0022100220
B2356154747925N11959117WA0022100221
B2356164747925N11959117WA0022100221
B2356174747925N11959117WA0022100221
B2356184747925N11959117WA0022100221
B2356194747925N11959117WA0022100221
B2356204747925N11959117WA0022100221
B2356214747925N11959117WA0022100221
B2356224747925N11959117WA0022100222
B2356234747925N11959117WA0022100222
B2356244747925N11959117WA0022100222
B2356254747925N11959117WA0022100222
B2356264747925N11959117WA0022100222
B2356274747925N11959117WA0022100221
B2356284747925N11959117WA0022100221
B2356294747925N11959117WA0022100221
B2356304747925N11959117WA0022100221
B2356314747925N11959118WA0022100221
B2356324747925N11959118WA0022100221
B2356334747925N11959118WA0022100221
B2356344747925N11959118WA0022100221
B2356354747925N11959118WA0022100221
B2356364747925N11959118WA0022100221
B2356374747925N11959118WA0022100221
B2356384747925N11959118WA0022100221
B2356394747925N11959118WA0022100221
B2356404747925N11959118WA0022100221
B2356414747925N11959118WA0022100221
B2356424747925N11959118WA0022100221
B2356434747925N11959118WA0022100221
B2356444747925N11959118WA0022100221
B2356454747925N11959119WA0022100221
B2356464747925N11959119WA0022100220
B2356474747925N11959119WA0022100220
B2356484747925N11959119WA0022100220
B2356494747925N11959118WA0022100220
B2356504747925N11959118WA0022100220
B2356514747925N11959118WA0022100220
B2356524747925N11959118WA0022100220
B2356534747925N11959118WA0022100220
B2356544747925N11959118WA0022100219
B2356554747925N11959118WA0022100219
B2356564747925N11959118WA0022100219
B2356574747925N11959118WA0022100219
B2356584747925N11959118WA0022100219
B2356594747925N11959118WA0022100219
B2357004747925N11959118WA0022100219
B2357014747925N11959118WA0022100219
B2357024747925N11959118WA0022100218
B2357034747925N11959118WA0022100218
B2357044747925N11959118WA0022100218
B2357054747925N11959118WA0022100218
B2357064747925N11959119WA0022100218
B2357074747925N11959119WA0022100218
B2357084747925N11959119WA0022100217
B2357094747925N11959119WA0022100217
B2357104747925N11959119WA0022100217
B2357114747925N11959119WA0022100217
B2357124747925N11959119WA0022100217
B2357134747925N11959119WA0022100216
B2357144747925N11959119WA0022100216
B2357154747925N11959119WA0022100216
B2357164747925N11959119WA0022100216
B2357174747925N11959119WA0022100216
B2357184747925N11959119WA0022100216
B2357194747925N11959119WA0022100216
B2357204747925N11959119WA0022100216
B2357214747925N11959119WA0022100216
B2357224747925N11959119WA0022100216
B2357234747925N11959119WA0022100216
B2357244747925N11959119WA0022100216
B2357254747925N11959119WA0022100215
B2357264747925N11959119WA0022100215
B2357274747925N11959119WA0022100215
B2357284747925N11959119WA0022100214
B2357294747925N11959119WA0022100214
B2357304747925N11959119WA0022100214
B2357314747925N11959119WA0022100214
B2357324747925N11959119WA0022100213
B2357334747925N11959119WA0022100213
B2357344747925N11959119WA0022100213
B2357354747925N11959119WA0022100213
B2357364747925N11959119WA0022100213
B2357374747925N11959119WA0022100213
B2357384747925N11959119WA0022100213
B2357394747925N11959119WA0022100214
B2357404747925N11959119WA0022100214
B2357414747925N11959119WA0022100214
B2357424747925N11959119WA0022100214
B2357434747925N11959119WA0022100214
B2357444747925N11959119WA0022100215
B2357454747925N11959119WA0022100215
B2357464747925N11959119WA0022100215
B2357474747925N11959119WA0022100215
B2357484747925N11959119WA0022100215
B2357494747925N11959119WA0022100215
B2357504747925N11959119WA0022100215
B2357514747925N11959119WA0022100216
B2357524747925N11959119WA0022100216
B2357534747925N11959119WA0022100215
B2357544747925N11959119WA0022100215
B2357554747925N11959119WA0022100215
B2357564747925N11959119WA0022100215
B2357574747926N11959119WA0022100215
B2357584747926N11959119WA0022100216
B2357594747926N11959119WA0022100215
B2358004747926N11959119WA0022100215
B2358014747926N11959119WA0022100215
B2358024747926N11959119WA0022100215
B2358034747926N11959119WA0022100215
B2358044747926N11959119WA0022100215
B2358054747926N11959119WA0022100214
B2358064747926N11959119WA0022100214
B2358074747926N11959119WA0022100215
B2358084747926N11959119WA0022100215
B2358094747926N11959119WA0022100215
B2358104747926N11959119WA0022100216
B2358114747926N11959119WA0022100216
B2358124747926N11959119WA0022100216
B2358134747926N11959119WA0022100216
B2358144747926N11959119WA0022100217
B2358154747926N11959119WA0022100217
B2358164747926N11959119WA0022100217
B2358174747926N11959119WA0022100217
B2358184747926N11959119WA0022100217
B2358194747926N11959119WA0022100217
B2358204747926N11959118WA0022100217
B2358214747926N11959118WA0022100217
B2358224747926N11959118WA0022100218
B2358234747926N11959118WA0022100218
B2358244747926N11959118WA0022100218
B2358254747925N11959117WA0022100217
B2358264747925N11959117WA0022100218
B2358274747925N11959117WA0022100218
B2358284747925N11959117WA0022100218
B2358294747925N11959117WA0022100217
B2358304747925N11959117WA0022100217
B2358314747925N11959116WA0022100217
B2358324747925N11959116WA0022100217
B2358334747925N11959116WA0022100218
B2358344747925N11959116WA0022100218
B2358354747925N11959116WA0022100218
B2358364747925N11959116WA0022100218
B2358374747925N11959116WA0022100218
B2358384747925N11959116WA0022100219
B2358394747925N11959116WA0022100219
B2358404747925N11959116WA0022100219
B2358414747925N11959116WA0022100219
B2358424747924N11959116WA0022100219
B2358434747924N11959116WA0022100220
B2358444747924N11959116WA0022100220
B2358454747924N11959116WA0022100220
B2358464747924N11959116WA0022100220
B2358474747924N11959116WA0022100220
B2358484747924N11959116WA0022100220
B2358494747924N11959116WA0022100220
B2358504747924N11959116WA0022100220
B2358514747924N11959116WA0022100220
B2358524747924N11959116WA0022100220
B2358534747924N11959116WA0022100219
B2358544747924N11959116WA0022100219
B2358554747925N11959116WA0022100219
B2358564747925N11959116WA0022100219
B2358574747925N11959116WA0022100219
B2358584747925N11959116WA0022100218
B2358594747925N11959116WA0022100218
B2359004747925N11959116WA0022100218
B2359014747925N11959116WA0022100218
B2359024747925N11959116WA0022100217
B2359034747925N11959116WA0022100217
B2359044747925N11959117WA0022100217
B2359054747925N11959117WA0022100216
B2359064747925N11959117WA0022100216
B2359074747925N11959117WA0022100216
B2359084747925N11959117WA0022100216
B2359094747925N11959117WA0022100216
B2359104747925N11959117WA0022100216
B2359114747925N11959117WA0022100216
B2359124747925N11959117WA0022100216
B2359134747925N11959117WA0022100216
B2359144747925N11959117WA0022100216
B2359154747925N11959117WA0022100216
B2359164747925N11959117WA0022100215
B2359174747925N11959117WA0022100215
B2359184747925N11959117WA0022100215
B2359194747925N11959117WA0022100215
B2359204747925N11959117WA0022100215
B2359214747925N11959117WA0022100215
B2359224747925N11959117WA0022100215
B2359234747925N11959118WA0022100215
B2359244747925N11959118WA0022100216
B2359254747925N11959118WA0022100216
B2359264747925N11959118WA0022100216
B2359274747925N11959118WA0022100216
B2359284747925N11959118WA0022100216
B2359294747925N11959118WA0022100216
B2359304747925N11959118WA0022100216
B2359314747925N11959118WA0022100216
B2359324747925N11959118WA0022100216
B2359334747925N11959118WA0022100216
B2359344747925N11959118WA0022100216
B2359354747925N11959118WA0022100215
B2359364747925N11959118WA0022100215
B2359374747925N11959118WA0022100215
B2359384747925N11959118WA0022100215
B2359394747925N11959118WA0022100215
B2359404747925N11959118WA0022100215
B2359414747925N11959118WA0022100215
B2359424747925N11959118WA0022100215
B2359434747925N11959118WA0022100215
B2359444747925N11959118WA0022100215
B2359454747925N11959118WA0022100215
B2359464747925N11959118WA0022100215
B2359474747925N11959118WA0022100215
B2359484747925N11959118WA0022100215
B2359494747925N11959118WA0022100215
B2359504747925N11959118WA0022100215
B2359514747925N11959118WA0022100215
B2359524747925N11959118WA0022100215
B2359534747925N11959118WA0022100215
B2359544747925N11959118WA0022100215
B2359554747925N11959118WA0022100215
B2359564747925N11959118WA0022100215
B2359574747925N11959118WA0022100215
B2359584747925N11959118WA0022100215
B2359594747925N11959118WA0022100215
B0000004747925N11959118WA0022100215
B0000014747925N11959118WA0022100215
B0000024747925N11959118WA0022100215
B0000034747925N11959118WA0022100215
B0000044747925N11959118WA0022100215
B0000054747925N11959118WA0022100215
B0000064747925N11959119WA0022100215
B0000074747925N11959119WA0022100215
B0000084747925N11959119WA0022100215
B0000094747925N11959119WA0022100215
B0000104747925N11959119WA0022100215
B0000114747925N11959119WA0022100215
B0000124747925N11959119WA0022100215
B0000134747925N11959119WA0022100215
B0000144747925N11959119WA0022100215
B0000154747925N11959119WA0022100215
B0000164747925N11959119WA0022100215
B0000174747925N11959119WA0022100215
B0000184747925N11959119WA0022100215
B0000194747925N11959119WA0022100215
B0000204747925N11959119WA0022100215
B0000214747925N11959119WA0022100215
B0000224747925N11959119WA0022100215
B0000234747925N11959119WA0022100214
B0000244747925N11959119WA0022100214
B0000254747925N11959119WA0022100214
B0000264747925N11959119WA0022100213
B0000274747925N11959119WA0022100213
B0000284747925N11959120WA0022100213
B0000294747925N11959120WA0022100213
B0000304747925N11959120WA0022100213
B0000314747925N11959120WA0022100213
B0000324747925N11959120WA0022100213
B0000334747925N11959120WA0022100213
B0000344747925N11959120WA0022100213
B0000354747925N11959120WA0022100213
B0000364747925N11959120WA0022100213
B0000374747925N11959120WA0022100213
B0000384747925N11959120WA0022100213
B0000394747925N11959120WA0022100213
B0000404747925N11959120WA0022100213
B0000414747925N11959120WA0022100213
B0000424747925N11959120WA0022100213
B0000434747925N11959120WA0022100213
B0000444747925N11959120WA0022100213
B0000454747925N11959120WA0022100213
B0000464747925N11959120WA0022100213
B0000474747925N11959120WA0022100213
B0000484747925N11959120WA0022100213
B0000494747925N11959120WA0022100214
B0000504747925N11959120WA0022100214
B0000514747925N11959120WA0022100214
B0000524747925N11959120WA0022100214
B0000534747925N11959120WA0022100214
B0000544747925N11959120WA0022100214
B0000554747925N11959120WA0022100214
B0000564747925N11959120WA0022100214
B0000574747925N11959121WA0022100214
B0000584747925N11959121WA0022100214
B0000594747925N11959121WA0022100215
B0001004747925N11959121WA0022100215
B0001014747925N11959121WA0022100215
B0001024747925N11959121WA0022100215
B0001034747925N11959121WA0022100215
B0001044747925N11959121WA0022100215
B0001054747925N11959121WA0022100215
B0001064747925N11959121WA0022100215
B0001074747925N11959121WA0022100215
B0001084747925N11959121WA0022100215
B0001094747925N11959121WA0022100215
B0001104747925N11959121WA0022100215
B0001114747925N11959121WA0022100215
B0001124747925N11959121WA0022100215
B0001134747925N11959121WA0022100215
B0001144747925N11959121WA0022100215
B0001154747925N11959121WA0022100215
B0001164747925N11959121WA0022100215
B0001174747925N11959121WA0022100215
B0001184747925N11959121WA0022100215
B0001194747925N11959121WA0022100215
B0001204747925N11959121WA0022100214
B0001214747925N11959121WA0022100214
B0001224747925N11959121WA0022100214
B0001234747925N11959121WA0022100214
B0001244747925N11959121WA0022100214
B0001254747925N11959121WA0022100214
B0001264747925N11959121WA0022100214
B0001274747925N11959121WA0022100214
B0001284747925N11959121WA0022100214
B0001294747925N11959121WA0022100214
B0001304747925N11959121WA0022100214
B0001314747925N11959121WA0022100214
B0001324747925N11959121WA0022100214
B0001334747925N11959121WA0022100214
B0001344747925N11959121WA0022100214
B0001354747925N11959121WA0022100214
B0001364747925N11959121WA0022100215
B0001374747925N11959122WA0022100215
B0001384747924N11959122WA0022100216
B0001394747924N11959122WA0022100217
B0001404747924N11959122WA0022100218
B0001414747924N11959122WA0022100218
B0001424747924N11959122WA0022100218
B0001434747924N11959122WA0022100219
B0001444747924N11959122WA0022100219
B0001454747924N11959122WA0022100219
B0001464747924N11959122WA0022100219
B0001474747924N11959122WA0022100219
B0001484747924N11959122WA0022100219
B0001494747924N11959122WA0022100220
B0001504747924N11959122WA0022100219
B0001514747924N11959122WA0022100219
B0001524747924N11959122WA0022100219
B0001534747924N11959122WA0022100219
B0001544747924N11959122WA0022100219
B0001554747924N11959122WA0022100220
B0001564747924N11959122WA0022100220
B0001574747924N11959122WA0022100220
B0001584747924N11959122WA0022100220
B0001594747924N11959122WA0022100220
B0002004747924N11959122WA0022100220
B0002014747924N11959122WA0022100221
B0002024747924N11959122WA0022100221
B0002034747924N11959122WA0022100221
B0002044747924N11959122WA0022100221
B0002054747924N11959122WA0022100221
B0002064747924N11959122WA0022100221
B0002074747924N11959122WA0022100221
B0002084747924N11959122WA0022100221
B0002094747924N11959122WA0022100221
B0002104747924N11959122WA0022100221
B0002114747924N11959122WA0022100221
B0002124747923N11959122WA0022100221
B0002134747923N11959122WA0022100221
B0002144747923N11959122WA0022100221
B0002154747923N11959122WA0022100220
B0002164747923N11959122WA0022100220
B0002174747923N11959122WA0022100220
B0002184747923N11959122WA0022100220
B0002194747923N11959122WA0022100220
B0002204747923N11959122WA0022100220
B0002214747923N11959122WA0022100220
B0002224747923N11959122WA0022100220
B0002234747923N11959122WA0022100220
B0002244747923N11959122WA0022100220
B0002254747923N11959122WA0022100220
B0002264747923N11959122WA0022100220
B0002274747923N11959122WA0022100220
B0002284747923N11959122WA0022100220
B0002294747923N11959122WA0022100219
B0002304747923N11959122WA0022100219
B0002314747923N11959122WA0022100219
B0002324747923N11959122WA0022100219
B0002334747923N11959122WA0022100219
B0002344747923N11959122WA0022100219
B0002354747923N11959122WA0022100219
B0002364747923N11959122WA0022100219
B0002374747923N11959122WA0022100219
B0002384747923N11959122WA0022100219
B0002394747923N11959122WA0022100219
B0002404747923N11959122WA0022100219
B0002414747923N11959122WA0022100219
B0002424747923N11959122WA0022100219
B0002434747923N11959122WA0022100219
B0002444747923N11959122WA0022100218
B0002454747923N11959122WA0022100218
B0002464747923N11959122WA0022100218
B0002474747923N11959122WA0022100218
B0002484747923N11959122WA0022100218
B0002494747923N11959122WA0022100218
B0002504747924N11959121WA0022100218
B0002514747924N11959121WA0022100218
B0002524747924N11959121WA0022100218
B0002534747924N11959121WA0022100218
B0002544747924N11959121WA0022100218
B0002554747924N11959121WA0022100219
B0002564747924N11959122WA0022100218
B0002574747924N11959122WA0022100219
B0002584747923N11959122WA0022100218
B0002594747923N11959122WA0022100218
B0003004747923N11959122WA0022100218
B0003014747924N11959122WA0022100218
B0003024747924N11959122WA0022100218
B0003034747924N11959122WA0022100218
B0003044747924N11959122WA0022100218
B0003054747924N11959122WA0022100218
B0003064747924N11959122WA0022100218
B0003074747924N11959122WA0022100218
B0003084747924N11959122WA0022100218
B0003094747924N11959122WA0022100218
B0003104747924N11959122WA0022100218
B0003114747924N11959122WA0022100218
B0003124747924N11959122WA0022100217
B0003134747924N11959122WA0022100217
B0003144747924N11959122WA0022100217
B0003154747924N11959122WA0022100217
B0003164747925N11959123WA0022100217
B0003174747925N11959123WA0022100218
B0003184747925N11959123WA0022100218
B0003194747925N11959123WA0022100218
B0003204747925N11959123WA0022100218
B0003214747925N11959123WA0022100218
B0003224747925N11959123WA0022100217
B0003234747925N11959122WA0022100217
B0003244747925N11959122WA0022100217
B0003254747925N11959122WA0022100217
B0003264747925N11959122WA0022100217
B0003274747925N11959122WA0022100217
B0003284747925N11959122WA0022100217
B0003294747926N11959123WA0022100217
B0003304747925N11959123WA0022100218
B0003314747925N11959123WA0022100218
B0003324747925N11959123WA0022100218
B0003334747925N11959123WA0022100218
B0003344747926N11959123WA0022100219
B0003354747926N11959123WA0022100219
B0003364747926N11959123WA0022100219
B0003374747926N11959123WA0022100219
B0003384747926N11959123WA0022100219
B0003394747926N11959123WA0022100219
B0003404747926N11959123WA0022100219
B0003414747926N11959123WA0022100219
B0003424747926N11959123WA0022100219
B0003434747926N11959123WA0022100219
B0003444747926N11959123WA0022100219
B0003454747926N11959123WA0022100219
B0003464747926N11959123WA0022100219
B0003474747926N11959123WA0022100219
B0003484747926N11959123WA0022100219
B0003494747926N11959123WA0022100219
B0003504747926N11959123WA0022100220
B0003514747926N11959123WA0022100220
B0003524747925N11959123WA0022100220
B0003534747925N11959123WA0022100220
B0003544747925N11959123WA0022100220
B0003554747925N11959123WA0022100220
B0003564747925N11959123WA0022100220
B0003574747925N11959122WA0022100221
B0003584747925N11959122WA0022100221
B0003594747925N11959122WA0022100221
B0004004747925N11959122WA0022100221
B0004014747925N11959122WA0022100221
B0004024747925N11959122WA0022100221
B0004034747925N11959122WA0022100221
B0004044747925N11959122WA0022100221
B0004054747925N11959122WA0022100222
B0004064747925N11959122WA0022100222
B0004074747925N11959122WA0022100222
B0004084747925N11959122WA0022100222
B0004094747925N11959122WA0022100221
B0004104747925N11959121WA0022100221
B0004114747925N11959121WA0022100220
B0004124747925N11959121WA0022100220
B0004134747925N11959121WA0022100220
B0004144747925N11959121WA0022100221
B0004154747925N11959121WA0022100220
B0004164747925N11959121WA0022100221
B0004174747925N11959121WA0022100220
B0004184747925N11959121WA0022100220
B0004194747925N11959121WA0022100220
B0004204747925N11959121WA0022100220
B0004214747925N11959121WA0022100220
B0004224747925N11959120WA0022100220
B0004234747925N11959120WA0022100220
B0004244747925N11959120WA0022100220
B0004254747925N11959120WA0022100220
B0004264747925N11959120WA0022100221
B0004274747925N11959120WA0022100221
B0004284747925N11959120WA0022100221
B0004294747925N11959120WA0022100221
B0004304747925N11959121WA0022100221
B0004314747925N11959121WA0022100221
B0004324747925N11959121WA0022100221
B0004334747925N11959121WA0022100221
B0004344747925N11959121WA0022100221
B0004354747925N11959121WA0022100221
B0004364747925N11959121WA0022100221
B0004374747925N11959121WA0022100221
B0004384747925N11959121WA0022100221
B0004394747925N11959121WA0022100221
B0004404747925N11959121WA0022100221
B0004414747925N11959121WA0022100221
B0004424747925N11959121WA0022100221
B0004434747925N11959121WA0022100221
B0004444747925N11959121WA0022100221
B0004454747925N11959121WA0022100220
B0004464747925N11959121WA0022100220
B0004474747925N11959121WA0022100220
B0004484747925N11959121WA0022100220
B0004494747925N11959121WA0022100219
B0004504747925N11959121WA0022100219
B0004514747925N11959121WA0022100219
B0004524747925N11959121WA0022100219
B0004534747925N11959121WA0022100219
B0004544747925N11959121WA0022100219
B0004554747925N11959121WA0022100219
B0004564747924N11959121WA0022100219
B0004574747924N11959121WA0022100220
B0004584747924N11959121WA0022100220
B0004594747924N11959121WA0022100220
B0005004747924N11959121WA0022100220
B0005014747924N11959121WA0022100221
B0005024747924N11959121WA0022100221
B0005034747924N11959121WA0022100221
B0005044747924N11959121WA0022100221
B0005054747924N11959121WA0022100221
B0005064747924N11959121WA0022100221
B0005074747924N11959121WA0022100221
B0005084747924N11959121WA0022100221
B0005094747924N11959121WA0022100221
B0005104747924N11959121WA0022100221
B0005114747924N11959121WA0022100221
B0005124747924N11959121WA0022100221
B0005134747924N11959121WA0022100221
B0005144747924N11959121WA0022100221
B0005154747924N11959121WA0022100221
B0005164747924N11959121WA0022100221
B0005174747924N11959121WA0022100221
B0005184747924N11959121WA0022100221
B0005194747924N11959121WA0022100220
B0005204747924N11959121WA0022100220
B0005214747924N11959121WA0022100220
B0005224747924N11959121WA0022100220
B0005234747924N11959120WA0022100220
B0005244747924N11959121WA0022100220
B0005254747924N11959120WA0022100220
B0005264747924N11959120WA0022100220
B0005274747924N11959120WA0022100220
B0005284747924N11959121WA0022100220
B0005294747925N11959120WA0022100220
B0005304747925N11959120WA0022100219
B0005314747925N11959120WA0022100219
B0005324747925N11959120WA0022100219
B0005334747925N11959120WA0022100218
B0005344747925N11959120WA0022100218
B0005354747925N11959120WA0022100218
B0005364747925N11959120WA0022100218
B0005374747925N11959120WA0022100218
B0005384747925N11959120WA0022100218
B0005394747925N11959120WA0022100218
B0005404747925N11959120WA0022100218
B0005414747925N11959120WA0022100218
B0005424747925N11959120WA0022100218
B0005434747925N11959120WA0022100218
B0005444747925N11959120WA0022100218
B0005454747925N11959120WA0022100218
B0005464747925N11959120WA0022100218
B0005474747925N11959120WA0022100218
B0005484747925N11959120WA0022100218
B0005494747925N11959120WA0022100218
B0005504747925N11959120WA0022100218
B0005514747925N11959120WA0022100218
B0005524747925N11959120WA0022100218
B0005534747925N11959120WA0022100218
B0005544747925N11959120WA0022100218
B0005554747925N11959120WA0022100218
B0005564747925N11959120WA0022100218
B0005574747925N11959120WA0022100218
B0005584747925N11959120WA0022100218
B0005594747925N11959120WA0022100218
B0006004747925N11959120WA0022100218
B0006014747925N11959121WA0022100218
B0006024747925N11959121WA0022100219
B0006034747925N11959121WA0022100219
B0006044747925N11959121WA0022100219
B0006054747925N11959121WA0022100219
B0006064747925N11959121WA0022100219
B0006074747925N11959121WA0022100219
B0006084747925N11959120WA0022100219
B0006094747925N11959120WA0022100219
B0006104747925N11959120WA0022100219
B0006114747925N11959120WA0022100219
B0006124747925N11959120WA0022100219
B0006134747925N11959120WA0022100219
B0006144747925N11959120WA0022100219
B0006154747925N11959120WA0022100219
B0006164747925N11959120WA0022100219
B0006174747925N11959120WA0022200219
B0006184747925N11959120WA0022200218
B0006194747925N11959120WA0022200218
B0006204747925N11959120WA0022200218
B0006214747925N11959120WA0022200218
B0006224747925N11959120WA0022200218
B0006234747925N11959120WA0022200218
B0006244747925N11959120WA0022200218
B0006254747925N11959120WA0022200218
B0006264747925N11959120WA0022200218
B0006274747925N11959120WA0022200218
B0006284747925N11959119WA0022200218
B0006294747925N11959119WA0022200218
B0006304747925N11959119WA0022200218
B0006314747925N11959119WA0022200218
B0006324747925N11959119WA0022200217
B0006334747925N11959119WA0022200217
B0006344747925N11959119WA0022200217
B0006354747925N11959119WA0022200217
B0006364747925N11959119WA0022200217
B0006374747925N11959119WA0022200217
B0006384747925N11959119WA0022200217
B0006394747925N11959119WA0022200217
B0006404747925N11959119WA0022200217
B0006414747925N11959119WA0022200217
B0006424747925N11959119WA0022200217
B0006434747925N11959119WA0022200217
B0006444747925N11959119WA0022200217
B0006454747925N11959119WA0022200217
B0006464747925N11959119WA0022200217
B0006474747925N11959120WA0022200217
B0006484747925N11959120WA0022200217
B0006494747925N11959120WA0022200217
B0006504747925N11959120WA0022200217
B0006514747925N11959120WA0022200217
B0006524747925N11959120WA0022200217
B0006534747925N11959120WA0022200217
B0006544747925N11959120WA0022200218
B0006554747925N11959120WA0022200218
B0006564747925N11959120WA0022200218
B0006574747925N11959120WA0022200218
B0006584747925N11959120WA0022200218
B0006594747925N11959120WA0022200218
B0007004747925N11959120WA0022100218
B0007014747925N11959120WA0022100219
B0007024747925N11959121WA0022100219
B0007034747925N11959121WA0022100219
B0007044747925N11959121WA0022100220
B0007054747925N11959121WA0022100220
B0007064747925N11959121WA0022200220
B0007074747925N11959121WA0022100220
B0007084747925N11959121WA0022100220
B0007094747925N11959121WA0022200221
B0007104747925N11959121WA0022200221
B0007114747925N11959121WA0022200221
B0007124747925N11959121WA0022100221
B0007134747925N11959121WA0022100221
B0007144747926N11959121WA0022100221
B0007154747926N11959121WA0022100222
B0007164747926N11959121WA0022100221
B0007174747926N11959121WA0022100222
B0007184747926N11959121WA0022100222
B0007194747926N11959121WA0022100222
B0007204747926N11959121WA0022100222
B0007214747926N11959121WA0022100222
B0007224747926N11959121WA0022200222
B0007234747926N11959121WA0022200222
B0007244747926N11959121WA0022100222
B0007254747926N11959121WA0022100222
B0007264747926N11959121WA0022100222
B0007274747926N11959121WA0022100222
B0007284747926N11959121WA0022100222
B0007294747926N11959121WA0022100222
B0007304747926N11959121WA0022100222
B0007314747926N11959121WA0022100222
B0007324747926N11959121WA0022100222
B0007334747926N11959121WA0022100222
B0007344747926N11959121WA0022100222
B0007354747926N11959121WA0022100222
B0007364747926N11959121WA0022100222
B0007374747925N11959120WA0022100222
B0007384747925N11959120WA0022100222
B0007394747925N11959120WA0022100222
B0007404747925N11959120WA0022100222
B0007414747925N11959120WA0022100222
B0007424747925N11959120WA0022100222
B0007434747925N11959120WA0022100222
B0007444747925N11959120WA0022100222
B0007454747925N11959120WA0022200222
B0007464747925N11959120WA0022200222
B0007474747925N11959120WA0022200223
B0007484747925N11959120WA0022200223
B0007494747925N11959120WA0022200223
B0007504747925N11959120WA0022200223
B0007514747925N11959121WA0022200223
B0007524747925N11959121WA0022200223
B0007534747925N11959121WA0022200223
B0007544747925N11959121WA0022200223
B0007554747925N11959121WA0022200223
B0007564747925N11959121WA0022200223
B0007574747925N11959121WA0022200223
B0007584747925N11959121WA0022200223
B0007594747925N11959121WA0022200223
B0008004747925N11959121WA0022200223
B0008014747925N11959121WA0022200223
B0008024747925N11959121WA0022200223
B0008034747925N11959121WA0022200223
B0008044747925N11959121WA0022200223
B0008054747925N11959121WA0022200223
B0008064747925N11959121WA0022200223
B0008074747925N11959121WA0022200223
B0008084747925N11959121WA0022200223
B0008094747925N11959121WA0022200223
B0008104747925N11959121WA0022200223
B0008114747925N11959121WA0022200223
B0008124747925N11959121WA0022200223
B0008134747925N11959121WA0022200222
B0008144747925N11959121WA0022200222
B0008154747925N11959121WA0022200222
B0008164747925N11959120WA0022200222
B0008174747925N11959120WA0022200222
B0008184747925N11959121WA0022200223
B0008194747925N11959120WA0022200223
B0008204747925N11959120WA0022200223
B0008214747925N11959120WA0022200223
B0008224747925N11959120WA0022200223
B0008234747925N11959120WA0022200223
B0008244747925N11959120WA0022200223
B0008254747925N11959120WA0022200222
B0008264747925N11959120WA0022200222
B0008274747924N11959120WA0022200221
B0008284747924N11959120WA0022200219
B0008294747924N11959119WA0022200219
B0008304747924N11959121WA0022200218
B0008314747924N11959120WA0022200223
B0008324747924N11959120WA0022200223
B0008334747924N11959120WA0022200222
B0008344747924N11959120WA0022200222
B0008354747924N11959120WA0022200222
B0008364747924N11959120WA0022200222
B0008374747924N11959120WA0022200222
B0008384747924N11959120WA0022200222
B0008394747925N11959120WA0022200222
B0008404747925N11959120WA0022200222
B0008414747925N11959120WA0022200222
B0008424747925N11959120WA0022200222
B0008434747925N11959120WA0022200222
B0008444747925N11959120WA0022200222
B0008454747925N11959120WA0022200222
B0008464747925N11959120WA0022200222
B0008474747925N11959120WA0022200222
B0008484747925N11959120WA0022200222
B0008494747925N11959120WA0022200222
B0008504747925N11959120WA0022200222
B0008514747925N11959120WA0022200223
B0008524747925N11959120WA0022200223
B0008534747925N11959119WA0022200223
B0008544747925N11959119WA0022200223
B0008554747925N11959119WA0022200223
B0008564747925N11959119WA0022200223
B0008574747925N11959119WA0022200222
B0008584747925N11959119WA0022200222
B0008594747925N11959119WA0022200222
B0009004747925N11959119WA0022200222
B0009014747925N11959119WA0022200222
B0009024747925N11959119WA0022200222
B0009034747925N11959119WA0022200222
B0009044747925N11959119WA0022200222
B0009054747925N11959119WA0022200222
B0009064747925N11959119WA0022200221
B0009074747925N11959119WA0022200221
B0009084747925N11959119WA0022200221
B0009094747925N11959119WA0022200220
B0009104747925N11959119WA0022200221
B0009114747925N11959119WA0022200220
B0009124747925N11959119WA0022200220
B0009134747925N11959119WA0022200220
B0009144747925N11959119WA0022200220
B0009154747925N11959119WA0022200220
B0009164747925N11959119WA0022200219
B0009174747925N11959119WA0022200219
B0009184747925N11959119WA0022200219
B0009194747925N11959119WA0022200220
B0009204747925N11959119WA0022200220
B0009214747925N11959119WA0022200220
B0009224747925N11959119WA0022200220
B0009234747925N11959119WA0022200219
B0009244747925N11959119WA0022200219
B0009254747925N11959119WA0022200219
B0009264747925N11959119WA0022200219
B0009274747925N11959119WA0022200219
B0009284747925N11959119WA0022200219
B0009294747925N11959119WA0022200218
B0009304747925N11959119WA0022200218
B0009314747925N11959119WA0022200218
B0009324747925N11959119WA0022200219
B0009334747925N11959119WA0022200219
B0009344747925N11959119WA0022200219
B0009354747925N11959119WA0022200219
B0009364747925N11959119WA0022200219
B0009374747925N11959119WA0022200218
B0009384747925N11959119WA0022200219
B0009394747925N11959119WA0022200219
B0009404747925N11959119WA0022200219
B0009414747925N11959119WA0022200219
B0009424747925N11959119WA0022200219
B0009434747925N11959119WA0022200219
B0009444747925N11959119WA0022200219
B0009454747925N11959119WA0022200219
B0009464747925N11959119WA0022200219
B0009474747925N11959119WA0022200219
B0009484747925N11959119WA0022200219
B0009494747925N11959119WA0022200219
B0009504747925N11959119WA0022200219
B0009514747925N11959119WA0022200219
B0009524747925N11959119WA0022200219
B0009534747925N11959119WA0022200219
B0009544747925N11959119WA0022200218
B0009554747925N11959119WA0022200218
B0009564747925N11959119WA0022200218
B0009574747925N11959119WA0022200218
B0009584747925N11959119WA0022200217
B0009594747925N11959119WA0022200217
B0010004747925N11959119WA0022200217
B0010014747925N11959119WA0022200217
B0010024747925N11959120WA0022200217
B0010034747925N11959120WA0022200216
B0010044747925N11959120WA0022200215
B0010054747925N11959120WA0022200215
B0010064747925N11959120WA0022200215
B0010074747925N11959120WA0022200215
B0010084747925N11959120WA0022200215
B0010094747925N11959120WA0022200214
B0010104747925N11959120WA0022200214
B0010114747924N11959120WA0022200214
B0010124747924N11959119WA0022200216
B0010134747924N11959119WA0022200215
B0010144747924N11959119WA0022200215
B0010154747924N11959119WA0022200215
B0010164747924N11959119WA0022200215
B0010174747924N11959119WA0022200215
B0010184747924N11959119WA0022200215
B0010194747924N11959119WA0022200215
B0010204747924N11959120WA0022200214
B0010214747924N11959120WA0022200213
B0010224747924N11959120WA0022200213
B0010234747924N11959120WA0022200213
B0010244747924N11959120WA0022200214
B0010254747924N11959120WA0022200214
B0010264747924N11959120WA0022200214
B0010274747924N11959120WA0022200214
B0010284747924N11959120WA0022200214
B0010294747924N11959120WA0022200214
B0010304747924N11959120WA0022200214
B0010314747924N11959120WA0022200214
B0010324747924N11959120WA0022200214
B0010334747924N11959120WA0022200214
B0010344747924N11959120WA0022200213
B0010354747924N11959120WA0022200213
B0010364747924N11959121WA0022200213
B0010374747924N11959121WA0022200213
B0010384747924N11959121WA0022200213
B0010394747924N11959121WA0022200213
B0010404747924N11959121WA0022200213
B0010414747924N11959121WA0022200213
B0010424747924N11959121WA0022200213
B0010434747924N11959121WA0022200214
B0010444747924N11959121WA0022200214
B0010454747924N11959121WA0022200214
B0010464747924N11959121WA0022200214
B0010474747924N11959121WA0022200214
B0010484747924N11959121WA0022200214
B0010494747924N11959121WA0022200214
B0010504747924N11959121WA0022200215
B0010514747924N11959121WA0022200215
B0010524747924N11959121WA0022200215
B0010534747924N11959121WA0022200216
B0010544747924N11959121WA0022200216
B0010554747924N11959121WA0022200216
B0010564747924N11959121WA0022200216
B0010574747924N11959121WA0022200216
B0010584747924N11959121WA0022200216
B0010594747924N11959121WA0022200216
B0011004747924N11959121WA0022200217
B0011014747923N11959121WA0022200217
B0011024747923N11959121WA0022200218
B0011034747923N11959121WA0022200218
B0011044747923N11959121WA0022200218
B0011054747923N11959121WA0022200218
B0011064747923N11959121WA0022200218
B0011074747923N11959121WA0022200218
B0011084747923N11959121WA0022200218
B0011094747923N11959121WA0022200218
B0011104747923N11959121WA0022200218
B0011114747923N11959121WA0022200218
B0011124747923N11959121WA0022200218
B0011134747923N11959121WA0022200218
B0011144747923N11959121WA0022200218
B0011154747923N11959121WA0022200218
B0011164747923N11959121WA0022200218
B0011174747923N11959121WA0022200218
B0011184747923N11959121WA0022200218
B0011194747923N11959121WA0022200218
B0011204747923N11959121WA0022200218
B0011214747923N11959121WA0022200218
B0011224747923N11959121WA0022200218
B0011234747923N11959121WA0022200218
B0011244747924N11959121WA0022200218
B0011254747924N11959121WA0022200218
B0011264747924N11959121WA0022200218
B0011274747924N11959121WA0022200218
B0011284747924N11959121WA0022200218
B0011294747924N11959120WA0022200217
B0011304747924N11959120WA0022200217
B0011314747924N11959120WA0022200217
B0011324747924N11959120WA0022200217
B0011334747924N11959120WA0022200217
B0011344747924N11959120WA0022200216
B0011354747924N11959120WA0022200216
B0011364747924N11959120WA0022200216
B0011374747924N11959120WA0022200216
B0011384747924N11959120WA0022200216
B0011394747924N11959120WA0022200216
B0011404747924N11959120WA0022200216
B0011414747924N11959120WA0022200216
B0011424747924N11959120WA0022200215
B0011434747924N11959120WA0022200215
B0011444747924N11959120WA0022200215
B0011454747924N11959120WA0022200215
B0011464747924N11959120WA0022200215
B0011474747924N11959120WA0022200215
B0011484747924N11959120WA0022200215
B0011494747924N11959120WA0022200215
B0011504747924N11959120WA0022200215
B0011514747924N11959120WA0022200215
B0011524747924N11959120WA0022200215
B0011534747924N11959120WA0022200215
B0011544747924N11959120WA0022200215
B0011554747924N11959120WA0022200215
B0011564747924N11959120WA0022200215
B0011574747924N11959120WA0022200215
B0011584747924N11959120WA0022200215
B0011594747924N11959120WA0022200215
B0012004747924N11959120WA0022200215
B0012014747924N11959120WA0022200215
B0012024747924N11959120WA0022200215
B0012034747924N11959120WA0022200215
B0012044747924N11959120WA0022200215
B0012054747924N11959120WA0022200216
B0012064747924N11959120WA0022200216
B0012074747924N11959120WA0022200216
B0012084747924N11959120WA0022200216
B0012094747924N11959120WA0022200216
B0012104747924N11959120WA0022200216
B0012114747924N11959120WA0022200216
B0012124747924N11959120WA0022200216
B0012134747924N11959120WA0022200216
B0012144747924N11959120WA0022200216
B0012154747924N11959120WA0022200217
B0012164747924N11959120WA0022200217
B0012174747924N11959120WA0022200217
B0012184747924N11959120WA0022200217
B0012194747924N11959120WA0022200217
B0012204747924N11959120WA0022200217
B0012214747924N11959120WA0022200217
B0012224747924N11959120WA0022200217
B0012234747924N11959120WA0022200217
B0012244747924N11959121WA0022200217
B0012254747924N11959121WA0022200217
B0012264747924N11959121WA0022200217
B0012274747924N11959121WA0022200218
B0012284747924N11959121WA0022200218
B0012294747924N11959121WA0022200218
B0012304747924N11959121WA0022200218
B0012314747924N11959121WA0022200218
B0012324747924N11959121WA0022200218
B0012334747924N11959121WA0022200218
B0012344747924N11959121WA0022200219
B0012354747924N11959121WA0022200219
B0012364747924N11959121WA0022200218
B0012374747924N11959121WA0022200218
B0012384747924N11959121WA0022200218
B0012394747924N11959121WA0022200218
B0012404747924N11959121WA0022200219
B0012414747924N11959121WA0022200219
B0012424747924N11959121WA0022200219
B0012434747924N11959121WA0022200219
B0012444747924N11959121WA0022200219
B0012454747924N11959121WA0022200219
B0012464747924N11959121WA0022200219
B0012474747924N11959121WA0022200219
B0012484747924N11959121WA0022200219
B0012494747924N11959121WA0022200219
B0012504747924N11959121WA0022200219
B0012514747924N11959121WA0022200219
B0012524747924N11959121WA0022200219
B0012534747924N11959121WA0022200219
B0012544747924N11959121WA0022200219
B0012554747924N11959121WA0022200219
B0012564747924N11959121WA0022200219
B0012574747924N11959121WA0022200219
B0012584747924N11959121WA0022200219
B0012594747924N11959121WA0022200219
B0013004747924N11959121WA0022200219
B0013014747924N11959121WA0022200219
B0013024747924N11959121WA0022200219
B0013034747924N11959121WA0022200219
B0013044747924N11959121WA0022200219
B0013054747924N11959121WA0022200219
B0013064747924N11959121WA0022200219
B0013074747924N11959121WA0022200219
B0013084747924N11959121WA0022200220
B0013094747924N11959121WA0022200220
B0013104747924N11959121WA0022200220
B0013114747924N11959121WA0022200220
B0013124747924N11959121WA0022200220
B0013134747924N11959121WA0022200220
B0013144747924N11959121WA0022200220
B0013154747924N11959121WA0022200220
B0013164747924N11959121WA0022200220
B0013174747924N11959120WA0022200220
B0013184747924N11959120WA0022200220
B0013194747924N11959120WA0022300220
B0013204747924N11959120WA0022300220
B0013214747924N11959120WA0022300220
B0013224747924N11959120WA0022300220
B0013234747924N11959120WA0022300220
B0013244747924N11959120WA0022300219
B0013254747924N11959121WA0022300219
B0013264747924N11959121WA0022300219
B0013274747924N11959121WA0022300219
B0013284747924N11959121WA0022300219
B0013294747924N11959121WA0022300219
B0013304747924N11959121WA0022300219
B0013314747924N11959121WA0022300219
B0013324747924N11959121WA0022300219
B0013334747924N11959121WA0022300219
B0013344747924N11959121WA0022300220
B0013354747924N11959121WA0022300220
B0013364747924N11959121WA0022300220
B0013374747924N11959121WA0022300220
B0013384747924N11959121WA0022300220
B0013394747924N11959121WA0022300220
B0013404747924N11959121WA0022300220
B0013414747924N11959121WA0022300220
B0013424747924N11959121WA0022300220
B0013434747924N11959121WA0022300220
B0013444747924N11959121WA0022300220
B0013454747924N11959121WA0022300220
B0013464747924N11959121WA0022300220
B0013474747924N11959121WA0022300220
B0013484747924N11959121WA0022300220
B0013494747924N11959121WA0022300221
B0013504747924N11959121WA0022300221
B0013514747924N11959121WA0022300221
B0013524747924N11959120WA0022300221
B0013534747924N11959120WA0022300221
B0013544747924N11959120WA0022300221
B0013554747924N11959120WA0022300221
B0013564747924N11959120WA0022300221
B0013574747924N11959120WA0022300221
B0013584747924N11959120WA0022300221
B0013594747924N11959120WA0022300221
B0014004747924N11959120WA0022200221
B0014014747924N11959120WA0022200221
B0014024747924N11959120WA0022200221
B0014034747924N11959120WA0022300221
B0014044747924N11959120WA0022300220
B0014054747924N11959120WA0022300220
B0014064747924N11959120WA0022300220
B0014074747924N11959120WA0022300220
B0014084747924N11959120WA0022300220
B0014094747924N11959120WA0022300219
B0014104747924N11959120WA0022300219
B0014114747924N11959120WA0022300219
B0014124747924N11959120WA0022300219
B0014134747924N11959120WA0022300219
B0014144747924N11959120WA0022300219
B0014154747924N11959120WA0022300219
B0014164747924N11959120WA0022300219
B0014174747924N11959120WA0022300219
B0014184747924N11959120WA0022300219
B0014194747924N11959120WA0022300219
B0014204747924N11959120WA0022300219
B0014214747924N11959120WA0022300219
B0014224747924N11959120WA0022300219
B0014234747924N11959120WA0022300219
B0014244747924N11959120WA0022300219
B0014254747924N11959120WA0022300219
B0014264747924N11959120WA0022300219
B0014274747924N11959120WA0022300219
B0014284747924N11959120WA0022300219
B0014294747924N11959120WA0022300219
B0014304747924N11959120WA0022300219
B0014314747924N11959120WA0022300219
B0014324747924N11959120WA0022300219
B0014334747924N11959120WA0022300218
B0014344747924N11959120WA0022300219
B0014354747924N11959120WA0022300218
B0014364747924N11959120WA0022300218
B0014374747924N11959120WA0022300218
B0014384747924N11959120WA0022300218
B0014394747924N11959120WA0022300218
B0014404747924N11959120WA0022300218
B0014414747924N11959120WA0022300219
B0014424747924N11959120WA0022300219
B0014434747924N11959120WA0022300219
B0014444747924N11959120WA0022300219
B0014454747924N11959120WA0022300219
B0014464747924N11959120WA0022300219
B0014474747924N11959120WA0022300219
B0014484747924N11959120WA0022300219
B0014494747924N11959120WA0022300218
B0014504747924N11959120WA0022300218
B0014514747924N11959120WA0022300218
B0014524747924N11959120WA0022300219
B0014534747924N11959120WA0022300219
B0014544747924N11959120WA0022300219
B0014554747924N11959120WA0022300219
B0014564747924N11959120WA0022300220
B0014574747924N11959120WA0022300221
B0014584747924N11959120WA0022300221
B0014594747924N11959120WA0022300221
B0015004747924N11959120WA0022300221
B0015014747924N11959120WA0022300221
B0015024747924N11959120WA0022300221
B0015034747924N11959120WA0022300222
B0015044747924N11959120WA0022300222
B0015054747924N11959120WA0022300223
B0015064747924N11959120WA0022300222
B0015074747924N11959119WA0022300222
B0015084747924N11959120WA0022300222
B0015094747924N11959119WA0022300222
B0015104747924N11959120WA0022300222
B0015114747924N11959120WA0022300222
B0015124747924N11959120WA0022300222
B0015134747924N11959120WA0022300222
B0015144747924N11959120WA0022300222
B0015154747925N11959120WA0022300222
B0015164747925N11959120WA0022300222
B0015174747925N11959120WA0022300222
B0015184747925N11959120WA0022300222
B0015194747925N11959120WA0022300222
B0015204747925N11959120WA0022300222
B0015214747925N11959120WA0022300222
B0015224747925N11959120WA0022300222
B0015234747925N11959120WA0022300222
B0015244747925N11959120WA0022300222
B0015254747925N11959120WA0022300222
B0015264747925N11959120WA0022300222
B0015274747925N11959120WA0022300221
B0015284747925N11959120WA0022300221
B0015294747925N11959120WA0022300221
B0015304747925N11959120WA0022300220
B0015314747925N11959120WA0022300220
B0015324747925N11959120WA0022300219
B0015334747925N11959120WA0022300219
B0015344747925N11959120WA0022300219
B0015354747925N11959120WA0022300218
B0015364747925N11959120WA0022300218
B0015374747925N11959120WA0022300218
B0015384747925N11959120WA0022300217
B0015394747925N11959120WA0022300217
B0015404747925N11959120WA0022300217
B0015414747925N11959120WA0022300217
B0015424747925N11959120WA0022300216
B0015434747925N11959120WA0022300216
B0015444747925N11959120WA0022300216
B0015454747925N11959120WA0022300216
B0015464747925N11959120WA0022300216
B0015474747925N11959120WA0022300216
B0015484747925N11959119WA0022300215
B0015494747925N11959119WA0022300215
B0015504747925N11959119WA0022300215
B0015514747925N11959119WA0022300215
B0015524747925N11959119WA0022300215
B0015534747925N11959119WA0022300215
B0015544747925N11959119WA0022300215
B0015554747925N11959119WA0022300214
B0015564747925N11959119WA0022300214
B0015574747925N11959119WA0022300214
B0015584747925N11959119WA0022300214
B0015594747925N11959119WA0022300214
B0016004747925N11959119WA0022300214
B0016014747925N11959119WA0022300214
B0016024747925N11959119WA0022300214
B0016034747925N11959119WA0022300214
B0016044747925N11959119WA0022300214
B0016054747925N11959119WA0022300214
B0016064747925N11959119WA0022300214
B0016074747925N11959119WA0022300214
B0016084747925N11959119WA0022300214
B0016094747925N11959119WA0022300214
B0016104747925N11959119WA0022300214
B0016114747925N11959119WA0022300215
B0016124747925N11959119WA0022300214
B0016134747925N11959119WA0022300214
B0016144747925N11959119WA0022300214
B0016154747925N11959119WA0022300215
B0016164747925N11959119WA0022300215
B0016174747925N11959119WA0022300215
B0016184747925N11959119WA0022300215
B0016194747925N11959119WA0022300215
B0016204747925N11959119WA0022300215
B0016214747925N11959120WA0022300215
B0016224747925N11959120WA0022300215
B0016234747925N11959120WA0022300215
B0016244747925N11959119WA0022300215
B0016254747925N11959119WA0022300216
B0016264747925N11959119WA0022300216
B0016274747925N11959120WA0022300216
B0016284747925N11959119WA0022300216
B0016294747925N11959119WA0022300216
B0016304747925N11959119WA0022300216
B0016314747925N11959119WA0022300217
B0016324747925N11959119WA0022300217
B0016334747925N11959119WA0022300217
B0016344747925N11959119WA0022300217
B0016354747925N11959120WA0022300217
B0016364747925N11959120WA0022300217
B0016374747925N11959120WA0022300217
B0016384747925N11959120WA0022300218
B0016394747925N11959120WA0022300218
B0016404747925N11959120WA0022300218
B0016414747925N11959120WA0022300218
B0016424747925N11959120WA0022300218
B0016434747925N11959120WA0022300218
B0016444747925N11959120WA0022300219
B0016454747925N11959120WA0022300219
B0016464747925N11959120WA0022300219
B0016474747925N11959120WA0022300219
B0016484747925N11959120WA0022300219
B0016494747925N11959120WA0022300220
B0016504747925N11959120WA0022300220
B0016514747925N11959120WA0022300220
B0016524747925N11959120WA0022300220
B0016534747925N11959120WA0022300220
B0016544747925N11959120WA0022300220
B0016554747925N11959120WA0022300220
B0016564747925N11959120WA0022300220
B0016574747924N11959120WA0022300220
B0016584747924N11959120WA0022300220
B0016594747924N11959120WA0022300220
B0017004747924N11959120WA0022300220
B0017014747924N11959120WA0022300220
B0017024747924N11959120WA0022300220
B0017034747924N11959120WA0022300220
B0017044747924N11959120WA0022300220
B0017054747924N11959120WA0022300220
B0017064747924N11959120WA0022300220
B0017074747924N11959120WA0022300220
B0017084747924N11959120WA0022300220
B0017094747924N11959120WA0022300220
B0017104747924N11959120WA0022300221
B0017114747924N11959120WA0022300221
B0017124747924N11959120WA0022300221
B0017134747924N11959120WA0022300221
B0017144747924N11959120WA0022300221
B0017154747924N11959120WA0022300221
B0017164747924N11959120WA0022300221
B0017174747924N11959120WA0022300221
B0017184747924N11959120WA0022300221
B0017194747924N11959120WA0022300221
B0017204747924N11959120WA0022300222
B0017214747924N11959120WA0022300222
B0017224747924N11959120WA0022300222
B0017234747924N11959120WA0022300222
B0017244747924N11959120WA0022300222
B0017254747924N11959120WA0022300222
B0017264747924N11959120WA0022300222
B0017274747924N11959120WA0022300222
B0017284747924N11959120WA0022300222
B0017294747924N11959120WA0022300222
B0017304747924N11959120WA0022300223
B0017314747924N11959120WA0022300223
B0017324747924N11959120WA0022300223
B0017334747924N11959120WA0022300223
B0017344747923N11959120WA0022300224
B0017354747923N11959120WA0022300223
B0017364747923N11959120WA0022300223
B0017374747923N11959120WA0022300223
B0017384747923N11959120WA0022300223
B0017394747923N11959120WA0022300223
B0017404747923N11959120WA0022300223
B0017414747923N11959120WA0022300223
B0017424747923N11959120WA0022300223
B0017434747923N11959120WA0022300223
B0017444747923N11959120WA0022300223
B0017454747924N11959120WA0022300223
B0017464747924N11959120WA0022300223
B0017474747924N11959120WA0022300223
B0017484747924N11959120WA0022300223
B0017494747924N11959120WA0022300223
B0017504747924N11959120WA0022300223
B0017514747924N11959120WA0022300222
B0017524747924N11959120WA0022300222
B0017534747924N11959120WA0022300222
B0017544747924N11959120WA0022300222
B0017554747924N11959120WA0022300222
B0017564747924N11959120WA0022300222
B0017574747924N11959120WA0022300222
B0017584747924N11959120WA0022300222
B0017594747924N11959120WA0022300222
B0018004747924N11959120WA0022300222
B0018014747924N11959120WA0022300222
B0018024747924N11959120WA0022300222
B0018034747924N11959120WA0022300222
B0018044747924N11959120WA0022300222
B0018054747924N11959120WA0022300223
B0018064747924N11959120WA0022300223
B0018074747924N11959120WA0022300223
B0018084747924N11959120WA0022300222
B0018094747924N11959120WA0022300222
B0018104747924N11959120WA0022300222
B0018114747924N11959120WA0022300221
B0018124747924N11959120WA0022300221
B0018134747924N11959120WA0022300221
B0018144747924N11959119WA0022300221
B0018154747924N11959119WA0022300220
B0018164747924N11959119WA0022300220
B0018174747924N11959119WA0022300220
B0018184747924N11959119WA0022300220
B0018194747924N11959119WA0022300220
B0018204747924N11959119WA0022300219
B0018214747924N11959119WA0022300219
B0018224747924N11959119WA0022300219
B0018234747924N11959119WA0022300219
B0018244747924N11959119WA0022300218
B0018254747924N11959119WA0022300218
B0018264747924N11959119WA0022300218
B0018274747924N11959119WA0022300219
B0018284747924N11959119WA0022300218
B0018294747924N11959120WA0022300218
B0018304747924N11959120WA0022300218
B0018314747924N11959120WA0022300218
B0018324747924N11959120WA0022300219
B0018334747924N11959120WA0022300218
B0018344747924N11959120WA0022300218
B0018354747924N11959120WA0022300218
B0018364747924N11959120WA0022300218
B0018374747925N11959120WA0022300218
B0018384747925N11959120WA0022300218
B0018394747925N11959120WA0022300218
B0018404747925N11959120WA0022300219
B0018414747925N11959120WA0022300218
B0018424747924N11959121WA0022300218
B0018434747924N11959121WA0022300218
B0018444747925N11959121WA0022300217
B0018454747925N11959121WA0022300217
B0018464747925N11959120WA0022300217
B0018474747925N11959121WA0022300217
B0018484747925N11959121WA0022300217
B0018494747925N11959121WA0022300217
B0018504747925N11959121WA0022300217
B0018514747925N11959121WA0022300217
B0018524747925N11959121WA0022300217
B0018534747925N11959121WA0022300217
B0018544747925N11959121WA0022300216
B0018554747925N11959121WA0022300216
B0018564747925N11959121WA0022300216
B0018574747925N11959121WA0022300215
B0018584747925N11959121WA0022300215
B0018594747925N11959121WA0022300215
B0019004747925N11959121WA0022300215
B0019014747925N11959121WA0022300214
B0019024747925N11959121WA0022300214
B0019034747925N11959121WA0022300214
B0019044747925N11959121WA0022300214
B0019054747925N11959121WA0022300214
B0019064747925N11959121WA0022300214
B0019074747925N11959121WA0022300214
B0019084747925N11959121WA0022300214
B0019094747925N11959121WA0022300213
B0019104747925N11959121WA0022300213
B0019114747925N11959121WA0022300213
B0019124747925N11959121WA0022300213
B0019134747925N11959121WA0022300213
B0019144747925N11959121WA0022300213
B0019154747925N11959121WA0022300213
B0019164747925N11959121WA0022300214
B0019174747925N11959121WA0022300214
B0019184747925N11959121WA0022300213
B0019194747925N11959121WA0022300214
B0019204747925N11959121WA0022300214
B0019214747925N11959121WA0022300214
B0019224747925N11959121WA0022300214
B0019234747925N11959121WA0022300214
B0019244747925N11959121WA0022300214
B0019254747925N11959121WA0022300213
B0019264747925N11959121WA0022300213
B0019274747925N11959121WA0022300213
B0019284747925N11959121WA0022300213
B0019294747925N11959121WA0022300213
B0019304747925N11959121WA0022300213
B0019314747925N11959121WA0022300213
B0019324747925N11959121WA0022300213
B0019334747925N11959121WA0022300213
B0019344747925N11959121WA0022300213
B0019354747925N11959120WA0022300213
B0019364747925N11959120WA0022300213
B0019374747925N11959120WA0022300213
B0019384747924N11959120WA0022300213
B0019394747924N11959120WA0022300213
B0019404747924N11959120WA0022300213
B0019414747924N11959120WA0022300213
B0019424747924N11959120WA0022300213
B0019434747924N11959120WA0022300213
B0019444747924N11959120WA0022300213
B0019454747924N11959120WA0022300213
B0019464747924N11959120WA0022300213
B0019474747924N11959120WA0022300213
B0019484747924N11959120WA0022300213
B0019494747924N11959120WA0022300213
B0019504747924N11959120WA0022300213
B0019514747924N11959120WA0022300212
B0019524747924N11959120WA0022300212
B0019534747924N11959120WA0022300212
B0019544747924N11959120WA0022300212
B0019554747924N11959120WA0022300212
B0019564747924N11959120WA0022300212
B0019574747924N11959120WA0022300212
B0019584747924N11959120WA0022300213
B0019594747924N11959120WA0022300213
B0020004747924N11959120WA0022300213
B0020014747924N11959120WA0022300213
B0020024747924N11959120WA0022300214
B0020034747924N11959120WA0022300214
B0020044747924N11959120WA0022300214
B0020054747924N11959120WA0022300214
B0020064747924N11959120WA0022300214
B0020074747924N11959120WA0022300214
B0020084747924N11959121WA0022300214
B0020094747924N11959121WA0022300214
B0020104747924N11959121WA0022300214
B0020114747924N11959121WA0022300214
B0020124747924N11959121WA0022300214
B0020134747924N11959121WA0022300214
B0020144747924N11959121WA0022300214
B0020154747924N11959121WA0022300214
B0020164747925N11959121WA0022300214
B0020174747925N11959121WA0022300214
B0020184747925N11959121WA0022300213
B0020194747925N11959121WA0022300213
B0020204747925N11959121WA0022300213
B0020214747925N11959121WA0022300212
B0020224747925N11959121WA0022300212
B0020234747925N11959121WA0022300212
B0020244747925N11959121WA0022300212
B0020254747925N11959121WA0022300212
B0020264747925N11959121WA0022300211
B0020274747924N11959121WA0022300211
B0020284747924N11959122WA0022300211
B0020294747924N11959122WA0022300211
B0020304747924N11959122WA0022300211
B0020314747924N11959122WA0022300210
B0020324747924N11959122WA0022300210
B0020334747924N11959122WA0022300210
B0020344747924N11959122WA0022300210
B0020354747924N11959122WA0022300210
B0020364747924N11959122WA0022300210
B0020374747924N11959122WA0022300210
B0020384747925N11959122WA0022300210
B0020394747925N11959122WA0022300210
B0020404747925N11959122WA0022300210
B0020414747925N11959122WA0022300210
B0020424747925N11959122WA0022300210
B0020434747925N11959122WA0022300210
B0020444747925N11959122WA0022300210
B0020454747925N11959122WA0022300211
B0020464747925N11959122WA0022300211
B0020474747925N11959122WA0022300211
B0020484747925N11959122WA0022300211
B0020494747925N11959122WA0022300211
B0020504747925N11959122WA0022300211
B0020514747925N11959122WA0022300212
B0020524747925N11959122WA0022300212
B0020534747925N11959122WA0022300212
B0020544747926N11959122WA0022300212
B0020554747926N11959122WA0022300212
B0020564747926N11959122WA0022300212
B0020574747926N11959121WA0022300212
B0020584747926N11959121WA0022300213
B0020594747926N11959121WA0022300213
B0021004747926N11959121WA0022300213
B0021014747926N11959121WA0022300213
B0021024747926N11959121WA0022300214
B0021034747926N11959121WA0022300214
B0021044747926N11959121WA0022300214
B0021054747926N11959121WA0022300215
B0021064747926N11959121WA0022300215
B0021074747926N11959121WA0022300215
B0021084747927N11959121WA0022300215
B0021094747927N11959121WA0022300215
B0021104747927N11959121WA0022300215
B0021114747927N11959121WA0022300216
B0021124747927N11959121WA0022300216
B0021134747927N11959121WA0022300216
B0021144747927N11959121WA0022300216
B0021154747927N11959121WA0022300216
B0021164747927N11959121WA0022300217
B0021174747927N11959121WA0022300217
B0021184747927N11959121WA0022300217
B0021194747927N11959121WA0022300217
B0021204747927N11959121WA0022300217
B0021214747927N11959121WA0022300218
B0021224747927N11959121WA0022300218
B0021234747927N11959121WA0022300218
B0021244747927N11959121WA0022300218
B0021254747927N11959121WA0022300218
B0021264747927N11959121WA0022300219
B0021274747927N11959121WA0022300219
B0021284747927N11959121WA0022300219
B0021294747926N11959121WA0022300219
B0021304747926N11959121WA0022300219
B0021314747926N11959121WA0022300220
B0021324747926N11959121WA0022300220
B0021334747926N11959121WA0022300220
B0021344747926N11959121WA0022300220
B0021354747926N11959121WA0022300221
B0021364747926N11959121WA0022400221
B0021374747926N11959121WA0022400221
B0021384747926N11959121WA0022400221
B0021394747926N11959120WA0022400221
B0021404747925N11959121WA0022400221
B0021414747925N11959121WA0022400220
B0021424747925N11959122WA0022400220
B0021434747925N11959122WA0022400220
B0021444747925N11959123WA0022400219
B0021454747924N11959123WA0022400219
B0021464747924N11959124WA0022400219
B0021474747924N11959124WA0022400219
B0021484747924N11959125WA0022400219
B0021494747924N11959126WA0022400219
B0021504747924N11959126WA0022400220
B0021514747924N11959127WA0022500220
B0021524747924N11959127WA0022500220
B0021534747924N11959128WA0022500220
B0021544747924N11959129WA0022500219
B0021554747924N11959130WA0022500220
B0021564747924N11959131WA0022500220
B0021574747923N11959131WA0022500221
B0021584747923N11959132WA0022500222
B0021594747923N11959132WA0022500223
B0022004747923N11959132WA0022500222
B0022014747923N11959132WA0022500222
B0022024747922N11959132WA0022600223
B0022034747922N11959133WA0022600222
B0022044747922N11959132WA0022600223
B0022054747922N11959133WA0022600223
B0022064747923N11959133WA0022500223
B0022074747923N11959133WA0022500223
B0022084747923N11959134WA0022500223
B0022094747923N11959134WA0022500223
B0022104747923N11959134WA0022500223
B0022114747922N11959134WA0022500223
B0022124747922N11959134WA0022500222
B0022134747922N11959134WA0022500221
B0022144747922N11959135WA0022500221
B0022154747922N11959135WA0022500221
B0022164747922N11959135WA0022600221
B0022174747922N11959136WA0022500221
B0022184747922N11959136WA0022500221
B0022194747922N11959136WA0022500220
B0022204747921N11959136WA0022500220
B0022214747921N11959137WA0022500220
B0022224747921N11959137WA0022600220
B0022234747921N11959137WA0022600220
B0022244747921N11959137WA0022600220
B0022254747921N11959137WA0022600220
B0022264747921N11959137WA0022600220
B0022274747921N11959137WA0022600220
B0022284747921N11959137WA0022600220
B0022294747921N11959137WA0022600220
B0022304747921N11959137WA0022600219
B0022314747921N11959137WA0022600219
B0022324747921N11959138WA0022600219
B0022334747921N11959138WA0022600219
B0022344747921N11959138WA0022600219
B0022354747921N11959138WA0022600219
B0022364747921N11959138WA0022600219
B0022374747921N11959138WA0022600219
B0022384747921N11959138WA0022600219
B0022394747921N11959138WA0022600219
B0022404747921N11959138WA0022600219
B0022414747921N11959138WA0022600219
B0022424747921N11959138WA0022600220
B0022434747921N11959138WA0022600220
B0022444747921N11959138WA0022600220
B0022454747921N11959139WA0022600221
B0022464747921N11959139WA0022600221
B0022474747921N11959139WA0022600221
B0022484747921N11959139WA0022600221
B0022494747921N11959139WA0022600221
B0022504747921N11959139WA0022600221
B0022514747921N11959139WA0022600222
B0022524747922N11959139WA0022600222
B0022534747922N11959138WA0022600222
B0022544747922N11959138WA0022600222
B0022554747922N11959138WA0022600222
B0022564747922N11959138WA0022600222
B0022574747922N11959139WA0022600222
B0022584747922N11959139WA0022600222
B0022594747922N11959139WA0022600222
B0023004747922N11959139WA0022600222
B0023014747922N11959139WA0022600223
B0023024747922N11959138WA0022600223
B0023034747922N11959138WA0022600223
B0023044747922N11959138WA0022600223
B0023054747922N11959138WA0022600222
B0023064747922N11959138WA0022600222
B0023074747922N11959138WA0022600223
B0023084747922N11959137WA0022500223
B0023094747922N11959137WA0022500224
B0023104747922N11959137WA0022500224
B0023114747922N11959137WA0022500224
B0023124747922N11959136WA0022500225
B0023134747922N11959136WA0022500226
B0023144747922N11959135WA0022500226
B0023154747922N11959135WA0022600227
B0023164747922N11959134WA0022600227
B0023174747922N11959134WA0022600228
B0023184747922N11959133WA0022600227
B0023194747922N11959133WA0022600228
B0023204747922N11959133WA0022600228
B0023214747922N11959133WA0022600228
B0023224747922N11959133WA0022600228
B0023234747922N11959132WA0022600229
B0023244747922N11959132WA0022600229
B0023254747922N11959132WA0022600229
B0023264747922N11959132WA0022600229
B0023274747922N11959132WA0022600229
B0023284747922N11959132WA0022600229
B0023294747922N11959132WA0022600229
B0023304747922N11959132WA0022600229
B0023314747923N11959132WA0022600229
B0023324747923N11959132WA0022600229
B0023334747923N11959132WA0022600230
B0023344747923N11959133WA0022600230
B0023354747923N11959133WA0022600229
B0023364747923N11959133WA0022600230
B0023374747923N11959133WA0022600230
B0023384747923N11959133WA0022600230
B0023394747923N11959133WA0022600230
B0023404747923N11959133WA0022600230
B0023414747924N11959134WA0022600230
B0023424747924N11959133WA0022600231
B0023434747924N11959134WA0022600230
B0023444747924N11959134WA0022600230
B0023454747924N11959134WA0022600230
B0023464747924N11959134WA0022600229
B0023474747925N11959134WA0022600229
B0023484747925N11959134WA0022600229
B0023494747926N11959134WA0022500230
B0023504747928N11959133WA0022500230
B0023514747929N11959133WA0022500231
B0023524747931N11959133WA0022600231
B0023534747933N11959132WA0022600230
B0023544747936N11959131WA0022600230
B0023554747938N11959131WA0022600229
B0023564747940N11959132WA0022600229
B0023574747943N11959135WA0022600228
B0023584747945N11959140WA0022600228
B0023594747947N11959145WA0022600228
B0024004747949N11959150WA0022600228
B0024014747950N11959155WA0022600228
B0024024747951N11959160WA0022600229
B0024034747952N11959165WA0022600229
B0024044747954N11959171WA0022600228
B0024054747955N11959175WA0022700228
B0024064747956N11959180WA0022700229
B0024074747956N11959184WA0022700229
B0024084747957N11959188WA0022700229
B0024094747958N11959193WA0022700229
B0024104747959N11959197WA0022700228
B0024114747960N11959201WA0022700228
B0024124747961N11959206WA0022700229
B0024134747963N11959209WA0022700230
B0024144747966N11959212WA0022700231
B0024154747969N11959213WA0022700230
B0024164747973N11959213WA0022700232
B0024174747978N11959211WA0022700231
B0024184747983N11959209WA0022700227
B0024194747988N11959206WA0022800226
B0024204747994N11959203WA0022800225
B0024214748001N11959200WA0022900224
B0024224748008N11959197WA0022900224
B0024234748014N11959193WA0022900224
B0024244748022N11959190WA0023000223
B0024254748029N11959186WA0023000223
B0024264748036N11959182WA0023000223
B0024274748044N11959179WA0023000223
B0024284748051N11959175WA0023000224
B0024294748059N11959171WA0023100224
B0024304748066N11959167WA0023100224
B0024314748073N11959163WA0023100224
B0024324748081N11959158WA0023100224
B0024334748089N11959154WA0023200224
B0024344748096N11959150WA0023200224
B0024354748104N11959145WA0023300224
B0024364748112N11959141WA0023300224
B0024374748120N11959137WA0023300224
B0024384748128N11959133WA0023400224
B0024394748136N11959128WA0023400223
B0024404748145N11959124WA0023400223
B0024414748154N11959120WA0023400223
B0024424748163N11959115WA0023400222
B0024434748172N11959111WA0023500222
B0024444748182N11959108WA0023500221
B0024454748191N11959104WA0023500220
B0024464748201N11959100WA0023500220
B0024474748211N11959095WA0023500219
B0024484748221N11959091WA0023400219
B0024494748231N11959086WA0023400218
B0024504748240N11959081WA0023400219
B0024514748250N11959076WA0023400219
B0024524748260N11959071WA0023400219
B0024534748271N11959066WA0023400219
B0024544748281N11959060WA0023400219
B0024554748291N11959055WA0023400219
B0024564748302N11959050WA0023400218
B0024574748312N11959045WA0023400218
B0024584748323N11959039WA0023400218
B0024594748333N11959034WA0023400218
B0025004748344N11959028WA0023400217
B0025014748355N11959023WA0023400217
B0025024748366N11959017WA0023400218
B0025034748377N11959012WA0023400218
B0025044748388N11959006WA0023400218
B0025054748399N11959001WA0023400218
B0025064748410N11958995WA0023400218
B0025074748422N11958989WA0023400218
B0025084748433N11958984WA0023400219
B0025094748445N11958978WA0023400219
B0025104748456N11958972WA0023400219
B0025114748468N11958966WA0023400219
B0025124748480N11958960WA0023400219
B0025134748491N11958954WA0023400219
B0025144748503N11958948WA0023400219
B0025154748515N11958942WA0023500219
B0025164748527N11958937WA0023500219
B0025174748539N11958932WA0023500220
B0025184748550N11958928WA0023500220
B0025194748562N11958926WA0023600221
B0025204748573N11958924WA0023600221
B0025214748584N11958921WA0023600221
B0025224748595N11958918WA0023600222
B0025234748606N11958914WA0023600222
B0025244748616N11958909WA0023700223
B0025254748627N11958903WA0023700221
B0025264748637N11958898WA0023700222
B0025274748648N11958893WA0023800221
B0025284748659N11958887WA0023800222
B0025294748669N11958882WA0023800222
B0025304748680N11958876WA0023900222
B0025314748691N11958871WA0023900222
B0025324748701N11958866WA0023900222
B0025334748711N11958861WA0023900221
B0025344748721N11958855WA0023900221
B0025354748730N11958851WA0023900221
B0025364748740N11958846WA0023900222
B0025374748749N11958842WA0023900222
B0025384748757N11958837WA0023900222
B0025394748765N11958833WA0023900221
B0025404748773N11958829WA0023900220
B0025414748780N11958825WA0023900219
B0025424748787N11958822WA0023900219
B0025434748793N11958819WA0023900218
B0025444748798N11958817WA0023900218
B0025454748803N11958817WA0023900217
B0025464748807N11958818WA0023900217
B0025474748811N11958821WA0024000217
B0025484748814N11958824WA0024000218
B0025494748817N11958827WA0024000216
B0025504748818N11958831WA0024000214
B0025514748820N11958834WA0024000213
B0025524748821N11958837WA0024000213
B0025534748821N11958839WA0023900214
B0025544748822N11958842WA0023900215
B0025554748822N11958845WA0023900216
B0025564748821N11958849WA0024000216
B0025574748819N11958853WA0024000216
B0025584748816N11958856WA0024000217
B0025594748812N11958860WA0024000218
B0026004748808N11958863WA0023900218
B0026014748803N11958867WA0023900220
B0026024748797N11958871WA0024000221
B0026034748791N11958875WA0024000222
B0026044748784N11958879WA0024000223
B0026054748778N11958883WA0024100225
B0026064748772N11958887WA0024100226
B0026074748765N11958891WA0024200227
B0026084748759N11958896WA0024300228
B0026094748752N11958901WA0024400229
B0026104748747N11958907WA0024400230
B0026114748742N11958914WA0024500231
B0026124748738N11958922WA0024500232
B0026134748735N11958931WA0024600234
B0026144748733N11958941WA0024700234
B0026154748733N11958952WA0024800236
B0026164748734N11958962WA0024800237
B0026174748735N11958973WA0024900240
B0026184748738N11958982WA0025000240
B0026194748742N11958991WA0025100241
B0026204748747N11958998WA0025200243
B0026214748753N11959004WA0025300244
B0026224748760N11959009WA0025400246
B0026234748767N11959011WA0025400247
B0026244748775N11959012WA0025500249
B0026254748783N11959011WA0025600248
B0026264748791N11959008WA0025700248
B0026274748799N11959004WA0025900248
B0026284748807N11958999WA0026000248
B0026294748816N11958994WA0026100249
B0026304748824N11958988WA0026200249
B0026314748832N11958981WA0026300250
B0026324748840N11958973WA0026400253
B0026334748848N11958964WA0026600255
B0026344748856N11958955WA0026700256
B0026354748864N11958946WA0026800257
B0026364748872N11958937WA0026900259
B0026374748880N11958927WA0027100260
B0026384748887N11958917WA0027200261
B0026394748893N11958906WA0027300264
B0026404748899N11958895WA0027400266
B0026414748906N11958884WA0027600265
B0026424748913N11958875WA0027700266
B0026434748921N11958867WA0027800269
B0026444748930N11958860WA0027900270
B0026454748939N11958854WA0028000272
B0026464748949N11958849WA0028100272
B0026474748959N11958846WA0028200273
B0026484748968N11958844WA0028300272
B0026494748977N11958841WA0028400273
B0026504748987N11958839WA0028500275
B0026514748996N11958835WA0028500277
B0026524749005N11958830WA0028600281
B0026534749014N11958823WA0028700283
B0026544749022N11958816WA0028800286
B0026554749031N11958808WA0029000288
B0026564749040N11958801WA0029100292
B0026574749050N11958794WA0029200294
B0026584749060N11958788WA0029300298
B0026594749070N11958785WA0029400301
B0027004749081N11958782WA0029500301
B0027014749092N11958781WA0029700301
B0027024749104N11958781WA0029800302
B0027034749115N11958783WA0029900302
B0027044749127N11958784WA0029900302
B0027054749139N11958784WA0030100302
B0027064749151N11958783WA0030200302
B0027074749164N11958780WA0030300303
B0027084749176N11958777WA0030400305
B0027094749188N11958776WA0030600306
B0027104749200N11958775WA0030700307
B0027114749212N11958774WA0030800309
B0027124749224N11958774WA0030900311
B0027134749236N11958773WA0031100312
B0027144749248N11958772WA0031200314
B0027154749260N11958771WA0031300315
B0027164749271N11958769WA0031400315
B0027174749282N11958767WA0031500317
B0027184749293N11958765WA0031600316
B0027194749305N11958764WA0031700317
B0027204749316N11958764WA0031800319
B0027214749327N11958765WA0031900320
B0027224749337N11958768WA0032000321
B0027234749348N11958770WA0032100322
B0027244749358N11958772WA0032100323
B0027254749368N11958772WA0032200323
B0027264749378N11958771WA0032200322
B0027274749389N11958769WA0032300323
B0027284749399N11958765WA0032400325
B0027294749409N11958760WA0032500327
B0027304749418N11958754WA0032600328
B0027314749428N11958747WA0032700329
B0027324749437N11958739WA0032800331
B0027334749447N11958732WA0032900332
B0027344749457N11958727WA0033000333
B0027354749467N11958722WA0033100333
B0027364749477N11958718WA0033200334
B0027374749488N11958716WA0033300335
B0027384749500N11958714WA0033400336
B0027394749511N11958713WA0033500337
B0027404749523N11958713WA0033600337
B0027414749535N11958713WA0033700338
B0027424749546N11958713WA0033800339
B0027434749558N11958712WA0033900340
B0027444749569N11958712WA0033900340
B0027454749580N11958712WA0034100340
B0027464749591N11958713WA0034100341
B0027474749602N11958717WA0034200342
B0027484749611N11958722WA0034300341
B0027494749620N11958729WA0034400342
B0027504749628N11958739WA0034400344
B0027514749635N11958751WA0034500345
B0027524749640N11958764WA0034500346
B0027534749644N11958779WA0034600349
B0027544749647N11958794WA0034600350
B0027554749648N11958810WA0034700350
B0027564749648N11958825WA0034700350
B0027574749647N11958841WA0034800349
B0027584749647N11958856WA0034800349
B0027594749647N11958870WA0034900349
B0028004749647N11958884WA0035000349
B0028014749646N11958897WA0035000349
B0028024749647N11958908WA0035100351
B0028034749647N11958916WA0035100352
B0028044749648N11958923WA0035100352
B0028054749650N11958929WA0035100353
B0028064749653N11958934WA0035000353
B0028074749656N11958936WA0035000351
B0028084749662N11958938WA0035000351
B0028094749667N11958939WA0035000350
B0028104749673N11958939WA0035100351
B0028114749680N11958940WA0035100350
B0028124749687N11958941WA0035100349
B0028134749695N11958943WA0035100350
B0028144749703N11958944WA0035100351
B0028154749711N11958945WA0035200350
B0028164749720N11958947WA0035200352
B0028174749729N11958948WA0035300352
B0028184749738N11958950WA0035300353
B0028194749747N11958951WA0035400354
B0028204749757N11958953WA0035500356
B0028214749766N11958954WA0035500357
B0028224749775N11958956WA0035600357
B0028234749785N11958957WA0035600358
B0028244749795N11958958WA0035700360
B0028254749805N11958959WA0035800360
B0028264749815N11958958WA0035800361
B0028274749825N11958957WA0035900360
B0028284749835N11958955WA0036000360
B0028294749845N11958951WA0036100361
B0028304749855N11958947WA0036100361
B0028314749865N11958941WA0036200361
B0028324749874N11958933WA0036300362
B0028334749883N11958925WA0036300362
B0028344749891N11958916WA0036400363
B0028354749899N11958905WA0036500364
B0028364749907N11958894WA0036600365
B0028374749914N11958882WA0036700367
B0028384749921N11958871WA0036700369
B0028394749929N11958859WA0036800369
B0028404749937N11958848WA0036900370
B0028414749945N11958837WA0036900371
B0028424749954N11958828WA0037000373
B0028434749964N11958819WA0037100376
B0028444749974N11958811WA0037100378
B0028454749985N11958803WA0037100379
B0028464749996N11958796WA0037200378
B0028474750006N11958790WA0037200378
B0028484750017N11958784WA0037300379
B0028494750028N11958777WA0037400379
B0028504750039N11958770WA0037400381
B0028514750050N11958765WA0037500378
B0028524750061N11958759WA0037600378
B0028534750071N11958753WA0037700380
B0028544750080N11958747WA0037700380
B0028554750090N11958742WA0037800380
B0028564750098N11958737WA0037900381
B0028574750107N11958732WA0037900381
B0028584750114N11958726WA0038000382
B0028594750121N11958720WA0038000382
B0029004750127N11958715WA0038100383
B0029014750132N11958710WA0038200382
B0029024750136N11958706WA0038200383
B0029034750139N11958703WA0038200382
B0029044750142N11958702WA0038300380
B0029054750146N11958703WA0038300381
B0029064750148N11958706WA0038300380
B0029074750150N11958710WA0038200379
B0029084750152N11958715WA0038200379
B0029094750155N11958721WA0038200380
B0029104750157N11958726WA0038200380
B0029114750160N11958732WA0038300382
B0029124750163N11958738WA0038300382
B0029134750166N11958744WA0038400383
B0029144750169N11958751WA0038500384
B0029154750172N11958758WA0038600384
B0029164750176N11958765WA0038600384
B0029174750179N11958772WA0038700385
B0029184750182N11958779WA0038700385
B0029194750185N11958785WA0038700385
B0029204750188N11958792WA0038700385
B0029214750191N11958798WA0038700385
B0029224750193N11958805WA0038800385
B0029234750196N11958811WA0038800385
B0029244750199N11958818WA0038800385
B0029254750202N11958825WA0038800385
B0029264750205N11958832WA0038800384
B0029274750207N11958838WA0038800384
B0029284750211N11958845WA0038800385
B0029294750214N11958852WA0038800384
B0029304750217N11958860WA0038800383
B0029314750219N11958868WA0038800383
B0029324750220N11958876WA0038800383
B0029334750221N11958884WA0038700382
B0029344750221N11958891WA0038700383
B0029354750221N11958898WA0038700383
B0029364750221N11958904WA0038700383
B0029374750221N11958909WA0038700384
B0029384750221N11958913WA0038700384
B0029394750220N11958916WA0038600385
B0029404750220N11958919WA0038600385
B0029414750218N11958922WA0038600385
B0029424750217N11958923WA0038500386
B0029434750214N11958924WA0038500386
B0029444750213N11958925WA0038500386
B0029454750210N11958924WA0038400386
B0029464750209N11958924WA0038400386
B0029474750207N11958923WA0038400387
B0029484750205N11958923WA0038400387
B0029494750204N11958922WA0038400386
B0029504750203N11958921WA0038400386
B0029514750202N11958920WA0038400387
B0029524750201N11958920WA0038400386
B0029534750200N11958919WA0038400386
B0029544750199N11958918WA0038400386
B0029554750198N11958918WA0038400385
B0029564750197N11958917WA0038400385
B0029574750196N11958917WA0038400385
B0029584750196N11958916WA0038400385
B0029594750195N11958915WA0038400385
B0030004750195N11958914WA0038300385
B0030014750195N11958914WA0038300385
B0030024750195N11958913WA0038300385
B0030034750195N11958913WA0038300385
B0030044750195N11958913WA0038300385
B0030054750194N11958912WA0038300385
B0030064750194N11958912WA0038300385
B0030074750195N11958912WA0038300385
B0030084750195N11958912WA0038300385
B0030094750195N11958912WA0038200385
B0030104750195N11958913WA0038200386
B0030114750195N11958913WA0038200385
B0030124750195N11958913WA0038200386
B0030134750195N11958912WA0038200386
B0030144750194N11958912WA0038200386
B0030154750194N11958912WA0038200386
B0030164750194N11958912WA0038300386
B0030174750194N11958912WA0038300386
B0030184750194N11958912WA0038300386
B0030194750194N11958912WA0038400386
B0030204750194N11958912WA0038400386
B0030214750194N11958912WA0038500386
B0030224750194N11958912WA0038500386
B0030234750194N11958912WA0038500385
B0030244750194N11958912WA0038500386
B0030254750193N11958912WA0038500386
B0030264750193N11958912WA0038500385
B0030274750193N11958912WA0038500385
B0030284750193N11958913WA0038500385
B0030294750193N11958913WA0038500385
B0030304750193N11958913WA0038400385
B0030314750193N11958913WA0038400385
B0030324750193N11958913WA0038400385
B0030334750193N11958913WA0038400385
B0030344750192N11958913WA0038400385
B0030354750192N11958913WA0038400385
B0030364750192N11958913WA0038400385
B0030374750192N11958913WA0038400384
B0030384750192N11958913WA0038400385
B0030394750192N11958913WA0038400385
B0030404750192N11958913WA0038300385
B0030414750192N11958913WA0038300385
B0030424750192N11958913WA0038300385
B0030434750192N11958913WA0038300386
B0030444750192N11958913WA0038300386
B0030454750192N11958913WA0038300386
B0030464750192N11958913WA0038300385
B0030474750192N11958913WA0038300386
B0030484750192N11958913WA0038300387
B0030494750192N11958912WA0038300388
B0030504750192N11958912WA0038300388
B0030514750192N11958912WA0038300389
B0030524750192N11958912WA0038300389
B0030534750191N11958911WA0038300390
B0030544750192N11958912WA0038300390
B0030554750192N11958912WA0038300390
B0030564750191N11958912WA0038300390
B0030574750191N11958912WA0038300391
B0030584750191N11958912WA0038400392
B0030594750191N11958912WA0038400392
B0031004750191N11958912WA0038400391
B0031014750190N11958913WA0038300391
B0031024750190N11958913WA0038300391
B0031034750189N11958913WA0038300391
B0031044750189N11958913WA0038300390
B0031054750189N11958913WA0038300390
B0031064750188N11958914WA0038300390
B0031074750188N11958914WA0038300390
B0031084750188N11958914WA0038300391
B0031094750187N11958914WA0038300390
B0031104750186N11958914WA0038300390
B0031114750186N11958914WA0038300390
B0031124750185N11958914WA0038300390
B0031134750185N11958914WA0038300390
B0031144750185N11958913WA0038300390
B0031154750184N11958913WA0038300390
B0031164750184N11958913WA0038300390
B0031174750183N11958913WA0038300390
B0031184750183N11958912WA0038300389
B0031194750182N11958912WA0038300389
B0031204750182N11958911WA0038300389
B0031214750182N11958911WA0038300389
B0031224750182N11958911WA0038300390
B0031234750182N11958911WA0038300390
B0031244750182N11958911WA0038300389
B0031254750182N11958911WA0038300390
B0031264750182N11958910WA0038300390
B0031274750182N11958910WA0038300389
B0031284750182N11958910WA0038300389
B0031294750182N11958910WA0038300390
B0031304750182N11958910WA0038300390
B0031314750182N11958910WA0038300390
B0031324750182N11958910WA0038300390
B0031334750182N11958910WA0038300391
B0031344750182N11958910WA0038300391
B0031354750182N11958910WA0038300391
B0031364750182N11958910WA0038300391
B0031374750182N11958910WA0038300391
B0031384750182N11958910WA0038300391
B0031394750182N11958910WA0038300391
B0031404750182N11958910WA0038300391
B0031414750182N11958910WA0038300392
B0031424750182N11958910WA0038300392
B0031434750182N11958910WA0038300392
B0031444750182N11958910WA0038300392
B0031454750182N11958910WA0038300392
B0031464750182N11958910WA0038300392
B0031474750182N11958910WA0038300392
B0031484750183N11958910WA0038300392
B0031494750183N11958910WA0038300392
B0031504750183N11958910WA0038300392
B0031514750183N11958910WA0038300392
B0031524750183N11958910WA0038300391
B0031534750183N11958910WA0038300391
B0031544750183N11958909WA0038300392
B0031554750183N11958909WA0038300392
B0031564750183N11958909WA0038300392
B0031574750183N11958909WA0038300392
B0031584750183N11958909WA0038300393
B0031594750183N11958909WA0038300393
B0032004750183N11958909WA0038300393
B0032014750183N11958909WA0038300393
B0032024750183N11958909WA0038300393
B0032034750183N11958909WA0038300393
B0032044750183N11958909WA0038300393
B0032054750183N11958909WA0038300393
B0032064750183N11958909WA0038300393
B0032074750183N11958909WA0038300393
B0032084750183N11958909WA0038300393
B0032094750183N11958909WA0038300393
B0032104750183N11958909WA0038300393
B0032114750183N11958909WA0038300393
B0032124750183N11958909WA0038300393
B0032134750183N11958909WA0038300393
B0032144750183N11958909WA0038300392
B0032154750183N11958909WA0038300392
B0032164750183N11958909WA0038300392
B0032174750183N11958909WA0038300392
B0032184750183N11958909WA0038300392
B0032194750183N11958909WA0038300392
B0032204750183N11958909WA0038300391
B0032214750183N11958909WA0038300391
B0032224750183N11958909WA0038300391
B0032234750183N11958909WA0038300391
B0032244750183N11958909WA0038300390
B0032254750183N11958909WA0038300390
B0032264750183N11958909WA0038300390
B0032274750183N11958909WA0038300389
B0032284750183N11958909WA0038300389
B0032294750183N11958909WA0038300389
B0032304750183N11958909WA0038300388
B0032314750182N11958909WA0038300388
B0032324750182N11958909WA0038300388
B0032334750182N11958909WA0038300387
B0032344750182N11958909WA0038300387
B0032354750182N11958909WA0038300387
B0032364750182N11958909WA0038300387
B0032374750182N11958909WA0038300387
B0032384750182N11958909WA0038300387
B0032394750182N11958909WA0038300387
B0032404750182N11958909WA0038300387
B0032414750182N11958909WA0038300387
B0032424750182N11958909WA0038300387
B0032434750182N11958909WA0038300387
B0032444750182N11958909WA0038300386
B0032454750182N11958909WA0038300386
B0032464750182N11958909WA0038300387
B0032474750182N11958909WA0038300386
B0032484750182N11958909WA0038300386
B0032494750182N11958909WA0038300387
B0032504750182N11958909WA0038300386
B0032514750181N11958909WA0038300386
B0032524750181N11958909WA0038300386
B0032534750181N11958909WA0038300386
B0032544750181N11958909WA0038300386
B0032554750181N11958909WA0038300386
B0032564750181N11958909WA0038300386
B0032574750181N11958909WA0038300386
B0032584750181N11958909WA0038300386
B0032594750181N11958909WA0038300386
B0033004750181N11958909WA0038300386
B0033014750181N11958909WA0038300385
B0033024750181N11958909WA0038300385
B0033034750181N11958909WA0038300385
B0033044750181N11958909WA0038300384
B0033054750181N11958909WA0038300384
B0033064750181N11958909WA0038300384
B0033074750181N11958909WA0038300384
B0033084750181N11958909WA0038300383
B0033094750181N11958909WA0038300383
B0033104750181N11958909WA0038300383
B0033114750181N11958909WA0038300382
B0033124750181N11958909WA0038300382
B0033134750181N11958909WA0038300382
B0033144750181N11958909WA0038300382
B0033154750181N11958909WA0038300383
B0033164750181N11958909WA0038300383
B0033174750181N11958909WA0038300383
B0033184750181N11958909WA0038300383
B0033194750181N11958909WA0038300383
B0033204750181N11958909WA0038300383
B0033214750181N11958909WA0038300383
B0033224750181N11958909WA0038300383
B0033234750181N11958909WA0038300383
B0033244750181N11958909WA0038300383
B0033254750181N11958909WA0038300384
B0033264750181N11958909WA0038300384
B0033274750181N11958909WA0038300385
B0033284750181N11958909WA0038300385
B0033294750181N11958909WA0038300385
B0033304750181N11958909WA0038300385
B0033314750181N11958909WA0038300386
B0033324750181N11958909WA0038300386
B0033334750181N11958909WA0038300386
B0033344750181N11958909WA0038300386
B0033354750181N11958909WA0038300386
B0033364750181N11958909WA0038300387
B0033374750182N11958909WA0038300387
B0033384750182N11958909WA0038300387
B0033394750182N11958909WA0038300387
B0033404750182N11958909WA0038300387
B0033414750182N11958909WA0038300387
B0033424750182N11958909WA0038300388
B0033434750182N11958909WA0038300388
B0033444750182N11958909WA0038300388
B0033454750182N11958909WA0038300388
B0033464750182N11958909WA0038300388
B0033474750182N11958909WA0038300388
B0033484750182N11958909WA0038300388
B0033494750182N11958909WA0038300389
B0033504750182N11958909WA0038300389
B0033514750182N11958909WA0038300389
B0033524750182N11958909WA0038300389
B0033534750182N11958909WA0038300390
B0033544750182N11958909WA0038300390
B0033554750182N11958909WA0038300390
B0033564750182N11958910WA0038300390
B0033574750182N11958910WA0038300390
B0033584750182N11958910WA0038300390
B0033594750182N11958909WA0038300390
B0034004750182N11958909WA0038300390
B0034014750182N11958909WA0038300390
B0034024750182N11958910WA0038300390
B0034034750182N11958909WA0038300390
B0034044750182N11958910WA0038300390
B0034054750182N11958910WA0038300390
B0034064750182N11958910WA0038300390
B0034074750182N11958910WA0038300390
B0034084750182N11958909WA0038300390
B0034094750182N11958909WA0038300390
B0034104750182N11958909WA0038300390
B0034114750182N11958909WA0038300390
B0034124750182N11958909WA0038300390
B0034134750182N11958909WA0038300390
B0034144750182N11958909WA0038300390
B0034154750181N11958909WA0038300390
B0034164750181N11958909WA0038300390
B0034174750181N11958909WA0038300390
B0034184750181N11958909WA0038300390
B0034194750181N11958909WA0038300390
B0034204750181N11958909WA0038300390
B0034214750181N11958909WA0038300390
B0034224750181N11958909WA0038300390
B0034234750181N11958909WA0038300390
B0034244750181N11958909WA0038300390
B0034254750181N11958910WA0038300390
B0034264750181N11958910WA0038300389
B0034274750181N11958910WA0038300389
B0034284750181N11958910WA0038300389
B0034294750181N11958910WA0038300389
B0034304750181N11958910WA0038300389
B0034314750181N11958910WA0038300390
B0034324750181N11958910WA0038300390
B0034334750181N11958910WA0038300390
B0034344750181N11958910WA0038300390
B0034354750181N11958910WA0038300390
B0034364750181N11958910WA0038300390
B0034374750181N11958909WA0038300390
B0034384750181N11958909WA0038300390
B0034394750181N11958909WA0038300390
B0034404750181N11958909WA0038300390
B0034414750181N11958909WA0038300390
B0034424750181N11958909WA0038300390
B0034434750181N11958909WA0038300390
B0034444750181N11958909WA0038300390
B0034454750181N11958909WA0038300391
B0034464750181N11958909WA0038300391
B0034474750181N11958909WA0038300391
B0034484750181N11958909WA0038300391
B0034494750181N11958909WA0038300391
B0034504750181N11958909WA0038300391
B0034514750181N11958909WA0038300391
B0034524750181N11958909WA0038300392
B0034534750181N11958909WA0038300392
B0034544750181N11958909WA0038300392
B0034554750181N11958909WA0038300392
B0034564750181N11958909WA0038300392
B0034574750181N11958909WA0038300392
B0034584750181N11958909WA0038300392
B0034594750181N11958909WA0038300392
B0035004750181N11958909WA0038300392
B0035014750181N11958909WA0038300392
B0035024750181N11958909WA0038300392
B0035034750181N11958909WA0038300392
B0035044750181N11958909WA0038300392
B0035054750181N11958909WA0038300392
B0035064750181N11958909WA0038300392
B0035074750181N11958909WA0038300392
B0035084750181N11958909WA0038300392
B0035094750181N11958909WA0038300392
B0035104750181N11958909WA0038300392
B0035114750181N11958909WA0038300391
B0035124750181N11958908WA0038300391
B0035134750181N11958908WA0038300391
B0035144750181N11958908WA0038300391
B0035154750181N11958908WA0038300391
B0035164750181N11958908WA0038300391
B0035174750181N11958908WA0038300391
B0035184750181N11958908WA0038300391
B0035194750181N11958908WA0038300391
B0035204750181N11958908WA0038300391
B0035214750181N11958908WA0038300391
B0035224750181N11958908WA0038300391
B0035234750181N11958908WA0038300391
B0035244750181N11958908WA0038300391
B0035254750181N11958908WA0038300391
B0035264750181N11958908WA0038300391
B0035274750181N11958908WA0038300391
B0035284750181N11958908WA0038300391
B0035294750181N11958908WA0038300391
B0035304750181N11958908WA0038300391
B0035314750181N11958908WA0038300391
B0035324750181N11958908WA0038300391
B0035334750181N11958908WA0038300391
B0035344750181N11958908WA0038300391
B0035354750181N11958908WA0038300392
B0035364750181N11958908WA0038300392
B0035374750181N11958908WA0038300392
B0035384750181N11958908WA0038300392
B0035394750181N11958908WA0038300392
B0035404750181N11958908WA0038300392
B0035414750181N11958908WA0038300392
B0035424750181N11958908WA0038300392
B0035434750181N11958908WA0038300392
B0035444750181N11958908WA0038300392
B0035454750181N11958908WA0038300392
B0035464750181N11958908WA0038300392
B0035474750181N11958908WA0038300392
B0035484750181N11958908WA0038300392
B0035494750181N11958908WA0038300392
B0035504750181N11958908WA0038300392
B0035514750181N11958908WA0038300392
B0035524750181N11958908WA0038300392
B0035534750181N11958908WA0038300392
B0035544750181N11958908WA0038300392
B0035554750181N11958909WA0038300392
B0035564750181N11958909WA0038300392
B0035574750181N11958909WA0038300392
B0035584750181N11958909WA0038300392
B0035594750181N11958909WA0038300392
B0036004750181N11958909WA0038300391
B0036014750181N11958909WA0038300391
B0036024750181N11958909WA0038300391
B0036034750181N11958909WA0038300391
B0036044750181N11958909WA0038300391
B0036054750181N11958909WA0038300391
B0036064750181N11958909WA0038300391
B0036074750181N11958909WA0038300391
B0036084750181N11958909WA0038300391
B0036094750181N11958909WA0038300391
B0036104750181N11958909WA0038300391
B0036114750181N11958909WA0038300391
B0036124750181N11958909WA0038300391
B0036134750181N11958909WA0038300391
B0036144750181N11958909WA0038300391
B0036154750181N11958909WA0038300391
B0036164750181N11958909WA0038300391
B0036174750181N11958909WA0038300391
B0036184750181N11958909WA0038300391
B0036194750181N11958909WA0038300391
B0036204750181N11958909WA0038300391
B0036214750181N11958909WA0038300391
B0036224750181N11958909WA0038300391
B0036234750181N11958909WA0038300391
B0036244750181N11958909WA0038300392
B0036254750181N11958909WA0038300392
B0036264750181N11958909WA0038300392
B0036274750181N11958909WA0038300392
B0036284750182N11958909WA0038300392
B0036294750182N11958909WA0038300392
B0036304750182N11958909WA0038300392
B0036314750182N11958909WA0038300392
B0036324750182N11958909WA0038300392
B0036334750182N11958909WA0038300392
B0036344750182N11958909WA0038300392
B0036354750182N11958909WA0038300392
B0036364750182N11958909WA0038300392
B0036374750182N11958909WA0038300392
B0036384750182N11958908WA0038300392
B0036394750182N11958908WA0038300392
B0036404750182N11958908WA0038300391
B0036414750182N11958908WA0038300392
B0036424750182N11958908WA0038300392
B0036434750182N11958909WA0038300391
B0036444750182N11958909WA0038300391
B0036454750182N11958909WA0038300391
B0036464750182N11958909WA0038300391
B0036474750182N11958909WA0038300391
B0036484750182N11958909WA0038300391
B0036494750182N11958909WA0038300391
B0036504750182N11958909WA0038300391
B0036514750182N11958909WA0038300390
B0036524750182N11958909WA0038300390
B0036534750182N11958909WA0038300390
B0036544750182N11958909WA0038300390
B0036554750182N11958909WA0038300390
B0036564750183N11958909WA0038300389
B0036574750183N11958909WA0038300389
B0036584750183N11958909WA0038300389
B0036594750183N11958909WA0038300388
B0037004750183N11958909WA0038300388
B0037014750183N11958909WA0038300388
B0037024750183N11958909WA0038300388
B0037034750183N11958909WA0038300388
B0037044750183N11958909WA0038300388
B0037054750183N11958909WA0038300388
B0037064750183N11958909WA0038300388
B0037074750183N11958909WA0038300388
B0037084750183N11958909WA0038300388
B0037094750183N11958909WA0038300388
B0037104750183N11958909WA0038300388
B0037114750183N11958909WA0038300388
B0037124750183N11958909WA0038300388
B0037134750183N11958909WA0038300387
B0037144750183N11958909WA0038300388
B0037154750183N11958909WA0038300388
B0037164750183N11958909WA0038300388
B0037174750182N11958909WA0038300388
B0037184750182N11958909WA0038300388
B0037194750182N11958909WA0038300388
B0037204750182N11958909WA0038300388
B0037214750182N11958909WA0038300388
B0037224750182N11958909WA0038300388
B0037234750182N11958909WA0038300388
B0037244750182N11958909WA0038300388
B0037254750182N11958909WA0038300389
B0037264750182N11958909WA0038300389
B0037274750182N11958909WA0038300389
B0037284750182N11958909WA0038300389
B0037294750182N11958909WA0038300389
B0037304750182N11958909WA0038300389
B0037314750182N11958909WA0038300389
B0037324750182N11958909WA0038300389
B0037334750182N11958909WA0038300389
B0037344750182N11958909WA0038300389
B0037354750182N11958909WA0038300390
B0037364750182N11958909WA0038300390
B0037374750182N11958909WA0038300390
B0037384750182N11958909WA0038300390
B0037394750182N11958909WA0038300390
B0037404750182N11958909WA0038300391
B0037414750181N11958909WA0038300391
B0037424750181N11958909WA0038300391
B0037434750181N11958909WA0038300391
B0037444750181N11958909WA0038300391
B0037454750181N11958909WA0038300391
B0037464750181N11958909WA0038300391
B0037474750181N11958909WA0038300391
B0037484750181N11958909WA0038300392
B0037494750181N11958909WA0038300392
B0037504750181N11958909WA0038300392
B0037514750181N11958909WA0038300392
B0037524750181N11958909WA0038300392
B0037534750181N11958909WA0038300391
B0037544750181N11958909WA0038300391
B0037554750181N11958909WA0038300391
B0037564750181N11958909WA0038300391
B0037574750181N11958908WA0038300391
B0037584750181N11958908WA0038300391
B0037594750181N11958908WA0038300391
B0038004750181N11958908WA0038300391
B0038014750181N11958908WA0038300391
B0038024750181N11958908WA0038300391
B0038034750181N11958908WA0038300391
B0038044750181N11958908WA0038300390
B0038054750181N11958908WA0038300390
B0038064750181N11958908WA0038300391
B0038074750181N11958908WA0038300391
B0038084750181N11958908WA0038300391
B0038094750181N11958908WA0038300391
B0038104750181N11958908WA0038300391
B0038114750181N11958908WA0038300391
B0038124750181N11958908WA0038300391
B0038134750181N11958908WA0038300391
B0038144750181N11958908WA0038300391
B0038154750181N11958908WA0038300391
B0038164750181N11958908WA0038300391
B0038174750181N11958908WA0038300391
B0038184750181N11958908WA0038300392
B0038194750181N11958908WA0038300392
B0038204750181N11958908WA0038300392
B0038214750181N11958908WA0038300392
B0038224750181N11958908WA0038300392
B0038234750181N11958908WA0038300392
B0038244750181N11958908WA0038300392
B0038254750181N11958908WA0038300392
B0038264750181N11958908WA0038300392
B0038274750181N11958908WA0038300392
B0038284750181N11958908WA0038300393
B0038294750182N11958908WA0038300393
B0038304750182N11958908WA0038300393
B0038314750182N11958908WA0038300393
B0038324750182N11958908WA0038300393
B0038334750182N11958908WA0038300393
B0038344750182N11958908WA0038300393
B0038354750182N11958908WA0038300393
B0038364750182N11958908WA0038300393
B0038374750182N11958908WA0038300393
B0038384750182N11958908WA0038300393
B0038394750182N11958908WA0038300393
B0038404750182N11958908WA0038300394
B0038414750182N11958908WA0038300394
B0038424750182N11958908WA0038300394
B0038434750182N11958908WA0038300394
B0038444750182N11958908WA0038300394
B0038454750182N11958908WA0038300394
B0038464750182N11958908WA0038300394
B0038474750182N11958908WA0038300394
B0038484750182N11958908WA0038400394
B0038494750182N11958908WA0038400394
B0038504750182N11958908WA0038400395
B0038514750182N11958908WA0038400395
B0038524750182N11958908WA0038400395
B0038534750182N11958908WA0038400395
B0038544750182N11958908WA0038400395
B0038554750182N11958908WA0038400395
B0038564750182N11958908WA0038400394
B0038574750182N11958908WA0038400394
B0038584750182N11958908WA0038400394
B0038594750182N11958908WA0038400394
B0039004750182N11958908WA0038400394
B0039014750182N11958908WA0038400394
B0039024750182N11958909WA0038400394
B0039034750182N11958909WA0038400393
B0039044750182N11958909WA0038400393
B0039054750182N11958909WA0038400393
B0039064750182N11958909WA0038400393
B0039074750182N11958909WA0038400393
B0039084750182N11958909WA0038300393
B0039094750182N11958909WA0038300393
B0039104750182N11958909WA0038300393
B0039114750182N11958909WA0038300393
B0039124750182N11958909WA0038300393
B0039134750182N11958909WA0038300393
B0039144750182N11958909WA0038300393
B0039154750182N11958909WA0038300393
B0039164750182N11958909WA0038300393
B0039174750182N11958909WA0038400393
B0039184750182N11958909WA0038400393
B0039194750182N11958909WA0038400393
B0039204750182N11958909WA0038400393
B0039214750182N11958909WA0038400392
B0039224750182N11958909WA0038400392
B0039234750182N11958909WA0038400392
B0039244750182N11958909WA0038400392
B0039254750182N11958909WA0038400392
B0039264750182N11958909WA0038400392
B0039274750182N11958909WA0038400392
B0039284750182N11958909WA0038400392
B0039294750182N11958909WA0038400392
B0039304750182N11958909WA0038400392
B0039314750182N11958909WA0038400392
B0039324750182N11958909WA0038400391
B0039334750182N11958909WA0038400391
B0039344750182N11958909WA0038400391
B0039354750182N11958909WA0038400391
B0039364750182N11958909WA0038400391
B0039374750182N11958909WA0038400391
B0039384750182N11958909WA0038400391
B0039394750182N11958909WA0038400390
B0039404750182N11958909WA0038400390
B0039414750182N11958909WA0038400390
B0039424750182N11958909WA0038400390
B0039434750182N11958909WA0038400390
B0039444750182N11958909WA0038400390
B0039454750182N11958909WA0038400390
B0039464750182N11958909WA0038400390
B0039474750182N11958909WA0038400390
B0039484750182N11958909WA0038400390
B0039494750182N11958909WA0038400390
B0039504750182N11958909WA0038400390
B0039514750182N11958909WA0038400390
B0039524750182N11958909WA0038400390
B0039534750182N11958909WA0038400390
B0039544750182N11958909WA0038400390
B0039554750182N11958909WA0038400390
B0039564750182N11958909WA0038400390
B0039574750182N11958909WA0038400390
B0039584750182N11958909WA0038400390
B0039594750182N11958909WA0038400390
B0040004750182N11958909WA0038400390
B0040014750182N11958909WA0038400390
B0040024750182N11958909WA0038400390
B0040034750182N11958909WA0038400390
B0040044750182N11958909WA0038400389
B0040054750182N11958909WA0038400389
B0040064750182N11958909WA0038400389
B0040074750182N11958909WA0038400389
B0040084750182N11958909WA0038400389
B0040094750182N11958909WA0038400389
B0040104750182N11958909WA0038400389
B0040114750182N11958909WA0038400389
B0040124750182N11958909WA0038400389
B0040134750182N11958909WA0038400389
B0040144750182N11958909WA0038400389
B0040154750182N11958909WA0038400389
B0040164750182N11958909WA0038400389
B0040174750182N11958909WA0038400389
B0040184750182N11958909WA0038400389
B0040194750182N11958909WA0038400389
B0040204750182N11958909WA0038400389
B0040214750182N11958909WA0038400389
B0040224750182N11958909WA0038400389
B0040234750182N11958909WA0038400389
B0040244750182N11958909WA0038400389
B0040254750182N11958909WA0038400389
B0040264750182N11958909WA0038400389
B0040274750182N11958909WA0038400389
B0040284750182N11958909WA0038400389
B0040294750182N11958909WA0038400389
B0040304750182N11958909WA0038400389
B0040314750182N11958909WA0038400389
B0040324750182N11958909WA0038400389
B0040334750182N11958909WA0038400389
B0040344750182N11958909WA0038400389
B0040354750182N11958909WA0038400389
B0040364750182N11958909WA0038400389
B0040374750182N11958909WA0038400389
B0040384750182N11958909WA0038400389
B0040394750182N11958909WA0038400389
B0040404750182N11958909WA0038400388
B0040414750182N11958909WA0038400388
B0040424750182N11958909WA0038400388
B0040434750182N11958910WA0038400388
B0040444750182N11958910WA0038400388
B0040454750182N11958910WA0038400388
B0040464750182N11958910WA0038400388
B0040474750182N11958909WA0038400388
B0040484750182N11958909WA0038400389
B0040494750182N11958909WA0038400389
B0040504750182N11958909WA0038400389
B0040514750182N11958909WA0038400389
B0040524750182N11958909WA0038400389
B0040534750182N11958909WA0038400389
B0040544750182N11958909WA0038400389
B0040554750182N11958909WA0038400389
B0040564750182N11958909WA0038400389
B0040574750182N11958909WA0038400389
B0040584750182N11958909WA0038400389
B0040594750182N11958909WA0038400389
B0041004750182N11958909WA0038400389
B0041014750182N11958909WA0038400389
B0041024750182N11958909WA0038400389
B0041034750182N11958909WA0038400389
B0041044750182N11958909WA0038400389
B0041054750182N11958909WA0038400389
B0041064750182N11958909WA0038400389
B0041074750182N11958909WA0038400389
B0041084750182N11958909WA0038400389
B0041094750182N11958909WA0038400389
B0041104750182N11958909WA0038400389
B0041114750182N11958909WA0038400389
B0041124750182N11958909WA0038400389
B0041134750182N11958909WA0038400389
B0041144750182N11958909WA0038400389
B0041154750182N11958909WA0038400389
B0041164750182N11958909WA0038400389
B0041174750182N11958909WA0038400389
B0041184750182N11958909WA0038400389
B0041194750182N11958909WA0038400389
B0041204750182N11958909WA0038400389
B0041214750182N11958909WA0038400390
B0041224750182N11958909WA0038400390
B0041234750182N11958909WA0038400390
B0041244750182N11958909WA0038400390
B0041254750182N11958909WA0038400390
B0041264750182N11958909WA0038400390
B0041274750182N11958909WA0038400390
B0041284750182N11958909WA0038400390
B0041294750182N11958909WA0038400390
B0041304750182N11958909WA0038400390
B0041314750182N11958909WA0038400390
B0041324750182N11958909WA0038400390
B0041334750182N11958909WA0038400390
B0041344750182N11958909WA0038400390
B0041354750182N11958909WA0038400390
B0041364750182N11958909WA0038400390
B0041374750182N11958909WA0038400390
B0041384750182N11958909WA0038400390
B0041394750182N11958909WA0038400390
B0041404750182N11958909WA0038400390
B0041414750182N11958909WA0038400390
B0041424750182N11958909WA0038400390
B0041434750182N11958909WA0038400390
B0041444750182N11958909WA0038400390
B0041454750182N11958909WA0038400390
B0041464750182N11958909WA0038400390
B0041474750182N11958909WA0038400390
B0041484750182N11958909WA0038400390
B0041494750182N11958909WA0038400390
B0041504750182N11958909WA0038400390
B0041514750182N11958909WA0038400390
B0041524750182N11958909WA0038400390
B0041534750182N11958909WA0038400390
B0041544750182N11958909WA0038400390
B0041554750182N11958909WA0038400390
B0041564750182N11958909WA0038400391
B0041574750182N11958909WA0038400391
B0041584750182N11958909WA0038400391
B0041594750182N11958908WA0038400391
B0042004750182N11958908WA0038400391
B0042014750182N11958908WA0038400392
B0042024750182N11958908WA0038400392
B0042034750182N11958908WA0038400392
B0042044750182N11958908WA0038400392
B0042054750182N11958908WA0038400392
B0042064750182N11958908WA0038400392
B0042074750182N11958908WA0038400392
B0042084750182N11958908WA0038400392
B0042094750182N11958908WA0038400392
B0042104750182N11958908WA0038400392
B0042114750182N11958908WA0038400392
B0042124750182N11958908WA0038400392
B0042134750182N11958908WA0038400392
B0042144750182N11958908WA0038400392
B0042154750182N11958908WA0038400392
B0042164750182N11958908WA0038400392
B0042174750182N11958908WA0038400392
B0042184750182N11958908WA0038400391
B0042194750182N11958908WA0038400391
B0042204750182N11958908WA0038400391
B0042214750182N11958909WA0038400391
B0042224750182N11958909WA0038400391
B0042234750182N11958909WA0038400391
B0042244750182N11958909WA0038400391
B0042254750182N11958909WA0038400391
B0042264750182N11958909WA0038400391
B0042274750182N11958909WA0038400391
B0042284750182N11958909WA0038400391
B0042294750182N11958909WA0038400391
B0042304750182N11958909WA0038400391
B0042314750182N11958909WA0038400391
B0042324750182N11958909WA0038400391
B0042334750182N11958909WA0038400391
B0042344750182N11958909WA0038400391
B0042354750182N11958909WA0038400391
B0042364750182N11958909WA0038400391
B0042374750182N11958909WA0038400391
B0042384750182N11958909WA0038400391
B0042394750182N11958909WA0038400391
B0042404750182N11958909WA0038400391
B0042414750182N11958910WA0038400391
B0042424750182N11958910WA0038400391
B0042434750182N11958910WA0038400391
B0042444750182N11958910WA0038400391
B0042454750182N11958910WA0038400391
B0042464750182N11958910WA0038400390
B0042474750182N11958910WA0038400390
B0042484750182N11958910WA0038400390
B0042494750182N11958910WA0038400390
B0042504750182N11958910WA0038400390
B0042514750182N11958910WA0038400390
B0042524750182N11958910WA0038400390
B0042534750182N11958910WA0038400390
B0042544750182N11958910WA0038400390
B0042554750182N11958910WA0038400390
B0042564750182N11958910WA0038400390
B0042574750182N11958910WA0038400390
B0042584750182N11958910WA0038400390
B0042594750182N11958910WA0038400390
B0043004750182N11958910WA0038400390
B0043014750182N11958910WA0038400390
B0043024750182N11958910WA0038400390
B0043034750182N11958910WA0038400390
B0043044750182N11958910WA0038400390
B0043054750182N11958910WA0038400391
B0043064750182N11958910WA0038400391
B0043074750182N11958910WA0038400391
B0043084750182N11958910WA0038400390
B0043094750182N11958910WA0038400390
B0043104750182N11958910WA0038400390
B0043114750182N11958910WA0038400390
B0043124750182N11958910WA0038400390
B0043134750182N11958910WA0038400390
B0043144750182N11958910WA0038400391
B0043154750182N11958910WA0038400391
B0043164750182N11958910WA0038400391
B0043174750182N11958910WA0038400390
B0043184750182N11958910WA0038400390
B0043194750182N11958910WA0038400390
B0043204750182N11958910WA0038400390
B0043214750182N11958910WA0038400390
B0043224750182N11958910WA0038400390
B0043234750182N11958910WA0038400390
B0043244750182N11958910WA0038400390
B0043254750182N11958910WA0038400390
B0043264750182N11958910WA0038400390
B0043274750182N11958910WA0038400390
B0043284750182N11958910WA0038400390
B0043294750182N11958910WA0038400390
B0043304750182N11958910WA0038400390
B0043314750182N11958910WA0038400390
B0043324750182N11958910WA0038400390
B0043334750182N11958910WA0038400390
B0043344750182N11958910WA0038400390
B0043354750182N11958910WA0038400390
B0043364750182N11958910WA0038400390
B0043374750182N11958910WA0038400390
B0043384750182N11958910WA0038400390
B0043394750182N11958910WA0038400390
B0043404750182N11958910WA0038400390
B0043414750182N11958910WA0038400390
B0043424750182N11958910WA0038400390
B0043434750182N11958909WA0038400390
B0043444750182N11958909WA0038400389
B0043454750182N11958909WA0038400389
B0043464750182N11958909WA0038400389
B0043474750182N11958909WA0038400389
B0043484750182N11958909WA0038400389
B0043494750182N11958909WA0038400389
B0043504750182N11958909WA0038400390
B0043514750182N11958909WA0038400390
B0043524750183N11958909WA0038400390
B0043534750183N11958909WA0038400390
B0043544750183N11958909WA0038400390
B0043554750183N11958909WA0038400390
B0043564750183N11958909WA0038400390
B0043574750183N11958909WA0038400390
B0043584750183N11958909WA0038400390
B0043594750182N11958909WA0038400390
B0044004750182N11958909WA0038400390
B0044014750182N11958909WA0038400390
B0044024750182N11958909WA0038400390
B0044034750182N11958909WA0038400390
B0044044750182N11958909WA0038400390
B0044054750182N11958909WA0038400390
B0044064750182N11958909WA0038400390
B0044074750182N11958909WA0038400390
B0044084750182N11958909WA0038400390
B0044094750182N11958909WA0038400390
B0044104750182N11958909WA0038400391
B0044114750182N11958909WA0038400391
B0044124750182N11958909WA0038400391
B0044134750182N11958909WA0038400391
B0044144750182N11958909WA0038400391
B0044154750182N11958909WA0038400391
B0044164750182N11958909WA0038400392
B0044174750182N11958909WA0038400392
B0044184750182N11958909WA0038400391
B0044194750182N11958909WA0038400391
B0044204750182N11958909WA0038400391
B0044214750182N11958909WA0038400391
B0044224750182N11958909WA0038400391
B0044234750182N11958909WA0038400391
B0044244750182N11958909WA0038400391
B0044254750182N11958909WA0038400391
B0044264750182N11958909WA0038400391
B0044274750182N11958909WA0038400391
B0044284750182N11958909WA0038400391
B0044294750182N11958909WA0038400391
B0044304750182N11958909WA0038400390
B0044314750182N11958909WA0038400390
B0044324750182N11958909WA0038400390
B0044334750182N11958909WA0038400390
B0044344750182N11958909WA0038400390
B0044354750182N11958909WA0038400390
B0044364750182N11958909WA0038400390
B0044374750182N11958909WA0038400390
B0044384750182N11958909WA0038400390
B0044394750182N11958909WA0038400390
B0044404750182N11958909WA0038400390
B0044414750182N11958909WA0038400390
B0044424750182N11958909WA0038400390
B0044434750182N11958909WA0038400390
B0044444750182N11958909WA0038400390
B0044454750182N11958909WA0038400390
B0044464750182N11958909WA0038400390
B0044474750182N11958909WA0038400390
B0044484750182N11958909WA0038400390
B0044494750182N11958909WA0038400390
B0044504750182N11958909WA0038400390
B0044514750182N11958909WA0038400390
B0044524750182N11958909WA0038400390
B0044534750182N11958909WA0038400390
B0044544750182N11958909WA0038400390
B0044554750182N11958909WA0038400390
B0044564750182N11958909WA0038400390
B0044574750182N11958909WA0038400390
B0044584750182N11958909WA0038400390
B0044594750182N11958909WA0038400390
B0045004750182N11958909WA0038400390
B0045014750182N11958909WA0038400391
B0045024750182N11958909WA0038400391
B0045034750182N11958909WA0038400391
B0045044750182N11958909WA0038400391
B0045054750182N11958909WA0038400391
B0045064750182N11958909WA0038400391
B0045074750182N11958909WA0038400391
B0045084750182N11958909WA0038400391
B0045094750182N11958909WA0038400391
B0045104750182N11958909WA0038400391
B0045114750182N11958909WA0038400392
B0045124750182N11958909WA0038400392
B0045134750182N11958909WA0038400392
B0045144750182N11958909WA0038400392
B0045154750182N11958909WA0038400392
B0045164750182N11958909WA0038400392
B0045174750182N11958909WA0038400392
B0045184750182N11958909WA0038400392
B0045194750182N11958909WA0038400392
B0045204750182N11958909WA0038400392
B0045214750182N11958909WA0038400393
B0045224750182N11958909WA0038400393
B0045234750182N11958909WA0038400392
B0045244750182N11958909WA0038400392
B0045254750182N11958909WA0038400392
B0045264750182N11958909WA0038400392
B0045274750182N11958909WA0038400392
B0045284750182N11958909WA0038400392
B0045294750182N11958909WA0038400392
B0045304750182N11958909WA0038400392
B0045314750182N11958910WA0038400392
B0045324750181N11958910WA0038400392
B0045334750181N11958910WA0038400392
B0045344750181N11958910WA0038400392
B0045354750181N11958910WA0038400392
B0045364750181N11958910WA0038400392
B0045374750181N11958910WA0038400392
B0045384750181N11958910WA0038400392
B0045394750181N11958910WA0038400392
B0045404750181N11958910WA0038400392
B0045414750181N11958910WA0038400392
B0045424750181N11958910WA0038400392
B0045434750181N11958910WA0038400392
B0045444750181N11958910WA0038400392
B0045454750181N11958910WA0038400392
B0045464750181N11958910WA0038400391
B0045474750181N11958910WA0038400391
B0045484750181N11958910WA0038400391
B0045494750181N11958910WA0038400391
B0045504750181N11958910WA0038400391
B0045514750181N11958910WA0038400391
B0045524750181N11958910WA0038400391
B0045534750181N11958910WA0038400391
B0045544750181N11958910WA0038400391
B0045554750181N11958910WA0038400391
B0045564750181N11958910WA0038400391
B0045574750181N11958910WA0038400390
B0045584750181N11958910WA0038400390
B0045594750181N11958910WA0038400390
B0046004750181N11958910WA0038400390
B0046014750182N11958910WA0038400390
B0046024750182N11958911WA0038400390
B0046034750182N11958911WA0038400390
B0046044750182N11958911WA0038400390
B0046054750182N11958911WA0038400390
B0046064750182N11958911WA0038400389
B0046074750182N11958911WA0038400389
B0046084750182N11958911WA0038400389
B0046094750182N11958911WA0038400389
B0046104750182N11958911WA0038400389
B0046114750182N11958911WA0038400389
B0046124750182N11958911WA0038400389
B0046134750182N11958911WA0038400389
B0046144750182N11958911WA0038400389
B0046154750182N11958911WA0038400389
B0046164750182N11958911WA0038400388
B0046174750182N11958911WA0038400388
B0046184750182N11958911WA0038400388
B0046194750182N11958911WA0038400388
B0046204750182N11958911WA0038400388
B0046214750182N11958911WA0038400388
B0046224750182N11958911WA0038400388
B0046234750182N11958911WA0038400388
B0046244750182N11958911WA0038400388
B0046254750182N11958911WA0038400388
B0046264750182N11958911WA0038400388
B0046274750182N11958911WA0038400388
B0046284750182N11958911WA0038400388
B0046294750182N11958911WA0038400388
B0046304750182N11958911WA0038400388
B0046314750182N11958911WA0038400388
B0046324750182N11958911WA0038400388
B0046334750182N11958911WA0038400388
B0046344750182N11958911WA0038400388
B0046354750182N11958911WA0038400388
B0046364750182N11958911WA0038400388
B0046374750182N11958911WA0038400388
B0046384750182N11958911WA0038400388
B0046394750182N11958911WA0038400388
B0046404750182N11958911WA0038400388
B0046414750182N11958911WA0038400388
B0046424750182N11958911WA0038400387
B0046434750182N11958911WA0038400387
B0046444750182N11958911WA0038400387
B0046454750182N11958912WA0038400387
B0046464750182N11958912WA0038400387
B0046474750182N11958912WA0038400387
B0046484750182N11958912WA0038400387
B0046494750182N11958912WA0038400387
B0046504750182N11958912WA0038400387
B0046514750182N11958912WA0038400387
B0046524750182N11958912WA0038400387
B0046534750182N11958912WA0038400387
B0046544750182N11958911WA0038400387
B0046554750182N11958911WA0038400387
B0046564750182N11958911WA0038400387
B0046574750182N11958911WA0038400387
B0046584750182N11958911WA0038400387
B0046594750182N11958911WA0038400387
B0047004750182N11958911WA0038400387
B0047014750182N11958911WA0038400387
B0047024750182N11958911WA0038400387
B0047034750182N11958911WA0038400387
B0047044750182N11958911WA0038400387
B0047054750182N11958911WA0038400387
B0047064750182N11958911WA0038400387
B0047074750182N11958911WA0038400387
B0047084750182N11958911WA0038400387
B0047094750182N11958911WA0038400387
B0047104750182N11958911WA0038400387
B0047114750182N11958911WA0038400387
B0047124750182N11958911WA0038400387
B0047134750182N11958911WA0038400388
B0047144750182N11958911WA0038400388
B0047154750182N11958911WA0038400388
B0047164750182N11958911WA0038400388
B0047174750182N11958911WA0038400388
B0047184750182N11958911WA0038400388
B0047194750182N11958911WA0038400388
B0047204750182N11958911WA0038400389
B0047214750182N11958911WA0038400389
B0047224750182N11958911WA0038400389
B0047234750182N11958911WA0038400389
B0047244750182N11958911WA0038400389
B0047254750182N11958911WA0038400389
B0047264750182N11958911WA0038400389
B0047274750182N11958911WA0038400390
B0047284750182N11958911WA0038400390
B0047294750182N11958911WA0038400390
B0047304750182N11958911WA0038400390
B0047314750182N11958911WA0038400390
B0047324750182N11958911WA0038400390
B0047334750182N11958911WA0038400390
B0047344750182N11958911WA0038400390
B0047354750182N11958911WA0038400390
B0047364750182N11958911WA0038400390
B0047374750182N11958911WA0038400390
B0047384750182N11958911WA0038400390
B0047394750182N11958911WA0038400390
B0047404750182N11958911WA0038400390
B0047414750182N11958911WA0038400390
B0047424750182N11958911WA0038400390
B0047434750182N11958911WA0038400390
B0047444750182N11958911WA0038400390
B0047454750182N11958911WA0038400390
B0047464750182N11958911WA0038400390
B0047474750182N11958911WA0038400390
B0047484750182N11958911WA0038400390
B0047494750182N11958911WA0038400390
B0047504750182N11958911WA0038400390
B0047514750182N11958911WA0038400390
B0047524750182N11958911WA0038400390
B0047534750182N11958911WA0038400390
B0047544750182N11958911WA0038400390
B0047554750182N11958911WA0038400390
B0047564750182N11958911WA0038400390
B0047574750182N11958911WA0038400390
B0047584750182N11958911WA0038400390
B0047594750182N11958911WA0038400390
B0048004750182N11958911WA0038400390
B0048014750182N11958911WA0038400390
B0048024750182N11958911WA0038400390
B0048034750182N11958911WA0038400390
B0048044750182N11958911WA0038400390
B0048054750182N11958911WA0038400390
B0048064750182N11958911WA0038400390
B0048074750182N11958911WA0038400390
B0048084750182N11958911WA0038400390
B0048094750182N11958911WA0038400390
B0048104750182N11958911WA0038400391
B0048114750182N11958911WA0038400391
B0048124750182N11958911WA0038400391
B0048134750182N11958911WA0038400391
B0048144750182N11958911WA0038400391
B0048154750182N11958911WA0038400391
B0048164750182N11958911WA0038400391
B0048174750181N11958911WA0038400391
B0048184750181N11958911WA0038400391
B0048194750181N11958911WA0038400392
B0048204750181N11958911WA0038400392
B0048214750182N11958911WA0038400392
B0048224750182N11958911WA0038400392
B0048234750182N11958911WA0038400392
B0048244750182N11958910WA0038400392
B0048254750182N11958910WA0038400392
B0048264750182N11958910WA0038400392
B0048274750182N11958910WA0038400392
B0048284750182N11958910WA0038400392
B0048294750182N11958910WA0038400392
B0048304750182N11958910WA0038400392
B0048314750182N11958910WA0038400392
B0048324750182N11958910WA0038400392
B0048334750182N11958910WA0038400392
B0048344750182N11958910WA0038400391
B0048354750182N11958910WA0038400391
B0048364750182N11958910WA0038400391
B0048374750182N11958910WA0038400391
B0048384750182N11958910WA0038400391
B0048394750182N11958910WA0038400391
B0048404750182N11958910WA0038400391
B0048414750182N11958910WA0038400390
B0048424750182N11958910WA0038400390
B0048434750182N11958911WA0038400390
B0048444750182N11958911WA0038400390
B0048454750182N11958911WA0038400390
B0048464750182N11958911WA0038400390
B0048474750182N11958911WA0038400390
B0048484750182N11958911WA0038400389
B0048494750182N11958911WA0038400389
B0048504750182N11958911WA0038400389
B0048514750182N11958911WA0038400389
B0048524750182N11958911WA0038400389
B0048534750182N11958911WA0038400389
B0048544750182N11958911WA0038400389
B0048554750182N11958911WA0038400389
B0048564750182N11958911WA0038400389
B0048574750182N11958911WA0038400389
B0048584750182N11958911WA0038400388
B0048594750182N11958911WA0038400388
B0049004750182N11958911WA0038400388
B0049014750182N11958911WA0038400388
B0049024750182N11958911WA0038400388
B0049034750182N11958911WA0038400388
B0049044750182N11958911WA0038400388
B0049054750182N11958911WA0038400388
B0049064750182N11958910WA0038400388
B0049074750182N11958910WA0038400388
B0049084750182N11958910WA0038400388
B0049094750182N11958910WA0038400388
B0049104750182N11958910WA0038400388
B0049114750182N11958910WA0038400388
B0049124750182N11958910WA0038400388
B0049134750182N11958910WA0038400388
B0049144750182N11958910WA0038400388
B0049154750182N11958910WA0038400388
B0049164750182N11958910WA0038400388
B0049174750182N11958910WA0038400388
B0049184750182N11958910WA0038400389
B0049194750182N11958910WA0038400389
B0049204750182N11958910WA0038400389
B0049214750182N11958910WA0038400389
B0049224750182N11958910WA0038400389
B0049234750182N11958910WA0038400389
B0049244750182N11958910WA0038400389
B0049254750182N11958910WA0038400389
B0049264750182N11958910WA0038400389
B0049274750182N11958910WA0038400389
B0049284750182N11958910WA0038400389
B0049294750182N11958910WA0038400389
B0049304750182N11958910WA0038400388
B0049314750182N11958910WA0038400388
B0049324750182N11958910WA0038400388
B0049334750182N11958910WA0038400388
B0049344750182N11958910WA0038400388
B0049354750182N11958910WA0038400388
B0049364750182N11958910WA0038400388
B0049374750182N11958910WA0038400388
B0049384750182N11958910WA0038400387
B0049394750182N11958910WA0038400387
B0049404750182N11958910WA0038400387
B0049414750182N11958909WA0038400387
B0049424750182N11958909WA0038400386
B0049434750182N11958909WA0038400386
B0049444750182N11958909WA0038400386
B0049454750182N11958909WA0038400386
B0049464750182N11958909WA0038400386
B0049474750182N11958909WA0038400386
B0049484750182N11958909WA0038400386
B0049494750182N11958909WA0038400386
B0049504750182N11958909WA0038400386
B0049514750182N11958909WA0038400386
B0049524750182N11958909WA0038400386
B0049534750182N11958909WA0038400385
B0049544750182N11958909WA0038400385
B0049554750182N11958909WA0038400385
B0049564750182N11958910WA0038400385
B0049574750182N11958910WA0038400385
B0049584750182N11958910WA0038400386
B0049594750182N11958910WA0038400386
B0050004750182N11958910WA0038400386
B0050014750182N11958910WA0038400386
B0050024750182N11958910WA0038400386
B0050034750182N11958910WA0038400386
B0050044750182N11958910WA0038400386
B0050054750183N11958910WA0038400386
B0050064750183N11958910WA0038400386
B0050074750183N11958910WA0038400386
B0050084750183N11958910WA0038400386
B0050094750183N11958910WA0038400386
B0050104750183N11958910WA0038400386
B0050114750183N11958910WA0038400386
B0050124750183N11958910WA0038400386
B0050134750183N11958910WA0038400386
B0050144750183N11958910WA0038400386
B0050154750183N11958910WA0038400387
B0050164750183N11958910WA0038400387
B0050174750183N11958910WA0038400387
B0050184750183N11958910WA0038400387
B0050194750183N11958910WA0038400387
B0050204750183N11958910WA0038400387
B0050214750183N11958910WA0038400387
B0050224750183N11958910WA0038400387
B0050234750183N11958910WA0038400387
B0050244750183N11958910WA0038400387
B0050254750183N11958910WA0038400387
B0050264750183N11958910WA0038400387
B0050274750183N11958910WA0038400387
B0050284750183N11958910WA0038400387
B0050294750183N11958910WA0038400387
B0050304750183N11958910WA0038400387
B0050314750183N11958910WA0038400387
B0050324750183N11958910WA0038400387
B0050334750183N11958910WA0038400388
B0050344750183N11958910WA0038400388
B0050354750183N11958910WA0038400388
B0050364750183N11958910WA0038400388
B0050374750183N11958910WA0038400388
B0050384750183N11958910WA0038400388
B0050394750183N11958910WA0038400388
B0050404750183N11958910WA0038400388
B0050414750183N11958910WA0038400388
B0050424750183N11958910WA0038400388
B0050434750183N11958910WA0038400388
B0050444750183N11958910WA0038400389
B0050454750183N11958910WA0038400389
B0050464750183N11958910WA0038400389
B0050474750183N11958910WA0038400389
B0050484750183N11958910WA0038400389
B0050494750183N11958910WA0038400389
B0050504750183N11958910WA0038400389
B0050514750182N11958910WA0038400389
B0050524750182N11958909WA0038400389
B0050534750182N11958909WA0038400389
B0050544750182N11958909WA0038400389
B0050554750182N11958909WA0038400389
B0050564750182N11958909WA0038400389
B0050574750182N11958909WA0038400389
B0050584750182N11958909WA0038400389
B0050594750182N11958909WA0038400390
B0051004750182N11958909WA0038400390
B0051014750182N11958909WA0038400390
B0051024750182N11958909WA0038400390
B0051034750182N11958909WA0038400389
B0051044750182N11958909WA0038400389
B0051054750182N11958909WA0038400389
B0051064750182N11958909WA0038400389
B0051074750182N11958910WA0038400389
B0051084750182N11958910WA0038400389
B0051094750182N11958910WA0038400389
B0051104750182N11958910WA0038400389
B0051114750182N11958910WA0038400389
B0051124750182N11958910WA0038500389
B0051134750182N11958910WA0038500389
B0051144750182N11958910WA0038500389
B0051154750182N11958910WA0038500389
B0051164750182N11958910WA0038500389
B0051174750182N11958910WA0038500388
B0051184750182N11958910WA0038500388
B0051194750182N11958910WA0038500388
B0051204750181N11958910WA0038500388
B0051214750182N11958910WA0038500388
B0051224750182N11958910WA0038500388
B0051234750182N11958910WA0038500388
B0051244750182N11958910WA0038500388
B0051254750182N11958910WA0038500388
B0051264750182N11958910WA0038500388
B0051274750181N11958910WA0038500388
B0051284750181N11958910WA0038500388
B0051294750181N11958909WA0038500388
B0051304750181N11958909WA0038500388
B0051314750181N11958909WA0038500388
B0051324750181N11958909WA0038500388
B0051334750181N11958909WA0038500388
B0051344750181N11958909WA0038500388
B0051354750181N11958909WA0038500388
B0051364750181N11958909WA0038500388
B0051374750181N11958909WA0038500388
B0051384750181N11958909WA0038500388
B0051394750181N11958909WA0038500388
B0051404750181N11958909WA0038500388
B0051414750181N11958909WA0038500388
B0051424750181N11958909WA0038500388
B0051434750181N11958909WA0038500388
B0051444750181N11958909WA0038500388
B0051454750181N11958909WA0038500388
B0051464750181N11958909WA0038500388
B0051474750181N11958909WA0038500388
B0051484750181N11958909WA0038500388
B0051494750181N11958909WA0038500388
B0051504750181N11958909WA0038500388
B0051514750181N11958909WA0038500388
B0051524750181N11958909WA0038500388
B0051534750181N11958909WA0038500388
B0051544750181N11958909WA0038500388
B0051554750181N11958909WA0038500388
B0051564750181N11958909WA0038500388
B0051574750181N11958909WA0038500388
B0051584750181N11958909WA0038500388
B0051594750181N11958909WA0038500388
B0052004750181N11958909WA0038500387
B0052014750181N11958909WA0038500387
B0052024750181N11958909WA0038500387
B0052034750181N11958909WA0038500387
B0052044750181N11958909WA0038500387
B0052054750181N11958909WA0038500387
B0052064750182N11958909WA0038500387
B0052074750182N11958909WA0038500387
B0052084750182N11958909WA0038500387
B0052094750182N11958909WA0038500387
B0052104750182N11958909WA0038500387
B0052114750182N11958909WA0038500387
B0052124750182N11958909WA0038500387
B0052134750182N11958910WA0038500387
B0052144750182N11958910WA0038500387
B0052154750182N11958910WA0038500387
B0052164750182N11958910WA0038500387
B0052174750182N11958910WA0038500387
B0052184750182N11958910WA0038500387
B0052194750182N11958910WA0038500387
B0052204750182N11958910WA0038500387
B0052214750182N11958910WA0038500387
B0052224750183N11958910WA0038500387
B0052234750183N11958910WA0038500387
B0052244750183N11958910WA0038500387
B0052254750183N11958910WA0038500387
B0052264750183N11958910WA0038500387
B0052274750183N11958910WA0038500387
B0052284750183N11958910WA0038500387
B0052294750183N11958910WA0038500387
B0052304750183N11958910WA0038500387
B0052314750183N11958910WA0038500387
B0052324750183N11958910WA0038500387
B0052334750183N11958910WA0038500387
B0052344750183N11958910WA0038500387
B0052354750183N11958910WA0038500387
B0052364750183N11958910WA0038500387
B0052374750183N11958910WA0038500387
B0052384750183N11958910WA0038500387
B0052394750183N11958910WA0038500387
B0052404750183N11958910WA0038500387
B0052414750183N11958910WA0038500387
B0052424750183N11958910WA0038500387
B0052434750183N11958910WA0038500387
B0052444750182N11958910WA0038500387
B0052454750182N11958910WA0038500387
B0052464750182N11958910WA0038500387
B0052474750182N11958910WA0038500387
B0052484750182N11958910WA0038500387
B0052494750182N11958910WA0038500387
B0052504750182N11958910WA0038500387
B0052514750182N11958910WA0038500387
B0052524750182N11958910WA0038500387
B0052534750182N11958910WA0038500387
B0052544750182N11958910WA0038500387
B0052554750182N11958910WA0038500387
B0052564750182N11958910WA0038500387
B0052574750182N11958910WA0038500387
B0052584750182N11958910WA0038500387
B0052594750182N11958910WA0038500387
B0053004750182N11958910WA0038500387
B0053014750182N11958910WA0038500387
B0053024750182N11958910WA0038500387
B0053034750182N11958910WA0038500387
B0053044750182N11958910WA0038500386
B0053054750182N11958910WA0038500386
B0053064750182N11958910WA0038500386
B0053074750182N11958910WA0038500386
B0053084750182N11958910WA0038500386
B0053094750182N11958910WA0038500386
B0053104750182N11958910WA0038500386
B0053114750182N11958910WA0038500386
B0053124750182N11958910WA0038500386
B0053134750182N11958910WA0038500386
B0053144750182N11958910WA0038500386
B0053154750182N11958910WA0038500386
B0053164750181N11958910WA0038500386
B0053174750181N11958910WA0038500386
B0053184750181N11958910WA0038500386
B0053194750181N11958910WA0038500386
B0053204750181N11958910WA0038500386
B0053214750181N11958910WA0038500386
B0053224750181N11958910WA0038500386
B0053234750181N11958910WA0038500386
B0053244750181N11958910WA0038500387
B0053254750181N11958910WA0038500387
B0053264750181N11958910WA0038500387
B0053274750181N11958910WA0038500387
B0053284750181N11958910WA0038500387
B0053294750181N11958910WA0038500387
B0053304750181N11958910WA0038500387
B0053314750181N11958910WA0038500387
B0053324750181N11958910WA0038500387
B0053334750181N11958910WA0038500387
B0053344750181N11958910WA0038500387
B0053354750181N11958910WA0038500387
B0053364750181N11958910WA0038500387
B0053374750181N11958910WA0038500387
B0053384750181N11958910WA0038500387
B0053394750181N11958910WA0038500387
B0053404750181N11958910WA0038500387
B0053414750181N11958910WA0038500387
B0053424750181N11958910WA0038500387
B0053434750181N11958909WA0038500387
B0053444750181N11958909WA0038500387
B0053454750181N11958909WA0038500387
B0053464750181N11958909WA0038500387
B0053474750181N11958909WA0038500387
B0053484750181N11958909WA0038500387
B0053494750181N11958909WA0038500387
B0053504750181N11958910WA0038500387
B0053514750181N11958910WA0038500387
B0053524750181N11958910WA0038500387
B0053534750181N11958910WA0038500388
B0053544750181N11958910WA0038500388
B0053554750181N11958910WA0038500388
B0053564750181N11958910WA0038500388
B0053574750181N11958910WA0038500388
B0053584750181N11958910WA0038500388
B0053594750181N11958910WA0038500388
B0054004750181N11958910WA0038500387
B0054014750182N11958910WA0038500387
B0054024750182N11958910WA0038500388
B0054034750182N11958910WA0038500388
B0054044750182N11958910WA0038500388
B0054054750182N11958910WA0038500388
B0054064750182N11958910WA0038500388
B0054074750182N11958910WA0038500388
B0054084750182N11958910WA0038500388
B0054094750182N11958910WA0038500388
B0054104750182N11958910WA0038500388
B0054114750182N11958910WA0038500388
B0054124750182N11958910WA0038500388
B0054134750182N11958910WA0038500388
B0054144750182N11958910WA0038500388
B0054154750182N11958910WA0038500388
B0054164750182N11958910WA0038500388
B0054174750182N11958910WA0038500388
B0054184750182N11958910WA0038500388
B0054194750182N11958910WA0038500388
B0054204750182N11958910WA0038500388
B0054214750182N11958910WA0038500388
B0054224750182N11958910WA0038500388
B0054234750182N11958910WA0038500388
B0054244750182N11958910WA0038500388
B0054254750182N11958910WA0038500388
B0054264750182N11958910WA0038500388
B0054274750182N11958910WA0038500388
B0054284750182N11958910WA0038500388
B0054294750182N11958910WA0038500388
B0054304750182N11958910WA0038500388
B0054314750181N11958910WA0038500388
B0054324750181N11958910WA0038500388
B0054334750181N11958910WA0038500388
B0054344750181N11958910WA0038500388
B0054354750181N11958910WA0038500387
B0054364750181N11958910WA0038500387
B0054374750181N11958910WA0038500387
B0054384750181N11958910WA0038500387
B0054394750181N11958910WA0038500387
B0054404750181N11958910WA0038500387
B0054414750182N11958910WA0038500387
B0054424750182N11958910WA0038500387
B0054434750182N11958910WA0038500387
B0054444750182N11958910WA0038500387
B0054454750182N11958910WA0038500387
B0054464750182N11958910WA0038500387
B0054474750182N11958910WA0038500387
B0054484750182N11958910WA0038500387
B0054494750182N11958910WA0038500387
B0054504750182N11958910WA0038500387
B0054514750182N11958910WA0038500387
B0054524750182N11958910WA0038500387
B0054534750182N11958910WA0038500387
B0054544750182N11958910WA0038500387
B0054554750182N11958910WA0038500387
B0054564750182N11958910WA0038500387
B0054574750182N11958910WA0038500387
B0054584750182N11958910WA0038500387
B0054594750182N11958910WA0038500387
B0055004750182N11958910WA0038500387
B0055014750182N11958910WA0038500387
B0055024750182N11958910WA0038500387
B0055034750182N11958910WA0038500388
B0055044750182N11958910WA0038500388
B0055054750182N11958910WA0038500388
B0055064750182N11958910WA0038500388
B0055074750182N11958910WA0038500388
B0055084750182N11958910WA0038500388
B0055094750182N11958910WA0038500388
B0055104750182N11958910WA0038500388
B0055114750182N11958910WA0038500389
B0055124750182N11958910WA0038500389
B0055134750182N11958910WA0038500389
B0055144750182N11958910WA0038500389
B0055154750182N11958910WA0038500389
B0055164750182N11958910WA0038500389
B0055174750182N11958910WA0038500389
B0055184750182N11958910WA0038500389
B0055194750182N11958910WA0038500389
B0055204750182N11958910WA0038500389
B0055214750182N11958910WA0038500389
B0055224750182N11958910WA0038500389
B0055234750182N11958910WA0038500389
B0055244750182N11958910WA0038500389
B0055254750182N11958910WA0038500389
B0055264750182N11958910WA0038500389
B0055274750182N11958910WA0038500389
B0055284750181N11958910WA0038500389
B0055294750181N11958910WA0038500389
B0055304750181N11958910WA0038500389
B0055314750181N11958910WA0038500389
B0055324750181N11958910WA0038500389
B0055334750181N11958910WA0038500389
B0055344750181N11958910WA0038500389
B0055354750181N11958910WA0038500389
B0055364750181N11958910WA0038500389
B0055374750181N11958910WA0038500389
B0055384750181N11958910WA0038500389
B0055394750181N11958910WA0038500389
B0055404750181N11958910WA0038500389
B0055414750181N11958910WA0038500389
B0055424750181N11958910WA0038500389
B0055434750181N11958910WA0038500389
B0055444750181N11958910WA0038500389
B0055454750181N11958910WA0038500389
B0055464750181N11958910WA0038500389
B0055474750181N11958910WA0038500389
B0055484750182N11958910WA0038500389
B0055494750182N11958910WA0038500389
B0055504750182N11958910WA0038500389
B0055514750182N11958910WA0038500389
B0055524750182N11958910WA0038500389
B0055534750182N11958910WA0038500389
B0055544750182N11958910WA0038500389
B0055554750182N11958910WA0038500389
B0055564750182N11958910WA0038500389
B0055574750181N11958910WA0038500389
B0055584750181N11958910WA0038500389
B0055594750181N11958910WA0038500389
B0056004750181N11958910WA0038500389
B0056014750181N11958910WA0038500389
B0056024750181N11958910WA0038500389
B0056034750181N11958910WA0038500389
B0056044750181N11958910WA0038500389
B0056054750181N11958910WA0038500389
B0056064750181N11958910WA0038500389
B0056074750181N11958910WA0038500389
B0056084750181N11958910WA0038500389
B0056094750181N11958910WA0038500389
B0056104750181N11958910WA0038500388
B0056114750181N11958910WA0038500388
B0056124750181N11958910WA0038500388
B0056134750182N11958910WA0038500388
B0056144750182N11958910WA0038500388
B0056154750182N11958910WA0038500388
B0056164750182N11958910WA0038500388
B0056174750182N11958910WA0038500388
B0056184750182N11958910WA0038500388
B0056194750182N11958910WA0038500388
B0056204750182N11958910WA0038500388
B0056214750182N11958910WA0038500388
B0056224750182N11958910WA0038500388
B0056234750182N11958910WA0038500388
B0056244750182N11958910WA0038500388
B0056254750182N11958910WA0038500388
B0056264750182N11958910WA0038500387
B0056274750182N11958910WA0038500387
B0056284750182N11958910WA0038500387
B0056294750182N11958910WA0038500387
B0056304750182N11958910WA0038500387
B0056314750182N11958910WA0038500387
B0056324750182N11958910WA0038500387
B0056334750182N11958910WA0038500387
B0056344750182N11958910WA0038500387
B0056354750182N11958910WA0038500387
B0056364750182N11958910WA0038500387
B0056374750182N11958910WA0038500387
B0056384750182N11958910WA0038500387
B0056394750183N11958910WA0038500387
B0056404750183N11958910WA0038500387
B0056414750183N11958910WA0038500387
B0056424750183N11958910WA0038500387
B0056434750183N11958911WA0038500387
B0056444750182N11958911WA0038500387
B0056454750182N11958910WA0038500387
B0056464750182N11958911WA0038500387
B0056474750182N11958910WA0038500387
B0056484750182N11958910WA0038500387
B0056494750182N11958910WA0038500387
B0056504750182N11958910WA0038500387
B0056514750182N11958910WA0038500387
B0056524750182N11958910WA0038500387
B0056534750182N11958910WA0038500387
B0056544750182N11958910WA0038500387
B0056554750182N11958910WA0038500387
B0056564750182N11958910WA0038500387
B0056574750182N11958910WA0038500387
B0056584750182N11958910WA0038500387
B0056594750182N11958910WA0038500387
B0057004750182N11958910WA0038500387
B0057014750182N11958910WA0038500388
B0057024750182N11958910WA0038500387
B0057034750182N11958910WA0038500388
B0057044750182N11958910WA0038500388
B0057054750182N11958910WA0038500388
B0057064750182N11958910WA0038500388
B0057074750182N11958910WA0038500388
B0057084750182N11958910WA0038500388
B0057094750182N11958910WA0038500388
B0057104750182N11958910WA0038500388
B0057114750182N11958910WA0038500388
B0057124750182N11958910WA0038500389
B0057134750182N11958910WA0038500389
B0057144750182N11958910WA0038500389
B0057154750182N11958910WA0038500389
B0057164750182N11958910WA0038500389
B0057174750182N11958910WA0038500389
B0057184750182N11958910WA0038500388
B0057194750182N11958910WA0038500388
B0057204750182N11958910WA0038500388
B0057214750182N11958910WA0038500388
B0057224750182N11958910WA0038500388
B0057234750182N11958910WA0038500388
B0057244750182N11958910WA0038500388
B0057254750182N11958910WA0038500388
B0057264750182N11958910WA0038500388
B0057274750182N11958910WA0038500388
B0057284750182N11958910WA0038500388
B0057294750182N11958910WA0038500388
B0057304750182N11958910WA0038500388
B0057314750182N11958910WA0038500388
B0057324750182N11958910WA0038500388
B0057334750182N11958910WA0038500388
B0057344750182N11958910WA0038500388
B0057354750182N11958910WA0038500388
B0057364750182N11958910WA0038500388
B0057374750182N11958910WA0038500388
B0057384750182N11958910WA0038500388
B0057394750182N11958910WA0038500388
B0057404750182N11958910WA0038500388
B0057414750182N11958910WA0038500388
B0057424750182N11958910WA0038500388
B0057434750182N11958910WA0038500388
B0057444750182N11958910WA0038500388
B0057454750182N11958910WA0038500388
B0057464750182N11958910WA0038500388
B0057474750182N11958910WA0038500388
B0057484750182N11958910WA0038500388
B0057494750182N11958910WA0038500388
B0057504750182N11958910WA0038500388
B0057514750182N11958910WA0038500388
B0057524750182N11958910WA0038500388
B0057534750182N11958910WA0038500388
B0057544750182N11958910WA0038500388
B0057554750182N11958910WA0038500388
B0057564750182N11958910WA0038500388
B0057574750182N11958910WA0038500388
B0057584750182N11958910WA0038500388
B0057594750182N11958910WA0038500388
B0058004750181N11958910WA0038500388
B0058014750181N11958910WA0038500388
B0058024750181N11958910WA0038500388
B0058034750181N11958910WA0038500388
B0058044750181N11958910WA0038500388
B0058054750181N11958910WA0038500388
B0058064750181N11958910WA0038500388
B0058074750181N11958910WA0038500388
B0058084750181N11958910WA0038500388
B0058094750181N11958910WA0038500388
B0058104750181N11958910WA0038500388
B0058114750181N11958910WA0038500388
B0058124750182N11958910WA0038500388
B0058134750182N11958910WA0038500388
B0058144750182N11958910WA0038500388
B0058154750182N11958910WA0038500388
B0058164750182N11958910WA0038500388
B0058174750182N11958910WA0038500388
B0058184750182N11958910WA0038500388
B0058194750182N11958910WA0038500389
B0058204750182N11958910WA0038500389
B0058214750182N11958910WA0038500389
B0058224750182N11958910WA0038500389
B0058234750182N11958910WA0038500389
B0058244750182N11958910WA0038500389
B0058254750182N11958910WA0038500389
B0058264750182N11958910WA0038500389
B0058274750182N11958910WA0038500389
B0058284750182N11958910WA0038500389
B0058294750182N11958910WA0038500389
B0058304750182N11958910WA0038500388
B0058314750182N11958910WA0038500388
B0058324750182N11958910WA0038500388
B0058334750182N11958910WA0038500389
B0058344750182N11958910WA0038500389
B0058354750182N11958910WA0038500389
B0058364750182N11958910WA0038500389
B0058374750182N11958910WA0038500389
B0058384750182N11958910WA0038500389
B0058394750182N11958910WA0038500389
B0058404750182N11958910WA0038500389
B0058414750181N11958910WA0038500388
B0058424750181N11958910WA0038500388
B0058434750181N11958910WA0038500388
B0058444750181N11958910WA0038500388
B0058454750181N11958910WA0038500388
B0058464750182N11958910WA0038500388
B0058474750181N11958910WA0038500388
B0058484750181N11958910WA0038500388
B0058494750181N11958910WA0038500388
B0058504750181N11958910WA0038500388
B0058514750181N11958910WA0038500388
B0058524750181N11958910WA0038500388
B0058534750181N11958910WA0038500388
B0058544750182N11958910WA0038500388
B0058554750182N11958910WA0038500388
B0058564750182N11958910WA0038500388
B0058574750182N11958910WA0038500387
B0058584750182N11958910WA0038500387
B0058594750182N11958910WA0038500387
B0059004750182N11958910WA0038500387
B0059014750182N11958910WA0038500387
B0059024750182N11958910WA0038500387
B0059034750182N11958910WA0038500387
B0059044750182N11958910WA0038500387
B0059054750182N11958910WA0038500387
B0059064750182N11958910WA0038500387
B0059074750182N11958910WA0038500387
B0059084750182N11958910WA0038500387
B0059094750182N11958910WA0038500387
B0059104750182N11958910WA0038500387
B0059114750182N11958910WA0038500387
B0059124750182N11958910WA0038500387
B0059134750182N11958910WA0038500387
B0059144750182N11958910WA0038500387
B0059154750182N11958910WA0038500387
B0059164750182N11958910WA0038500387
B0059174750182N11958910WA0038500386
B0059184750182N11958910WA0038500386
B0059194750182N11958910WA0038500386
B0059204750182N11958910WA0038500386
B0059214750182N11958910WA0038500386
B0059224750182N11958910WA0038500386
B0059234750182N11958909WA0038500386
B0059244750182N11958909WA0038500386
B0059254750182N11958909WA0038500386
B0059264750182N11958909WA0038500386
B0059274750182N11958909WA0038500386
B0059284750182N11958909WA0038500386
B0059294750182N11958909WA0038500386
B0059304750182N11958909WA0038500386
B0059314750182N11958909WA0038500387
B0059324750182N11958909WA0038500387
B0059334750182N11958909WA0038500387
B0059344750182N11958909WA0038500387
B0059354750182N11958909WA0038500387
B0059364750182N11958909WA0038500387
B0059374750182N11958909WA0038500387
B0059384750182N11958909WA0038500387
B0059394750182N11958909WA0038500387
B0059404750182N11958909WA0038500387
B0059414750182N11958909WA0038500387
B0059424750182N11958909WA0038500387
B0059434750182N11958909WA0038500387
B0059444750182N11958909WA0038500387
B0059454750182N11958909WA0038500387
B0059464750182N11958909WA0038500387
B0059474750182N11958909WA0038500387
B0059484750182N11958909WA0038500387
B0059494750182N11958910WA0038500387
B0059504750182N11958910WA0038500387
B0059514750182N11958910WA0038500387
B0059524750182N11958910WA0038500387
B0059534750182N11958910WA0038500387
B0059544750182N11958910WA0038500387
B0059554750182N11958910WA0038500387
B0059564750182N11958910WA0038500387
B0059574750182N11958910WA0038500387
B0059584750182N11958910WA0038500387
B0059594750182N11958910WA0038500387
B0100004750182N11958910WA0038500387
B0100014750182N11958910WA0038500387
B0100024750182N11958910WA0038500387
B0100034750182N11958910WA0038500387
B0100044750182N11958910WA0038500387
B0100054750182N11958910WA0038500387
B0100064750182N11958910WA0038500387
B0100074750182N11958910WA0038500386
B0100084750182N11958910WA0038500386
B0100094750182N11958910WA0038500386
B0100104750182N11958910WA0038500386
B0100114750182N11958910WA0038500386
B0100124750182N11958910WA0038500386
B0100134750182N11958910WA0038500386
B0100144750182N11958910WA0038500386
B0100154750182N11958910WA0038500386
B0100164750182N11958910WA0038500386
B0100174750182N11958910WA0038500386
B0100184750182N11958910WA0038500386
B0100194750182N11958910WA0038500386
B0100204750182N11958910WA0038500386
B0100214750182N11958910WA0038500386
B0100224750182N11958910WA0038500386
B0100234750182N11958910WA0038500386
B0100244750182N11958910WA0038500387
B0100254750182N11958910WA0038500387
B0100264750182N11958910WA0038500387
B0100274750182N11958910WA0038500387
B0100284750182N11958911WA0038500387
B0100294750183N11958911WA0038500387
B0100304750183N11958911WA0038500387
B0100314750183N11958911WA0038500387
B0100324750183N11958911WA0038500387
B0100334750183N11958911WA0038500387
B0100344750183N11958911WA0038500387
B0100354750183N11958911WA0038500387
B0100364750183N11958911WA0038500386
B0100374750183N11958911WA0038500386
B0100384750183N11958911WA0038500386
B0100394750183N11958911WA0038500386
B0100404750183N11958911WA0038500386
B0100414750183N11958911WA0038500386
B0100424750183N11958911WA0038500386
B0100434750183N11958911WA0038500386
B0100444750183N11958911WA0038500386
B0100454750183N11958911WA0038500386
B0100464750183N11958911WA0038500386
B0100474750183N11958911WA0038500386
B0100484750183N11958911WA0038500386
B0100494750183N11958911WA0038500386
B0100504750183N11958911WA0038500386
B0100514750183N11958911WA0038500386
B0100524750183N11958911WA0038500386
B0100534750183N11958911WA0038500386
B0100544750183N11958911WA0038500386
B0100554750183N11958911WA0038500386
B0100564750183N11958911WA0038500386
B0100574750183N11958911WA0038500386
B0100584750183N11958911WA0038500386
B0100594750183N11958911WA0038500386
B0101004750183N11958911WA0038500386
B0101014750182N11958911WA0038500386
B0101024750182N11958911WA0038500386
B0101034750182N11958911WA0038500386
B0101044750182N11958911WA0038500386
B0101054750182N11958910WA0038500386
B0101064750182N11958910WA0038500386
B0101074750182N11958910WA0038500386
B0101084750182N11958910WA0038500386
B0101094750182N11958910WA0038500386
B0101104750182N11958910WA0038500386
B0101114750182N11958910WA0038500386
B0101124750182N11958910WA0038500386
B0101134750182N11958910WA0038500386
B0101144750182N11958910WA0038500385
B0101154750182N11958910WA0038500385
B0101164750182N11958910WA0038500386
B0101174750182N11958910WA0038500386
B0101184750181N11958909WA0038500386
B0101194750181N11958909WA0038500386
B0101204750181N11958909WA0038500386
B0101214750181N11958909WA0038500386
B0101224750181N11958909WA0038500386
B0101234750181N11958909WA0038500386
B0101244750181N11958909WA0038500386
B0101254750181N11958909WA0038500386
B0101264750181N11958909WA0038500386
B0101274750181N11958909WA0038500386
B0101284750181N11958909WA0038500386
B0101294750181N11958909WA0038500386
B0101304750181N11958909WA0038500386
B0101314750181N11958909WA0038500386
B0101324750181N11958909WA0038500386
B0101334750181N11958909WA0038500386
B0101344750181N11958909WA0038500386
B0101354750181N11958909WA0038500386
B0101364750181N11958909WA0038500386
B0101374750181N11958909WA0038500386
B0101384750181N11958909WA0038500386
B0101394750181N11958909WA0038500386
B0101404750181N11958909WA0038500386
B0101414750181N11958909WA0038500386
B0101424750181N11958909WA0038500386
B0101434750181N11958909WA0038500386
B0101444750181N11958909WA0038500386
B0101454750181N11958909WA0038500386
B0101464750181N11958909WA0038500386
B0101474750181N11958909WA0038500386
B0101484750181N11958909WA0038500386
B0101494750181N11958909WA0038500386
B0101504750181N11958909WA0038500386
B0101514750181N11958909WA0038500386
B0101524750181N11958909WA0038500386
B0101534750181N11958909WA0038500385
B0101544750181N11958909WA0038500385
B0101554750181N11958909WA0038500385
B0101564750181N11958909WA0038500385
B0101574750181N11958909WA0038500385
B0101584750181N11958909WA0038500385
B0101594750181N11958909WA0038500386
B0102004750181N11958909WA0038500386
B0102014750181N11958909WA0038500386
B0102024750181N11958909WA0038500386
B0102034750181N11958909WA0038500386
B0102044750181N11958909WA0038500386
B0102054750181N11958909WA0038500386
B0102064750181N11958909WA0038500385
B0102074750181N11958909WA0038500385
B0102084750181N11958909WA0038500385
B0102094750181N11958909WA0038500385
B0102104750181N11958909WA0038500385
B0102114750181N11958910WA0038500385
B0102124750181N11958910WA0038500385
B0102134750182N11958910WA0038500385
B0102144750182N11958910WA0038500385
B0102154750182N11958910WA0038500385
B0102164750182N11958910WA0038500385
B0102174750182N11958910WA0038500384
B0102184750182N11958910WA0038500384
B0102194750182N11958910WA0038500384
B0102204750182N11958910WA0038500384
B0102214750182N11958910WA0038500384
B0102224750182N11958910WA0038500384
B0102234750182N11958910WA0038500384
B0102244750182N11958911WA0038500384
B0102254750182N11958911WA0038500384
B0102264750182N11958911WA0038500384
B0102274750182N11958911WA0038500384
B0102284750182N11958911WA0038500384
B0102294750182N11958911WA0038500384
B0102304750182N11958911WA0038500383
B0102314750182N11958911WA0038500384
B0102324750182N11958911WA0038500384
B0102334750182N11958911WA0038500384
B0102344750182N11958911WA0038500384
B0102354750182N11958911WA0038500384
B0102364750182N11958911WA0038500384
B0102374750182N11958910WA0038500384
B0102384750182N11958910WA0038500384
B0102394750182N11958910WA0038500384
B0102404750182N11958910WA0038500384
B0102414750182N11958910WA0038500384
B0102424750182N11958910WA0038500384
B0102434750182N11958910WA0038500384
B0102444750182N11958910WA0038500384
B0102454750182N11958910WA0038500384
B0102464750182N11958910WA0038500384
B0102474750182N11958910WA0038500384
B0102484750182N11958910WA0038500385
B0102494750182N11958910WA0038500385
B0102504750182N11958910WA0038500385
B0102514750182N11958910WA0038500385
B0102524750182N11958910WA0038500385
B0102534750182N11958910WA0038500385
B0102544750182N11958910WA0038500385
B0102554750182N11958910WA0038500385
B0102564750182N11958910WA0038500385
B0102574750182N11958910WA0038500385
B0102584750182N11958910WA0038500386
B0102594750182N11958910WA0038500386
B0103004750182N11958910WA0038500386
B0103014750182N11958910WA0038500386
B0103024750182N11958910WA0038500386
B0103034750182N11958910WA0038500386
B0103044750182N11958910WA0038500386
B0103054750182N11958910WA0038500386
B0103064750182N11958910WA0038500386
B0103074750182N11958910WA0038500386
B0103084750182N11958910WA0038500387
B0103094750182N11958910WA0038500387
B0103104750182N11958910WA0038500387
B0103114750182N11958910WA0038500387
B0103124750182N11958910WA0038500387
B0103134750182N11958910WA0038500387
B0103144750182N11958910WA0038500387
B0103154750182N11958910WA0038500387
B0103164750182N11958910WA0038500387
B0103174750182N11958910WA0038500387
B0103184750182N11958910WA0038500387
B0103194750182N11958910WA0038500387
B0103204750182N11958910WA0038500387
B0103214750182N11958910WA0038500387
B0103224750182N11958910WA0038500387
B0103234750182N11958910WA0038500388
B0103244750182N11958910WA0038500388
B0103254750182N11958910WA0038500388
B0103264750182N11958910WA0038500388
B0103274750182N11958910WA0038500388
B0103284750182N11958910WA0038500388
B0103294750182N11958910WA0038500388
B0103304750182N11958910WA0038500388
B0103314750182N11958910WA0038500388
B0103324750182N11958910WA0038500388
B0103334750182N11958910WA0038500388
B0103344750182N11958910WA0038500388
B0103354750182N11958910WA0038500388
B0103364750182N11958910WA0038500388
B0103374750182N11958910WA0038500388
B0103384750182N11958910WA0038500388
B0103394750183N11958910WA0038500388
B0103404750183N11958910WA0038500388
B0103414750183N11958910WA0038500388
B0103424750183N11958910WA0038500388
B0103434750183N11958910WA0038500388
B0103444750183N11958910WA0038500388
B0103454750183N11958910WA0038500388
B0103464750183N11958910WA0038500388
B0103474750183N11958910WA0038500388
B0103484750183N11958910WA0038500388
B0103494750183N11958910WA0038500388
B0103504750183N11958910WA0038500388
B0103514750183N11958910WA0038500388
B0103524750182N11958910WA0038500388
B0103534750182N11958910WA0038500388
B0103544750182N11958909WA0038500388
B0103554750182N11958909WA0038500388
B0103564750182N11958910WA0038500388
B0103574750182N11958910WA0038500388
B0103584750182N11958910WA0038500388
B0103594750182N11958910WA0038500388
B0104004750182N11958910WA0038500388
B0104014750183N11958910WA0038500388
B0104024750183N11958910WA0038500388
B0104034750183N11958910WA0038500388
B0104044750183N11958910WA0038500388
B0104054750183N11958910WA0038500388
B0104064750183N11958910WA0038500388
B0104074750183N11958910WA0038500388
B0104084750183N11958910WA0038500388
B0104094750183N11958910WA0038500388
B0104104750183N11958910WA0038500388
B0104114750182N11958910WA0038500388
B0104124750182N11958910WA0038500388
B0104134750182N11958910WA0038500388
B0104144750182N11958910WA0038500389
B0104154750182N11958910WA0038500389
B0104164750182N11958910WA0038500389
B0104174750182N11958910WA0038500389
B0104184750182N11958910WA0038500389
B0104194750182N11958910WA0038500389
B0104204750182N11958909WA0038500389
B0104214750182N11958909WA0038500389
B0104224750182N11958909WA0038500389
B0104234750182N11958909WA0038500389
B0104244750182N11958909WA0038500389
B0104254750182N11958909WA0038500390
B0104264750182N11958909WA0038500390
B0104274750182N11958909WA0038500390
B0104284750182N11958909WA0038500390
B0104294750182N11958909WA0038500390
B0104304750182N11958908WA0038500390
B0104314750182N11958908WA0038500390
B0104324750182N11958908WA0038500390
B0104334750182N11958908WA0038500390
B0104344750182N11958908WA0038500390
B0104354750181N11958908WA0038500389
B0104364750181N11958908WA0038500389
B0104374750181N11958908WA0038600389
B0104384750181N11958908WA0038600389
B0104394750181N11958908WA0038600389
B0104404750181N11958908WA0038600389
B0104414750181N11958908WA0038600389
B0104424750181N11958908WA0038600389
B0104434750181N11958908WA0038600389
B0104444750181N11958908WA0038600389
B0104454750181N11958907WA0038600389
B0104464750181N11958907WA0038600389
B0104474750181N11958907WA0038600389
B0104484750181N11958907WA0038600389
B0104494750181N11958907WA0038600389
B0104504750181N11958907WA0038500389
B0104514750181N11958907WA0038500388
B0104524750181N11958907WA0038500388
B0104534750181N11958907WA0038500388
B0104544750181N11958907WA0038500388
B0104554750181N11958907WA0038500388
B0104564750181N11958907WA0038500388
B0104574750181N11958907WA0038500388
B0104584750181N11958907WA0038500388
B0104594750181N11958907WA0038500388
B0105004750181N11958907WA0038500388
B0105014750181N11958907WA0038500388
B0105024750181N11958907WA0038500388
B0105034750181N11958907WA0038500387
B0105044750181N11958908WA0038500387
B0105054750181N11958908WA0038500387
B0105064750181N11958908WA0038500387
B0105074750181N11958908WA0038500387
B0105084750181N11958908WA0038500387
B0105094750181N11958908WA0038500387
B0105104750181N11958908WA0038500387
B0105114750181N11958908WA0038500387
B0105124750181N11958908WA0038500387
B0105134750181N11958908WA0038500387
B0105144750181N11958908WA0038500387
B0105154750181N11958908WA0038500386
B0105164750181N11958908WA0038500386
B0105174750181N11958908WA0038500386
B0105184750181N11958908WA0038500386
B0105194750181N11958908WA0038500386
B0105204750181N11958908WA0038500386
B0105214750181N11958908WA0038500386
B0105224750181N11958908WA0038500386
B0105234750181N11958908WA0038500385
B0105244750182N11958909WA0038500385
B0105254750182N11958909WA0038600385
B0105264750182N11958909WA0038600385
B0105274750182N11958909WA0038600385
B0105284750182N11958909WA0038600385
B0105294750182N11958909WA0038600385
B0105304750182N11958909WA0038600385
B0105314750182N11958909WA0038600385
B0105324750182N11958909WA0038600385
B0105334750182N11958909WA0038600385
B0105344750182N11958909WA0038600385
B0105354750182N11958909WA0038600385
B0105364750183N11958909WA0038600385
B0105374750183N11958909WA0038600385
B0105384750183N11958909WA0038600385
B0105394750183N11958909WA0038600385
B0105404750183N11958909WA0038600385
B0105414750183N11958909WA0038600385
B0105424750183N11958910WA0038600385
B0105434750183N11958910WA0038600385
B0105444750183N11958910WA0038600385
B0105454750183N11958910WA0038600384
B0105464750183N11958910WA0038600384
B0105474750183N11958910WA0038600384
B0105484750183N11958910WA0038600384
B0105494750183N11958910WA0038600384
B0105504750183N11958910WA0038600384
B0105514750183N11958910WA0038600384
B0105524750183N11958910WA0038600383
B0105534750183N11958910WA0038600383
B0105544750183N11958910WA0038600383
B0105554750182N11958910WA0038600384
B0105564750183N11958910WA0038500384
B0105574750182N11958910WA0038500384
B0105584750182N11958910WA0038600384
B0105594750182N11958910WA0038600384
B0106004750182N11958910WA0038600383
B0106014750182N11958910WA0038600383
B0106024750182N11958910WA0038600383
B0106034750182N11958910WA0038600383
B0106044750182N11958910WA0038600383
B0106054750182N11958910WA0038600382
B0106064750182N11958910WA0038600382
B0106074750182N11958910WA0038600382
B0106084750182N11958910WA0038600382
B0106094750182N11958910WA0038600382
B0106104750182N11958910WA0038600382
B0106114750182N11958910WA0038600382
B0106124750182N11958910WA0038600382
B0106134750182N11958910WA0038600382
B0106144750182N11958910WA0038600382
B0106154750182N11958910WA0038600382
B0106164750182N11958910WA0038600382
B0106174750182N11958910WA0038600382
B0106184750182N11958910WA0038600382
B0106194750182N11958910WA0038600382
B0106204750182N11958910WA0038600382
B0106214750182N11958910WA0038600382
B0106224750182N11958910WA0038600382
B0106234750182N11958910WA0038600382
B0106244750182N11958910WA0038600382
B0106254750182N11958910WA0038600382
B0106264750182N11958910WA0038600382
B0106274750182N11958910WA0038600382
B0106284750182N11958910WA0038600382
B0106294750182N11958910WA0038600382
B0106304750182N11958910WA0038600382
B0106314750182N11958910WA0038600382
B0106324750182N11958910WA0038600382
B0106334750182N11958910WA0038600382
B0106344750182N11958910WA0038700382
B0106354750182N11958910WA0038700382
B0106364750182N11958910WA0038700382
B0106374750182N11958910WA0038700382
B0106384750182N11958910WA0038700382
B0106394750182N11958910WA0038700382
B0106404750182N11958910WA0038700382
B0106414750182N11958910WA0038700382
B0106424750182N11958910WA0038700382
B0106434750182N11958910WA0038700382
B0106444750182N11958910WA0038700382
B0106454750182N11958910WA0038700382
B0106464750182N11958910WA0038700382
B0106474750182N11958909WA0038700382
B0106484750182N11958909WA0038700382
B0106494750182N11958909WA0038700382
B0106504750182N11958909WA0038700382
B0106514750182N11958909WA0038700382
B0106524750182N11958909WA0038700382
B0106534750182N11958909WA0038700382
B0106544750182N11958909WA0038700382
B0106554750182N11958909WA0038700382
B0106564750182N11958909WA0038700382
B0106574750182N11958909WA0038700381
B0106584750182N11958909WA0038700381
B0106594750182N11958909WA0038700381
B0107004750182N11958909WA0038600381
B0107014750182N11958909WA0038600381
B0107024750182N11958909WA0038700381
B0107034750182N11958910WA0038700381
B0107044750182N11958910WA0038600380
B0107054750182N11958910WA0038600380
B0107064750182N11958910WA0038600380
B0107074750182N11958910WA0038600380
B0107084750182N11958910WA0038600380
B0107094750182N11958910WA0038600380
B0107104750182N11958910WA0038600379
B0107114750182N11958910WA0038600379
B0107124750182N11958910WA0038600379
B0107134750182N11958910WA0038600379
B0107144750182N11958910WA0038600379
B0107154750182N11958910WA0038600379
B0107164750182N11958910WA0038600379
B0107174750182N11958910WA0038600379
B0107184750182N11958910WA0038600379
B0107194750182N11958910WA0038600379
B0107204750182N11958910WA0038600379
B0107214750182N11958910WA0038600379
B0107224750182N11958910WA0038600380
B0107234750182N11958910WA0038600380
B0107244750182N11958910WA0038600380
B0107254750182N11958910WA0038600380
B0107264750182N11958910WA0038700380
B0107274750182N11958910WA0038700380
B0107284750182N11958910WA0038600380
B0107294750182N11958910WA0038700380
B0107304750182N11958910WA0038700380
B0107314750182N11958910WA0038700380
B0107324750182N11958910WA0038700380
B0107334750182N11958910WA0038700380
B0107344750182N11958910WA0038700380
B0107354750182N11958910WA0038700380
B0107364750182N11958910WA0038700379
B0107374750182N11958910WA0038700379
B0107384750182N11958910WA0038700379
B0107394750182N11958910WA0038700379
B0107404750182N11958910WA0038700379
B0107414750182N11958910WA0038700379
B0107424750182N11958910WA0038700379
B0107434750182N11958910WA0038700379
B0107444750182N11958910WA0038700379
B0107454750182N11958910WA0038700379
B0107464750182N11958910WA0038700379
B0107474750182N11958910WA0038700379
B0107484750182N11958910WA0038700379
B0107494750182N11958910WA0038700379
B0107504750182N11958910WA0038700379
B0107514750182N11958910WA0038700379
B0107524750182N11958910WA0038700379
B0107534750182N11958910WA0038700379
B0107544750182N11958910WA0038700379
B0107554750182N11958910WA0038700378
B0107564750182N11958909WA0038700378
B0107574750182N11958909WA0038700378
B0107584750182N11958909WA0038600378
B0107594750182N11958909WA0038600378
B0108004750182N11958909WA0038600378
B0108014750182N11958909WA0038600378
B0108024750182N11958909WA0038600378
B0108034750182N11958909WA0038600378
B0108044750182N11958909WA0038600378
B0108054750182N11958909WA0038600378
B0108064750182N11958909WA0038600378
B0108074750182N11958909WA0038600378
B0108084750182N11958909WA0038600378
B0108094750181N11958909WA0038600378
B0108104750181N11958909WA0038600378
B0108114750181N11958909WA0038600378
B0108124750181N11958909WA0038600378
B0108134750181N11958909WA0038600379
B0108144750181N11958909WA0038600379
B0108154750181N11958909WA0038600378
B0108164750181N11958909WA0038600378
B0108174750181N11958909WA0038600378
B0108184750181N11958909WA0038700378
B0108194750181N11958909WA0038600378
B0108204750181N11958909WA0038700378
B0108214750181N11958909WA0038700378
B0108224750181N11958909WA0038700378
B0108234750181N11958909WA0038700378
B0108244750181N11958909WA0038700378
B0108254750181N11958909WA0038700378
B0108264750181N11958909WA0038700378
B0108274750181N11958909WA0038700378
B0108284750181N11958909WA0038700378
B0108294750181N11958909WA0038700378
B0108304750181N11958909WA0038700378
B0108314750181N11958909WA0038700377
B0108324750181N11958909WA0038700377
B0108334750181N11958909WA0038700377
B0108344750181N11958909WA0038700377
B0108354750181N11958909WA0038700377
B0108364750181N11958909WA0038700377
B0108374750181N11958909WA0038700377
B0108384750181N11958909WA0038700377
B0108394750181N11958909WA0038600377
B0108404750181N11958909WA0038600377
B0108414750180N11958909WA0038600377
B0108424750180N11958909WA0038600377
B0108434750180N11958909WA0038600377
B0108444750180N11958909WA0038600377
B0108454750180N11958909WA0038600377
B0108464750180N11958909WA0038600377
B0108474750180N11958909WA0038600377
B0108484750180N11958909WA0038600377
B0108494750180N11958909WA0038600377
B0108504750180N11958909WA0038600377
B0108514750180N11958909WA0038600377
B0108524750180N11958909WA0038600377
B0108534750180N11958909WA0038600377
B0108544750180N11958909WA0038600377
B0108554750180N11958909WA0038600378
B0108564750180N11958909WA0038700378
B0108574750180N11958909WA0038700378
B0108584750180N11958909WA0038700378
B0108594750180N11958909WA0038700378
B0109004750180N11958909WA0038700378
B0109014750180N11958909WA0038700378
B0109024750180N11958909WA0038700378
B0109034750180N11958909WA0038700378
B0109044750180N11958909WA0038700378
B0109054750180N11958909WA0038700379
B0109064750180N11958909WA0038700379
B0109074750180N11958909WA0038700379
B0109084750180N11958909WA0038700379
B0109094750180N11958909WA0038700379
B0109104750180N11958909WA0038700379
B0109114750180N11958909WA0038700379
B0109124750180N11958909WA0038700379
B0109134750180N11958909WA0038700379
B0109144750180N11958909WA0038700379
B0109154750180N11958909WA0038700379
B0109164750180N11958909WA0038700379
B0109174750180N11958909WA0038700379
B0109184750180N11958909WA0038700379
B0109194750180N11958909WA0038700378
B0109204750180N11958909WA0038700378
B0109214750180N11958909WA0038700378
B0109224750180N11958909WA0038700378
B0109234750180N11958909WA0038700378
B0109244750180N11958909WA0038700377
B0109254750180N11958909WA0038700377
B0109264750180N11958909WA0038700377
B0109274750180N11958909WA0038700377
B0109284750180N11958909WA0038700377
B0109294750180N11958909WA0038700377
B0109304750180N11958909WA0038700377
B0109314750180N11958909WA0038700377
B0109324750180N11958909WA0038700377
B0109334750180N11958909WA0038700377
B0109344750180N11958909WA0038700377
B0109354750180N11958909WA0038700376
B0109364750180N11958909WA0038700376
B0109374750180N11958909WA0038700376
B0109384750180N11958909WA0038700376
B0109394750180N11958909WA0038700377
B0109404750180N11958909WA0038700377
B0109414750180N11958909WA0038700377
B0109424750180N11958909WA0038700377
B0109434750180N11958909WA0038700377
B0109444750180N11958909WA0038700377
B0109454750180N11958909WA0038700377
B0109464750180N11958909WA0038700377
B0109474750180N11958909WA0038700377
B0109484750180N11958909WA0038700377
B0109494750180N11958909WA0038700377
B0109504750180N11958909WA0038700377
B0109514750180N11958909WA0038700377
B0109524750180N11958909WA0038700377
B0109534750180N11958909WA0038700377
B0109544750180N11958909WA0038700377
B0109554750180N11958909WA0038700377
B0109564750180N11958909WA0038700377
B0109574750180N11958909WA0038700377
B0109584750180N11958908WA0038700377
B0109594750180N11958908WA0038700378
B0110004750180N11958908WA0038700378
B0110014750180N11958908WA0038700378
B0110024750180N11958908WA0038700378
B0110034750180N11958908WA0038700378
B0110044750180N11958908WA0038700378
B0110054750180N11958908WA0038700378
B0110064750180N11958908WA0038700378
B0110074750181N11958908WA0038700377
B0110084750181N11958908WA0038700377
B0110094750181N11958908WA0038700377
B0110104750181N11958908WA0038700377
B0110114750181N11958908WA0038700377
B0110124750181N11958908WA0038700377
B0110134750181N11958909WA0038700377
B0110144750181N11958908WA0038700377
B0110154750181N11958908WA0038700377
B0110164750181N11958909WA0038700377
B0110174750182N11958909WA0038700377
B0110184750182N11958909WA0038700376
B0110194750182N11958909WA0038700376
B0110204750182N11958909WA0038700376
B0110214750182N11958909WA0038700377
B0110224750182N11958909WA0038700377
B0110234750182N11958909WA0038700377
B0110244750182N11958909WA0038700377
B0110254750182N11958909WA0038700377
B0110264750182N11958909WA0038600377
B0110274750182N11958909WA0038600377
B0110284750182N11958909WA0038600377
B0110294750182N11958909WA0038600377
B0110304750182N11958908WA0038600377
B0110314750182N11958908WA0038600377
B0110324750182N11958908WA0038600377
B0110334750182N11958908WA0038600377
B0110344750182N11958908WA0038600378
B0110354750182N11958908WA0038700378
B0110364750182N11958908WA0038700378
B0110374750182N11958908WA0038700378
B0110384750182N11958908WA0038700378
B0110394750182N11958908WA0038700377
B0110404750182N11958908WA0038700378
B0110414750182N11958908WA0038700378
B0110424750182N11958908WA0038700378
B0110434750182N11958908WA0038700377
B0110444750182N11958908WA0038700377
B0110454750182N11958908WA0038700377
B0110464750182N11958908WA0038700377
B0110474750182N11958908WA0038700377
B0110484750182N11958908WA0038700377
B0110494750182N11958908WA0038700377
B0110504750182N11958908WA0038700377
B0110514750182N11958908WA0038700377
B0110524750182N11958908WA0038700377
B0110534750182N11958908WA0038700377
B0110544750182N11958908WA0038700377
B0110554750182N11958908WA0038700377
B0110564750182N11958908WA0038700377
B0110574750182N11958908WA0038700377
B0110584750182N11958908WA0038700377
B0110594750182N11958908WA0038700377
B0111004750182N11958908WA0038700377
B0111014750182N11958908WA0038700376
B0111024750182N11958908WA0038700376
B0111034750182N11958908WA0038700376
B0111044750182N11958908WA0038700376
B0111054750182N11958908WA0038700376
B0111064750182N11958908WA0038700376
B0111074750182N11958908WA0038700376
B0111084750182N11958908WA0038700376
B0111094750182N11958908WA0038700376
B0111104750182N11958908WA0038700376
B0111114750182N11958908WA0038700376
B0111124750182N11958908WA0038700376
B0111134750182N11958908WA0038700376
B0111144750182N11958908WA0038700376
B0111154750182N11958908WA0038700375
B0111164750182N11958908WA0038700376
B0111174750182N11958908WA0038700375
B0111184750182N11958908WA0038600375
B0111194750182N11958909WA0038600376
B0111204750182N11958908WA0038600376
B0111214750182N11958908WA0038600376
B0111224750182N11958908WA0038600376
B0111234750182N11958908WA0038600376
B0111244750181N11958908WA0038600376
B0111254750181N11958908WA0038600375
B0111264750181N11958908WA0038600376
B0111274750181N11958908WA0038600375
B0111284750181N11958908WA0038600375
B0111294750181N11958908WA0038600375
B0111304750181N11958908WA0038600375
B0111314750181N11958908WA0038700375
B0111324750181N11958908WA0038700375
B0111334750181N11958908WA0038700375
B0111344750181N11958908WA0038700375
B0111354750181N11958908WA0038700375
B0111364750181N11958908WA0038700375
B0111374750181N11958908WA0038700375
B0111384750181N11958908WA0038700375
B0111394750181N11958908WA0038700375
B0111404750181N11958908WA0038700375
B0111414750181N11958908WA0038700375
B0111424750181N11958908WA0038700376
B0111434750181N11958908WA0038700376
B0111444750181N11958908WA0038700376
B0111454750181N11958908WA0038700376
B0111464750181N11958908WA0038700376
B0111474750181N11958908WA0038700376
B0111484750181N11958908WA0038700376
B0111494750181N11958908WA0038700376
B0111504750181N11958908WA0038700376
B0111514750181N11958908WA0038700376
B0111524750181N11958908WA0038700376
B0111534750181N11958908WA0038700376
B0111544750181N11958908WA0038700376
B0111554750181N11958908WA0038700376
B0111564750181N11958908WA0038700376
B0111574750181N11958908WA0038700376
B0111584750181N11958908WA0038700376
B0111594750181N11958908WA0038700376
B0112004750181N11958908WA0038700376
B0112014750181N11958908WA0038700376
B0112024750181N11958908WA0038700376
B0112034750181N11958908WA0038700376
B0112044750181N11958908WA0038700376
B0112054750181N11958908WA0038700376
B0112064750181N11958908WA0038700376
B0112074750181N11958908WA0038700376
B0112084750181N11958908WA0038700376
B0112094750181N11958908WA0038700376
B0112104750181N11958908WA0038700376
B0112114750181N11958908WA0038700376
B0112124750181N11958908WA0038600376
B0112134750182N11958908WA0038600376
B0112144750182N11958908WA0038600376
B0112154750182N11958908WA0038600376
B0112164750182N11958908WA0038600376
B0112174750182N11958909WA0038600376
B0112184750182N11958909WA0038700376
B0112194750182N11958909WA0038700376
B0112204750182N11958909WA0038700376
B0112214750182N11958909WA0038700376
B0112224750182N11958909WA0038700376
B0112234750182N11958909WA0038700376
B0112244750182N11958909WA0038700376
B0112254750182N11958909WA0038700376
B0112264750182N11958909WA0038700376
B0112274750182N11958909WA0038700376
B0112284750182N11958909WA0038700376
B0112294750182N11958909WA0038700376
B0112304750182N11958909WA0038700377
B0112314750182N11958909WA0038700377
B0112324750182N11958909WA0038700377
B0112334750182N11958909WA0038700377
B0112344750182N11958909WA0038700377
B0112354750182N11958909WA0038700377
B0112364750182N11958909WA0038700377
B0112374750182N11958909WA0038700377
B0112384750182N11958909WA0038700377
B0112394750182N11958909WA0038700377
B0112404750182N11958909WA0038700377
B0112414750182N11958909WA0038700377
B0112424750182N11958909WA0038700377
B0112434750182N11958909WA0038700377
B0112444750182N11958909WA0038700377
B0112454750182N11958909WA0038700377
B0112464750182N11958910WA0038700378
B0112474750182N11958910WA0038700378
B0112484750182N11958910WA0038700378
B0112494750182N11958910WA0038700378
B0112504750182N11958910WA0038700378
B0112514750182N11958910WA0038700378
B0112524750182N11958910WA0038700378
B0112534750182N11958910WA0038700378
B0112544750182N11958910WA0038700378
B0112554750182N11958910WA0038700378
B0112564750182N11958910WA0038700378
B0112574750182N11958910WA0038700378
B0112584750182N11958910WA0038700378
B0112594750181N11958910WA0038700378
B0113004750181N11958910WA0038700378
B0113014750181N11958910WA0038700378
B0113024750181N11958910WA0038700378
B0113034750181N11958910WA0038700378
B0113044750181N11958911WA0038700379
B0113054750181N11958911WA0038700379
B0113064750181N11958911WA0038700379
B0113074750181N11958911WA0038700379
B0113084750181N11958911WA0038700380
B0113094750181N11958911WA0038700380
B0113104750181N11958911WA0038700380
B0113114750181N11958911WA0038700380
B0113124750181N11958911WA0038700380
B0113134750180N11958911WA0038700380
B0113144750180N11958911WA0038700380
B0113154750180N11958911WA0038700381
B0113164750180N11958911WA0038700381
B0113174750180N11958911WA0038700381
B0113184750180N11958911WA0038700381
B0113194750180N11958911WA0038700381
B0113204750180N11958911WA0038700381
B0113214750180N11958911WA0038700381
B0113224750180N11958911WA0038700381
B0113234750180N11958911WA0038700381
B0113244750180N11958911WA0038700381
B0113254750180N11958911WA0038700381
B0113264750180N11958911WA0038700381
B0113274750180N11958911WA0038700381
B0113284750180N11958911WA0038700381
B0113294750180N11958911WA0038700381
B0113304750181N11958911WA0038700381
B0113314750181N11958911WA0038700381
B0113324750181N11958911WA0038700381
B0113334750181N11958912WA0038700381
B0113344750181N11958912WA0038700380
B0113354750181N11958912WA0038700380
B0113364750181N11958912WA0038700380
B0113374750181N11958912WA0038700380
B0113384750181N11958912WA0038700380
B0113394750181N11958912WA0038700380
B0113404750181N11958912WA0038700380
B0113414750181N11958912WA0038700380
B0113424750181N11958912WA0038700380
B0113434750181N11958912WA0038700380
B0113444750181N11958912WA0038700380
B0113454750181N11958912WA0038700380
B0113464750181N11958912WA0038700380
B0113474750181N11958912WA0038700380
B0113484750181N11958912WA0038700380
B0113494750181N11958912WA0038700380
B0113504750181N11958912WA0038700380
B0113514750181N11958912WA0038700380
B0113524750181N11958912WA0038700380
B0113534750181N11958912WA0038700380
B0113544750181N11958912WA0038700380
B0113554750181N11958912WA0038700380
B0113564750181N11958912WA0038700379
B0113574750181N11958912WA0038700379
B0113584750181N11958912WA0038700379
B0113594750181N11958912WA0038700379
B0114004750181N11958912WA0038700379
B0114014750181N11958912WA0038700379
B0114024750181N11958912WA0038700379
B0114034750181N11958912WA0038700379
B0114044750181N11958912WA0038700379
B0114054750181N11958912WA0038700379
B0114064750181N11958912WA0038700379
B0114074750181N11958912WA0038700379
B0114084750181N11958912WA0038700379
B0114094750181N11958912WA0038700379
B0114104750181N11958912WA0038700379
B0114114750181N11958912WA0038700379
B0114124750181N11958911WA0038700380
B0114134750181N11958911WA0038700380
B0114144750181N11958911WA0038700379
B0114154750181N11958911WA0038700379
B0114164750181N11958911WA0038700379
B0114174750181N11958911WA0038700380
B0114184750181N11958911WA0038700380
B0114194750181N11958911WA0038700380
B0114204750181N11958911WA0038700380
B0114214750181N11958911WA0038700380
B0114224750181N11958911WA0038700380
B0114234750181N11958911WA0038700379
B0114244750181N11958911WA0038700380
B0114254750181N11958911WA0038700380
B0114264750181N11958911WA0038700379
B0114274750181N11958911WA0038700379
B0114284750181N11958911WA0038700379
B0114294750181N11958911WA0038700379
B0114304750181N11958911WA0038700379
B0114314750181N11958911WA0038700379
B0114324750181N11958911WA0038700379
B0114334750181N11958911WA0038700379
B0114344750181N11958911WA0038700380
B0114354750181N11958911WA0038700380
B0114364750181N11958911WA0038700380
B0114374750181N11958911WA0038700380
B0114384750181N11958911WA0038700380
B0114394750181N11958911WA0038700380
B0114404750181N11958911WA0038700380
B0114414750181N11958911WA0038700380
B0114424750181N11958911WA0038700380
B0114434750181N11958911WA0038700380
B0114444750181N11958911WA0038700380
B0114454750181N11958911WA0038700380
B0114464750181N11958911WA0038700380
B0114474750181N11958911WA0038700380
B0114484750181N11958911WA0038700380
B0114494750181N11958911WA0038700380
B0114504750181N11958911WA0038700380
B0114514750181N11958911WA0038700380
B0114524750181N11958911WA0038700380
B0114534750181N11958911WA0038700380
B0114544750181N11958911WA0038700380
B0114554750181N11958911WA0038700380
B0114564750181N11958911WA0038700380
B0114574750181N11958911WA0038700380
B0114584750181N11958911WA0038700380
B0114594750181N11958911WA0038700380
B0115004750181N11958911WA0038700380
B0115014750181N11958911WA0038700380
B0115024750181N11958911WA0038700380
B0115034750181N11958911WA0038700381
B0115044750181N11958911WA0038700381
B0115054750181N11958911WA0038700381
B0115064750181N11958911WA0038700381
B0115074750181N11958911WA0038700382
B0115084750182N11958911WA0038700382
B0115094750182N11958911WA0038700381
B0115104750182N11958911WA0038700381
B0115114750182N11958911WA0038700381
B0115124750182N11958911WA0038700381
B0115134750182N11958911WA0038700382
B0115144750182N11958911WA0038700382
B0115154750182N11958911WA0038700382
B0115164750182N11958911WA0038700382
B0115174750182N11958911WA0038700382
B0115184750182N11958911WA0038700382
B0115194750182N11958911WA0038700382
B0115204750181N11958911WA0038700382
B0115214750181N11958911WA0038700382
B0115224750181N11958911WA0038700382
B0115234750181N11958911WA0038700382
B0115244750181N11958911WA0038700382
B0115254750181N11958911WA0038700382
B0115264750181N11958911WA0038700382
B0115274750181N11958911WA0038700382
B0115284750181N11958911WA0038700382
B0115294750181N11958911WA0038700382
B0115304750181N11958911WA0038700383
B0115314750181N11958911WA0038700383
B0115324750181N11958911WA0038700382
B0115334750181N11958911WA0038700382
B0115344750181N11958911WA0038700382
B0115354750181N11958911WA0038700382
B0115364750181N11958911WA0038700382
B0115374750181N11958911WA0038700382
B0115384750181N11958911WA0038700382
B0115394750181N11958911WA0038700381
B0115404750181N11958911WA0038700381
B0115414750181N11958911WA0038700381
B0115424750182N11958911WA0038700381
B0115434750182N11958911WA0038700381
B0115444750182N11958911WA0038700380
B0115454750182N11958911WA0038700380
B0115464750182N11958911WA0038700380
B0115474750182N11958911WA0038700380
B0115484750182N11958911WA0038700380
B0115494750182N11958911WA0038700379
B0115504750182N11958911WA0038700379
B0115514750182N11958910WA0038700379
B0115524750182N11958910WA0038700379
B0115534750182N11958910WA0038700378
B0115544750182N11958910WA0038700378
B0115554750182N11958910WA0038700378
B0115564750182N11958910WA0038700378
B0115574750182N11958910WA0038700378
B0115584750182N11958910WA0038700378
B0115594750182N11958910WA0038700378
B0116004750182N11958910WA0038700378
B0116014750182N11958910WA0038700378
B0116024750182N11958910WA0038700378
B0116034750182N11958910WA0038700378
B0116044750182N11958910WA0038700378
B0116054750182N11958910WA0038700377
B0116064750182N11958910WA0038700377
B0116074750182N11958910WA0038700377
B0116084750182N11958910WA0038700377
B0116094750182N11958910WA0038700377
B0116104750182N11958910WA0038700377
B0116114750182N11958910WA0038700377
B0116124750182N11958910WA0038700377
B0116134750182N11958910WA0038700377
B0116144750182N11958910WA0038700377
B0116154750182N11958910WA0038700377
B0116164750182N11958910WA0038700376
B0116174750182N11958910WA0038700376
B0116184750182N11958910WA0038700376
B0116194750182N11958910WA0038700376
B0116204750182N11958910WA0038700376
B0116214750182N11958910WA0038700376
B0116224750182N11958910WA0038700376
B0116234750182N11958910WA0038700376
B0116244750182N11958910WA0038700376
B0116254750182N11958910WA0038700376
B0116264750182N11958910WA0038700376
B0116274750182N11958910WA0038700376
B0116284750182N11958910WA0038700377
B0116294750182N11958910WA0038700377
B0116304750182N11958910WA0038700377
B0116314750182N11958910WA0038700377
B0116324750182N11958910WA0038700377
B0116334750182N11958910WA0038700377
B0116344750182N11958910WA0038700378
B0116354750182N11958909WA0038700378
B0116364750182N11958910WA0038700378
B0116374750182N11958910WA0038700378
B0116384750182N11958910WA0038700379
B0116394750182N11958910WA0038700379
B0116404750182N11958910WA0038700379
B0116414750182N11958910WA0038700379
B0116424750182N11958910WA0038700379
B0116434750182N11958910WA0038700379
B0116444750182N11958910WA0038700380
B0116454750182N11958910WA0038700380
B0116464750182N11958910WA0038700380
B0116474750182N11958910WA0038800380
B0116484750182N11958910WA0038800380
B0116494750182N11958910WA0038800380
B0116504750182N11958910WA0038800380
B0116514750182N11958910WA0038800380
B0116524750182N11958910WA0038800380
B0116534750182N11958910WA0038800380
B0116544750182N11958910WA0038800380
B0116554750182N11958909WA0038800379
B0116564750182N11958909WA0038800379
B0116574750182N11958909WA0038800379
B0116584750182N11958909WA0038800379
LXFM live.flymaster.net version 1.01
LXFM Created 2025-06-24 01:45:35
LXFM flight id 1614417
G62E4A90488D3053CE318E32FFA19AA20
