AXFMSFP Flymaster Live, V1.0, S/N 253044
HFFXA010
HFPLTPILOT:Bill Lemon
HFGTYGLIDERTYPE: 
HFGIDGLIDERID:
HFDTM100GPSDATUM:WGS-1984
HFCIDCOMPETITIONID:9999
HFCCLCOMPETITIONCLASS:
HOSITSITE:Chelan Butte-US
HFGPS:UBLOXNEO6
HFPRSPRESSALTSENSOR:NA
HFRFWFIRMWAREVERSION:203f
HFRHWHARDWAREVERSION:1.0R2
HFFTYFRTYPE:FLYMASTER,LIVE
HFDTE230625
B1937494748244N12002297WA0107601129
B1937504748243N12002294WA0107601128
B1937514748242N12002291WA0107601127
B1937524748241N12002287WA0107501127
B1937534748240N12002283WA0107501126
B1937544748239N12002278WA0107501124
B1937554748237N12002273WA0107401122
B1937564748235N12002267WA0107301119
B1937574748232N12002260WA0107201115
B1937584748229N12002253WA0107001112
B1937594748226N12002246WA0106901110
B1938004748223N12002239WA0106801109
B1938014748220N12002234WA0106601108
B1938024748218N12002229WA0106501106
B1938034748214N12002224WA0106301104
B1938044748209N12002220WA0106201101
B1938054748204N12002216WA0106001099
B1938064748198N12002212WA0105801097
B1938074748192N12002209WA0105701097
B1938084748188N12002206WA0105501097
B1938094748184N12002205WA0105401097
B1938104748180N12002205WA0105301096
B1938114748177N12002207WA0105101094
B1938124748173N12002209WA0105001091
B1938134748169N12002213WA0104801087
B1938144748165N12002218WA0104601084
B1938154748161N12002223WA0104401081
B1938164748158N12002228WA0104201080
B1938174748155N12002232WA0104001078
B1938184748151N12002237WA0103801075
B1938194748147N12002242WA0103501071
B1938204748143N12002248WA0103401067
B1938214748139N12002255WA0103101064
B1938224748135N12002261WA0102901064
B1938234748132N12002267WA0102701064
B1938244748129N12002273WA0102501064
B1938254748127N12002279WA0102301062
B1938264748125N12002286WA0102201061
B1938274748123N12002293WA0102001060
B1938284748121N12002300WA0101901060
B1938294748120N12002307WA0101801062
B1938304748120N12002313WA0101801064
B1938314748119N12002318WA0101801066
B1938324748119N12002323WA0101801068
B1938334748118N12002328WA0101801070
B1938344748117N12002332WA0101801071
B1938354748115N12002335WA0101901072
B1938364748112N12002338WA0101901072
B1938374748109N12002340WA0101901072
B1938384748106N12002343WA0102001073
B1938394748104N12002346WA0102001074
B1938404748103N12002350WA0102101076
B1938414748102N12002353WA0102101077
B1938424748102N12002357WA0102201076
B1938434748101N12002362WA0102201076
B1938444748100N12002368WA0102201074
B1938454748099N12002374WA0102201074
B1938464748098N12002379WA0102201074
B1938474748096N12002385WA0102201075
B1938484748095N12002390WA0102301076
B1938494748095N12002395WA0102301077
B1938504748094N12002400WA0102401078
B1938514748093N12002404WA0102401080
B1938524748092N12002408WA0102501081
B1938534748092N12002413WA0102601081
B1938544748092N12002419WA0102601082
B1938554748094N12002425WA0102701082
B1938564748099N12002430WA0102701081
B1938574748105N12002433WA0102701082
B1938584748112N12002432WA0102801083
B1938594748117N12002427WA0102801083
B1939004748121N12002421WA0102801084
B1939014748124N12002414WA0102901084
B1939024748126N12002407WA0102901085
B1939034748128N12002400WA0103001085
B1939044748128N12002393WA0103001085
B1939054748128N12002385WA0103101085
B1939064748126N12002378WA0103101084
B1939074748124N12002371WA0103101084
B1939084748121N12002365WA0103101085
B1939094748118N12002360WA0103101085
B1939104748115N12002355WA0103101085
B1939114748111N12002351WA0103201086
B1939124748107N12002349WA0103201087
B1939134748103N12002348WA0103301089
B1939144748100N12002350WA0103401092
B1939154748098N12002353WA0103501094
B1939164748098N12002358WA0103601095
B1939174748100N12002362WA0103701096
B1939184748104N12002366WA0103801097
B1939194748109N12002368WA0103901097
B1939204748115N12002367WA0103901098
B1939214748120N12002362WA0104101100
B1939224748123N12002356WA0104101102
B1939234748125N12002348WA0104301103
B1939244748125N12002340WA0104301104
B1939254748125N12002332WA0104501105
B1939264748125N12002324WA0104601107
B1939274748125N12002316WA0104801110
B1939284748124N12002309WA0104901113
B1939294748121N12002304WA0105101115
B1939304748117N12002301WA0105201115
B1939314748113N12002301WA0105301115
B1939324748109N12002302WA0105401116
B1939334748106N12002304WA0105601118
B1939344748103N12002308WA0105701120
B1939354748102N12002312WA0105901121
B1939364748101N12002316WA0106001122
B1939374748101N12002321WA0106101123
B1939384748103N12002326WA0106201124
B1939394748107N12002330WA0106401125
B1939404748112N12002333WA0106501125
B1939414748118N12002333WA0106601126
B1939424748124N12002330WA0106701128
B1939434748128N12002324WA0106801129
B1939444748131N12002317WA0106901130
B1939454748133N12002310WA0107101132
B1939464748134N12002303WA0107201134
B1939474748135N12002297WA0107301135
B1939484748135N12002291WA0107401136
B1939494748135N12002284WA0107601137
B1939504748134N12002276WA0107701138
B1939514748134N12002268WA0107801139
B1939524748133N12002261WA0107901140
B1939534748132N12002254WA0108001140
B1939544748129N12002249WA0108101141
B1939554748126N12002246WA0108201141
B1939564748123N12002245WA0108301141
B1939574748120N12002246WA0108301141
B1939584748117N12002248WA0108401141
B1939594748114N12002252WA0108401141
B1940004748113N12002257WA0108501141
B1940014748112N12002262WA0108501141
B1940024748112N12002268WA0108501142
B1940034748113N12002275WA0108601142
B1940044748113N12002281WA0108601143
B1940054748113N12002287WA0108701144
B1940064748112N12002293WA0108801146
B1940074748111N12002299WA0108901148
B1940084748112N12002304WA0109001151
B1940094748113N12002308WA0109201154
B1940104748114N12002312WA0109301156
B1940114748116N12002318WA0109501158
B1940124748119N12002323WA0109601159
B1940134748123N12002328WA0109801159
B1940144748129N12002331WA0109901160
B1940154748134N12002332WA0110001161
B1940164748140N12002330WA0110101161
B1940174748145N12002326WA0110201161
B1940184748150N12002322WA0110301161
B1940194748156N12002317WA0110301160
B1940204748161N12002312WA0110401159
B1940214748165N12002305WA0110401158
B1940224748168N12002297WA0110401158
B1940234748170N12002288WA0110401157
B1940244748171N12002279WA0110401158
B1940254748172N12002270WA0110501160
B1940264748173N12002263WA0110501162
B1940274748173N12002255WA0110601163
B1940284748173N12002247WA0110701164
B1940294748172N12002239WA0110701164
B1940304748170N12002232WA0110801165
B1940314748168N12002226WA0110901166
B1940324748166N12002222WA0110901167
B1940334748163N12002220WA0111001167
B1940344748161N12002219WA0111001166
B1940354748158N12002219WA0111001165
B1940364748156N12002220WA0111001163
B1940374748153N12002224WA0111001161
B1940384748151N12002228WA0111001159
B1940394748149N12002234WA0110901158
B1940404748148N12002241WA0110901158
B1940414748147N12002247WA0110901159
B1940424748146N12002253WA0110901162
B1940434748145N12002258WA0111001165
B1940444748143N12002261WA0111001168
B1940454748141N12002264WA0111201171
B1940464748139N12002267WA0111301175
B1940474748138N12002270WA0111501178
B1940484748138N12002274WA0111601181
B1940494748137N12002279WA0111801183
B1940504748137N12002284WA0112001186
B1940514748135N12002287WA0112201190
B1940524748132N12002287WA0112401192
B1940534748129N12002283WA0112601194
B1940544748126N12002276WA0112801196
B1940554748124N12002266WA0113101200
B1940564748125N12002258WA0113301203
B1940574748125N12002252WA0113601206
B1940584748125N12002247WA0113801209
B1940594748124N12002242WA0114001210
B1941004748122N12002238WA0114201210
B1941014748119N12002234WA0114301208
B1941024748115N12002230WA0114401206
B1941034748110N12002229WA0114501204
B1941044748104N12002230WA0114501200
B1941054748099N12002234WA0114501198
B1941064748094N12002240WA0114501197
B1941074748092N12002248WA0114501197
B1941084748090N12002256WA0114501197
B1941094748091N12002263WA0114501197
B1941104748092N12002270WA0114501198
B1941114748094N12002276WA0114501198
B1941124748096N12002282WA0114501197
B1941134748098N12002289WA0114501197
B1941144748100N12002296WA0114501195
B1941154748103N12002303WA0114501195
B1941164748108N12002310WA0114401194
B1941174748114N12002316WA0114401195
B1941184748119N12002323WA0114501198
B1941194748123N12002328WA0114601203
B1941204748128N12002333WA0114701207
B1941214748133N12002336WA0114901211
B1941224748139N12002338WA0115001213
B1941234748145N12002339WA0115201214
B1941244748152N12002338WA0115301216
B1941254748159N12002335WA0115501219
B1941264748165N12002330WA0115601222
B1941274748168N12002324WA0115801224
B1941284748170N12002318WA0116001227
B1941294748170N12002311WA0116301230
B1941304748168N12002306WA0116401232
B1941314748164N12002303WA0116701235
B1941324748160N12002303WA0116901237
B1941334748157N12002308WA0117101240
B1941344748156N12002314WA0117301243
B1941354748157N12002320WA0117601245
B1941364748159N12002326WA0117701247
B1941374748162N12002332WA0118001249
B1941384748166N12002337WA0118201250
B1941394748171N12002341WA0118401252
B1941404748177N12002343WA0118601254
B1941414748184N12002343WA0118801256
B1941424748190N12002341WA0119001259
B1941434748196N12002337WA0119201261
B1941444748201N12002332WA0119401264
B1941454748204N12002326WA0119701267
B1941464748208N12002319WA0119901270
B1941474748209N12002312WA0120201273
B1941484748209N12002306WA0120401276
B1941494748206N12002302WA0120701278
B1941504748203N12002300WA0120801280
B1941514748200N12002297WA0121101281
B1941524748197N12002295WA0121301284
B1941534748193N12002295WA0121601286
B1941544748189N12002298WA0121801288
B1941554748185N12002304WA0122001290
B1941564748184N12002310WA0122201292
B1941574748183N12002317WA0122501295
B1941584748184N12002323WA0122701298
B1941594748187N12002329WA0123001300
B1942004748191N12002335WA0123101301
B1942014748195N12002339WA0123401302
B1942024748201N12002342WA0123501303
B1942034748208N12002342WA0123701304
B1942044748214N12002339WA0123901304
B1942054748220N12002334WA0124101305
B1942064748225N12002329WA0124201308
B1942074748228N12002323WA0124401311
B1942084748231N12002318WA0124601315
B1942094748233N12002313WA0124801318
B1942104748234N12002306WA0125001321
B1942114748234N12002300WA0125301324
B1942124748232N12002295WA0125501327
B1942134748229N12002291WA0125801329
B1942144748225N12002291WA0126001331
B1942154748220N12002294WA0126201333
B1942164748216N12002299WA0126401336
B1942174748214N12002306WA0126701340
B1942184748215N12002313WA0127001344
B1942194748218N12002320WA0127301347
B1942204748222N12002325WA0127501349
B1942214748227N12002329WA0127801351
B1942224748233N12002330WA0128001354
B1942234748238N12002330WA0128301356
B1942244748244N12002327WA0128501358
B1942254748249N12002323WA0128801361
B1942264748253N12002317WA0129001363
B1942274748257N12002310WA0129301366
B1942284748259N12002302WA0129501369
B1942294748259N12002295WA0129901373
B1942304748258N12002289WA0130101377
B1942314748255N12002285WA0130401380
B1942324748252N12002282WA0130701382
B1942334748248N12002283WA0131001383
B1942344748243N12002285WA0131201385
B1942354748240N12002289WA0131501387
B1942364748238N12002295WA0131701390
B1942374748239N12002301WA0132001393
B1942384748241N12002307WA0132201395
B1942394748243N12002313WA0132401397
B1942404748247N12002320WA0132601399
B1942414748252N12002324WA0132901402
B1942424748257N12002327WA0133101404
B1942434748263N12002329WA0133401406
B1942444748270N12002329WA0133601408
B1942454748277N12002327WA0133801411
B1942464748283N12002325WA0134001415
B1942474748287N12002322WA0134401419
B1942484748291N12002318WA0134601423
B1942494748294N12002313WA0134901425
B1942504748295N12002308WA0135101427
B1942514748296N12002303WA0135401429
B1942524748295N12002297WA0135601429
B1942534748294N12002291WA0135801428
B1942544748292N12002287WA0136001428
B1942554748289N12002284WA0136101427
B1942564748285N12002283WA0136201425
B1942574748281N12002285WA0136201423
B1942584748276N12002288WA0136301423
B1942594748272N12002293WA0136301422
B1943004748269N12002299WA0136401425
B1943014748266N12002305WA0136401427
B1943024748265N12002310WA0136501430
B1943034748263N12002316WA0136701433
B1943044748261N12002321WA0136801435
B1943054748260N12002327WA0137001437
B1943064748260N12002333WA0137101438
B1943074748260N12002339WA0137201439
B1943084748262N12002345WA0137301440
B1943094748263N12002352WA0137501442
B1943104748266N12002358WA0137601443
B1943114748270N12002364WA0137701444
B1943124748275N12002369WA0137801444
B1943134748280N12002375WA0137901445
B1943144748286N12002379WA0138001445
B1943154748292N12002384WA0138101446
B1943164748299N12002387WA0138201447
B1943174748306N12002390WA0138401450
B1943184748313N12002393WA0138501453
B1943194748319N12002395WA0138701458
B1943204748324N12002396WA0138901462
B1943214748329N12002396WA0139201465
B1943224748335N12002394WA0139301467
B1943234748340N12002392WA0139601469
B1943244748346N12002388WA0139701470
B1943254748351N12002384WA0140001472
B1943264748356N12002380WA0140101474
B1943274748359N12002375WA0140401476
B1943284748363N12002369WA0140501478
B1943294748365N12002363WA0140701480
B1943304748368N12002356WA0140901483
B1943314748372N12002348WA0141201485
B1943324748374N12002341WA0141301489
B1943334748377N12002333WA0141701493
B1943344748378N12002326WA0141901498
B1943354748377N12002319WA0142301502
B1943364748375N12002314WA0142501507
B1943374748372N12002311WA0142901510
B1943384748368N12002312WA0143201512
B1943394748366N12002316WA0143501514
B1943404748365N12002323WA0143701515
B1943414748367N12002330WA0144001518
B1943424748368N12002338WA0144201521
B1943434748369N12002345WA0144601526
B1943444748370N12002352WA0144901531
B1943454748372N12002358WA0145301536
B1943464748376N12002364WA0145501540
B1943474748382N12002368WA0145901543
B1943484748388N12002371WA0146201546
B1943494748395N12002372WA0146601549
B1943504748401N12002370WA0146901553
B1943514748406N12002366WA0147201555
B1943524748410N12002360WA0147501558
B1943534748412N12002354WA0147801560
B1943544748412N12002346WA0148101562
B1943554748411N12002339WA0148401565
B1943564748409N12002333WA0148701569
B1943574748406N12002330WA0149101573
B1943584748403N12002329WA0149301578
B1943594748400N12002329WA0149701582
B1944004748398N12002330WA0150001585
B1944014748395N12002333WA0150401587
B1944024748393N12002337WA0150601590
B1944034748391N12002343WA0151001593
B1944044748391N12002349WA0151301596
B1944054748392N12002355WA0151601599
B1944064748393N12002361WA0151901602
B1944074748396N12002366WA0152301605
B1944084748400N12002372WA0152501607
B1944094748406N12002377WA0152901610
B1944104748412N12002379WA0153101613
B1944114748418N12002379WA0153501617
B1944124748424N12002376WA0153701620
B1944134748429N12002371WA0154101623
B1944144748434N12002364WA0154301626
B1944154748437N12002357WA0154701629
B1944164748438N12002350WA0154901634
B1944174748438N12002344WA0155301637
B1944184748436N12002341WA0155601640
B1944194748434N12002339WA0156001643
B1944204748431N12002340WA0156201646
B1944214748428N12002342WA0156601648
B1944224748424N12002346WA0156801650
B1944234748421N12002352WA0157101653
B1944244748419N12002360WA0157401656
B1944254748419N12002367WA0157701659
B1944264748420N12002374WA0158001663
B1944274748423N12002381WA0158301666
B1944284748427N12002387WA0158601669
B1944294748432N12002392WA0158901671
B1944304748437N12002395WA0159101674
B1944314748444N12002396WA0159501676
B1944324748450N12002396WA0159701680
B1944334748456N12002396WA0160001682
B1944344748462N12002395WA0160301685
B1944354748468N12002393WA0160601687
B1944364748474N12002390WA0160801688
B1944374748480N12002385WA0161101690
B1944384748484N12002379WA0161301692
B1944394748488N12002372WA0161501694
B1944404748491N12002366WA0161701698
B1944414748493N12002361WA0162101701
B1944424748494N12002355WA0162301704
B1944434748495N12002350WA0162601706
B1944444748495N12002342WA0162801707
B1944454748496N12002334WA0163001708
B1944464748496N12002327WA0163201711
B1944474748495N12002320WA0163501715
B1944484748494N12002314WA0163701719
B1944494748492N12002309WA0164001723
B1944504748489N12002306WA0164301728
B1944514748486N12002305WA0164701732
B1944524748484N12002306WA0164901736
B1944534748482N12002307WA0165301737
B1944544748480N12002310WA0165501738
B1944554748478N12002316WA0165801738
B1944564748477N12002323WA0165901738
B1944574748478N12002331WA0166101738
B1944584748482N12002338WA0166301739
B1944594748487N12002345WA0166501741
B1945004748493N12002350WA0166601743
B1945014748500N12002352WA0166901746
B1945024748507N12002352WA0167101749
B1945034748513N12002350WA0167401754
B1945044748518N12002347WA0167601759
B1945054748522N12002343WA0167901763
B1945064748527N12002339WA0168101765
B1945074748530N12002334WA0168501768
B1945084748534N12002328WA0168701771
B1945094748537N12002320WA0169001773
B1945104748539N12002311WA0169301776
B1945114748541N12002303WA0169601779
B1945124748541N12002294WA0169801783
B1945134748541N12002286WA0170201786
B1945144748539N12002280WA0170401789
B1945154748537N12002275WA0170701792
B1945164748534N12002271WA0171001794
B1945174748530N12002270WA0171301796
B1945184748526N12002271WA0171501797
B1945194748523N12002275WA0171701796
B1945204748520N12002280WA0171901795
B1945214748517N12002286WA0172001793
B1945224748515N12002292WA0172101793
B1945234748515N12002298WA0172201794
B1945244748516N12002304WA0172301796
B1945254748517N12002309WA0172501797
B1945264748519N12002314WA0172501797
B1945274748521N12002321WA0172601797
B1945284748522N12002329WA0172701797
B1945294748525N12002336WA0172801798
B1945304748528N12002342WA0172901799
B1945314748533N12002348WA0173001801
B1945324748539N12002352WA0173001803
B1945334748545N12002355WA0173201805
B1945344748552N12002357WA0173301808
B1945354748558N12002358WA0173501810
B1945364748565N12002360WA0173601814
B1945374748571N12002360WA0173901817
B1945384748577N12002359WA0174001821
B1945394748583N12002356WA0174301824
B1945404748589N12002351WA0174501826
B1945414748593N12002345WA0174701829
B1945424748596N12002338WA0174901831
B1945434748598N12002331WA0175201834
B1945444748599N12002324WA0175401837
B1945454748599N12002317WA0175701840
B1945464748598N12002311WA0175901843
B1945474748596N12002305WA0176201846
B1945484748594N12002300WA0176401850
B1945494748593N12002294WA0176701852
B1945504748591N12002288WA0177001855
B1945514748588N12002281WA0177301857
B1945524748586N12002274WA0177501859
B1945534748583N12002268WA0177801861
B1945544748580N12002261WA0178001863
B1945554748577N12002255WA0178201864
B1945564748574N12002249WA0178401865
B1945574748571N12002243WA0178601865
B1945584748568N12002237WA0178701865
B1945594748565N12002230WA0178901864
B1946004748563N12002224WA0179001864
B1946014748561N12002217WA0179101864
B1946024748559N12002211WA0179101864
B1946034748557N12002205WA0179201863
B1946044748555N12002198WA0179201862
B1946054748553N12002191WA0179301861
B1946064748552N12002185WA0179301862
B1946074748549N12002179WA0179301862
B1946084748548N12002174WA0179401862
B1946094748546N12002169WA0179401862
B1946104748544N12002163WA0179401861
B1946114748542N12002157WA0179401858
B1946124748540N12002150WA0179301856
B1946134748538N12002142WA0179201853
B1946144748536N12002134WA0179201852
B1946154748534N12002126WA0179101853
B1946164748534N12002120WA0179101854
B1946174748532N12002115WA0179001855
B1946184748531N12002109WA0179001855
B1946194748529N12002102WA0179001854
B1946204748528N12002093WA0179001853
B1946214748526N12002084WA0178901852
B1946224748525N12002075WA0178901852
B1946234748524N12002065WA0178801852
B1946244748523N12002056WA0178801852
B1946254748523N12002046WA0178801852
B1946264748522N12002036WA0178801852
B1946274748521N12002026WA0178701852
B1946284748520N12002016WA0178701852
B1946294748519N12002006WA0178701852
B1946304748517N12001997WA0178701852
B1946314748515N12001988WA0178701856
B1946324748514N12001979WA0178801859
B1946334748512N12001971WA0178901863
B1946344748511N12001963WA0179001867
B1946354748510N12001956WA0179301871
B1946364748509N12001949WA0179401875
B1946374748509N12001941WA0179701878
B1946384748510N12001933WA0179901880
B1946394748510N12001924WA0180101883
B1946404748510N12001915WA0180301886
B1946414748510N12001905WA0180601890
B1946424748511N12001897WA0180801894
B1946434748510N12001889WA0181201899
B1946444748509N12001882WA0181401902
B1946454748508N12001876WA0181801905
B1946464748506N12001870WA0182001907
B1946474748503N12001866WA0182301910
B1946484748501N12001863WA0182501912
B1946494748499N12001862WA0182801913
B1946504748498N12001863WA0183001914
B1946514748497N12001865WA0183301916
B1946524748499N12001867WA0183401917
B1946534748502N12001871WA0183701917
B1946544748507N12001873WA0183801917
B1946554748513N12001875WA0184001917
B1946564748520N12001874WA0184101918
B1946574748528N12001871WA0184201920
B1946584748534N12001864WA0184401922
B1946594748540N12001857WA0184601925
B1947004748544N12001849WA0184701929
B1947014748548N12001842WA0185001932
B1947024748552N12001833WA0185201935
B1947034748555N12001824WA0185501938
B1947044748559N12001814WA0185701941
B1947054748562N12001804WA0186001944
B1947064748563N12001793WA0186201948
B1947074748564N12001784WA0186501951
B1947084748564N12001774WA0186701955
B1947094748564N12001765WA0187101957
B1947104748563N12001755WA0187301960
B1947114748562N12001744WA0187601962
B1947124748560N12001735WA0187801964
B1947134748558N12001726WA0188101966
B1947144748556N12001719WA0188301968
B1947154748554N12001713WA0188601969
B1947164748552N12001706WA0188701968
B1947174748548N12001699WA0188901967
B1947184748544N12001692WA0189001966
B1947194748541N12001688WA0189201967
B1947204748538N12001686WA0189301968
B1947214748537N12001687WA0189401969
B1947224748536N12001688WA0189501970
B1947234748536N12001691WA0189601970
B1947244748537N12001694WA0189701971
B1947254748538N12001697WA0189801973
B1947264748538N12001699WA0189901975
B1947274748539N12001701WA0190101976
B1947284748540N12001704WA0190201977
B1947294748540N12001707WA0190301978
B1947304748540N12001710WA0190401979
B1947314748541N12001713WA0190501980
B1947324748542N12001716WA0190601981
B1947334748543N12001719WA0190701983
B1947344748544N12001723WA0190801985
B1947354748545N12001726WA0191001988
B1947364748545N12001729WA0191101990
B1947374748546N12001732WA0191301991
B1947384748547N12001734WA0191401991
B1947394748547N12001737WA0191501991
B1947404748547N12001738WA0191601992
B1947414748548N12001739WA0191701993
B1947424748548N12001741WA0191801994
B1947434748549N12001743WA0191901994
B1947444748551N12001746WA0192001994
B1947454748554N12001749WA0192101994
B1947464748558N12001751WA0192101995
B1947474748562N12001752WA0192201996
B1947484748567N12001753WA0192301996
B1947494748573N12001754WA0192301997
B1947504748579N12001755WA0192401998
B1947514748586N12001755WA0192501999
B1947524748592N12001753WA0192602002
B1947534748598N12001750WA0192702005
B1947544748604N12001745WA0192802007
B1947554748610N12001739WA0193002009
B1947564748616N12001732WA0193102010
B1947574748621N12001723WA0193302011
B1947584748626N12001712WA0193402012
B1947594748629N12001702WA0193502014
B1948004748631N12001692WA0193702018
B1948014748632N12001682WA0193902021
B1948024748631N12001674WA0194102025
B1948034748629N12001667WA0194302028
B1948044748626N12001662WA0194502030
B1948054748623N12001659WA0194802033
B1948064748620N12001658WA0195002035
B1948074748618N12001658WA0195202038
B1948084748617N12001660WA0195402040
B1948094748619N12001663WA0195702042
B1948104748622N12001666WA0195902044
B1948114748627N12001668WA0196102046
B1948124748632N12001668WA0196302048
B1948134748639N12001667WA0196602050
B1948144748645N12001663WA0196702052
B1948154748652N12001658WA0197002053
B1948164748658N12001650WA0197102055
B1948174748663N12001642WA0197402058
B1948184748667N12001633WA0197602061
B1948194748670N12001624WA0197802063
B1948204748673N12001615WA0198002065
B1948214748675N12001606WA0198202066
B1948224748677N12001597WA0198402068
B1948234748678N12001588WA0198602070
B1948244748678N12001579WA0198802071
B1948254748678N12001571WA0199002071
B1948264748676N12001564WA0199102071
B1948274748674N12001558WA0199202070
B1948284748671N12001552WA0199302069
B1948294748668N12001546WA0199302068
B1948304748665N12001541WA0199402067
B1948314748661N12001535WA0199402066
B1948324748658N12001529WA0199402065
B1948334748655N12001523WA0199402064
B1948344748652N12001517WA0199402063
B1948354748648N12001511WA0199402062
B1948364748644N12001506WA0199402061
B1948374748640N12001502WA0199402062
B1948384748637N12001498WA0199402063
B1948394748633N12001495WA0199402064
B1948404748630N12001492WA0199402066
B1948414748627N12001489WA0199502067
B1948424748624N12001485WA0199502068
B1948434748620N12001482WA0199602068
B1948444748617N12001479WA0199602069
B1948454748614N12001477WA0199702070
B1948464748613N12001475WA0199702070
B1948474748611N12001472WA0199802069
B1948484748609N12001470WA0199802067
B1948494748605N12001467WA0199702064
B1948504748601N12001465WA0199702061
B1948514748596N12001462WA0199502059
B1948524748591N12001460WA0199502057
B1948534748586N12001457WA0199402057
B1948544748581N12001455WA0199302057
B1948554748576N12001452WA0199202057
B1948564748571N12001450WA0199202057
B1948574748566N12001448WA0199102056
B1948584748560N12001448WA0199102056
B1948594748556N12001447WA0199002056
B1949004748551N12001446WA0199002057
B1949014748548N12001445WA0199002058
B1949024748544N12001444WA0199002058
B1949034748541N12001442WA0198902058
B1949044748537N12001440WA0198902056
B1949054748533N12001438WA0198802054
B1949064748529N12001436WA0198802051
B1949074748524N12001435WA0198602049
B1949084748518N12001434WA0198502047
B1949094748513N12001432WA0198402045
B1949104748508N12001431WA0198302044
B1949114748503N12001429WA0198202043
B1949124748499N12001428WA0198102041
B1949134748494N12001426WA0197902040
B1949144748489N12001425WA0197802040
B1949154748484N12001423WA0197702038
B1949164748479N12001421WA0197602037
B1949174748473N12001419WA0197402034
B1949184748467N12001418WA0197302032
B1949194748461N12001418WA0197202031
B1949204748455N12001417WA0197102030
B1949214748449N12001416WA0196902030
B1949224748444N12001415WA0196802030
B1949234748438N12001413WA0196702029
B1949244748433N12001410WA0196602028
B1949254748428N12001408WA0196502027
B1949264748422N12001407WA0196402026
B1949274748416N12001405WA0196302024
B1949284748411N12001404WA0196202023
B1949294748406N12001402WA0196102023
B1949304748401N12001401WA0196002023
B1949314748396N12001399WA0195902021
B1949324748390N12001397WA0195802019
B1949334748385N12001396WA0195602017
B1949344748379N12001395WA0195502016
B1949354748374N12001395WA0195402015
B1949364748369N12001395WA0195302014
B1949374748364N12001396WA0195102014
B1949384748360N12001397WA0195102014
B1949394748355N12001398WA0195002013
B1949404748351N12001399WA0194902011
B1949414748347N12001401WA0194702010
B1949424748342N12001404WA0194602008
B1949434748337N12001406WA0194502006
B1949444748332N12001407WA0194402006
B1949454748327N12001408WA0194302005
B1949464748322N12001409WA0194202004
B1949474748317N12001411WA0194002002
B1949484748312N12001413WA0193902000
B1949494748306N12001415WA0193701997
B1949504748301N12001418WA0193601995
B1949514748296N12001421WA0193401994
B1949524748292N12001424WA0193301993
B1949534748288N12001428WA0193101992
B1949544748284N12001432WA0193001990
B1949554748279N12001436WA0192801989
B1949564748275N12001440WA0192701987
B1949574748270N12001442WA0192601987
B1949584748266N12001445WA0192501986
B1949594748263N12001448WA0192301984
B1950004748260N12001452WA0192201981
B1950014748256N12001456WA0192001977
B1950024748252N12001461WA0191801974
B1950034748247N12001465WA0191601971
B1950044748243N12001470WA0191401968
B1950054748240N12001476WA0191101965
B1950064748236N12001481WA0190901962
B1950074748232N12001486WA0190601959
B1950084748229N12001491WA0190401956
B1950094748226N12001496WA0190101953
B1950104748223N12001501WA0189901950
B1950114748221N12001504WA0189601948
B1950124748219N12001507WA0189401944
B1950134748216N12001510WA0189101939
B1950144748213N12001514WA0188801934
B1950154748208N12001519WA0188401928
B1950164748203N12001525WA0188101922
B1950174748198N12001530WA0187601919
B1950184748194N12001535WA0187401918
B1950194748190N12001539WA0187101919
B1950204748188N12001542WA0186901922
B1950214748187N12001545WA0186701923
B1950224748184N12001549WA0186601923
B1950234748181N12001552WA0186401922
B1950244748178N12001557WA0186301921
B1950254748174N12001562WA0186201921
B1950264748171N12001567WA0186101922
B1950274748169N12001572WA0186001924
B1950284748166N12001577WA0186001927
B1950294748164N12001581WA0186101930
B1950304748162N12001585WA0186101933
B1950314748159N12001588WA0186201936
B1950324748156N12001591WA0186301937
B1950334748153N12001594WA0186401939
B1950344748149N12001597WA0186501941
B1950354748146N12001601WA0186601942
B1950364748143N12001605WA0186701944
B1950374748140N12001610WA0186901946
B1950384748137N12001615WA0187001949
B1950394748133N12001619WA0187201953
B1950404748129N12001623WA0187401956
B1950414748125N12001627WA0187701960
B1950424748123N12001632WA0187801963
B1950434748120N12001637WA0188101967
B1950444748118N12001641WA0188301970
B1950454748115N12001644WA0188701973
B1950464748112N12001647WA0188901975
B1950474748109N12001651WA0189101975
B1950484748105N12001656WA0189301976
B1950494748103N12001662WA0189501978
B1950504748102N12001667WA0189701981
B1950514748102N12001673WA0189901983
B1950524748105N12001677WA0190101984
B1950534748108N12001681WA0190301985
B1950544748112N12001684WA0190501986
B1950554748117N12001685WA0190601986
B1950564748123N12001685WA0190701986
B1950574748130N12001683WA0190901987
B1950584748135N12001680WA0191001988
B1950594748141N12001675WA0191101989
B1951004748146N12001670WA0191201990
B1951014748150N12001663WA0191401992
B1951024748154N12001656WA0191501993
B1951034748157N12001648WA0191701996
B1951044748159N12001640WA0191801999
B1951054748160N12001632WA0192002002
B1951064748162N12001624WA0192202006
B1951074748162N12001617WA0192502010
B1951084748161N12001610WA0192702013
B1951094748159N12001603WA0193002016
B1951104748156N12001596WA0193202018
B1951114748153N12001592WA0193502021
B1951124748149N12001591WA0193702024
B1951134748145N12001592WA0194002027
B1951144748142N12001596WA0194202030
B1951154748141N12001601WA0194502033
B1951164748141N12001605WA0194702035
B1951174748143N12001610WA0195002037
B1951184748146N12001614WA0195202039
B1951194748148N12001618WA0195602042
B1951204748152N12001620WA0195802045
B1951214748155N12001620WA0196102048
B1951224748160N12001619WA0196302050
B1951234748165N12001618WA0196502051
B1951244748171N12001615WA0196702053
B1951254748176N12001610WA0197002056
B1951264748180N12001605WA0197202059
B1951274748183N12001599WA0197502063
B1951284748185N12001593WA0197802067
B1951294748186N12001586WA0198102070
B1951304748187N12001579WA0198302073
B1951314748186N12001571WA0198702075
B1951324748185N12001563WA0198902078
B1951334748182N12001555WA0199202081
B1951344748180N12001548WA0199402084
B1951354748177N12001542WA0199802088
B1951364748174N12001537WA0200002092
B1951374748170N12001533WA0200402095
B1951384748167N12001530WA0200602097
B1951394748165N12001528WA0201002099
B1951404748162N12001528WA0201202100
B1951414748160N12001528WA0201502101
B1951424748159N12001530WA0201602101
B1951434748159N12001534WA0201802100
B1951444748160N12001539WA0201902099
B1951454748163N12001544WA0202102099
B1951464748168N12001547WA0202202102
B1951474748173N12001547WA0202402105
B1951484748178N12001545WA0202502108
B1951494748183N12001541WA0202802110
B1951504748188N12001536WA0202902113
B1951514748193N12001531WA0203202116
B1951524748197N12001526WA0203302119
B1951534748201N12001521WA0203602122
B1951544748205N12001515WA0203802125
B1951554748209N12001509WA0204102127
B1951564748212N12001501WA0204302129
B1951574748214N12001491WA0204502131
B1951584748215N12001482WA0204702134
B1951594748215N12001473WA0205002136
B1952004748214N12001464WA0205202139
B1952014748212N12001455WA0205502141
B1952024748210N12001447WA0205602142
B1952034748208N12001439WA0205902142
B1952044748207N12001431WA0206002142
B1952054748206N12001424WA0206202142
B1952064748204N12001416WA0206302141
B1952074748201N12001409WA0206402140
B1952084748198N12001402WA0206402137
B1952094748195N12001397WA0206402135
B1952104748191N12001393WA0206402132
B1952114748188N12001389WA0206302129
B1952124748184N12001385WA0206202125
B1952134748180N12001380WA0206002120
B1952144748176N12001373WA0205802114
B1952154748171N12001367WA0205502109
B1952164748166N12001362WA0205302106
B1952174748162N12001358WA0205002103
B1952184748157N12001354WA0204802100
B1952194748152N12001350WA0204502098
B1952204748147N12001345WA0204302096
B1952214748142N12001341WA0204002093
B1952224748137N12001336WA0203802090
B1952234748131N12001332WA0203502087
B1952244748126N12001329WA0203302083
B1952254748121N12001325WA0202902080
B1952264748116N12001322WA0202702076
B1952274748110N12001319WA0202302072
B1952284748105N12001316WA0202002069
B1952294748100N12001313WA0201702065
B1952304748094N12001310WA0201402060
B1952314748087N12001307WA0200902054
B1952324748080N12001306WA0200602049
B1952334748072N12001304WA0200102044
B1952344748065N12001302WA0199802042
B1952354748059N12001300WA0199402040
B1952364748053N12001298WA0199102039
B1952374748048N12001296WA0198802037
B1952384748042N12001294WA0198502033
B1952394748036N12001291WA0198102030
B1952404748030N12001289WA0197902025
B1952414748023N12001287WA0197402021
B1952424748016N12001284WA0197102017
B1952434748009N12001281WA0196702013
B1952444748003N12001278WA0196402010
B1952454747997N12001276WA0196002007
B1952464747991N12001273WA0195802004
B1952474747984N12001270WA0195402000
B1952484747978N12001268WA0195101997
B1952494747971N12001265WA0194701993
B1952504747964N12001263WA0194401990
B1952514747958N12001261WA0194001988
B1952524747951N12001259WA0193801986
B1952534747945N12001256WA0193401985
B1952544747939N12001254WA0193201984
B1952554747933N12001252WA0192901982
B1952564747927N12001251WA0192801981
B1952574747921N12001249WA0192501980
B1952584747915N12001247WA0192301979
B1952594747909N12001245WA0192101978
B1953004747904N12001243WA0192001976
B1953014747898N12001242WA0191701974
B1953024747892N12001241WA0191601972
B1953034747886N12001240WA0191301971
B1953044747880N12001239WA0191201969
B1953054747875N12001239WA0190901967
B1953064747869N12001239WA0190801965
B1953074747863N12001239WA0190601963
B1953084747856N12001239WA0190401961
B1953094747850N12001238WA0190201959
B1953104747844N12001237WA0190001958
B1953114747838N12001236WA0189801957
B1953124747832N12001235WA0189701956
B1953134747826N12001234WA0189501956
B1953144747821N12001234WA0189401954
B1953154747814N12001233WA0189201952
B1953164747808N12001233WA0189101951
B1953174747802N12001233WA0188901949
B1953184747796N12001233WA0188801948
B1953194747790N12001232WA0188601948
B1953204747785N12001231WA0188501947
B1953214747779N12001230WA0188401946
B1953224747773N12001229WA0188301945
B1953234747766N12001229WA0188101943
B1953244747760N12001229WA0188001942
B1953254747753N12001228WA0187901941
B1953264747747N12001228WA0187801940
B1953274747741N12001228WA0187701940
B1953284747735N12001227WA0187601939
B1953294747729N12001227WA0187401938
B1953304747723N12001226WA0187301937
B1953314747717N12001226WA0187201935
B1953324747710N12001225WA0187101933
B1953334747704N12001225WA0186901931
B1953344747698N12001226WA0186801928
B1953354747691N12001226WA0186601926
B1953364747685N12001227WA0186501924
B1953374747678N12001227WA0186301923
B1953384747672N12001228WA0186201921
B1953394747666N12001229WA0186001920
B1953404747660N12001230WA0185901919
B1953414747654N12001231WA0185701917
B1953424747647N12001232WA0185501915
B1953434747641N12001233WA0185401914
B1953444747634N12001233WA0185301913
B1953454747628N12001233WA0185101912
B1953464747621N12001233WA0185001911
B1953474747615N12001234WA0184901911
B1953484747608N12001234WA0184801910
B1953494747602N12001234WA0184601909
B1953504747595N12001234WA0184601908
B1953514747588N12001233WA0184401907
B1953524747581N12001233WA0184301906
B1953534747574N12001232WA0184201905
B1953544747568N12001232WA0184101905
B1953554747562N12001231WA0184001905
B1953564747556N12001230WA0184001905
B1953574747550N12001230WA0183901905
B1953584747545N12001229WA0183801904
B1953594747538N12001228WA0183701903
B1954004747532N12001227WA0183701901
B1954014747526N12001226WA0183601900
B1954024747520N12001225WA0183501899
B1954034747514N12001224WA0183401898
B1954044747508N12001223WA0183301898
B1954054747501N12001222WA0183201897
B1954064747495N12001220WA0183201896
B1954074747489N12001218WA0183101896
B1954084747483N12001217WA0183001896
B1954094747477N12001216WA0183001897
B1954104747472N12001216WA0183001897
B1954114747466N12001216WA0182901897
B1954124747460N12001217WA0182901898
B1954134747455N12001216WA0182901899
B1954144747450N12001215WA0182901899
B1954154747444N12001214WA0182901899
B1954164747438N12001214WA0182901898
B1954174747432N12001213WA0182901897
B1954184747426N12001212WA0182901897
B1954194747420N12001210WA0182901898
B1954204747415N12001208WA0182901899
B1954214747411N12001206WA0182901900
B1954224747406N12001205WA0182901900
B1954234747401N12001205WA0182901899
B1954244747395N12001204WA0182901897
B1954254747389N12001203WA0182801894
B1954264747383N12001202WA0182701890
B1954274747375N12001201WA0182601887
B1954284747368N12001200WA0182401884
B1954294747361N12001198WA0182301883
B1954304747354N12001196WA0182201883
B1954314747348N12001195WA0182001883
B1954324747342N12001193WA0182001883
B1954334747336N12001192WA0181801882
B1954344747329N12001190WA0181801880
B1954354747323N12001189WA0181601879
B1954364747317N12001187WA0181501877
B1954374747310N12001185WA0181401875
B1954384747304N12001184WA0181201874
B1954394747298N12001182WA0181101872
B1954404747292N12001181WA0181001871
B1954414747285N12001180WA0180801870
B1954424747278N12001179WA0180701868
B1954434747272N12001178WA0180501866
B1954444747265N12001178WA0180401865
B1954454747258N12001178WA0180301863
B1954464747251N12001178WA0180101862
B1954474747244N12001179WA0180001860
B1954484747237N12001178WA0179801858
B1954494747230N12001178WA0179701857
B1954504747223N12001178WA0179501855
B1954514747215N12001177WA0179401853
B1954524747208N12001177WA0179201851
B1954534747201N12001176WA0179001849
B1954544747195N12001175WA0178901848
B1954554747188N12001175WA0178701847
B1954564747182N12001174WA0178601847
B1954574747176N12001174WA0178501845
B1954584747170N12001173WA0178401844
B1954594747164N12001173WA0178201842
B1955004747157N12001172WA0178101839
B1955014747151N12001172WA0177901837
B1955024747144N12001171WA0177701835
B1955034747137N12001171WA0177501833
B1955044747130N12001171WA0177401832
B1955054747124N12001171WA0177201831
B1955064747117N12001171WA0177101829
B1955074747111N12001171WA0176901828
B1955084747104N12001170WA0176801826
B1955094747098N12001169WA0176601824
B1955104747091N12001167WA0176401822
B1955114747085N12001165WA0176201820
B1955124747078N12001163WA0176101818
B1955134747072N12001161WA0175901816
B1955144747065N12001160WA0175701814
B1955154747058N12001158WA0175501812
B1955164747051N12001156WA0175401810
B1955174747045N12001153WA0175201809
B1955184747039N12001151WA0175101808
B1955194747033N12001149WA0174901807
B1955204747027N12001147WA0174801806
B1955214747020N12001145WA0174601804
B1955224747014N12001144WA0174401802
B1955234747008N12001142WA0174301801
B1955244747002N12001140WA0174101801
B1955254746996N12001138WA0174001800
B1955264746989N12001136WA0173901800
B1955274746983N12001135WA0173801800
B1955284746978N12001134WA0173701802
B1955294746973N12001133WA0173701804
B1955304746969N12001131WA0173701806
B1955314746965N12001129WA0173801809
B1955324746962N12001126WA0173801810
B1955334746959N12001123WA0173901811
B1955344746955N12001120WA0173901810
B1955354746951N12001117WA0174001808
B1955364746947N12001115WA0173901805
B1955374746941N12001113WA0173801801
B1955384746935N12001111WA0173701797
B1955394746928N12001109WA0173501794
B1955404746922N12001107WA0173401792
B1955414746916N12001105WA0173301792
B1955424746911N12001103WA0173201792
B1955434746906N12001101WA0173001791
B1955444746901N12001099WA0172901789
B1955454746895N12001096WA0172701787
B1955464746889N12001094WA0172601784
B1955474746883N12001091WA0172401781
B1955484746877N12001089WA0172201779
B1955494746871N12001086WA0172001778
B1955504746865N12001084WA0171901777
B1955514746860N12001082WA0171801777
B1955524746854N12001080WA0171701776
B1955534746849N12001078WA0171501774
B1955544746843N12001075WA0171401773
B1955554746837N12001073WA0171201771
B1955564746831N12001071WA0171101769
B1955574746825N12001070WA0170901768
B1955584746819N12001068WA0170801767
B1955594746813N12001065WA0170701766
B1956004746807N12001062WA0170601764
B1956014746802N12001059WA0170501764
B1956024746797N12001056WA0170401763
B1956034746792N12001054WA0170201761
B1956044746786N12001051WA0170101759
B1956054746780N12001049WA0170001757
B1956064746774N12001047WA0169801755
B1956074746768N12001044WA0169701754
B1956084746762N12001041WA0169501752
B1956094746756N12001038WA0169401751
B1956104746750N12001034WA0169301749
B1956114746744N12001031WA0169101748
B1956124746738N12001027WA0169001746
B1956134746733N12001024WA0168801745
B1956144746727N12001020WA0168701743
B1956154746721N12001016WA0168501742
B1956164746715N12001013WA0168401741
B1956174746710N12001009WA0168201740
B1956184746705N12001006WA0168101739
B1956194746700N12001003WA0168001739
B1956204746695N12001000WA0167901738
B1956214746691N12000998WA0167801736
B1956224746686N12000995WA0167701734
B1956234746681N12000993WA0167501731
B1956244746676N12000990WA0167401729
B1956254746671N12000988WA0167101727
B1956264746666N12000987WA0167001725
B1956274746661N12000985WA0166801722
B1956284746656N12000984WA0166601720
B1956294746651N12000983WA0166401717
B1956304746645N12000981WA0166201714
B1956314746640N12000979WA0166001710
B1956324746634N12000978WA0165801707
B1956334746629N12000976WA0165501705
B1956344746623N12000974WA0165301703
B1956354746618N12000972WA0165001700
B1956364746613N12000970WA0164801697
B1956374746607N12000968WA0164501694
B1956384746601N12000966WA0164301690
B1956394746595N12000965WA0164001686
B1956404746588N12000964WA0163701683
B1956414746582N12000962WA0163401680
B1956424746576N12000960WA0163201677
B1956434746570N12000959WA0162801674
B1956444746565N12000958WA0162601672
B1956454746559N12000957WA0162301670
B1956464746553N12000957WA0162101668
B1956474746547N12000958WA0161901667
B1956484746541N12000959WA0161701665
B1956494746536N12000959WA0161401664
B1956504746530N12000960WA0161201662
B1956514746524N12000960WA0161001659
B1956524746518N12000959WA0160801656
B1956534746512N12000958WA0160501653
B1956544746506N12000957WA0160301650
B1956554746500N12000955WA0160001647
B1956564746494N12000954WA0159801645
B1956574746488N12000954WA0159501642
B1956584746482N12000953WA0159301639
B1956594746476N12000953WA0159001637
B1957004746471N12000953WA0158801635
B1957014746465N12000954WA0158501634
B1957024746461N12000956WA0158401633
B1957034746457N12000958WA0158101632
B1957044746453N12000959WA0158001629
B1957054746449N12000960WA0157701626
B1957064746444N12000960WA0157501623
B1957074746439N12000960WA0157201619
B1957084746433N12000960WA0157001616
B1957094746427N12000961WA0156801615
B1957104746422N12000961WA0156601615
B1957114746417N12000962WA0156401616
B1957124746412N12000964WA0156301616
B1957134746407N12000965WA0156101615
B1957144746402N12000967WA0156001614
B1957154746396N12000968WA0155901612
B1957164746391N12000969WA0155701611
B1957174746385N12000970WA0155601609
B1957184746380N12000971WA0155501609
B1957194746375N12000971WA0155301609
B1957204746370N12000972WA0155301609
B1957214746365N12000972WA0155201608
B1957224746359N12000972WA0155101607
B1957234746354N12000973WA0154901606
B1957244746348N12000973WA0154901605
B1957254746342N12000973WA0154801605
B1957264746337N12000974WA0154701605
B1957274746332N12000974WA0154601605
B1957284746327N12000974WA0154601605
B1957294746322N12000975WA0154501604
B1957304746316N12000975WA0154501603
B1957314746311N12000975WA0154401601
B1957324746305N12000976WA0154301600
B1957334746300N12000976WA0154201600
B1957344746294N12000977WA0154101599
B1957354746289N12000977WA0154001598
B1957364746284N12000978WA0153901596
B1957374746278N12000979WA0153801593
B1957384746272N12000980WA0153701591
B1957394746267N12000981WA0153501588
B1957404746261N12000981WA0153401586
B1957414746256N12000982WA0153201584
B1957424746250N12000982WA0153101581
B1957434746244N12000982WA0152801578
B1957444746238N12000982WA0152701575
B1957454746232N12000981WA0152401573
B1957464746226N12000982WA0152201571
B1957474746221N12000982WA0152001569
B1957484746216N12000983WA0151901567
B1957494746210N12000984WA0151601565
B1957504746205N12000985WA0151501563
B1957514746199N12000986WA0151201560
B1957524746193N12000986WA0151001557
B1957534746187N12000986WA0150701553
B1957544746181N12000985WA0150501551
B1957554746175N12000985WA0150301549
B1957564746169N12000984WA0150101548
B1957574746163N12000984WA0149801546
B1957584746158N12000984WA0149701544
B1957594746152N12000984WA0149401541
B1958004746146N12000984WA0149201539
B1958014746140N12000984WA0149001537
B1958024746135N12000983WA0148801536
B1958034746129N12000983WA0148601534
B1958044746124N12000982WA0148401532
B1958054746118N12000981WA0148201529
B1958064746112N12000981WA0148001527
B1958074746106N12000981WA0147801524
B1958084746100N12000981WA0147601522
B1958094746094N12000980WA0147301520
B1958104746088N12000980WA0147201519
B1958114746082N12000979WA0147001518
B1958124746077N12000979WA0146801517
B1958134746072N12000980WA0146601516
B1958144746067N12000979WA0146501514
B1958154746062N12000979WA0146301512
B1958164746057N12000978WA0146101509
B1958174746052N12000978WA0145901505
B1958184746046N12000978WA0145701501
B1958194746040N12000977WA0145401496
B1958204746033N12000977WA0145101492
B1958214746026N12000977WA0144801487
B1958224746019N12000977WA0144501482
B1958234746012N12000977WA0144101479
B1958244746006N12000977WA0143801476
B1958254745999N12000976WA0143401473
B1958264745993N12000977WA0143201470
B1958274745987N12000977WA0142801467
B1958284745981N12000978WA0142601463
B1958294745976N12000978WA0142201461
B1958304745971N12000978WA0142001459
B1958314745966N12000977WA0141601457
B1958324745961N12000977WA0141401454
B1958334745956N12000977WA0141101451
B1958344745951N12000977WA0140901449
B1958354745946N12000978WA0140601447
B1958364745942N12000978WA0140401445
B1958374745937N12000978WA0140101443
B1958384745932N12000978WA0139901441
B1958394745928N12000979WA0139601439
B1958404745923N12000979WA0139401437
B1958414745918N12000980WA0139201436
B1958424745914N12000980WA0139001433
B1958434745909N12000981WA0138701431
B1958444745904N12000982WA0138601429
B1958454745899N12000983WA0138301426
B1958464745894N12000985WA0138101423
B1958474745889N12000987WA0137801421
B1958484745884N12000989WA0137601418
B1958494745879N12000992WA0137301416
B1958504745874N12000994WA0137201413
B1958514745868N12000996WA0136901410
B1958524745863N12000998WA0136701408
B1958534745858N12000999WA0136401405
B1958544745853N12001000WA0136201402
B1958554745848N12001001WA0135901399
B1958564745843N12001002WA0135701396
B1958574745838N12001003WA0135401394
B1958584745833N12001003WA0135201392
B1958594745829N12001005WA0134901391
B1959004745825N12001006WA0134701388
B1959014745820N12001008WA0134401385
B1959024745815N12001009WA0134201382
B1959034745809N12001010WA0133901378
B1959044745804N12001010WA0133701376
B1959054745799N12001010WA0133401374
B1959064745793N12001010WA0133201372
B1959074745788N12001010WA0132901371
B1959084745783N12001010WA0132801370
B1959094745778N12001009WA0132501368
B1959104745773N12001009WA0132401366
B1959114745768N12001009WA0132101365
B1959124745762N12001010WA0132001363
B1959134745757N12001011WA0131801361
B1959144745751N12001012WA0131601360
B1959154745746N12001012WA0131401359
B1959164745740N12001012WA0131301359
B1959174745735N12001011WA0131101358
B1959184745729N12001010WA0131001358
B1959194745724N12001009WA0130901357
B1959204745719N12001008WA0130801357
B1959214745713N12001008WA0130601356
B1959224745708N12001007WA0130501354
B1959234745702N12001007WA0130401353
B1959244745696N12001006WA0130301352
B1959254745691N12001006WA0130201352
B1959264745685N12001007WA0130101352
B1959274745680N12001007WA0130001352
B1959284745675N12001006WA0129901352
B1959294745670N12001005WA0129801351
B1959304745664N12001004WA0129801350
B1959314745659N12001003WA0129701349
B1959324745653N12001002WA0129601347
B1959334745648N12001002WA0129501345
B1959344745642N12001002WA0129401344
B1959354745636N12001002WA0129201342
B1959364745630N12001001WA0129101341
B1959374745625N12001001WA0129001341
B1959384745620N12001001WA0129001341
B1959394745615N12001001WA0128901341
B1959404745611N12001002WA0128801341
B1959414745607N12001003WA0128801341
B1959424745603N12001003WA0128801343
B1959434745601N12001003WA0128801345
B1959444745599N12001003WA0128801346
B1959454745597N12001004WA0128801347
B1959464745594N12001005WA0128901347
B1959474745591N12001006WA0128901347
B1959484745588N12001006WA0128901347
B1959494745585N12001005WA0128901346
B1959504745581N12001004WA0128901346
B1959514745577N12001004WA0128901346
B1959524745573N12001004WA0128901346
B1959534745569N12001003WA0128901346
B1959544745565N12001001WA0128901346
B1959554745561N12000999WA0128901345
B1959564745557N12000997WA0128901345
B1959574745553N12000996WA0128901346
B1959584745550N12000995WA0128901348
B1959594745547N12000995WA0128901348
B2000004745545N12000996WA0128901348
B2000014745541N12000996WA0128901346
B2000024745537N12000996WA0128901344
B2000034745533N12000996WA0128801343
B2000044745528N12000996WA0128801343
B2000054745524N12000996WA0128701343
B2000064745520N12000996WA0128701343
B2000074745517N12000996WA0128701343
B2000084745513N12000996WA0128601342
B2000094745509N12000997WA0128501340
B2000104745504N12000999WA0128501337
B2000114745499N12001000WA0128401335
B2000124745494N12001002WA0128301334
B2000134745490N12001004WA0128201334
B2000144745485N12001006WA0128101333
B2000154745480N12001007WA0128001333
B2000164745476N12001009WA0128001332
B2000174745472N12001012WA0127901331
B2000184745467N12001015WA0127801329
B2000194745463N12001018WA0127701328
B2000204745458N12001022WA0127601326
B2000214745454N12001026WA0127501325
B2000224745449N12001030WA0127401324
B2000234745444N12001034WA0127301323
B2000244745439N12001038WA0127201321
B2000254745433N12001043WA0127101318
B2000264745427N12001048WA0126901316
B2000274745421N12001052WA0126701313
B2000284745415N12001056WA0126601311
B2000294745409N12001060WA0126401309
B2000304745403N12001065WA0126201307
B2000314745398N12001069WA0126001305
B2000324745393N12001074WA0125901304
B2000334745388N12001079WA0125701302
B2000344745383N12001083WA0125601301
B2000354745380N12001088WA0125401302
B2000364745377N12001092WA0125301303
B2000374745375N12001095WA0125301305
B2000384745374N12001098WA0125201305
B2000394745373N12001100WA0125201305
B2000404745371N12001104WA0125201304
B2000414745370N12001108WA0125101303
B2000424745368N12001112WA0125001302
B2000434745366N12001117WA0125001302
B2000444745365N12001121WA0125001302
B2000454745363N12001126WA0124901301
B2000464745362N12001131WA0124801300
B2000474745359N12001138WA0124701297
B2000484745356N12001144WA0124701297
B2000494745353N12001150WA0124601297
B2000504745350N12001155WA0124601299
B2000514745348N12001159WA0124601302
B2000524745346N12001163WA0124601305
B2000534745345N12001167WA0124701308
B2000544745344N12001172WA0124801309
B2000554745344N12001179WA0124901311
B2000564745345N12001186WA0125001311
B2000574745349N12001195WA0125101312
B2000584745354N12001202WA0125101312
B2000594745360N12001208WA0125201312
B2001004745367N12001210WA0125201313
B2001014745374N12001208WA0125301314
B2001024745380N12001204WA0125401314
B2001034745383N12001198WA0125401315
B2001044745385N12001190WA0125501314
B2001054745385N12001183WA0125501314
B2001064745382N12001178WA0125501314
B2001074745379N12001176WA0125601315
B2001084745377N12001175WA0125701318
B2001094745374N12001173WA0125801320
B2001104745372N12001171WA0125901323
B2001114745369N12001170WA0126001325
B2001124745367N12001170WA0126101327
B2001134745365N12001172WA0126301328
B2001144745364N12001176WA0126401329
B2001154745363N12001182WA0126501330
B2001164745364N12001189WA0126601330
B2001174745366N12001197WA0126701330
B2001184745370N12001205WA0126801330
B2001194745377N12001211WA0126801330
B2001204745384N12001213WA0126901331
B2001214745391N12001213WA0127001332
B2001224745397N12001210WA0127101334
B2001234745402N12001206WA0127201336
B2001244745406N12001201WA0127301337
B2001254745409N12001195WA0127501338
B2001264745410N12001189WA0127601339
B2001274745412N12001183WA0127701341
B2001284745413N12001177WA0127801343
B2001294745413N12001172WA0128001345
B2001304745412N12001168WA0128101346
B2001314745410N12001166WA0128201346
B2001324745408N12001165WA0128301346
B2001334745406N12001166WA0128401346
B2001344745404N12001167WA0128501346
B2001354745402N12001170WA0128501346
B2001364745400N12001175WA0128601346
B2001374745400N12001182WA0128601346
B2001384745402N12001189WA0128701346
B2001394745404N12001197WA0128701346
B2001404745409N12001205WA0128801347
B2001414745415N12001210WA0128801348
B2001424745422N12001213WA0128901349
B2001434745430N12001214WA0129001350
B2001444745437N12001212WA0129001351
B2001454745442N12001209WA0129101353
B2001464745447N12001204WA0129201355
B2001474745451N12001197WA0129301355
B2001484745453N12001190WA0129401356
B2001494745455N12001183WA0129501357
B2001504745455N12001177WA0129601358
B2001514745455N12001171WA0129701358
B2001524745454N12001165WA0129701359
B2001534745453N12001161WA0129801358
B2001544745452N12001157WA0129801358
B2001554745450N12001153WA0129901356
B2001564745448N12001150WA0129801354
B2001574745445N12001148WA0129801353
B2001584745442N12001146WA0129801352
B2001594745440N12001144WA0129701351
B2002004745437N12001143WA0129701350
B2002014745434N12001144WA0129601349
B2002024745431N12001144WA0129601348
B2002034745428N12001144WA0129501347
B2002044745425N12001144WA0129401346
B2002054745421N12001145WA0129301344
B2002064745417N12001146WA0129301342
B2002074745413N12001147WA0129101340
B2002084745409N12001149WA0129101339
B2002094745405N12001150WA0128901339
B2002104745402N12001151WA0128901339
B2002114745398N12001151WA0128801340
B2002124745394N12001152WA0128801340
B2002134745390N12001153WA0128701340
B2002144745386N12001153WA0128701340
B2002154745383N12001153WA0128701342
B2002164745380N12001152WA0128701344
B2002174745378N12001151WA0128701345
B2002184745377N12001150WA0128801344
B2002194745375N12001149WA0128801344
B2002204745371N12001148WA0128801342
B2002214745367N12001147WA0128701340
B2002224745362N12001146WA0128701337
B2002234745358N12001145WA0128501334
B2002244745354N12001145WA0128501333
B2002254745350N12001145WA0128301331
B2002264745346N12001146WA0128201328
B2002274745342N12001147WA0128001326
B2002284745339N12001148WA0127901322
B2002294745335N12001150WA0127701318
B2002304745330N12001153WA0127501314
B2002314745325N12001156WA0127201311
B2002324745321N12001159WA0127101309
B2002334745317N12001162WA0126801308
B2002344745313N12001165WA0126701307
B2002354745309N12001169WA0126401304
B2002364745305N12001173WA0126201302
B2002374745301N12001177WA0126001299
B2002384745296N12001182WA0125801296
B2002394745291N12001186WA0125601295
B2002404745288N12001191WA0125401294
B2002414745284N12001195WA0125201294
B2002424745281N12001198WA0125101294
B2002434745277N12001202WA0124901292
B2002444745272N12001205WA0124801290
B2002454745266N12001207WA0124601288
B2002464745261N12001208WA0124501287
B2002474745256N12001208WA0124301288
B2002484745252N12001208WA0124301289
B2002494745248N12001209WA0124201289
B2002504745244N12001208WA0124101289
B2002514745240N12001207WA0124001288
B2002524745235N12001206WA0123901285
B2002534745230N12001203WA0123801283
B2002544745224N12001202WA0123701281
B2002554745219N12001201WA0123501280
B2002564745214N12001200WA0123401278
B2002574745209N12001199WA0123301276
B2002584745203N12001197WA0123101273
B2002594745197N12001195WA0122901269
B2003004745190N12001192WA0122701265
B2003014745183N12001190WA0122401262
B2003024745176N12001187WA0122301261
B2003034745170N12001186WA0122001259
B2003044745163N12001183WA0121901257
B2003054745158N12001181WA0121601255
B2003064745152N12001177WA0121501253
B2003074745147N12001174WA0121201250
B2003084745141N12001171WA0121001248
B2003094745136N12001167WA0120801245
B2003104745130N12001163WA0120601243
B2003114745124N12001159WA0120301241
B2003124745118N12001156WA0120201239
B2003134745112N12001152WA0119901237
B2003144745107N12001148WA0119701234
B2003154745102N12001142WA0119501233
B2003164745097N12001137WA0119301232
B2003174745093N12001132WA0119101232
B2003184745088N12001126WA0119001231
B2003194745083N12001120WA0118801231
B2003204745079N12001115WA0118701231
B2003214745075N12001111WA0118601233
B2003224745073N12001107WA0118601234
B2003234745072N12001103WA0118501235
B2003244745070N12001098WA0118501234
B2003254745067N12001094WA0118401232
B2003264745064N12001089WA0118401231
B2003274745061N12001084WA0118301230
B2003284745058N12001079WA0118201230
B2003294745055N12001074WA0118201230
B2003304745051N12001070WA0118101230
B2003314745047N12001067WA0118101230
B2003324745043N12001064WA0118001229
B2003334745039N12001062WA0118001229
B2003344745035N12001061WA0117901229
B2003354745031N12001059WA0117901230
B2003364745027N12001057WA0117901230
B2003374745024N12001056WA0117901231
B2003384745021N12001054WA0117901231
B2003394745017N12001051WA0117901231
B2003404745013N12001048WA0117901230
B2003414745009N12001044WA0117901231
B2003424745007N12001039WA0117901233
B2003434745006N12001035WA0118001235
B2003444745005N12001029WA0118001236
B2003454745004N12001024WA0118101236
B2003464745004N12001018WA0118101236
B2003474745005N12001011WA0118101235
B2003484745006N12001004WA0118101236
B2003494745006N12000998WA0118201237
B2003504745006N12000992WA0118201239
B2003514745007N12000987WA0118301241
B2003524745007N12000982WA0118401244
B2003534745006N12000978WA0118601247
B2003544745005N12000974WA0118701250
B2003554745002N12000972WA0118901252
B2003564744999N12000971WA0119001253
B2003574744995N12000973WA0119201254
B2003584744993N12000978WA0119301255
B2003594744991N12000985WA0119401255
B2004004744992N12000993WA0119501255
B2004014744994N12001001WA0119601255
B2004024744997N12001007WA0119601255
B2004034745001N12001012WA0119701256
B2004044745006N12001014WA0119801257
B2004054745011N12001015WA0119901257
B2004064745016N12001014WA0119901258
B2004074745021N12001011WA0120101260
B2004084745025N12001007WA0120101262
B2004094745029N12001004WA0120301264
B2004104745033N12001000WA0120401265
B2004114745036N12000995WA0120501267
B2004124745038N12000990WA0120601269
B2004134745038N12000984WA0120801271
B2004144745038N12000979WA0120901273
B2004154745036N12000975WA0121101274
B2004164745033N12000973WA0121201275
B2004174745030N12000972WA0121301276
B2004184745027N12000974WA0121401277
B2004194745024N12000979WA0121601277
B2004204745022N12000986WA0121601277
B2004214745020N12000994WA0121701277
B2004224745020N12001003WA0121801277
B2004234745022N12001012WA0121901278
B2004244745025N12001020WA0121901278
B2004254745029N12001027WA0122001279
B2004264745034N12001032WA0122101281
B2004274745039N12001035WA0122201282
B2004284745044N12001035WA0122301283
B2004294745049N12001034WA0122401285
B2004304745053N12001030WA0122501286
B2004314745055N12001025WA0122601287
B2004324745057N12001018WA0122701287
B2004334745057N12001011WA0122801287
B2004344745057N12001005WA0122901289
B2004354745057N12001000WA0123001290
B2004364745055N12000996WA0123101291
B2004374745054N12000994WA0123201292
B2004384745051N12000993WA0123301293
B2004394745048N12000995WA0123401294
B2004404745045N12000996WA0123501295
B2004414745042N12000996WA0123601296
B2004424745039N12000995WA0123601296
B2004434745036N12000994WA0123701296
B2004444745032N12000994WA0123801297
B2004454745029N12000995WA0123901299
B2004464745026N12000997WA0124001302
B2004474745024N12001002WA0124201303
B2004484745023N12001009WA0124201304
B2004494745024N12001016WA0124401304
B2004504745025N12001023WA0124401305
B2004514745027N12001030WA0124501304
B2004524745030N12001037WA0124601304
B2004534745035N12001042WA0124601302
B2004544745041N12001045WA0124601301
B2004554745047N12001046WA0124601300
B2004564745053N12001044WA0124601300
B2004574745058N12001041WA0124601302
B2004584745062N12001038WA0124701304
B2004594745065N12001034WA0124801306
B2005004745067N12001029WA0124801306
B2005014745066N12001023WA0124901306
B2005024745065N12001018WA0124901306
B2005034745063N12001015WA0124901307
B2005044745061N12001012WA0125001308
B2005054745059N12001010WA0125101309
B2005064745058N12001008WA0125101309
B2005074745055N12001007WA0125201309
B2005084745053N12001005WA0125201308
B2005094745050N12001003WA0125201308
B2005104745048N12001000WA0125201307
B2005114745045N12000997WA0125201306
B2005124745041N12000994WA0125201305
B2005134745038N12000993WA0125201305
B2005144745034N12000994WA0125201305
B2005154745031N12000997WA0125201306
B2005164745027N12001001WA0125201306
B2005174745024N12001005WA0125201306
B2005184745020N12001010WA0125201308
B2005194745017N12001013WA0125201309
B2005204745014N12001017WA0125301310
B2005214745011N12001022WA0125301311
B2005224745009N12001028WA0125401311
B2005234745009N12001035WA0125401312
B2005244745010N12001043WA0125501312
B2005254745013N12001051WA0125501313
B2005264745017N12001058WA0125601315
B2005274745021N12001062WA0125701316
B2005284745026N12001064WA0125701316
B2005294745031N12001065WA0125801316
B2005304745037N12001064WA0125801315
B2005314745041N12001060WA0125901314
B2005324745043N12001055WA0125801313
B2005334745043N12001049WA0125801312
B2005344745040N12001044WA0125801313
B2005354745037N12001042WA0125901314
B2005364745033N12001043WA0125901316
B2005374745030N12001045WA0125901316
B2005384745027N12001048WA0125901316
B2005394745023N12001051WA0126001315
B2005404745018N12001054WA0126001313
B2005414745014N12001058WA0126001313
B2005424745009N12001063WA0126001314
B2005434745005N12001068WA0126001315
B2005444745001N12001072WA0126001316
B2005454744997N12001075WA0126101317
B2005464744993N12001078WA0126101318
B2005474744989N12001080WA0126201320
B2005484744984N12001080WA0126301322
B2005494744980N12001081WA0126401323
B2005504744976N12001081WA0126501325
B2005514744972N12001083WA0126601326
B2005524744968N12001085WA0126701328
B2005534744964N12001089WA0126801329
B2005544744960N12001095WA0126901330
B2005554744958N12001101WA0127001331
B2005564744956N12001109WA0127101333
B2005574744955N12001117WA0127301335
B2005584744956N12001125WA0127401338
B2005594744957N12001133WA0127601340
B2006004744960N12001141WA0127701343
B2006014744963N12001148WA0127901344
B2006024744968N12001154WA0128101346
B2006034744973N12001159WA0128201348
B2006044744978N12001161WA0128401349
B2006054744984N12001162WA0128601351
B2006064744989N12001160WA0128701352
B2006074744992N12001156WA0128801354
B2006084744994N12001152WA0129001356
B2006094744994N12001147WA0129201359
B2006104744994N12001142WA0129401362
B2006114744992N12001138WA0129701364
B2006124744990N12001136WA0129801366
B2006134744986N12001134WA0130101368
B2006144744982N12001134WA0130201369
B2006154744977N12001135WA0130401370
B2006164744973N12001136WA0130601372
B2006174744969N12001139WA0130701374
B2006184744965N12001143WA0130901376
B2006194744961N12001149WA0131101379
B2006204744960N12001157WA0131301382
B2006214744961N12001165WA0131601384
B2006224744963N12001173WA0131701386
B2006234744965N12001180WA0132001389
B2006244744969N12001187WA0132201392
B2006254744973N12001192WA0132401394
B2006264744978N12001195WA0132601396
B2006274744983N12001196WA0132901398
B2006284744988N12001196WA0133001399
B2006294744993N12001193WA0133201400
B2006304744996N12001188WA0133401401
B2006314744998N12001183WA0133601402
B2006324744998N12001178WA0133801403
B2006334744996N12001173WA0133901404
B2006344744993N12001169WA0134001404
B2006354744990N12001166WA0134201406
B2006364744986N12001164WA0134301407
B2006374744982N12001163WA0134401410
B2006384744978N12001162WA0134601413
B2006394744974N12001161WA0134801416
B2006404744970N12001162WA0135001418
B2006414744966N12001165WA0135101421
B2006424744964N12001170WA0135401424
B2006434744962N12001177WA0135501425
B2006444744962N12001184WA0135701428
B2006454744964N12001192WA0135901429
B2006464744968N12001197WA0136101431
B2006474744974N12001200WA0136201431
B2006484744980N12001199WA0136401432
B2006494744986N12001195WA0136501433
B2006504744989N12001189WA0136701437
B2006514744990N12001183WA0136901441
B2006524744990N12001177WA0137101444
B2006534744989N12001171WA0137301447
B2006544744988N12001166WA0137501450
B2006554744986N12001163WA0137801452
B2006564744984N12001161WA0138001454
B2006574744980N12001160WA0138201454
B2006584744976N12001163WA0138401455
B2006594744972N12001167WA0138501456
B2007004744969N12001172WA0138701458
B2007014744967N12001178WA0139001460
B2007024744967N12001185WA0139101462
B2007034744968N12001191WA0139301463
B2007044744970N12001199WA0139401463
B2007054744974N12001205WA0139501461
B2007064744980N12001209WA0139601462
B2007074744986N12001210WA0139701462
B2007084744992N12001208WA0139901464
B2007094744997N12001205WA0140001466
B2007104745001N12001200WA0140201470
B2007114745003N12001194WA0140301475
B2007124745004N12001187WA0140601478
B2007134745005N12001180WA0140701481
B2007144745004N12001174WA0141001485
B2007154745002N12001169WA0141301488
B2007164744999N12001167WA0141601492
B2007174744995N12001166WA0141801494
B2007184744991N12001169WA0142001496
B2007194744988N12001174WA0142301498
B2007204744987N12001180WA0142501499
B2007214744988N12001187WA0142701501
B2007224744990N12001193WA0142901501
B2007234744995N12001199WA0143001501
B2007244745001N12001203WA0143201502
B2007254745007N12001206WA0143301504
B2007264745013N12001208WA0143501507
B2007274745019N12001207WA0143701512
B2007284745024N12001204WA0144001515
B2007294745028N12001200WA0144201519
B2007304745031N12001195WA0144501522
B2007314745031N12001189WA0144701524
B2007324745031N12001183WA0145001526
B2007334745028N12001178WA0145201528
B2007344745026N12001175WA0145501531
B2007354745023N12001174WA0145701535
B2007364745020N12001174WA0146001538
B2007374745017N12001175WA0146201540
B2007384745014N12001178WA0146501542
B2007394745012N12001182WA0146701544
B2007404745011N12001188WA0147001545
B2007414745011N12001195WA0147101544
B2007424745011N12001202WA0147301544
B2007434745011N12001210WA0147401545
B2007444745010N12001217WA0147601546
B2007454745008N12001223WA0147701547
B2007464745006N12001229WA0147901549
B2007474745004N12001235WA0148001550
B2007484745002N12001242WA0148101551
B2007494744999N12001249WA0148301552
B2007504744996N12001255WA0148401553
B2007514744993N12001261WA0148501554
B2007524744990N12001266WA0148601555
B2007534744987N12001272WA0148701557
B2007544744984N12001278WA0148901558
B2007554744981N12001284WA0149001559
B2007564744978N12001290WA0149101560
B2007574744975N12001295WA0149201562
B2007584744971N12001300WA0149401564
B2007594744968N12001304WA0149501566
B2008004744965N12001308WA0149701569
B2008014744963N12001313WA0149801571
B2008024744960N12001318WA0150001573
B2008034744956N12001323WA0150101574
B2008044744953N12001327WA0150301575
B2008054744950N12001332WA0150401576
B2008064744947N12001337WA0150601578
B2008074744944N12001343WA0150701579
B2008084744942N12001348WA0150901581
B2008094744940N12001353WA0151001583
B2008104744939N12001358WA0151201585
B2008114744937N12001364WA0151401586
B2008124744935N12001369WA0151501587
B2008134744933N12001375WA0151601587
B2008144744930N12001381WA0151801588
B2008154744928N12001387WA0151901590
B2008164744925N12001394WA0152001592
B2008174744923N12001400WA0152201594
B2008184744920N12001406WA0152301596
B2008194744918N12001412WA0152501599
B2008204744917N12001419WA0152701601
B2008214744915N12001426WA0152801603
B2008224744913N12001433WA0153101606
B2008234744910N12001439WA0153201610
B2008244744907N12001443WA0153501613
B2008254744905N12001448WA0153701617
B2008264744904N12001453WA0154001620
B2008274744905N12001460WA0154201623
B2008284744907N12001467WA0154501624
B2008294744911N12001474WA0154701626
B2008304744915N12001479WA0155001629
B2008314744920N12001481WA0155201633
B2008324744925N12001479WA0155501636
B2008334744930N12001476WA0155701639
B2008344744934N12001470WA0156001641
B2008354744935N12001464WA0156201644
B2008364744936N12001456WA0156501646
B2008374744935N12001449WA0156701648
B2008384744932N12001443WA0157101651
B2008394744929N12001439WA0157301654
B2008404744925N12001436WA0157601658
B2008414744922N12001434WA0157801662
B2008424744918N12001433WA0158201665
B2008434744914N12001434WA0158401668
B2008444744910N12001436WA0158801671
B2008454744906N12001439WA0159001675
B2008464744903N12001443WA0159401678
B2008474744901N12001449WA0159601681
B2008484744901N12001455WA0160001685
B2008494744901N12001462WA0160201688
B2008504744903N12001468WA0160601691
B2008514744906N12001474WA0160801694
B2008524744911N12001478WA0161201697
B2008534744916N12001481WA0161401700
B2008544744922N12001481WA0161801703
B2008554744927N12001479WA0162001706
B2008564744932N12001474WA0162401709
B2008574744936N12001468WA0162601712
B2008584744938N12001462WA0163001716
B2008594744940N12001455WA0163201719
B2009004744939N12001448WA0163601723
B2009014744938N12001443WA0163901727
B2009024744935N12001438WA0164301730
B2009034744931N12001434WA0164501732
B2009044744927N12001432WA0164901735
B2009054744923N12001432WA0165101738
B2009064744919N12001435WA0165501741
B2009074744916N12001439WA0165701744
B2009084744914N12001446WA0166101747
B2009094744914N12001452WA0166301750
B2009104744915N12001458WA0166601754
B2009114744917N12001464WA0166901756
B2009124744921N12001469WA0167201759
B2009134744926N12001474WA0167501761
B2009144744932N12001477WA0167801763
B2009154744939N12001477WA0168001766
B2009164744944N12001474WA0168301770
B2009174744948N12001469WA0168601772
B2009184744952N12001462WA0168901774
B2009194744954N12001454WA0169101776
B2009204744955N12001446WA0169401778
B2009214744955N12001438WA0169601781
B2009224744954N12001431WA0169901783
B2009234744952N12001425WA0170101786
B2009244744949N12001421WA0170401788
B2009254744945N12001418WA0170601790
B2009264744941N12001416WA0170901793
B2009274744937N12001416WA0171101796
B2009284744934N12001418WA0171401799
B2009294744931N12001420WA0171701803
B2009304744928N12001424WA0172001805
B2009314744926N12001429WA0172201807
B2009324744925N12001435WA0172501810
B2009334744925N12001442WA0172701813
B2009344744926N12001449WA0173001815
B2009354744929N12001455WA0173201817
B2009364744933N12001460WA0173501819
B2009374744939N12001463WA0173701820
B2009384744944N12001464WA0173901823
B2009394744950N12001463WA0174101825
B2009404744955N12001459WA0174401828
B2009414744959N12001455WA0174601831
B2009424744962N12001450WA0174901833
B2009434744965N12001444WA0175101835
B2009444744967N12001436WA0175401837
B2009454744968N12001428WA0175501838
B2009464744968N12001420WA0175801840
B2009474744966N12001412WA0175901842
B2009484744963N12001405WA0176201844
B2009494744960N12001399WA0176401847
B2009504744956N12001395WA0176701851
B2009514744953N12001392WA0176901855
B2009524744949N12001390WA0177201859
B2009534744946N12001389WA0177401862
B2009544744943N12001389WA0177701864
B2009554744939N12001390WA0177901866
B2009564744936N12001393WA0178301868
B2009574744933N12001398WA0178401870
B2009584744931N12001403WA0178701872
B2009594744930N12001409WA0178901875
B2010004744930N12001414WA0179201876
B2010014744933N12001420WA0179401877
B2010024744937N12001425WA0179601878
B2010034744942N12001429WA0179801879
B2010044744947N12001432WA0180001880
B2010054744953N12001432WA0180201881
B2010064744959N12001431WA0180401883
B2010074744964N12001427WA0180501886
B2010084744968N12001422WA0180801888
B2010094744971N12001416WA0180901891
B2010104744974N12001409WA0181201893
B2010114744976N12001402WA0181301894
B2010124744977N12001393WA0181601896
B2010134744977N12001384WA0181701898
B2010144744977N12001375WA0181901900
B2010154744975N12001366WA0182101902
B2010164744973N12001359WA0182301905
B2010174744970N12001352WA0182501909
B2010184744967N12001347WA0182801913
B2010194744964N12001344WA0183001916
B2010204744960N12001341WA0183301919
B2010214744957N12001340WA0183501923
B2010224744954N12001340WA0183901926
B2010234744951N12001342WA0184101930
B2010244744948N12001346WA0184401932
B2010254744945N12001351WA0184701935
B2010264744944N12001357WA0185001938
B2010274744945N12001365WA0185201941
B2010284744947N12001372WA0185501943
B2010294744950N12001378WA0185701945
B2010304744955N12001383WA0186001947
B2010314744960N12001387WA0186201948
B2010324744965N12001390WA0186501950
B2010334744971N12001392WA0186701954
B2010344744976N12001393WA0187001957
B2010354744981N12001391WA0187101959
B2010364744986N12001387WA0187401962
B2010374744991N12001382WA0187601963
B2010384744995N12001375WA0187901965
B2010394744998N12001367WA0188001967
B2010404745000N12001358WA0188301968
B2010414745001N12001349WA0188501970
B2010424745002N12001340WA0188701972
B2010434745001N12001332WA0188901974
B2010444745000N12001324WA0189101977
B2010454744998N12001317WA0189301979
B2010464744995N12001310WA0189601982
B2010474744992N12001305WA0189701985
B2010484744988N12001300WA0190001987
B2010494744985N12001297WA0190201991
B2010504744981N12001294WA0190501994
B2010514744978N12001292WA0190701997
B2010524744975N12001293WA0191002000
B2010534744972N12001296WA0191202002
B2010544744970N12001300WA0191502004
B2010554744970N12001306WA0191702006
B2010564744970N12001311WA0192002008
B2010574744971N12001317WA0192202010
B2010584744972N12001322WA0192402013
B2010594744975N12001327WA0192602014
B2011004744979N12001332WA0192902016
B2011014744985N12001336WA0193002016
B2011024744992N12001338WA0193302018
B2011034744999N12001336WA0193402021
B2011044745005N12001332WA0193702025
B2011054745009N12001327WA0193902030
B2011064745012N12001321WA0194202034
B2011074745015N12001314WA0194502037
B2011084745018N12001307WA0194802039
B2011094745020N12001298WA0195002041
B2011104745022N12001289WA0195302042
B2011114745022N12001280WA0195502044
B2011124745022N12001271WA0195702046
B2011134745020N12001264WA0195902048
B2011144745018N12001258WA0196202050
B2011154745014N12001253WA0196402051
B2011164745010N12001250WA0196602052
B2011174745006N12001247WA0196702053
B2011184745001N12001245WA0196902054
B2011194744997N12001243WA0197102055
B2011204744993N12001242WA0197302057
B2011214744989N12001239WA0197402059
B2011224744984N12001236WA0197602060
B2011234744980N12001233WA0197802062
B2011244744976N12001230WA0198002064
B2011254744971N12001227WA0198102065
B2011264744966N12001224WA0198302067
B2011274744962N12001221WA0198402068
B2011284744959N12001219WA0198602070
B2011294744956N12001218WA0198702072
B2011304744953N12001217WA0198902072
B2011314744951N12001217WA0199002072
B2011324744947N12001216WA0199102070
B2011334744943N12001216WA0199102068
B2011344744938N12001216WA0199102065
B2011354744933N12001215WA0199102063
B2011364744928N12001213WA0199102063
B2011374744923N12001211WA0199102064
B2011384744920N12001211WA0199202065
B2011394744915N12001212WA0199202065
B2011404744911N12001215WA0199102062
B2011414744906N12001220WA0199102059
B2011424744900N12001226WA0199002057
B2011434744895N12001232WA0198902055
B2011444744891N12001239WA0198802055
B2011454744887N12001246WA0198702054
B2011464744883N12001253WA0198602052
B2011474744879N12001261WA0198602050
B2011484744874N12001269WA0198402049
B2011494744870N12001277WA0198302049
B2011504744866N12001285WA0198202049
B2011514744863N12001292WA0198202049
B2011524744859N12001300WA0198102048
B2011534744855N12001308WA0198002047
B2011544744851N12001316WA0197902045
B2011554744848N12001324WA0197902044
B2011564744845N12001332WA0197802044
B2011574744842N12001340WA0197702045
B2011584744840N12001348WA0197702046
B2011594744837N12001356WA0197702045
B2012004744835N12001364WA0197602044
B2012014744831N12001372WA0197502042
B2012024744827N12001381WA0197402041
B2012034744823N12001389WA0197402040
B2012044744818N12001397WA0197302040
B2012054744815N12001404WA0197202041
B2012064744811N12001412WA0197202041
B2012074744809N12001421WA0197202041
B2012084744806N12001431WA0197102040
B2012094744803N12001442WA0197102039
B2012104744800N12001452WA0197102039
B2012114744797N12001463WA0197002039
B2012124744794N12001474WA0197002039
B2012134744792N12001484WA0197002038
B2012144744789N12001495WA0196902038
B2012154744785N12001505WA0196902037
B2012164744782N12001514WA0196902037
B2012174744780N12001524WA0196802036
B2012184744777N12001534WA0196702034
B2012194744774N12001544WA0196702032
B2012204744770N12001555WA0196602031
B2012214744767N12001565WA0196502030
B2012224744764N12001574WA0196402030
B2012234744762N12001583WA0196402031
B2012244744759N12001591WA0196302032
B2012254744755N12001599WA0196302032
B2012264744752N12001606WA0196302033
B2012274744749N12001614WA0196302033
B2012284744746N12001621WA0196302034
B2012294744744N12001629WA0196302035
B2012304744742N12001635WA0196302035
B2012314744739N12001641WA0196302035
B2012324744737N12001647WA0196302034
B2012334744734N12001654WA0196202032
B2012344744732N12001661WA0196202030
B2012354744730N12001668WA0196102028
B2012364744728N12001675WA0196002026
B2012374744726N12001683WA0195902024
B2012384744724N12001691WA0195802022
B2012394744722N12001699WA0195702020
B2012404744719N12001705WA0195602019
B2012414744717N12001711WA0195502019
B2012424744714N12001717WA0195402018
B2012434744712N12001723WA0195302017
B2012444744709N12001729WA0195102015
B2012454744706N12001735WA0195002014
B2012464744703N12001741WA0194902014
B2012474744700N12001747WA0194902014
B2012484744698N12001754WA0194802013
B2012494744696N12001762WA0194702011
B2012504744694N12001770WA0194502009
B2012514744692N12001777WA0194502008
B2012524744689N12001784WA0194302006
B2012534744686N12001790WA0194202005
B2012544744684N12001796WA0194102004
B2012554744681N12001802WA0194002003
B2012564744679N12001810WA0193902001
B2012574744677N12001818WA0193802001
B2012584744675N12001825WA0193602001
B2012594744673N12001831WA0193602002
B2013004744671N12001838WA0193602004
B2013014744669N12001844WA0193502005
B2013024744668N12001852WA0193502005
B2013034744665N12001859WA0193502004
B2013044744663N12001867WA0193402003
B2013054744660N12001874WA0193402002
B2013064744657N12001881WA0193402003
B2013074744655N12001888WA0193302004
B2013084744654N12001895WA0193302004
B2013094744653N12001902WA0193302004
B2013104744651N12001910WA0193302004
B2013114744649N12001917WA0193302004
B2013124744647N12001924WA0193302004
B2013134744645N12001931WA0193302005
B2013144744643N12001939WA0193402006
B2013154744640N12001945WA0193402008
B2013164744638N12001951WA0193402009
B2013174744635N12001956WA0193502010
B2013184744632N12001962WA0193502010
B2013194744629N12001969WA0193602009
B2013204744625N12001976WA0193602008
B2013214744621N12001984WA0193602008
B2013224744618N12001991WA0193602009
B2013234744615N12001998WA0193602011
B2013244744612N12002004WA0193702014
B2013254744611N12002009WA0193802017
B2013264744609N12002014WA0194002020
B2013274744608N12002021WA0194102020
B2013284744606N12002030WA0194202020
B2013294744605N12002038WA0194202020
B2013304744604N12002047WA0194402021
B2013314744603N12002054WA0194402023
B2013324744601N12002061WA0194602025
B2013334744599N12002069WA0194702026
B2013344744598N12002077WA0194802026
B2013354744596N12002086WA0194802025
B2013364744594N12002095WA0194902025
B2013374744592N12002103WA0195002025
B2013384744589N12002111WA0195002025
B2013394744586N12002119WA0195102024
B2013404744584N12002128WA0195102023
B2013414744582N12002138WA0195102022
B2013424744579N12002147WA0195102021
B2013434744577N12002155WA0195002019
B2013444744574N12002164WA0194902016
B2013454744571N12002174WA0194902013
B2013464744568N12002184WA0194702009
B2013474744565N12002194WA0194602007
B2013484744562N12002205WA0194402004
B2013494744560N12002215WA0194302003
B2013504744559N12002226WA0194102003
B2013514744558N12002235WA0194002004
B2013524744556N12002243WA0194002007
B2013534744555N12002251WA0193902008
B2013544744553N12002261WA0193902008
B2013554744551N12002273WA0193902009
B2013564744549N12002284WA0193902010
B2013574744547N12002294WA0193902013
B2013584744545N12002303WA0194002017
B2013594744544N12002311WA0194102020
B2014004744543N12002320WA0194202022
B2014014744541N12002329WA0194302024
B2014024744540N12002338WA0194502026
B2014034744540N12002347WA0194602030
B2014044744542N12002354WA0194802033
B2014054744546N12002359WA0195002036
B2014064744551N12002363WA0195302039
B2014074744556N12002365WA0195402041
B2014084744560N12002364WA0195702043
B2014094744565N12002361WA0195802045
B2014104744569N12002356WA0196102045
B2014114744572N12002348WA0196202045
B2014124744573N12002339WA0196402046
B2014134744572N12002330WA0196502048
B2014144744570N12002323WA0196702050
B2014154744567N12002317WA0196802052
B2014164744563N12002314WA0197002054
B2014174744558N12002313WA0197202056
B2014184744553N12002314WA0197402058
B2014194744548N12002317WA0197502060
B2014204744543N12002323WA0197702062
B2014214744541N12002330WA0197902065
B2014224744539N12002338WA0198102067
B2014234744540N12002346WA0198302069
B2014244744540N12002353WA0198502071
B2014254744541N12002360WA0198702074
B2014264744543N12002366WA0199002076
B2014274744545N12002372WA0199102078
B2014284744550N12002377WA0199402079
B2014294744555N12002380WA0199502079
B2014304744561N12002381WA0199702080
B2014314744566N12002381WA0199802083
B2014324744570N12002381WA0200102086
B2014334744574N12002380WA0200202088
B2014344744578N12002378WA0200402088
B2014354744584N12002375WA0200502087
B2014364744589N12002369WA0200702087
B2014374744591N12002360WA0200702087
B2014384744590N12002351WA0200902089
B2014394744586N12002345WA0201002090
B2014404744581N12002341WA0201102091
B2014414744575N12002340WA0201202094
B2014424744570N12002343WA0201402096
B2014434744567N12002349WA0201502098
B2014444744564N12002355WA0201702100
B2014454744561N12002362WA0201902101
B2014464744558N12002368WA0202102105
B2014474744556N12002375WA0202202107
B2014484744555N12002382WA0202402108
B2014494744555N12002391WA0202502109
B2014504744555N12002400WA0202702110
B2014514744555N12002408WA0202802112
B2014524744554N12002414WA0203002115
B2014534744552N12002420WA0203202117
B2014544744551N12002427WA0203402117
B2014554744551N12002435WA0203402115
B2014564744553N12002444WA0203502113
B2014574744554N12002454WA0203602111
B2014584744555N12002464WA0203602109
B2014594744556N12002474WA0203502107
B2015004744557N12002483WA0203502107
B2015014744558N12002493WA0203502106
B2015024744558N12002502WA0203402105
B2015034744560N12002510WA0203402103
B2015044744561N12002518WA0203302102
B2015054744563N12002525WA0203302101
B2015064744564N12002533WA0203202100
B2015074744564N12002540WA0203102099
B2015084744562N12002546WA0203002097
B2015094744561N12002553WA0202902094
B2015104744560N12002560WA0202802091
B2015114744559N12002567WA0202602088
B2015124744558N12002574WA0202502086
B2015134744556N12002581WA0202302083
B2015144744554N12002588WA0202102080
B2015154744551N12002594WA0201902077
B2015164744548N12002602WA0201702074
B2015174744546N12002610WA0201502073
B2015184744546N12002618WA0201302071
B2015194744547N12002627WA0201102069
B2015204744547N12002636WA0200902068
B2015214744546N12002644WA0200702066
B2015224744545N12002652WA0200502065
B2015234744546N12002660WA0200402064
B2015244744548N12002667WA0200202062
B2015254744552N12002675WA0200102061
B2015264744555N12002684WA0199902059
B2015274744558N12002693WA0199802059
B2015284744560N12002700WA0199602059
B2015294744564N12002706WA0199502060
B2015304744568N12002710WA0199402058
B2015314744573N12002716WA0199302056
B2015324744578N12002722WA0199202054
B2015334744582N12002729WA0199002052
B2015344744587N12002735WA0198902051
B2015354744591N12002741WA0198802050
B2015364744595N12002747WA0198602049
B2015374744599N12002754WA0198502047
B2015384744603N12002762WA0198302045
B2015394744606N12002770WA0198202044
B2015404744607N12002779WA0198102043
B2015414744608N12002787WA0198002043
B2015424744609N12002795WA0197902044
B2015434744610N12002801WA0197802044
B2015444744612N12002807WA0197802046
B2015454744613N12002814WA0197702046
B2015464744613N12002823WA0197702046
B2015474744611N12002832WA0197702046
B2015484744608N12002839WA0197702046
B2015494744604N12002844WA0197602046
B2015504744601N12002847WA0197602047
B2015514744597N12002850WA0197602048
B2015524744594N12002854WA0197602047
B2015534744590N12002858WA0197602046
B2015544744585N12002862WA0197602044
B2015554744580N12002865WA0197502043
B2015564744575N12002869WA0197502043
B2015574744572N12002875WA0197402043
B2015584744571N12002883WA0197402041
B2015594744571N12002893WA0197302039
B2016004744575N12002901WA0197202037
B2016014744580N12002907WA0197102036
B2016024744585N12002910WA0197002035
B2016034744589N12002913WA0197002035
B2016044744592N12002917WA0196902035
B2016054744595N12002922WA0196902035
B2016064744599N12002928WA0196802033
B2016074744603N12002935WA0196702031
B2016084744607N12002940WA0196602030
B2016094744611N12002945WA0196502030
B2016104744614N12002949WA0196402030
B2016114744618N12002954WA0196402029
B2016124744623N12002957WA0196302026
B2016134744630N12002959WA0196102022
B2016144744637N12002959WA0195902020
B2016154744642N12002956WA0195802019
B2016164744646N12002953WA0195702018
B2016174744649N12002947WA0195602017
B2016184744652N12002941WA0195402015
B2016194744655N12002935WA0195302013
B2016204744656N12002929WA0195102011
B2016214744658N12002922WA0195002009
B2016224744659N12002914WA0194802007
B2016234744661N12002907WA0194702006
B2016244744664N12002901WA0194502006
B2016254744666N12002895WA0194402008
B2016264744667N12002891WA0194402010
B2016274744669N12002886WA0194302011
B2016284744670N12002880WA0194302010
B2016294744671N12002873WA0194202008
B2016304744671N12002865WA0194102006
B2016314744669N12002859WA0194002005
B2016324744667N12002853WA0194002005
B2016334744665N12002850WA0193902006
B2016344744662N12002847WA0193902007
B2016354744660N12002844WA0193902007
B2016364744656N12002843WA0193802006
B2016374744652N12002843WA0193802003
B2016384744648N12002845WA0193702001
B2016394744644N12002847WA0193602000
B2016404744640N12002848WA0193501999
B2016414744637N12002849WA0193401997
B2016424744633N12002850WA0193301995
B2016434744629N12002854WA0193101992
B2016444744626N12002861WA0193001989
B2016454744624N12002870WA0192801986
B2016464744624N12002879WA0192601984
B2016474744625N12002888WA0192401982
B2016484744627N12002895WA0192201982
B2016494744630N12002901WA0192101981
B2016504744633N12002907WA0192001980
B2016514744637N12002912WA0191801979
B2016524744641N12002917WA0191701978
B2016534744645N12002922WA0191601977
B2016544744650N12002925WA0191401976
B2016554744655N12002928WA0191301975
B2016564744660N12002932WA0191201974
B2016574744665N12002934WA0191001972
B2016584744671N12002935WA0190901970
B2016594744677N12002934WA0190801969
B2017004744682N12002933WA0190601968
B2017014744687N12002934WA0190501967
B2017024744693N12002935WA0190401966
B2017034744698N12002936WA0190301964
B2017044744704N12002935WA0190101962
B2017054744710N12002932WA0190001960
B2017064744716N12002928WA0189801958
B2017074744721N12002923WA0189701957
B2017084744727N12002919WA0189601957
B2017094744732N12002916WA0189501956
B2017104744737N12002913WA0189301956
B2017114744741N12002910WA0189301956
B2017124744745N12002906WA0189201956
B2017134744750N12002902WA0189101954
B2017144744755N12002897WA0188901953
B2017154744760N12002892WA0188901951
B2017164744764N12002886WA0188801951
B2017174744768N12002879WA0188701952
B2017184744771N12002872WA0188601952
B2017194744774N12002866WA0188601953
B2017204744777N12002860WA0188601954
B2017214744780N12002855WA0188501955
B2017224744783N12002851WA0188501954
B2017234744785N12002845WA0188501954
B2017244744787N12002839WA0188501952
B2017254744788N12002832WA0188401952
B2017264744788N12002826WA0188401951
B2017274744786N12002820WA0188401951
B2017284744783N12002816WA0188301949
B2017294744779N12002812WA0188201948
B2017304744775N12002811WA0188101945
B2017314744770N12002813WA0188101943
B2017324744766N12002816WA0187901941
B2017334744762N12002820WA0187901940
B2017344744760N12002826WA0187701940
B2017354744760N12002832WA0187701938
B2017364744761N12002839WA0187501936
B2017374744762N12002846WA0187401934
B2017384744763N12002854WA0187201931
B2017394744764N12002861WA0187101929
B2017404744765N12002869WA0186901927
B2017414744767N12002876WA0186801926
B2017424744770N12002883WA0186601925
B2017434744774N12002889WA0186501924
B2017444744777N12002894WA0186401923
B2017454744780N12002901WA0186301922
B2017464744784N12002908WA0186101920
B2017474744787N12002915WA0186001918
B2017484744790N12002921WA0185801917
B2017494744793N12002927WA0185701917
B2017504744796N12002933WA0185601916
B2017514744798N12002938WA0185501915
B2017524744801N12002945WA0185301913
B2017534744805N12002951WA0185201912
B2017544744808N12002958WA0185101910
B2017554744812N12002964WA0185001909
B2017564744815N12002970WA0184801909
B2017574744819N12002975WA0184701908
B2017584744822N12002981WA0184601906
B2017594744826N12002987WA0184501905
B2018004744830N12002993WA0184301903
B2018014744834N12002999WA0184201901
B2018024744837N12003006WA0184101900
B2018034744838N12003014WA0183901897
B2018044744840N12003023WA0183801895
B2018054744843N12003032WA0183601893
B2018064744846N12003039WA0183401892
B2018074744851N12003045WA0183301891
B2018084744855N12003051WA0183201891
B2018094744861N12003056WA0183101890
B2018104744866N12003062WA0182901888
B2018114744871N12003067WA0182801886
B2018124744876N12003071WA0182601884
B2018134744882N12003074WA0182501881
B2018144744889N12003074WA0182301877
B2018154744895N12003071WA0182101874
B2018164744899N12003067WA0181801872
B2018174744902N12003062WA0181701871
B2018184744904N12003058WA0181501870
B2018194744906N12003054WA0181301869
B2018204744908N12003049WA0181101867
B2018214744909N12003043WA0181001865
B2018224744910N12003038WA0180801863
B2018234744911N12003033WA0180601862
B2018244744911N12003028WA0180401862
B2018254744912N12003024WA0180301861
B2018264744912N12003019WA0180201859
B2018274744912N12003014WA0180001857
B2018284744911N12003008WA0179801855
B2018294744910N12003003WA0179701853
B2018304744909N12002998WA0179501851
B2018314744907N12002993WA0179401850
B2018324744904N12002990WA0179201848
B2018334744901N12002987WA0179101846
B2018344744897N12002985WA0178901844
B2018354744893N12002984WA0178701843
B2018364744889N12002984WA0178501841
B2018374744885N12002986WA0178401840
B2018384744881N12002987WA0178201839
B2018394744878N12002989WA0178101838
B2018404744874N12002990WA0178001836
B2018414744870N12002991WA0177801834
B2018424744866N12002991WA0177701832
B2018434744862N12002991WA0177501831
B2018444744858N12002991WA0177301829
B2018454744853N12002990WA0177201828
B2018464744849N12002989WA0177001826
B2018474744844N12002989WA0176901824
B2018484744840N12002990WA0176701822
B2018494744835N12002990WA0176501818
B2018504744831N12002990WA0176301817
B2018514744827N12002990WA0176201816
B2018524744825N12002991WA0176001817
B2018534744822N12002991WA0175901817
B2018544744819N12002992WA0175801815
B2018554744815N12002992WA0175601813
B2018564744811N12002992WA0175401810
B2018574744806N12002993WA0175301807
B2018584744802N12002994WA0175101806
B2018594744798N12002995WA0175001805
B2019004744794N12002996WA0174801804
B2019014744791N12002997WA0174701803
B2019024744787N12002999WA0174501801
B2019034744783N12003000WA0174401798
B2019044744778N12003002WA0174201796
B2019054744774N12003003WA0174101795
B2019064744771N12003004WA0173901794
B2019074744767N12003006WA0173801793
B2019084744763N12003007WA0173601790
B2019094744759N12003009WA0173401788
B2019104744755N12003012WA0173201785
B2019114744751N12003014WA0173101783
B2019124744746N12003016WA0172801781
B2019134744741N12003018WA0172701779
B2019144744736N12003020WA0172501778
B2019154744731N12003022WA0172301776
B2019164744727N12003024WA0172101775
B2019174744722N12003026WA0172001772
B2019184744717N12003028WA0171701769
B2019194744712N12003029WA0171501765
B2019204744706N12003031WA0171301762
B2019214744701N12003032WA0171101759
B2019224744695N12003034WA0170801756
B2019234744689N12003036WA0170601754
B2019244744683N12003039WA0170301751
B2019254744678N12003041WA0170101749
B2019264744673N12003044WA0169801748
B2019274744668N12003046WA0169601746
B2019284744663N12003048WA0169401744
B2019294744658N12003050WA0169201741
B2019304744652N12003052WA0168901738
B2019314744647N12003055WA0168701735
B2019324744641N12003058WA0168401732
B2019334744634N12003061WA0168201729
B2019344744628N12003063WA0167901727
B2019354744622N12003066WA0167701724
B2019364744616N12003068WA0167401722
B2019374744610N12003070WA0167201719
B2019384744604N12003071WA0166901716
B2019394744598N12003073WA0166601712
B2019404744592N12003074WA0166301709
B2019414744586N12003076WA0166101706
B2019424744579N12003078WA0165701702
B2019434744573N12003080WA0165501698
B2019444744567N12003083WA0165101694
B2019454744560N12003086WA0164801690
B2019464744554N12003088WA0164401686
B2019474744548N12003090WA0164201684
B2019484744541N12003091WA0163801681
B2019494744536N12003093WA0163601678
B2019504744530N12003094WA0163201675
B2019514744523N12003097WA0162901672
B2019524744517N12003099WA0162501668
B2019534744510N12003101WA0162301664
B2019544744503N12003103WA0161901660
B2019554744496N12003104WA0161601657
B2019564744490N12003106WA0161201655
B2019574744484N12003108WA0161001653
B2019584744478N12003109WA0160601649
B2019594744472N12003111WA0160401646
B2020004744466N12003112WA0160001642
B2020014744459N12003114WA0159801639
B2020024744453N12003117WA0159401637
B2020034744448N12003120WA0159101634
B2020044744442N12003122WA0158801632
B2020054744437N12003124WA0158601630
B2020064744432N12003126WA0158301627
B2020074744426N12003127WA0158001625
B2020084744420N12003129WA0157701622
B2020094744414N12003131WA0157501620
B2020104744408N12003134WA0157201618
B2020114744402N12003137WA0157001617
B2020124744396N12003140WA0156801616
B2020134744391N12003143WA0156601614
B2020144744385N12003145WA0156401613
B2020154744380N12003148WA0156201612
B2020164744374N12003150WA0156001611
B2020174744369N12003152WA0155901609
B2020184744363N12003155WA0155601606
B2020194744357N12003157WA0155501604
B2020204744351N12003159WA0155301602
B2020214744345N12003161WA0155101601
B2020224744340N12003163WA0154901600
B2020234744334N12003165WA0154801598
B2020244744329N12003167WA0154501596
B2020254744323N12003169WA0154401594
B2020264744318N12003171WA0154201591
B2020274744312N12003173WA0154001588
B2020284744306N12003175WA0153801586
B2020294744300N12003176WA0153601584
B2020304744295N12003177WA0153401583
B2020314744289N12003178WA0153201582
B2020324744284N12003179WA0153001580
B2020334744278N12003181WA0152901577
B2020344744271N12003183WA0152601575
B2020354744265N12003185WA0152501573
B2020364744259N12003187WA0152201572
B2020374744253N12003189WA0152101570
B2020384744248N12003192WA0151901569
B2020394744242N12003194WA0151801568
B2020404744237N12003197WA0151601567
B2020414744232N12003198WA0151401565
B2020424744227N12003200WA0151201563
B2020434744221N12003203WA0151101561
B2020444744216N12003207WA0150901559
B2020454744211N12003210WA0150701556
B2020464744206N12003213WA0150501555
B2020474744201N12003216WA0150401554
B2020484744197N12003218WA0150201553
B2020494744192N12003222WA0150101553
B2020504744187N12003225WA0149901551
B2020514744182N12003227WA0149801549
B2020524744177N12003229WA0149601547
B2020534744171N12003231WA0149501544
B2020544744165N12003234WA0149201542
B2020554744158N12003237WA0149101540
B2020564744152N12003240WA0148901538
B2020574744145N12003244WA0148701537
B2020584744139N12003247WA0148501536
B2020594744132N12003251WA0148401535
B2021004744126N12003254WA0148201535
B2021014744121N12003257WA0148101534
B2021024744115N12003261WA0148001533
B2021034744110N12003266WA0147901533
B2021044744105N12003271WA0147801532
B2021054744100N12003275WA0147701531
B2021064744094N12003280WA0147601529
B2021074744088N12003284WA0147501527
B2021084744082N12003289WA0147301525
B2021094744075N12003295WA0147201524
B2021104744069N12003301WA0147001523
B2021114744063N12003306WA0146901523
B2021124744058N12003311WA0146801523
B2021134744053N12003315WA0146801522
B2021144744048N12003319WA0146601522
B2021154744043N12003324WA0146601521
B2021164744038N12003327WA0146501520
B2021174744034N12003331WA0146401520
B2021184744029N12003333WA0146301519
B2021194744025N12003336WA0146201518
B2021204744021N12003340WA0146101516
B2021214744017N12003345WA0146101514
B2021224744012N12003349WA0145901512
B2021234744007N12003353WA0145801510
B2021244744002N12003356WA0145601508
B2021254743997N12003358WA0145501506
B2021264743991N12003361WA0145301504
B2021274743986N12003364WA0145201502
B2021284743981N12003368WA0145001500
B2021294743975N12003371WA0144901498
B2021304743969N12003375WA0144701497
B2021314743964N12003380WA0144601496
B2021324743958N12003384WA0144401495
B2021334743952N12003387WA0144301495
B2021344743947N12003389WA0144201495
B2021354743941N12003392WA0144101495
B2021364743936N12003395WA0144001495
B2021374743931N12003398WA0144001495
B2021384743926N12003402WA0143901494
B2021394743921N12003405WA0143801493
B2021404743915N12003409WA0143701492
B2021414743910N12003413WA0143701492
B2021424743905N12003417WA0143601492
B2021434743900N12003421WA0143601491
B2021444743894N12003425WA0143501490
B2021454743887N12003428WA0143401489
B2021464743881N12003432WA0143301487
B2021474743874N12003434WA0143301486
B2021484743868N12003436WA0143201485
B2021494743861N12003439WA0143101485
B2021504743854N12003442WA0143001484
B2021514743847N12003445WA0142901482
B2021524743840N12003448WA0142801481
B2021534743832N12003452WA0142701480
B2021544743825N12003455WA0142701480
B2021554743818N12003458WA0142601479
B2021564743811N12003461WA0142501479
B2021574743804N12003464WA0142501480
B2021584743797N12003467WA0142401480
B2021594743791N12003468WA0142401481
B2022004743785N12003468WA0142401483
B2022014743780N12003468WA0142501486
B2022024743777N12003467WA0142601489
B2022034743773N12003468WA0142701492
B2022044743769N12003468WA0142801494
B2022054743764N12003468WA0142901495
B2022064743760N12003467WA0143001496
B2022074743755N12003467WA0143101498
B2022084743751N12003469WA0143301500
B2022094743748N12003474WA0143401503
B2022104743746N12003481WA0143601506
B2022114743746N12003489WA0143801510
B2022124743747N12003496WA0144101514
B2022134743750N12003504WA0144301517
B2022144743753N12003511WA0144501519
B2022154743758N12003517WA0144701521
B2022164743763N12003521WA0145001524
B2022174743768N12003524WA0145201526
B2022184743774N12003524WA0145401527
B2022194743779N12003522WA0145601529
B2022204743783N12003519WA0145801531
B2022214743785N12003514WA0146001532
B2022224743786N12003509WA0146201532
B2022234743786N12003503WA0146301532
B2022244743784N12003497WA0146401532
B2022254743781N12003492WA0146501533
B2022264743778N12003487WA0146701534
B2022274743775N12003485WA0146801536
B2022284743771N12003483WA0147001540
B2022294743768N12003482WA0147101543
B2022304743764N12003482WA0147301546
B2022314743760N12003482WA0147501548
B2022324743756N12003484WA0147701550
B2022334743751N12003486WA0147901552
B2022344743747N12003490WA0148101556
B2022354743744N12003495WA0148301559
B2022364743741N12003500WA0148601563
B2022374743740N12003507WA0148901567
B2022384743741N12003515WA0149201570
B2022394743744N12003523WA0149401573
B2022404743749N12003530WA0149701575
B2022414743754N12003534WA0149901577
B2022424743760N12003536WA0150201580
B2022434743766N12003536WA0150501582
B2022444743770N12003534WA0150701584
B2022454743774N12003530WA0150901585
B2022464743777N12003526WA0151201587
B2022474743779N12003521WA0151401589
B2022484743779N12003516WA0151601591
B2022494743778N12003511WA0151801593
B2022504743775N12003507WA0152001595
B2022514743772N12003504WA0152201597
B2022524743769N12003501WA0152401599
B2022534743766N12003499WA0152601602
B2022544743763N12003498WA0152901605
B2022554743759N12003498WA0153101607
B2022564743756N12003498WA0153301610
B2022574743752N12003498WA0153501611
B2022584743749N12003500WA0153701613
B2022594743746N12003502WA0153901614
B2023004743743N12003504WA0154101616
B2023014743740N12003507WA0154301616
B2023024743737N12003511WA0154501616
B2023034743733N12003516WA0154601616
B2023044743729N12003520WA0154701616
B2023054743725N12003524WA0154801616
B2023064743722N12003528WA0154901616
B2023074743719N12003532WA0155001616
B2023084743716N12003536WA0155001616
B2023094743712N12003541WA0155101615
B2023104743708N12003546WA0155101613
B2023114743704N12003551WA0155101612
B2023124743700N12003556WA0155101613
B2023134743696N12003561WA0155101614
B2023144743693N12003565WA0155101615
B2023154743689N12003570WA0155201616
B2023164743685N12003575WA0155201617
B2023174743680N12003580WA0155301619
B2023184743676N12003585WA0155401622
B2023194743672N12003590WA0155501625
B2023204743668N12003594WA0155601627
B2023214743665N12003599WA0155701629
B2023224743661N12003604WA0155901631
B2023234743658N12003609WA0156001633
B2023244743654N12003614WA0156201633
B2023254743650N12003618WA0156301635
B2023264743646N12003622WA0156501637
B2023274743643N12003625WA0156601640
B2023284743639N12003629WA0156801642
B2023294743636N12003632WA0156901644
B2023304743632N12003636WA0157101646
B2023314743629N12003640WA0157301648
B2023324743626N12003644WA0157501651
B2023334743623N12003647WA0157701653
B2023344743619N12003652WA0157901656
B2023354743617N12003655WA0158101660
B2023364743614N12003658WA0158401665
B2023374743612N12003661WA0158601669
B2023384743610N12003664WA0159001674
B2023394743609N12003668WA0159201678
B2023404743606N12003671WA0159601682
B2023414743603N12003674WA0159901686
B2023424743601N12003677WA0160301690
B2023434743599N12003680WA0160601694
B2023444743599N12003683WA0161001698
B2023454743599N12003688WA0161301701
B2023464743601N12003694WA0161601703
B2023474743604N12003700WA0161901704
B2023484743609N12003707WA0162201704
B2023494743615N12003712WA0162401707
B2023504743621N12003715WA0162701711
B2023514743627N12003715WA0163001715
B2023524743633N12003714WA0163301718
B2023534743639N12003711WA0163601722
B2023544743645N12003707WA0163901726
B2023554743650N12003702WA0164201730
B2023564743655N12003697WA0164601734
B2023574743659N12003691WA0164901738
B2023584743662N12003684WA0165301741
B2023594743665N12003677WA0165501745
B2024004743666N12003670WA0165901749
B2024014743667N12003664WA0166201753
B2024024743666N12003658WA0166601756
B2024034743665N12003652WA0166901759
B2024044743664N12003646WA0167301762
B2024054743661N12003641WA0167601766
B2024064743658N12003636WA0168001769
B2024074743655N12003633WA0168301774
B2024084743652N12003632WA0168701778
B2024094743649N12003631WA0169001783
B2024104743646N12003632WA0169401787
B2024114743644N12003634WA0169701790
B2024124743642N12003637WA0170201794
B2024134743640N12003641WA0170501798
B2024144743639N12003646WA0170901801
B2024154743639N12003653WA0171201804
B2024164743640N12003660WA0171601806
B2024174743643N12003667WA0171901809
B2024184743647N12003674WA0172301812
B2024194743651N12003680WA0172501814
B2024204743656N12003685WA0172901817
B2024214743663N12003688WA0173101820
B2024224743670N12003689WA0173501822
B2024234743676N12003688WA0173701825
B2024244743683N12003684WA0174101828
B2024254743688N12003679WA0174301832
B2024264743693N12003673WA0174701835
B2024274743696N12003667WA0174901838
B2024284743698N12003659WA0175301841
B2024294743700N12003651WA0175501844
B2024304743700N12003643WA0175901847
B2024314743700N12003636WA0176101850
B2024324743698N12003629WA0176501853
B2024334743696N12003623WA0176701856
B2024344743693N12003618WA0177101859
B2024354743690N12003615WA0177301862
B2024364743685N12003613WA0177701866
B2024374743681N12003612WA0178001871
B2024384743678N12003613WA0178401876
B2024394743676N12003615WA0178701882
B2024404743675N12003619WA0179201887
B2024414743675N12003625WA0179501890
B2024424743677N12003632WA0179901893
B2024434743680N12003639WA0180301897
B2024444743684N12003644WA0180701901
B2024454743690N12003646WA0181001904
B2024464743697N12003645WA0181401907
B2024474743703N12003642WA0181701910
B2024484743709N12003635WA0182101913
B2024494743712N12003627WA0182401915
B2024504743713N12003618WA0182801918
B2024514743714N12003609WA0183001921
B2024524743714N12003600WA0183401925
B2024534743714N12003592WA0183701931
B2024544743713N12003586WA0184101936
B2024554743711N12003582WA0184401940
B2024564743709N12003578WA0184901943
B2024574743706N12003575WA0185201945
B2024584743702N12003573WA0185501946
B2024594743697N12003572WA0185801948
B2025004743692N12003571WA0186101951
B2025014743688N12003572WA0186401954
B2025024743684N12003573WA0186701957
B2025034743681N12003575WA0187001961
B2025044743679N12003579WA0187301964
B2025054743677N12003584WA0187601966
B2025064743676N12003590WA0187901968
B2025074743675N12003596WA0188101970
B2025084743676N12003602WA0188501972
B2025094743678N12003608WA0188701975
B2025104743681N12003615WA0189001977
B2025114743686N12003619WA0189201979
B2025124743691N12003623WA0189501981
B2025134743698N12003625WA0189701983
B2025144743704N12003626WA0190001985
B2025154743711N12003624WA0190101987
B2025164743718N12003620WA0190401989
B2025174743724N12003613WA0190601992
B2025184743728N12003605WA0190901995
B2025194743731N12003597WA0191101999
B2025204743732N12003588WA0191402003
B2025214743731N12003580WA0191702008
B2025224743731N12003573WA0192002012
B2025234743730N12003567WA0192302017
B2025244743728N12003563WA0192702020
B2025254743726N12003560WA0193002022
B2025264743723N12003558WA0193302023
B2025274743719N12003559WA0193502024
B2025284743715N12003562WA0193802025
B2025294743713N12003569WA0193902026
B2025304743713N12003577WA0194202028
B2025314743716N12003583WA0194402031
B2025324743720N12003589WA0194702033
B2025334743725N12003594WA0194802036
B2025344743731N12003597WA0195102038
B2025354743737N12003598WA0195302042
B2025364743744N12003596WA0195602045
B2025374743750N12003593WA0195902048
B2025384743756N12003589WA0196202051
B2025394743761N12003583WA0196402054
B2025404743766N12003576WA0196702058
B2025414743769N12003568WA0197002061
B2025424743770N12003560WA0197302064
B2025434743771N12003552WA0197502067
B2025444743771N12003544WA0197902070
B2025454743769N12003538WA0198102073
B2025464743767N12003533WA0198502077
B2025474743764N12003529WA0198702080
B2025484743760N12003527WA0199002081
B2025494743756N12003528WA0199202083
B2025504743752N12003528WA0199502085
B2025514743748N12003529WA0199702087
B2025524743744N12003529WA0200002090
B2025534743741N12003531WA0200202093
B2025544743737N12003532WA0200502095
B2025554743734N12003535WA0200702097
B2025564743730N12003539WA0201002098
B2025574743726N12003544WA0201202100
B2025584743723N12003549WA0201402102
B2025594743720N12003556WA0201602104
B2026004743719N12003562WA0201902107
B2026014743718N12003569WA0202102110
B2026024743719N12003576WA0202302112
B2026034743720N12003583WA0202502113
B2026044743722N12003589WA0202802115
B2026054743725N12003596WA0202902116
B2026064743729N12003602WA0203202118
B2026074743732N12003607WA0203302119
B2026084743737N12003612WA0203602121
B2026094743742N12003615WA0203702123
B2026104743749N12003616WA0203902125
B2026114743756N12003616WA0204102126
B2026124743763N12003614WA0204302128
B2026134743769N12003611WA0204402131
B2026144743775N12003606WA0204702134
B2026154743779N12003601WA0204902137
B2026164743784N12003595WA0205102139
B2026174743788N12003588WA0205302142
B2026184743791N12003581WA0205602144
B2026194743794N12003573WA0205702147
B2026204743794N12003565WA0206002150
B2026214743794N12003557WA0206202153
B2026224743793N12003551WA0206502156
B2026234743790N12003546WA0206702159
B2026244743787N12003542WA0207002162
B2026254743784N12003541WA0207302165
B2026264743781N12003543WA0207602168
B2026274743778N12003548WA0207802171
B2026284743778N12003555WA0208102174
B2026294743779N12003562WA0208302176
B2026304743782N12003569WA0208702179
B2026314743787N12003573WA0208902181
B2026324743794N12003575WA0209202182
B2026334743801N12003573WA0209302184
B2026344743808N12003568WA0209602186
B2026354743814N12003562WA0209802190
B2026364743819N12003556WA0210102194
B2026374743822N12003549WA0210302198
B2026384743824N12003542WA0210702201
B2026394743826N12003534WA0210902204
B2026404743827N12003526WA0211302207
B2026414743827N12003518WA0211502209
B2026424743825N12003511WA0211802212
B2026434743823N12003505WA0212002214
B2026444743821N12003501WA0212302217
B2026454743818N12003498WA0212602221
B2026464743815N12003497WA0212902224
B2026474743812N12003499WA0213202228
B2026484743809N12003502WA0213502230
B2026494743807N12003508WA0213802233
B2026504743806N12003515WA0214102236
B2026514743808N12003522WA0214302239
B2026524743811N12003527WA0214702243
B2026534743815N12003531WA0214902245
B2026544743821N12003534WA0215302248
B2026554743827N12003534WA0215502250
B2026564743833N12003530WA0215902253
B2026574743838N12003524WA0216102256
B2026584743842N12003516WA0216402258
B2026594743843N12003507WA0216602261
B2027004743844N12003499WA0216902264
B2027014743844N12003491WA0217202267
B2027024743843N12003484WA0217502271
B2027034743841N12003478WA0217802275
B2027044743838N12003474WA0218102278
B2027054743835N12003471WA0218402281
B2027064743832N12003469WA0218702284
B2027074743829N12003468WA0218902285
B2027084743825N12003468WA0219302287
B2027094743822N12003469WA0219502289
B2027104743819N12003472WA0219802292
B2027114743817N12003475WA0220002294
B2027124743818N12003480WA0220202295
B2027134743819N12003485WA0220402295
B2027144743821N12003492WA0220602296
B2027154743823N12003499WA0220802295
B2027164743826N12003506WA0220902296
B2027174743830N12003513WA0221002296
B2027184743835N12003519WA0221202298
B2027194743841N12003523WA0221302300
B2027204743847N12003524WA0221502302
B2027214743854N12003522WA0221602303
B2027224743860N12003517WA0221802305
B2027234743866N12003513WA0222002307
B2027244743871N12003507WA0222202311
B2027254743875N12003501WA0222402314
B2027264743878N12003494WA0222602318
B2027274743880N12003486WA0222802320
B2027284743881N12003477WA0223102323
B2027294743881N12003469WA0223302326
B2027304743881N12003461WA0223602329
B2027314743880N12003454WA0223802333
B2027324743878N12003449WA0224102335
B2027334743875N12003445WA0224302337
B2027344743872N12003441WA0224502339
B2027354743870N12003438WA0224702341
B2027364743868N12003434WA0225002342
B2027374743865N12003430WA0225202343
B2027384743862N12003427WA0225402342
B2027394743858N12003422WA0225502341
B2027404743854N12003417WA0225602340
B2027414743850N12003411WA0225702340
B2027424743847N12003406WA0225802342
B2027434743844N12003402WA0225902343
B2027444743843N12003399WA0226002345
B2027454743842N12003396WA0226102346
B2027464743840N12003394WA0226202346
B2027474743838N12003392WA0226302346
B2027484743836N12003392WA0226402346
B2027494743833N12003391WA0226502346
B2027504743831N12003389WA0226602346
B2027514743828N12003386WA0226602347
B2027524743826N12003382WA0226702347
B2027534743823N12003379WA0226702347
B2027544743819N12003375WA0226802348
B2027554743815N12003371WA0226802349
B2027564743810N12003368WA0226902350
B2027574743805N12003366WA0227002353
B2027584743802N12003365WA0227202357
B2027594743799N12003365WA0227302360
B2028004743797N12003366WA0227502363
B2028014743794N12003369WA0227702366
B2028024743792N12003373WA0227902368
B2028034743791N12003378WA0228002370
B2028044743792N12003384WA0228302372
B2028054743794N12003390WA0228402374
B2028064743799N12003394WA0228702377
B2028074743804N12003396WA0228802379
B2028084743809N12003396WA0229102382
B2028094743815N12003393WA0229302384
B2028104743821N12003390WA0229502387
B2028114743826N12003385WA0229702390
B2028124743830N12003379WA0230002393
B2028134743835N12003371WA0230202395
B2028144743838N12003362WA0230402397
B2028154743840N12003352WA0230602399
B2028164743840N12003342WA0230902402
B2028174743839N12003333WA0231102405
B2028184743837N12003326WA0231402408
B2028194743834N12003320WA0231602411
B2028204743831N12003315WA0231902413
B2028214743827N12003311WA0232102415
B2028224743824N12003306WA0232302417
B2028234743820N12003302WA0232502419
B2028244743817N12003297WA0232802423
B2028254743814N12003293WA0233002425
B2028264743811N12003290WA0233302428
B2028274743808N12003287WA0233502430
B2028284743804N12003285WA0233702432
B2028294743800N12003284WA0233902433
B2028304743796N12003282WA0234202435
B2028314743792N12003281WA0234302437
B2028324743788N12003281WA0234602439
B2028334743785N12003281WA0234702440
B2028344743781N12003282WA0234902440
B2028354743778N12003284WA0235002439
B2028364743773N12003286WA0235102438
B2028374743769N12003288WA0235202436
B2028384743764N12003291WA0235302435
B2028394743760N12003295WA0235302435
B2028404743756N12003298WA0235302436
B2028414743751N12003300WA0235402435
B2028424743746N12003303WA0235402434
B2028434743741N12003305WA0235402433
B2028444743735N12003308WA0235402432
B2028454743730N12003311WA0235302431
B2028464743724N12003314WA0235302431
B2028474743719N12003318WA0235302430
B2028484743713N12003322WA0235302430
B2028494743708N12003325WA0235202430
B2028504743702N12003328WA0235202430
B2028514743697N12003330WA0235202430
B2028524743691N12003331WA0235202429
B2028534743686N12003333WA0235202428
B2028544743680N12003336WA0235102427
B2028554743675N12003340WA0235002425
B2028564743670N12003344WA0235002423
B2028574743664N12003349WA0234902421
B2028584743659N12003353WA0234802419
B2028594743654N12003356WA0234702418
B2029004743649N12003359WA0234502416
B2029014743644N12003362WA0234402413
B2029024743638N12003365WA0234202410
B2029034743633N12003369WA0234102406
B2029044743627N12003372WA0233802403
B2029054743621N12003375WA0233702401
B2029064743615N12003377WA0233402398
B2029074743609N12003380WA0233202396
B2029084743603N12003383WA0233002393
B2029094743597N12003386WA0232802391
B2029104743591N12003390WA0232502387
B2029114743585N12003394WA0232402385
B2029124743579N12003398WA0232102382
B2029134743573N12003401WA0231902379
B2029144743566N12003404WA0231602376
B2029154743560N12003406WA0231402373
B2029164743553N12003409WA0231102370
B2029174743546N12003412WA0230902368
B2029184743539N12003414WA0230502365
B2029194743532N12003418WA0230302363
B2029204743526N12003421WA0230002361
B2029214743519N12003424WA0229902359
B2029224743513N12003427WA0229602358
B2029234743506N12003430WA0229402357
B2029244743500N12003433WA0229202356
B2029254743494N12003436WA0229002355
B2029264743488N12003439WA0228802354
B2029274743481N12003442WA0228702351
B2029284743475N12003445WA0228502349
B2029294743468N12003448WA0228302346
B2029304743461N12003450WA0228002343
B2029314743454N12003451WA0227802341
B2029324743448N12003455WA0227602338
B2029334743443N12003460WA0227402335
B2029344743438N12003466WA0227102332
B2029354743432N12003472WA0226902331
B2029364743426N12003476WA0226702330
B2029374743420N12003478WA0226602332
B2029384743415N12003480WA0226402333
B2029394743410N12003483WA0226402333
B2029404743405N12003486WA0226202332
B2029414743400N12003491WA0226102330
B2029424743394N12003496WA0226002328
B2029434743387N12003501WA0225802325
B2029444743380N12003505WA0225702324
B2029454743373N12003509WA0225502323
B2029464743367N12003513WA0225402323
B2029474743362N12003518WA0225302322
B2029484743357N12003523WA0225202322
B2029494743353N12003529WA0225102322
B2029504743348N12003535WA0225002322
B2029514743344N12003541WA0225002321
B2029524743339N12003545WA0224902318
B2029534743333N12003550WA0224802316
B2029544743329N12003555WA0224602314
B2029554743324N12003561WA0224502312
B2029564743319N12003567WA0224302309
B2029574743315N12003573WA0224202307
B2029584743309N12003578WA0224002304
B2029594743304N12003584WA0223902301
B2030004743298N12003588WA0223602298
B2030014743292N12003592WA0223402296
B2030024743286N12003595WA0223202295
B2030034743282N12003598WA0223102294
B2030044743277N12003601WA0222902293
B2030054743273N12003604WA0222702291
B2030064743269N12003607WA0222502287
B2030074743265N12003609WA0222302283
B2030084743261N12003611WA0222002279
B2030094743256N12003613WA0221802274
B2030104743250N12003615WA0221402268
B2030114743245N12003618WA0221102263
B2030124743239N12003621WA0220702259
B2030134743234N12003623WA0220502256
B2030144743229N12003624WA0220102255
B2030154743225N12003625WA0219902254
B2030164743221N12003626WA0219602251
B2030174743217N12003628WA0219402248
B2030184743213N12003632WA0219002243
B2030194743208N12003635WA0218702238
B2030204743203N12003638WA0218302233
B2030214743197N12003642WA0218002228
B2030224743192N12003646WA0217602226
B2030234743187N12003649WA0217402226
B2030244743182N12003652WA0217002226
B2030254743177N12003655WA0216902226
B2030264743173N12003657WA0216602225
B2030274743168N12003659WA0216502224
B2030284743163N12003662WA0216202222
B2030294743157N12003666WA0216102219
B2030304743152N12003670WA0215802217
B2030314743146N12003673WA0215602216
B2030324743141N12003676WA0215402215
B2030334743136N12003679WA0215302213
B2030344743132N12003684WA0215102212
B2030354743127N12003688WA0214902210
B2030364743122N12003693WA0214702209
B2030374743117N12003696WA0214602207
B2030384743111N12003699WA0214402206
B2030394743107N12003702WA0214302206
B2030404743102N12003705WA0214102205
B2030414743097N12003709WA0214002203
B2030424743092N12003713WA0213902201
B2030434743086N12003717WA0213702198
B2030444743080N12003723WA0213502195
B2030454743074N12003730WA0213402193
B2030464743069N12003738WA0213202191
B2030474743063N12003743WA0213002192
B2030484743058N12003747WA0212902193
B2030494743053N12003751WA0212802194
B2030504743049N12003756WA0212702193
B2030514743044N12003761WA0212602192
B2030524743038N12003766WA0212502189
B2030534743032N12003772WA0212402187
B2030544743027N12003777WA0212202186
B2030554743022N12003781WA0212102186
B2030564743017N12003784WA0212002187
B2030574743013N12003787WA0212002186
B2030584743008N12003791WA0211902185
B2030594743004N12003795WA0211802183
B2031004742999N12003799WA0211602179
B2031014742995N12003805WA0211502176
B2031024742990N12003810WA0211302172
B2031034742985N12003814WA0211102170
B2031044742980N12003818WA0210902167
B2031054742976N12003821WA0210702165
B2031064742971N12003824WA0210402163
B2031074742967N12003828WA0210302159
B2031084742963N12003831WA0210002155
B2031094742958N12003834WA0209802151
B2031104742953N12003837WA0209402148
B2031114742948N12003838WA0209202146
B2031124742944N12003839WA0208902143
B2031134742939N12003840WA0208702140
B2031144742934N12003841WA0208402137
B2031154742929N12003843WA0208102134
B2031164742923N12003844WA0207802131
B2031174742918N12003845WA0207602129
B2031184742912N12003845WA0207302126
B2031194742907N12003845WA0207102124
B2031204742903N12003845WA0206802122
B2031214742898N12003845WA0206602120
B2031224742893N12003845WA0206302117
B2031234742888N12003847WA0206002113
B2031244742882N12003848WA0205702109
B2031254742875N12003849WA0205402106
B2031264742870N12003851WA0205102105
B2031274742867N12003853WA0205002107
B2031284742865N12003855WA0204802109
B2031294742863N12003857WA0204702109
B2031304742861N12003859WA0204602107
B2031314742857N12003862WA0204402104
B2031324742853N12003865WA0204202101
B2031334742849N12003868WA0204102100
B2031344742846N12003871WA0203902100
B2031354742844N12003872WA0203802099
B2031364742841N12003874WA0203602098
B2031374742838N12003874WA0203502096
B2031384742834N12003874WA0203302094
B2031394742830N12003873WA0203202092
B2031404742825N12003873WA0203002091
B2031414742821N12003873WA0202902091
B2031424742816N12003874WA0202802091
B2031434742811N12003874WA0202702091
B2031444742807N12003875WA0202602092
B2031454742803N12003876WA0202602093
B2031464742798N12003877WA0202502094
B2031474742794N12003878WA0202502094
B2031484742790N12003878WA0202502095
B2031494742785N12003879WA0202502096
B2031504742781N12003880WA0202502097
B2031514742777N12003881WA0202502099
B2031524742774N12003882WA0202602101
B2031534742770N12003882WA0202602102
B2031544742767N12003883WA0202702103
B2031554742762N12003884WA0202702103
B2031564742758N12003886WA0202802103
B2031574742753N12003889WA0202802103
B2031584742748N12003891WA0202902103
B2031594742744N12003893WA0202902104
B2032004742739N12003895WA0203002105
B2032014742735N12003898WA0203002107
B2032024742730N12003902WA0203102108
B2032034742726N12003906WA0203202109
B2032044742722N12003911WA0203302110
B2032054742717N12003915WA0203302111
B2032064742713N12003919WA0203502114
B2032074742710N12003922WA0203602117
B2032084742707N12003924WA0203702119
B2032094742704N12003925WA0203802118
B2032104742700N12003927WA0203902117
B2032114742695N12003930WA0204002113
B2032124742689N12003934WA0203902109
B2032134742683N12003938WA0203902107
B2032144742677N12003941WA0203802107
B2032154742673N12003943WA0203802111
B2032164742670N12003944WA0203902114
B2032174742668N12003946WA0203902114
B2032184742665N12003950WA0204002114
B2032194742661N12003954WA0204002111
B2032204742656N12003960WA0203902109
B2032214742651N12003965WA0203902107
B2032224742647N12003969WA0203802109
B2032234742645N12003973WA0203902113
B2032244742642N12003976WA0204002116
B2032254742639N12003979WA0204002117
B2032264742636N12003982WA0204102117
B2032274742632N12003987WA0204102115
B2032284742627N12003993WA0204102113
B2032294742622N12003999WA0204102114
B2032304742618N12004004WA0204202116
B2032314742614N12004007WA0204202120
B2032324742610N12004011WA0204402124
B2032334742607N12004014WA0204502127
B2032344742603N12004018WA0204702130
B2032354742599N12004023WA0204802131
B2032364742594N12004027WA0205002133
B2032374742589N12004031WA0205202136
B2032384742585N12004034WA0205402140
B2032394742583N12004037WA0205602146
B2032404742581N12004040WA0206002150
B2032414742578N12004043WA0206202152
B2032424742575N12004048WA0206502153
B2032434742570N12004052WA0206602153
B2032444742565N12004057WA0206802153
B2032454742559N12004062WA0207002155
B2032464742554N12004067WA0207202158
B2032474742551N12004072WA0207402161
B2032484742548N12004076WA0207602163
B2032494742544N12004081WA0207802163
B2032504742539N12004087WA0208002162
B2032514742534N12004093WA0208002160
B2032524742528N12004099WA0208102159
B2032534742523N12004105WA0208202160
B2032544742519N12004111WA0208302162
B2032554742514N12004117WA0208402163
B2032564742510N12004123WA0208502163
B2032574742504N12004130WA0208502162
B2032584742498N12004137WA0208602161
B2032594742492N12004144WA0208602161
B2033004742486N12004151WA0208602163
B2033014742481N12004157WA0208702164
B2033024742476N12004164WA0208802165
B2033034742470N12004170WA0208802165
B2033044742464N12004177WA0208902164
B2033054742458N12004183WA0208902162
B2033064742452N12004190WA0208902161
B2033074742447N12004196WA0208902160
B2033084742443N12004202WA0208802159
B2033094742438N12004208WA0208802157
B2033104742432N12004214WA0208702154
B2033114742426N12004221WA0208602151
B2033124742420N12004227WA0208502148
B2033134742414N12004233WA0208402147
B2033144742408N12004238WA0208302147
B2033154742402N12004243WA0208202147
B2033164742396N12004246WA0208102147
B2033174742390N12004250WA0208002146
B2033184742384N12004255WA0207902144
B2033194742377N12004259WA0207802141
B2033204742371N12004264WA0207602140
B2033214742365N12004267WA0207502138
B2033224742360N12004270WA0207402137
B2033234742354N12004273WA0207302135
B2033244742349N12004276WA0207102133
B2033254742343N12004279WA0207002129
B2033264742338N12004283WA0206702125
B2033274742332N12004286WA0206602121
B2033284742325N12004289WA0206302117
B2033294742319N12004292WA0206102113
B2033304742314N12004296WA0205702110
B2033314742308N12004300WA0205502107
B2033324742303N12004304WA0205202104
B2033334742298N12004308WA0205002102
B2033344742292N12004312WA0204702099
B2033354742285N12004315WA0204402095
B2033364742279N12004318WA0204102094
B2033374742276N12004320WA0204002097
B2033384742273N12004319WA0203902099
B2033394742272N12004317WA0203802098
B2033404742269N12004316WA0203602096
B2033414742265N12004317WA0203502092
B2033424742261N12004317WA0203202087
B2033434742256N12004316WA0203002084
B2033444742252N12004316WA0202702082
B2033454742248N12004316WA0202602081
B2033464742245N12004316WA0202302078
B2033474742241N12004317WA0202102075
B2033484742237N12004318WA0201802070
B2033494742231N12004318WA0201602066
B2033504742225N12004320WA0201202062
B2033514742221N12004322WA0201002060
B2033524742217N12004325WA0200702058
B2033534742213N12004327WA0200502056
B2033544742209N12004329WA0200202054
B2033554742204N12004329WA0199902051
B2033564742199N12004328WA0199602047
B2033574742194N12004328WA0199402044
B2033584742189N12004329WA0199102041
B2033594742184N12004329WA0198902040
B2034004742181N12004330WA0198602039
B2034014742177N12004330WA0198402038
B2034024742173N12004330WA0198102035
B2034034742169N12004331WA0197902031
B2034044742165N12004333WA0197602027
B2034054742160N12004334WA0197402024
B2034064742156N12004335WA0197102021
B2034074742152N12004336WA0196802019
B2034084742149N12004338WA0196502018
B2034094742146N12004340WA0196302016
B2034104742142N12004342WA0196002012
B2034114742137N12004344WA0195802008
B2034124742133N12004345WA0195402004
B2034134742127N12004347WA0195202000
B2034144742122N12004349WA0194801996
B2034154742117N12004350WA0194501993
B2034164742112N12004351WA0194201990
B2034174742107N12004351WA0193901986
B2034184742102N12004351WA0193501983
B2034194742096N12004352WA0193201979
B2034204742091N12004353WA0192801975
B2034214742085N12004354WA0192501971
B2034224742080N12004356WA0192101967
B2034234742074N12004357WA0191901964
B2034244742069N12004358WA0191501960
B2034254742063N12004360WA0191201957
B2034264742058N12004361WA0190801954
B2034274742052N12004362WA0190501950
B2034284742046N12004363WA0190101946
B2034294742040N12004365WA0189801941
B2034304742034N12004367WA0189301937
B2034314742028N12004369WA0189101934
B2034324742023N12004372WA0188701931
B2034334742019N12004374WA0188401929
B2034344742014N12004376WA0188001927
B2034354742009N12004378WA0187801925
B2034364742004N12004380WA0187401922
B2034374741999N12004382WA0187201920
B2034384741993N12004385WA0186801917
B2034394741987N12004387WA0186601916
B2034404741983N12004389WA0186401918
B2034414741981N12004390WA0186301921
B2034424741980N12004390WA0186201923
B2034434741978N12004392WA0186201923
B2034444741975N12004394WA0186001921
B2034454741970N12004399WA0185901916
B2034464741965N12004404WA0185601911
B2034474741960N12004408WA0185501910
B2034484741955N12004410WA0185301911
B2034494741952N12004410WA0185201913
B2034504741949N12004410WA0185201915
B2034514741946N12004412WA0185101915
B2034524741942N12004413WA0185001914
B2034534741937N12004414WA0185001913
B2034544741932N12004415WA0184901911
B2034554741927N12004415WA0184801911
B2034564741923N12004416WA0184701910
B2034574741918N12004418WA0184601909
B2034584741914N12004420WA0184501908
B2034594741909N12004422WA0184501907
B2035004741904N12004423WA0184401907
B2035014741899N12004425WA0184301907
B2035024741894N12004426WA0184301908
B2035034741890N12004426WA0184201909
B2035044741886N12004428WA0184201909
B2035054741881N12004429WA0184201909
B2035064741876N12004431WA0184201908
B2035074741872N12004433WA0184101907
B2035084741867N12004435WA0184101906
B2035094741862N12004438WA0184001906
B2035104741858N12004440WA0184001907
B2035114741854N12004442WA0184001907
B2035124741849N12004443WA0184001906
B2035134741844N12004443WA0183901905
B2035144741839N12004444WA0183901904
B2035154741833N12004446WA0183801903
B2035164741828N12004449WA0183701902
B2035174741822N12004451WA0183701902
B2035184741817N12004453WA0183701903
B2035194741813N12004454WA0183701903
B2035204741808N12004456WA0183701904
B2035214741803N12004458WA0183601903
B2035224741797N12004462WA0183601902
B2035234741792N12004465WA0183601903
B2035244741788N12004469WA0183601906
B2035254741784N12004472WA0183701909
B2035264741780N12004475WA0183801912
B2035274741777N12004479WA0183901913
B2035284741773N12004482WA0184001914
B2035294741768N12004484WA0184001914
B2035304741764N12004488WA0184101913
B2035314741760N12004493WA0184201914
B2035324741756N12004498WA0184301915
B2035334741753N12004504WA0184301917
B2035344741749N12004509WA0184401919
B2035354741746N12004513WA0184501920
B2035364741742N12004518WA0184601920
B2035374741738N12004523WA0184701921
B2035384741734N12004527WA0184801922
B2035394741730N12004532WA0184901924
B2035404741727N12004536WA0185001925
B2035414741723N12004541WA0185101925
B2035424741719N12004547WA0185201926
B2035434741715N12004551WA0185301926
B2035444741710N12004556WA0185401928
B2035454741706N12004560WA0185401929
B2035464741701N12004564WA0185601930
B2035474741697N12004568WA0185701932
B2035484741693N12004571WA0185801934
B2035494741688N12004573WA0185901935
B2035504741683N12004576WA0186101936
B2035514741677N12004580WA0186101938
B2035524741672N12004583WA0186301941
B2035534741668N12004586WA0186501945
B2035544741665N12004589WA0186701949
B2035554741662N12004591WA0186901954
B2035564741659N12004592WA0187201958
B2035574741657N12004593WA0187501962
B2035584741654N12004595WA0187801964
B2035594741651N12004597WA0188001967
B2036004741648N12004601WA0188301970
B2036014741645N12004605WA0188601974
B2036024741642N12004609WA0188901978
B2036034741641N12004614WA0189201981
B2036044741640N12004621WA0189501984
B2036054741639N12004628WA0189801987
B2036064741640N12004635WA0190101992
B2036074741641N12004642WA0190401997
B2036084741643N12004648WA0190902003
B2036094741646N12004653WA0191202007
B2036104741650N12004659WA0191602011
B2036114741655N12004664WA0191902013
B2036124741660N12004667WA0192302016
B2036134741666N12004668WA0192602019
B2036144741671N12004666WA0193002022
B2036154741677N12004663WA0193202025
B2036164741682N12004659WA0193602027
B2036174741686N12004655WA0193902032
B2036184741689N12004651WA0194302036
B2036194741693N12004646WA0194502040
B2036204741696N12004640WA0194902043
B2036214741699N12004634WA0195202046
B2036224741702N12004628WA0195602050
B2036234741704N12004622WA0195902054
B2036244741705N12004617WA0196302057
B2036254741705N12004611WA0196502059
B2036264741704N12004606WA0196902061
B2036274741702N12004601WA0197102063
B2036284741699N12004597WA0197402066
B2036294741697N12004595WA0197702068
B2036304741694N12004594WA0198002071
B2036314741690N12004594WA0198202073
B2036324741687N12004596WA0198502075
B2036334741683N12004599WA0198702077
B2036344741679N12004603WA0199002080
B2036354741675N12004608WA0199202082
B2036364741672N12004614WA0199502086
B2036374741669N12004620WA0199702090
B2036384741666N12004626WA0200102094
B2036394741663N12004632WA0200402099
B2036404741660N12004637WA0200802103
B2036414741658N12004644WA0201002107
B2036424741657N12004651WA0201402111
B2036434741657N12004658WA0201702115
B2036444741656N12004666WA0202202119
B2036454741657N12004673WA0202402123
B2036464741660N12004679WA0202902127
B2036474741664N12004684WA0203202130
B2036484741669N12004688WA0203602133
B2036494741675N12004691WA0203802135
B2036504741680N12004693WA0204202137
B2036514741685N12004694WA0204402140
B2036524741691N12004693WA0204802142
B2036534741697N12004691WA0205002143
B2036544741703N12004686WA0205302144
B2036554741709N12004680WA0205502147
B2036564741713N12004673WA0205902150
B2036574741716N12004666WA0206102155
B2036584741718N12004660WA0206502160
B2036594741720N12004653WA0206702164
B2037004741720N12004646WA0207102167
B2037014741719N12004639WA0207402169
B2037024741718N12004633WA0207702172
B2037034741715N12004629WA0208002175
B2037044741712N12004625WA0208302178
B2037054741710N12004622WA0208602181
B2037064741707N12004619WA0208902184
B2037074741704N12004616WA0209202186
B2037084741701N12004613WA0209502189
B2037094741697N12004611WA0209702192
B2037104741694N12004609WA0210102196
B2037114741691N12004608WA0210402201
B2037124741688N12004609WA0210802205
B2037134741686N12004611WA0211102209
B2037144741683N12004613WA0211502213
B2037154741680N12004616WA0211702215
B2037164741678N12004619WA0212102217
B2037174741676N12004624WA0212302220
B2037184741674N12004629WA0212702222
B2037194741673N12004635WA0212902224
B2037204741672N12004642WA0213302227
B2037214741673N12004648WA0213502229
B2037224741674N12004655WA0213802232
B2037234741677N12004661WA0214002234
B2037244741680N12004667WA0214302236
B2037254741684N12004672WA0214502238
B2037264741689N12004676WA0214802240
B2037274741694N12004679WA0215002242
B2037284741699N12004682WA0215202244
B2037294741704N12004684WA0215402246
B2037304741709N12004684WA0215702248
B2037314741715N12004683WA0215902250
B2037324741721N12004680WA0216102251
B2037334741727N12004675WA0216302252
B2037344741733N12004670WA0216502254
B2037354741738N12004665WA0216702256
B2037364741743N12004659WA0216902259
B2037374741747N12004653WA0217102262
B2037384741751N12004645WA0217302264
B2037394741755N12004638WA0217502266
B2037404741760N12004630WA0217802270
B2037414741764N12004623WA0218002274
B2037424741767N12004616WA0218302278
B2037434741769N12004609WA0218502281
B2037444741771N12004602WA0218802284
B2037454741771N12004594WA0219102286
B2037464741771N12004585WA0219402288
B2037474741770N12004578WA0219602291
B2037484741769N12004571WA0219902295
B2037494741767N12004566WA0220202299
B2037504741766N12004560WA0220502303
B2037514741764N12004555WA0220802307
B2037524741761N12004549WA0221202310
B2037534741758N12004545WA0221402313
B2037544741755N12004542WA0221802315
B2037554741751N12004541WA0222002319
B2037564741747N12004540WA0222402323
B2037574741744N12004539WA0222702327
B2037584741741N12004541WA0223102331
B2037594741739N12004543WA0223402335
B2038004741736N12004547WA0223802339
B2038014741734N12004552WA0224102342
B2038024741733N12004556WA0224502347
B2038034741732N12004561WA0224802351
B2038044741733N12004566WA0225302356
B2038054741735N12004572WA0225602361
B2038064741738N12004578WA0226002364
B2038074741742N12004583WA0226302367
B2038084741748N12004586WA0226802370
B2038094741754N12004587WA0227102374
B2038104741760N12004586WA0227502376
B2038114741767N12004583WA0227802379
B2038124741772N12004578WA0228202382
B2038134741777N12004571WA0228402386
B2038144741780N12004564WA0228802390
B2038154741781N12004556WA0229102393
B2038164741782N12004548WA0229502397
B2038174741782N12004541WA0229802401
B2038184741782N12004535WA0230302406
B2038194741780N12004531WA0230602409
B2038204741777N12004527WA0231002413
B2038214741774N12004524WA0231302416
B2038224741770N12004523WA0231702420
B2038234741766N12004524WA0232002424
B2038244741762N12004525WA0232402429
B2038254741759N12004527WA0232702433
B2038264741756N12004529WA0233202438
B2038274741753N12004533WA0233602443
B2038284741750N12004536WA0234002447
B2038294741747N12004539WA0234402450
B2038304741743N12004543WA0234802454
B2038314741740N12004547WA0235102458
B2038324741737N12004551WA0235602463
B2038334741733N12004555WA0236002467
B2038344741730N12004558WA0236502472
B2038354741727N12004561WA0236802477
B2038364741723N12004564WA0237302481
B2038374741720N12004568WA0237602485
B2038384741717N12004573WA0238102488
B2038394741714N12004579WA0238402491
B2038404741710N12004584WA0238902494
B2038414741706N12004588WA0239102497
B2038424741702N12004591WA0239602500
B2038434741698N12004594WA0239902504
B2038444741695N12004596WA0240302507
B2038454741691N12004599WA0240602508
B2038464741687N12004602WA0240902509
B2038474741683N12004605WA0241102509
B2038484741678N12004610WA0241402508
B2038494741673N12004615WA0241502507
B2038504741668N12004621WA0241702507
B2038514741663N12004626WA0241802507
B2038524741658N12004631WA0241902508
B2038534741653N12004635WA0242002509
B2038544741648N12004638WA0242102509
B2038554741644N12004642WA0242202509
B2038564741638N12004646WA0242302508
B2038574741633N12004650WA0242302506
B2038584741627N12004654WA0242302504
B2038594741621N12004659WA0242302503
B2039004741616N12004663WA0242302502
B2039014741611N12004668WA0242302502
B2039024741606N12004672WA0242302502
B2039034741601N12004677WA0242202500
B2039044741595N12004682WA0242202497
B2039054741589N12004687WA0242102494
B2039064741583N12004693WA0241902491
B2039074741576N12004698WA0241802490
B2039084741570N12004703WA0241702489
B2039094741564N12004707WA0241602489
B2039104741558N12004711WA0241502488
B2039114741552N12004714WA0241402488
B2039124741546N12004718WA0241302486
B2039134741541N12004722WA0241202484
B2039144741534N12004727WA0241102481
B2039154741528N12004731WA0241002479
B2039164741522N12004735WA0240802477
B2039174741515N12004740WA0240702476
B2039184741510N12004744WA0240502475
B2039194741504N12004748WA0240402474
B2039204741499N12004753WA0240302473
B2039214741493N12004757WA0240202471
B2039224741488N12004762WA0240002469
B2039234741482N12004767WA0239902467
B2039244741476N12004771WA0239702466
B2039254741471N12004776WA0239602465
B2039264741465N12004780WA0239402464
B2039274741460N12004785WA0239302463
B2039284741455N12004788WA0239202462
B2039294741449N12004791WA0239102460
B2039304741443N12004793WA0238902458
B2039314741437N12004796WA0238802455
B2039324741430N12004800WA0238602453
B2039334741424N12004805WA0238402450
B2039344741418N12004809WA0238202448
B2039354741412N12004813WA0238102447
B2039364741406N12004817WA0237902446
B2039374741401N12004821WA0237802446
B2039384741396N12004824WA0237602445
B2039394741390N12004828WA0237502444
B2039404741385N12004832WA0237402443
B2039414741380N12004837WA0237202441
B2039424741376N12004842WA0237102439
B2039434741370N12004847WA0237002437
B2039444741365N12004851WA0236802436
B2039454741360N12004855WA0236702434
B2039464741355N12004860WA0236502433
B2039474741350N12004864WA0236402432
B2039484741345N12004868WA0236202431
B2039494741340N12004872WA0236102429
B2039504741335N12004876WA0235902427
B2039514741329N12004879WA0235802426
B2039524741324N12004882WA0235602425
B2039534741319N12004885WA0235502424
B2039544741314N12004888WA0235402423
B2039554741309N12004891WA0235302422
B2039564741304N12004893WA0235102420
B2039574741298N12004896WA0235002418
B2039584741292N12004899WA0234802415
B2039594741286N12004902WA0234702412
B2040004741280N12004906WA0234402409
B2040014741273N12004909WA0234202406
B2040024741267N12004913WA0234002404
B2040034741261N12004916WA0233802403
B2040044741256N12004919WA0233602402
B2040054741250N12004922WA0233502400
B2040064741245N12004926WA0233202398
B2040074741239N12004929WA0233102395
B2040084741233N12004933WA0232802393
B2040094741228N12004937WA0232702390
B2040104741222N12004941WA0232402387
B2040114741216N12004945WA0232202385
B2040124741211N12004949WA0232002384
B2040134741206N12004953WA0231802382
B2040144741201N12004956WA0231602381
B2040154741195N12004959WA0231402379
B2040164741190N12004962WA0231202377
B2040174741185N12004965WA0231002375
B2040184741179N12004968WA0230802372
B2040194741173N12004971WA0230602370
B2040204741168N12004975WA0230402367
B2040214741162N12004978WA0230202365
B2040224741157N12004982WA0230002364
B2040234741152N12004986WA0229802362
B2040244741146N12004990WA0229602360
B2040254741141N12004993WA0229402358
B2040264741136N12004998WA0229202356
B2040274741131N12005002WA0229002354
B2040284741126N12005007WA0228802352
B2040294741121N12005012WA0228602349
B2040304741115N12005016WA0228402347
B2040314741110N12005020WA0228202345
B2040324741104N12005024WA0228002344
B2040334741099N12005029WA0227802342
B2040344741094N12005033WA0227602340
B2040354741089N12005038WA0227402338
B2040364741085N12005043WA0227202337
B2040374741080N12005048WA0227102335
B2040384741075N12005052WA0226902334
B2040394741071N12005057WA0226702332
B2040404741066N12005061WA0226502330
B2040414741062N12005066WA0226402328
B2040424741056N12005071WA0226202326
B2040434741051N12005076WA0226002324
B2040444741045N12005080WA0225802322
B2040454741040N12005085WA0225702321
B2040464741035N12005090WA0225502320
B2040474741030N12005094WA0225402319
B2040484741025N12005098WA0225202318
B2040494741021N12005103WA0225102317
B2040504741016N12005107WA0224902315
B2040514741011N12005110WA0224802313
B2040524741006N12005115WA0224602312
B2040534741000N12005119WA0224502310
B2040544740995N12005123WA0224302309
B2040554740990N12005127WA0224202308
B2040564740985N12005131WA0224002306
B2040574740980N12005135WA0223902305
B2040584740975N12005140WA0223702304
B2040594740970N12005143WA0223602303
B2041004740965N12005147WA0223402301
B2041014740959N12005150WA0223302299
B2041024740954N12005154WA0223102297
B2041034740948N12005158WA0223002295
B2041044740942N12005161WA0222802293
B2041054740935N12005163WA0222602291
B2041064740929N12005166WA0222502290
B2041074740923N12005169WA0222402290
B2041084740918N12005173WA0222202290
B2041094740912N12005176WA0222102290
B2041104740906N12005179WA0222002288
B2041114740900N12005182WA0221902287
B2041124740894N12005185WA0221802285
B2041134740889N12005189WA0221702284
B2041144740883N12005192WA0221502283
B2041154740878N12005194WA0221402282
B2041164740872N12005196WA0221302281
B2041174740867N12005198WA0221202279
B2041184740861N12005200WA0221002277
B2041194740855N12005203WA0220902274
B2041204740850N12005206WA0220702272
B2041214740844N12005209WA0220602269
B2041224740838N12005212WA0220402267
B2041234740833N12005215WA0220202265
B2041244740827N12005217WA0220002263
B2041254740821N12005220WA0219802261
B2041264740816N12005223WA0219602259
B2041274740811N12005226WA0219502257
B2041284740806N12005230WA0219202255
B2041294740801N12005233WA0219102253
B2041304740797N12005236WA0218902252
B2041314740792N12005237WA0218802250
B2041324740787N12005239WA0218502247
B2041334740782N12005240WA0218402244
B2041344740778N12005244WA0218102241
B2041354740772N12005248WA0217902237
B2041364740767N12005252WA0217602234
B2041374740762N12005257WA0217402231
B2041384740756N12005261WA0217102228
B2041394740750N12005263WA0216902226
B2041404740745N12005266WA0216602225
B2041414740740N12005269WA0216402223
B2041424740735N12005273WA0216102220
B2041434740730N12005277WA0215902216
B2041444740725N12005282WA0215602212
B2041454740719N12005287WA0215402208
B2041464740713N12005291WA0215002205
B2041474740708N12005297WA0214802202
B2041484740702N12005302WA0214502199
B2041494740697N12005307WA0214302198
B2041504740692N12005313WA0214002196
B2041514740688N12005318WA0213802195
B2041524740684N12005323WA0213502195
B2041534740679N12005328WA0213402194
B2041544740675N12005334WA0213202192
B2041554740670N12005340WA0213002189
B2041564740664N12005346WA0212702187
B2041574740658N12005352WA0212602185
B2041584740653N12005359WA0212402185
B2041594740647N12005366WA0212202184
B2042004740641N12005373WA0212102184
B2042014740636N12005380WA0212002184
B2042024740631N12005387WA0211902184
B2042034740625N12005395WA0211802185
B2042044740620N12005403WA0211702184
B2042054740615N12005410WA0211602184
B2042064740609N12005418WA0211502184
B2042074740603N12005425WA0211502184
B2042084740598N12005433WA0211502186
B2042094740595N12005439WA0211502191
B2042104740593N12005443WA0211602197
B2042114740591N12005446WA0211802201
B2042124740590N12005450WA0212002204
B2042134740587N12005455WA0212102205
B2042144740583N12005462WA0212202203
B2042154740578N12005468WA0212302203
B2042164740574N12005474WA0212402203
B2042174740570N12005481WA0212402205
B2042184740567N12005490WA0212602207
B2042194740565N12005498WA0212702209
B2042204740563N12005505WA0212802212
B2042214740561N12005511WA0213002214
B2042224740559N12005517WA0213202215
B2042234740557N12005525WA0213302215
B2042244740553N12005533WA0213402215
B2042254740550N12005541WA0213502214
B2042264740546N12005549WA0213502214
B2042274740544N12005557WA0213602213
B2042284740542N12005566WA0213602213
B2042294740541N12005574WA0213702214
B2042304740540N12005582WA0213702214
B2042314740538N12005589WA0213802214
B2042324740536N12005597WA0213802213
B2042334740533N12005606WA0213802212
B2042344740530N12005614WA0213802213
B2042354740528N12005622WA0213902214
B2042364740524N12005630WA0213902215
B2042374740521N12005637WA0214002216
B2042384740518N12005644WA0214002217
B2042394740514N12005651WA0214102217
B2042404740510N12005658WA0214102217
B2042414740505N12005665WA0214102215
B2042424740500N12005674WA0214102213
B2042434740495N12005681WA0214102213
B2042444740490N12005688WA0214002212
B2042454740486N12005693WA0214002213
B2042464740481N12005698WA0214002213
B2042474740477N12005704WA0214002213
B2042484740472N12005710WA0214002211
B2042494740467N12005716WA0213902210
B2042504740462N12005722WA0213902209
B2042514740457N12005729WA0213802208
B2042524740452N12005736WA0213702207
B2042534740447N12005742WA0213702206
B2042544740442N12005748WA0213602205
B2042554740437N12005753WA0213502204
B2042564740433N12005758WA0213402202
B2042574740429N12005764WA0213402201
B2042584740424N12005769WA0213202199
B2042594740420N12005773WA0213102196
B2043004740415N12005777WA0212902192
B2043014740409N12005782WA0212802188
B2043024740402N12005785WA0212602184
B2043034740396N12005788WA0212402182
B2043044740389N12005791WA0212102181
B2043054740383N12005794WA0212002179
B2043064740378N12005797WA0211802179
B2043074740373N12005800WA0211702177
B2043084740368N12005804WA0211402175
B2043094740362N12005810WA0211302171
B2043104740355N12005815WA0211002167
B2043114740349N12005820WA0210802166
B2043124740343N12005824WA0210602167
B2043134740338N12005829WA0210502168
B2043144740334N12005834WA0210402168
B2043154740330N12005840WA0210302168
B2043164740325N12005847WA0210202167
B2043174740320N12005853WA0210102166
B2043184740315N12005859WA0210002165
B2043194740310N12005864WA0209902166
B2043204740305N12005868WA0209902167
B2043214740301N12005873WA0209802168
B2043224740297N12005878WA0209802168
B2043234740293N12005883WA0209802168
B2043244740287N12005887WA0209702167
B2043254740282N12005892WA0209702166
B2043264740278N12005896WA0209602166
B2043274740273N12005900WA0209602166
B2043284740268N12005904WA0209502166
B2043294740264N12005908WA0209502166
B2043304740259N12005912WA0209502166
B2043314740254N12005916WA0209502165
B2043324740250N12005920WA0209402164
B2043334740245N12005925WA0209402163
B2043344740240N12005930WA0209302161
B2043354740234N12005935WA0209202159
B2043364740228N12005941WA0209102157
B2043374740222N12005948WA0209002156
B2043384740216N12005955WA0208902155
B2043394740210N12005962WA0208802155
B2043404740205N12005968WA0208702156
B2043414740200N12005974WA0208702156
B2043424740195N12005979WA0208602156
B2043434740189N12005985WA0208602156
B2043444740184N12005991WA0208502154
B2043454740177N12005998WA0208402153
B2043464740171N12006005WA0208402152
B2043474740166N12006012WA0208302151
B2043484740160N12006019WA0208202151
B2043494740155N12006025WA0208202150
B2043504740149N12006032WA0208102148
B2043514740142N12006038WA0208002146
B2043524740136N12006045WA0207902144
B2043534740130N12006053WA0207802142
B2043544740124N12006060WA0207602141
B2043554740118N12006065WA0207502141
B2043564740112N12006070WA0207402141
B2043574740106N12006073WA0207402140
B2043584740099N12006077WA0207202137
B2043594740092N12006082WA0207102134
B2044004740085N12006087WA0206902130
B2044014740077N12006093WA0206802125
B2044024740070N12006099WA0206502121
B2044034740062N12006106WA0206302116
B2044044740055N12006113WA0205902112
B2044054740048N12006120WA0205702109
B2044064740041N12006127WA0205302106
B2044074740035N12006134WA0205102103
B2044084740028N12006141WA0204802100
B2044094740022N12006148WA0204502096
B2044104740016N12006155WA0204202092
B2044114740009N12006161WA0203902089
B2044124740002N12006167WA0203502086
B2044134739996N12006172WA0203302082
B2044144739989N12006178WA0202902079
B2044154739982N12006185WA0202702075
B2044164739976N12006192WA0202302071
B2044174739969N12006198WA0202002068
B2044184739963N12006204WA0201602066
B2044194739957N12006211WA0201402064
B2044204739951N12006218WA0201002061
B2044214739945N12006225WA0200802058
B2044224739939N12006232WA0200502055
B2044234739933N12006238WA0200202052
B2044244739926N12006244WA0199902050
B2044254739920N12006249WA0199702047
B2044264739914N12006255WA0199302045
B2044274739908N12006261WA0199102042
B2044284739902N12006267WA0198702038
B2044294739896N12006274WA0198502035
B2044304739889N12006281WA0198202032
B2044314739883N12006288WA0198002030
B2044324739877N12006295WA0197602029
B2044334739871N12006301WA0197502028
B2044344739866N12006308WA0197202028
B2044354739861N12006314WA0197102027
B2044364739856N12006320WA0196802027
B2044374739852N12006326WA0196702025
B2044384739847N12006333WA0196502023
B2044394739842N12006340WA0196302020
B2044404739837N12006347WA0196102018
B2044414739832N12006355WA0195902015
B2044424739827N12006362WA0195702012
B2044434739822N12006370WA0195502010
B2044444739817N12006377WA0195202008
B2044454739812N12006383WA0195102006
B2044464739808N12006389WA0194802004
B2044474739803N12006395WA0194602002
B2044484739798N12006400WA0194401999
B2044494739794N12006407WA0194201996
B2044504739789N12006413WA0193901993
B2044514739784N12006420WA0193701989
B2044524739778N12006428WA0193401985
B2044534739772N12006435WA0193101981
B2044544739766N12006442WA0192801978
B2044554739760N12006447WA0192601977
B2044564739755N12006452WA0192301975
B2044574739750N12006457WA0192101973
B2044584739744N12006462WA0191801971
B2044594739737N12006468WA0191601968
B2045004739731N12006474WA0191301965
B2045014739725N12006481WA0191201963
B2045024739720N12006490WA0190901961
B2045034739715N12006499WA0190701961
B2045044739711N12006508WA0190501962
B2045054739707N12006516WA0190401963
B2045064739703N12006523WA0190301964
B2045074739698N12006530WA0190201964
B2045084739694N12006536WA0190101964
B2045094739688N12006542WA0190101963
B2045104739682N12006548WA0190001963
B2045114739676N12006554WA0189901962
B2045124739671N12006561WA0189801962
B2045134739665N12006567WA0189801962
B2045144739660N12006573WA0189701962
B2045154739655N12006580WA0189701961
B2045164739650N12006587WA0189601959
B2045174739644N12006594WA0189501957
B2045184739638N12006600WA0189401956
B2045194739632N12006607WA0189401956
B2045204739626N12006614WA0189301956
B2045214739621N12006621WA0189201957
B2045224739616N12006628WA0189201957
B2045234739611N12006634WA0189201958
B2045244739605N12006640WA0189201959
B2045254739600N12006645WA0189201959
B2045264739594N12006651WA0189201958
B2045274739588N12006657WA0189101956
B2045284739582N12006664WA0189001953
B2045294739575N12006671WA0189001951
B2045304739568N12006678WA0188801949
B2045314739562N12006685WA0188801949
B2045324739556N12006692WA0188701950
B2045334739551N12006699WA0188701950
B2045344739547N12006705WA0188601949
B2045354739542N12006711WA0188601947
B2045364739537N12006717WA0188501945
B2045374739532N12006724WA0188401942
B2045384739526N12006732WA0188201939
B2045394739521N12006740WA0188001935
B2045404739515N12006748WA0187901934
B2045414739509N12006756WA0187701932
B2045424739503N12006764WA0187601932
B2045434739498N12006772WA0187501933
B2045444739493N12006779WA0187401934
B2045454739488N12006785WA0187301934
B2045464739484N12006790WA0187301935
B2045474739479N12006796WA0187201935
B2045484739474N12006801WA0187201935
B2045494739468N12006805WA0187101933
B2045504739462N12006811WA0187001930
B2045514739455N12006817WA0186901927
B2045524739448N12006823WA0186801925
B2045534739441N12006829WA0186701923
B2045544739435N12006835WA0186501923
B2045554739429N12006841WA0186401923
B2045564739423N12006847WA0186301922
B2045574739417N12006854WA0186201921
B2045584739412N12006862WA0186101921
B2045594739406N12006868WA0186001920
B2046004739400N12006875WA0185901919
B2046014739394N12006880WA0185801919
B2046024739389N12006885WA0185801919
B2046034739383N12006891WA0185701919
B2046044739378N12006896WA0185601918
B2046054739372N12006902WA0185501916
B2046064739366N12006908WA0185401914
B2046074739359N12006914WA0185301912
B2046084739353N12006922WA0185201911
B2046094739347N12006929WA0185101910
B2046104739343N12006935WA0185001910
B2046114739338N12006941WA0184901911
B2046124739333N12006946WA0184801910
B2046134739328N12006951WA0184801908
B2046144739323N12006955WA0184601906
B2046154739317N12006960WA0184501903
B2046164739311N12006965WA0184401900
B2046174739305N12006969WA0184201898
B2046184739299N12006974WA0184001896
B2046194739293N12006980WA0183901894
B2046204739287N12006985WA0183701893
B2046214739281N12006991WA0183601892
B2046224739276N12006997WA0183401890
B2046234739271N12007004WA0183301890
B2046244739266N12007010WA0183101888
B2046254739261N12007017WA0183001887
B2046264739256N12007023WA0182801886
B2046274739251N12007029WA0182701884
B2046284739245N12007034WA0182601883
B2046294739240N12007039WA0182501882
B2046304739235N12007043WA0182301881
B2046314739230N12007048WA0182201881
B2046324739226N12007051WA0182201885
B2046334739223N12007054WA0182201888
B2046344739220N12007057WA0182201890
B2046354739218N12007061WA0182201891
B2046364739216N12007066WA0182301891
B2046374739214N12007072WA0182301890
B2046384739211N12007078WA0182301890
B2046394739209N12007084WA0182301892
B2046404739206N12007088WA0182401892
B2046414739203N12007092WA0182401893
B2046424739201N12007097WA0182401894
B2046434739201N12007103WA0182501894
B2046444739201N12007110WA0182501894
B2046454739201N12007117WA0182501893
B2046464739202N12007123WA0182501892
B2046474739201N12007130WA0182501892
B2046484739201N12007137WA0182501891
B2046494739200N12007143WA0182501891
B2046504739198N12007149WA0182501890
B2046514739196N12007156WA0182401888
B2046524739194N12007162WA0182401887
B2046534739191N12007168WA0182301886
B2046544739188N12007175WA0182201884
B2046554739185N12007182WA0182201884
B2046564739182N12007188WA0182101886
B2046574739181N12007193WA0182201889
B2046584739180N12007198WA0182201891
B2046594739179N12007203WA0182201892
B2047004739178N12007209WA0182301891
B2047014739176N12007215WA0182301890
B2047024739173N12007221WA0182301888
B2047034739170N12007227WA0182201887
B2047044739168N12007233WA0182201886
B2047054739166N12007240WA0182201886
B2047064739165N12007248WA0182101885
B2047074739163N12007256WA0182101884
B2047084739162N12007264WA0182101885
B2047094739161N12007271WA0182001885
B2047104739160N12007278WA0182001886
B2047114739160N12007285WA0182001887
B2047124739160N12007292WA0182001887
B2047134739161N12007299WA0182001887
B2047144739161N12007305WA0182001886
B2047154739160N12007312WA0182001885
B2047164739160N12007320WA0181901883
B2047174739158N12007329WA0181901881
B2047184739158N12007337WA0181801880
B2047194739157N12007344WA0181701881
B2047204739157N12007350WA0181701881
B2047214739156N12007357WA0181701881
B2047224739155N12007364WA0181601879
B2047234739154N12007372WA0181501877
B2047244739154N12007380WA0181401875
B2047254739154N12007389WA0181301874
B2047264739154N12007398WA0181201874
B2047274739154N12007406WA0181201874
B2047284739154N12007413WA0181101875
B2047294739154N12007421WA0181101875
B2047304739154N12007429WA0181001875
B2047314739154N12007437WA0181001874
B2047324739153N12007446WA0180901874
B2047334739153N12007455WA0180901873
B2047344739153N12007464WA0180801873
B2047354739154N12007472WA0180801872
B2047364739153N12007481WA0180801872
B2047374739153N12007489WA0180701871
B2047384739151N12007498WA0180601870
B2047394739150N12007506WA0180601868
B2047404739150N12007515WA0180501867
B2047414739149N12007524WA0180401866
B2047424739149N12007534WA0180301865
B2047434739149N12007543WA0180301864
B2047444739149N12007552WA0180201862
B2047454739149N12007562WA0180101861
B2047464739149N12007572WA0180001860
B2047474739148N12007581WA0179901861
B2047484739147N12007590WA0179801862
B2047494739146N12007597WA0179901865
B2047504739146N12007603WA0179901868
B2047514739145N12007609WA0179901870
B2047524739145N12007616WA0180001871
B2047534739144N12007623WA0180101872
B2047544739145N12007630WA0180201873
B2047554739146N12007636WA0180201875
B2047564739147N12007643WA0180301877
B2047574739149N12007650WA0180401879
B2047584739152N12007656WA0180601881
B2047594739155N12007662WA0180701883
B2048004739159N12007666WA0180801885
B2048014739164N12007670WA0181001886
B2048024739169N12007672WA0181101887
B2048034739175N12007673WA0181201888
B2048044739181N12007672WA0181401890
B2048054739186N12007671WA0181501891
B2048064739192N12007668WA0181601892
B2048074739196N12007664WA0181701892
B2048084739200N12007658WA0181801891
B2048094739202N12007651WA0181901890
B2048104739203N12007643WA0181901889
B2048114739201N12007637WA0181901889
B2048124739198N12007633WA0181901889
B2048134739194N12007632WA0181901888
B2048144739190N12007634WA0182001888
B2048154739186N12007638WA0182001887
B2048164739182N12007643WA0182001887
B2048174739179N12007649WA0182001887
B2048184739177N12007656WA0182001887
B2048194739175N12007662WA0182001889
B2048204739174N12007669WA0182101891
B2048214739174N12007675WA0182101892
B2048224739175N12007682WA0182201893
B2048234739176N12007690WA0182301895
B2048244739178N12007698WA0182301895
B2048254739178N12007705WA0182401896
B2048264739178N12007713WA0182501898
B2048274739178N12007721WA0182601900
B2048284739178N12007729WA0182701902
B2048294739177N12007736WA0182801904
B2048304739177N12007743WA0183001907
B2048314739177N12007749WA0183101909
B2048324739177N12007755WA0183301911
B2048334739178N12007762WA0183401914
B2048344739179N12007768WA0183601916
B2048354739182N12007774WA0183801918
B2048364739186N12007779WA0184001919
B2048374739191N12007785WA0184101920
B2048384739196N12007789WA0184301922
B2048394739201N12007792WA0184401924
B2048404739207N12007792WA0184601926
B2048414739212N12007789WA0184701927
B2048424739217N12007784WA0184901927
B2048434739220N12007777WA0185001928
B2048444739223N12007768WA0185201928
B2048454739223N12007760WA0185301929
B2048464739221N12007753WA0185401930
B2048474739218N12007749WA0185501931
B2048484739215N12007747WA0185601932
B2048494739211N12007746WA0185701933
B2048504739208N12007746WA0185801935
B2048514739204N12007747WA0185901936
B2048524739200N12007747WA0186101938
B2048534739196N12007749WA0186201939
B2048544739193N12007752WA0186301940
B2048554739190N12007758WA0186401942
B2048564739188N12007764WA0186601943
B2048574739187N12007771WA0186701945
B2048584739186N12007778WA0186901948
B2048594739185N12007785WA0187001950
B2049004739185N12007792WA0187201952
B2049014739186N12007799WA0187301954
B2049024739189N12007805WA0187501956
B2049034739193N12007811WA0187701957
B2049044739199N12007815WA0187901958
B2049054739206N12007816WA0188001960
B2049064739212N12007814WA0188101961
B2049074739218N12007810WA0188301963
B2049084739223N12007804WA0188501964
B2049094739225N12007796WA0188601966
B2049104739225N12007789WA0188701967
B2049114739223N12007783WA0188901968
B2049124739219N12007778WA0189001969
B2049134739215N12007775WA0189101970
B2049144739211N12007772WA0189301972
B2049154739207N12007770WA0189401975
B2049164739203N12007768WA0189601977
B2049174739199N12007767WA0189701978
B2049184739195N12007768WA0189901980
B2049194739192N12007770WA0190101982
B2049204739189N12007774WA0190301984
B2049214739187N12007779WA0190401986
B2049224739187N12007785WA0190601987
B2049234739188N12007793WA0190701988
B2049244739192N12007799WA0190901989
B2049254739198N12007802WA0191001989
B2049264739205N12007801WA0191101989
B2049274739210N12007795WA0191201989
B2049284739212N12007787WA0191301991
B2049294739212N12007779WA0191401993
B2049304739209N12007774WA0191601996
B2049314739206N12007771WA0191701998
B2049324739202N12007770WA0191902000
B2049334739198N12007768WA0192102002
B2049344739194N12007765WA0192302004
B2049354739190N12007762WA0192402005
B2049364739188N12007757WA0192602006
B2049374739186N12007751WA0192702009
B2049384739187N12007744WA0192902010
B2049394739190N12007738WA0193002012
B2049404739194N12007732WA0193202012
B2049414739200N12007730WA0193302013
B2049424739206N12007730WA0193502014
B2049434739212N12007732WA0193602015
B2049444739217N12007738WA0193702017
B2049454739220N12007745WA0193802019
B2049464739221N12007753WA0194002019
B2049474739221N12007761WA0194102021
B2049484739220N12007768WA0194202022
B2049494739219N12007774WA0194302023
B2049504739217N12007780WA0194402024
B2049514739214N12007785WA0194502025
B2049524739210N12007790WA0194702026
B2049534739207N12007795WA0194802027
B2049544739203N12007799WA0194902028
B2049554739199N12007803WA0195002030
B2049564739195N12007808WA0195102032
B2049574739192N12007813WA0195302034
B2049584739189N12007818WA0195402036
B2049594739187N12007823WA0195602039
B2050004739184N12007828WA0195802042
B2050014739183N12007832WA0195902044
B2050024739181N12007837WA0196202045
B2050034739180N12007842WA0196302045
B2050044739177N12007847WA0196402045
B2050054739173N12007851WA0196502044
B2050064739169N12007855WA0196602043
B2050074739164N12007858WA0196602042
B2050084739159N12007861WA0196702042
B2050094739155N12007864WA0196702043
B2050104739150N12007867WA0196802043
B2050114739145N12007869WA0196802043
B2050124739140N12007873WA0196802042
B2050134739135N12007876WA0196802041
B2050144739129N12007880WA0196802039
B2050154739123N12007884WA0196802038
B2050164739118N12007887WA0196802039
B2050174739113N12007889WA0196802041
B2050184739109N12007891WA0196802042
B2050194739104N12007893WA0196802042
B2050204739099N12007896WA0196802041
B2050214739093N12007899WA0196802039
B2050224739087N12007902WA0196802037
B2050234739081N12007905WA0196802037
B2050244739075N12007909WA0196702038
B2050254739069N12007913WA0196702038
B2050264739064N12007917WA0196702038
B2050274739059N12007920WA0196702038
B2050284739054N12007922WA0196702037
B2050294739049N12007924WA0196602035
B2050304739045N12007925WA0196602033
B2050314739041N12007928WA0196502030
B2050324739037N12007931WA0196302024
B2050334739032N12007934WA0196102018
B2050344739026N12007938WA0195802013
B2050354739021N12007941WA0195602008
B2050364739016N12007944WA0195302005
B2050374739011N12007947WA0195102003
B2050384739005N12007950WA0194802001
B2050394738999N12007953WA0194601999
B2050404738994N12007956WA0194401999
B2050414738989N12007957WA0194202001
B2050424738984N12007959WA0194102003
B2050434738978N12007960WA0194002003
B2050444738972N12007962WA0193902003
B2050454738967N12007964WA0193802002
B2050464738961N12007966WA0193802004
B2050474738957N12007967WA0193802006
B2050484738953N12007968WA0193802008
B2050494738947N12007970WA0193802008
B2050504738942N12007972WA0193802008
B2050514738936N12007974WA0193802010
B2050524738932N12007976WA0193902014
B2050534738928N12007977WA0194002018
B2050544738925N12007977WA0194202022
B2050554738922N12007977WA0194302024
B2050564738918N12007976WA0194502025
B2050574738914N12007975WA0194602027
B2050584738910N12007975WA0194702028
B2050594738907N12007976WA0194902030
B2051004738904N12007977WA0195102032
B2051014738900N12007978WA0195202034
B2051024738896N12007979WA0195402035
B2051034738891N12007980WA0195502036
B2051044738886N12007980WA0195702038
B2051054738881N12007981WA0195802039
B2051064738876N12007983WA0195902041
B2051074738872N12007985WA0196102043
B2051084738869N12007987WA0196302044
B2051094738865N12007989WA0196402044
B2051104738861N12007991WA0196502044
B2051114738856N12007992WA0196602043
B2051124738851N12007993WA0196602043
B2051134738846N12007996WA0196702042
B2051144738842N12007999WA0196802043
B2051154738838N12008002WA0196802043
B2051164738834N12008005WA0196902043
B2051174738831N12008007WA0196902043
B2051184738827N12008011WA0196902042
B2051194738823N12008014WA0196902041
B2051204738818N12008017WA0196902040
B2051214738813N12008019WA0196902040
B2051224738809N12008021WA0197002043
B2051234738806N12008022WA0197002046
B2051244738803N12008024WA0197102048
B2051254738801N12008026WA0197202049
B2051264738797N12008028WA0197302048
B2051274738791N12008031WA0197302047
B2051284738785N12008035WA0197402047
B2051294738780N12008039WA0197402049
B2051304738776N12008042WA0197502052
B2051314738772N12008044WA0197602054
B2051324738768N12008047WA0197702056
B2051334738763N12008049WA0197802056
B2051344738757N12008051WA0197902057
B2051354738752N12008054WA0198002057
B2051364738747N12008057WA0198102058
B2051374738741N12008059WA0198202059
B2051384738736N12008059WA0198302061
B2051394738732N12008058WA0198402063
B2051404738727N12008057WA0198502065
B2051414738721N12008057WA0198602066
B2051424738716N12008058WA0198802068
B2051434738711N12008059WA0198902071
B2051444738707N12008063WA0199102074
B2051454738704N12008068WA0199302077
B2051464738703N12008075WA0199502080
B2051474738702N12008083WA0199702082
B2051484738702N12008091WA0199902083
B2051494738702N12008100WA0200002085
B2051504738703N12008109WA0200302087
B2051514738706N12008116WA0200402089
B2051524738710N12008121WA0200602091
B2051534738715N12008124WA0200802092
B2051544738720N12008125WA0201002093
B2051554738726N12008123WA0201102094
B2051564738730N12008119WA0201302095
B2051574738732N12008114WA0201402096
B2051584738732N12008107WA0201602097
B2051594738730N12008101WA0201702098
B2052004738727N12008096WA0201802101
B2052014738723N12008092WA0202002103
B2052024738719N12008090WA0202202106
B2052034738715N12008089WA0202302108
B2052044738711N12008089WA0202502110
B2052054738708N12008088WA0202702113
B2052064738704N12008088WA0202902115
B2052074738701N12008087WA0203102116
B2052084738696N12008088WA0203302117
B2052094738691N12008090WA0203402118
B2052104738686N12008092WA0203602120
B2052114738681N12008095WA0203702122
B2052124738676N12008097WA0204002125
B2052134738672N12008099WA0204102127
B2052144738667N12008102WA0204302129
B2052154738662N12008104WA0204502130
B2052164738658N12008107WA0204702131
B2052174738652N12008109WA0204802131
B2052184738647N12008112WA0204902131
B2052194738642N12008114WA0205002130
B2052204738637N12008116WA0205102129
B2052214738631N12008118WA0205102127
B2052224738625N12008119WA0205102125
B2052234738618N12008121WA0205102123
B2052244738611N12008124WA0205002120
B2052254738603N12008127WA0205002120
B2052264738598N12008128WA0205002124
B2052274738593N12008128WA0205102130
B2052284738591N12008128WA0205302135
B2052294738588N12008127WA0205402138
B2052304738586N12008127WA0205602139
B2052314738582N12008127WA0205702139
B2052324738578N12008127WA0205902139
B2052334738573N12008127WA0205902139
B2052344738569N12008129WA0206002140
B2052354738564N12008132WA0206102141
B2052364738559N12008135WA0206202142
B2052374738555N12008138WA0206302143
B2052384738551N12008141WA0206402143
B2052394738546N12008143WA0206502144
B2052404738542N12008144WA0206502144
B2052414738538N12008146WA0206602146
B2052424738534N12008148WA0206702147
B2052434738530N12008149WA0206802148
B2052444738526N12008149WA0206902149
B2052454738521N12008150WA0207002149
B2052464738516N12008153WA0207002148
B2052474738511N12008157WA0207102147
B2052484738505N12008160WA0207102149
B2052494738501N12008162WA0207202152
B2052504738497N12008164WA0207402156
B2052514738494N12008166WA0207502159
B2052524738491N12008169WA0207702161
B2052534738487N12008172WA0207802162
B2052544738483N12008176WA0208002162
B2052554738478N12008180WA0208102163
B2052564738473N12008182WA0208202165
B2052574738468N12008183WA0208302168
B2052584738463N12008184WA0208502170
B2052594738459N12008187WA0208702172
B2053004738455N12008190WA0208902174
B2053014738450N12008192WA0209002175
B2053024738446N12008195WA0209202175
B2053034738441N12008196WA0209302175
B2053044738437N12008197WA0209402176
B2053054738434N12008199WA0209502176
B2053064738429N12008200WA0209602175
B2053074738423N12008202WA0209602172
B2053084738417N12008204WA0209602170
B2053094738410N12008207WA0209502167
B2053104738403N12008211WA0209502167
B2053114738398N12008214WA0209502169
B2053124738393N12008216WA0209602173
B2053134738389N12008218WA0209602176
B2053144738385N12008220WA0209802177
B2053154738380N12008224WA0209802178
B2053164738375N12008228WA0209902177
B2053174738370N12008231WA0209902176
B2053184738364N12008234WA0210002176
B2053194738358N12008237WA0210002176
B2053204738352N12008239WA0210002175
B2053214738346N12008241WA0210002174
B2053224738340N12008242WA0210002172
B2053234738334N12008244WA0209902170
B2053244738327N12008245WA0209902168
B2053254738321N12008247WA0209802166
B2053264738314N12008249WA0209702164
B2053274738307N12008251WA0209602162
B2053284738301N12008254WA0209502161
B2053294738296N12008256WA0209402160
B2053304738290N12008258WA0209302159
B2053314738285N12008260WA0209202158
B2053324738280N12008262WA0209002155
B2053334738274N12008265WA0208902152
B2053344738268N12008268WA0208702149
B2053354738262N12008271WA0208502145
B2053364738256N12008275WA0208302143
B2053374738251N12008278WA0208102141
B2053384738246N12008280WA0207902138
B2053394738241N12008283WA0207702136
B2053404738236N12008286WA0207502133
B2053414738231N12008290WA0207302130
B2053424738225N12008294WA0207002126
B2053434738219N12008298WA0206802122
B2053444738212N12008302WA0206502119
B2053454738205N12008306WA0206202115
B2053464738198N12008309WA0205902112
B2053474738191N12008312WA0205602108
B2053484738185N12008315WA0205302106
B2053494738179N12008317WA0205102103
B2053504738173N12008320WA0204802100
B2053514738166N12008323WA0204502096
B2053524738158N12008325WA0204102092
B2053534738151N12008328WA0203902088
B2053544738143N12008331WA0203502084
B2053554738135N12008333WA0203202081
B2053564738128N12008337WA0202802079
B2053574738121N12008340WA0202602076
B2053584738114N12008344WA0202202074
B2053594738107N12008347WA0202002072
B2054004738100N12008350WA0201702070
B2054014738093N12008352WA0201502068
B2054024738086N12008354WA0201202066
B2054034738079N12008356WA0201002065
B2054044738072N12008359WA0200802065
B2054054738065N12008361WA0200702066
B2054064738058N12008364WA0200502066
B2054074738051N12008366WA0200402066
B2054084738043N12008368WA0200302065
B2054094738034N12008369WA0200202064
B2054104738025N12008370WA0200002064
B2054114738017N12008371WA0200002064
B2054124738009N12008373WA0199902066
B2054134738001N12008375WA0199902067
B2054144737994N12008377WA0199802068
B2054154737986N12008379WA0199802069
B2054164737978N12008382WA0199802069
B2054174737969N12008385WA0199802070
B2054184737961N12008388WA0199902071
B2054194737953N12008391WA0199902072
B2054204737945N12008393WA0199902072
B2054214737936N12008396WA0199902073
B2054224737928N12008399WA0200002074
B2054234737920N12008402WA0200002074
B2054244737911N12008404WA0200102076
B2054254737903N12008407WA0200102077
B2054264737896N12008410WA0200202079
B2054274737888N12008414WA0200302080
B2054284737880N12008417WA0200402081
B2054294737873N12008419WA0200502082
B2054304737865N12008421WA0200502083
B2054314737857N12008422WA0200602083
B2054324737849N12008424WA0200702082
B2054334737840N12008426WA0200702082
B2054344737832N12008428WA0200702082
B2054354737823N12008429WA0200802083
B2054364737815N12008429WA0200802083
B2054374737807N12008429WA0200902084
B2054384737799N12008429WA0200902084
B2054394737791N12008429WA0200902083
B2054404737782N12008430WA0201002082
B2054414737774N12008432WA0200902081
B2054424737766N12008435WA0200902080
B2054434737759N12008437WA0200902080
B2054444737751N12008439WA0200902080
B2054454737744N12008439WA0200902080
B2054464737737N12008438WA0200902080
B2054474737729N12008438WA0200902080
B2054484737721N12008438WA0200802080
B2054494737713N12008439WA0200802080
B2054504737704N12008441WA0200802079
B2054514737696N12008442WA0200702077
B2054524737688N12008444WA0200702077
B2054534737680N12008445WA0200702076
B2054544737673N12008447WA0200602075
B2054554737665N12008449WA0200502073
B2054564737657N12008451WA0200402070
B2054574737649N12008453WA0200302069
B2054584737642N12008455WA0200302070
B2054594737637N12008456WA0200302072
B2055004737632N12008457WA0200302074
B2055014737627N12008458WA0200302075
B2055024737621N12008460WA0200302074
B2055034737615N12008461WA0200202073
B2055044737608N12008461WA0200202072
B2055054737602N12008461WA0200202071
B2055064737596N12008461WA0200202072
B2055074737590N12008461WA0200202072
B2055084737585N12008461WA0200102071
B2055094737580N12008461WA0200102070
B2055104737574N12008460WA0200002067
B2055114737567N12008459WA0199902064
B2055124737561N12008457WA0199802061
B2055134737554N12008457WA0199602058
B2055144737547N12008456WA0199502056
B2055154737539N12008456WA0199302053
B2055164737532N12008455WA0199102051
B2055174737525N12008455WA0199002049
B2055184737517N12008453WA0198802049
B2055194737510N12008452WA0198702049
B2055204737503N12008450WA0198602050
B2055214737496N12008450WA0198502050
B2055224737489N12008449WA0198502052
B2055234737482N12008447WA0198402054
B2055244737475N12008445WA0198502058
B2055254737470N12008444WA0198602062
B2055264737465N12008444WA0198702066
B2055274737460N12008446WA0198802070
B2055284737457N12008451WA0199002072
B2055294737454N12008457WA0199102073
B2055304737452N12008464WA0199302075
B2055314737451N12008471WA0199402077
B2055324737452N12008477WA0199702080
B2055334737454N12008482WA0199802081
B2055344737458N12008486WA0200002082
B2055354737462N12008489WA0200102083
B2055364737467N12008489WA0200302085
B2055374737471N12008485WA0200402086
B2055384737473N12008478WA0200602089
B2055394737473N12008471WA0200702092
B2055404737471N12008464WA0201002096
B2055414737469N12008457WA0201202100
B2055424737466N12008451WA0201502103
B2055434737464N12008445WA0201702106
B2055444737461N12008439WA0202002109
B2055454737456N12008434WA0202202111
B2055464737451N12008430WA0202402112
B2055474737445N12008427WA0202602114
B2055484737439N12008425WA0202802115
B2055494737433N12008423WA0203002117
B2055504737427N12008422WA0203202119
B2055514737421N12008422WA0203402121
B2055524737415N12008423WA0203702124
B2055534737409N12008426WA0203802126
B2055544737404N12008430WA0204102130
B2055554737400N12008434WA0204302133
B2055564737397N12008439WA0204602137
B2055574737395N12008445WA0204802141
B2055584737394N12008451WA0205202144
B2055594737394N12008458WA0205402147
B2056004737396N12008463WA0205702150
B2056014737399N12008466WA0205902152
B2056024737402N12008466WA0206302154
B2056034737406N12008462WA0206402155
B2056044737410N12008456WA0206702156
B2056054737412N12008448WA0206902158
B2056064737413N12008440WA0207202162
B2056074737411N12008432WA0207402166
B2056084737408N12008426WA0207702170
B2056094737405N12008420WA0208002173
B2056104737402N12008415WA0208302176
B2056114737399N12008409WA0208502178
B2056124737395N12008403WA0208802180
B2056134737391N12008398WA0209002182
B2056144737386N12008394WA0209302185
B2056154737381N12008392WA0209502188
B2056164737376N12008392WA0209802191
B2056174737372N12008393WA0210102193
B2056184737367N12008395WA0210302194
B2056194737362N12008398WA0210502196
B2056204737357N12008399WA0210802197
B2056214737352N12008399WA0210902198
B2056224737347N12008400WA0211202200
B2056234737341N12008401WA0211302201
B2056244737336N12008404WA0211502202
B2056254737330N12008407WA0211602203
B2056264737325N12008410WA0211802204
B2056274737319N12008411WA0212002206
B2056284737313N12008413WA0212102207
B2056294737307N12008415WA0212302207
B2056304737300N12008417WA0212402207
B2056314737293N12008420WA0212502207
B2056324737286N12008424WA0212602208
B2056334737279N12008428WA0212702209
B2056344737273N12008431WA0212902213
B2056354737267N12008436WA0213002216
B2056364737261N12008441WA0213202219
B2056374737256N12008447WA0213402222
B2056384737251N12008451WA0213602225
B2056394737245N12008454WA0213802228
B2056404737239N12008454WA0214102230
B2056414737232N12008453WA0214202232
B2056424737226N12008453WA0214502234
B2056434737220N12008452WA0214702237
B2056444737215N12008452WA0214902239
B2056454737209N12008452WA0215102241
B2056464737203N12008453WA0215302242
B2056474737196N12008453WA0215502244
B2056484737189N12008454WA0215702245
B2056494737183N12008456WA0215802245
B2056504737176N12008459WA0216002247
B2056514737170N12008461WA0216102248
B2056524737164N12008463WA0216302249
B2056534737159N12008465WA0216502251
B2056544737154N12008467WA0216602251
B2056554737149N12008469WA0216702250
B2056564737143N12008471WA0216802247
B2056574737137N12008473WA0216802243
B2056584737130N12008476WA0216702239
B2056594737123N12008480WA0216702237
B2057004737117N12008483WA0216502234
B2057014737111N12008488WA0216402230
B2057024737104N12008492WA0216202226
B2057034737097N12008496WA0216002220
B2057044737089N12008500WA0215702215
B2057054737082N12008504WA0215502210
B2057064737075N12008507WA0215202206
B2057074737069N12008511WA0214902203
B2057084737062N12008514WA0214602200
B2057094737056N12008517WA0214302196
B2057104737049N12008521WA0213902191
B2057114737042N12008525WA0213702187
B2057124737035N12008529WA0213302183
B2057134737028N12008532WA0213002180
B2057144737022N12008535WA0212602177
B2057154737015N12008538WA0212402174
B2057164737008N12008541WA0212002172
B2057174737000N12008544WA0211802168
B2057184736993N12008548WA0211402166
B2057194736986N12008551WA0211202164
B2057204736979N12008555WA0210802162
B2057214736972N12008558WA0210602160
B2057224736966N12008561WA0210302157
B2057234736960N12008564WA0210102155
B2057244736953N12008568WA0209802153
B2057254736947N12008572WA0209602150
B2057264736941N12008576WA0209302147
B2057274736934N12008580WA0209102143
B2057284736927N12008583WA0208702141
B2057294736921N12008586WA0208502138
B2057304736915N12008589WA0208202136
B2057314736909N12008593WA0208002134
B2057324736902N12008596WA0207702131
B2057334736896N12008599WA0207502128
B2057344736890N12008602WA0207202126
B2057354736884N12008606WA0207002124
B2057364736878N12008610WA0206702122
B2057374736872N12008614WA0206502120
B2057384736866N12008618WA0206202117
B2057394736859N12008623WA0206002113
B2057404736851N12008627WA0205702109
B2057414736844N12008631WA0205402106
B2057424736837N12008633WA0205102105
B2057434736832N12008635WA0205002106
B2057444736827N12008637WA0204802106
B2057454736823N12008640WA0204602104
B2057464736817N12008644WA0204402100
B2057474736809N12008647WA0204102096
B2057484736801N12008651WA0203802091
B2057494736792N12008654WA0203602087
B2057504736784N12008657WA0203202086
B2057514736776N12008660WA0203002086
B2057524736769N12008663WA0202802086
B2057534736762N12008666WA0202602085
B2057544736755N12008668WA0202402084
B2057554736748N12008670WA0202302082
B2057564736740N12008671WA0202002080
B2057574736734N12008671WA0201902082
B2057584736729N12008671WA0201802085
B2057594736725N12008672WA0201802088
B2058004736721N12008672WA0201802088
B2058014736716N12008673WA0201802087
B2058024736710N12008674WA0201702084
B2058034736703N12008676WA0201602082
B2058044736695N12008678WA0201502081
B2058054736688N12008679WA0201502081
B2058064736681N12008680WA0201402082
B2058074736674N12008682WA0201402082
B2058084736666N12008685WA0201302082
B2058094736658N12008688WA0201302083
B2058104736650N12008691WA0201402086
B2058114736643N12008694WA0201402090
B2058124736636N12008697WA0201502094
B2058134736631N12008699WA0201702099
B2058144736626N12008701WA0201902103
B2058154736621N12008703WA0202002106
B2058164736616N12008704WA0202302108
B2058174736610N12008706WA0202402108
B2058184736604N12008707WA0202602108
B2058194736598N12008708WA0202702109
B2058204736592N12008710WA0202802110
B2058214736586N12008715WA0202902109
B2058224736582N12008721WA0203002108
B2058234736578N12008726WA0203002105
B2058244736573N12008731WA0203002102
B2058254736567N12008736WA0203002099
B2058264736561N12008741WA0202902095
B2058274736554N12008744WA0202802092
B2058284736547N12008747WA0202602089
B2058294736540N12008750WA0202502088
B2058304736534N12008752WA0202402087
B2058314736528N12008755WA0202302085
B2058324736521N12008759WA0202102083
B2058334736515N12008762WA0202002080
B2058344736508N12008765WA0201802078
B2058354736501N12008768WA0201602076
B2058364736493N12008771WA0201502074
B2058374736486N12008775WA0201302072
B2058384736479N12008778WA0201202073
B2058394736473N12008782WA0201002075
B2058404736468N12008785WA0201002077
B2058414736463N12008788WA0200902078
B2058424736458N12008790WA0200902079
B2058434736453N12008792WA0200902080
B2058444736448N12008793WA0200902080
B2058454736441N12008795WA0200802079
B2058464736435N12008797WA0200802079
B2058474736429N12008799WA0200802079
B2058484736424N12008801WA0200802080
B2058494736419N12008803WA0200802080
B2058504736413N12008805WA0200802079
B2058514736407N12008807WA0200702077
B2058524736400N12008808WA0200702076
B2058534736394N12008809WA0200602075
B2058544736387N12008810WA0200602075
B2058554736380N12008812WA0200502076
B2058564736374N12008813WA0200502077
B2058574736368N12008814WA0200502079
B2058584736363N12008815WA0200502079
B2058594736357N12008816WA0200602079
B2059004736351N12008817WA0200602078
B2059014736344N12008819WA0200502078
B2059024736338N12008821WA0200502078
B2059034736332N12008822WA0200602079
B2059044736326N12008822WA0200602080
B2059054736320N12008823WA0200602081
B2059064736314N12008823WA0200602081
B2059074736307N12008824WA0200702081
B2059084736301N12008825WA0200702080
B2059094736294N12008826WA0200702081
B2059104736287N12008828WA0200702082
B2059114736281N12008830WA0200802083
B2059124736275N12008832WA0200802085
B2059134736270N12008835WA0200902087
B2059144736264N12008837WA0201002088
B2059154736259N12008839WA0201102090
B2059164736254N12008841WA0201102090
B2059174736248N12008842WA0201202090
B2059184736242N12008843WA0201302089
B2059194736236N12008845WA0201302089
B2059204736230N12008847WA0201402089
B2059214736224N12008849WA0201402090
B2059224736219N12008850WA0201402090
B2059234736213N12008851WA0201502090
B2059244736208N12008852WA0201502091
B2059254736202N12008853WA0201602091
B2059264736197N12008854WA0201602092
B2059274736191N12008856WA0201702092
B2059284736185N12008857WA0201702092
B2059294736179N12008858WA0201702091
B2059304736173N12008860WA0201702090
B2059314736166N12008862WA0201702089
B2059324736159N12008864WA0201702088
B2059334736152N12008865WA0201702087
B2059344736145N12008867WA0201602086
B2059354736137N12008868WA0201502084
B2059364736129N12008869WA0201502084
B2059374736122N12008871WA0201402083
B2059384736114N12008873WA0201402082
B2059394736107N12008876WA0201302081
B2059404736099N12008878WA0201202079
B2059414736092N12008879WA0201102078
B2059424736084N12008880WA0201102077
B2059434736077N12008881WA0200902075
B2059444736069N12008882WA0200902074
B2059454736061N12008884WA0200702072
B2059464736054N12008886WA0200602071
B2059474736046N12008888WA0200502071
B2059484736039N12008889WA0200402071
B2059494736032N12008889WA0200402071
B2059504736025N12008890WA0200302071
B2059514736018N12008890WA0200202070
B2059524736011N12008890WA0200202069
B2059534736003N12008890WA0200002067
B2059544735995N12008889WA0200002065
B2059554735987N12008890WA0199802064
B2059564735979N12008890WA0199702063
B2059574735971N12008891WA0199602062
B2059584735964N12008891WA0199602062
B2059594735957N12008891WA0199502062
B2100004735950N12008891WA0199402061
B2100014735944N12008892WA0199302059
B2100024735936N12008892WA0199202056
B2100034735929N12008894WA0199002053
B2100044735921N12008895WA0198902050
B2100054735914N12008896WA0198702048
B2100064735908N12008896WA0198602048
B2100074735901N12008895WA0198402046
B2100084735894N12008893WA0198302044
B2100094735887N12008893WA0198102041
B2100104735880N12008894WA0197902038
B2100114735872N12008895WA0197702036
B2100124735864N12008897WA0197502033
B2100134735856N12008898WA0197302031
B2100144735848N12008898WA0197102029
B2100154735840N12008898WA0196902028
B2100164735832N12008898WA0196702027
B2100174735823N12008898WA0196502025
B2100184735815N12008899WA0196402023
B2100194735806N12008900WA0196102022
B2100204735798N12008901WA0196002020
B2100214735790N12008901WA0195802019
B2100224735782N12008901WA0195702019
B2100234735773N12008900WA0195602019
B2100244735764N12008900WA0195502019
B2100254735756N12008900WA0195302018
B2100264735747N12008899WA0195302019
B2100274735738N12008899WA0195202019
B2100284735730N12008900WA0195102019
B2100294735722N12008901WA0195002018
B2100304735714N12008902WA0195002018
B2100314735706N12008904WA0194902016
B2100324735697N12008904WA0194802015
B2100334735690N12008903WA0194702014
B2100344735682N12008902WA0194602012
B2100354735674N12008900WA0194502011
B2100364735665N12008899WA0194402010
B2100374735657N12008898WA0194302009
B2100384735648N12008897WA0194202007
B2100394735639N12008895WA0194102005
B2100404735631N12008893WA0194002004
B2100414735622N12008891WA0193902004
B2100424735614N12008889WA0193802004
B2100434735605N12008888WA0193702004
B2100444735597N12008887WA0193602003
B2100454735588N12008886WA0193502004
B2100464735579N12008885WA0193502003
B2100474735571N12008883WA0193402003
B2100484735562N12008882WA0193402002
B2100494735553N12008880WA0193302002
B2100504735544N12008879WA0193302003
B2100514735536N12008879WA0193202004
B2100524735528N12008878WA0193302006
B2100534735521N12008878WA0193302007
B2100544735514N12008877WA0193302007
B2100554735507N12008877WA0193302006
B2100564735499N12008876WA0193302003
B2100574735490N12008875WA0193202000
B2100584735482N12008875WA0193101997
B2100594735473N12008875WA0193001996
B2101004735465N12008875WA0192901996
B2101014735458N12008873WA0192901997
B2101024735451N12008871WA0192801996
B2101034735444N12008868WA0192701995
B2101044735437N12008865WA0192701993
B2101054735429N12008863WA0192501990
B2101064735420N12008862WA0192401987
B2101074735411N12008861WA0192201985
B2101084735403N12008860WA0192101984
B2101094735395N12008860WA0192001985
B2101104735389N12008860WA0191901986
B2101114735382N12008860WA0191801986
B2101124735375N12008860WA0191801985
B2101134735368N12008859WA0191701984
B2101144735362N12008858WA0191701985
B2101154735357N12008856WA0191701989
B2101164735353N12008854WA0191701991
B2101174735348N12008853WA0191801993
B2101184735343N12008851WA0191801994
B2101194735338N12008849WA0191901994
B2101204735333N12008847WA0192001997
B2101214735328N12008844WA0192102000
B2101224735323N12008842WA0192202004
B2101234735318N12008840WA0192402007
B2101244735313N12008838WA0192502009
B2101254735307N12008836WA0192702011
B2101264735302N12008835WA0192902014
B2101274735296N12008835WA0193102017
B2101284735291N12008836WA0193302020
B2101294735286N12008838WA0193502023
B2101304735281N12008841WA0193702027
B2101314735277N12008843WA0194002031
B2101324735272N12008845WA0194302035
B2101334735267N12008846WA0194602038
B2101344735262N12008848WA0194802041
B2101354735257N12008851WA0195202046
B2101364735254N12008856WA0195502050
B2101374735252N12008861WA0195902055
B2101384735251N12008867WA0196202059
B2101394735252N12008873WA0196602063
B2101404735256N12008876WA0196802066
B2101414735261N12008875WA0197202068
B2101424735265N12008871WA0197502070
B2101434735268N12008863WA0197802072
B2101444735270N12008854WA0198102075
B2101454735269N12008845WA0198402078
B2101464735267N12008837WA0198702081
B2101474735262N12008830WA0199002083
B2101484735256N12008824WA0199202086
B2101494735251N12008820WA0199602090
B2101504735245N12008817WA0199802095
B2101514735240N12008816WA0200202100
B2101524735234N12008817WA0200502103
B2101534735229N12008820WA0200902107
B2101544735223N12008823WA0201202111
B2101554735218N12008826WA0201702116
B2101564735212N12008830WA0202002122
B2101574735208N12008834WA0202502129
B2101584735206N12008840WA0202902136
B2101594735206N12008846WA0203402142
B2102004735207N12008851WA0203802148
B2102014735209N12008855WA0204402154
B2102024735212N12008857WA0204802160
B2102034735215N12008857WA0205502166
B2102044735218N12008855WA0205902170
B2102054735222N12008851WA0206502174
B2102064735225N12008844WA0206902178
B2102074735226N12008836WA0207402183
B2102084735225N12008827WA0207802188
B2102094735221N12008820WA0208402194
B2102104735217N12008815WA0208802199
B2102114735211N12008812WA0209402206
B2102124735205N12008810WA0209902212
B2102134735200N12008809WA0210502218
B2102144735195N12008808WA0210902224
B2102154735190N12008808WA0211602231
B2102164735187N12008811WA0212102237
B2102174735184N12008816WA0212702242
B2102184735182N12008822WA0213102246
B2102194735182N12008830WA0213802250
B2102204735183N12008836WA0214202255
B2102214735185N12008842WA0214802260
B2102224735189N12008846WA0215202266
B2102234735192N12008849WA0215802272
B2102244735195N12008849WA0216302278
B2102254735199N12008848WA0216902283
B2102264735203N12008847WA0217302288
B2102274735207N12008844WA0217902292
B2102284735211N12008840WA0218302296
B2102294735214N12008834WA0218902300
B2102304735216N12008826WA0219302304
B2102314735215N12008817WA0219802307
B2102324735213N12008809WA0220202312
B2102334735210N12008801WA0220702317
B2102344735207N12008794WA0221102324
B2102354735204N12008789WA0221702330
B2102364735200N12008785WA0222102336
B2102374735195N12008781WA0222702341
B2102384735189N12008778WA0223102345
B2102394735183N12008776WA0223702349
B2102404735177N12008777WA0224002355
B2102414735172N12008778WA0224602361
B2102424735168N12008780WA0225102366
B2102434735165N12008784WA0225702372
B2102444735162N12008789WA0226102376
B2102454735160N12008796WA0226702379
B2102464735160N12008803WA0227002382
B2102474735162N12008809WA0227502387
B2102484735166N12008812WA0227902392
B2102494735172N12008812WA0228402395
B2102504735177N12008808WA0228802399
B2102514735181N12008801WA0229302404
B2102524735183N12008793WA0229702411
B2102534735183N12008785WA0230302418
B2102544735182N12008777WA0230702424
B2102554735179N12008769WA0231302429
B2102564735176N12008763WA0231702435
B2102574735171N12008757WA0232302441
B2102584735165N12008753WA0232702445
B2102594735159N12008752WA0233302450
B2103004735153N12008753WA0233702455
B2103014735148N12008756WA0234302460
B2103024735143N12008760WA0234702464
B2103034735138N12008764WA0235302467
B2103044735132N12008767WA0235702471
B2103054735128N12008770WA0236202475
B2103064735123N12008774WA0236502478
B2103074735119N12008779WA0237002480
B2103084735113N12008784WA0237302482
B2103094735107N12008789WA0237702483
B2103104735101N12008794WA0238002486
B2103114735096N12008799WA0238402489
B2103124735091N12008805WA0238602492
B2103134735086N12008811WA0239002496
B2103144735080N12008816WA0239302499
B2103154735075N12008821WA0239702502
B2103164735069N12008826WA0239902505
B2103174735063N12008830WA0240302507
B2103184735057N12008834WA0240502509
B2103194735051N12008837WA0240902512
B2103204735045N12008840WA0241102513
B2103214735038N12008843WA0241402513
B2103224735032N12008846WA0241602513
B2103234735025N12008850WA0241802513
B2103244735018N12008854WA0241902511
B2103254735010N12008858WA0242002509
B2103264735003N12008861WA0242102508
B2103274734995N12008865WA0242102506
B2103284734988N12008869WA0242102504
B2103294734981N12008874WA0242102502
B2103304734974N12008879WA0242102501
B2103314734968N12008882WA0242102500
B2103324734963N12008884WA0242002500
B2103334734957N12008884WA0242002499
B2103344734951N12008882WA0242002498
B2103354734945N12008879WA0241902496
B2103364734939N12008875WA0241802494
B2103374734933N12008868WA0241702492
B2103384734927N12008860WA0241602491
B2103394734922N12008851WA0241502490
B2103404734919N12008842WA0241502491
B2103414734916N12008833WA0241402491
B2103424734914N12008823WA0241402491
B2103434734913N12008813WA0241302490
B2103444734912N12008802WA0241202488
B2103454734911N12008789WA0241102485
B2103464734909N12008777WA0241002484
B2103474734908N12008765WA0240902484
B2103484734907N12008754WA0240802485
B2103494734907N12008744WA0240802486
B2103504734906N12008734WA0240702486
B2103514734906N12008724WA0240702484
B2103524734905N12008713WA0240602482
B2103534734904N12008702WA0240502479
B2103544734904N12008689WA0240402477
B2103554734904N12008677WA0240202475
B2103564734904N12008666WA0240102474
B2103574734904N12008655WA0240002474
B2103584734905N12008644WA0239902474
B2103594734906N12008634WA0239802473
B2104004734906N12008622WA0239702471
B2104014734907N12008610WA0239502467
B2104024734907N12008597WA0239402464
B2104034734907N12008583WA0239202462
B2104044734907N12008568WA0239102459
B2104054734907N12008554WA0238802457
B2104064734908N12008540WA0238702456
B2104074734910N12008527WA0238502455
B2104084734911N12008514WA0238302453
B2104094734912N12008501WA0238102452
B2104104734914N12008488WA0238002449
B2104114734915N12008475WA0237802447
B2104124734918N12008461WA0237602444
B2104134734920N12008447WA0237402441
B2104144734923N12008434WA0237202439
B2104154734926N12008420WA0236902436
B2104164734928N12008406WA0236802435
B2104174734931N12008392WA0236502433
B2104184734933N12008377WA0236302431
B2104194734935N12008363WA0236102429
B2104204734938N12008348WA0235902427
B2104214734939N12008332WA0235702425
B2104224734941N12008317WA0235602424
B2104234734943N12008302WA0235302423
B2104244734945N12008288WA0235202423
B2104254734947N12008273WA0235102424
B2104264734949N12008259WA0235002424
B2104274734950N12008244WA0234802423
B2104284734952N12008230WA0234802422
B2104294734954N12008215WA0234602420
B2104304734956N12008200WA0234502419
B2104314734958N12008185WA0234402418
B2104324734960N12008171WA0234302419
B2104334734962N12008157WA0234202420
B2104344734963N12008144WA0234202420
B2104354734963N12008130WA0234202421
B2104364734964N12008117WA0234102422
B2104374734964N12008104WA0234202423
B2104384734965N12008091WA0234202424
B2104394734966N12008080WA0234202425
B2104404734967N12008069WA0234202424
B2104414734968N12008058WA0234202424
B2104424734968N12008048WA0234202424
B2104434734968N12008036WA0234202423
B2104444734968N12008026WA0234202422
B2104454734967N12008016WA0234202423
B2104464734967N12008005WA0234202422
B2104474734967N12007994WA0234202421
B2104484734966N12007982WA0234202420
B2104494734966N12007968WA0234102417
B2104504734966N12007954WA0234002416
B2104514734967N12007939WA0233902416
B2104524734968N12007926WA0233902418
B2104534734969N12007913WA0233902420
B2104544734970N12007902WA0233902421
B2104554734971N12007890WA0233902422
B2104564734971N12007877WA0233902422
B2104574734972N12007864WA0233902421
B2104584734972N12007850WA0233902420
B2104594734971N12007836WA0233902421
B2105004734971N12007823WA0234002423
B2105014734971N12007811WA0234002425
B2105024734972N12007800WA0234102426
B2105034734972N12007789WA0234202428
B2105044734971N12007779WA0234202429
B2105054734971N12007768WA0234402430
B2105064734971N12007758WA0234402430
B2105074734970N12007746WA0234502430
B2105084734970N12007735WA0234502430
B2105094734970N12007723WA0234602429
B2105104734969N12007711WA0234602430
B2105114734968N12007700WA0234702430
B2105124734967N12007690WA0234702431
B2105134734966N12007679WA0234702430
B2105144734965N12007668WA0234702429
B2105154734965N12007656WA0234702428
B2105164734966N12007645WA0234702427
B2105174734968N12007634WA0234702426
B2105184734970N12007623WA0234602424
B2105194734972N12007612WA0234602423
B2105204734974N12007601WA0234502421
B2105214734977N12007590WA0234402420
B2105224734979N12007579WA0234402420
B2105234734982N12007568WA0234302419
B2105244734984N12007557WA0234202418
B2105254734986N12007546WA0234102417
B2105264734988N12007534WA0234102416
B2105274734990N12007522WA0233902414
B2105284734992N12007509WA0233902413
B2105294734993N12007498WA0233702412
B2105304734994N12007488WA0233702412
B2105314734994N12007478WA0233602411
B2105324734995N12007467WA0233502409
B2105334734996N12007456WA0233302405
B2105344734998N12007443WA0233202400
B2105354735000N12007429WA0232902396
B2105364735002N12007416WA0232702392
B2105374735003N12007403WA0232502390
B2105384735005N12007391WA0232302389
B2105394735007N12007379WA0232102388
B2105404735009N12007368WA0231902386
B2105414735012N12007356WA0231702383
B2105424735015N12007343WA0231502379
B2105434735017N12007329WA0231202375
B2105444735018N12007316WA0231002372
B2105454735020N12007302WA0230702371
B2105464735021N12007289WA0230502370
B2105474735023N12007276WA0230302369
B2105484735025N12007264WA0230102367
B2105494735028N12007253WA0229902366
B2105504735032N12007241WA0229802364
B2105514735035N12007228WA0229502362
B2105524735038N12007215WA0229402360
B2105534735041N12007202WA0229102358
B2105544735045N12007189WA0229002356
B2105554735048N12007177WA0228802355
B2105564735050N12007164WA0228602354
B2105574735053N12007152WA0228402353
B2105584735055N12007140WA0228302352
B2105594735058N12007128WA0228102350
B2106004735060N12007115WA0228002348
B2106014735063N12007102WA0227802346
B2106024735067N12007088WA0227602344
B2106034735070N12007074WA0227402342
B2106044735074N12007061WA0227302341
B2106054735077N12007047WA0227102340
B2106064735081N12007033WA0226902338
B2106074735085N12007019WA0226802337
B2106084735088N12007005WA0226702337
B2106094735092N12006992WA0226502339
B2106104735094N12006981WA0226502343
B2106114735096N12006973WA0226602349
B2106124735097N12006966WA0226702354
B2106134735098N12006960WA0226902357
B2106144735099N12006952WA0227002360
B2106154735101N12006944WA0227102360
B2106164735103N12006934WA0227202361
B2106174735104N12006925WA0227402362
B2106184735106N12006916WA0227502364
B2106194735107N12006906WA0227702367
B2106204735108N12006897WA0227802370
B2106214735110N12006888WA0228102374
B2106224735113N12006880WA0228202376
B2106234735117N12006872WA0228502378
B2106244735121N12006864WA0228602381
B2106254735124N12006856WA0228902383
B2106264735127N12006848WA0229102386
B2106274735130N12006840WA0229302388
B2106284735133N12006833WA0229502389
B2106294735135N12006824WA0229702391
B2106304735138N12006816WA0229902392
B2106314735141N12006807WA0230102392
B2106324735145N12006797WA0230202392
B2106334735148N12006787WA0230302392
B2106344735151N12006776WA0230402391
B2106354735155N12006764WA0230502391
B2106364735158N12006753WA0230602392
B2106374735161N12006742WA0230702394
B2106384735164N12006730WA0230802395
B2106394735167N12006718WA0230902397
B2106404735169N12006706WA0231002399
B2106414735171N12006695WA0231202401
B2106424735173N12006684WA0231302403
B2106434735176N12006674WA0231502405
B2106444735178N12006663WA0231602406
B2106454735179N12006651WA0231702406
B2106464735180N12006640WA0231802407
B2106474735180N12006628WA0232002408
B2106484735180N12006618WA0232102410
B2106494735180N12006608WA0232202413
B2106504735180N12006598WA0232402415
B2106514735180N12006588WA0232602418
B2106524735180N12006578WA0232702419
B2106534735180N12006568WA0232902421
B2106544735181N12006559WA0233102424
B2106554735182N12006551WA0233302426
B2106564735183N12006542WA0233402428
B2106574735183N12006534WA0233602428
B2106584735183N12006524WA0233802428
B2106594735183N12006513WA0233902427
B2107004735183N12006501WA0233902425
B2107014735182N12006489WA0234002424
B2107024735182N12006478WA0234002425
B2107034735182N12006468WA0234102427
B2107044735182N12006459WA0234102428
B2107054735182N12006450WA0234202429
B2107064735181N12006440WA0234302428
B2107074735180N12006430WA0234302427
B2107084735179N12006419WA0234302426
B2107094735178N12006409WA0234302425
B2107104735177N12006399WA0234302426
B2107114735177N12006391WA0234402427
B2107124735177N12006382WA0234402427
B2107134735177N12006373WA0234402426
B2107144735177N12006363WA0234402423
B2107154735177N12006352WA0234302420
B2107164735177N12006341WA0234202418
B2107174735178N12006331WA0234102418
B2107184735179N12006324WA0234102420
B2107194735179N12006317WA0234002420
B2107204735179N12006311WA0234002419
B2107214735180N12006303WA0234002418
B2107224735180N12006295WA0233902415
B2107234735181N12006286WA0233802413
B2107244735182N12006277WA0233702413
B2107254735183N12006269WA0233602413
B2107264735183N12006261WA0233602413
B2107274735183N12006253WA0233502412
B2107284735183N12006243WA0233402411
B2107294735183N12006234WA0233302409
B2107304735183N12006225WA0233302409
B2107314735183N12006216WA0233202408
B2107324735182N12006207WA0233102407
B2107334735182N12006199WA0233002406
B2107344735181N12006189WA0232902404
B2107354735181N12006179WA0232802402
B2107364735181N12006168WA0232702401
B2107374735180N12006159WA0232602401
B2107384735179N12006150WA0232502401
B2107394735178N12006143WA0232402401
B2107404735178N12006137WA0232402401
B2107414735178N12006131WA0232302399
B2107424735178N12006124WA0232202396
B2107434735178N12006115WA0232002391
B2107444735178N12006105WA0231902385
B2107454735178N12006096WA0231602381
B2107464735180N12006086WA0231402377
B2107474735181N12006077WA0231102375
B2107484735182N12006068WA0230902371
B2107494735182N12006059WA0230602368
B2107504735182N12006049WA0230402363
B2107514735183N12006038WA0230002359
B2107524735183N12006028WA0229802356
B2107534735184N12006018WA0229402354
B2107544735184N12006009WA0229202353
B2107554735185N12006000WA0229002352
B2107564735187N12005992WA0228802352
B2107574735189N12005984WA0228602352
B2107584735190N12005979WA0228502352
B2107594735190N12005974WA0228302353
B2108004735189N12005970WA0228302353
B2108014735187N12005964WA0228102351
B2108024735186N12005958WA0228002348
B2108034735185N12005950WA0227802346
B2108044735187N12005942WA0227702343
B2108054735190N12005935WA0227502342
B2108064735193N12005929WA0227402341
B2108074735196N12005922WA0227202341
B2108084735199N12005916WA0227102340
B2108094735201N12005909WA0227002340
B2108104735204N12005902WA0226902338
B2108114735207N12005894WA0226802338
B2108124735210N12005885WA0226702337
B2108134735212N12005878WA0226602338
B2108144735215N12005870WA0226502339
B2108154735218N12005862WA0226502339
B2108164735220N12005853WA0226502340
B2108174735223N12005845WA0226402341
B2108184735225N12005836WA0226402343
B2108194735228N12005828WA0226502345
B2108204735232N12005821WA0226502348
B2108214735237N12005816WA0226602351
B2108224735242N12005811WA0226702355
B2108234735247N12005807WA0226902358
B2108244735251N12005801WA0227002361
B2108254735254N12005795WA0227302364
B2108264735259N12005789WA0227402366
B2108274735264N12005783WA0227602368
B2108284735269N12005778WA0227802370
B2108294735276N12005773WA0228002372
B2108304735282N12005768WA0228202374
B2108314735287N12005762WA0228402377
B2108324735291N12005754WA0228602381
B2108334735293N12005745WA0228902385
B2108344735294N12005736WA0229102389
B2108354735293N12005727WA0229402393
B2108364735291N12005719WA0229702396
B2108374735288N12005713WA0230002401
B2108384735284N12005711WA0230302405
B2108394735280N12005712WA0230702408
B2108404735278N12005715WA0230902411
B2108414735277N12005720WA0231302415
B2108424735278N12005724WA0231602419
B2108434735281N12005728WA0232002423
B2108444735285N12005732WA0232202425
B2108454735290N12005734WA0232602426
B2108464735297N12005734WA0232802427
B2108474735304N12005731WA0233102428
B2108484735311N12005728WA0233302432
B2108494735316N12005723WA0233702438
B2108504735320N12005718WA0234002446
B2108514735325N12005713WA0234502452
B2108524735330N12005707WA0234802457
B2108534735336N12005701WA0235402463
B2108544735341N12005696WA0235702468
B2108554735346N12005690WA0236302473
B2108564735351N12005683WA0236602477
B2108574735356N12005676WA0237102481
B2108584735360N12005668WA0237502486
B2108594735364N12005662WA0238002490
B2109004735366N12005656WA0238302493
B2109014735368N12005650WA0238802496
B2109024735371N12005642WA0239102498
B2109034735373N12005633WA0239502502
B2109044735377N12005624WA0239802506
B2109054735381N12005617WA0240202511
B2109064735385N12005611WA0240602518
B2109074735387N12005604WA0241102523
B2109084735388N12005597WA0241502529
B2109094735388N12005590WA0242002534
B2109104735389N12005585WA0242402539
B2109114735390N12005581WA0242902544
B2109124735390N12005576WA0243302546
B2109134735390N12005569WA0243702548
B2109144735390N12005561WA0244002549
B2109154735391N12005552WA0244402552
B2109164735392N12005544WA0244702556
B2109174735393N12005537WA0245102562
B2109184735393N12005531WA0245402567
B2109194735394N12005525WA0245902571
B2109204735394N12005519WA0246202574
B2109214735393N12005513WA0246702576
B2109224735393N12005505WA0246902577
B2109234735393N12005496WA0247302579
B2109244735393N12005487WA0247502581
B2109254735393N12005479WA0247902585
B2109264735394N12005471WA0248202588
B2109274735394N12005464WA0248602592
B2109284735395N12005457WA0248802594
B2109294735395N12005449WA0249202596
B2109304735395N12005440WA0249402597
B2109314735394N12005431WA0249602597
B2109324735393N12005422WA0249802598
B2109334735392N12005412WA0250002599
B2109344735391N12005404WA0250202601
B2109354735391N12005395WA0250502605
B2109364735390N12005387WA0250702608
B2109374735389N12005378WA0251002611
B2109384735388N12005370WA0251202614
B2109394735388N12005360WA0251402616
B2109404735387N12005351WA0251602618
B2109414735387N12005341WA0251902621
B2109424735386N12005332WA0252102623
B2109434735386N12005322WA0252402626
B2109444735386N12005312WA0252602627
B2109454735386N12005301WA0252902629
B2109464735385N12005291WA0253002631
B2109474735385N12005280WA0253302634
B2109484735384N12005270WA0253502637
B2109494735385N12005259WA0253802640
B2109504735385N12005249WA0254002642
B2109514735386N12005238WA0254302644
B2109524735387N12005227WA0254402646
B2109534735389N12005217WA0254702647
B2109544735390N12005206WA0254802647
B2109554735392N12005195WA0255002647
B2109564735392N12005183WA0255102645
B2109574735392N12005170WA0255202644
B2109584735392N12005158WA0255302644
B2109594735391N12005146WA0255402644
B2110004735391N12005134WA0255402645
B2110014735391N12005123WA0255502645
B2110024735392N12005111WA0255602645
B2110034735392N12005099WA0255602645
B2110044735393N12005088WA0255602643
B2110054735394N12005076WA0255602642
B2110064735394N12005064WA0255602640
B2110074735394N12005053WA0255602638
B2110084735392N12005041WA0255502635
B2110094735391N12005030WA0255402632
B2110104735390N12005018WA0255302630
B2110114735389N12005007WA0255202627
B2110124735388N12004995WA0255002624
B2110134735388N12004982WA0254802621
B2110144735388N12004970WA0254702617
B2110154735388N12004956WA0254402612
B2110164735388N12004942WA0254202607
B2110174735388N12004926WA0253802603
B2110184735388N12004912WA0253602600
B2110194735387N12004898WA0253302599
B2110204735387N12004885WA0253102598
B2110214735386N12004873WA0252802597
B2110224735386N12004861WA0252702595
B2110234735385N12004849WA0252402593
B2110244735385N12004836WA0252202590
B2110254735384N12004822WA0251902587
B2110264735384N12004808WA0251702584
B2110274735384N12004794WA0251402582
B2110284735385N12004781WA0251302581
B2110294735386N12004768WA0251002581
B2110304735388N12004755WA0250902580
B2110314735388N12004743WA0250702580
B2110324735387N12004730WA0250502577
B2110334735386N12004717WA0250302575
B2110344735386N12004705WA0250202573
B2110354735387N12004694WA0249902571
B2110364735388N12004682WA0249802569
B2110374735387N12004672WA0249502566
B2110384735384N12004662WA0249402563
B2110394735382N12004652WA0249102560
B2110404735380N12004642WA0248902557
B2110414735379N12004631WA0248702555
B2110424735378N12004620WA0248502552
B2110434735378N12004608WA0248202548
B2110444735378N12004597WA0247902544
B2110454735379N12004585WA0247602541
B2110464735379N12004574WA0247402537
B2110474735379N12004562WA0247002533
B2110484735379N12004550WA0246702529
B2110494735379N12004537WA0246402525
B2110504735379N12004525WA0246102524
B2110514735379N12004514WA0245802524
B2110524735380N12004503WA0245602523
B2110534735381N12004492WA0245402523
B2110544735381N12004481WA0245202521
B2110554735382N12004468WA0244902517
B2110564735383N12004455WA0244702514
B2110574735384N12004442WA0244502513
B2110584735386N12004429WA0244302512
B2110594735387N12004417WA0244102512
B2111004735388N12004405WA0244002511
B2111014735389N12004393WA0243802510
B2111024735390N12004381WA0243702510
B2111034735391N12004370WA0243502510
B2111044735392N12004358WA0243502509
B2111054735392N12004346WA0243302507
B2111064735392N12004333WA0243202505
B2111074735393N12004321WA0243002504
B2111084735393N12004308WA0242902504
B2111094735393N12004296WA0242802503
B2111104735393N12004284WA0242702503
B2111114735392N12004273WA0242602503
B2111124735391N12004261WA0242502502
B2111134735390N12004250WA0242402501
B2111144735388N12004238WA0242402500
B2111154735386N12004226WA0242202498
B2111164735384N12004214WA0242102495
B2111174735383N12004202WA0242002493
B2111184735381N12004190WA0241802492
B2111194735381N12004178WA0241702490
B2111204735380N12004166WA0241602489
B2111214735380N12004154WA0241402487
B2111224735380N12004142WA0241302485
B2111234735380N12004130WA0241102483
B2111244735380N12004117WA0241002481
B2111254735380N12004104WA0240802479
B2111264735380N12004091WA0240702478
B2111274735380N12004079WA0240502477
B2111284735380N12004066WA0240402476
B2111294735380N12004053WA0240202473
B2111304735380N12004040WA0240102471
B2111314735380N12004027WA0239902470
B2111324735380N12004013WA0239702467
B2111334735380N12003999WA0239502465
B2111344735379N12003985WA0239302462
B2111354735379N12003971WA0239102460
B2111364735378N12003958WA0238902459
B2111374735377N12003945WA0238702458
B2111384735377N12003932WA0238602457
B2111394735377N12003918WA0238402456
B2111404735376N12003904WA0238302455
B2111414735377N12003891WA0238102454
B2111424735377N12003878WA0238002453
B2111434735376N12003865WA0237802453
B2111444735374N12003854WA0237802452
B2111454735371N12003842WA0237602451
B2111464735368N12003831WA0237502449
B2111474735365N12003820WA0237402449
B2111484735362N12003809WA0237302449
B2111494735360N12003798WA0237202450
B2111504735358N12003787WA0237202451
B2111514735356N12003777WA0237202453
B2111524735354N12003766WA0237202454
B2111534735352N12003755WA0237202454
B2111544735349N12003743WA0237202453
B2111554735347N12003730WA0237102452
B2111564735345N12003716WA0237102451
B2111574735342N12003702WA0237002450
B2111584735339N12003688WA0237002449
B2111594735336N12003675WA0236902450
B2112004735333N12003665WA0236902451
B2112014735329N12003657WA0237002454
B2112024735326N12003650WA0237002457
B2112034735323N12003643WA0237102458
B2112044735320N12003635WA0237202458
B2112054735317N12003626WA0237302457
B2112064735315N12003616WA0237302457
B2112074735313N12003605WA0237302456
B2112084735311N12003593WA0237302455
B2112094735310N12003581WA0237302455
B2112104735308N12003569WA0237302455
B2112114735306N12003557WA0237302455
B2112124735304N12003546WA0237302455
B2112134735301N12003535WA0237302455
B2112144735299N12003523WA0237302455
B2112154735297N12003511WA0237302453
B2112164735294N12003498WA0237302452
B2112174735291N12003487WA0237202451
B2112184735286N12003475WA0237202450
B2112194735282N12003464WA0237102448
B2112204735278N12003451WA0237102447
B2112214735274N12003438WA0237002446
B2112224735272N12003425WA0236902446
B2112234735269N12003411WA0236902447
B2112244735267N12003398WA0236802447
B2112254735265N12003384WA0236802446
B2112264735262N12003371WA0236802445
B2112274735260N12003357WA0236702444
B2112284735257N12003343WA0236602443
B2112294735255N12003329WA0236502442
B2112304735253N12003316WA0236502442
B2112314735250N12003304WA0236402442
B2112324735248N12003293WA0236402442
B2112334735245N12003283WA0236302441
B2112344735242N12003272WA0236302440
B2112354735240N12003261WA0236202438
B2112364735238N12003249WA0236102436
B2112374735236N12003235WA0235902432
B2112384735234N12003220WA0235802429
B2112394735232N12003205WA0235602427
B2112404735231N12003191WA0235502426
B2112414735229N12003176WA0235302425
B2112424735229N12003162WA0235202424
B2112434735229N12003148WA0235102423
B2112444735229N12003134WA0235002422
B2112454735229N12003119WA0234802419
B2112464735229N12003105WA0234702417
B2112474735229N12003090WA0234502413
B2112484735229N12003074WA0234302410
B2112494735229N12003058WA0234002406
B2112504735228N12003043WA0233802404
B2112514735228N12003028WA0233602403
B2112524735228N12003014WA0233402403
B2112534735228N12003001WA0233202403
B2112544735227N12002988WA0233102401
B2112554735227N12002973WA0232902399
B2112564735226N12002958WA0232802396
B2112574735226N12002942WA0232502393
B2112584735225N12002927WA0232402391
B2112594735224N12002911WA0232102390
B2113004735224N12002896WA0232002388
B2113014735223N12002881WA0231802387
B2113024735223N12002867WA0231602385
B2113034735223N12002852WA0231402383
B2113044735223N12002837WA0231302381
B2113054735222N12002822WA0231102379
B2113064735222N12002807WA0230902376
B2113074735222N12002792WA0230702374
B2113084735222N12002776WA0230502371
B2113094735223N12002762WA0230302369
B2113104735223N12002747WA0230102367
B2113114735224N12002732WA0229902365
B2113124735225N12002717WA0229702363
B2113134735225N12002702WA0229402360
B2113144735226N12002687WA0229202357
B2113154735226N12002671WA0229002354
B2113164735226N12002656WA0228802352
B2113174735227N12002641WA0228502350
B2113184735227N12002627WA0228302349
B2113194735228N12002614WA0228102348
B2113204735229N12002600WA0228002347
B2113214735230N12002586WA0227702345
B2113224735231N12002572WA0227602343
B2113234735231N12002558WA0227302340
B2113244735232N12002544WA0227102337
B2113254735233N12002530WA0226902335
B2113264735234N12002517WA0226702333
B2113274735234N12002504WA0226502331
B2113284735235N12002491WA0226302329
B2113294735236N12002477WA0226102327
B2113304735237N12002464WA0225902324
B2113314735239N12002449WA0225602321
B2113324735241N12002435WA0225402317
B2113334735243N12002420WA0225102315
B2113344735244N12002407WA0224902312
B2113354735246N12002393WA0224702310
B2113364735247N12002380WA0224502309
B2113374735248N12002366WA0224202307
B2113384735249N12002353WA0224102305
B2113394735251N12002340WA0223802303
B2113404735252N12002327WA0223602300
B2113414735254N12002314WA0223402298
B2113424735256N12002301WA0223202295
B2113434735257N12002287WA0222902292
B2113444735259N12002274WA0222702291
B2113454735260N12002261WA0222402289
B2113464735262N12002247WA0222302287
B2113474735263N12002234WA0222002285
B2113484735264N12002221WA0221902284
B2113494735266N12002207WA0221702283
B2113504735267N12002194WA0221502282
B2113514735269N12002180WA0221302280
B2113524735271N12002166WA0221202278
B2113534735273N12002153WA0220902276
B2113544735275N12002139WA0220802274
B2113554735276N12002126WA0220602272
B2113564735278N12002112WA0220402270
B2113574735280N12002099WA0220202268
B2113584735282N12002085WA0220002266
B2113594735283N12002071WA0219802264
B2114004735285N12002058WA0219702262
B2114014735286N12002045WA0219402261
B2114024735288N12002032WA0219302259
B2114034735289N12002019WA0219102257
B2114044735291N12002006WA0218902255
B2114054735293N12001993WA0218702253
B2114064735294N12001980WA0218502251
B2114074735295N12001967WA0218302251
B2114084735296N12001955WA0218202250
B2114094735298N12001943WA0218102249
B2114104735299N12001931WA0218002248
B2114114735300N12001918WA0217802246
B2114124735301N12001905WA0217602242
B2114134735302N12001892WA0217402238
B2114144735302N12001878WA0217202235
B2114154735303N12001863WA0217002232
B2114164735305N12001849WA0216802229
B2114174735306N12001836WA0216502227
B2114184735307N12001823WA0216302225
B2114194735307N12001810WA0216102224
B2114204735307N12001797WA0215902221
B2114214735307N12001784WA0215602218
B2114224735307N12001771WA0215502216
B2114234735307N12001757WA0215202213
B2114244735307N12001742WA0215002211
B2114254735307N12001728WA0214702209
B2114264735307N12001715WA0214602209
B2114274735308N12001701WA0214402208
B2114284735307N12001688WA0214202207
B2114294735308N12001674WA0214002206
B2114304735308N12001661WA0213902205
B2114314735308N12001648WA0213702205
B2114324735307N12001635WA0213602204
B2114334735306N12001622WA0213502204
B2114344735304N12001610WA0213402203
B2114354735303N12001597WA0213302201
B2114364735301N12001584WA0213202199
B2114374735300N12001571WA0213002197
B2114384735298N12001557WA0212902194
B2114394735297N12001543WA0212702192
B2114404735295N12001530WA0212502189
B2114414735294N12001516WA0212302187
B2114424735294N12001503WA0212202187
B2114434735294N12001491WA0212002187
B2114444735295N12001479WA0211902186
B2114454735295N12001467WA0211802184
B2114464735295N12001454WA0211602182
B2114474735294N12001440WA0211402179
B2114484735294N12001426WA0211302177
B2114494735294N12001413WA0211102177
B2114504735293N12001400WA0211002177
B2114514735293N12001388WA0210902177
B2114524735293N12001376WA0210802176
B2114534735292N12001364WA0210602175
B2114544735291N12001351WA0210502172
B2114554735290N12001338WA0210302169
B2114564735288N12001324WA0210202166
B2114574735287N12001310WA0210002163
B2114584735286N12001295WA0209802160
B2114594735285N12001281WA0209602159
B2115004735284N12001268WA0209402157
B2115014735283N12001254WA0209202155
B2115024735282N12001241WA0209102153
B2115034735281N12001227WA0208802149
B2115044735280N12001213WA0208602146
B2115054735278N12001198WA0208302143
B2115064735277N12001183WA0208102140
B2115074735277N12001168WA0207802138
B2115084735277N12001154WA0207702137
B2115094735276N12001139WA0207402136
B2115104735275N12001126WA0207302134
B2115114735274N12001112WA0207002132
B2115124735273N12001098WA0206902130
B2115134735272N12001084WA0206602127
B2115144735271N12001070WA0206402124
B2115154735269N12001056WA0206102122
B2115164735267N12001044WA0205902120
B2115174735266N12001031WA0205702118
B2115184735264N12001018WA0205502115
B2115194735263N12001005WA0205202111
B2115204735261N12000990WA0205002107
B2115214735259N12000976WA0204602102
B2115224735257N12000960WA0204402097
B2115234735255N12000946WA0204002095
B2115244735254N12000932WA0203802094
B2115254735253N12000920WA0203502092
B2115264735251N12000908WA0203302090
B2115274735250N12000896WA0203002088
B2115284735247N12000884WA0202802085
B2115294735245N12000871WA0202502082
B2115304735242N12000858WA0202302078
B2115314735240N12000845WA0201902075
B2115324735238N12000832WA0201702073
B2115334735235N12000818WA0201402070
B2115344735233N12000805WA0201202068
B2115354735230N12000792WA0200902067
B2115364735227N12000778WA0200702065
B2115374735225N12000764WA0200502064
B2115384735223N12000750WA0200302062
B2115394735222N12000736WA0200102061
B2115404735221N12000722WA0199902061
B2115414735220N12000709WA0199702060
B2115424735218N12000695WA0199602058
B2115434735216N12000682WA0199402056
B2115444735214N12000669WA0199202053
B2115454735212N12000655WA0199002051
B2115464735210N12000641WA0198802049
B2115474735208N12000628WA0198602046
B2115484735205N12000614WA0198402044
B2115494735203N12000601WA0198202042
B2115504735200N12000589WA0198002040
B2115514735197N12000576WA0197802039
B2115524735196N12000563WA0197602037
B2115534735195N12000550WA0197402035
B2115544735194N12000537WA0197302034
B2115554735193N12000524WA0197002031
B2115564735191N12000511WA0196902028
B2115574735190N12000497WA0196602025
B2115584735188N12000483WA0196402022
B2115594735187N12000469WA0196102019
B2116004735186N12000456WA0196002017
B2116014735185N12000442WA0195702015
B2116024735183N12000429WA0195502013
B2116034735182N12000416WA0195202010
B2116044735181N12000403WA0195002007
B2116054735180N12000390WA0194702004
B2116064735179N12000378WA0194502002
B2116074735179N12000365WA0194201999
B2116084735178N12000352WA0194001996
B2116094735178N12000340WA0193701993
B2116104735178N12000327WA0193501990
B2116114735178N12000315WA0193201987
B2116124735178N12000302WA0193001985
B2116134735177N12000289WA0192701982
B2116144735176N12000275WA0192501980
B2116154735175N12000262WA0192201979
B2116164735175N12000249WA0192001979
B2116174735175N12000237WA0191801980
B2116184735176N12000226WA0191701981
B2116194735177N12000215WA0191601982
B2116204735178N12000205WA0191501982
B2116214735178N12000194WA0191401981
B2116224735178N12000183WA0191301979
B2116234735179N12000171WA0191201976
B2116244735179N12000159WA0191101974
B2116254735180N12000146WA0190901971
B2116264735181N12000133WA0190701970
B2116274735181N12000122WA0190601969
B2116284735182N12000113WA0190501970
B2116294735182N12000106WA0190401971
B2116304735182N12000100WA0190301972
B2116314735183N12000095WA0190301971
B2116324735183N12000087WA0190201969
B2116334735184N12000079WA0190101966
B2116344735184N12000071WA0190001965
B2116354735184N12000064WA0189901965
B2116364735182N12000058WA0189801965
B2116374735180N12000053WA0189701965
B2116384735179N12000049WA0189701965
B2116394735178N12000044WA0189601964
B2116404735179N12000037WA0189601963
B2116414735180N12000030WA0189501961
B2116424735182N12000021WA0189401958
B2116434735183N12000013WA0189201956
B2116444735184N12000004WA0189101954
B2116454735185N11959995WA0189001953
B2116464735186N11959987WA0188901953
B2116474735187N11959978WA0188801952
B2116484735188N11959970WA0188701952
B2116494735189N11959961WA0188601951
B2116504735191N11959952WA0188501949
B2116514735192N11959943WA0188301948
B2116524735194N11959934WA0188301947
B2116534735196N11959926WA0188101947
B2116544735197N11959917WA0188101947
B2116554735199N11959909WA0188001946
B2116564735200N11959901WA0187901945
B2116574735202N11959893WA0187801943
B2116584735204N11959884WA0187701940
B2116594735206N11959875WA0187501937
B2117004735208N11959866WA0187401934
B2117014735209N11959856WA0187201931
B2117024735211N11959847WA0187001928
B2117034735212N11959838WA0186801926
B2117044735213N11959830WA0186601924
B2117054735214N11959822WA0186401921
B2117064735214N11959813WA0186201919
B2117074735215N11959806WA0186001918
B2117084735217N11959800WA0185901918
B2117094735219N11959794WA0185701918
B2117104735222N11959788WA0185601916
B2117114735223N11959781WA0185401914
B2117124735224N11959773WA0185301911
B2117134735225N11959764WA0185001908
B2117144735227N11959755WA0184901908
B2117154735229N11959746WA0184701908
B2117164735230N11959739WA0184601908
B2117174735231N11959731WA0184501908
B2117184735231N11959723WA0184401907
B2117194735231N11959714WA0184301905
B2117204735232N11959704WA0184101903
B2117214735232N11959694WA0184001903
B2117224735232N11959684WA0183901902
B2117234735231N11959674WA0183801902
B2117244735231N11959663WA0183701901
B2117254735230N11959652WA0183601902
B2117264735230N11959641WA0183601903
B2117274735230N11959630WA0183601905
B2117284735230N11959620WA0183601908
B2117294735231N11959612WA0183701912
B2117304735232N11959604WA0183801916
B2117314735233N11959596WA0184001920
B2117324735233N11959588WA0184101923
B2117334735234N11959581WA0184301926
B2117344735233N11959574WA0184401928
B2117354735232N11959569WA0184701931
B2117364735230N11959565WA0184801933
B2117374735229N11959561WA0185101934
B2117384735228N11959555WA0185201936
B2117394735227N11959549WA0185401936
B2117404735226N11959542WA0185601937
B2117414735225N11959535WA0185701937
B2117424735225N11959528WA0185801938
B2117434735224N11959521WA0186001940
B2117444735225N11959514WA0186101941
B2117454735226N11959508WA0186201942
B2117464735228N11959503WA0186301943
B2117474735231N11959499WA0186501944
B2117484735233N11959495WA0186601944
B2117494735235N11959490WA0186701943
B2117504735237N11959484WA0186701942
B2117514735237N11959477WA0186701941
B2117524735236N11959471WA0186701939
B2117534735235N11959464WA0186701938
B2117544735235N11959458WA0186701937
B2117554735234N11959453WA0186701937
B2117564735233N11959448WA0186701936
B2117574735231N11959442WA0186601933
B2117584735230N11959434WA0186501929
B2117594735229N11959425WA0186301926
B2118004735229N11959416WA0186201924
B2118014735229N11959407WA0186101923
B2118024735229N11959399WA0186001923
B2118034735229N11959392WA0185901922
B2118044735229N11959384WA0185801921
B2118054735229N11959375WA0185601919
B2118064735229N11959366WA0185501917
B2118074735230N11959357WA0185401916
B2118084735230N11959348WA0185301914
B2118094735229N11959338WA0185101913
B2118104735228N11959329WA0185001912
B2118114735226N11959320WA0184801911
B2118124735225N11959311WA0184801911
B2118134735224N11959303WA0184601911
B2118144735224N11959295WA0184601911
B2118154735224N11959287WA0184501910
B2118164735224N11959279WA0184401909
B2118174735225N11959271WA0184301906
B2118184735224N11959262WA0184201903
B2118194735223N11959253WA0184001900
B2118204735222N11959243WA0183801897
B2118214735221N11959234WA0183601896
B2118224735221N11959225WA0183501896
B2118234735222N11959217WA0183401896
B2118244735223N11959209WA0183301896
B2118254735225N11959201WA0183201895
B2118264735226N11959192WA0183101894
B2118274735227N11959183WA0182901892
B2118284735229N11959173WA0182801890
B2118294735230N11959164WA0182701890
B2118304735232N11959156WA0182601889
B2118314735234N11959149WA0182501889
B2118324735235N11959142WA0182401888
B2118334735237N11959135WA0182301886
B2118344735238N11959126WA0182201883
B2118354735239N11959117WA0182001881
B2118364735241N11959107WA0181901879
B2118374735242N11959097WA0181701878
B2118384735243N11959089WA0181601877
B2118394735243N11959081WA0181401876
B2118404735243N11959073WA0181301875
B2118414735243N11959065WA0181201873
B2118424735243N11959057WA0181001871
B2118434735243N11959048WA0180901869
B2118444735243N11959039WA0180701867
B2118454735243N11959030WA0180501866
B2118464735243N11959021WA0180401864
B2118474735243N11959012WA0180201863
B2118484735243N11959002WA0180101861
B2118494735243N11958993WA0179901859
B2118504735244N11958984WA0179801857
B2118514735245N11958975WA0179601855
B2118524735246N11958965WA0179401852
B2118534735249N11958956WA0179201849
B2118544735251N11958945WA0179001845
B2118554735254N11958935WA0178701842
B2118564735257N11958925WA0178501838
B2118574735260N11958914WA0178201836
B2118584735264N11958903WA0178101833
B2118594735267N11958893WA0177801830
B2119004735270N11958883WA0177601828
B2119014735272N11958872WA0177301825
B2119024735274N11958861WA0177101821
B2119034735276N11958850WA0176701818
B2119044735279N11958839WA0176501815
B2119054735283N11958828WA0176201812
B2119064735286N11958817WA0175901809
B2119074735290N11958807WA0175601807
B2119084735294N11958797WA0175401804
B2119094735298N11958786WA0175101801
B2119104735303N11958776WA0174901798
B2119114735308N11958766WA0174501795
B2119124735312N11958756WA0174301792
B2119134735316N11958745WA0174001790
B2119144735320N11958734WA0173801787
B2119154735324N11958723WA0173501785
B2119164735328N11958712WA0173301783
B2119174735331N11958700WA0173001781
B2119184735335N11958689WA0172801780
B2119194735338N11958678WA0172601779
B2119204735340N11958667WA0172401778
B2119214735342N11958658WA0172201776
B2119224735344N11958649WA0172101774
B2119234735345N11958639WA0171801771
B2119244735346N11958630WA0171601767
B2119254735347N11958619WA0171301763
B2119264735348N11958609WA0171101760
B2119274735348N11958600WA0170901758
B2119284735348N11958591WA0170701758
B2119294735348N11958582WA0170501758
B2119304735348N11958573WA0170301756
B2119314735348N11958564WA0170101754
B2119324735348N11958554WA0169901751
B2119334735348N11958544WA0169701748
B2119344735347N11958535WA0169501745
B2119354735347N11958526WA0169201743
B2119364735347N11958519WA0169101742
B2119374735346N11958512WA0168801739
B2119384735346N11958503WA0168601736
B2119394735346N11958494WA0168401733
B2119404735346N11958485WA0168201731
B2119414735346N11958476WA0167901729
B2119424735345N11958467WA0167701727
B2119434735344N11958458WA0167401724
B2119444735343N11958450WA0167301721
B2119454735343N11958442WA0167001719
B2119464735342N11958433WA0166801716
B2119474735341N11958422WA0166501711
B2119484735340N11958411WA0166201706
B2119494735338N11958399WA0165801701
B2119504735336N11958387WA0165501697
B2119514735334N11958376WA0165101695
B2119524735332N11958366WA0164901694
B2119534735330N11958356WA0164601691
B2119544735327N11958346WA0164301687
B2119554735324N11958336WA0163901683
B2119564735321N11958326WA0163701679
B2119574735317N11958317WA0163301677
B2119584735314N11958310WA0163101676
B2119594735311N11958303WA0162801677
B2120004735308N11958296WA0162701677
B2120014735306N11958289WA0162401675
B2120024735304N11958281WA0162301673
B2120034735302N11958272WA0162001670
B2120044735299N11958264WA0161901668
B2120054735296N11958256WA0161601666
B2120064735293N11958249WA0161501665
B2120074735289N11958242WA0161301665
B2120084735286N11958235WA0161201664
B2120094735283N11958227WA0161001663
B2120104735280N11958219WA0160901662
B2120114735277N11958211WA0160701661
B2120124735274N11958204WA0160601661
B2120134735270N11958198WA0160501660
B2120144735267N11958192WA0160401660
B2120154735265N11958186WA0160301659
B2120164735263N11958179WA0160201659
B2120174735261N11958171WA0160101657
B2120184735259N11958163WA0160001656
B2120194735256N11958154WA0159901654
B2120204735253N11958146WA0159801653
B2120214735251N11958137WA0159701652
B2120224735248N11958129WA0159601652
B2120234735246N11958120WA0159501652
B2120244735244N11958112WA0159501651
B2120254735242N11958104WA0159401651
B2120264735240N11958096WA0159301650
B2120274735238N11958088WA0159201649
B2120284735237N11958078WA0159101647
B2120294735235N11958070WA0159001646
B2120304735232N11958061WA0158901644
B2120314735229N11958052WA0158801641
B2120324735227N11958043WA0158701639
B2120334735224N11958035WA0158501637
B2120344735221N11958027WA0158401636
B2120354735218N11958020WA0158201636
B2120364735215N11958012WA0158101634
B2120374735212N11958005WA0158001632
B2120384735209N11957997WA0157901630
B2120394735205N11957989WA0157701629
B2120404735202N11957982WA0157601627
B2120414735199N11957975WA0157401627
B2120424735197N11957968WA0157301627
B2120434735195N11957961WA0157201627
B2120444735193N11957955WA0157101627
B2120454735190N11957949WA0157001625
B2120464735187N11957943WA0156901623
B2120474735183N11957936WA0156801621
B2120484735180N11957930WA0156701619
B2120494735176N11957924WA0156501617
B2120504735173N11957918WA0156401616
B2120514735169N11957912WA0156201615
B2120524735165N11957907WA0156101614
B2120534735161N11957903WA0155901612
B2120544735157N11957898WA0155801609
B2120554735153N11957893WA0155601607
B2120564735149N11957888WA0155501604
B2120574735145N11957882WA0155301602
B2120584735141N11957876WA0155101601
B2120594735138N11957869WA0154901599
B2121004735135N11957863WA0154801597
B2121014735131N11957858WA0154601594
B2121024735126N11957853WA0154401592
B2121034735122N11957848WA0154201589
B2121044735117N11957844WA0154001587
B2121054735112N11957841WA0153801584
B2121064735107N11957839WA0153601582
B2121074735102N11957837WA0153401580
B2121084735097N11957835WA0153201578
B2121094735093N11957833WA0153001577
B2121104735088N11957829WA0152801575
B2121114735084N11957825WA0152601574
B2121124735081N11957821WA0152501574
B2121134735077N11957816WA0152301572
B2121144735074N11957811WA0152201570
B2121154735070N11957805WA0152001568
B2121164735066N11957799WA0151801565
B2121174735063N11957792WA0151601563
B2121184735059N11957785WA0151401561
B2121194735055N11957779WA0151201561
B2121204735052N11957774WA0151101561
B2121214735050N11957768WA0151001561
B2121224735046N11957762WA0150901560
B2121234735043N11957755WA0150801559
B2121244735040N11957748WA0150701558
B2121254735037N11957741WA0150501557
B2121264735034N11957735WA0150401556
B2121274735032N11957728WA0150301555
B2121284735029N11957721WA0150201554
B2121294735027N11957714WA0150101553
B2121304735024N11957707WA0150001552
B2121314735021N11957702WA0149901553
B2121324735018N11957696WA0149901553
B2121334735015N11957691WA0149801554
B2121344735013N11957686WA0149801553
B2121354735011N11957679WA0149701552
B2121364735009N11957671WA0149601550
B2121374735006N11957662WA0149501548
B2121384735003N11957654WA0149401546
B2121394735000N11957645WA0149201544
B2121404734996N11957638WA0149101543
B2121414734993N11957630WA0149001542
B2121424734991N11957622WA0148901541
B2121434734988N11957614WA0148801541
B2121444734986N11957606WA0148701540
B2121454734984N11957599WA0148601539
B2121464734982N11957591WA0148501539
B2121474734981N11957582WA0148401539
B2121484734979N11957574WA0148301538
B2121494734977N11957566WA0148201537
B2121504734975N11957557WA0148201537
B2121514734974N11957549WA0148101536
B2121524734972N11957540WA0148001536
B2121534734970N11957532WA0148001535
B2121544734969N11957524WA0147901536
B2121554734967N11957516WA0147901536
B2121564734966N11957508WA0147801534
B2121574734963N11957500WA0147701533
B2121584734961N11957492WA0147601531
B2121594734959N11957484WA0147501529
B2122004734957N11957477WA0147401528
B2122014734954N11957470WA0147301526
B2122024734951N11957464WA0147201524
B2122034734948N11957457WA0147001522
B2122044734945N11957450WA0146901519
B2122054734942N11957443WA0146801518
B2122064734939N11957437WA0146701517
B2122074734936N11957430WA0146501517
B2122084734934N11957423WA0146401515
B2122094734933N11957416WA0146301514
B2122104734932N11957408WA0146101512
B2122114734930N11957400WA0146001510
B2122124734927N11957392WA0145801508
B2122134734925N11957384WA0145601506
B2122144734922N11957376WA0145501504
B2122154734920N11957369WA0145301502
B2122164734917N11957361WA0145201501
B2122174734915N11957355WA0145001499
B2122184734912N11957348WA0144901496
B2122194734908N11957340WA0144601493
B2122204734906N11957332WA0144501490
B2122214734903N11957324WA0144201488
B2122224734901N11957316WA0144101487
B2122234734898N11957309WA0143901486
B2122244734896N11957301WA0143701484
B2122254734894N11957294WA0143501482
B2122264734892N11957286WA0143401480
B2122274734890N11957277WA0143101478
B2122284734888N11957269WA0143001477
B2122294734885N11957261WA0142801477
B2122304734883N11957254WA0142701477
B2122314734880N11957247WA0142601478
B2122324734878N11957240WA0142501478
B2122334734877N11957235WA0142501479
B2122344734875N11957229WA0142401479
B2122354734872N11957222WA0142301478
B2122364734870N11957215WA0142301476
B2122374734867N11957207WA0142101474
B2122384734864N11957199WA0142001473
B2122394734860N11957192WA0141901473
B2122404734857N11957186WA0141901473
B2122414734853N11957181WA0141801475
B2122424734850N11957176WA0141801476
B2122434734848N11957171WA0141801477
B2122444734845N11957164WA0141801477
B2122454734843N11957158WA0141801476
B2122464734840N11957150WA0141801475
B2122474734837N11957142WA0141701475
B2122484734835N11957134WA0141701474
B2122494734832N11957125WA0141601474
B2122504734829N11957117WA0141601474
B2122514734826N11957109WA0141601475
B2122524734823N11957101WA0141601475
B2122534734821N11957093WA0141601476
B2122544734818N11957085WA0141601475
B2122554734816N11957076WA0141601475
B2122564734813N11957068WA0141601474
B2122574734810N11957059WA0141601474
B2122584734807N11957051WA0141501474
B2122594734804N11957042WA0141501474
B2123004734801N11957034WA0141501474
B2123014734797N11957025WA0141501475
B2123024734794N11957016WA0141501475
B2123034734790N11957007WA0141501476
B2123044734787N11957000WA0141601479
B2123054734785N11956995WA0141701483
B2123064734783N11956992WA0141801487
B2123074734781N11956989WA0142001489
B2123084734779N11956985WA0142201491
B2123094734777N11956980WA0142301491
B2123104734774N11956975WA0142401491
B2123114734771N11956969WA0142501491
B2123124734768N11956964WA0142601493
B2123134734765N11956959WA0142801495
B2123144734762N11956956WA0142901496
B2123154734759N11956954WA0143001498
B2123164734757N11956952WA0143101498
B2123174734754N11956949WA0143201497
B2123184734750N11956947WA0143301495
B2123194734746N11956944WA0143301493
B2123204734742N11956940WA0143401492
B2123214734738N11956937WA0143401491
B2123224734735N11956932WA0143401490
B2123234734732N11956928WA0143401490
B2123244734729N11956924WA0143401491
B2123254734726N11956922WA0143401492
B2123264734722N11956919WA0143401491
B2123274734718N11956917WA0143401491
B2123284734714N11956914WA0143401490
B2123294734709N11956911WA0143401490
B2123304734704N11956910WA0143401491
B2123314734699N11956909WA0143401493
B2123324734695N11956908WA0143401495
B2123334734692N11956907WA0143501496
B2123344734688N11956907WA0143601497
B2123354734685N11956907WA0143601497
B2123364734681N11956907WA0143701496
B2123374734677N11956907WA0143701495
B2123384734673N11956905WA0143701493
B2123394734669N11956902WA0143601491
B2123404734666N11956898WA0143601489
B2123414734662N11956895WA0143501488
B2123424734658N11956891WA0143401486
B2123434734655N11956887WA0143301485
B2123444734652N11956884WA0143301484
B2123454734649N11956881WA0143101482
B2123464734645N11956879WA0143101480
B2123474734641N11956876WA0142901476
B2123484734637N11956873WA0142701472
B2123494734632N11956869WA0142501468
B2123504734627N11956866WA0142301465
B2123514734623N11956862WA0142001462
B2123524734619N11956858WA0141801459
B2123534734614N11956854WA0141601456
B2123544734610N11956849WA0141401454
B2123554734606N11956845WA0141101452
B2123564734602N11956841WA0141001451
B2123574734598N11956839WA0140701449
B2123584734593N11956836WA0140601446
B2123594734588N11956834WA0140301443
B2124004734583N11956831WA0140101440
B2124014734579N11956828WA0139801438
B2124024734574N11956825WA0139701437
B2124034734571N11956821WA0139401436
B2124044734567N11956817WA0139301434
B2124054734564N11956813WA0139101432
B2124064734560N11956809WA0138901431
B2124074734556N11956806WA0138701430
B2124084734553N11956802WA0138601428
B2124094734551N11956797WA0138301426
B2124104734548N11956792WA0138201424
B2124114734545N11956786WA0138001421
B2124124734542N11956780WA0137801419
B2124134734539N11956774WA0137601417
B2124144734537N11956768WA0137401416
B2124154734535N11956763WA0137201416
B2124164734533N11956758WA0137101415
B2124174734530N11956755WA0136901412
B2124184734526N11956751WA0136801409
B2124194734522N11956748WA0136501405
B2124204734517N11956745WA0136301401
B2124214734512N11956742WA0136001397
B2124224734506N11956739WA0135801395
B2124234734501N11956736WA0135501393
B2124244734497N11956734WA0135301391
B2124254734492N11956731WA0135101389
B2124264734488N11956728WA0134901386
B2124274734483N11956725WA0134601384
B2124284734478N11956721WA0134401380
B2124294734473N11956717WA0134101377
B2124304734468N11956712WA0133901374
B2124314734463N11956708WA0133601371
B2124324734458N11956703WA0133401368
B2124334734453N11956699WA0133101366
B2124344734448N11956696WA0132901363
B2124354734442N11956693WA0132601361
B2124364734437N11956689WA0132401359
B2124374734432N11956686WA0132101356
B2124384734427N11956681WA0131901354
B2124394734422N11956677WA0131601352
B2124404734417N11956672WA0131401349
B2124414734412N11956668WA0131101346
B2124424734407N11956664WA0130901342
B2124434734401N11956660WA0130601339
B2124444734395N11956657WA0130401337
B2124454734389N11956656WA0130101335
B2124464734384N11956655WA0129901334
B2124474734379N11956654WA0129601333
B2124484734374N11956652WA0129501331
B2124494734369N11956650WA0129201328
B2124504734364N11956647WA0129001325
B2124514734359N11956645WA0128701321
B2124524734353N11956643WA0128501317
B2124534734347N11956642WA0128101313
B2124544734341N11956640WA0127901309
B2124554734335N11956639WA0127501305
B2124564734330N11956637WA0127301302
B2124574734325N11956635WA0126901299
B2124584734320N11956633WA0126701296
B2124594734314N11956632WA0126301293
B2125004734309N11956630WA0126101289
B2125014734304N11956627WA0125701285
B2125024734299N11956624WA0125401281
B2125034734294N11956621WA0125001278
B2125044734288N11956619WA0124801274
B2125054734282N11956617WA0124401271
B2125064734277N11956614WA0124101269
B2125074734271N11956612WA0123801267
B2125084734266N11956610WA0123601265
B2125094734260N11956609WA0123201263
B2125104734255N11956607WA0123001261
B2125114734249N11956605WA0122701259
B2125124734244N11956604WA0122501257
B2125134734239N11956603WA0122201255
B2125144734233N11956603WA0122001253
B2125154734228N11956603WA0121801250
B2125164734223N11956602WA0121601248
B2125174734218N11956601WA0121301246
B2125184734213N11956599WA0121101243
B2125194734208N11956598WA0120801240
B2125204734202N11956597WA0120601238
B2125214734197N11956595WA0120301235
B2125224734192N11956593WA0120101233
B2125234734188N11956591WA0119901231
B2125244734183N11956589WA0119701228
B2125254734177N11956587WA0119401225
B2125264734172N11956585WA0119101222
B2125274734167N11956583WA0118801219
B2125284734162N11956581WA0118601216
B2125294734158N11956578WA0118301214
B2125304734153N11956576WA0118101212
B2125314734148N11956574WA0117801208
B2125324734142N11956573WA0117601205
B2125334734136N11956570WA0117301202
B2125344734130N11956568WA0117001199
B2125354734124N11956565WA0116701198
B2125364734119N11956562WA0116601197
B2125374734114N11956559WA0116301196
B2125384734108N11956555WA0116201195
B2125394734103N11956552WA0115901194
B2125404734098N11956548WA0115801191
B2125414734092N11956544WA0115501189
B2125424734086N11956540WA0115301186
B2125434734080N11956535WA0115101184
B2125444734074N11956531WA0114901182
B2125454734069N11956528WA0114701181
B2125464734063N11956524WA0114501179
B2125474734057N11956520WA0114301178
B2125484734052N11956515WA0114101176
B2125494734046N11956511WA0113901174
B2125504734040N11956506WA0113801173
B2125514734035N11956502WA0113601172
B2125524734029N11956499WA0113401171
B2125534734024N11956496WA0113301170
B2125544734018N11956493WA0113101168
B2125554734012N11956489WA0113001167
B2125564734007N11956485WA0112801166
B2125574734001N11956481WA0112701165
B2125584733995N11956477WA0112601164
B2125594733989N11956474WA0112401164
B2126004733984N11956471WA0112401164
B2126014733978N11956468WA0112301164
B2126024733973N11956466WA0112201164
B2126034733968N11956463WA0112101163
B2126044733962N11956460WA0112001161
B2126054733957N11956457WA0111901159
B2126064733951N11956454WA0111801158
B2126074733945N11956451WA0111701157
B2126084733940N11956448WA0111601156
B2126094733934N11956446WA0111501155
B2126104733928N11956443WA0111401155
B2126114733923N11956440WA0111301154
B2126124733917N11956437WA0111301153
B2126134733911N11956435WA0111201153
B2126144733906N11956433WA0111101154
B2126154733902N11956432WA0111101157
B2126164733899N11956431WA0111201161
B2126174733897N11956430WA0111301164
B2126184733894N11956429WA0111401165
B2126194733892N11956427WA0111501166
B2126204733889N11956424WA0111501167
B2126214733887N11956421WA0111601168
B2126224733885N11956417WA0111701169
B2126234733882N11956412WA0111801171
B2126244733880N11956409WA0111901173
B2126254733878N11956405WA0112001175
B2126264733876N11956402WA0112101177
B2126274733873N11956399WA0112301179
B2126284733870N11956397WA0112401181
B2126294733867N11956395WA0112601183
B2126304733864N11956393WA0112701184
B2126314733861N11956391WA0112901186
B2126324733858N11956389WA0113001188
B2126334733855N11956387WA0113201190
B2126344733852N11956385WA0113301191
B2126354733849N11956384WA0113401192
B2126364733845N11956382WA0113601193
B2126374733841N11956380WA0113701194
B2126384733837N11956378WA0113801195
B2126394733834N11956376WA0113901196
B2126404733831N11956373WA0114001197
B2126414733828N11956370WA0114201199
B2126424733824N11956367WA0114301200
B2126434733821N11956363WA0114501202
B2126444733817N11956360WA0114601204
B2126454733814N11956358WA0114701206
B2126464733811N11956355WA0114901208
B2126474733807N11956353WA0115001210
B2126484733803N11956351WA0115201212
B2126494733799N11956349WA0115401214
B2126504733796N11956348WA0115501217
B2126514733792N11956347WA0115701221
B2126524733790N11956345WA0115901224
B2126534733787N11956344WA0116201228
B2126544733784N11956342WA0116401231
B2126554733781N11956339WA0116701233
B2126564733778N11956337WA0116901236
B2126574733774N11956335WA0117201239
B2126584733771N11956334WA0117401243
B2126594733767N11956333WA0117801246
B2127004733764N11956332WA0118001250
B2127014733761N11956330WA0118301253
B2127024733758N11956328WA0118601257
B2127034733755N11956326WA0118901260
B2127044733752N11956327WA0119201264
B2127054733748N11956330WA0119601268
B2127064733746N11956335WA0119901271
B2127074733744N11956340WA0120201275
B2127084733743N11956344WA0120501278
B2127094733744N11956349WA0120901279
B2127104733745N11956355WA0121101280
B2127114733747N11956363WA0121401279
B2127124733751N11956370WA0121501279
B2127134733755N11956376WA0121801282
B2127144733760N11956380WA0122001285
B2127154733765N11956382WA0122301288
B2127164733770N11956384WA0122501290
B2127174733775N11956385WA0122801294
B2127184733780N11956385WA0123001297
B2127194733785N11956383WA0123301301
B2127204733789N11956380WA0123501304
B2127214733793N11956376WA0123901307
B2127224733796N11956371WA0124101311
B2127234733799N11956366WA0124501314
B2127244733800N11956361WA0124701317
B2127254733801N11956356WA0125001321
B2127264733800N11956352WA0125301324
B2127274733798N11956348WA0125601328
B2127284733794N11956345WA0125901331
B2127294733790N11956345WA0126301335
B2127304733786N11956349WA0126501341
B2127314733784N11956355WA0127001346
B2127324733784N11956362WA0127301351
B2127334733785N11956369WA0127701355
B2127344733786N11956376WA0128001359
B2127354733788N11956383WA0128501361
B2127364733792N11956389WA0128701363
B2127374733798N11956395WA0129101365
B2127384733804N11956399WA0129401369
B2127394733810N11956401WA0129801374
B2127404733815N11956402WA0130101378
B2127414733819N11956401WA0130501382
B2127424733825N11956400WA0130701385
B2127434733830N11956399WA0131101388
B2127444733835N11956395WA0131401390
B2127454733839N11956391WA0131801393
B2127464733842N11956385WA0132001396
B2127474733844N11956380WA0132401398
B2127484733845N11956374WA0132601401
B2127494733845N11956369WA0133001404
B2127504733843N11956364WA0133201407
B2127514733841N11956361WA0133501409
B2127524733837N11956358WA0133701412
B2127534733833N11956358WA0134101415
B2127544733829N11956359WA0134301419
B2127554733825N11956363WA0134701423
B2127564733822N11956368WA0134901428
B2127574733819N11956375WA0135401433
B2127584733818N11956383WA0135701437
B2127594733817N11956390WA0136101442
B2128004733818N11956399WA0136401446
B2128014733820N11956407WA0136901450
B2128024733823N11956415WA0137201454
B2128034733826N11956422WA0137601458
B2128044733830N11956428WA0137901461
B2128054733836N11956433WA0138401465
B2128064733842N11956435WA0138601468
B2128074733847N11956436WA0139101472
B2128084733853N11956434WA0139401475
B2128094733857N11956431WA0139801478
B2128104733861N11956426WA0140001481
B2128114733863N11956420WA0140401483
B2128124733864N11956414WA0140601485
B2128134733864N11956407WA0141001487
B2128144733863N11956401WA0141201489
B2128154733861N11956395WA0141501492
B2128164733859N11956390WA0141701496
B2128174733856N11956387WA0142101499
B2128184733851N11956386WA0142301503
B2128194733847N11956387WA0142701507
B2128204733844N11956389WA0143001510
B2128214733841N11956394WA0143401514
B2128224733839N11956401WA0143601517
B2128234733837N11956409WA0144001518
B2128244733837N11956419WA0144201521
B2128254733837N11956428WA0144601523
B2128264733839N11956437WA0144801527
B2128274733842N11956444WA0145201531
B2128284733846N11956449WA0145401536
B2128294733850N11956453WA0145801539
B2128304733855N11956455WA0146101542
B2128314733861N11956455WA0146501545
B2128324733866N11956454WA0146701548
B2128334733871N11956451WA0147101550
B2128344733876N11956447WA0147301554
B2128354733878N11956442WA0147701557
B2128364733880N11956436WA0147901560
B2128374733880N11956430WA0148301562
B2128384733879N11956425WA0148501566
B2128394733879N11956419WA0148901569
B2128404733878N11956413WA0149101573
B2128414733876N11956408WA0149501577
B2128424733874N11956405WA0149801581
B2128434733871N11956403WA0150201585
B2128444733868N11956403WA0150501587
B2128454733865N11956404WA0150901590
B2128464733862N11956406WA0151101591
B2128474733859N11956410WA0151401593
B2128484733855N11956415WA0151601594
B2128494733853N11956421WA0151901596
B2128504733853N11956428WA0152101598
B2128514733853N11956436WA0152401601
B2128524733856N11956443WA0152601602
B2128534733859N11956450WA0152901604
B2128544733863N11956456WA0153001606
B2128554733868N11956460WA0153301609
B2128564733874N11956463WA0153501614
B2128574733880N11956464WA0153801617
B2128584733886N11956464WA0154101622
B2128594733891N11956463WA0154401627
B2129004733895N11956461WA0154701631
B2129014733900N11956459WA0155101635
B2129024733904N11956456WA0155401638
B2129034733909N11956452WA0155801642
B2129044733912N11956447WA0156001646
B2129054733915N11956442WA0156401649
B2129064733917N11956437WA0156701653
B2129074733919N11956432WA0157101656
B2129084733921N11956426WA0157401659
B2129094733921N11956420WA0157801662
B2129104733922N11956415WA0158001666
B2129114733924N11956410WA0158401670
B2129124733926N11956404WA0158701673
B2129134733929N11956398WA0159101676
B2129144733930N11956390WA0159301679
B2129154733931N11956383WA0159701683
B2129164733931N11956376WA0160001687
B2129174733930N11956370WA0160401693
B2129184733928N11956366WA0160801698
B2129194733926N11956362WA0161201702
B2129204733924N11956361WA0161501706
B2129214733921N11956361WA0162001709
B2129224733918N11956364WA0162301711
B2129234733916N11956369WA0162701714
B2129244733916N11956376WA0162901716
B2129254733920N11956384WA0163301717
B2129264733925N11956390WA0163501719
B2129274733932N11956392WA0163801721
B2129284733939N11956392WA0164001724
B2129294733944N11956390WA0164401728
B2129304733950N11956387WA0164601734
B2129314733954N11956384WA0165101738
B2129324733959N11956380WA0165301743
B2129334733962N11956374WA0165801747
B2129344733963N11956367WA0166001750
B2129354733963N11956360WA0166401752
B2129364733961N11956354WA0166701755
B2129374733958N11956351WA0167101758
B2129384733955N11956351WA0167301760
B2129394733953N11956353WA0167701763
B2129404733951N11956359WA0167901767
B2129414733952N11956366WA0168301770
B2129424733954N11956373WA0168601773
B2129434733957N11956380WA0168901776
B2129444733962N11956386WA0169201779
B2129454733968N11956388WA0169601782
B2129464733974N11956388WA0169801785
B2129474733980N11956383WA0170101787
B2129484733984N11956377WA0170401790
B2129494733987N11956369WA0170701792
B2129504733988N11956362WA0170901796
B2129514733989N11956355WA0171301799
B2129524733991N11956349WA0171501802
B2129534733992N11956343WA0171901804
B2129544733993N11956336WA0172101805
B2129554733993N11956328WA0172301806
B2129564733993N11956321WA0172501808
B2129574733993N11956313WA0172801809
B2129584733994N11956304WA0173001811
B2129594733995N11956296WA0173201813
B2130004733995N11956288WA0173401815
B2130014733996N11956280WA0173601816
B2130024733997N11956272WA0173701817
B2130034733997N11956264WA0173901818
B2130044733997N11956255WA0174101820
B2130054733998N11956247WA0174201820
B2130064733998N11956239WA0174301820
B2130074733999N11956230WA0174501820
B2130084733999N11956221WA0174501819
B2130094733999N11956213WA0174601818
B2130104733999N11956205WA0174601818
B2130114733997N11956197WA0174701817
B2130124733995N11956189WA0174701815
B2130134733993N11956181WA0174601813
B2130144733990N11956172WA0174601812
B2130154733988N11956164WA0174601812
B2130164733987N11956156WA0174501810
B2130174733986N11956149WA0174501810
B2130184733986N11956142WA0174401808
B2130194733985N11956137WA0174401807
B2130204733984N11956131WA0174301806
B2130214733983N11956126WA0174201803
B2130224733981N11956120WA0174101801
B2130234733979N11956113WA0173901798
B2130244733977N11956108WA0173801796
B2130254733974N11956102WA0173701794
B2130264733972N11956096WA0173501792
B2130274733970N11956090WA0173301788
B2130284733968N11956082WA0173201784
B2130294733967N11956074WA0172901781
B2130304733967N11956066WA0172701778
B2130314733967N11956060WA0172501777
B2130324733967N11956056WA0172301778
B2130334733966N11956053WA0172201778
B2130344733966N11956050WA0172101778
B2130354733965N11956046WA0172001778
B2130364733963N11956043WA0171901778
B2130374733962N11956038WA0171801778
B2130384733962N11956032WA0171701779
B2130394733963N11956026WA0171701781
B2130404733963N11956021WA0171701783
B2130414733962N11956017WA0171701785
B2130424733961N11956013WA0171701786
B2130434733960N11956011WA0171801787
B2130444733959N11956009WA0171801787
B2130454733957N11956007WA0171801787
B2130464733956N11956004WA0171801786
B2130474733953N11956001WA0171801784
B2130484733951N11955999WA0171801784
B2130494733948N11955996WA0171701783
B2130504733945N11955993WA0171701785
B2130514733943N11955990WA0171801786
B2130524733941N11955987WA0171801788
B2130534733939N11955984WA0171901790
B2130544733938N11955981WA0171901792
B2130554733936N11955979WA0172001795
B2130564733934N11955977WA0172101798
B2130574733933N11955976WA0172301800
B2130584733931N11955975WA0172401803
B2130594733928N11955976WA0172601805
B2131004733926N11955980WA0172801808
B2131014733924N11955985WA0173001810
B2131024733923N11955991WA0173101814
B2131034733924N11955999WA0173401817
B2131044733927N11956006WA0173601821
B2131054733931N11956013WA0173901823
B2131064733936N11956019WA0174101825
B2131074733943N11956024WA0174301825
B2131084733951N11956027WA0174401826
B2131094733959N11956029WA0174701828
B2131104733966N11956028WA0174801829
B2131114733973N11956025WA0175001831
B2131124733978N11956021WA0175101832
B2131134733983N11956016WA0175301834
B2131144733985N11956011WA0175501836
B2131154733987N11956006WA0175701838
B2131164733988N11956002WA0175801839
B2131174733989N11955997WA0176001842
B2131184733989N11955992WA0176201843
B2131194733988N11955988WA0176401846
B2131204733988N11955983WA0176501847
B2131214733988N11955978WA0176701849
B2131224733987N11955973WA0176901851
B2131234733986N11955969WA0177101852
B2131244733984N11955964WA0177201853
B2131254733983N11955959WA0177401855
B2131264733981N11955953WA0177501856
B2131274733980N11955946WA0177701855
B2131284733980N11955941WA0177701854
B2131294733979N11955938WA0177801854
B2131304733978N11955936WA0177901853
B2131314733975N11955934WA0177901852
B2131324733973N11955933WA0178001852
B2131334733970N11955932WA0178001851
B2131344733968N11955931WA0178001852
B2131354733965N11955931WA0178001852
B2131364733963N11955930WA0178101851
B2131374733961N11955929WA0178101851
B2131384733959N11955926WA0178101851
B2131394733957N11955921WA0178101850
B2131404733956N11955916WA0178101850
B2131414733957N11955909WA0178101851
B2131424733958N11955902WA0178101853
B2131434733960N11955895WA0178201856
B2131444733963N11955889WA0178301859
B2131454733968N11955883WA0178501862
B2131464733974N11955880WA0178601865
B2131474733980N11955877WA0178801869
B2131484733986N11955874WA0178901872
B2131494733991N11955869WA0179201876
B2131504733994N11955863WA0179301880
B2131514733994N11955856WA0179601883
B2131524733993N11955851WA0179801886
B2131534733990N11955850WA0180101890
B2131544733987N11955852WA0180401893
B2131554733984N11955857WA0180701896
B2131564733982N11955862WA0180901900
B2131574733982N11955868WA0181301906
B2131584733983N11955874WA0181601911
B2131594733987N11955880WA0182001914
B2132004733991N11955886WA0182201916
B2132014733997N11955891WA0182601919
B2132024734004N11955893WA0182801921
B2132034734010N11955893WA0183201924
B2132044734017N11955891WA0183401926
B2132054734023N11955889WA0183801929
B2132064734029N11955885WA0184001932
B2132074734034N11955880WA0184301935
B2132084734038N11955874WA0184601939
B2132094734041N11955868WA0184901942
B2132104734042N11955861WA0185201945
B2132114734041N11955856WA0185501949
B2132124734039N11955852WA0185801952
B2132134734035N11955851WA0186101954
B2132144734032N11955853WA0186401956
B2132154734029N11955858WA0186701958
B2132164734027N11955866WA0186901961
B2132174734027N11955874WA0187201964
B2132184734029N11955883WA0187501968
B2132194734033N11955890WA0187801972
B2132204734038N11955895WA0188101975
B2132214734044N11955900WA0188401978
B2132224734050N11955902WA0188601980
B2132234734057N11955903WA0188901981
B2132244734064N11955902WA0189201983
B2132254734071N11955899WA0189501985
B2132264734077N11955896WA0189701988
B2132274734082N11955890WA0190001990
B2132284734087N11955884WA0190101992
B2132294734090N11955877WA0190401994
B2132304734092N11955869WA0190601997
B2132314734094N11955862WA0190902000
B2132324734095N11955855WA0191102002
B2132334734096N11955848WA0191402004
B2132344734096N11955842WA0191602007
B2132354734096N11955835WA0191902009
B2132364734097N11955828WA0192102012
B2132374734097N11955821WA0192402014
B2132384734097N11955815WA0192602018
B2132394734096N11955809WA0192902021
B2132404734094N11955805WA0193202023
B2132414734091N11955802WA0193502025
B2132424734088N11955801WA0193702027
B2132434734085N11955800WA0194002029
B2132444734083N11955803WA0194202031
B2132454734081N11955807WA0194402033
B2132464734079N11955814WA0194602034
B2132474734079N11955821WA0194902036
B2132484734080N11955829WA0195002038
B2132494734082N11955837WA0195302040
B2132504734086N11955844WA0195502043
B2132514734090N11955849WA0195702045
B2132524734096N11955853WA0195902046
B2132534734102N11955856WA0196102048
B2132544734109N11955857WA0196302050
B2132554734116N11955855WA0196502051
B2132564734122N11955851WA0196602053
B2132574734128N11955847WA0196902055
B2132584734134N11955842WA0197002058
B2132594734139N11955836WA0197302061
B2133004734142N11955830WA0197502063
B2133014734144N11955822WA0197702065
B2133024734146N11955815WA0197902067
B2133034734148N11955808WA0198202069
B2133044734150N11955801WA0198402072
B2133054734153N11955795WA0198602073
B2133064734156N11955788WA0198802073
B2133074734159N11955781WA0198902073
B2133084734161N11955774WA0199002072
B2133094734163N11955766WA0199102070
B2133104734166N11955757WA0199102067
B2133114734167N11955748WA0199102064
B2133124734169N11955738WA0199102062
B2133134734171N11955728WA0199002059
B2133144734173N11955718WA0198902058
B2133154734175N11955709WA0198802057
B2133164734176N11955701WA0198802057
B2133174734176N11955693WA0198702057
B2133184734177N11955684WA0198702055
B2133194734178N11955675WA0198502052
B2133204734180N11955666WA0198402050
B2133214734183N11955657WA0198302048
B2133224734185N11955649WA0198202047
B2133234734186N11955642WA0198102046
B2133244734187N11955634WA0198002044
B2133254734188N11955625WA0197802043
B2133264734189N11955616WA0197702041
B2133274734190N11955605WA0197602039
B2133284734191N11955594WA0197502039
B2133294734192N11955585WA0197402042
B2133304734194N11955577WA0197402045
B2133314734196N11955570WA0197402049
B2133324734197N11955564WA0197502052
B2133334734198N11955559WA0197602054
B2133344734198N11955554WA0197702055
B2133354734199N11955549WA0197702054
B2133364734201N11955543WA0197802053
B2133374734203N11955536WA0197802051
B2133384734205N11955529WA0197802049
B2133394734207N11955520WA0197702047
B2133404734209N11955511WA0197702044
B2133414734212N11955501WA0197502041
B2133424734215N11955491WA0197402039
B2133434734218N11955482WA0197302039
B2133444734220N11955474WA0197202038
B2133454734222N11955465WA0197102038
B2133464734224N11955457WA0197102038
B2133474734227N11955449WA0197002037
B2133484734230N11955442WA0196902036
B2133494734233N11955433WA0196802035
B2133504734236N11955425WA0196802034
B2133514734238N11955417WA0196602032
B2133524734241N11955408WA0196602030
B2133534734244N11955399WA0196402027
B2133544734247N11955391WA0196302024
B2133554734251N11955383WA0196102021
B2133564734254N11955375WA0195902018
B2133574734258N11955366WA0195702014
B2133584734262N11955357WA0195502010
B2133594734265N11955348WA0195202006
B2134004734268N11955338WA0195002002
B2134014734271N11955329WA0194701999
B2134024734273N11955320WA0194401996
B2134034734276N11955310WA0194101993
B2134044734278N11955301WA0193901990
B2134054734281N11955292WA0193501987
B2134064734284N11955283WA0193301984
B2134074734286N11955274WA0193001981
B2134084734288N11955265WA0192801979
B2134094734291N11955257WA0192401977
B2134104734293N11955250WA0192301975
B2134114734297N11955243WA0192001973
B2134124734300N11955236WA0191801970
B2134134734304N11955229WA0191401966
B2134144734307N11955221WA0191201963
B2134154734309N11955213WA0190901960
B2134164734311N11955205WA0190701957
B2134174734312N11955198WA0190301955
B2134184734313N11955191WA0190101954
B2134194734314N11955184WA0189901952
B2134204734316N11955178WA0189701950
B2134214734318N11955171WA0189401947
B2134224734320N11955164WA0189201945
B2134234734321N11955157WA0188901942
B2134244734323N11955150WA0188701941
B2134254734325N11955143WA0188501939
B2134264734327N11955135WA0188301937
B2134274734329N11955127WA0188001934
B2134284734330N11955120WA0187901932
B2134294734331N11955112WA0187601931
B2134304734332N11955105WA0187501930
B2134314734334N11955099WA0187201928
B2134324734336N11955092WA0187101928
B2134334734339N11955085WA0186901927
B2134344734341N11955077WA0186801926
B2134354734343N11955069WA0186601926
B2134364734344N11955061WA0186501926
B2134374734345N11955053WA0186401927
B2134384734346N11955047WA0186301928
B2134394734347N11955040WA0186301930
B2134404734349N11955033WA0186301930
B2134414734351N11955027WA0186201931
B2134424734353N11955019WA0186201931
B2134434734355N11955012WA0186201930
B2134444734356N11955004WA0186201930
B2134454734358N11954996WA0186101930
B2134464734360N11954987WA0186101930
B2134474734362N11954979WA0186101931
B2134484734364N11954971WA0186101934
B2134494734366N11954964WA0186201936
B2134504734369N11954958WA0186301938
B2134514734371N11954951WA0186401939
B2134524734373N11954945WA0186401940
B2134534734375N11954938WA0186501940
B2134544734376N11954931WA0186601939
B2134554734378N11954924WA0186601938
B2134564734379N11954916WA0186601937
B2134574734382N11954908WA0186601936
B2134584734384N11954901WA0186601937
B2134594734386N11954894WA0186601937
B2135004734388N11954886WA0186601937
B2135014734390N11954879WA0186601937
B2135024734392N11954870WA0186601936
B2135034734393N11954861WA0186601935
B2135044734395N11954853WA0186601935
B2135054734397N11954845WA0186601937
B2135064734399N11954837WA0186601941
B2135074734401N11954832WA0186801944
B2135084734403N11954828WA0186901948
B2135094734405N11954826WA0187101952
B2135104734405N11954824WA0187201955
B2135114734405N11954822WA0187501957
B2135124734404N11954820WA0187601956
B2135134734403N11954818WA0187801957
B2135144734402N11954815WA0187901958
B2135154734401N11954812WA0188001959
B2135164734402N11954808WA0188101959
B2135174734402N11954804WA0188201960
B2135184734404N11954799WA0188301961
B2135194734405N11954794WA0188401961
B2135204734407N11954788WA0188501962
B2135214734409N11954783WA0188601962
B2135224734412N11954777WA0188701963
B2135234734415N11954772WA0188801963
B2135244734418N11954768WA0188801963
B2135254734421N11954762WA0188901963
B2135264734423N11954756WA0188901963
B2135274734425N11954750WA0188901962
B2135284734426N11954744WA0189001963
B2135294734427N11954740WA0189001963
B2135304734426N11954735WA0189001963
B2135314734426N11954730WA0189001961
B2135324734424N11954724WA0189101961
B2135334734423N11954719WA0189101962
B2135344734422N11954716WA0189101964
B2135354734422N11954713WA0189201967
B2135364734422N11954711WA0189301969
B2135374734423N11954707WA0189401970
B2135384734424N11954702WA0189401970
B2135394734426N11954694WA0189401967
B2135404734428N11954685WA0189401964
B2135414734430N11954674WA0189301961
B2135424734431N11954665WA0189201961
B2135434734432N11954658WA0189201962
B2135444734433N11954651WA0189201963
B2135454734435N11954645WA0189201963
B2135464734438N11954638WA0189201964
B2135474734440N11954629WA0189201963
B2135484734442N11954619WA0189101961
B2135494734445N11954608WA0189101960
B2135504734447N11954597WA0189001960
B2135514734449N11954587WA0189001961
B2135524734451N11954578WA0189001964
B2135534734452N11954569WA0189001966
B2135544734454N11954560WA0189101965
B2135554734456N11954550WA0189101964
B2135564734457N11954541WA0189101963
B2135574734459N11954530WA0189101962
B2135584734461N11954520WA0189001960
B2135594734463N11954510WA0189001959
B2136004734465N11954500WA0188901958
B2136014734468N11954490WA0188901957
B2136024734471N11954480WA0188801955
B2136034734474N11954469WA0188701955
B2136044734475N11954461WA0188701957
B2136054734477N11954454WA0188701959
B2136064734478N11954446WA0188801961
B2136074734479N11954438WA0188801960
B2136084734479N11954428WA0188801958
B2136094734480N11954416WA0188701955
B2136104734480N11954404WA0188601953
B2136114734480N11954393WA0188601953
B2136124734481N11954382WA0188501954
B2136134734482N11954372WA0188501954
B2136144734483N11954363WA0188501955
B2136154734484N11954353WA0188401954
B2136164734486N11954343WA0188401953
B2136174734488N11954333WA0188301950
B2136184734490N11954323WA0188201948
B2136194734491N11954313WA0188101947
B2136204734493N11954304WA0188001945
B2136214734494N11954294WA0187901944
B2136224734496N11954284WA0187801942
B2136234734498N11954273WA0187601939
B2136244734499N11954262WA0187501937
B2136254734500N11954251WA0187301936
B2136264734501N11954240WA0187201935
B2136274734502N11954230WA0187101935
B2136284734504N11954221WA0187001935
B2136294734506N11954212WA0186901935
B2136304734508N11954203WA0186801935
B2136314734510N11954193WA0186701933
B2136324734512N11954183WA0186601932
B2136334734513N11954173WA0186501931
B2136344734515N11954163WA0186401929
B2136354734516N11954153WA0186301929
B2136364734518N11954143WA0186201928
B2136374734520N11954134WA0186101927
B2136384734521N11954124WA0186001926
B2136394734523N11954115WA0185901923
B2136404734525N11954105WA0185801919
B2136414734527N11954095WA0185501917
B2136424734529N11954085WA0185401915
B2136434734530N11954077WA0185201914
B2136444734531N11954070WA0185101912
B2136454734532N11954062WA0184901910
B2136464734533N11954054WA0184801906
B2136474734534N11954044WA0184501902
B2136484734535N11954034WA0184301899
B2136494734536N11954025WA0184101898
B2136504734538N11954018WA0184001899
B2136514734539N11954012WA0183901901
B2136524734541N11954006WA0183801902
B2136534734543N11954000WA0183701903
B2136544734546N11953994WA0183701905
B2136554734548N11953988WA0183701907
B2136564734550N11953982WA0183701909
B2136574734552N11953976WA0183801912
B2136584734555N11953971WA0183901915
B2136594734557N11953966WA0184001918
B2137004734559N11953961WA0184101919
B2137014734561N11953955WA0184301920
B2137024734562N11953948WA0184401922
B2137034734564N11953941WA0184501924
B2137044734566N11953935WA0184601925
B2137054734569N11953930WA0184801927
B2137064734572N11953924WA0184901928
B2137074734574N11953918WA0185001928
B2137084734577N11953911WA0185101927
B2137094734579N11953903WA0185101926
B2137104734581N11953894WA0185201926
B2137114734583N11953885WA0185201926
B2137124734585N11953876WA0185201926
B2137134734586N11953868WA0185301927
B2137144734587N11953860WA0185301928
B2137154734589N11953852WA0185401928
B2137164734590N11953842WA0185401928
B2137174734592N11953832WA0185401926
B2137184734595N11953821WA0185401925
B2137194734597N11953810WA0185401924
B2137204734599N11953798WA0185401925
B2137214734600N11953788WA0185401926
B2137224734600N11953778WA0185401928
B2137234734601N11953768WA0185501930
B2137244734603N11953759WA0185501933
B2137254734606N11953750WA0185701934
B2137264734610N11953740WA0185701936
B2137274734615N11953730WA0185901937
B2137284734619N11953720WA0185901939
B2137294734623N11953709WA0186101940
B2137304734627N11953699WA0186201942
B2137314734630N11953689WA0186301943
B2137324734633N11953679WA0186401945
B2137334734637N11953669WA0186501946
B2137344734640N11953659WA0186601947
B2137354734643N11953649WA0186801949
B2137364734647N11953638WA0186901950
B2137374734650N11953628WA0187001951
B2137384734652N11953618WA0187101955
B2137394734655N11953612WA0187401960
B2137404734658N11953607WA0187601964
B2137414734660N11953604WA0187901966
B2137424734663N11953599WA0188001966
B2137434734665N11953592WA0188201963
B2137444734667N11953582WA0188201961
B2137454734670N11953573WA0188301958
B2137464734673N11953563WA0188301958
B2137474734676N11953555WA0188301958
B2137484734678N11953547WA0188301959
B2137494734679N11953540WA0188401959
B2137504734679N11953532WA0188401958
B2137514734679N11953522WA0188301955
B2137524734679N11953512WA0188301953
B2137534734679N11953501WA0188201952
B2137544734680N11953490WA0188201951
B2137554734681N11953479WA0188101950
B2137564734682N11953469WA0188001949
B2137574734682N11953460WA0187901949
B2137584734682N11953451WA0187901948
B2137594734682N11953443WA0187801946
B2138004734683N11953434WA0187701944
B2138014734684N11953425WA0187501941
B2138024734685N11953414WA0187401938
B2138034734687N11953403WA0187201935
B2138044734688N11953393WA0187101933
B2138054734689N11953382WA0186901932
B2138064734691N11953372WA0186801931
B2138074734692N11953362WA0186601930
B2138084734695N11953351WA0186501929
B2138094734697N11953341WA0186301928
B2138104734700N11953331WA0186201926
B2138114734702N11953321WA0186101925
B2138124734705N11953312WA0186001925
B2138134734707N11953303WA0185801924
B2138144734709N11953293WA0185701922
B2138154734711N11953284WA0185601920
B2138164734711N11953274WA0185501918
B2138174734711N11953263WA0185201914
B2138184734711N11953253WA0185101912
B2138194734711N11953244WA0184901911
B2138204734712N11953235WA0184801910
B2138214734714N11953227WA0184601909
B2138224734717N11953219WA0184501908
B2138234734720N11953210WA0184301906
B2138244734723N11953202WA0184201904
B2138254734726N11953192WA0183901900
B2138264734728N11953182WA0183801896
B2138274734730N11953171WA0183501893
B2138284734732N11953161WA0183301891
B2138294734734N11953152WA0183101889
B2138304734736N11953143WA0182901888
B2138314734739N11953134WA0182701887
B2138324734741N11953125WA0182601886
B2138334734744N11953117WA0182401884
B2138344734747N11953109WA0182201882
B2138354734750N11953100WA0182001879
B2138364734753N11953090WA0181801876
B2138374734757N11953081WA0181501873
B2138384734760N11953072WA0181401869
B2138394734764N11953063WA0181101867
B2138404734767N11953054WA0180901864
B2138414734770N11953044WA0180601860
B2138424734773N11953035WA0180401857
B2138434734775N11953025WA0180001854
B2138444734777N11953016WA0179801852
B2138454734779N11953007WA0179501850
B2138464734782N11952998WA0179301847
B2138474734784N11952990WA0179001845
B2138484734786N11952981WA0178801842
B2138494734788N11952972WA0178501838
B2138504734791N11952962WA0178301834
B2138514734793N11952953WA0177901831
B2138524734796N11952943WA0177701828
B2138534734798N11952934WA0177301826
B2138544734800N11952925WA0177101823
B2138554734802N11952916WA0176801821
B2138564734804N11952907WA0176601818
B2138574734805N11952898WA0176301815
B2138584734806N11952889WA0176001812
B2138594734807N11952880WA0175701809
B2139004734809N11952871WA0175501807
B2139014734810N11952861WA0175201804
B2139024734812N11952852WA0175001802
B2139034734814N11952842WA0174701799
B2139044734815N11952833WA0174401797
B2139054734817N11952823WA0174101794
B2139064734819N11952813WA0173901791
B2139074734821N11952803WA0173601787
B2139084734824N11952792WA0173301784
B2139094734827N11952781WA0173001780
B2139104734828N11952770WA0172701777
B2139114734830N11952759WA0172401775
B2139124734831N11952748WA0172201772
B2139134734833N11952738WA0171801770
B2139144734834N11952727WA0171601767
B2139154734835N11952717WA0171301764
B2139164734835N11952706WA0171101761
B2139174734835N11952694WA0170701758
B2139184734837N11952684WA0170501756
B2139194734838N11952676WA0170201756
B2139204734839N11952668WA0170101756
B2139214734839N11952660WA0169901756
B2139224734838N11952652WA0169801754
B2139234734837N11952643WA0169501752
B2139244734837N11952634WA0169401749
B2139254734838N11952624WA0169101746
B2139264734839N11952614WA0168901743
B2139274734840N11952604WA0168701741
B2139284734841N11952594WA0168501740
B2139294734841N11952584WA0168301738
B2139304734842N11952574WA0168101736
B2139314734843N11952564WA0167801733
B2139324734844N11952554WA0167701731
B2139334734845N11952544WA0167401728
B2139344734846N11952535WA0167201726
B2139354734846N11952525WA0167001724
B2139364734846N11952515WA0166801721
B2139374734845N11952504WA0166601719
B2139384734845N11952494WA0166401717
B2139394734846N11952485WA0166101715
B2139404734846N11952475WA0166001712
B2139414734847N11952465WA0165701710
B2139424734847N11952455WA0165601708
B2139434734847N11952445WA0165301707
B2139444734847N11952436WA0165201705
B2139454734847N11952427WA0164901703
B2139464734847N11952417WA0164801701
B2139474734847N11952407WA0164601699
B2139484734848N11952396WA0164401698
B2139494734848N11952386WA0164201696
B2139504734850N11952376WA0164001695
B2139514734851N11952366WA0163801694
B2139524734853N11952356WA0163701693
B2139534734855N11952346WA0163501692
B2139544734856N11952336WA0163401690
B2139554734857N11952325WA0163201688
B2139564734859N11952314WA0163001686
B2139574734861N11952303WA0162801685
B2139584734862N11952292WA0162701684
B2139594734863N11952280WA0162501683
B2140004734866N11952269WA0162401682
B2140014734868N11952257WA0162301680
B2140024734869N11952245WA0162101679
B2140034734870N11952234WA0162001678
B2140044734870N11952224WA0161901677
B2140054734871N11952215WA0161701676
B2140064734873N11952205WA0161601674
B2140074734874N11952196WA0161401671
B2140084734876N11952187WA0161301667
B2140094734877N11952176WA0161001662
B2140104734878N11952164WA0160801656
B2140114734880N11952152WA0160401651
B2140124734881N11952139WA0160201647
B2140134734882N11952128WA0159801645
B2140144734882N11952117WA0159601643
B2140154734883N11952108WA0159301642
B2140164734884N11952098WA0159101640
B2140174734885N11952088WA0158801638
B2140184734886N11952078WA0158701635
B2140194734888N11952067WA0158301632
B2140204734889N11952056WA0158101628
B2140214734891N11952045WA0157801626
B2140224734892N11952035WA0157601623
B2140234734893N11952025WA0157301621
B2140244734894N11952015WA0157101618
B2140254734895N11952006WA0156801615
B2140264734897N11951995WA0156501611
B2140274734898N11951984WA0156201608
B2140284734900N11951973WA0155901603
B2140294734900N11951961WA0155601599
B2140304734900N11951950WA0155301597
B2140314734899N11951939WA0155001594
B2140324734899N11951930WA0154801593
B2140334734899N11951920WA0154501591
B2140344734899N11951910WA0154301589
B2140354734898N11951900WA0153901586
B2140364734898N11951890WA0153701583
B2140374734898N11951880WA0153401580
B2140384734898N11951870WA0153201577
B2140394734899N11951860WA0152901574
B2140404734900N11951851WA0152601572
B2140414734900N11951842WA0152301570
B2140424734901N11951832WA0152101568
B2140434734902N11951822WA0151801566
B2140444734903N11951812WA0151601563
B2140454734904N11951801WA0151301559
B2140464734905N11951790WA0151101556
B2140474734906N11951778WA0150801553
B2140484734907N11951767WA0150601550
B2140494734909N11951756WA0150201548
B2140504734911N11951746WA0150001545
B2140514734914N11951736WA0149701542
B2140524734916N11951724WA0149501537
B2140534734919N11951713WA0149101533
B2140544734921N11951700WA0148801528
B2140554734923N11951688WA0148401524
B2140564734925N11951677WA0148101521
B2140574734928N11951666WA0147801519
B2140584734932N11951656WA0147601518
B2140594734935N11951646WA0147201516
B2141004734938N11951636WA0147001513
B2141014734940N11951625WA0146701510
B2141024734943N11951614WA0146501509
B2141034734945N11951604WA0146201508
B2141044734947N11951596WA0146101509
B2141054734949N11951588WA0145901509
B2141064734949N11951581WA0145801508
B2141074734949N11951573WA0145601507
B2141084734948N11951565WA0145401504
B2141094734947N11951557WA0145201502
B2141104734946N11951549WA0145101501
B2141114734945N11951542WA0144901501
B2141124734944N11951537WA0144801502
B2141134734943N11951533WA0144701502
B2141144734942N11951528WA0144601501
B2141154734941N11951520WA0144501497
B2141164734939N11951512WA0144401494
B2141174734938N11951503WA0144201492
B2141184734937N11951494WA0144101492
B2141194734935N11951486WA0143901492
B2141204734934N11951478WA0143801493
B2141214734933N11951470WA0143701492
B2141224734932N11951461WA0143601492
B2141234734931N11951452WA0143501491
B2141244734929N11951443WA0143501491
B2141254734927N11951434WA0143401491
B2141264734927N11951426WA0143401492
B2141274734927N11951418WA0143301494
B2141284734927N11951410WA0143301494
B2141294734927N11951402WA0143301495
B2141304734926N11951393WA0143301495
B2141314734925N11951385WA0143401496
B2141324734925N11951376WA0143401500
B2141334734927N11951370WA0143601505
B2141344734929N11951364WA0143701510
B2141354734930N11951360WA0144001515
B2141364734931N11951355WA0144201519
B2141374734931N11951349WA0144401522
B2141384734931N11951341WA0144601524
B2141394734929N11951335WA0144901528
B2141404734926N11951331WA0145101532
B2141414734921N11951331WA0145401535
B2141424734917N11951335WA0145701537
B2141434734914N11951341WA0146001540
B2141444734913N11951348WA0146201543
B2141454734914N11951356WA0146501546
B2141464734917N11951364WA0146801549
B2141474734921N11951371WA0147101552
B2141484734927N11951375WA0147401556
B2141494734932N11951377WA0147701560
B2141504734938N11951376WA0148001563
B2141514734943N11951373WA0148401566
B2141524734947N11951368WA0148601569
B2141534734950N11951361WA0149001572
B2141544734950N11951353WA0149201575
B2141554734948N11951347WA0149601579
B2141564734945N11951342WA0149901584
B2141574734941N11951340WA0150301588
B2141584734937N11951342WA0150601591
B2141594734932N11951347WA0151001595
B2142004734930N11951354WA0151201598
B2142014734929N11951362WA0151701602
B2142024734929N11951371WA0151901606
B2142034734932N11951379WA0152401610
B2142044734935N11951387WA0152701614
B2142054734940N11951393WA0153101619
B2142064734945N11951397WA0153401623
B2142074734951N11951398WA0153801627
B2142084734957N11951397WA0154101630
B2142094734962N11951395WA0154601632
B2142104734966N11951391WA0154801636
B2142114734969N11951385WA0155201638
B2142124734970N11951380WA0155501641
B2142134734969N11951374WA0155901643
B2142144734965N11951371WA0156101646
B2142154734960N11951370WA0156501649
B2142164734956N11951372WA0156801655
B2142174734953N11951374WA0157201660
B2142184734951N11951377WA0157501665
B2142194734948N11951381WA0158001669
B2142204734945N11951385WA0158301672
B2142214734943N11951391WA0158701675
B2142224734942N11951399WA0159001678
B2142234734944N11951408WA0159401681
B2142244734948N11951416WA0159601684
B2142254734953N11951422WA0160101688
B2142264734959N11951426WA0160301692
B2142274734965N11951428WA0160701695
B2142284734971N11951427WA0161001698
B2142294734976N11951424WA0161401702
B2142304734980N11951419WA0161701705
B2142314734983N11951413WA0162101708
B2142324734983N11951408WA0162301712
B2142334734983N11951403WA0162701715
B2142344734982N11951398WA0163001719
B2142354734980N11951394WA0163401722
B2142364734978N11951391WA0163701726
B2142374734974N11951391WA0164101730
B2142384734970N11951393WA0164401733
B2142394734967N11951397WA0164801737
B2142404734965N11951403WA0165101741
B2142414734964N11951408WA0165501746
B2142424734964N11951414WA0165801750
B2142434734965N11951421WA0166201753
B2142444734968N11951429WA0166501755
B2142454734972N11951437WA0166901758
B2142464734977N11951444WA0167201762
B2142474734983N11951447WA0167601764
B2142484734988N11951448WA0167901767
B2142494734993N11951448WA0168201770
B2142504734998N11951446WA0168501773
B2142514735003N11951442WA0168801774
B2142524735007N11951438WA0169101776
B2142534735010N11951432WA0169401778
B2142544735011N11951426WA0169601780
B2142554735012N11951420WA0169901782
B2142564735010N11951414WA0170101784
B2142574735008N11951410WA0170401787
B2142584735005N11951407WA0170601790
B2142594735002N11951405WA0170901794
B2143004735000N11951403WA0171201799
B2143014734997N11951401WA0171501804
B2143024734995N11951401WA0171801807
B2143034734992N11951401WA0172201810
B2143044734988N11951404WA0172401813
B2143054734986N11951409WA0172801815
B2143064734984N11951415WA0173001817
B2143074734983N11951422WA0173401820
B2143084734982N11951429WA0173601822
B2143094734984N11951437WA0173901824
B2143104734987N11951444WA0174101826
B2143114734991N11951451WA0174401828
B2143124734997N11951456WA0174601831
B2143134735003N11951459WA0174901833
B2143144735010N11951460WA0175101837
B2143154735016N11951459WA0175501840
B2143164735021N11951457WA0175701843
B2143174735026N11951452WA0176001846
B2143184735029N11951446WA0176201849
B2143194735031N11951439WA0176501851
B2143204735031N11951433WA0176701853
B2143214735031N11951427WA0177001855
B2143224735030N11951421WA0177201857
B2143234735027N11951416WA0177501860
B2143244735024N11951412WA0177701863
B2143254735020N11951411WA0178001866
B2143264735016N11951411WA0178201871
B2143274735013N11951414WA0178601875
B2143284735011N11951419WA0178801879
B2143294735009N11951426WA0179201882
B2143304735010N11951435WA0179401884
B2143314735012N11951444WA0179801887
B2143324735015N11951452WA0180001890
B2143334735019N11951458WA0180401894
B2143344735024N11951462WA0180601897
B2143354735029N11951464WA0181001900
B2143364735034N11951463WA0181201901
B2143374735040N11951461WA0181501903
B2143384735046N11951456WA0181701904
B2143394735050N11951449WA0182001905
B2143404735052N11951440WA0182101906
B2143414735052N11951432WA0182301908
B2143424735051N11951425WA0182501910
B2143434735050N11951418WA0182801914
B2143444735049N11951413WA0183001919
B2143454735048N11951410WA0183301924
B2143464735046N11951407WA0183601927
B2143474735043N11951405WA0183901929
B2143484735041N11951403WA0184101931
B2143494735037N11951401WA0184401932
B2143504735034N11951402WA0184601933
B2143514735031N11951405WA0184801933
B2143524735027N11951410WA0185001933
B2143534735025N11951417WA0185101932
B2143544735024N11951426WA0185201932
B2143554735024N11951435WA0185401934
B2143564735027N11951444WA0185501936
B2143574735030N11951452WA0185701938
B2143584735035N11951458WA0185801940
B2143594735041N11951461WA0186001943
B2144004735046N11951463WA0186201945
B2144014735051N11951463WA0186401948
B2144024735056N11951462WA0186501949
B2144034735061N11951459WA0186701950
B2144044735065N11951454WA0186801950
B2144054735069N11951447WA0187001949
B2144064735072N11951439WA0187101950
B2144074735073N11951431WA0187201951
B2144084735074N11951423WA0187301954
B2144094735074N11951416WA0187501956
B2144104735074N11951410WA0187601959
B2144114735073N11951404WA0187801962
B2144124735072N11951398WA0188001964
B2144134735072N11951393WA0188201968
B2144144735071N11951388WA0188401970
B2144154735070N11951383WA0188601971
B2144164735069N11951378WA0188801973
B2144174735068N11951375WA0189001974
B2144184735066N11951373WA0189101975
B2144194735064N11951371WA0189301975
B2144204735062N11951369WA0189401975
B2144214735060N11951366WA0189601976
B2144224735057N11951363WA0189701977
B2144234735054N11951361WA0189801978
B2144244735050N11951359WA0189901978
B2144254735046N11951355WA0190101980
B2144264735042N11951351WA0190201982
B2144274735038N11951346WA0190301985
B2144284735036N11951342WA0190501987
B2144294735034N11951338WA0190701989
B2144304735032N11951335WA0190801989
B2144314735029N11951332WA0190901988
B2144324735023N11951332WA0191001988
B2144334735018N11951334WA0191101988
B2144344735012N11951338WA0191201990
B2144354735008N11951341WA0191301994
B2144364735004N11951343WA0191501998
B2144374735000N11951344WA0191702001
B2144384734995N11951342WA0191902004
B2144394734990N11951338WA0192102005
B2144404734986N11951332WA0192302008
B2144414734983N11951324WA0192502011
B2144424734981N11951317WA0192702016
B2144434734982N11951309WA0193002020
B2144444734984N11951303WA0193202023
B2144454734988N11951297WA0193502025
B2144464734993N11951292WA0193702027
B2144474734998N11951290WA0194002030
B2144484735002N11951290WA0194202032
B2144494735006N11951292WA0194502034
B2144504735010N11951296WA0194702034
B2144514735013N11951302WA0194902034
B2144524735015N11951309WA0195002035
B2144534735016N11951316WA0195202039
B2144544735015N11951322WA0195402043
B2144554735012N11951326WA0195702046
B2144564735008N11951330WA0195902048
B2144574735004N11951332WA0196102050
B2144584734999N11951333WA0196302053
B2144594734994N11951332WA0196602056
B2145004734990N11951329WA0196802058
B2145014734985N11951326WA0197102060
B2145024734980N11951323WA0197302062
B2145034734976N11951320WA0197502065
B2145044734971N11951316WA0197702067
B2145054734968N11951311WA0198002068
B2145064734964N11951305WA0198202069
B2145074734961N11951298WA0198402070
B2145084734959N11951290WA0198502071
B2145094734957N11951282WA0198702072
B2145104734956N11951274WA0198902073
B2145114734956N11951266WA0199002075
B2145124734955N11951259WA0199202076
B2145134734955N11951251WA0199302076
B2145144734955N11951243WA0199402076
B2145154734955N11951234WA0199502075
B2145164734955N11951225WA0199502073
B2145174734954N11951216WA0199602071
B2145184734953N11951206WA0199602070
B2145194734953N11951197WA0199602069
B2145204734954N11951188WA0199602068
B2145214734955N11951178WA0199502067
B2145224734955N11951169WA0199502066
B2145234734955N11951159WA0199402064
B2145244734955N11951149WA0199302062
B2145254734956N11951138WA0199202059
B2145264734957N11951127WA0199102057
B2145274734958N11951115WA0198902054
B2145284734959N11951104WA0198802052
B2145294734961N11951092WA0198602050
B2145304734962N11951080WA0198502050
B2145314734962N11951070WA0198402050
B2145324734961N11951060WA0198302051
B2145334734959N11951051WA0198302052
B2145344734959N11951042WA0198202053
B2145354734958N11951033WA0198202054
B2145364734958N11951025WA0198202056
B2145374734958N11951018WA0198302058
B2145384734959N11951010WA0198302059
B2145394734960N11951002WA0198302058
B2145404734962N11950993WA0198302058
B2145414734963N11950983WA0198302058
B2145424734965N11950974WA0198302058
B2145434734967N11950967WA0198402060
B2145444734968N11950961WA0198402061
B2145454734970N11950954WA0198502061
B2145464734970N11950945WA0198502059
B2145474734971N11950936WA0198402056
B2145484734972N11950925WA0198402053
B2145494734974N11950915WA0198302052
B2145504734976N11950906WA0198202051
B2145514734978N11950897WA0198202051
B2145524734979N11950888WA0198102050
B2145534734980N11950878WA0198002047
B2145544734981N11950866WA0197902044
B2145554734982N11950854WA0197602040
B2145564734982N11950841WA0197502037
B2145574734983N11950829WA0197302035
B2145584734984N11950817WA0197102034
B2145594734985N11950807WA0197002034
B2146004734987N11950798WA0196902033
B2146014734989N11950788WA0196702031
B2146024734990N11950778WA0196602029
B2146034734990N11950766WA0196302025
B2146044734991N11950755WA0196202021
B2146054734992N11950744WA0195902019
B2146064734994N11950733WA0195702016
B2146074734996N11950722WA0195502014
B2146084734999N11950712WA0195302012
B2146094735001N11950702WA0195002010
B2146104735003N11950692WA0194802007
B2146114735005N11950681WA0194602003
B2146124735007N11950670WA0194402000
B2146134735010N11950660WA0194101997
B2146144735014N11950649WA0193901995
B2146154735017N11950638WA0193501992
B2146164735019N11950626WA0193301988
B2146174735022N11950614WA0193001984
B2146184735024N11950602WA0192701981
B2146194735027N11950590WA0192401979
B2146204735030N11950580WA0192201977
B2146214735034N11950569WA0191901975
B2146224735037N11950558WA0191701971
B2146234735040N11950546WA0191301967
B2146244735043N11950533WA0191101962
B2146254735045N11950520WA0190701958
B2146264735048N11950507WA0190401955
B2146274735050N11950495WA0190101953
B2146284735053N11950483WA0189901952
B2146294735056N11950472WA0189601951
B2146304735058N11950461WA0189401950
B2146314735059N11950451WA0189101949
B2146324735061N11950440WA0189001946
B2146334735063N11950429WA0188701943
B2146344735065N11950418WA0188501939
B2146354735068N11950406WA0188201936
B2146364735071N11950394WA0188001933
B2146374735074N11950383WA0187701930
B2146384735077N11950373WA0187501927
B2146394735080N11950363WA0187101924
B2146404735082N11950352WA0186901920
B2146414735085N11950340WA0186501915
B2146424735087N11950328WA0186301909
B2146434735089N11950316WA0185801905
B2146444735091N11950304WA0185501901
B2146454735094N11950293WA0185101898
B2146464735096N11950281WA0184901895
B2146474735098N11950270WA0184501893
B2146484735100N11950259WA0184201890
B2146494735103N11950248WA0183901888
B2146504735105N11950237WA0183601884
B2146514735108N11950226WA0183201881
B2146524735111N11950214WA0183001878
B2146534735114N11950203WA0182601875
B2146544735117N11950191WA0182401871
B2146554735121N11950180WA0182001869
B2146564735124N11950169WA0181701865
B2146574735128N11950156WA0181401862
B2146584735131N11950144WA0181101858
B2146594735134N11950131WA0180701853
B2147004735137N11950118WA0180401849
B2147014735140N11950105WA0180001845
B2147024735142N11950092WA0179701842
B2147034735145N11950080WA0179301839
B2147044735148N11950069WA0179001837
B2147054735151N11950060WA0178701836
B2147064735153N11950051WA0178501835
B2147074735156N11950043WA0178201832
B2147084735159N11950033WA0177901828
B2147094735162N11950022WA0177501823
B2147104735164N11950010WA0177201817
B2147114735167N11949997WA0176801813
B2147124735169N11949985WA0176501809
B2147134735171N11949973WA0176101806
B2147144735173N11949962WA0175801804
B2147154735175N11949951WA0175501801
B2147164735176N11949940WA0175201798
B2147174735179N11949929WA0174801794
B2147184735181N11949917WA0174501790
B2147194735184N11949906WA0174101786
B2147204735187N11949895WA0173901782
B2147214735190N11949884WA0173401779
B2147224735193N11949872WA0173201775
B2147234735195N11949861WA0172801773
B2147244735198N11949849WA0172501772
B2147254735199N11949838WA0172201771
B2147264735201N11949827WA0172001771
B2147274735203N11949817WA0171801770
B2147284735205N11949807WA0171601769
B2147294735208N11949798WA0171401768
B2147304735211N11949787WA0171201766
B2147314735215N11949777WA0171001764
B2147324735218N11949767WA0170801763
B2147334735221N11949758WA0170601762
B2147344735224N11949748WA0170501761
B2147354735227N11949740WA0170301760
B2147364735230N11949732WA0170201759
B2147374735234N11949724WA0170001758
B2147384735238N11949716WA0169901756
B2147394735242N11949707WA0169701752
B2147404735246N11949697WA0169501749
B2147414735249N11949687WA0169301746
B2147424735252N11949677WA0169101744
B2147434735255N11949667WA0168901743
B2147444735258N11949658WA0168701741
B2147454735262N11949648WA0168501740
B2147464735266N11949639WA0168401739
B2147474735269N11949630WA0168201739
B2147484735272N11949622WA0168101740
B2147494735275N11949614WA0168001741
B2147504735278N11949607WA0168001741
B2147514735281N11949599WA0167901740
B2147524735285N11949590WA0167801738
B2147534735289N11949579WA0167601735
B2147544735292N11949568WA0167501733
B2147554735296N11949557WA0167301732
B2147564735298N11949546WA0167301732
B2147574735301N11949537WA0167201734
B2147584735305N11949528WA0167101735
B2147594735308N11949520WA0167101736
B2148004735312N11949512WA0167101735
B2148014735317N11949502WA0167001734
B2148024735320N11949492WA0166901732
B2148034735324N11949481WA0166801731
B2148044735328N11949471WA0166801729
B2148054735331N11949461WA0166701728
B2148064735335N11949451WA0166601728
B2148074735338N11949440WA0166501726
B2148084735341N11949430WA0166401725
B2148094735344N11949420WA0166301724
B2148104735347N11949410WA0166201723
B2148114735351N11949400WA0166101722
B2148124735354N11949389WA0166001720
B2148134735356N11949379WA0165901717
B2148144735360N11949368WA0165701715
B2148154735364N11949358WA0165601714
B2148164735367N11949350WA0165501714
B2148174735371N11949341WA0165401714
B2148184735373N11949331WA0165301714
B2148194735375N11949321WA0165301715
B2148204735377N11949312WA0165201716
B2148214735378N11949305WA0165201718
B2148224735380N11949299WA0165301719
B2148234735383N11949291WA0165301718
B2148244735385N11949283WA0165201717
B2148254735388N11949274WA0165201715
B2148264735390N11949265WA0165101714
B2148274735393N11949256WA0165101713
B2148284735396N11949248WA0165001712
B2148294735399N11949239WA0164901709
B2148304735403N11949228WA0164801706
B2148314735406N11949217WA0164701704
B2148324735408N11949206WA0164601702
B2148334735410N11949195WA0164401701
B2148344735413N11949184WA0164301701
B2148354735417N11949174WA0164201699
B2148364735422N11949165WA0164101698
B2148374735427N11949156WA0163901697
B2148384735432N11949147WA0163801696
B2148394735436N11949138WA0163701695
B2148404735439N11949128WA0163601693
B2148414735443N11949118WA0163401692
B2148424735447N11949109WA0163301691
B2148434735451N11949101WA0163201691
B2148444735456N11949094WA0163101690
B2148454735462N11949087WA0163001689
B2148464735467N11949081WA0162901688
B2148474735472N11949074WA0162801687
B2148484735477N11949068WA0162701685
B2148494735482N11949062WA0162501682
B2148504735488N11949056WA0162401678
B2148514735494N11949049WA0162101674
B2148524735500N11949042WA0161901670
B2148534735506N11949035WA0161701667
B2148544735512N11949028WA0161501665
B2148554735517N11949021WA0161201663
B2148564735523N11949014WA0161001661
B2148574735528N11949007WA0160801659
B2148584735534N11949000WA0160601657
B2148594735540N11948992WA0160401655
B2149004735548N11948984WA0160201653
B2149014735555N11948976WA0160001652
B2149024735563N11948968WA0159901654
B2149034735569N11948963WA0159801657
B2149044735575N11948959WA0159801661
B2149054735581N11948955WA0159801664
B2149064735587N11948952WA0159901667
B2149074735593N11948948WA0160001668
B2149084735599N11948943WA0160001670
B2149094735605N11948937WA0160101672
B2149104735611N11948931WA0160201674
B2149114735617N11948925WA0160401677
B2149124735623N11948921WA0160501681
B2149134735629N11948917WA0160801685
B2149144735636N11948914WA0160901689
B2149154735642N11948909WA0161201693
B2149164735647N11948904WA0161401697
B2149174735651N11948897WA0161801701
B2149184735654N11948890WA0162001705
B2149194735655N11948883WA0162301709
B2149204735655N11948877WA0162601712
B2149214735654N11948873WA0162901715
B2149224735651N11948871WA0163201718
B2149234735649N11948871WA0163501721
B2149244735647N11948874WA0163801723
B2149254735646N11948878WA0164101725
B2149264735646N11948884WA0164301726
B2149274735648N11948892WA0164601726
B2149284735652N11948900WA0164701726
B2149294735659N11948906WA0164901727
B2149304735666N11948910WA0165101730
B2149314735673N11948910WA0165401733
B2149324735680N11948908WA0165601737
B2149334735687N11948904WA0165801739
B2149344735693N11948900WA0166001743
B2149354735698N11948894WA0166401746
B2149364735704N11948888WA0166601749
B2149374735709N11948882WA0166901752
B2149384735714N11948875WA0167101755
B2149394735718N11948868WA0167401758
B2149404735721N11948860WA0167601761
B2149414735723N11948854WA0168001765
B2149424735725N11948847WA0168201768
B2149434735726N11948840WA0168501770
B2149444735728N11948832WA0168701772
B2149454735728N11948825WA0169001775
B2149464735729N11948818WA0169201777
B2149474735730N11948812WA0169501779
B2149484735731N11948806WA0169701781
B2149494735733N11948799WA0170001783
B2149504735736N11948793WA0170201786
B2149514735739N11948787WA0170501788
B2149524735744N11948781WA0170701790
B2149534735749N11948776WA0170901791
B2149544735755N11948770WA0171101792
B2149554735760N11948765WA0171301793
B2149564735765N11948758WA0171401793
B2149574735769N11948750WA0171601794
B2149584735773N11948743WA0171701796
B2149594735778N11948737WA0171901799
B2150004735784N11948732WA0172101801
B2150014735791N11948728WA0172201802
B2150024735798N11948726WA0172401802
B2150034735806N11948724WA0172501804
B2150044735813N11948722WA0172601805
B2150054735820N11948719WA0172801807
B2150064735827N11948716WA0172901808
B2150074735834N11948712WA0173101810
B2150084735841N11948708WA0173201810
B2150094735847N11948702WA0173401811
B2150104735851N11948695WA0173501812
B2150114735855N11948686WA0173601813
B2150124735857N11948678WA0173701813
B2150134735857N11948671WA0173801814
B2150144735856N11948664WA0173901815
B2150154735854N11948660WA0174001815
B2150164735852N11948655WA0174101815
B2150174735849N11948651WA0174101815
B2150184735847N11948648WA0174201815
B2150194735844N11948643WA0174301815
B2150204735841N11948639WA0174301814
B2150214735837N11948635WA0174301813
B2150224735833N11948630WA0174301812
B2150234735830N11948625WA0174301811
B2150244735827N11948621WA0174301812
B2150254735824N11948617WA0174301813
B2150264735820N11948614WA0174301813
B2150274735817N11948611WA0174301814
B2150284735813N11948609WA0174401814
B2150294735809N11948607WA0174401814
B2150304735805N11948605WA0174401816
B2150314735801N11948603WA0174501818
B2150324735798N11948602WA0174601820
B2150334735794N11948599WA0174701820
B2150344735791N11948596WA0174701822
B2150354735787N11948593WA0174801823
B2150364735783N11948591WA0174901825
B2150374735779N11948588WA0175101827
B2150384735775N11948586WA0175201829
B2150394735772N11948583WA0175301831
B2150404735770N11948580WA0175401833
B2150414735767N11948578WA0175601835
B2150424735766N11948576WA0175701838
B2150434735765N11948574WA0176001841
B2150444735764N11948571WA0176101842
B2150454735762N11948567WA0176301842
B2150464735760N11948564WA0176401844
B2150474735758N11948561WA0176701847
B2150484735756N11948557WA0176901852
B2150494735757N11948552WA0177201856
B2150504735759N11948546WA0177301858
B2150514735761N11948540WA0177601859
B2150524735763N11948534WA0177701859
B2150534735764N11948527WA0177901859
B2150544735765N11948521WA0178101861
B2150554735764N11948517WA0178301864
B2150564735763N11948514WA0178501868
B2150574735762N11948513WA0178801873
B2150584735761N11948513WA0179001878
B2150594735760N11948514WA0179401882
B2151004735760N11948516WA0179601887
B2151014735759N11948519WA0180001891
B2151024735758N11948522WA0180301895
B2151034735758N11948526WA0180701899
B2151044735758N11948529WA0181001902
B2151054735758N11948533WA0181401905
B2151064735758N11948539WA0181601907
B2151074735760N11948546WA0181901908
B2151084735763N11948554WA0182101908
B2151094735767N11948562WA0182401909
B2151104735772N11948568WA0182601912
B2151114735778N11948573WA0182901914
B2151124735785N11948576WA0183101915
B2151134735791N11948577WA0183301916
B2151144735798N11948576WA0183501917
B2151154735805N11948575WA0183701919
B2151164735811N11948573WA0183801921
B2151174735817N11948571WA0184001921
B2151184735823N11948567WA0184201921
B2151194735830N11948563WA0184301920
B2151204735839N11948558WA0184401919
B2151214735847N11948553WA0184501920
B2151224735855N11948550WA0184601924
B2151234735862N11948547WA0184701926
B2151244735869N11948544WA0184901929
B2151254735875N11948541WA0185001930
B2151264735882N11948538WA0185201932
B2151274735888N11948533WA0185301934
B2151284735893N11948527WA0185501935
B2151294735898N11948521WA0185601937
B2151304735902N11948515WA0185801939
B2151314735907N11948508WA0186001942
B2151324735911N11948502WA0186101944
B2151334735916N11948496WA0186301946
B2151344735920N11948490WA0186501949
B2151354735923N11948485WA0186701951
B2151364735925N11948480WA0186801952
B2151374735925N11948475WA0187001953
B2151384735924N11948470WA0187101953
B2151394735922N11948467WA0187201953
B2151404735919N11948465WA0187301955
B2151414735917N11948464WA0187501957
B2151424735916N11948463WA0187601960
B2151434735914N11948461WA0187901962
B2151444735913N11948458WA0188001964
B2151454735911N11948455WA0188201966
B2151464735910N11948451WA0188401968
B2151474735908N11948449WA0188601970
B2151484735906N11948448WA0188701972
B2151494735904N11948447WA0189001973
B2151504735902N11948446WA0189101975
B2151514735901N11948447WA0189301976
B2151524735899N11948448WA0189501978
B2151534735898N11948452WA0189701980
B2151544735898N11948457WA0189801981
B2151554735897N11948461WA0190001982
B2151564735897N11948466WA0190201982
B2151574735897N11948472WA0190301982
B2151584735897N11948479WA0190401983
B2151594735898N11948488WA0190601984
B2152004735900N11948497WA0190701988
B2152014735903N11948505WA0190901992
B2152024735907N11948512WA0191101996
B2152034735912N11948519WA0191401999
B2152044735917N11948525WA0191502002
B2152054735922N11948530WA0191802006
B2152064735928N11948533WA0192102010
B2152074735934N11948535WA0192402013
B2152084735941N11948535WA0192602016
B2152094735948N11948535WA0192902018
B2152104735955N11948535WA0193102019
B2152114735963N11948533WA0193302020
B2152124735971N11948530WA0193502021
B2152134735978N11948525WA0193702023
B2152144735984N11948519WA0193902025
B2152154735988N11948512WA0194102027
B2152164735991N11948505WA0194302030
B2152174735993N11948497WA0194502031
B2152184735994N11948490WA0194702032
B2152194735994N11948483WA0194902034
B2152204735994N11948477WA0195002036
B2152214735992N11948474WA0195302039
B2152224735991N11948474WA0195502042
B2152234735989N11948476WA0195702043
B2152244735986N11948479WA0195802044
B2152254735984N11948484WA0196002045
B2152264735982N11948491WA0196202047
B2152274735982N11948499WA0196402050
B2152284735983N11948507WA0196602054
B2152294735985N11948514WA0196902057
B2152304735987N11948519WA0197102061
B2152314735990N11948524WA0197402064
B2152324735994N11948529WA0197602066
B2152334735999N11948533WA0197902067
B2152344736006N11948537WA0198102068
B2152354736013N11948539WA0198302069
B2152364736020N11948538WA0198402071
B2152374736027N11948534WA0198702073
B2152384736032N11948529WA0198802075
B2152394736036N11948523WA0199102077
B2152404736039N11948517WA0199202079
B2152414736041N11948511WA0199502081
B2152424736043N11948506WA0199602083
B2152434736045N11948501WA0199902086
B2152444736046N11948496WA0200102087
B2152454736046N11948491WA0200302089
B2152464736046N11948486WA0200402090
B2152474736045N11948481WA0200702092
B2152484736043N11948478WA0200802094
B2152494736041N11948475WA0201002097
B2152504736038N11948474WA0201202099
B2152514736036N11948474WA0201502102
B2152524736034N11948475WA0201702105
B2152534736033N11948477WA0201902107
B2152544736033N11948480WA0202102110
B2152554736033N11948483WA0202402112
B2152564736035N11948487WA0202502113
B2152574736038N11948491WA0202802114
B2152584736042N11948496WA0202902114
B2152594736048N11948500WA0203102113
B2153004736055N11948503WA0203102113
B2153014736063N11948505WA0203302114
B2153024736071N11948505WA0203402115
B2153034736079N11948504WA0203502117
B2153044736086N11948503WA0203602119
B2153054736093N11948501WA0203802121
B2153064736099N11948497WA0203902122
B2153074736106N11948490WA0204102123
B2153084736111N11948482WA0204102123
B2153094736115N11948475WA0204302125
B2153104736118N11948469WA0204402128
B2153114736120N11948464WA0204602131
B2153124736121N11948458WA0204702132
B2153134736123N11948452WA0204902133
B2153144736124N11948445WA0205002133
B2153154736124N11948438WA0205102133
B2153164736124N11948430WA0205202132
B2153174736123N11948423WA0205302133
B2153184736123N11948416WA0205402135
B2153194736124N11948409WA0205502137
B2153204736124N11948401WA0205602139
B2153214736125N11948394WA0205702139
B2153224736124N11948386WA0205802138
B2153234736124N11948377WA0205902137
B2153244736124N11948367WA0205902137
B2153254736123N11948359WA0205902137
B2153264736123N11948350WA0206002138
B2153274736124N11948342WA0206002139
B2153284736124N11948334WA0206102139
B2153294736124N11948325WA0206102139
B2153304736124N11948317WA0206102139
B2153314736124N11948308WA0206202139
B2153324736124N11948299WA0206202139
B2153334736124N11948290WA0206202140
B2153344736125N11948281WA0206302141
B2153354736126N11948272WA0206302141
B2153364736128N11948262WA0206302140
B2153374736128N11948252WA0206302138
B2153384736128N11948240WA0206202135
B2153394736128N11948229WA0206102133
B2153404736128N11948218WA0206102131
B2153414736127N11948207WA0206002131
B2153424736127N11948198WA0205902131
B2153434736127N11948189WA0205902130
B2153444736128N11948180WA0205802129
B2153454736129N11948170WA0205702125
B2153464736129N11948160WA0205502121
B2153474736130N11948150WA0205302117
B2153484736129N11948140WA0205102113
B2153494736127N11948130WA0204902109
B2153504736126N11948120WA0204702107
B2153514736127N11948109WA0204402106
B2153524736130N11948100WA0204302105
B2153534736132N11948092WA0204102105
B2153544736134N11948085WA0204002103
B2153554736134N11948077WA0203702100
B2153564736135N11948067WA0203602096
B2153574736136N11948057WA0203302091
B2153584736138N11948046WA0203002087
B2153594736140N11948035WA0202702084
B2154004736141N11948024WA0202502082
B2154014736143N11948013WA0202202081
B2154024736145N11948003WA0202002079
B2154034736146N11947992WA0201802077
B2154044736148N11947981WA0201602075
B2154054736150N11947970WA0201402074
B2154064736152N11947960WA0201202075
B2154074736155N11947952WA0201102076
B2154084736157N11947944WA0201002077
B2154094736159N11947936WA0200902078
B2154104736160N11947928WA0200802078
B2154114736160N11947920WA0200802077
B2154124736161N11947910WA0200702077
B2154134736162N11947900WA0200602076
B2154144736163N11947891WA0200602076
B2154154736164N11947882WA0200502076
B2154164736166N11947874WA0200402075
B2154174736167N11947865WA0200402074
B2154184736168N11947855WA0200302073
B2154194736169N11947845WA0200202071
B2154204736170N11947835WA0200102070
B2154214736171N11947825WA0200002069
B2154224736172N11947815WA0199902069
B2154234736174N11947805WA0199802068
B2154244736176N11947796WA0199802067
B2154254736178N11947786WA0199702065
B2154264736180N11947775WA0199602063
B2154274736181N11947765WA0199502060
B2154284736182N11947755WA0199302058
B2154294736184N11947745WA0199102057
B2154304736185N11947736WA0199002057
B2154314736188N11947727WA0198902056
B2154324736190N11947717WA0198802054
B2154334736192N11947707WA0198702051
B2154344736194N11947696WA0198502048
B2154354736196N11947685WA0198302046
B2154364736198N11947674WA0198102044
B2154374736199N11947663WA0198002043
B2154384736201N11947654WA0197802042
B2154394736202N11947644WA0197702041
B2154404736203N11947633WA0197502038
B2154414736205N11947622WA0197302035
B2154424736206N11947611WA0197102033
B2154434736207N11947600WA0197002031
B2154444736208N11947590WA0196802030
B2154454736210N11947579WA0196602030
B2154464736211N11947569WA0196402029
B2154474736213N11947558WA0196302028
B2154484736214N11947548WA0196202026
B2154494736215N11947537WA0196002024
B2154504736216N11947525WA0195802023
B2154514736216N11947514WA0195702021
B2154524736217N11947503WA0195502020
B2154534736218N11947492WA0195402019
B2154544736219N11947481WA0195302017
B2154554736220N11947471WA0195102016
B2154564736221N11947460WA0195002015
B2154574736222N11947449WA0194902013
B2154584736223N11947438WA0194702012
B2154594736224N11947427WA0194602010
B2155004736225N11947416WA0194402008
B2155014736225N11947405WA0194202007
B2155024736227N11947393WA0194102005
B2155034736228N11947382WA0194002003
B2155044736230N11947370WA0193802001
B2155054736231N11947358WA0193701999
B2155064736232N11947347WA0193501997
B2155074736233N11947335WA0193301997
B2155084736234N11947324WA0193201996
B2155094736236N11947314WA0193101995
B2155104736237N11947303WA0192901994
B2155114736238N11947292WA0192801991
B2155124736239N11947280WA0192601989
B2155134736239N11947268WA0192501986
B2155144736239N11947256WA0192301984
B2155154736239N11947244WA0192101983
B2155164736238N11947232WA0191901981
B2155174736238N11947220WA0191801979
B2155184736237N11947208WA0191601978
B2155194736236N11947196WA0191401976
B2155204736235N11947184WA0191201974
B2155214736235N11947172WA0191101973
B2155224736235N11947161WA0190901972
B2155234736234N11947150WA0190801971
B2155244736233N11947140WA0190601970
B2155254736233N11947130WA0190501968
B2155264736232N11947120WA0190301966
B2155274736231N11947109WA0190201964
B2155284736230N11947098WA0190001961
B2155294736229N11947086WA0189801959
B2155304736228N11947075WA0189601956
B2155314736228N11947063WA0189401954
B2155324736227N11947052WA0189201952
B2155334736226N11947041WA0189101951
B2155344736226N11947030WA0188801949
B2155354736225N11947019WA0188701947
B2155364736224N11947007WA0188401944
B2155374736222N11946996WA0188301942
B2155384736221N11946984WA0188101941
B2155394736220N11946973WA0187901939
B2155404736219N11946961WA0187701937
B2155414736218N11946950WA0187501935
B2155424736217N11946938WA0187301934
B2155434736217N11946927WA0187201932
B2155444736216N11946917WA0187001931
B2155454736216N11946907WA0186801930
B2155464736215N11946897WA0186701928
B2155474736213N11946887WA0186501926
B2155484736211N11946877WA0186301923
B2155494736209N11946867WA0186101920
B2155504736207N11946856WA0185901918
B2155514736205N11946847WA0185801916
B2155524736203N11946838WA0185601915
B2155534736201N11946829WA0185401914
B2155544736199N11946820WA0185201912
B2155554736198N11946811WA0185101910
B2155564736196N11946801WA0184901908
B2155574736195N11946790WA0184701906
B2155584736193N11946781WA0184501904
B2155594736192N11946771WA0184401903
B2156004736191N11946761WA0184201902
B2156014736190N11946751WA0184001900
B2156024736189N11946740WA0183801898
B2156034736187N11946730WA0183701896
B2156044736186N11946720WA0183501894
B2156054736185N11946709WA0183301892
B2156064736184N11946699WA0183101890
B2156074736183N11946690WA0183001888
B2156084736181N11946680WA0182701887
B2156094736180N11946670WA0182601885
B2156104736180N11946660WA0182401884
B2156114736179N11946650WA0182301882
B2156124736178N11946641WA0182101880
B2156134736176N11946632WA0181901878
B2156144736175N11946623WA0181701877
B2156154736174N11946614WA0181601875
B2156164736172N11946605WA0181401872
B2156174736171N11946596WA0181201870
B2156184736170N11946586WA0181001868
B2156194736170N11946575WA0180901867
B2156204736170N11946564WA0180701866
B2156214736170N11946554WA0180601866
B2156224736170N11946544WA0180501868
B2156234736169N11946537WA0180401870
B2156244736167N11946531WA0180401873
B2156254736166N11946525WA0180401875
B2156264736164N11946518WA0180501877
B2156274736163N11946511WA0180501878
B2156284736162N11946503WA0180601878
B2156294736161N11946495WA0180601878
B2156304736160N11946486WA0180601878
B2156314736158N11946476WA0180701878
B2156324736157N11946466WA0180701877
B2156334736155N11946456WA0180601875
B2156344736154N11946445WA0180601873
B2156354736153N11946434WA0180501871
B2156364736152N11946422WA0180401868
B2156374736151N11946411WA0180301866
B2156384736149N11946401WA0180201863
B2156394736148N11946391WA0180101861
B2156404736146N11946380WA0179901858
B2156414736145N11946370WA0179701855
B2156424736144N11946359WA0179501852
B2156434736143N11946347WA0179301849
B2156444736142N11946336WA0179101846
B2156454736141N11946324WA0178901844
B2156464736141N11946313WA0178701841
B2156474736141N11946302WA0178501838
B2156484736140N11946291WA0178201834
B2156494736140N11946279WA0178001830
B2156504736140N11946268WA0177601826
B2156514736140N11946258WA0177401822
B2156524736140N11946248WA0177101819
B2156534736140N11946238WA0176801817
B2156544736139N11946227WA0176501813
B2156554736137N11946217WA0176301810
B2156564736135N11946207WA0175901807
B2156574736133N11946196WA0175701806
B2156584736132N11946186WA0175401805
B2156594736132N11946177WA0175201804
B2157004736132N11946167WA0175001802
B2157014736132N11946158WA0174801799
B2157024736130N11946147WA0174501796
B2157034736129N11946136WA0174301793
B2157044736128N11946125WA0174001791
B2157054736127N11946114WA0173901791
B2157064736127N11946104WA0173601792
B2157074736126N11946097WA0173501794
B2157084736125N11946091WA0173501796
B2157094736125N11946087WA0173401797
B2157104736124N11946083WA0173401797
B2157114736123N11946077WA0173301795
B2157124736122N11946070WA0173201793
B2157134736122N11946062WA0173101789
B2157144736122N11946053WA0172901788
B2157154736122N11946045WA0172801788
B2157164736122N11946039WA0172701788
B2157174736121N11946032WA0172701789
B2157184736120N11946025WA0172601787
B2157194736119N11946017WA0172501785
B2157204736118N11946007WA0172401780
B2157214736118N11945996WA0172201776
B2157224736116N11945984WA0172001773
B2157234736115N11945973WA0171801771
B2157244736113N11945963WA0171601770
B2157254736111N11945953WA0171501769
B2157264736110N11945943WA0171301768
B2157274736110N11945933WA0171201767
B2157284736110N11945923WA0171101767
B2157294736110N11945913WA0171001767
B2157304736111N11945903WA0170901766
B2157314736111N11945893WA0170801766
B2157324736111N11945882WA0170701766
B2157334736111N11945872WA0170601767
B2157344736111N11945863WA0170601770
B2157354736112N11945858WA0170601774
B2157364736113N11945853WA0170701777
B2157374736113N11945848WA0170801778
B2157384736114N11945841WA0170901777
B2157394736114N11945832WA0170901773
B2157404736113N11945821WA0170801768
B2157414736113N11945810WA0170701765
B2157424736113N11945800WA0170601764
B2157434736114N11945792WA0170501766
B2157444736115N11945787WA0170501768
B2157454736115N11945781WA0170501769
B2157464736116N11945774WA0170501768
B2157474736116N11945766WA0170501765
B2157484736117N11945757WA0170401764
B2157494736118N11945748WA0170401765
B2157504736118N11945740WA0170401767
B2157514736119N11945734WA0170401768
B2157524736120N11945727WA0170501770
B2157534736121N11945721WA0170501771
B2157544736122N11945714WA0170501771
B2157554736123N11945707WA0170601772
B2157564736124N11945699WA0170601772
B2157574736124N11945691WA0170701773
B2157584736124N11945684WA0170701775
B2157594736124N11945676WA0170801776
B2158004736125N11945668WA0170901777
B2158014736126N11945660WA0170901778
B2158024736127N11945652WA0171001778
B2158034736128N11945645WA0171001779
B2158044736130N11945637WA0171101780
B2158054736131N11945629WA0171201780
B2158064736132N11945621WA0171201780
B2158074736133N11945613WA0171301781
B2158084736134N11945604WA0171301781
B2158094736135N11945596WA0171401782
B2158104736137N11945588WA0171401783
B2158114736138N11945579WA0171501784
B2158124736140N11945571WA0171601785
B2158134736141N11945562WA0171601785
B2158144736142N11945553WA0171701786
B2158154736144N11945544WA0171701788
B2158164736146N11945535WA0171901792
B2158174736147N11945528WA0172001795
B2158184736149N11945520WA0172201798
B2158194736150N11945513WA0172301801
B2158204736151N11945507WA0172501804
B2158214736154N11945500WA0172701807
B2158224736157N11945494WA0172901809
B2158234736160N11945487WA0173101811
B2158244736164N11945480WA0173301813
B2158254736167N11945474WA0173501815
B2158264736170N11945468WA0173701817
B2158274736172N11945462WA0173801818
B2158284736175N11945455WA0174001819
B2158294736176N11945448WA0174201819
B2158304736177N11945442WA0174301819
B2158314736177N11945435WA0174401819
B2158324736177N11945428WA0174501818
B2158334736178N11945421WA0174601817
B2158344736178N11945413WA0174601815
B2158354736179N11945405WA0174601814
B2158364736179N11945396WA0174601812
B2158374736179N11945387WA0174601811
B2158384736179N11945377WA0174501808
B2158394736179N11945366WA0174401806
B2158404736180N11945355WA0174301805
B2158414736180N11945344WA0174301804
B2158424736180N11945333WA0174201805
B2158434736180N11945323WA0174101805
B2158444736180N11945312WA0174101804
B2158454736179N11945302WA0174001803
B2158464736179N11945290WA0173901801
B2158474736178N11945278WA0173901800
B2158484736178N11945266WA0173801800
B2158494736179N11945254WA0173701801
B2158504736180N11945242WA0173701803
B2158514736181N11945233WA0173701806
B2158524736183N11945224WA0173801810
B2158534736186N11945216WA0173901814
B2158544736188N11945209WA0174001816
B2158554736189N11945201WA0174201818
B2158564736190N11945194WA0174301820
B2158574736189N11945186WA0174401821
B2158584736189N11945180WA0174601822
B2158594736188N11945174WA0174701823
B2159004736187N11945168WA0174801824
B2159014736186N11945163WA0174901826
B2159024736184N11945159WA0175101827
B2159034736182N11945155WA0175201828
B2159044736180N11945154WA0175301829
B2159054736177N11945153WA0175401831
B2159064736174N11945152WA0175601832
B2159074736172N11945149WA0175701833
B2159084736170N11945145WA0175801834
B2159094736169N11945140WA0175901835
B2159104736169N11945133WA0176101837
B2159114736171N11945126WA0176201839
B2159124736175N11945119WA0176401840
B2159134736179N11945113WA0176501842
B2159144736182N11945106WA0176601844
B2159154736185N11945099WA0176801845
B2159164736186N11945091WA0176901846
B2159174736187N11945084WA0177001847
B2159184736186N11945077WA0177201848
B2159194736185N11945070WA0177301849
B2159204736184N11945065WA0177401851
B2159214736182N11945061WA0177501853
B2159224736180N11945060WA0177701854
B2159234736176N11945060WA0177801855
B2159244736173N11945063WA0177901855
B2159254736171N11945068WA0178001856
B2159264736170N11945073WA0178101857
B2159274736169N11945079WA0178201859
B2159284736170N11945086WA0178401861
B2159294736173N11945093WA0178501863
B2159304736176N11945100WA0178701864
B2159314736181N11945106WA0178801865
B2159324736187N11945111WA0178901866
B2159334736193N11945115WA0179001868
B2159344736199N11945118WA0179201869
B2159354736205N11945121WA0179301871
B2159364736211N11945123WA0179501872
B2159374736218N11945125WA0179601873
B2159384736225N11945125WA0179701874
B2159394736233N11945126WA0179801875
B2159404736240N11945125WA0179901876
B2159414736247N11945124WA0180001878
B2159424736253N11945121WA0180201879
B2159434736259N11945118WA0180301881
B2159444736265N11945113WA0180401882
B2159454736269N11945107WA0180501882
B2159464736274N11945100WA0180601882
B2159474736277N11945092WA0180701882
B2159484736279N11945084WA0180801882
B2159494736282N11945076WA0180801883
B2159504736285N11945068WA0180901885
B2159514736288N11945061WA0181001887
B2159524736290N11945054WA0181101888
B2159534736291N11945048WA0181201889
B2159544736292N11945041WA0181301889
B2159554736293N11945034WA0181301888
B2159564736294N11945026WA0181301886
B2159574736295N11945016WA0181301884
B2159584736295N11945006WA0181301881
B2159594736295N11944995WA0181201879
B2200004736296N11944985WA0181101878
B2200014736296N11944974WA0181101877
B2200024736297N11944964WA0181001876
B2200034736299N11944953WA0180901875
B2200044736301N11944942WA0180801874
B2200054736303N11944930WA0180701872
B2200064736305N11944919WA0180601871
B2200074736307N11944907WA0180501870
B2200084736309N11944895WA0180401868
B2200094736312N11944883WA0180301867
B2200104736314N11944871WA0180201865
B2200114736317N11944860WA0180101865
B2200124736319N11944850WA0180001864
B2200134736322N11944840WA0179901864
B2200144736324N11944831WA0179801863
B2200154736327N11944821WA0179801861
B2200164736329N11944812WA0179601859
B2200174736331N11944802WA0179501857
B2200184736334N11944792WA0179401855
B2200194736336N11944782WA0179301853
B2200204736338N11944772WA0179101851
B2200214736340N11944763WA0179001849
B2200224736342N11944753WA0178801846
B2200234736344N11944742WA0178701843
B2200244736346N11944732WA0178401841
B2200254736347N11944722WA0178301839
B2200264736349N11944712WA0178101838
B2200274736351N11944702WA0178001837
B2200284736354N11944693WA0177801835
B2200294736356N11944683WA0177601834
B2200304736357N11944673WA0177401831
B2200314736359N11944662WA0177301828
B2200324736361N11944652WA0177001825
B2200334736364N11944641WA0176801822
B2200344736366N11944631WA0176601820
B2200354736368N11944621WA0176401818
B2200364736369N11944610WA0176201816
B2200374736371N11944600WA0176001814
B2200384736374N11944590WA0175801812
B2200394736377N11944579WA0175601809
B2200404736380N11944568WA0175301807
B2200414736382N11944557WA0175101805
B2200424736385N11944547WA0174901804
B2200434736387N11944537WA0174701803
B2200444736389N11944528WA0174501802
B2200454736391N11944519WA0174401801
B2200464736392N11944509WA0174201799
B2200474736394N11944499WA0174001796
B2200484736395N11944489WA0173801794
B2200494736397N11944478WA0173601792
B2200504736399N11944468WA0173401790
B2200514736401N11944459WA0173301789
B2200524736403N11944449WA0173001787
B2200534736405N11944439WA0172901785
B2200544736406N11944429WA0172701783
B2200554736407N11944418WA0172501780
B2200564736408N11944406WA0172301778
B2200574736409N11944395WA0172101776
B2200584736410N11944384WA0171901774
B2200594736412N11944373WA0171801773
B2201004736413N11944362WA0171601772
B2201014736414N11944352WA0171401771
B2201024736415N11944342WA0171201770
B2201034736416N11944332WA0171101769
B2201044736418N11944322WA0171001768
B2201054736420N11944311WA0170901767
B2201064736423N11944301WA0170701766
B2201074736426N11944291WA0170601764
B2201084736429N11944281WA0170401763
B2201094736432N11944270WA0170301762
B2201104736435N11944260WA0170101760
B2201114736438N11944249WA0170001758
B2201124736442N11944238WA0169801756
B2201134736445N11944227WA0169701755
B2201144736448N11944216WA0169501753
B2201154736452N11944205WA0169401753
B2201164736455N11944195WA0169201752
B2201174736458N11944185WA0169101751
B2201184736462N11944174WA0169001750
B2201194736465N11944164WA0168901748
B2201204736468N11944153WA0168701745
B2201214736471N11944141WA0168501742
B2201224736474N11944130WA0168301741
B2201234736477N11944120WA0168201740
B2201244736480N11944109WA0168001738
B2201254736483N11944099WA0167901737
B2201264736486N11944088WA0167701735
B2201274736489N11944077WA0167601733
B2201284736493N11944066WA0167401731
B2201294736496N11944056WA0167301729
B2201304736500N11944045WA0167101727
B2201314736502N11944034WA0166901725
B2201324736504N11944023WA0166701722
B2201334736506N11944012WA0166501720
B2201344736509N11944000WA0166301719
B2201354736511N11943989WA0166201717
B2201364736514N11943978WA0166001715
B2201374736517N11943967WA0165801714
B2201384736519N11943955WA0165601712
B2201394736521N11943944WA0165501711
B2201404736524N11943932WA0165301710
B2201414736526N11943921WA0165201709
B2201424736529N11943909WA0165101709
B2201434736531N11943898WA0165001708
B2201444736533N11943885WA0164801707
B2201454736535N11943873WA0164801707
B2201464736537N11943862WA0164601706
B2201474736538N11943851WA0164601706
B2201484736540N11943841WA0164501706
B2201494736542N11943831WA0164401703
B2201504736544N11943820WA0164301700
B2201514736545N11943809WA0164101697
B2201524736547N11943797WA0164001695
B2201534736549N11943786WA0163801694
B2201544736551N11943776WA0163701692
B2201554736553N11943765WA0163501691
B2201564736554N11943753WA0163401689
B2201574736555N11943741WA0163201686
B2201584736556N11943728WA0163001683
B2201594736557N11943716WA0162801680
B2202004736559N11943703WA0162601678
B2202014736560N11943690WA0162401676
B2202024736560N11943678WA0162201674
B2202034736561N11943665WA0162101673
B2202044736562N11943653WA0161901672
B2202054736564N11943641WA0161801671
B2202064736566N11943630WA0161601668
B2202074736568N11943618WA0161401666
B2202084736570N11943606WA0161201663
B2202094736573N11943593WA0161001660
B2202104736575N11943580WA0160801658
B2202114736577N11943568WA0160601657
B2202124736579N11943556WA0160401657
B2202134736581N11943545WA0160301656
B2202144736583N11943534WA0160101655
B2202154736585N11943524WA0160001654
B2202164736588N11943513WA0159801652
B2202174736590N11943502WA0159701649
B2202184736592N11943491WA0159501646
B2202194736595N11943479WA0159301642
B2202204736597N11943467WA0159001639
B2202214736599N11943455WA0158801636
B2202224736601N11943444WA0158601633
B2202234736602N11943432WA0158401631
B2202244736604N11943420WA0158101628
B2202254736606N11943409WA0157901625
B2202264736609N11943397WA0157601622
B2202274736611N11943386WA0157401619
B2202284736614N11943375WA0157101616
B2202294736617N11943363WA0156901613
B2202304736620N11943352WA0156601611
B2202314736623N11943340WA0156301608
B2202324736626N11943329WA0156001604
B2202334736629N11943317WA0155801601
B2202344736632N11943305WA0155501599
B2202354736634N11943293WA0155201596
B2202364736636N11943281WA0154901594
B2202374736638N11943270WA0154701592
B2202384736640N11943259WA0154401591
B2202394736643N11943249WA0154201589
B2202404736646N11943239WA0154001586
B2202414736648N11943228WA0153801584
B2202424736651N11943216WA0153501580
B2202434736654N11943204WA0153301577
B2202444736658N11943192WA0152901574
B2202454736660N11943179WA0152701572
B2202464736663N11943167WA0152401571
B2202474736665N11943156WA0152301570
B2202484736668N11943145WA0152001568
B2202494736671N11943134WA0151901567
B2202504736674N11943123WA0151601565
B2202514736678N11943112WA0151501563
B2202524736682N11943101WA0151201560
B2202534736686N11943090WA0151001557
B2202544736689N11943078WA0150701553
B2202554736692N11943065WA0150501550
B2202564736695N11943053WA0150201547
B2202574736698N11943041WA0150001544
B2202584736701N11943030WA0149701542
B2202594736704N11943019WA0149501540
B2203004736707N11943008WA0149301538
B2203014736710N11942998WA0149101536
B2203024736713N11942988WA0148801534
B2203034736716N11942976WA0148601530
B2203044736719N11942964WA0148301526
B2203054736720N11942952WA0148101522
B2203064736721N11942940WA0147701519
B2203074736722N11942930WA0147501517
B2203084736724N11942921WA0147201516
B2203094736726N11942912WA0147001513
B2203104736728N11942902WA0146701509
B2203114736729N11942892WA0146501505
B2203124736731N11942881WA0146101502
B2203134736734N11942870WA0145901498
B2203144736736N11942858WA0145501495
B2203154736739N11942848WA0145301492
B2203164736741N11942837WA0144901489
B2203174736743N11942825WA0144701486
B2203184736746N11942814WA0144401483
B2203194736748N11942803WA0144201481
B2203204736750N11942791WA0143801478
B2203214736753N11942779WA0143601476
B2203224736756N11942767WA0143301474
B2203234736759N11942756WA0143101473
B2203244736761N11942745WA0142901473
B2203254736763N11942735WA0142701473
B2203264736767N11942725WA0142501473
B2203274736771N11942715WA0142401473
B2203284736775N11942706WA0142301473
B2203294736780N11942697WA0142201473
B2203304736785N11942688WA0142101473
B2203314736790N11942679WA0142001473
B2203324736795N11942669WA0141901472
B2203334736800N11942659WA0141801471
B2203344736805N11942649WA0141701471
B2203354736811N11942639WA0141701471
B2203364736815N11942630WA0141701473
B2203374736820N11942623WA0141701477
B2203384736823N11942617WA0141801481
B2203394736826N11942611WA0141901484
B2203404736829N11942605WA0142001485
B2203414736833N11942598WA0142101485
B2203424736838N11942591WA0142201486
B2203434736843N11942586WA0142301488
B2203444736849N11942583WA0142401490
B2203454736856N11942582WA0142501492
B2203464736862N11942583WA0142701495
B2203474736868N11942587WA0142801497
B2203484736873N11942592WA0143001498
B2203494736877N11942599WA0143101500
B2203504736880N11942605WA0143301502
B2203514736880N11942612WA0143401503
B2203524736880N11942617WA0143601505
B2203534736879N11942621WA0143701506
B2203544736877N11942624WA0143901507
B2203554736875N11942624WA0144001508
B2203564736872N11942622WA0144201509
B2203574736870N11942618WA0144301509
B2203584736870N11942612WA0144401510
B2203594736871N11942605WA0144501512
B2204004736874N11942598WA0144601513
B2204014736879N11942592WA0144701514
B2204024736885N11942587WA0144801515
B2204034736891N11942583WA0145001518
B2204044736898N11942580WA0145101520
B2204054736904N11942577WA0145201522
B2204064736909N11942575WA0145401524
B2204074736914N11942572WA0145601525
B2204084736920N11942571WA0145701527
B2204094736925N11942569WA0145901527
B2204104736931N11942569WA0146001528
B2204114736937N11942571WA0146101529
B2204124736942N11942575WA0146301530
B2204134736946N11942580WA0146301531
B2204144736948N11942585WA0146501532
B2204154736949N11942591WA0146601532
B2204164736949N11942597WA0146701533
B2204174736947N11942601WA0146701533
B2204184736945N11942603WA0146901535
B2204194736943N11942603WA0147001536
B2204204736941N11942601WA0147101537
B2204214736939N11942596WA0147201538
B2204224736939N11942590WA0147301540
B2204234736941N11942582WA0147401542
B2204244736944N11942576WA0147601544
B2204254736948N11942571WA0147701546
B2204264736953N11942566WA0147801546
B2204274736958N11942560WA0147901546
B2204284736964N11942556WA0148001546
B2204294736971N11942553WA0148101547
B2204304736978N11942551WA0148201549
B2204314736984N11942552WA0148301550
B2204324736990N11942553WA0148401551
B2204334736997N11942555WA0148501553
B2204344737003N11942554WA0148701555
B2204354737009N11942550WA0148801557
B2204364737014N11942543WA0148901558
B2204374737018N11942535WA0149001559
B2204384737019N11942526WA0149201561
B2204394737018N11942518WA0149301563
B2204404737015N11942513WA0149401565
B2204414737012N11942510WA0149601566
B2204424737008N11942511WA0149701568
B2204434737006N11942514WA0149901570
B2204444737005N11942520WA0150001573
B2204454737006N11942526WA0150201575
B2204464737010N11942531WA0150401577
B2204474737016N11942535WA0150501578
B2204484737023N11942535WA0150701580
B2204494737029N11942533WA0150801581
B2204504737035N11942529WA0151001584
B2204514737040N11942522WA0151201587
B2204524737042N11942515WA0151401589
B2204534737043N11942506WA0151601591
B2204544737043N11942498WA0151801593
B2204554737041N11942491WA0151901595
B2204564737038N11942487WA0152101597
B2204574737035N11942484WA0152301599
B2204584737032N11942484WA0152501601
B2204594737029N11942486WA0152601603
B2205004737027N11942489WA0152901605
B2205014737026N11942493WA0153001607
B2205024737026N11942499WA0153301609
B2205034737027N11942505WA0153401611
B2205044737030N11942511WA0153601613
B2205054737036N11942516WA0153801617
B2205064737042N11942519WA0154101620
B2205074737048N11942519WA0154301623
B2205084737054N11942518WA0154501625
B2205094737059N11942514WA0154701626
B2205104737064N11942509WA0155001627
B2205114737068N11942501WA0155101628
B2205124737071N11942493WA0155301629
B2205134737073N11942484WA0155501630
B2205144737072N11942476WA0155701632
B2205154737071N11942470WA0155801634
B2205164737068N11942465WA0156001635
B2205174737065N11942461WA0156101636
B2205184737061N11942459WA0156301638
B2205194737058N11942458WA0156501640
B2205204737054N11942459WA0156701641
B2205214737052N11942463WA0156801643
B2205224737051N11942468WA0157001645
B2205234737051N11942474WA0157101647
B2205244737054N11942480WA0157401649
B2205254737058N11942486WA0157501652
B2205264737063N11942490WA0157801654
B2205274737069N11942492WA0157901657
B2205284737075N11942492WA0158201659
B2205294737081N11942490WA0158301660
B2205304737087N11942485WA0158601661
B2205314737092N11942478WA0158701663
B2205324737095N11942470WA0158901665
B2205334737096N11942462WA0159101666
B2205344737095N11942453WA0159301668
B2205354737093N11942447WA0159401669
B2205364737089N11942444WA0159601669
B2205374737085N11942443WA0159701672
B2205384737082N11942445WA0159901674
B2205394737080N11942448WA0160101676
B2205404737078N11942453WA0160301678
B2205414737077N11942459WA0160501681
B2205424737077N11942466WA0160701682
B2205434737079N11942473WA0160801684
B2205444737082N11942479WA0161101687
B2205454737085N11942485WA0161201690
B2205464737090N11942489WA0161501692
B2205474737096N11942491WA0161701695
B2205484737103N11942491WA0161901697
B2205494737109N11942488WA0162101698
B2205504737115N11942482WA0162301700
B2205514737120N11942475WA0162501702
B2205524737123N11942468WA0162701705
B2205534737124N11942460WA0162901706
B2205544737123N11942452WA0163101708
B2205554737121N11942446WA0163301709
B2205564737118N11942441WA0163501711
B2205574737114N11942438WA0163601713
B2205584737110N11942437WA0163901716
B2205594737107N11942438WA0164001719
B2206004737104N11942441WA0164301721
B2206014737101N11942445WA0164501724
B2206024737100N11942451WA0164801727
B2206034737100N11942458WA0164901730
B2206044737101N11942465WA0165301734
B2206054737105N11942472WA0165501738
B2206064737109N11942477WA0165801742
B2206074737115N11942479WA0166101746
B2206084737121N11942479WA0166401750
B2206094737128N11942476WA0166701752
B2206104737133N11942472WA0167001754
B2206114737137N11942465WA0167301757
B2206124737139N11942457WA0167601760
B2206134737138N11942449WA0167801762
B2206144737136N11942443WA0168101764
B2206154737133N11942440WA0168301768
B2206164737129N11942440WA0168701771
B2206174737126N11942443WA0168901774
B2206184737124N11942447WA0169201778
B2206194737121N11942452WA0169501781
B2206204737120N11942458WA0169801785
B2206214737121N11942464WA0170101789
B2206224737122N11942470WA0170501793
B2206234737125N11942476WA0170701796
B2206244737128N11942481WA0171101799
B2206254737133N11942485WA0171401802
B2206264737139N11942487WA0171701804
B2206274737146N11942488WA0172001807
B2206284737152N11942486WA0172301809
B2206294737158N11942482WA0172501812
B2206304737162N11942475WA0172901814
B2206314737164N11942467WA0173101816
B2206324737164N11942459WA0173401818
B2206334737162N11942452WA0173601820
B2206344737159N11942448WA0173901823
B2206354737155N11942446WA0174101827
B2206364737151N11942447WA0174401830
B2206374737148N11942450WA0174701833
B2206384737146N11942456WA0175001835
B2206394737144N11942461WA0175201839
B2206404737144N11942467WA0175601843
B2206414737145N11942474WA0175801847
B2206424737148N11942479WA0176201850
B2206434737152N11942483WA0176401853
B2206444737158N11942486WA0176801856
B2206454737165N11942486WA0177001858
B2206464737171N11942484WA0177401861
B2206474737177N11942480WA0177601865
B2206484737181N11942475WA0177901867
B2206494737184N11942468WA0178101870
B2206504737185N11942461WA0178401873
B2206514737186N11942454WA0178701875
B2206524737185N11942448WA0179001877
B2206534737183N11942443WA0179201880
B2206544737180N11942440WA0179501882
B2206554737176N11942440WA0179701883
B2206564737172N11942440WA0179901886
B2206574737168N11942442WA0180101888
B2206584737165N11942444WA0180401891
B2206594737163N11942448WA0180701894
B2207004737162N11942453WA0181001897
B2207014737163N11942460WA0181201899
B2207024737166N11942467WA0181501901
B2207034737170N11942474WA0181701904
B2207044737175N11942479WA0182001907
B2207054737181N11942481WA0182201910
B2207064737187N11942482WA0182501912
B2207074737194N11942481WA0182701914
B2207084737200N11942478WA0182901916
B2207094737205N11942474WA0183101918
B2207104737210N11942469WA0183401919
B2207114737213N11942463WA0183601921
B2207124737216N11942455WA0183801923
B2207134737218N11942448WA0184001924
B2207144737218N11942439WA0184201926
B2207154737217N11942432WA0184401927
B2207164737214N11942427WA0184601929
B2207174737210N11942424WA0184701931
B2207184737207N11942423WA0185001933
B2207194737204N11942422WA0185101936
B2207204737201N11942423WA0185401938
B2207214737198N11942425WA0185601939
B2207224737196N11942428WA0185801940
B2207234737193N11942434WA0185901941
B2207244737192N11942441WA0186101942
B2207254737192N11942448WA0186301945
B2207264737194N11942455WA0186501947
B2207274737196N11942462WA0186601950
B2207284737199N11942467WA0186901953
B2207294737202N11942472WA0187101955
B2207304737206N11942476WA0187301957
B2207314737211N11942479WA0187501959
B2207324737217N11942480WA0187701961
B2207334737223N11942478WA0187801962
B2207344737228N11942474WA0188101964
B2207354737232N11942467WA0188201965
B2207364737234N11942459WA0188401967
B2207374737234N11942452WA0188501968
B2207384737233N11942444WA0188701969
B2207394737230N11942439WA0188901971
B2207404737226N11942436WA0189101973
B2207414737222N11942436WA0189201975
B2207424737219N11942438WA0189401977
B2207434737216N11942442WA0189601980
B2207444737214N11942447WA0189801981
B2207454737212N11942452WA0190001983
B2207464737210N11942459WA0190201984
B2207474737210N11942466WA0190301985
B2207484737211N11942473WA0190501987
B2207494737213N11942479WA0190601990
B2207504737217N11942483WA0190901992
B2207514737222N11942486WA0191001995
B2207524737227N11942487WA0191201997
B2207534737233N11942486WA0191401999
B2207544737239N11942483WA0191602001
B2207554737244N11942478WA0191802003
B2207564737248N11942471WA0192002005
B2207574737252N11942464WA0192202007
B2207584737254N11942456WA0192402009
B2207594737255N11942449WA0192602011
B2208004737255N11942442WA0192802013
B2208014737254N11942435WA0192902014
B2208024737253N11942428WA0193102014
B2208034737251N11942421WA0193302016
B2208044737248N11942416WA0193402017
B2208054737245N11942413WA0193602018
B2208064737241N11942412WA0193702019
B2208074737237N11942415WA0193902020
B2208084737234N11942419WA0194002022
B2208094737231N11942424WA0194202025
B2208104737229N11942429WA0194402027
B2208114737227N11942435WA0194502030
B2208124737225N11942441WA0194702032
B2208134737224N11942447WA0194902034
B2208144737225N11942453WA0195102035
B2208154737226N11942459WA0195202035
B2208164737229N11942465WA0195402036
B2208174737234N11942468WA0195502037
B2208184737241N11942469WA0195602037
B2208194737247N11942466WA0195702037
B2208204737253N11942459WA0195802038
B2208214737256N11942451WA0195902041
B2208224737258N11942442WA0196102043
B2208234737257N11942433WA0196202047
B2208244737256N11942425WA0196402049
B2208254737253N11942417WA0196602052
B2208264737250N11942411WA0196802055
B2208274737247N11942407WA0197002058
B2208284737243N11942404WA0197302061
B2208294737239N11942402WA0197402063
B2208304737234N11942401WA0197702065
B2208314737230N11942403WA0197902066
B2208324737226N11942406WA0198102068
B2208334737223N11942413WA0198202069
B2208344737222N11942421WA0198502070
B2208354737224N11942429WA0198602071
B2208364737227N11942435WA0198802074
B2208374737231N11942439WA0199002076
B2208384737236N11942441WA0199202077
B2208394737242N11942440WA0199302077
B2208404737248N11942437WA0199402076
B2208414737253N11942431WA0199502076
B2208424737256N11942424WA0199602077
B2208434737258N11942415WA0199702078
B2208444737258N11942407WA0199902080
B2208454737256N11942400WA0200002082
B2208464737253N11942394WA0200202084
B2208474737249N11942390WA0200302086
B2208484737245N11942388WA0200502088
B2208494737240N11942387WA0200602090
B2208504737235N11942387WA0200802092
B2208514737231N11942390WA0200902094
B2208524737226N11942393WA0201102096
B2208534737223N11942398WA0201302097
B2208544737220N11942404WA0201502099
B2208554737218N11942411WA0201602101
B2208564737216N11942418WA0201802102
B2208574737214N11942425WA0201902103
B2208584737214N11942433WA0202102105
B2208594737213N11942441WA0202202106
B2209004737214N11942448WA0202402108
B2209014737214N11942456WA0202602109
B2209024737214N11942464WA0202802111
B2209034737214N11942473WA0202902112
B2209044737214N11942481WA0203102114
B2209054737215N11942489WA0203202116
B2209064737215N11942497WA0203402119
B2209074737215N11942504WA0203502120
B2209084737216N11942511WA0203702121
B2209094737216N11942518WA0203902121
B2209104737217N11942526WA0204002120
B2209114737218N11942535WA0204002118
B2209124737219N11942544WA0204102117
B2209134737219N11942553WA0204102116
B2209144737219N11942561WA0204202116
B2209154737220N11942569WA0204202116
B2209164737220N11942578WA0204202115
B2209174737221N11942587WA0204202113
B2209184737222N11942597WA0204202112
B2209194737223N11942608WA0204102111
B2209204737224N11942618WA0204102111
B2209214737225N11942629WA0204102112
B2209224737227N11942639WA0204102113
B2209234737228N11942649WA0204102114
B2209244737230N11942659WA0204102115
B2209254737232N11942669WA0204102115
B2209264737233N11942679WA0204102114
B2209274737234N11942690WA0204102114
B2209284737235N11942701WA0204102114
B2209294737235N11942711WA0204102114
B2209304737234N11942721WA0204102113
B2209314737234N11942731WA0204102112
B2209324737233N11942741WA0204002111
B2209334737231N11942751WA0204002109
B2209344737230N11942762WA0203902107
B2209354737229N11942772WA0203802105
B2209364737227N11942783WA0203702103
B2209374737227N11942794WA0203602101
B2209384737226N11942805WA0203502099
B2209394737224N11942815WA0203402097
B2209404737223N11942824WA0203202095
B2209414737222N11942833WA0203102094
B2209424737222N11942843WA0202902091
B2209434737221N11942853WA0202802088
B2209444737221N11942863WA0202502085
B2209454737219N11942873WA0202402083
B2209464737217N11942884WA0202202080
B2209474737214N11942895WA0202002079
B2209484737211N11942905WA0201802077
B2209494737209N11942916WA0201602077
B2209504737208N11942927WA0201402076
B2209514737208N11942939WA0201302075
B2209524737209N11942950WA0201102073
B2209534737209N11942962WA0201002071
B2209544737208N11942973WA0200802069
B2209554737207N11942984WA0200702069
B2209564737206N11942995WA0200602068
B2209574737204N11943005WA0200502069
B2209584737202N11943014WA0200402069
B2209594737200N11943023WA0200302068
B2210004737197N11943033WA0200202067
B2210014737195N11943044WA0200102065
B2210024737192N11943056WA0199902062
B2210034737190N11943069WA0199802058
B2210044737189N11943079WA0199602059
B2210054737187N11943086WA0199502061
B2210064737185N11943090WA0199502064
B2210074737184N11943093WA0199502063
B2210084737182N11943098WA0199402059
B2210094737180N11943105WA0199302054
B2210104737178N11943113WA0199102049
B2210114737176N11943119WA0198902047
B2210124737174N11943125WA0198702046
B2210134737172N11943130WA0198602044
B2210144737171N11943136WA0198302040
B2210154737170N11943144WA0198102034
B2210164737169N11943154WA0197802028
B2210174737169N11943165WA0197502023
B2210184737168N11943175WA0197102019
B2210194737168N11943186WA0196802017
B2210204737167N11943195WA0196502014
B2210214737166N11943204WA0196202012
B2210224737164N11943213WA0195902010
B2210234737163N11943222WA0195702008
B2210244737162N11943231WA0195402007
B2210254737161N11943240WA0195202005
B2210264737160N11943249WA0194902004
B2210274737158N11943257WA0194702002
B2210284737157N11943266WA0194502001
B2210294737155N11943275WA0194301998
B2210304737153N11943284WA0194001995
B2210314737151N11943295WA0193801992
B2210324737148N11943305WA0193601991
B2210334737147N11943315WA0193401990
B2210344737145N11943324WA0193201990
B2210354737143N11943332WA0193101990
B2210364737141N11943340WA0192901989
B2210374737139N11943348WA0192801987
B2210384737137N11943357WA0192601985
B2210394737135N11943366WA0192401983
B2210404737134N11943376WA0192201980
B2210414737132N11943385WA0192101978
B2210424737131N11943394WA0191901975
B2210434737129N11943403WA0191701973
B2210444737127N11943411WA0191501971
B2210454737126N11943420WA0191301968
B2210464737124N11943429WA0191001965
B2210474737123N11943438WA0190801961
B2210484737122N11943448WA0190501958
B2210494737122N11943458WA0190301955
B2210504737122N11943468WA0190001951
B2210514737122N11943478WA0189801948
B2210524737121N11943489WA0189401944
B2210534737121N11943499WA0189201941
B2210544737120N11943510WA0188901939
B2210554737119N11943520WA0188701937
B2210564737119N11943530WA0188301935
B2210574737119N11943540WA0188101932
B2210584737120N11943549WA0187801930
B2210594737120N11943559WA0187601927
B2211004737119N11943569WA0187301925
B2211014737117N11943579WA0187101922
B2211024737116N11943589WA0186801918
B2211034737114N11943600WA0186601915
B2211044737114N11943611WA0186201912
B2211054737113N11943622WA0186001910
B2211064737113N11943632WA0185701908
B2211074737112N11943642WA0185501906
B2211084737111N11943652WA0185201904
B2211094737111N11943663WA0185001901
B2211104737112N11943673WA0184701899
B2211114737112N11943684WA0184501896
B2211124737112N11943694WA0184201893
B2211134737112N11943704WA0184001891
B2211144737112N11943714WA0183701888
B2211154737112N11943724WA0183501885
B2211164737113N11943734WA0183201883
B2211174737113N11943744WA0183001880
B2211184737113N11943755WA0182701878
B2211194737114N11943765WA0182501877
B2211204737115N11943775WA0182201875
B2211214737115N11943784WA0182101874
B2211224737115N11943793WA0181801872
B2211234737115N11943802WA0181701871
B2211244737114N11943812WA0181401869
B2211254737113N11943821WA0181301866
B2211264737112N11943831WA0181001864
B2211274737112N11943841WA0180801861
B2211284737112N11943851WA0180601859
B2211294737111N11943861WA0180401856
B2211304737110N11943870WA0180201855
B2211314737110N11943879WA0180001855
B2211324737111N11943887WA0179801854
B2211334737114N11943896WA0179701852
B2211344737116N11943904WA0179501851
B2211354737118N11943911WA0179401849
B2211364737120N11943920WA0179201847
B2211374737122N11943928WA0179001844
B2211384737125N11943937WA0178701840
B2211394737127N11943947WA0178601837
B2211404737130N11943957WA0178301833
B2211414737132N11943967WA0178101830
B2211424737134N11943978WA0177801828
B2211434737136N11943988WA0177601827
B2211444737138N11943997WA0177301827
B2211454737140N11944006WA0177201826
B2211464737142N11944015WA0177001824
B2211474737143N11944024WA0176801821
B2211484737145N11944034WA0176501817
B2211494737147N11944044WA0176301813
B2211504737149N11944054WA0176001809
B2211514737151N11944065WA0175801805
B2211524737153N11944074WA0175401802
B2211534737156N11944084WA0175201799
B2211544737159N11944094WA0174901795
B2211554737162N11944103WA0174601793
B2211564737164N11944113WA0174301792
B2211574737166N11944123WA0174101791
B2211584737166N11944132WA0173901791
B2211594737166N11944141WA0173701790
B2212004737166N11944151WA0173501789
B2212014737166N11944160WA0173401786
B2212024737165N11944171WA0173101783
B2212034737165N11944183WA0172901779
B2212044737165N11944195WA0172601775
B2212054737165N11944207WA0172401772
B2212064737165N11944219WA0172101771
B2212074737165N11944230WA0171901770
B2212084737166N11944241WA0171701770
B2212094737166N11944251WA0171501770
B2212104737165N11944262WA0171401770
B2212114737164N11944272WA0171301772
B2212124737164N11944279WA0171201775
B2212134737164N11944285WA0171201779
B2212144737164N11944290WA0171301782
B2212154737166N11944295WA0171401784
B2212164737169N11944301WA0171501785
B2212174737174N11944305WA0171501786
B2212184737180N11944307WA0171601787
B2212194737185N11944305WA0171701789
B2212204737190N11944300WA0171801791
B2212214737192N11944293WA0171901793
B2212224737192N11944286WA0172001795
B2212234737189N11944280WA0172101796
B2212244737185N11944277WA0172201798
B2212254737181N11944275WA0172301799
B2212264737176N11944275WA0172501801
B2212274737172N11944277WA0172601802
B2212284737168N11944280WA0172801803
B2212294737165N11944284WA0172901805
B2212304737162N11944289WA0173001806
B2212314737160N11944295WA0173101808
B2212324737160N11944300WA0173301810
B2212334737160N11944307WA0173501813
B2212344737162N11944313WA0173701815
B2212354737165N11944319WA0173801818
B2212364737170N11944325WA0174101820
B2212374737175N11944328WA0174201822
B2212384737182N11944330WA0174401824
B2212394737188N11944328WA0174601826
B2212404737194N11944324WA0174801828
B2212414737199N11944318WA0175001829
B2212424737202N11944310WA0175201831
B2212434737202N11944302WA0175301833
B2212444737201N11944296WA0175501835
B2212454737198N11944293WA0175701836
B2212464737194N11944291WA0175801835
B2212474737189N11944294WA0175901836
B2212484737185N11944298WA0176101836
B2212494737182N11944305WA0176201838
B2212504737179N11944311WA0176401841
B2212514737178N11944317WA0176501846
B2212524737178N11944321WA0176801850
B2212534737178N11944326WA0177001853
B2212544737179N11944332WA0177301855
B2212554737182N11944338WA0177501856
B2212564737187N11944343WA0177701858
B2212574737194N11944346WA0177901860
B2212584737201N11944345WA0178101861
B2212594737207N11944341WA0178201863
B2213004737212N11944335WA0178501865
B2213014737215N11944329WA0178701869
B2213024737217N11944322WA0178901871
B2213034737218N11944316WA0179101873
B2213044737216N11944310WA0179301875
B2213054737214N11944305WA0179501876
B2213064737210N11944303WA0179701877
B2213074737205N11944304WA0179801879
B2213084737202N11944308WA0180101881
B2213094737200N11944312WA0180201884
B2213104737200N11944317WA0180501886
B2213114737201N11944323WA0180601888
B2213124737202N11944329WA0180801889
B2213134737204N11944335WA0181001890
B2213144737207N11944341WA0181201891
B2213154737210N11944347WA0181301892
B2213164737214N11944352WA0181401893
B2213174737219N11944358WA0181601894
B2213184737225N11944363WA0181701895
B2213194737231N11944367WA0181801896
B2213204737237N11944369WA0182001898
B2213214737243N11944370WA0182101900
B2213224737249N11944370WA0182301901
B2213234737255N11944369WA0182401902
B2213244737261N11944367WA0182501902
B2213254737266N11944363WA0182601902
B2213264737270N11944356WA0182701901
B2213274737273N11944348WA0182701900
B2213284737274N11944339WA0182801900
B2213294737273N11944332WA0182801900
B2213304737270N11944326WA0182901901
B2213314737267N11944323WA0182901902
B2213324737263N11944322WA0183001904
B2213334737259N11944322WA0183101905
B2213344737256N11944324WA0183201907
B2213354737252N11944325WA0183301909
B2213364737249N11944325WA0183501910
B2213374737245N11944325WA0183501911
B2213384737242N11944325WA0183701912
B2213394737240N11944328WA0183801913
B2213404737238N11944332WA0183901914
B2213414737237N11944337WA0184001914
B2213424737237N11944343WA0184101915
B2213434737238N11944350WA0184101915
B2213444737241N11944357WA0184201916
B2213454737244N11944363WA0184301917
B2213464737247N11944370WA0184401917
B2213474737251N11944376WA0184501919
B2213484737255N11944382WA0184601920
B2213494737260N11944388WA0184601921
B2213504737264N11944394WA0184701922
B2213514737267N11944401WA0184801923
B2213524737270N11944408WA0184901924
B2213534737272N11944416WA0185001925
B2213544737275N11944423WA0185101926
B2213554737278N11944430WA0185201926
B2213564737280N11944437WA0185201927
B2213574737282N11944445WA0185301926
B2213584737283N11944453WA0185301925
B2213594737284N11944462WA0185301922
B2214004737284N11944473WA0185201918
B2214014737285N11944484WA0185101915
B2214024737285N11944496WA0185001911
B2214034737286N11944507WA0184901910
B2214044737287N11944518WA0184701909
B2214054737288N11944528WA0184601908
B2214064737289N11944538WA0184501908
B2214074737290N11944547WA0184401907
B2214084737290N11944557WA0184301905
B2214094737290N11944568WA0184201902
B2214104737291N11944579WA0184001898
B2214114737290N11944590WA0183901895
B2214124737290N11944601WA0183601892
B2214134737290N11944613WA0183501891
B2214144737289N11944625WA0183301888
B2214154737289N11944638WA0183101886
B2214164737288N11944651WA0182801883
B2214174737287N11944664WA0182701880
B2214184737286N11944677WA0182401877
B2214194737285N11944689WA0182201874
B2214204737285N11944702WA0181901871
B2214214737283N11944715WA0181701868
B2214224737282N11944728WA0181401864
B2214234737280N11944742WA0181201862
B2214244737280N11944755WA0180901861
B2214254737280N11944768WA0180701860
B2214264737280N11944780WA0180501858
B2214274737280N11944792WA0180301856
B2214284737279N11944804WA0180101854
B2214294737279N11944816WA0179901851
B2214304737278N11944828WA0179601848
B2214314737278N11944840WA0179501846
B2214324737279N11944853WA0179201843
B2214334737280N11944864WA0179001842
B2214344737282N11944873WA0178801842
B2214354737284N11944879WA0178701843
B2214364737286N11944885WA0178501843
B2214374737287N11944893WA0178401840
B2214384737287N11944902WA0178201835
B2214394737287N11944913WA0178001829
B2214404737288N11944924WA0177701826
B2214414737288N11944933WA0177501825
B2214424737288N11944943WA0177301825
B2214434737288N11944952WA0177101824
B2214444737288N11944961WA0176901824
B2214454737287N11944970WA0176801823
B2214464737286N11944979WA0176601821
B2214474737286N11944989WA0176501820
B2214484737285N11944999WA0176301818
B2214494737285N11945011WA0176201815
B2214504737285N11945023WA0175901813
B2214514737285N11945035WA0175801812
B2214524737286N11945046WA0175701813
B2214534737286N11945056WA0175601813
B2214544737286N11945065WA0175401813
B2214554737286N11945075WA0175401812
B2214564737287N11945086WA0175201810
B2214574737287N11945097WA0175101808
B2214584737287N11945109WA0175001807
B2214594737287N11945121WA0174901807
B2215004737287N11945132WA0174801808
B2215014737287N11945142WA0174701808
B2215024737287N11945152WA0174701809
B2215034737288N11945161WA0174601808
B2215044737288N11945170WA0174601808
B2215054737287N11945179WA0174501806
B2215064737286N11945189WA0174401804
B2215074737285N11945199WA0174401802
B2215084737284N11945210WA0174201800
B2215094737283N11945221WA0174101798
B2215104737282N11945232WA0174001797
B2215114737282N11945242WA0173901796
B2215124737282N11945253WA0173701794
B2215134737281N11945263WA0173601792
B2215144737280N11945274WA0173501790
B2215154737278N11945285WA0173301787
B2215164737277N11945296WA0173101784
B2215174737276N11945308WA0173001782
B2215184737276N11945320WA0172801779
B2215194737275N11945331WA0172601776
B2215204737274N11945343WA0172301774
B2215214737273N11945354WA0172201772
B2215224737272N11945365WA0171901770
B2215234737271N11945376WA0171801768
B2215244737271N11945387WA0171501766
B2215254737271N11945398WA0171401763
B2215264737270N11945408WA0171101760
B2215274737270N11945419WA0170901757
B2215284737269N11945429WA0170601754
B2215294737268N11945439WA0170401751
B2215304737267N11945449WA0170101748
B2215314737266N11945459WA0169901745
B2215324737264N11945468WA0169601742
B2215334737263N11945478WA0169401738
B2215344737262N11945488WA0169101735
B2215354737261N11945498WA0168801731
B2215364737260N11945508WA0168501728
B2215374737259N11945517WA0168301725
B2215384737258N11945527WA0167901722
B2215394737256N11945536WA0167701719
B2215404737256N11945545WA0167301716
B2215414737255N11945554WA0167101713
B2215424737255N11945563WA0166701709
B2215434737254N11945573WA0166501704
B2215444737254N11945583WA0166101700
B2215454737253N11945593WA0165801695
B2215464737252N11945603WA0165401691
B2215474737252N11945613WA0165101686
B2215484737251N11945623WA0164601682
B2215494737251N11945634WA0164301677
B2215504737251N11945645WA0163801671
B2215514737251N11945657WA0163501667
B2215524737252N11945668WA0163001663
B2215534737252N11945680WA0162701660
B2215544737253N11945691WA0162201656
B2215554737254N11945703WA0161901652
B2215564737255N11945716WA0161401648
B2215574737255N11945729WA0161101645
B2215584737256N11945740WA0160701643
B2215594737256N11945751WA0160501643
B2216004737258N11945760WA0160101643
B2216014737259N11945769WA0160001644
B2216024737261N11945776WA0159801645
B2216034737263N11945782WA0159701648
B2216044737265N11945787WA0159601650
B2216054737268N11945793WA0159601650
B2216064737270N11945800WA0159501650
B2216074737272N11945807WA0159501651
B2216084737273N11945813WA0159401652
B2216094737275N11945818WA0159401653
B2216104737277N11945823WA0159501655
B2216114737279N11945828WA0159501656
B2216124737282N11945833WA0159501656
B2216134737284N11945839WA0159501656
B2216144737287N11945846WA0159501654
B2216154737289N11945853WA0159501654
B2216164737292N11945861WA0159501654
B2216174737295N11945869WA0159501654
B2216184737298N11945877WA0159501655
B2216194737301N11945884WA0159501657
B2216204737303N11945891WA0159501658
B2216214737306N11945898WA0159601659
B2216224737308N11945904WA0159701660
B2216234737311N11945910WA0159701661
B2216244737314N11945915WA0159801662
B2216254737316N11945920WA0159801663
B2216264737318N11945926WA0159901662
B2216274737320N11945933WA0159901661
B2216284737322N11945941WA0159901659
B2216294737322N11945950WA0159801655
B2216304737323N11945960WA0159701652
B2216314737323N11945970WA0159701651
B2216324737323N11945979WA0159601651
B2216334737324N11945986WA0159601653
B2216344737324N11945993WA0159601655
B2216354737325N11946000WA0159601656
B2216364737325N11946007WA0159601656
B2216374737324N11946015WA0159501654
B2216384737324N11946024WA0159501653
B2216394737324N11946033WA0159501653
B2216404737324N11946041WA0159501653
B2216414737324N11946050WA0159401652
B2216424737324N11946059WA0159401652
B2216434737324N11946068WA0159401651
B2216444737323N11946077WA0159301651
B2216454737322N11946086WA0159301652
B2216464737321N11946095WA0159301653
B2216474737321N11946103WA0159301654
B2216484737319N11946110WA0159301655
B2216494737318N11946115WA0159301656
B2216504737316N11946120WA0159401657
B2216514737314N11946124WA0159401658
B2216524737312N11946127WA0159501658
B2216534737309N11946130WA0159501657
B2216544737306N11946134WA0159501655
B2216554737302N11946137WA0159501653
B2216564737298N11946141WA0159401651
B2216574737294N11946145WA0159401650
B2216584737291N11946149WA0159301648
B2216594737287N11946153WA0159201646
B2217004737283N11946157WA0159101643
B2217014737279N11946164WA0159001639
B2217024737275N11946171WA0158701635
B2217034737272N11946180WA0158601631
B2217044737269N11946189WA0158301627
B2217054737265N11946197WA0158101623
B2217064737262N11946207WA0157701619
B2217074737259N11946216WA0157501614
B2217084737256N11946226WA0157101608
B2217094737253N11946237WA0156801603
B2217104737249N11946247WA0156401599
B2217114737246N11946256WA0156101595
B2217124737243N11946265WA0155701592
B2217134737240N11946273WA0155501590
B2217144737238N11946281WA0155101587
B2217154737237N11946289WA0154901584
B2217164737235N11946297WA0154501580
B2217174737233N11946305WA0154201576
B2217184737229N11946312WA0153801571
B2217194737225N11946320WA0153501566
B2217204737222N11946328WA0153001561
B2217214737219N11946337WA0152701558
B2217224737216N11946345WA0152301555
B2217234737214N11946354WA0152001552
B2217244737211N11946362WA0151601549
B2217254737209N11946370WA0151301546
B2217264737206N11946379WA0150901543
B2217274737203N11946388WA0150701541
B2217284737201N11946396WA0150301538
B2217294737199N11946404WA0150101535
B2217304737197N11946413WA0149701532
B2217314737195N11946421WA0149501529
B2217324737194N11946429WA0149101527
B2217334737192N11946437WA0148901524
B2217344737190N11946444WA0148501520
B2217354737188N11946451WA0148301517
B2217364737186N11946459WA0147901513
B2217374737184N11946468WA0147601508
B2217384737183N11946478WA0147201503
B2217394737181N11946487WA0146901499
B2217404737180N11946497WA0146501496
B2217414737178N11946505WA0146201494
B2217424737175N11946514WA0145801492
B2217434737173N11946522WA0145601489
B2217444737170N11946531WA0145201486
B2217454737167N11946539WA0145001483
B2217464737164N11946548WA0144601480
B2217474737161N11946557WA0144401476
B2217484737159N11946567WA0144001473
B2217494737158N11946577WA0143701470
B2217504737158N11946586WA0143401468
B2217514737158N11946595WA0143201466
B2217524737157N11946602WA0142801464
B2217534737156N11946610WA0142601459
B2217544737155N11946619WA0142201454
B2217554737153N11946628WA0142001449
B2217564737151N11946637WA0141501445
B2217574737150N11946647WA0141201440
B2217584737150N11946657WA0140801435
B2217594737150N11946667WA0140501431
B2218004737149N11946677WA0140001426
B2218014737149N11946688WA0139601422
B2218024737149N11946698WA0139201418
B2218034737148N11946708WA0138901416
B2218044737147N11946717WA0138401413
B2218054737147N11946726WA0138201410
B2218064737146N11946735WA0137701406
B2218074737146N11946746WA0137401402
B2218084737146N11946757WA0137001398
B2218094737146N11946767WA0136701395
B2218104737145N11946777WA0136301394
B2218114737145N11946786WA0136101392
B2218124737144N11946796WA0135701391
B2218134737143N11946805WA0135501389
B2218144737142N11946815WA0135201386
B2218154737142N11946825WA0135001384
B2218164737142N11946836WA0134701381
B2218174737142N11946846WA0134501380
B2218184737141N11946856WA0134201378
B2218194737141N11946865WA0134001377
B2218204737140N11946874WA0133701375
B2218214737139N11946885WA0133601373
B2218224737138N11946895WA0133301372
B2218234737137N11946907WA0133101370
B2218244737136N11946918WA0132901368
B2218254737135N11946929WA0132701365
B2218264737134N11946941WA0132401362
B2218274737133N11946954WA0132201360
B2218284737132N11946967WA0131901357
B2218294737131N11946981WA0131801356
B2218304737130N11946995WA0131501355
B2218314737129N11947008WA0131401355
B2218324737128N11947019WA0131201355
B2218334737126N11947029WA0131201358
B2218344737125N11947036WA0131101362
B2218354737124N11947042WA0131201365
B2218364737123N11947048WA0131201368
B2218374737121N11947052WA0131301369
B2218384737119N11947055WA0131301369
B2218394737116N11947058WA0131301368
B2218404737114N11947062WA0131401368
B2218414737113N11947067WA0131401367
B2218424737112N11947073WA0131401366
B2218434737112N11947081WA0131401365
B2218444737113N11947088WA0131301364
B2218454737116N11947095WA0131301363
B2218464737119N11947101WA0131301362
B2218474737123N11947106WA0131201361
B2218484737127N11947111WA0131101358
B2218494737132N11947117WA0131001355
B2218504737136N11947124WA0130901351
B2218514737142N11947132WA0130701347
B2218524737147N11947139WA0130501344
B2218534737153N11947146WA0130301340
B2218544737159N11947153WA0130001336
B2218554737164N11947162WA0129801332
B2218564737170N11947171WA0129501327
B2218574737176N11947180WA0129201323
B2218584737182N11947190WA0128801318
B2218594737189N11947200WA0128501314
B2219004737195N11947210WA0128101310
B2219014737201N11947221WA0127901307
B2219024737207N11947231WA0127501305
B2219034737213N11947241WA0127201302
B2219044737219N11947250WA0126901300
B2219054737225N11947260WA0126601298
B2219064737231N11947270WA0126301295
B2219074737237N11947281WA0126101291
B2219084737244N11947292WA0125701288
B2219094737251N11947304WA0125401284
B2219104737259N11947315WA0125101282
B2219114737266N11947325WA0124901280
B2219124737272N11947335WA0124601279
B2219134737279N11947345WA0124401278
B2219144737286N11947355WA0124101276
B2219154737292N11947366WA0123901275
B2219164737298N11947374WA0123701276
B2219174737303N11947381WA0123601278
B2219184737308N11947386WA0123601281
B2219194737313N11947392WA0123501281
B2219204737318N11947398WA0123501282
B2219214737323N11947405WA0123501281
B2219224737327N11947414WA0123401282
B2219234737329N11947423WA0123401283
B2219244737329N11947430WA0123401284
B2219254737327N11947435WA0123401285
B2219264737325N11947437WA0123401285
B2219274737323N11947437WA0123401285
B2219284737321N11947435WA0123501286
B2219294737320N11947431WA0123501286
B2219304737321N11947426WA0123501285
B2219314737322N11947420WA0123501284
B2219324737325N11947413WA0123401282
B2219334737329N11947406WA0123401281
B2219344737335N11947401WA0123301280
B2219354737341N11947397WA0123301279
B2219364737349N11947394WA0123201277
B2219374737357N11947395WA0123101276
B2219384737365N11947399WA0123101276
B2219394737372N11947405WA0123001278
B2219404737376N11947413WA0123101280
B2219414737379N11947421WA0123101282
B2219424737381N11947429WA0123101284
B2219434737382N11947437WA0123201285
B2219444737382N11947445WA0123201286
B2219454737383N11947452WA0123301287
B2219464737385N11947459WA0123401288
B2219474737389N11947467WA0123401288
B2219484737394N11947475WA0123401287
B2219494737400N11947483WA0123501288
B2219504737407N11947488WA0123501290
B2219514737415N11947490WA0123601292
B2219524737422N11947490WA0123701294
B2219534737429N11947488WA0123801296
B2219544737435N11947484WA0123901298
B2219554737439N11947478WA0124001299
B2219564737440N11947472WA0124101299
B2219574737440N11947467WA0124201299
B2219584737438N11947466WA0124301298
B2219594737436N11947469WA0124301296
B2220004737434N11947475WA0124301294
B2220014737434N11947484WA0124301293
B2220024737436N11947493WA0124301294
B2220034737439N11947502WA0124301296
B2220044737443N11947510WA0124401298
B2220054737447N11947517WA0124401300
B2220064737452N11947524WA0124501302
B2220074737457N11947530WA0124601304
B2220084737463N11947534WA0124701305
B2220094737469N11947537WA0124801306
B2220104737476N11947538WA0124901307
B2220114737482N11947537WA0125001308
B2220124737488N11947534WA0125101309
B2220134737493N11947530WA0125201310
B2220144737498N11947526WA0125301312
B2220154737502N11947521WA0125401313
B2220164737504N11947516WA0125501314
B2220174737505N11947511WA0125601315
B2220184737503N11947507WA0125701315
B2220194737501N11947506WA0125701315
B2220204737499N11947509WA0125801316
B2220214737498N11947513WA0125901317
B2220224737498N11947520WA0126001318
B2220234737499N11947527WA0126101319
B2220244737501N11947535WA0126201321
B2220254737505N11947542WA0126301322
B2220264737510N11947549WA0126401322
B2220274737517N11947556WA0126401323
B2220284737524N11947561WA0126501324
B2220294737532N11947565WA0126601325
B2220304737540N11947567WA0126701327
B2220314737548N11947568WA0126801329
B2220324737555N11947568WA0126901331
B2220334737561N11947567WA0127001332
B2220344737566N11947565WA0127201333
B2220354737570N11947561WA0127201332
B2220364737573N11947555WA0127301329
B2220374737574N11947550WA0127301327
B2220384737575N11947544WA0127301326
B2220394737575N11947540WA0127301326
B2220404737574N11947537WA0127301326
B2220414737573N11947535WA0127301326
B2220424737571N11947534WA0127301327
B2220434737569N11947535WA0127401327
B2220444737567N11947537WA0127401327
B2220454737565N11947540WA0127401326
B2220464737563N11947544WA0127401326
B2220474737560N11947549WA0127401325
B2220484737557N11947555WA0127401325
B2220494737555N11947560WA0127401327
B2220504737553N11947566WA0127401328
B2220514737551N11947571WA0127401330
B2220524737550N11947577WA0127501332
B2220534737549N11947583WA0127601334
B2220544737548N11947589WA0127701336
B2220554737548N11947596WA0127801337
B2220564737550N11947603WA0127901338
B2220574737552N11947611WA0128001340
B2220584737557N11947618WA0128101340
B2220594737563N11947623WA0128201341
B2221004737571N11947626WA0128301340
B2221014737578N11947625WA0128401340
B2221024737584N11947621WA0128401342
B2221034737588N11947615WA0128501343
B2221044737589N11947609WA0128601343
B2221054737588N11947605WA0128601342
B2221064737586N11947601WA0128701343
B2221074737584N11947597WA0128801345
B2221084737583N11947594WA0128901347
B2221094737582N11947591WA0129001349
B2221104737580N11947589WA0129101350
B2221114737579N11947589WA0129201351
B2221124737577N11947592WA0129301351
B2221134737576N11947597WA0129401352
B2221144737576N11947605WA0129401352
B2221154737579N11947614WA0129501352
B2221164737584N11947622WA0129501351
B2221174737592N11947628WA0129601351
B2221184737599N11947631WA0129601352
B2221194737607N11947631WA0129701354
B2221204737613N11947628WA0129801356
B2221214737618N11947624WA0129801357
B2221224737620N11947618WA0129901357
B2221234737622N11947613WA0130001358
B2221244737621N11947608WA0130101359
B2221254737621N11947604WA0130101359
B2221264737620N11947599WA0130201360
B2221274737620N11947595WA0130301361
B2221284737619N11947591WA0130301360
B2221294737617N11947588WA0130401360
B2221304737614N11947587WA0130401360
B2221314737612N11947589WA0130501360
B2221324737610N11947593WA0130501360
B2221334737609N11947600WA0130501360
B2221344737609N11947608WA0130601359
B2221354737610N11947618WA0130601359
B2221364737612N11947628WA0130601360
B2221374737617N11947636WA0130601362
B2221384737622N11947643WA0130701363
B2221394737629N11947649WA0130701364
B2221404737635N11947655WA0130801366
B2221414737642N11947661WA0130901367
B2221424737649N11947666WA0130901368
B2221434737656N11947669WA0131001369
B2221444737662N11947669WA0131101371
B2221454737668N11947667WA0131201371
B2221464737672N11947661WA0131301370
B2221474737674N11947655WA0131301371
B2221484737673N11947650WA0131401371
B2221494737672N11947648WA0131401372
B2221504737669N11947649WA0131501372
B2221514737667N11947653WA0131501372
B2221524737665N11947659WA0131601371
B2221534737664N11947668WA0131601371
B2221544737664N11947678WA0131601372
B2221554737666N11947688WA0131701372
B2221564737670N11947697WA0131701373
B2221574737674N11947706WA0131701374
B2221584737679N11947714WA0131801375
B2221594737684N11947722WA0131901376
B2222004737689N11947729WA0131901376
B2222014737695N11947736WA0132001376
B2222024737702N11947742WA0132001375
B2222034737709N11947747WA0132001375
B2222044737716N11947752WA0132101375
B2222054737724N11947756WA0132101374
B2222064737731N11947757WA0132101374
B2222074737739N11947757WA0132101374
B2222084737745N11947753WA0132101372
B2222094737750N11947748WA0132101371
B2222104737753N11947741WA0132001371
B2222114737755N11947735WA0132001370
B2222124737755N11947729WA0132001370
B2222134737755N11947724WA0131901369
B2222144737755N11947718WA0131901369
B2222154737753N11947713WA0131901369
B2222164737752N11947709WA0131901370
B2222174737752N11947704WA0131901373
B2222184737753N11947700WA0132001375
B2222194737755N11947696WA0132001377
B2222204737757N11947692WA0132101377
B2222214737761N11947688WA0132101377
B2222224737765N11947683WA0132201376
B2222234737770N11947680WA0132201376
B2222244737777N11947678WA0132201376
B2222254737784N11947679WA0132201375
B2222264737790N11947682WA0132201375
B2222274737797N11947686WA0132201375
B2222284737804N11947691WA0132201375
B2222294737810N11947696WA0132201376
B2222304737816N11947702WA0132301378
B2222314737821N11947708WA0132301379
B2222324737825N11947715WA0132401379
B2222334737828N11947722WA0132401379
B2222344737831N11947729WA0132401379
B2222354737834N11947737WA0132401379
B2222364737836N11947744WA0132401379
B2222374737837N11947751WA0132401379
B2222384737839N11947760WA0132401378
B2222394737841N11947768WA0132501378
B2222404737843N11947777WA0132501378
B2222414737845N11947786WA0132401377
B2222424737847N11947796WA0132401376
B2222434737849N11947805WA0132401375
B2222444737851N11947815WA0132301374
B2222454737853N11947824WA0132301372
B2222464737856N11947834WA0132201371
B2222474737860N11947844WA0132101369
B2222484737863N11947854WA0132001367
B2222494737865N11947865WA0131901366
B2222504737868N11947875WA0131801364
B2222514737871N11947886WA0131701362
B2222524737873N11947897WA0131601361
B2222534737876N11947909WA0131501360
B2222544737879N11947919WA0131401360
B2222554737881N11947929WA0131301360
B2222564737884N11947939WA0131201360
B2222574737886N11947949WA0131101360
B2222584737887N11947958WA0131001358
B2222594737888N11947968WA0131001357
B2223004737890N11947979WA0130801355
B2223014737892N11947990WA0130701353
B2223024737894N11948001WA0130601352
B2223034737897N11948012WA0130601352
B2223044737900N11948022WA0130501353
B2223054737903N11948031WA0130401353
B2223064737906N11948040WA0130401354
B2223074737910N11948047WA0130401354
B2223084737915N11948054WA0130401354
B2223094737921N11948060WA0130301353
B2223104737927N11948066WA0130301351
B2223114737932N11948074WA0130201350
B2223124737937N11948082WA0130101349
B2223134737941N11948091WA0130101347
B2223144737945N11948100WA0130001346
B2223154737947N11948109WA0129901344
B2223164737948N11948119WA0129801342
B2223174737948N11948128WA0129601340
B2223184737947N11948137WA0129501338
B2223194737946N11948146WA0129401337
B2223204737944N11948153WA0129201336
B2223214737942N11948160WA0129201335
B2223224737940N11948166WA0129001334
B2223234737937N11948172WA0128901333
B2223244737935N11948177WA0128801332
B2223254737932N11948182WA0128701332
B2223264737930N11948186WA0128601331
B2223274737927N11948192WA0128601330
B2223284737924N11948198WA0128401326
B2223294737920N11948206WA0128301324
B2223304737917N11948214WA0128101322
B2223314737914N11948221WA0128001322
B2223324737911N11948229WA0127901322
B2223334737908N11948236WA0127801321
B2223344737905N11948243WA0127601320
B2223354737902N11948251WA0127501318
B2223364737899N11948259WA0127401318
B2223374737896N11948267WA0127401319
B2223384737895N11948274WA0127301322
B2223394737894N11948278WA0127401326
B2223404737893N11948281WA0127501329
B2223414737892N11948281WA0127501332
B2223424737892N11948280WA0127701334
B2223434737892N11948276WA0127801335
B2223444737894N11948271WA0127901336
B2223454737899N11948265WA0128001337
B2223464737905N11948261WA0128101338
B2223474737912N11948259WA0128201340
B2223484737920N11948259WA0128301341
B2223494737927N11948261WA0128401343
B2223504737933N11948265WA0128601345
B2223514737939N11948270WA0128701347
B2223524737945N11948275WA0128801347
B2223534737950N11948282WA0128901347
B2223544737955N11948290WA0129001346
B2223554737958N11948299WA0129001346
B2223564737959N11948309WA0129101346
B2223574737958N11948317WA0129101345
B2223584737957N11948324WA0129201347
B2223594737955N11948328WA0129201349
B2224004737953N11948330WA0129301351
B2224014737952N11948331WA0129401353
B2224024737951N11948332WA0129601356
B2224034737950N11948333WA0129701357
B2224044737949N11948335WA0129801358
B2224054737947N11948339WA0129901359
B2224064737946N11948345WA0130001359
B2224074737947N11948354WA0130101360
B2224084737951N11948363WA0130201361
B2224094737956N11948370WA0130201362
B2224104737964N11948374WA0130301363
B2224114737971N11948374WA0130401364
B2224124737979N11948371WA0130501364
B2224134737984N11948366WA0130601364
B2224144737988N11948360WA0130701365
B2224154737990N11948353WA0130701366
B2224164737990N11948348WA0130901368
B2224174737990N11948345WA0130901369
B2224184737989N11948342WA0131101371
B2224194737987N11948341WA0131201372
B2224204737985N11948341WA0131301373
B2224214737983N11948342WA0131401373
B2224224737980N11948345WA0131501374
B2224234737979N11948350WA0131601376
B2224244737979N11948356WA0131701378
B2224254737980N11948363WA0131801379
B2224264737982N11948371WA0131901379
B2224274737986N11948379WA0132001380
B2224284737991N11948385WA0132101381
B2224294737998N11948389WA0132201381
B2224304738005N11948391WA0132301381
B2224314738013N11948390WA0132301381
B2224324738019N11948387WA0132401381
B2224334738025N11948382WA0132401381
B2224344738029N11948376WA0132501381
B2224354738033N11948370WA0132501382
B2224364738035N11948365WA0132601383
B2224374738037N11948359WA0132601385
B2224384738038N11948355WA0132701385
B2224394738037N11948351WA0132801386
B2224404738035N11948350WA0132901387
B2224414738033N11948350WA0132901387
B2224424738030N11948354WA0133001387
B2224434738029N11948361WA0133001388
B2224444738029N11948369WA0133101389
B2224454738031N11948378WA0133201390
B2224464738034N11948386WA0133201391
B2224474738037N11948394WA0133301392
B2224484738040N11948402WA0133401392
B2224494738043N11948410WA0133401392
B2224504738047N11948417WA0133501391
B2224514738052N11948423WA0133501390
B2224524738059N11948427WA0133501389
B2224534738066N11948428WA0133401386
B2224544738074N11948425WA0133401383
B2224554738080N11948419WA0133301380
B2224564738085N11948411WA0133101378
B2224574738087N11948404WA0133101378
B2224584738090N11948398WA0133001380
B2224594738093N11948394WA0133001381
B2225004738097N11948389WA0133001381
B2225014738100N11948384WA0132901380
B2225024738102N11948377WA0132901379
B2225034738104N11948370WA0132901378
B2225044738106N11948363WA0132801378
B2225054738107N11948356WA0132801378
B2225064738108N11948350WA0132701378
B2225074738108N11948345WA0132701380
B2225084738108N11948340WA0132801380
B2225094738109N11948335WA0132801381
B2225104738109N11948328WA0132801382
B2225114738110N11948322WA0132801383
B2225124738110N11948317WA0132901384
B2225134738109N11948312WA0132901386
B2225144738108N11948309WA0133001387
B2225154738107N11948306WA0133101387
B2225164738105N11948305WA0133101388
B2225174738104N11948306WA0133201390
B2225184738102N11948310WA0133301390
B2225194738101N11948316WA0133301390
B2225204738102N11948325WA0133401391
B2225214738105N11948333WA0133501393
B2225224738110N11948341WA0133601394
B2225234738117N11948346WA0133601395
B2225244738125N11948349WA0133701396
B2225254738132N11948350WA0133801398
B2225264738138N11948347WA0133901400
B2225274738144N11948342WA0134001401
B2225284738148N11948336WA0134201402
B2225294738152N11948330WA0134201402
B2225304738154N11948324WA0134401403
B2225314738154N11948319WA0134401405
B2225324738154N11948316WA0134601406
B2225334738152N11948315WA0134601406
B2225344738150N11948316WA0134701406
B2225354738147N11948319WA0134801406
B2225364738146N11948325WA0134801406
B2225374738147N11948332WA0134901408
B2225384738149N11948339WA0135001410
B2225394738153N11948346WA0135101412
B2225404738158N11948353WA0135201412
B2225414738165N11948359WA0135301413
B2225424738173N11948363WA0135401413
B2225434738181N11948365WA0135401414
B2225444738188N11948363WA0135601416
B2225454738193N11948359WA0135601417
B2225464738198N11948354WA0135701418
B2225474738201N11948347WA0135801418
B2225484738203N11948341WA0135901419
B2225494738203N11948337WA0135901419
B2225504738201N11948334WA0136001419
B2225514738199N11948334WA0136001419
B2225524738197N11948335WA0136101419
B2225534738196N11948339WA0136101419
B2225544738195N11948345WA0136201420
B2225554738195N11948352WA0136201420
B2225564738197N11948361WA0136301421
B2225574738200N11948369WA0136401422
B2225584738203N11948378WA0136401423
B2225594738206N11948387WA0136501424
B2226004738210N11948395WA0136601426
B2226014738214N11948404WA0136601427
B2226024738219N11948411WA0136701429
B2226034738225N11948416WA0136801430
B2226044738232N11948419WA0136901431
B2226054738239N11948421WA0137001430
B2226064738247N11948420WA0137101430
B2226074738254N11948417WA0137101429
B2226084738261N11948412WA0137101428
B2226094738265N11948404WA0137101428
B2226104738267N11948397WA0137201428
B2226114738266N11948392WA0137201429
B2226124738265N11948390WA0137201429
B2226134738262N11948391WA0137201429
B2226144738260N11948396WA0137301429
B2226154738259N11948402WA0137301429
B2226164738259N11948410WA0137301429
B2226174738261N11948419WA0137301430
B2226184738263N11948427WA0137401431
B2226194738265N11948434WA0137401432
B2226204738268N11948441WA0137501432
B2226214738270N11948448WA0137501432
B2226224738273N11948455WA0137501431
B2226234738277N11948463WA0137501429
B2226244738281N11948471WA0137401427
B2226254738285N11948479WA0137401425
B2226264738290N11948488WA0137301423
B2226274738293N11948496WA0137301423
B2226284738296N11948504WA0137201423
B2226294738298N11948513WA0137201422
B2226304738300N11948523WA0137101422
B2226314738302N11948533WA0137001421
B2226324738303N11948543WA0137001421
B2226334738304N11948554WA0136901420
B2226344738306N11948565WA0136801419
B2226354738307N11948577WA0136801418
B2226364738309N11948587WA0136701419
B2226374738311N11948596WA0136701420
B2226384738312N11948605WA0136701421
B2226394738314N11948612WA0136701422
B2226404738316N11948620WA0136701423
B2226414738318N11948629WA0136701423
B2226424738319N11948638WA0136701422
B2226434738321N11948648WA0136701421
B2226444738323N11948658WA0136701422
B2226454738325N11948667WA0136701422
B2226464738326N11948675WA0136601421
B2226474738328N11948684WA0136601420
B2226484738329N11948693WA0136501416
B2226494738331N11948702WA0136401414
B2226504738332N11948711WA0136301411
B2226514738333N11948720WA0136201410
B2226524738333N11948728WA0136101409
B2226534738334N11948737WA0136001408
B2226544738334N11948745WA0135901408
B2226554738335N11948753WA0135801407
B2226564738336N11948762WA0135701406
B2226574738337N11948770WA0135601405
B2226584738338N11948778WA0135501403
B2226594738340N11948788WA0135401401
B2227004738340N11948798WA0135201397
B2227014738341N11948808WA0135001394
B2227024738342N11948818WA0134801393
B2227034738343N11948828WA0134701391
B2227044738344N11948837WA0134501390
B2227054738344N11948847WA0134301388
B2227064738343N11948858WA0134101385
B2227074738344N11948870WA0133901381
B2227084738345N11948883WA0133601377
B2227094738347N11948896WA0133401373
B2227104738349N11948908WA0133101370
B2227114738352N11948921WA0132901367
B2227124738353N11948932WA0132601364
B2227134738354N11948943WA0132401361
B2227144738354N11948953WA0132101358
B2227154738354N11948964WA0131901355
B2227164738354N11948975WA0131501351
B2227174738354N11948987WA0131301347
B2227184738355N11948999WA0130901344
B2227194738356N11949011WA0130701342
B2227204738358N11949022WA0130401340
B2227214738359N11949033WA0130201338
B2227224738361N11949043WA0129801335
B2227234738362N11949054WA0129601332
B2227244738363N11949065WA0129301328
B2227254738364N11949077WA0129001324
B2227264738365N11949090WA0128701322
B2227274738366N11949102WA0128501320
B2227284738367N11949113WA0128101319
B2227294738368N11949125WA0128001318
B2227304738369N11949136WA0127701316
B2227314738370N11949148WA0127501315
B2227324738370N11949158WA0127301314
B2227334738368N11949166WA0127201316
B2227344738368N11949172WA0127101317
B2227354738367N11949176WA0127001318
B2227364738368N11949183WA0126901318
B2227374738369N11949191WA0126801315
B2227384738370N11949200WA0126701314
B2227394738369N11949208WA0126601313
B2227404738367N11949215WA0126501313
B2227414738364N11949220WA0126501312
B2227424738360N11949223WA0126401312
B2227434738356N11949226WA0126401313
B2227444738351N11949227WA0126301313
B2227454738346N11949227WA0126301313
B2227464738341N11949226WA0126301314
B2227474738337N11949224WA0126301315
B2227484738333N11949221WA0126301316
B2227494738329N11949217WA0126301317
B2227504738326N11949213WA0126301318
B2227514738323N11949209WA0126401319
B2227524738320N11949205WA0126401319
B2227534738317N11949202WA0126401318
B2227544738315N11949202WA0126401317
B2227554738314N11949205WA0126401316
B2227564738312N11949209WA0126401314
B2227574738312N11949215WA0126401312
B2227584738312N11949222WA0126301311
B2227594738315N11949229WA0126201310
B2228004738319N11949235WA0126101308
B2228014738326N11949239WA0126101306
B2228024738333N11949243WA0125901304
B2228034738339N11949248WA0125801302
B2228044738345N11949253WA0125701302
B2228054738349N11949257WA0125701302
B2228064738354N11949262WA0125601300
B2228074738360N11949266WA0125501300
B2228084738365N11949273WA0125401298
B2228094738369N11949281WA0125301297
B2228104738372N11949291WA0125201297
B2228114738374N11949301WA0125201298
B2228124738376N11949311WA0125101300
B2228134738381N11949318WA0125101301
B2228144738387N11949324WA0125101302
B2228154738395N11949325WA0125101301
B2228164738402N11949323WA0125101301
B2228174738409N11949317WA0125101302
B2228184738414N11949312WA0125101304
B2228194738418N11949308WA0125201308
B2228204738422N11949304WA0125301311
B2228214738424N11949300WA0125401312
B2228224738426N11949295WA0125501312
B2228234738427N11949289WA0125601312
B2228244738425N11949283WA0125601311
B2228254738422N11949279WA0125601311
B2228264738419N11949277WA0125701311
B2228274738415N11949277WA0125701311
B2228284738411N11949280WA0125701312
B2228294738408N11949286WA0125801311
B2228304738406N11949294WA0125801311
B2228314738407N11949303WA0125801310
B2228324738408N11949312WA0125801310
B2228334738411N11949321WA0125801311
B2228344738413N11949330WA0125901311
B2228354738415N11949340WA0125901312
B2228364738417N11949350WA0125901312
B2228374738421N11949361WA0125901313
B2228384738424N11949371WA0126001313
B2228394738428N11949379WA0126001315
B2228404738432N11949387WA0126101317
B2228414738435N11949395WA0126201318
B2228424738438N11949404WA0126201319
B2228434738441N11949413WA0126301319
B2228444738446N11949420WA0126401321
B2228454738451N11949425WA0126501322
B2228464738457N11949428WA0126601322
B2228474738462N11949430WA0126601322
B2228484738467N11949433WA0126701322
B2228494738471N11949437WA0126701323
B2228504738475N11949444WA0126801323
B2228514738478N11949451WA0126801323
B2228524738482N11949458WA0126901324
B2228534738485N11949463WA0126901325
B2228544738488N11949468WA0127001327
B2228554738491N11949472WA0127101329
B2228564738493N11949478WA0127201329
B2228574738493N11949485WA0127301329
B2228584738493N11949492WA0127301329
B2228594738493N11949500WA0127301329
B2229004738493N11949508WA0127401329
B2229014738493N11949516WA0127401329
B2229024738494N11949524WA0127501331
B2229034738495N11949533WA0127501331
B2229044738496N11949542WA0127601333
B2229054738496N11949549WA0127701335
B2229064738495N11949556WA0127801336
B2229074738493N11949561WA0127901336
B2229084738491N11949566WA0127901335
B2229094738490N11949572WA0127901333
B2229104738490N11949577WA0127901331
B2229114738490N11949583WA0127901329
B2229124738490N11949589WA0127801327
B2229134738491N11949594WA0127801325
B2229144738494N11949600WA0127701322
B2229154738496N11949606WA0127501318
B2229164738498N11949613WA0127301313
B2229174738498N11949621WA0127201309
B2229184738499N11949629WA0126901306
B2229194738500N11949636WA0126701304
B2229204738501N11949644WA0126501301
B2229214738503N11949652WA0126301298
B2229224738504N11949661WA0125901293
B2229234738505N11949671WA0125701288
B2229244738506N11949681WA0125301285
B2229254738507N11949691WA0125101282
B2229264738508N11949700WA0124801281
B2229274738508N11949707WA0124501279
B2229284738508N11949715WA0124201275
B2229294738508N11949723WA0124001271
B2229304738509N11949733WA0123601267
B2229314738510N11949742WA0123301263
B2229324738511N11949751WA0122901258
B2229334738512N11949760WA0122701254
B2229344738513N11949770WA0122201250
B2229354738514N11949780WA0121901245
B2229364738516N11949790WA0121501240
B2229374738517N11949802WA0121101233
B2229384738517N11949815WA0120601227
B2229394738517N11949828WA0120201221
B2229404738516N11949841WA0119701217
B2229414738516N11949853WA0119401215
B2229424738515N11949864WA0118901213
B2229434738516N11949876WA0118601212
B2229444738516N11949887WA0118201210
B2229454738516N11949899WA0118001208
B2229464738515N11949911WA0117601204
B2229474738514N11949923WA0117301201
B2229484738513N11949935WA0116901198
B2229494738513N11949948WA0116701197
B2229504738513N11949960WA0116401195
B2229514738514N11949972WA0116201195
B2229524738514N11949983WA0115901194
B2229534738513N11949993WA0115801194
B2229544738512N11950004WA0115601194
B2229554738511N11950014WA0115501193
B2229564738508N11950024WA0115301193
B2229574738504N11950033WA0115201192
B2229584738500N11950042WA0115101194
B2229594738497N11950048WA0115101198
B2230004738494N11950053WA0115201204
B2230014738492N11950057WA0115301210
B2230024738490N11950061WA0115501215
B2230034738487N11950065WA0115601218
B2230044738483N11950070WA0115801220
B2230054738480N11950076WA0116001221
B2230064738480N11950085WA0116201224
B2230074738482N11950093WA0116401227
B2230084738487N11950100WA0116601228
B2230094738494N11950104WA0116701229
B2230104738501N11950104WA0116901231
B2230114738506N11950102WA0117001232
B2230124738511N11950097WA0117201233
B2230134738514N11950090WA0117201233
B2230144738515N11950083WA0117401232
B2230154738514N11950075WA0117501234
B2230164738511N11950070WA0117601237
B2230174738506N11950066WA0117801239
B2230184738501N11950064WA0118001242
B2230194738496N11950062WA0118101246
B2230204738492N11950061WA0118401250
B2230214738487N11950061WA0118601254
B2230224738483N11950063WA0118901257
B2230234738481N11950068WA0119101261
B2230244738481N11950073WA0119401264
B2230254738482N11950078WA0119601266
B2230264738484N11950083WA0119901268
B2230274738488N11950088WA0120101269
B2230284738494N11950091WA0120301270
B2230294738501N11950090WA0120401270
B2230304738506N11950086WA0120701273
B2230314738510N11950080WA0120801276
B2230324738511N11950074WA0121101280
B2230334738512N11950067WA0121301284
B2230344738512N11950060WA0121601289
B2230354738510N11950055WA0121901293
B2230364738508N11950050WA0122201296
B2230374738504N11950047WA0122501299
B2230384738500N11950047WA0122801300
B2230394738497N11950051WA0123001302
B2230404738496N11950056WA0123301304
B2230414738496N11950062WA0123501307
B2230424738500N11950066WA0123801310
B2230434738505N11950069WA0124001312
B2230444738510N11950070WA0124301314
B2230454738516N11950070WA0124501316
B2230464738521N11950068WA0124801318
B2230474738526N11950065WA0125001322
B2230484738531N11950060WA0125301324
B2230494738534N11950053WA0125501328
B2230504738537N11950046WA0125801331
B2230514738537N11950039WA0126001335
B2230524738536N11950033WA0126401338
B2230534738534N11950028WA0126601340
B2230544738531N11950023WA0126901341
B2230554738527N11950018WA0127101343
B2230564738524N11950015WA0127401346
B2230574738522N11950012WA0127601349
B2230584738520N11950012WA0128001352
B2230594738517N11950014WA0128201354
B2231004738515N11950016WA0128401355
B2231014738514N11950020WA0128601357
B2231024738514N11950023WA0128901359
B2231034738516N11950027WA0129101361
B2231044738520N11950031WA0129301362
B2231054738525N11950032WA0129501363
B2231064738531N11950032WA0129701363
B2231074738537N11950029WA0129801364
B2231084738543N11950024WA0130001367
B2231094738547N11950019WA0130201370
B2231104738550N11950012WA0130401373
B2231114738553N11950006WA0130601375
B2231124738554N11949999WA0130801377
B2231134738555N11949991WA0131001378
B2231144738556N11949983WA0131201379
B2231154738554N11949977WA0131401380
B2231164738552N11949974WA0131601381
B2231174738549N11949973WA0131701382
B2231184738547N11949974WA0131801382
B2231194738545N11949976WA0132001384
B2231204738544N11949980WA0132101385
B2231214738545N11949986WA0132201386
B2231224738546N11949993WA0132401386
B2231234738549N11950000WA0132501387
B2231244738551N11950006WA0132701390
B2231254738555N11950011WA0132801393
B2231264738559N11950015WA0133001396
B2231274738564N11950017WA0133101397
B2231284738569N11950018WA0133301399
B2231294738575N11950016WA0133501401
B2231304738580N11950012WA0133701402
B2231314738583N11950006WA0133801403
B2231324738586N11949998WA0134001403
B2231334738588N11949989WA0134101403
B2231344738588N11949981WA0134201405
B2231354738587N11949975WA0134301407
B2231364738585N11949970WA0134501407
B2231374738582N11949967WA0134601408
B2231384738578N11949967WA0134701409
B2231394738576N11949971WA0134801410
B2231404738574N11949977WA0134901411
B2231414738574N11949984WA0135001414
B2231424738576N11949991WA0135201416
B2231434738580N11949997WA0135301417
B2231444738584N11950002WA0135501420
B2231454738588N11950005WA0135601422
B2231464738593N11950007WA0135801424
B2231474738599N11950006WA0136001424
B2231484738604N11950004WA0136101424
B2231494738609N11949998WA0136201424
B2231504738612N11949991WA0136301424
B2231514738614N11949983WA0136301424
B2231524738614N11949975WA0136401423
B2231534738613N11949968WA0136401423
B2231544738611N11949961WA0136501424
B2231554738609N11949957WA0136601425
B2231564738606N11949955WA0136701426
B2231574738604N11949954WA0136701427
B2231584738601N11949955WA0136801428
B2231594738599N11949956WA0136901428
B2232004738596N11949958WA0137001428
B2232014738594N11949962WA0137001428
B2232024738592N11949966WA0137101428
B2232034738590N11949971WA0137101428
B2232044738588N11949975WA0137201428
B2232054738587N11949979WA0137201430
B2232064738587N11949983WA0137301432
B2232074738588N11949988WA0137401433
B2232084738589N11949994WA0137501433
B2232094738592N11949999WA0137501433
B2232104738597N11950004WA0137601434
B2232114738602N11950007WA0137601435
B2232124738608N11950007WA0137701436
B2232134738614N11950004WA0137801437
B2232144738620N11950001WA0137901438
B2232154738626N11949997WA0137901439
B2232164738633N11949994WA0138001439
B2232174738639N11949991WA0138101440
B2232184738646N11949990WA0138201440
B2232194738653N11949988WA0138201441
B2232204738658N11949985WA0138301443
B2232214738663N11949981WA0138401444
B2232224738666N11949975WA0138501444
B2232234738668N11949967WA0138501443
B2232244738668N11949959WA0138601442
B2232254738667N11949951WA0138601442
B2232264738666N11949944WA0138601442
B2232274738663N11949939WA0138701442
B2232284738660N11949936WA0138701442
B2232294738656N11949935WA0138701443
B2232304738653N11949937WA0138701443
B2232314738650N11949940WA0138801444
B2232324738647N11949944WA0138801444
B2232334738645N11949949WA0138901445
B2232344738643N11949953WA0138901446
B2232354738641N11949958WA0139001447
B2232364738640N11949962WA0139001447
B2232374738639N11949967WA0139101448
B2232384738639N11949974WA0139101447
B2232394738639N11949981WA0139201447
B2232404738639N11949989WA0139201448
B2232414738639N11949997WA0139201449
B2232424738638N11950005WA0139301451
B2232434738638N11950013WA0139401452
B2232444738637N11950021WA0139501455
B2232454738636N11950030WA0139501458
B2232464738635N11950037WA0139701462
B2232474738635N11950042WA0139901468
B2232484738636N11950046WA0140201474
B2232494738638N11950049WA0140401477
B2232504738641N11950053WA0140701479
B2232514738646N11950056WA0140801478
B2232524738651N11950058WA0141001479
B2232534738656N11950057WA0141201481
B2232544738661N11950052WA0141401481
B2232554738666N11950044WA0141501481
B2232564738668N11950034WA0141701483
B2232574738668N11950026WA0141801485
B2232584738667N11950018WA0142101489
B2232594738664N11950013WA0142201493
B2233004738661N11950008WA0142501496
B2233014738657N11950004WA0142701499
B2233024738652N11950001WA0143001501
B2233034738647N11949999WA0143201504
B2233044738643N11949997WA0143501507
B2233054738638N11949996WA0143701510
B2233064738635N11949997WA0144001514
B2233074738631N11949998WA0144201517
B2233084738629N11950001WA0144501520
B2233094738627N11950006WA0144801522
B2233104738627N11950011WA0145101523
B2233114738628N11950016WA0145201525
B2233124738631N11950021WA0145501525
B2233134738636N11950025WA0145601525
B2233144738642N11950026WA0145801526
B2233154738649N11950024WA0145901525
B2233164738655N11950019WA0146101525
B2233174738659N11950012WA0146201528
B2233184738662N11950003WA0146301530
B2233194738663N11949995WA0146501532
B2233204738662N11949987WA0146701535
B2233214738661N11949980WA0146901539
B2233224738660N11949975WA0147101542
B2233234738657N11949971WA0147301544
B2233244738653N11949969WA0147501545
B2233254738649N11949968WA0147601545
B2233264738645N11949967WA0147801546
B2233274738642N11949966WA0148001548
B2233284738639N11949965WA0148201550
B2233294738637N11949966WA0148301552
B2233304738635N11949968WA0148501553
B2233314738633N11949973WA0148601554
B2233324738632N11949978WA0148801554
B2233334738631N11949985WA0148901555
B2233344738632N11949991WA0149101557
B2233354738633N11949998WA0149201560
B2233364738636N11950003WA0149401562
B2233374738638N11950008WA0149501564
B2233384738642N11950013WA0149701566
B2233394738646N11950018WA0149901568
B2233404738652N11950020WA0150101569
B2233414738658N11950020WA0150201571
B2233424738664N11950018WA0150401572
B2233434738670N11950014WA0150501573
B2233444738674N11950008WA0150701574
B2233454738677N11950002WA0150801575
B2233464738678N11949994WA0150901575
B2233474738678N11949985WA0151001573
B2233484738674N11949978WA0151101572
B2233494738670N11949974WA0151101571
B2233504738665N11949972WA0151101571
B2233514738661N11949973WA0151201574
B2233524738659N11949975WA0151301577
B2233534738656N11949977WA0151401580
B2233544738654N11949981WA0151601582
B2233554738653N11949986WA0151701583
B2233564738651N11949992WA0151801583
B2233574738650N11950000WA0151901583
B2233584738650N11950008WA0152001584
B2233594738649N11950015WA0152101586
B2234004738650N11950022WA0152201589
B2234014738652N11950029WA0152301591
B2234024738654N11950035WA0152501592
B2234034738657N11950041WA0152601593
B2234044738659N11950047WA0152701593
B2234054738662N11950053WA0152801593
B2234064738665N11950059WA0153001595
B2234074738667N11950065WA0153001596
B2234084738669N11950070WA0153201597
B2234094738671N11950075WA0153201597
B2234104738673N11950080WA0153301597
B2234114738675N11950087WA0153401597
B2234124738676N11950095WA0153501596
B2234134738677N11950103WA0153501596
B2234144738678N11950112WA0153601597
B2234154738680N11950120WA0153601599
B2234164738682N11950128WA0153701601
B2234174738684N11950135WA0153801602
B2234184738687N11950143WA0153901603
B2234194738689N11950150WA0153901602
B2234204738692N11950159WA0153901600
B2234214738695N11950168WA0153901598
B2234224738697N11950178WA0153901596
B2234234738699N11950188WA0153901594
B2234244738702N11950197WA0153801593
B2234254738705N11950206WA0153701590
B2234264738709N11950216WA0153501586
B2234274738712N11950227WA0153401582
B2234284738715N11950238WA0153201579
B2234294738717N11950249WA0153001576
B2234304738720N11950260WA0152801574
B2234314738722N11950270WA0152701572
B2234324738725N11950279WA0152401569
B2234334738727N11950289WA0152301566
B2234344738728N11950298WA0152001563
B2234354738730N11950307WA0151801560
B2234364738732N11950316WA0151501557
B2234374738733N11950326WA0151301552
B2234384738735N11950336WA0150901547
B2234394738737N11950347WA0150601542
B2234404738738N11950358WA0150201537
B2234414738739N11950370WA0149901532
B2234424738740N11950381WA0149501529
B2234434738741N11950390WA0149201527
B2234444738741N11950399WA0148901525
B2234454738743N11950408WA0148601522
B2234464738744N11950417WA0148301518
B2234474738744N11950426WA0148001514
B2234484738744N11950436WA0147601509
B2234494738744N11950447WA0147301504
B2234504738744N11950457WA0146801500
B2234514738745N11950467WA0146501496
B2234524738746N11950477WA0146101493
B2234534738746N11950487WA0145801490
B2234544738747N11950497WA0145401486
B2234554738747N11950507WA0145101482
B2234564738748N11950518WA0144601478
B2234574738749N11950529WA0144301474
B2234584738750N11950539WA0143901470
B2234594738750N11950549WA0143601467
B2235004738751N11950559WA0143201463
B2235014738752N11950570WA0142901459
B2235024738752N11950581WA0142401455
B2235034738752N11950592WA0142101451
B2235044738753N11950603WA0141701447
B2235054738753N11950615WA0141401444
B2235064738753N11950626WA0141001441
B2235074738753N11950637WA0140701438
B2235084738753N11950649WA0140301436
B2235094738753N11950660WA0140101433
B2235104738754N11950671WA0139701432
B2235114738754N11950682WA0139501431
B2235124738755N11950692WA0139201430
B2235134738755N11950702WA0139001429
B2235144738755N11950713WA0138801428
B2235154738755N11950723WA0138601427
B2235164738756N11950735WA0138401427
B2235174738756N11950746WA0138301428
B2235184738757N11950756WA0138101430
B2235194738758N11950764WA0138101433
B2235204738759N11950772WA0138101437
B2235214738762N11950779WA0138201440
B2235224738765N11950785WA0138301442
B2235234738769N11950790WA0138301444
B2235244738773N11950796WA0138401445
B2235254738777N11950802WA0138501445
B2235264738781N11950810WA0138601445
B2235274738785N11950817WA0138601446
B2235284738789N11950825WA0138701448
B2235294738794N11950831WA0138801450
B2235304738800N11950834WA0139001453
B2235314738806N11950835WA0139101455
B2235324738813N11950833WA0139201456
B2235334738818N11950829WA0139301458
B2235344738823N11950824WA0139501460
B2235354738826N11950819WA0139601462
B2235364738829N11950813WA0139801464
B2235374738831N11950807WA0140001466
B2235384738832N11950801WA0140201468
B2235394738831N11950795WA0140301469
B2235404738829N11950791WA0140501471
B2235414738826N11950788WA0140601472
B2235424738823N11950788WA0140801473
B2235434738820N11950790WA0140901474
B2235444738817N11950794WA0141001475
B2235454738815N11950799WA0141101475
B2235464738814N11950806WA0141201475
B2235474738814N11950815WA0141301475
B2235484738814N11950823WA0141401476
B2235494738815N11950831WA0141501477
B2235504738816N11950839WA0141601480
B2235514738816N11950848WA0141701482
B2235524738817N11950856WA0141901484
B2235534738820N11950863WA0142001486
B2235544738823N11950869WA0142201488
B2235554738827N11950873WA0142301490
B2235564738832N11950876WA0142401491
B2235574738838N11950876WA0142501490
B2235584738844N11950874WA0142601490
B2235594738849N11950869WA0142701488
B2236004738853N11950863WA0142701486
B2236014738856N11950856WA0142801485
B2236024738857N11950847WA0142801485
B2236034738855N11950840WA0142801484
B2236044738851N11950836WA0142801485
B2236054738846N11950834WA0142801486
B2236064738842N11950834WA0142901489
B2236074738839N11950836WA0143001492
B2236084738835N11950838WA0143101493
B2236094738831N11950841WA0143101494
B2236104738828N11950845WA0143301495
B2236114738824N11950850WA0143301496
B2236124738822N11950854WA0143401497
B2236134738819N11950860WA0143501498
B2236144738818N11950865WA0143601500
B2236154738816N11950871WA0143701502
B2236164738814N11950875WA0143901504
B2236174738811N11950877WA0144001506
B2236184738808N11950877WA0144201506
B2236194738805N11950878WA0144301506
B2236204738802N11950880WA0144401506
B2236214738801N11950884WA0144401505
B2236224738800N11950891WA0144501503
B2236234738801N11950898WA0144501501
B2236244738802N11950907WA0144401499
B2236254738803N11950917WA0144401497
B2236264738804N11950927WA0144401497
B2236274738805N11950936WA0144301498
B2236284738806N11950944WA0144301499
B2236294738806N11950951WA0144401501
B2236304738807N11950959WA0144401501
B2236314738807N11950966WA0144401502
B2236324738808N11950974WA0144401501
B2236334738809N11950983WA0144401499
B2236344738810N11950992WA0144301497
B2236354738811N11951002WA0144301495
B2236364738812N11951012WA0144201494
B2236374738813N11951022WA0144101493
B2236384738815N11951032WA0144001492
B2236394738818N11951041WA0144001490
B2236404738820N11951050WA0143901489
B2236414738823N11951059WA0143801486
B2236424738825N11951068WA0143601482
B2236434738827N11951080WA0143401477
B2236444738829N11951094WA0143201472
B2236454738831N11951109WA0143001468
B2236464738834N11951122WA0142701470
B2236474738837N11951132WA0142601473
B2236484738840N11951140WA0142601476
B2236494738843N11951147WA0142501477
B2236504738846N11951154WA0142401475
B2236514738850N11951163WA0142301471
B2236524738854N11951174WA0142101464
B2236534738858N11951188WA0141901457
B2236544738862N11951202WA0141501451
B2236554738865N11951215WA0141301449
B2236564738868N11951226WA0141001449
B2236574738871N11951237WA0140901448
B2236584738874N11951248WA0140601446
B2236594738877N11951259WA0140401442
B2237004738880N11951272WA0140101437
B2237014738883N11951285WA0139801433
B2237024738885N11951297WA0139501430
B2237034738888N11951309WA0139301428
B2237044738891N11951321WA0138901426
B2237054738894N11951331WA0138701423
B2237064738896N11951342WA0138401421
B2237074738897N11951353WA0138201418
B2237084738899N11951365WA0137901415
B2237094738901N11951377WA0137701412
B2237104738903N11951388WA0137301408
B2237114738905N11951400WA0137101405
B2237124738907N11951410WA0136701403
B2237134738909N11951420WA0136501402
B2237144738912N11951430WA0136201399
B2237154738915N11951441WA0136001396
B2237164738919N11951451WA0135701392
B2237174738922N11951462WA0135501390
B2237184738923N11951473WA0135201389
B2237194738925N11951482WA0135001388
B2237204738927N11951492WA0134801388
B2237214738928N11951501WA0134601387
B2237224738930N11951511WA0134401385
B2237234738932N11951521WA0134201382
B2237244738933N11951532WA0134001380
B2237254738934N11951543WA0133801378
B2237264738935N11951555WA0133601376
B2237274738936N11951566WA0133401375
B2237284738937N11951576WA0133201375
B2237294738937N11951587WA0133101374
B2237304738938N11951598WA0132901374
B2237314738939N11951609WA0132801373
B2237324738940N11951620WA0132701372
B2237334738942N11951631WA0132501371
B2237344738944N11951642WA0132401370
B2237354738945N11951653WA0132301369
B2237364738947N11951665WA0132101369
B2237374738948N11951676WA0132101368
B2237384738949N11951687WA0131901367
B2237394738951N11951698WA0131801367
B2237404738952N11951708WA0131701367
B2237414738954N11951717WA0131701367
B2237424738956N11951727WA0131601366
B2237434738958N11951736WA0131501365
B2237444738960N11951747WA0131401364
B2237454738962N11951757WA0131301362
B2237464738964N11951768WA0131201361
B2237474738965N11951779WA0131201360
B2237484738967N11951790WA0131001359
B2237494738969N11951801WA0131001358
B2237504738971N11951811WA0130901358
B2237514738974N11951821WA0130801357
B2237524738977N11951830WA0130701356
B2237534738980N11951840WA0130601355
B2237544738982N11951849WA0130501354
B2237554738983N11951858WA0130501353
B2237564738984N11951868WA0130301352
B2237574738986N11951878WA0130301350
B2237584738987N11951888WA0130101348
B2237594738989N11951898WA0130001346
B2238004738990N11951908WA0129901344
B2238014738992N11951919WA0129801343
B2238024738995N11951929WA0129601341
B2238034738998N11951940WA0129501340
B2238044739001N11951950WA0129301339
B2238054739003N11951959WA0129301339
B2238064739006N11951967WA0129101339
B2238074739008N11951975WA0129101339
B2238084739010N11951983WA0129001339
B2238094739012N11951991WA0128901337
B2238104739014N11952000WA0128801335
B2238114739016N11952009WA0128701333
B2238124739018N11952018WA0128601331
B2238134739020N11952028WA0128401328
B2238144739022N11952038WA0128301327
B2238154739025N11952048WA0128201326
B2238164739028N11952057WA0128001326
B2238174739030N11952065WA0128001325
B2238184739032N11952074WA0127801323
B2238194739035N11952083WA0127701322
B2238204739039N11952092WA0127501320
B2238214739043N11952102WA0127401317
B2238224739046N11952113WA0127201315
B2238234739049N11952123WA0127101313
B2238244739052N11952132WA0126901313
B2238254739057N11952142WA0126801313
B2238264739061N11952150WA0126701312
B2238274739066N11952158WA0126601313
B2238284739069N11952166WA0126501313
B2238294739073N11952174WA0126501312
B2238304739076N11952183WA0126301311
B2238314739079N11952193WA0126201308
B2238324739082N11952204WA0126101306
B2238334739086N11952214WA0126001305
B2238344739089N11952225WA0125901304
B2238354739092N11952235WA0125801304
B2238364739095N11952245WA0125701303
B2238374739098N11952255WA0125601302
B2238384739101N11952266WA0125401300
B2238394739104N11952277WA0125301298
B2238404739108N11952289WA0125201297
B2238414739112N11952299WA0125101296
B2238424739116N11952309WA0125001296
B2238434739121N11952317WA0124901297
B2238444739125N11952326WA0124801296
B2238454739129N11952334WA0124801295
B2238464739134N11952344WA0124601293
B2238474739140N11952354WA0124501289
B2238484739145N11952364WA0124301285
B2238494739150N11952375WA0124201282
B2238504739156N11952385WA0124001280
B2238514739162N11952395WA0123901279
B2238524739168N11952405WA0123701279
B2238534739174N11952414WA0123601280
B2238544739180N11952424WA0123501280
B2238554739187N11952432WA0123401280
B2238564739193N11952442WA0123301280
B2238574739200N11952452WA0123301279
B2238584739206N11952462WA0123201279
B2238594739212N11952471WA0123201280
B2239004739219N11952480WA0123101280
B2239014739225N11952489WA0123101281
B2239024739230N11952496WA0123101282
B2239034739233N11952502WA0123101285
B2239044739236N11952506WA0123301289
B2239054739238N11952509WA0123301290
B2239064739241N11952514WA0123401290
B2239074739245N11952520WA0123501289
B2239084739250N11952527WA0123501287
B2239094739255N11952534WA0123501288
B2239104739259N11952539WA0123601290
B2239114739263N11952543WA0123701292
B2239124739267N11952547WA0123801293
B2239134739271N11952550WA0123801292
B2239144739275N11952556WA0123801289
B2239154739280N11952563WA0123801286
B2239164739284N11952571WA0123701283
B2239174739288N11952578WA0123601281
B2239184739293N11952585WA0123501279
B2239194739298N11952592WA0123401276
B2239204739303N11952600WA0123201274
B2239214739307N11952608WA0123101270
B2239224739312N11952617WA0122901267
B2239234739317N11952626WA0122801265
B2239244739322N11952633WA0122501262
B2239254739327N11952641WA0122401259
B2239264739333N11952648WA0122101255
B2239274739339N11952657WA0121901251
B2239284739345N11952665WA0121601248
B2239294739350N11952674WA0121401246
B2239304739355N11952682WA0121201244
B2239314739360N11952689WA0121001243
B2239324739365N11952696WA0120801241
B2239334739370N11952704WA0120601239
B2239344739376N11952712WA0120301235
B2239354739381N11952721WA0120101232
B2239364739386N11952729WA0119801230
B2239374739391N11952737WA0119601227
B2239384739397N11952744WA0119401224
B2239394739403N11952751WA0119201223
B2239404739408N11952757WA0119001223
B2239414739413N11952763WA0118801223
B2239424739417N11952769WA0118701224
B2239434739421N11952775WA0118601223
B2239444739426N11952780WA0118401222
B2239454739432N11952786WA0118401223
B2239464739437N11952792WA0118301224
B2239474739441N11952798WA0118201225
B2239484739445N11952804WA0118201226
B2239494739449N11952809WA0118201228
B2239504739453N11952812WA0118201229
B2239514739456N11952815WA0118201229
B2239524739461N11952819WA0118201227
B2239534739466N11952824WA0118101225
B2239544739471N11952830WA0118001222
B2239554739476N11952836WA0118001222
B2239564739481N11952842WA0117901221
B2239574739486N11952848WA0117801221
B2239584739491N11952854WA0117801220
B2239594739497N11952860WA0117701220
B2240004739503N11952866WA0117701221
B2240014739508N11952872WA0117701222
B2240024739513N11952879WA0117701224
B2240034739518N11952886WA0117701225
B2240044739522N11952894WA0117701226
B2240054739525N11952901WA0117801227
B2240064739530N11952909WA0117801228
B2240074739534N11952916WA0117901228
B2240084739538N11952922WA0117901229
B2240094739543N11952928WA0118001229
B2240104739548N11952935WA0118001229
B2240114739553N11952942WA0118001228
B2240124739559N11952950WA0118001227
B2240134739564N11952957WA0118001228
B2240144739570N11952964WA0118001229
B2240154739575N11952971WA0118101231
B2240164739581N11952977WA0118201232
B2240174739586N11952983WA0118201233
B2240184739592N11952990WA0118301233
B2240194739598N11952997WA0118301233
B2240204739604N11953004WA0118301233
B2240214739610N11953011WA0118401233
B2240224739617N11953017WA0118401234
B2240234739624N11953023WA0118501235
B2240244739631N11953029WA0118501236
B2240254739637N11953036WA0118601237
B2240264739643N11953044WA0118601238
B2240274739647N11953051WA0118701241
B2240284739652N11953057WA0118901243
B2240294739658N11953061WA0119001246
B2240304739665N11953062WA0119101247
B2240314739672N11953062WA0119201247
B2240324739679N11953061WA0119301248
B2240334739685N11953061WA0119401248
B2240344739691N11953063WA0119501249
B2240354739697N11953065WA0119601249
B2240364739702N11953069WA0119701250
B2240374739707N11953074WA0119701250
B2240384739711N11953079WA0119801249
B2240394739715N11953085WA0119801250
B2240404739719N11953090WA0119901250
B2240414739724N11953095WA0119901250
B2240424739729N11953101WA0119901250
B2240434739735N11953105WA0120001250
B2240444739742N11953109WA0120001250
B2240454739749N11953111WA0120001250
B2240464739757N11953113WA0120001250
B2240474739765N11953114WA0120101251
B2240484739772N11953115WA0120101252
B2240494739780N11953116WA0120101252
B2240504739787N11953118WA0120201253
B2240514739794N11953119WA0120201253
B2240524739801N11953121WA0120301254
B2240534739808N11953123WA0120301254
B2240544739815N11953126WA0120401255
B2240554739822N11953131WA0120401256
B2240564739828N11953136WA0120501258
B2240574739833N11953142WA0120501259
B2240584739838N11953149WA0120601261
B2240594739843N11953155WA0120701263
B2241004739848N11953162WA0120901265
B2241014739854N11953169WA0121001266
B2241024739859N11953177WA0121101268
B2241034739865N11953182WA0121201271
B2241044739872N11953186WA0121401273
B2241054739879N11953186WA0121601276
B2241064739884N11953183WA0121801278
B2241074739888N11953178WA0121901280
B2241084739890N11953172WA0122101281
B2241094739890N11953167WA0122201284
B2241104739888N11953165WA0122501287
B2241114739886N11953165WA0122701291
B2241124739885N11953168WA0123001295
B2241134739884N11953172WA0123201298
B2241144739883N11953177WA0123501301
B2241154739884N11953184WA0123701304
B2241164739885N11953191WA0124001306
B2241174739887N11953200WA0124201307
B2241184739890N11953209WA0124501309
B2241194739895N11953217WA0124601313
B2241204739901N11953222WA0124901316
B2241214739908N11953225WA0125101319
B2241224739915N11953226WA0125401321
B2241234739921N11953226WA0125601322
B2241244739928N11953224WA0125801323
B2241254739933N11953220WA0126001325
B2241264739938N11953214WA0126201326
B2241274739940N11953207WA0126401327
B2241284739941N11953200WA0126601328
B2241294739941N11953195WA0126801331
B2241304739940N11953192WA0127001334
B2241314739938N11953191WA0127201337
B2241324739935N11953190WA0127401339
B2241334739932N11953191WA0127601341
B2241344739930N11953193WA0127901345
B2241354739927N11953196WA0128101350
B2241364739925N11953199WA0128501355
B2241374739924N11953202WA0128701360
B2241384739924N11953206WA0129101366
B2241394739924N11953211WA0129401370
B2241404739925N11953218WA0129801373
B2241414739927N11953226WA0130101376
B2241424739930N11953233WA0130501379
B2241434739934N11953238WA0130701382
B2241444739940N11953242WA0131101386
B2241454739946N11953244WA0131401389
B2241464739953N11953244WA0131801392
B2241474739959N11953243WA0132001395
B2241484739966N11953240WA0132401398
B2241494739971N11953237WA0132701402
B2241504739975N11953233WA0133101406
B2241514739978N11953228WA0133301408
B2241524739978N11953222WA0133701410
B2241534739978N11953216WA0133901413
B2241544739976N11953212WA0134301416
B2241554739974N11953208WA0134501419
B2241564739972N11953205WA0134901424
B2241574739971N11953203WA0135201428
B2241584739969N11953202WA0135601433
B2241594739968N11953204WA0135901436
B2242004739966N11953208WA0136301439
B2242014739965N11953214WA0136501441
B2242024739966N11953221WA0136901444
B2242034739967N11953228WA0137201447
B2242044739970N11953235WA0137501451
B2242054739974N11953242WA0137801455
B2242064739979N11953249WA0138201458
B2242074739984N11953254WA0138501462
B2242084739991N11953257WA0138801465
B2242094739998N11953257WA0139101468
B2242104740005N11953254WA0139501471
B2242114740011N11953249WA0139701474
B2242124740016N11953242WA0140101477
B2242134740019N11953235WA0140401481
B2242144740021N11953229WA0140701484
B2242154740021N11953224WA0141001488
B2242164740020N11953221WA0141401492
B2242174740019N11953218WA0141701496
B2242184740018N11953215WA0142101499
B2242194740016N11953213WA0142401502
B2242204740013N11953213WA0142801506
B2242214740010N11953215WA0143101510
B2242224740008N11953219WA0143501514
B2242234740007N11953224WA0143801518
B2242244740006N11953230WA0144201522
B2242254740007N11953237WA0144501525
B2242264740009N11953245WA0144901528
B2242274740013N11953253WA0145201531
B2242284740019N11953260WA0145601533
B2242294740025N11953265WA0145801538
B2242304740032N11953266WA0146201542
B2242314740038N11953264WA0146501545
B2242324740044N11953259WA0146901547
B2242334740048N11953253WA0147101550
B2242344740051N11953246WA0147501553
B2242354740051N11953240WA0147801556
B2242364740050N11953235WA0148201560
B2242374740049N11953232WA0148501565
B2242384740046N11953231WA0148901569
B2242394740044N11953233WA0149201573
B2242404740041N11953237WA0149701578
B2242414740041N11953243WA0150001581
B2242424740042N11953252WA0150401585
B2242434740045N11953261WA0150701589
B2242444740050N11953267WA0151101593
B2242454740056N11953272WA0151401597
B2242464740063N11953274WA0151801599
B2242474740069N11953274WA0152101601
B2242484740076N11953271WA0152501604
B2242494740081N11953267WA0152701606
B2242504740085N11953260WA0153101608
B2242514740088N11953252WA0153301611
B2242524740089N11953245WA0153601615
B2242534740089N11953240WA0153901620
B2242544740089N11953236WA0154301625
B2242554740088N11953232WA0154601630
B2242564740087N11953229WA0155101634
B2242574740086N11953226WA0155401639
B2242584740084N11953225WA0155801643
B2242594740082N11953228WA0156101647
B2243004740080N11953233WA0156601650
B2243014740079N11953240WA0156901654
B2243024740081N11953248WA0157301659
B2243034740084N11953255WA0157701664
B2243044740089N11953262WA0158201671
B2243054740094N11953267WA0158501676
B2243064740098N11953271WA0159101682
B2243074740104N11953274WA0159401686
B2243084740110N11953275WA0159901690
B2243094740116N11953275WA0160201690
B2243104740122N11953271WA0160601692
B2243114740127N11953265WA0160901694
B2243124740129N11953258WA0161301696
B2243134740131N11953252WA0161501700
B2243144740132N11953247WA0162001705
B2243154740132N11953243WA0162301711
B2243164740132N11953240WA0162701714
B2243174740129N11953236WA0163001717
B2243184740126N11953232WA0163401719
B2243194740122N11953230WA0163701723
B2243204740119N11953228WA0164201729
B2243214740117N11953229WA0164501736
B2243224740115N11953229WA0165001743
B2243234740113N11953232WA0165401749
B2243244740111N11953236WA0166001754
B2243254740110N11953243WA0166301759
B2243264740109N11953250WA0166901764
B2243274740109N11953256WA0167301771
B2243284740110N11953262WA0167901777
B2243294740112N11953266WA0168301783
B2243304740115N11953271WA0168901787
B2243314740119N11953276WA0169301789
B2243324740124N11953280WA0169801790
B2243334740131N11953284WA0170101792
B2243344740138N11953284WA0170501794
B2243354740144N11953281WA0170801798
B2243364740148N11953275WA0171301801
B2243374740152N11953268WA0171501804
B2243384740154N11953259WA0172001807
B2243394740155N11953251WA0172301811
B2243404740154N11953244WA0172701816
B2243414740153N11953237WA0173001822
B2243424740152N11953231WA0173501828
B2243434740151N11953225WA0173901834
B2243444740150N11953221WA0174401840
B2243454740148N11953218WA0174801846
B2243464740146N11953217WA0175401852
B2243474740144N11953218WA0175801858
B2243484740142N11953222WA0176401863
B2243494740142N11953228WA0176801868
B2243504740143N11953235WA0177401873
B2243514740144N11953242WA0177801879
B2243524740146N11953248WA0178401886
B2243534740149N11953253WA0178901893
B2243544740152N11953256WA0179501898
B2243554740156N11953260WA0179901902
B2243564740161N11953265WA0180501905
B2243574740166N11953270WA0180801906
B2243584740173N11953273WA0181301909
B2243594740180N11953271WA0181601912
B2244004740185N11953265WA0182101915
B2244014740189N11953256WA0182401918
B2244024740191N11953247WA0182801922
B2244034740192N11953240WA0183201928
B2244044740191N11953234WA0183701935
B2244054740190N11953229WA0184101941
B2244064740189N11953224WA0184701947
B2244074740187N11953219WA0185101953
B2244084740185N11953216WA0185701958
B2244094740182N11953214WA0186101964
B2244104740180N11953213WA0186701969
B2244114740178N11953214WA0187101974
B2244124740176N11953217WA0187701978
B2244134740175N11953220WA0188001983
B2244144740174N11953225WA0188601987
B2244154740175N11953230WA0189001991
B2244164740176N11953235WA0189501995
B2244174740178N11953241WA0189901998
B2244184740182N11953247WA0190402001
B2244194740188N11953251WA0190702004
B2244204740195N11953250WA0191102007
B2244214740201N11953245WA0191402009
B2244224740206N11953237WA0191802012
B2244234740209N11953228WA0192102015
B2244244740210N11953219WA0192602021
B2244254740211N11953212WA0192902027
B2244264740211N11953205WA0193402032
B2244274740211N11953198WA0193802036
B2244284740210N11953192WA0194202041
B2244294740209N11953187WA0194602045
B2244304740207N11953183WA0195102049
B2244314740205N11953181WA0195402053
B2244324740203N11953181WA0195902057
B2244334740201N11953184WA0196202062
B2244344740201N11953188WA0196702066
B2244354740201N11953193WA0197002070
B2244364740203N11953199WA0197602075
B2244374740206N11953205WA0197902079
B2244384740210N11953210WA0198402083
B2244394740215N11953216WA0198702087
B2244404740221N11953221WA0199202090
B2244414740227N11953224WA0199502095
B2244424740234N11953224WA0200002100
B2244434740241N11953222WA0200402104
B2244444740248N11953219WA0200902109
B2244454740255N11953215WA0201202113
B2244464740261N11953210WA0201702117
B2244474740268N11953202WA0202002120
B2244484740273N11953193WA0202502124
B2244494740277N11953183WA0202802128
B2244504740279N11953175WA0203302133
B2244514740280N11953168WA0203602139
B2244524740280N11953162WA0204102143
B2244534740280N11953158WA0204502148
B2244544740279N11953156WA0205002153
B2244554740277N11953155WA0205402156
B2244564740276N11953156WA0205802159
B2244574740274N11953159WA0206102162
B2244584740273N11953165WA0206602165
B2244594740274N11953171WA0206902169
B2245004740277N11953178WA0207302172
B2245014740282N11953184WA0207602176
B2245024740290N11953189WA0208002179
B2245034740297N11953192WA0208302183
B2245044740305N11953193WA0208802188
B2245054740313N11953192WA0209102192
B2245064740321N11953189WA0209602196
B2245074740328N11953184WA0209902199
B2245084740335N11953177WA0210302203
B2245094740340N11953169WA0210602207
B2245104740344N11953160WA0211102211
B2245114740346N11953153WA0211402215
B2245124740348N11953146WA0211902220
B2245134740348N11953140WA0212202224
B2245144740348N11953136WA0212602228
B2245154740347N11953133WA0212902231
B2245164740345N11953132WA0213402233
B2245174740343N11953133WA0213602235
B2245184740341N11953137WA0214002238
B2245194740341N11953143WA0214302240
B2245204740344N11953151WA0214602243
B2245214740349N11953158WA0214902245
B2245224740355N11953164WA0215202248
B2245234740362N11953170WA0215502252
B2245244740370N11953175WA0215902256
B2245254740377N11953179WA0216102261
B2245264740384N11953183WA0216602265
B2245274740392N11953185WA0216902270
B2245284740400N11953185WA0217302274
B2245294740408N11953182WA0217602277
B2245304740414N11953177WA0218002281
B2245314740419N11953170WA0218302284
B2245324740422N11953163WA0218702287
B2245334740423N11953157WA0219002290
B2245344740422N11953154WA0219402293
B2245354740421N11953153WA0219702296
B2245364740419N11953156WA0220002299
B2245374740418N11953162WA0220302302
B2245384740418N11953169WA0220702305
B2245394740418N11953177WA0220902309
B2245404740418N11953185WA0221302313
B2245414740418N11953193WA0221602318
B2245424740420N11953201WA0222102323
B2245434740423N11953209WA0222402327
B2245444740428N11953217WA0222802331
B2245454740435N11953223WA0223102335
B2245464740443N11953227WA0223602340
B2245474740451N11953228WA0223902346
B2245484740458N11953227WA0224402352
B2245494740463N11953223WA0224802357
B2245504740469N11953218WA0225302360
B2245514740473N11953212WA0225602364
B2245524740476N11953204WA0226102367
B2245534740477N11953197WA0226402370
B2245544740476N11953193WA0226902374
B2245554740475N11953191WA0227202378
B2245564740472N11953193WA0227702382
B2245574740471N11953197WA0228002386
B2245584740469N11953203WA0228402389
B2245594740469N11953210WA0228802393
B2246004740468N11953218WA0229202397
B2246014740468N11953227WA0229502402
B2246024740469N11953235WA0230002407
B2246034740471N11953242WA0230402412
B2246044740474N11953249WA0230902418
B2246054740478N11953255WA0231202422
B2246064740484N11953261WA0231802427
B2246074740491N11953266WA0232102431
B2246084740498N11953268WA0232602435
B2246094740505N11953269WA0233002439
B2246104740511N11953268WA0233502444
B2246114740518N11953265WA0233802448
B2246124740523N11953261WA0234302452
B2246134740528N11953255WA0234702455
B2246144740532N11953248WA0235102458
B2246154740535N11953241WA0235402461
B2246164740537N11953234WA0235902464
B2246174740538N11953227WA0236202468
B2246184740538N11953221WA0236602472
B2246194740537N11953216WA0236902476
B2246204740534N11953212WA0237402481
B2246214740532N11953209WA0237702486
B2246224740530N11953208WA0238202491
B2246234740527N11953208WA0238602495
B2246244740524N11953210WA0239002500
B2246254740522N11953214WA0239402503
B2246264740520N11953218WA0239902508
B2246274740520N11953224WA0240202512
B2246284740521N11953231WA0240702515
B2246294740523N11953238WA0241002519
B2246304740526N11953244WA0241402522
B2246314740529N11953251WA0241702526
B2246324740534N11953257WA0242202528
B2246334740540N11953262WA0242402531
B2246344740548N11953266WA0242902535
B2246354740555N11953267WA0243102539
B2246364740563N11953264WA0243602543
B2246374740569N11953259WA0243902547
B2246384740574N11953252WA0244302550
B2246394740578N11953244WA0244602554
B2246404740580N11953236WA0245002557
B2246414740580N11953228WA0245302562
B2246424740579N11953223WA0245802566
B2246434740577N11953220WA0246102570
B2246444740574N11953219WA0246502573
B2246454740572N11953220WA0246802576
B2246464740569N11953222WA0247202579
B2246474740567N11953225WA0247502581
B2246484740565N11953228WA0247902584
B2246494740564N11953232WA0248102586
B2246504740562N11953237WA0248502587
B2246514740560N11953243WA0248702590
B2246524740559N11953249WA0249002593
B2246534740558N11953256WA0249302596
B2246544740557N11953262WA0249602600
B2246554740557N11953269WA0249902603
B2246564740558N11953276WA0250202606
B2246574740558N11953283WA0250502608
B2246584740557N11953291WA0250802610
B2246594740557N11953300WA0251002613
B2247004740557N11953308WA0251402617
B2247014740558N11953317WA0251602622
B2247024740558N11953324WA0252002626
B2247034740559N11953332WA0252302629
B2247044740559N11953340WA0252602630
B2247054740558N11953348WA0252802631
B2247064740557N11953357WA0253102631
B2247074740557N11953367WA0253202631
B2247084740556N11953377WA0253502632
B2247094740556N11953387WA0253602633
B2247104740555N11953396WA0253802635
B2247114740555N11953404WA0254002637
B2247124740554N11953413WA0254202638
B2247134740553N11953423WA0254302638
B2247144740553N11953435WA0254402638
B2247154740552N11953447WA0254502639
B2247164740552N11953459WA0254702640
B2247174740553N11953469WA0254802643
B2247184740553N11953478WA0255002647
B2247194740554N11953487WA0255102650
B2247204740554N11953497WA0255402653
B2247214740555N11953506WA0255602655
B2247224740555N11953516WA0255802658
B2247234740555N11953526WA0256002660
B2247244740555N11953535WA0256302663
B2247254740555N11953545WA0256402664
B2247264740555N11953554WA0256702665
B2247274740555N11953564WA0256802666
B2247284740556N11953573WA0257002668
B2247294740557N11953580WA0257202670
B2247304740558N11953587WA0257402673
B2247314740559N11953595WA0257502673
B2247324740559N11953604WA0257702672
B2247334740559N11953614WA0257802671
B2247344740558N11953625WA0257902669
B2247354740557N11953637WA0257902667
B2247364740556N11953648WA0257902666
B2247374740555N11953660WA0257902664
B2247384740554N11953672WA0257802663
B2247394740554N11953684WA0257802661
B2247404740554N11953696WA0257802659
B2247414740553N11953708WA0257702656
B2247424740553N11953722WA0257502653
B2247434740551N11953735WA0257402648
B2247444740549N11953747WA0257102644
B2247454740547N11953759WA0257002640
B2247464740545N11953770WA0256702638
B2247474740543N11953781WA0256502634
B2247484740541N11953792WA0256202630
B2247494740539N11953803WA0256002626
B2247504740536N11953815WA0255602620
B2247514740534N11953827WA0255302614
B2247524740531N11953841WA0254902607
B2247534740529N11953855WA0254502602
B2247544740526N11953868WA0254002598
B2247554740524N11953881WA0253702597
B2247564740522N11953892WA0253402596
B2247574740520N11953902WA0253102595
B2247584740518N11953912WA0252802594
B2247594740516N11953922WA0252602592
B2248004740514N11953933WA0252302588
B2248014740511N11953944WA0252002584
B2248024740508N11953956WA0251702581
B2248034740506N11953968WA0251402579
B2248044740505N11953979WA0251102576
B2248054740503N11953991WA0250902574
B2248064740500N11954001WA0250602572
B2248074740498N11954012WA0250302571
B2248084740495N11954023WA0250102568
B2248094740493N11954034WA0249902566
B2248104740491N11954046WA0249602565
B2248114740488N11954057WA0249402563
B2248124740486N11954068WA0249202562
B2248134740483N11954079WA0249002561
B2248144740482N11954090WA0248902560
B2248154740480N11954101WA0248702559
B2248164740478N11954112WA0248502557
B2248174740476N11954123WA0248302555
B2248184740473N11954133WA0248102554
B2248194740470N11954144WA0248002552
B2248204740467N11954154WA0247802551
B2248214740465N11954164WA0247702550
B2248224740464N11954174WA0247502548
B2248234740462N11954183WA0247302546
B2248244740459N11954193WA0247102543
B2248254740457N11954203WA0247002541
B2248264740455N11954213WA0246802540
B2248274740452N11954223WA0246602538
B2248284740450N11954233WA0246502537
B2248294740449N11954243WA0246302536
B2248304740447N11954253WA0246102535
B2248314740445N11954262WA0246002534
B2248324740442N11954271WA0245902532
B2248334740440N11954281WA0245702530
B2248344740438N11954290WA0245602528
B2248354740436N11954300WA0245402525
B2248364740436N11954310WA0245202521
B2248374740434N11954320WA0245002518
B2248384740432N11954330WA0244802514
B2248394740428N11954339WA0244502512
B2248404740424N11954346WA0244202510
B2248414740420N11954353WA0244102508
B2248424740416N11954358WA0243902507
B2248434740412N11954363WA0243702505
B2248444740408N11954367WA0243502502
B2248454740404N11954373WA0243202499
B2248464740399N11954378WA0243002495
B2248474740394N11954385WA0242702490
B2248484740390N11954392WA0242302487
B2248494740386N11954399WA0242102484
B2248504740381N11954405WA0241902482
B2248514740378N11954410WA0241602479
B2248524740374N11954416WA0241302477
B2248534740370N11954420WA0241102474
B2248544740366N11954425WA0240802470
B2248554740361N11954430WA0240502466
B2248564740356N11954434WA0240202463
B2248574740351N11954438WA0239902459
B2248584740346N11954441WA0239602457
B2248594740342N11954444WA0239302455
B2249004740338N11954447WA0239102452
B2249014740335N11954451WA0238802449
B2249024740331N11954455WA0238502445
B2249034740326N11954460WA0238202441
B2249044740322N11954465WA0237802438
B2249054740316N11954470WA0237502434
B2249064740311N11954475WA0237302432
B2249074740306N11954480WA0236902431
B2249084740302N11954485WA0236802431
B2249094740298N11954489WA0236502432
B2249104740294N11954493WA0236402432
B2249114740290N11954498WA0236202431
B2249124740285N11954502WA0236102430
B2249134740281N11954507WA0235902430
B2249144740277N11954514WA0235802430
B2249154740273N11954520WA0235702431
B2249164740270N11954526WA0235602432
B2249174740267N11954531WA0235602433
B2249184740263N11954536WA0235602434
B2249194740259N11954541WA0235502434
B2249204740256N11954547WA0235502434
B2249214740253N11954554WA0235502433
B2249224740249N11954561WA0235402432
B2249234740245N11954568WA0235402432
B2249244740241N11954574WA0235302433
B2249254740237N11954580WA0235302434
B2249264740234N11954587WA0235402436
B2249274740231N11954594WA0235402438
B2249284740228N11954601WA0235502439
B2249294740224N11954608WA0235502441
B2249304740220N11954614WA0235602443
B2249314740216N11954620WA0235702444
B2249324740211N11954627WA0235802446
B2249334740207N11954634WA0235902446
B2249344740203N11954642WA0235902447
B2249354740199N11954650WA0236002447
B2249364740195N11954660WA0236102446
B2249374740192N11954670WA0236102446
B2249384740190N11954680WA0236202447
B2249394740188N11954690WA0236202448
B2249404740186N11954700WA0236302449
B2249414740185N11954709WA0236402450
B2249424740183N11954719WA0236402450
B2249434740181N11954728WA0236502450
B2249444740179N11954738WA0236502450
B2249454740177N11954747WA0236602449
B2249464740176N11954756WA0236602449
B2249474740175N11954766WA0236602448
B2249484740174N11954775WA0236602448
B2249494740172N11954783WA0236602447
B2249504740171N11954791WA0236602447
B2249514740170N11954800WA0236602446
B2249524740169N11954809WA0236602444
B2249534740169N11954819WA0236502442
B2249544740168N11954829WA0236402440
B2249554740167N11954840WA0236302439
B2249564740167N11954851WA0236302438
B2249574740168N11954862WA0236202438
B2249584740169N11954872WA0236102438
B2249594740169N11954883WA0236102439
B2250004740169N11954894WA0236002439
B2250014740169N11954905WA0236002439
B2250024740169N11954916WA0236002440
B2250034740170N11954927WA0236002441
B2250044740170N11954937WA0236002441
B2250054740171N11954948WA0236002442
B2250064740172N11954958WA0236002443
B2250074740173N11954968WA0236102445
B2250084740175N11954976WA0236102448
B2250094740175N11954983WA0236302452
B2250104740175N11954989WA0236402455
B2250114740175N11954996WA0236502457
B2250124740174N11955003WA0236602457
B2250134740175N11955012WA0236802455
B2250144740175N11955022WA0236802454
B2250154740175N11955032WA0236802453
B2250164740174N11955042WA0236802452
B2250174740174N11955052WA0236902452
B2250184740175N11955061WA0236902452
B2250194740175N11955069WA0236902453
B2250204740174N11955077WA0236902453
B2250214740173N11955084WA0237002453
B2250224740173N11955092WA0237002452
B2250234740172N11955101WA0236902450
B2250244740172N11955110WA0236902448
B2250254740172N11955119WA0236802447
B2250264740172N11955128WA0236802446
B2250274740172N11955136WA0236702445
B2250284740172N11955144WA0236702444
B2250294740172N11955152WA0236602442
B2250304740171N11955160WA0236502439
B2250314740170N11955169WA0236302435
B2250324740170N11955179WA0236202432
B2250334740170N11955189WA0236002428
B2250344740170N11955199WA0235802424
B2250354740171N11955209WA0235602421
B2250364740171N11955218WA0235402418
B2250374740170N11955228WA0235102414
B2250384740170N11955238WA0234802411
B2250394740169N11955248WA0234502408
B2250404740169N11955259WA0234302405
B2250414740169N11955270WA0234002402
B2250424740170N11955281WA0233802400
B2250434740171N11955292WA0233502399
B2250444740172N11955302WA0233302399
B2250454740172N11955312WA0233102399
B2250464740171N11955321WA0233002398
B2250474740170N11955330WA0232802397
B2250484740170N11955340WA0232702395
B2250494740169N11955350WA0232402392
B2250504740169N11955361WA0232302389
B2250514740168N11955373WA0232002385
B2250524740167N11955384WA0231802383
B2250534740167N11955396WA0231602381
B2250544740167N11955406WA0231402380
B2250554740167N11955417WA0231202378
B2250564740167N11955427WA0231002377
B2250574740166N11955437WA0230802374
B2250584740165N11955447WA0230602373
B2250594740164N11955457WA0230402370
B2251004740163N11955467WA0230202369
B2251014740163N11955477WA0230002368
B2251024740163N11955486WA0229802366
B2251034740162N11955496WA0229602364
B2251044740161N11955505WA0229502362
B2251054740160N11955515WA0229202360
B2251064740159N11955525WA0229102358
B2251074740158N11955535WA0228902357
B2251084740158N11955545WA0228702356
B2251094740158N11955555WA0228502355
B2251104740158N11955566WA0228402354
B2251114740157N11955575WA0228302354
B2251124740157N11955585WA0228202353
B2251134740156N11955594WA0228002353
B2251144740156N11955604WA0227902352
B2251154740156N11955613WA0227802350
B2251164740156N11955622WA0227702348
B2251174740157N11955632WA0227502345
B2251184740157N11955642WA0227402343
B2251194740158N11955653WA0227202341
B2251204740159N11955662WA0227002339
B2251214740161N11955672WA0226902338
B2251224740162N11955681WA0226702336
B2251234740163N11955689WA0226502335
B2251244740163N11955698WA0226402334
B2251254740164N11955707WA0226202331
B2251264740166N11955717WA0226102328
B2251274740168N11955728WA0225802324
B2251284740170N11955738WA0225702321
B2251294740173N11955749WA0225402319
B2251304740176N11955758WA0225202318
B2251314740178N11955767WA0225002317
B2251324740181N11955775WA0224902317
B2251334740182N11955784WA0224702316
B2251344740183N11955793WA0224602313
B2251354740184N11955803WA0224402310
B2251364740187N11955813WA0224202307
B2251374740189N11955822WA0224002305
B2251384740190N11955832WA0223802304
B2251394740190N11955841WA0223602303
B2251404740190N11955850WA0223502301
B2251414740190N11955858WA0223302299
B2251424740190N11955867WA0223102297
B2251434740191N11955877WA0222902294
B2251444740191N11955886WA0222702292
B2251454740190N11955895WA0222502289
B2251464740189N11955904WA0222302288
B2251474740188N11955913WA0222102286
B2251484740187N11955922WA0221902284
B2251494740187N11955930WA0221702281
B2251504740186N11955939WA0221502279
B2251514740185N11955947WA0221302276
B2251524740183N11955956WA0221102273
B2251534740182N11955965WA0220802270
B2251544740181N11955974WA0220602267
B2251554740180N11955983WA0220302264
B2251564740179N11955992WA0220102262
B2251574740178N11956000WA0219902260
B2251584740177N11956009WA0219702258
B2251594740176N11956017WA0219402255
B2252004740175N11956026WA0219202252
B2252014740174N11956036WA0218902250
B2252024740174N11956045WA0218702247
B2252034740174N11956055WA0218402245
B2252044740173N11956064WA0218202242
B2252054740172N11956073WA0217902241
B2252064740170N11956081WA0217802239
B2252074740169N11956089WA0217502236
B2252084740167N11956097WA0217302234
B2252094740166N11956106WA0217002230
B2252104740165N11956115WA0216802227
B2252114740165N11956124WA0216502224
B2252124740167N11956133WA0216302222
B2252134740169N11956140WA0216002221
B2252144740171N11956148WA0215802218
B2252154740174N11956157WA0215502216
B2252164740176N11956166WA0215302212
B2252174740179N11956175WA0215002209
B2252184740181N11956184WA0214802206
B2252194740184N11956193WA0214502204
B2252204740186N11956201WA0214302203
B2252214740188N11956209WA0214002202
B2252224740189N11956216WA0213902200
B2252234740191N11956224WA0213602198
B2252244740193N11956232WA0213402195
B2252254740194N11956240WA0213202193
B2252264740195N11956249WA0213002191
B2252274740196N11956258WA0212702189
B2252284740197N11956266WA0212602187
B2252294740197N11956275WA0212302186
B2252304740198N11956284WA0212202184
B2252314740199N11956292WA0211902182
B2252324740199N11956300WA0211802180
B2252334740200N11956309WA0211602179
B2252344740200N11956317WA0211402177
B2252354740200N11956326WA0211202174
B2252364740201N11956335WA0211002172
B2252374740201N11956345WA0210802169
B2252384740200N11956354WA0210602167
B2252394740200N11956363WA0210402166
B2252404740200N11956372WA0210202165
B2252414740201N11956380WA0210002164
B2252424740201N11956389WA0209902162
B2252434740201N11956398WA0209702159
B2252444740201N11956407WA0209502157
B2252454740201N11956416WA0209302155
B2252464740201N11956424WA0209202153
B2252474740201N11956433WA0208902152
B2252484740200N11956441WA0208802150
B2252494740200N11956449WA0208602149
B2252504740199N11956458WA0208502147
B2252514740199N11956466WA0208302145
B2252524740199N11956475WA0208102143
B2252534740199N11956484WA0207902141
B2252544740199N11956493WA0207702139
B2252554740199N11956502WA0207502137
B2252564740198N11956510WA0207402135
B2252574740198N11956519WA0207102132
B2252584740198N11956528WA0207002129
B2252594740197N11956537WA0206702127
B2253004740197N11956546WA0206502123
B2253014740196N11956555WA0206302120
B2253024740195N11956564WA0206102118
B2253034740194N11956573WA0205802116
B2253044740193N11956582WA0205602115
B2253054740193N11956590WA0205402113
B2253064740192N11956598WA0205202111
B2253074740191N11956606WA0204902107
B2253084740191N11956616WA0204702103
B2253094740190N11956626WA0204402098
B2253104740189N11956636WA0204202094
B2253114740187N11956646WA0203802091
B2253124740186N11956656WA0203602088
B2253134740185N11956665WA0203202086
B2253144740185N11956675WA0203002083
B2253154740184N11956684WA0202702081
B2253164740183N11956693WA0202502079
B2253174740181N11956703WA0202202076
B2253184740179N11956714WA0202002073
B2253194740176N11956724WA0201602071
B2253204740174N11956734WA0201402069
B2253214740173N11956744WA0201102067
B2253224740171N11956754WA0201002065
B2253234740170N11956763WA0200702063
B2253244740167N11956772WA0200502061
B2253254740163N11956781WA0200202060
B2253264740160N11956789WA0200102057
B2253274740156N11956797WA0199802055
B2253284740152N11956805WA0199702053
B2253294740149N11956813WA0199402051
B2253304740145N11956821WA0199202049
B2253314740141N11956829WA0199002046
B2253324740137N11956837WA0198802043
B2253334740133N11956844WA0198502040
B2253344740129N11956851WA0198302037
B2253354740125N11956859WA0198002034
B2253364740121N11956867WA0197802031
B2253374740118N11956875WA0197502030
B2253384740114N11956882WA0197302028
B2253394740110N11956888WA0197102027
B2253404740107N11956894WA0196902026
B2253414740103N11956900WA0196702025
B2253424740100N11956906WA0196502023
B2253434740097N11956913WA0196302022
B2253444740095N11956919WA0196202019
B2253454740092N11956926WA0195902016
B2253464740089N11956934WA0195702013
B2253474740086N11956941WA0195502010
B2253484740083N11956949WA0195302007
B2253494740080N11956956WA0195002004
B2253504740076N11956962WA0194802002
B2253514740073N11956968WA0194502000
B2253524740068N11956974WA0194401997
B2253534740064N11956980WA0194101994
B2253544740060N11956987WA0193901991
B2253554740056N11956994WA0193601989
B2253564740052N11957001WA0193401986
B2253574740048N11957007WA0193101985
B2253584740044N11957013WA0192901982
B2253594740040N11957021WA0192601979
B2254004740035N11957028WA0192401976
B2254014740030N11957034WA0192101974
B2254024740025N11957040WA0192001974
B2254034740020N11957046WA0191701973
B2254044740016N11957052WA0191601973
B2254054740012N11957059WA0191401973
B2254064740008N11957066WA0191301972
B2254074740005N11957073WA0191101970
B2254084740000N11957080WA0191001967
B2254094739996N11957088WA0190801965
B2254104739991N11957095WA0190601962
B2254114739987N11957103WA0190401960
B2254124739983N11957111WA0190201957
B2254134739979N11957119WA0190001955
B2254144739976N11957128WA0189801952
B2254154739972N11957137WA0189601950
B2254164739968N11957146WA0189401948
B2254174739964N11957154WA0189201946
B2254184739959N11957163WA0189001944
B2254194739955N11957172WA0188801942
B2254204739951N11957181WA0188601940
B2254214739947N11957190WA0188401938
B2254224739943N11957199WA0188201936
B2254234739940N11957209WA0188001934
B2254244739937N11957219WA0187801932
B2254254739934N11957229WA0187601931
B2254264739931N11957238WA0187501930
B2254274739929N11957247WA0187301929
B2254284739926N11957255WA0187101927
B2254294739923N11957264WA0186901925
B2254304739920N11957272WA0186801923
B2254314739916N11957281WA0186601921
B2254324739913N11957290WA0186401919
B2254334739910N11957299WA0186201917
B2254344739907N11957308WA0186001914
B2254354739904N11957317WA0185801912
B2254364739901N11957327WA0185601909
B2254374739899N11957336WA0185401907
B2254384739897N11957346WA0185201904
B2254394739895N11957355WA0184901902
B2254404739892N11957365WA0184701898
B2254414739890N11957374WA0184401894
B2254424739887N11957385WA0184201890
B2254434739885N11957396WA0183901886
B2254444739883N11957407WA0183601883
B2254454739881N11957418WA0183301880
B2254464739879N11957428WA0183101878
B2254474739877N11957437WA0182701875
B2254484739875N11957446WA0182501873
B2254494739873N11957455WA0182201869
B2254504739871N11957464WA0182001866
B2254514739869N11957473WA0181601862
B2254524739867N11957483WA0181401858
B2254534739864N11957492WA0181001855
B2254544739861N11957501WA0180801851
B2254554739858N11957510WA0180401847
B2254564739856N11957520WA0180101844
B2254574739853N11957530WA0179701839
B2254584739850N11957541WA0179501836
B2254594739848N11957552WA0179101832
B2255004739847N11957563WA0178801830
B2255014739845N11957573WA0178401827
B2255024739843N11957583WA0178201825
B2255034739840N11957593WA0177801822
B2255044739838N11957603WA0177601819
B2255054739835N11957613WA0177201816
B2255064739833N11957623WA0177001814
B2255074739830N11957633WA0176701811
B2255084739826N11957642WA0176401809
B2255094739823N11957651WA0176101807
B2255104739820N11957660WA0175901806
B2255114739816N11957669WA0175601803
B2255124739813N11957679WA0175401800
B2255134739809N11957689WA0175101797
B2255144739806N11957699WA0174901794
B2255154739802N11957708WA0174601791
B2255164739798N11957717WA0174401789
B2255174739795N11957726WA0174001786
B2255184739791N11957736WA0173801783
B2255194739787N11957746WA0173501780
B2255204739784N11957757WA0173301777
B2255214739780N11957767WA0173001774
B2255224739775N11957777WA0172701771
B2255234739771N11957785WA0172401769
B2255244739767N11957793WA0172201768
B2255254739764N11957801WA0171901766
B2255264739760N11957809WA0171701763
B2255274739757N11957818WA0171401759
B2255284739754N11957829WA0171201755
B2255294739751N11957840WA0170801750
B2255304739748N11957851WA0170601747
B2255314739745N11957862WA0170201744
B2255324739742N11957873WA0170001742
B2255334739740N11957884WA0169601739
B2255344739737N11957895WA0169401736
B2255354739735N11957906WA0169101733
B2255364739732N11957917WA0168801730
B2255374739729N11957928WA0168501727
B2255384739726N11957939WA0168201723
B2255394739723N11957950WA0167801719
B2255404739720N11957961WA0167601714
B2255414739716N11957972WA0167201711
B2255424739713N11957983WA0166901707
B2255434739709N11957994WA0166501704
B2255444739706N11958004WA0166301702
B2255454739704N11958015WA0165901699
B2255464739703N11958027WA0165701696
B2255474739702N11958038WA0165301693
B2255484739702N11958050WA0165101689
B2255494739701N11958062WA0164701685
B2255504739699N11958074WA0164401682
B2255514739698N11958086WA0164101678
B2255524739696N11958098WA0163801675
B2255534739695N11958109WA0163501674
B2255544739694N11958120WA0163201673
B2255554739694N11958131WA0162901672
B2255564739693N11958141WA0162701670
B2255574739692N11958152WA0162401668
B2255584739691N11958164WA0162301666
B2255594739690N11958175WA0162001663
B2256004739690N11958187WA0161801662
B2256014739689N11958198WA0161601661
B2256024739688N11958209WA0161401660
B2256034739688N11958220WA0161201659
B2256044739688N11958231WA0161001658
B2256054739687N11958241WA0160801657
B2256064739686N11958252WA0160701656
B2256074739685N11958263WA0160501654
B2256084739685N11958275WA0160401653
B2256094739685N11958286WA0160201651
B2256104739684N11958298WA0160101649
B2256114739684N11958311WA0159901647
B2256124739685N11958324WA0159801645
B2256134739685N11958336WA0159601644
B2256144739685N11958348WA0159501643
B2256154739684N11958359WA0159301643
B2256164739683N11958370WA0159201643
B2256174739682N11958381WA0159101641
B2256184739682N11958393WA0159001639
B2256194739681N11958406WA0158801637
B2256204739680N11958419WA0158601634
B2256214739679N11958431WA0158401633
B2256224739679N11958443WA0158301631
B2256234739678N11958454WA0158101631
B2256244739678N11958466WA0158001630
B2256254739678N11958478WA0157901629
B2256264739677N11958489WA0157801627
B2256274739677N11958501WA0157601626
B2256284739676N11958513WA0157501625
B2256294739675N11958525WA0157401625
B2256304739674N11958536WA0157301625
B2256314739674N11958546WA0157201626
B2256324739674N11958556WA0157101626
B2256334739674N11958566WA0157101627
B2256344739675N11958576WA0157001627
B2256354739674N11958586WA0157001626
B2256364739673N11958596WA0156901625
B2256374739672N11958606WA0156901624
B2256384739671N11958616WA0156801624
B2256394739670N11958627WA0156801623
B2256404739668N11958638WA0156701621
B2256414739667N11958649WA0156601620
B2256424739666N11958659WA0156501619
B2256434739664N11958670WA0156401619
B2256444739663N11958681WA0156401618
B2256454739662N11958691WA0156301618
B2256464739660N11958700WA0156301618
B2256474739659N11958709WA0156201617
B2256484739657N11958718WA0156101614
B2256494739655N11958727WA0156001612
B2256504739653N11958737WA0155901609
B2256514739651N11958747WA0155701606
B2256524739650N11958757WA0155601604
B2256534739649N11958765WA0155401602
B2256544739648N11958773WA0155301600
B2256554739647N11958781WA0155101597
B2256564739646N11958789WA0154901592
B2256574739645N11958799WA0154601585
B2256584739643N11958809WA0154401581
B2256594739642N11958818WA0154001578
B2257004739640N11958827WA0153801576
B2257014739639N11958835WA0153501574
B2257024739638N11958844WA0153301573
B2257034739638N11958852WA0153001572
B2257044739638N11958860WA0152901570
B2257054739638N11958867WA0152601568
B2257064739638N11958875WA0152401565
B2257074739638N11958883WA0152201563
B2257084739639N11958892WA0151901558
B2257094739639N11958902WA0151601554
B2257104739639N11958913WA0151301549
B2257114739639N11958923WA0151001546
B2257124739639N11958933WA0150701542
B2257134739640N11958943WA0150401538
B2257144739641N11958954WA0150101534
B2257154739642N11958966WA0149701530
B2257164739643N11958978WA0149401527
B2257174739643N11958990WA0149101526
B2257184739643N11959002WA0148801526
B2257194739644N11959013WA0148501525
B2257204739644N11959025WA0148401524
B2257214739644N11959037WA0148101523
B2257224739644N11959050WA0148001523
B2257234739644N11959063WA0147801522
B2257244739644N11959076WA0147601523
B2257254739644N11959088WA0147501523
B2257264739645N11959098WA0147401527
B2257274739645N11959105WA0147501532
B2257284739645N11959111WA0147501536
B2257294739645N11959117WA0147601538
B2257304739647N11959125WA0147701539
B2257314739649N11959134WA0147701538
B2257324739651N11959145WA0147801539
B2257334739653N11959154WA0147801541
B2257344739655N11959162WA0147901543
B2257354739659N11959169WA0148101546
B2257364739663N11959175WA0148101546
B2257374739667N11959182WA0148301546
B2257384739671N11959190WA0148301545
B2257394739674N11959200WA0148401545
B2257404739676N11959209WA0148401546
B2257414739678N11959218WA0148501546
B2257424739678N11959225WA0148601547
B2257434739677N11959233WA0148601547
B2257444739676N11959240WA0148701547
B2257454739675N11959248WA0148701546
B2257464739675N11959257WA0148701545
B2257474739677N11959266WA0148701544
B2257484739680N11959276WA0148701543
B2257494739683N11959286WA0148701541
B2257504739687N11959295WA0148601539
B2257514739689N11959305WA0148601538
B2257524739692N11959316WA0148501536
B2257534739695N11959327WA0148401533
B2257544739697N11959338WA0148301530
B2257554739699N11959350WA0148101527
B2257564739700N11959362WA0148001525
B2257574739701N11959373WA0147801523
B2257584739703N11959385WA0147601521
B2257594739703N11959396WA0147401519
B2258004739704N11959407WA0147301517
B2258014739705N11959419WA0147101514
B2258024739707N11959430WA0147001512
B2258034739710N11959441WA0146701511
B2258044739713N11959451WA0146601509
B2258054739716N11959461WA0146401507
B2258064739719N11959470WA0146201506
B2258074739721N11959480WA0146001504
B2258084739723N11959489WA0145901502
B2258094739725N11959498WA0145701500
B2258104739727N11959506WA0145501497
B2258114739729N11959515WA0145301494
B2258124739731N11959524WA0145101490
B2258134739734N11959534WA0144801486
B2258144739737N11959544WA0144601481
B2258154739742N11959554WA0144301478
B2258164739746N11959563WA0144001477
B2258174739749N11959570WA0143801477
B2258184739752N11959578WA0143701478
B2258194739754N11959586WA0143501478
B2258204739756N11959596WA0143401476
B2258214739759N11959607WA0143201475
B2258224739762N11959618WA0143101474
B2258234739764N11959628WA0143001477
B2258244739766N11959636WA0143001482
B2258254739766N11959640WA0143001487
B2258264739765N11959644WA0143101489
B2258274739763N11959648WA0143201491
B2258284739761N11959652WA0143201491
B2258294739758N11959656WA0143301493
B2258304739756N11959660WA0143401495
B2258314739753N11959662WA0143501497
B2258324739750N11959664WA0143601498
B2258334739748N11959667WA0143801499
B2258344739746N11959673WA0143801499
B2258354739745N11959682WA0143901499
B2258364739747N11959691WA0143901497
B2258374739751N11959698WA0144001497
B2258384739755N11959704WA0144001498
B2258394739760N11959708WA0144101498
B2258404739765N11959712WA0144201500
B2258414739771N11959717WA0144201500
B2258424739776N11959722WA0144301501
B2258434739780N11959727WA0144401503
B2258444739784N11959733WA0144401504
B2258454739787N11959739WA0144501505
B2258464739789N11959745WA0144601505
B2258474739791N11959752WA0144701505
B2258484739793N11959760WA0144701505
B2258494739796N11959768WA0144801507
B2258504739799N11959776WA0144801507
B2258514739802N11959784WA0144901508
B2258524739805N11959791WA0145001509
B2258534739807N11959799WA0145101510
B2258544739810N11959807WA0145101511
B2258554739813N11959815WA0145201511
B2258564739816N11959822WA0145201511
B2258574739819N11959830WA0145301511
B2258584739822N11959838WA0145301511
B2258594739825N11959845WA0145301510
B2259004739828N11959853WA0145301509
B2259014739832N11959861WA0145401509
B2259024739836N11959869WA0145401508
B2259034739839N11959877WA0145301507
B2259044739842N11959885WA0145301506
B2259054739846N11959893WA0145301505
B2259064739850N11959899WA0145301505
B2259074739854N11959906WA0145201504
B2259084739859N11959912WA0145201503
B2259094739864N11959917WA0145101502
B2259104739868N11959923WA0145101502
B2259114739872N11959929WA0145001501
B2259124739876N11959935WA0145001500
B2259134739880N11959942WA0144901500
B2259144739884N11959949WA0144901500
B2259154739888N11959955WA0144901501
B2259164739890N11959961WA0144901503
B2259174739891N11959967WA0144901505
B2259184739893N11959973WA0145001507
B2259194739895N11959980WA0145001509
B2259204739899N11959985WA0145101510
B2259214739904N11959988WA0145201512
B2259224739911N11959988WA0145301515
B2259234739917N11959985WA0145401517
B2259244739923N11959981WA0145501519
B2259254739929N11959976WA0145701520
B2259264739934N11959969WA0145801521
B2259274739938N11959962WA0145901522
B2259284739941N11959954WA0146001522
B2259294739942N11959946WA0146101523
B2259304739941N11959940WA0146201523
B2259314739938N11959936WA0146301523
B2259324739935N11959936WA0146401525
B2259334739934N11959938WA0146501526
B2259344739932N11959942WA0146501527
B2259354739932N11959947WA0146601527
B2259364739931N11959953WA0146701528
B2259374739931N11959958WA0146801530
B2259384739931N11959964WA0146901532
B2259394739931N11959969WA0147001533
B2259404739931N11959974WA0147101534
B2259414739933N11959981WA0147201535
B2259424739935N11959987WA0147301536
B2259434739939N11959993WA0147401537
B2259444739943N11959999WA0147501538
B2259454739948N12000004WA0147601539
B2259464739952N12000009WA0147701542
B2259474739958N12000012WA0147901544
B2259484739964N12000014WA0148001547
B2259494739970N12000012WA0148201549
B2259504739976N12000008WA0148301551
B2259514739981N12000002WA0148501552
B2259524739984N11959994WA0148701554
B2259534739986N11959986WA0148801555
B2259544739987N11959978WA0149001556
B2259554739985N11959971WA0149101557
B2259564739983N11959967WA0149301558
B2259574739981N11959965WA0149401560
B2259584739979N11959966WA0149501561
B2259594739977N11959970WA0149701562
B2300004739975N11959975WA0149801562
B2300014739973N11959981WA0149901564
B2300024739972N11959987WA0150001566
B2300034739971N11959993WA0150201570
B2300044739972N11959999WA0150301572
B2300054739975N12000005WA0150501575
B2300064739978N12000011WA0150701577
B2300074739982N12000016WA0150901580
B2300084739987N12000020WA0151101582
B2300094739992N12000023WA0151301586
B2300104739996N12000022WA0151501588
B2300114740000N12000019WA0151801590
B2300124740004N12000012WA0151901589
B2300134740008N12000003WA0152101589
B2300144740011N11959994WA0152201590
B2300154740013N11959985WA0152401593
B2300164740013N11959977WA0152501596
B2300174740012N11959970WA0152801598
B2300184740011N11959963WA0152901599
B2300194740009N11959957WA0153101601
B2300204740008N11959952WA0153301604
B2300214740006N11959948WA0153501607
B2300224740003N11959947WA0153601608
B2300234740000N11959949WA0153801608
B2300244739997N11959954WA0153901608
B2300254739996N11959962WA0154101608
B2300264739998N11959970WA0154201609
B2300274740002N11959978WA0154301610
B2300284740008N11959985WA0154401612
B2300294740013N11959991WA0154601615
B2300304740018N11959995WA0154701620
B2300314740022N11959998WA0155001624
B2300324740026N11959999WA0155201627
B2300334740030N11959998WA0155501630
B2300344740035N11959996WA0155601631
B2300354740040N11959993WA0155901631
B2300364740046N11959988WA0156001631
B2300374740050N11959983WA0156201631
B2300384740054N11959976WA0156301632
B2300394740057N11959968WA0156501633
B2300404740058N11959959WA0156601633
B2300414740057N11959952WA0156701635
B2300424740054N11959948WA0156801636
B2300434740051N11959948WA0157001636
B2300444740048N11959950WA0157101639
B2300454740047N11959953WA0157301643
B2300464740048N11959957WA0157401646
B2300474740049N11959961WA0157701648
B2300484740051N11959968WA0157801649
B2300494740054N11959975WA0158001650
B2300504740058N11959981WA0158101652
B2300514740063N11959985WA0158301654
B2300524740068N11959987WA0158501656
B2300534740074N11959986WA0158701657
B2300544740079N11959983WA0158801657
B2300554740084N11959978WA0158901656
B2300564740088N11959970WA0159001655
B2300574740092N11959962WA0159001654
B2300584740095N11959953WA0159101655
B2300594740097N11959945WA0159201657
B2301004740099N11959937WA0159301659
B2301014740100N11959929WA0159401660
B2301024740101N11959921WA0159501661
B2301034740100N11959914WA0159601663
B2301044740099N11959909WA0159701664
B2301054740096N11959905WA0159801664
B2301064740092N11959902WA0159901665
B2301074740089N11959902WA0160001666
B2301084740086N11959903WA0160101668
B2301094740083N11959905WA0160201669
B2301104740080N11959909WA0160301670
B2301114740077N11959913WA0160401670
B2301124740075N11959918WA0160501670
B2301134740074N11959924WA0160601671
B2301144740073N11959931WA0160601671
B2301154740074N11959938WA0160701671
B2301164740076N11959945WA0160801673
B2301174740079N11959951WA0160901674
B2301184740081N11959958WA0160901675
B2301194740084N11959964WA0161001676
B2301204740086N11959971WA0161101676
B2301214740088N11959977WA0161201676
B2301224740091N11959984WA0161201675
B2301234740095N11959992WA0161201674
B2301244740100N11959998WA0161201673
B2301254740105N12000005WA0161201672
B2301264740110N12000011WA0161201671
B2301274740115N12000018WA0161201671
B2301284740120N12000025WA0161201672
B2301294740125N12000032WA0161201672
B2301304740130N12000037WA0161201673
B2301314740134N12000043WA0161301674
B2301324740139N12000049WA0161301674
B2301334740143N12000056WA0161301675
B2301344740148N12000061WA0161401676
B2301354740153N12000065WA0161401677
B2301364740159N12000068WA0161501677
B2301374740165N12000069WA0161501678
B2301384740170N12000072WA0161601679
B2301394740175N12000075WA0161601680
B2301404740179N12000080WA0161701681
B2301414740181N12000087WA0161801682
B2301424740182N12000093WA0161801684
B2301434740181N12000097WA0161901685
B2301444740179N12000099WA0162001687
B2301454740177N12000098WA0162201689
B2301464740174N12000094WA0162301691
B2301474740173N12000088WA0162401693
B2301484740174N12000080WA0162501694
B2301494740176N12000073WA0162601694
B2301504740179N12000066WA0162701694
B2301514740183N12000060WA0162801693
B2301524740188N12000054WA0162801692
B2301534740194N12000049WA0162901691
B2301544740200N12000046WA0162901690
B2301554740207N12000045WA0162901690
B2301564740214N12000046WA0162901691
B2301574740219N12000049WA0163001692
B2301584740224N12000052WA0163001693
B2301594740227N12000056WA0163001694
B2302004740230N12000059WA0163101695
B2302014740232N12000064WA0163101694
B2302024740234N12000070WA0163101693
B2302034740235N12000076WA0163101692
B2302044740237N12000083WA0163101691
B2302054740238N12000089WA0163101691
B2302064740240N12000095WA0163101692
B2302074740242N12000102WA0163101692
B2302084740244N12000108WA0163101691
B2302094740246N12000115WA0163101690
B2302104740249N12000121WA0163101688
B2302114740251N12000128WA0163001687
B2302124740253N12000136WA0163001685
B2302134740255N12000143WA0162901683
B2302144740258N12000151WA0162801682
B2302154740260N12000158WA0162701681
B2302164740263N12000164WA0162601680
B2302174740266N12000171WA0162501679
B2302184740268N12000178WA0162501678
B2302194740270N12000187WA0162301676
B2302204740272N12000196WA0162201674
B2302214740273N12000205WA0162101673
B2302224740275N12000214WA0162001672
B2302234740276N12000223WA0161901671
B2302244740278N12000233WA0161801669
B2302254740280N12000243WA0161601668
B2302264740282N12000253WA0161501667
B2302274740283N12000263WA0161401667
B2302284740285N12000272WA0161301666
B2302294740287N12000281WA0161201666
B2302304740288N12000290WA0161201666
B2302314740290N12000300WA0161101666
B2302324740292N12000310WA0161001665
B2302334740294N12000319WA0160901665
B2302344740296N12000328WA0160901664
B2302354740298N12000336WA0160801664
B2302364740300N12000345WA0160801662
B2302374740302N12000355WA0160601660
B2302384740304N12000365WA0160601658
B2302394740306N12000376WA0160501658
B2302404740308N12000386WA0160401658
B2302414740311N12000396WA0160301659
B2302424740313N12000405WA0160301659
B2302434740315N12000415WA0160201658
B2302444740317N12000426WA0160201657
B2302454740319N12000439WA0160001655
B2302464740321N12000451WA0159901653
B2302474740322N12000464WA0159801653
B2302484740324N12000475WA0159801655
B2302494740326N12000485WA0159801656
B2302504740329N12000495WA0159701657
B2302514740331N12000505WA0159701656
B2302524740334N12000516WA0159701655
B2302534740337N12000529WA0159601653
B2302544740339N12000543WA0159601651
B2302554740341N12000556WA0159501651
B2302564740343N12000569WA0159401651
B2302574740345N12000582WA0159401653
B2302584740347N12000594WA0159401655
B2302594740350N12000605WA0159401657
B2303004740352N12000614WA0159501660
B2303014740355N12000620WA0159601664
B2303024740358N12000626WA0159801666
B2303034740361N12000631WA0159901666
B2303044740365N12000639WA0160001665
B2303054740369N12000648WA0160001662
B2303064740373N12000659WA0160001660
B2303074740376N12000670WA0160001658
B2303084740380N12000682WA0160001657
B2303094740383N12000693WA0159901657
B2303104740386N12000703WA0159901657
B2303114740388N12000713WA0159901657
B2303124740391N12000723WA0159901657
B2303134740394N12000735WA0159901655
B2303144740397N12000746WA0159801654
B2303154740399N12000758WA0159801654
B2303164740400N12000768WA0159701654
B2303174740402N12000779WA0159701653
B2303184740404N12000789WA0159701652
B2303194740406N12000801WA0159601650
B2303204740408N12000813WA0159501648
B2303214740410N12000826WA0159401646
B2303224740412N12000838WA0159301645
B2303234740415N12000850WA0159201645
B2303244740417N12000862WA0159101644
B2303254740419N12000874WA0159001643
B2303264740422N12000887WA0158901641
B2303274740425N12000899WA0158801639
B2303284740428N12000912WA0158701638
B2303294740431N12000924WA0158501636
B2303304740433N12000937WA0158401634
B2303314740437N12000949WA0158301633
B2303324740440N12000961WA0158201631
B2303334740445N12000973WA0158001628
B2303344740451N12000985WA0157901626
B2303354740456N12000996WA0157701625
B2303364740461N12001008WA0157601625
B2303374740466N12001020WA0157401624
B2303384740471N12001033WA0157301625
B2303394740475N12001045WA0157301626
B2303404740478N12001055WA0157301630
B2303414740481N12001064WA0157301635
B2303424740484N12001072WA0157401639
B2303434740488N12001079WA0157501641
B2303444740494N12001086WA0157601642
B2303454740502N12001092WA0157701642
B2303464740509N12001096WA0157801643
B2303474740516N12001099WA0157901645
B2303484740523N12001100WA0158001646
B2303494740529N12001101WA0158101647
B2303504740535N12001099WA0158201648
B2303514740540N12001095WA0158301648
B2303524740543N12001088WA0158401648
B2303534740543N12001081WA0158401648
B2303544740542N12001075WA0158501649
B2303554740539N12001072WA0158601651
B2303564740536N12001071WA0158701653
B2303574740532N12001071WA0158901655
B2303584740528N12001072WA0159001656
B2303594740525N12001074WA0159101659
B2304004740521N12001078WA0159201661
B2304014740519N12001084WA0159401662
B2304024740517N12001092WA0159501664
B2304034740517N12001101WA0159601665
B2304044740518N12001112WA0159701666
B2304054740520N12001121WA0159901668
B2304064740524N12001129WA0160001670
B2304074740528N12001136WA0160201671
B2304084740534N12001142WA0160301671
B2304094740541N12001147WA0160401671
B2304104740548N12001148WA0160501670
B2304114740554N12001148WA0160601671
B2304124740559N12001144WA0160701673
B2304134740562N12001140WA0160801674
B2304144740564N12001135WA0160901676
B2304154740564N12001130WA0161001677
B2304164740564N12001125WA0161101679
B2304174740562N12001120WA0161301681
B2304184740560N12001118WA0161401683
B2304194740557N12001118WA0161601684
B2304204740554N12001120WA0161701684
B2304214740551N12001124WA0161801684
B2304224740548N12001130WA0161901684
B2304234740544N12001138WA0162001684
B2304244740541N12001147WA0162001684
B2304254740539N12001156WA0162101686
B2304264740537N12001166WA0162201688
B2304274740535N12001175WA0162301690
B2304284740535N12001185WA0162501693
B2304294740536N12001195WA0162601694
B2304304740540N12001205WA0162701695
B2304314740544N12001215WA0162801694
B2304324740548N12001226WA0162901695
B2304334740551N12001237WA0163001696
B2304344740553N12001248WA0163101697
B2304354740555N12001260WA0163201699
B2304364740557N12001271WA0163301700
B2304374740560N12001282WA0163401702
B2304384740562N12001292WA0163501704
B2304394740563N12001302WA0163701706
B2304404740564N12001312WA0163801707
B2304414740565N12001323WA0163901707
B2304424740566N12001333WA0164001706
B2304434740566N12001343WA0164001704
B2304444740566N12001353WA0164101704
B2304454740566N12001362WA0164101704
B2304464740567N12001371WA0164101703
B2304474740569N12001381WA0164101702
B2304484740569N12001391WA0164101701
B2304494740569N12001400WA0164101703
B2304504740569N12001409WA0164201704
B2304514740569N12001417WA0164201706
B2304524740570N12001425WA0164301708
B2304534740570N12001432WA0164401710
B2304544740570N12001439WA0164401711
B2304554740568N12001446WA0164501710
B2304564740567N12001453WA0164501709
B2304574740566N12001461WA0164601708
B2304584740566N12001470WA0164601708
B2304594740566N12001480WA0164601707
B2305004740566N12001490WA0164601706
B2305014740566N12001500WA0164601705
B2305024740566N12001511WA0164501703
B2305034740566N12001522WA0164501702
B2305044740566N12001534WA0164401702
B2305054740566N12001545WA0164401702
B2305064740567N12001557WA0164401701
B2305074740566N12001569WA0164301701
B2305084740566N12001581WA0164301699
B2305094740566N12001593WA0164201699
B2305104740567N12001604WA0164101697
B2305114740569N12001616WA0164001695
B2305124740570N12001627WA0164001693
B2305134740572N12001638WA0163801691
B2305144740573N12001650WA0163701688
B2305154740575N12001662WA0163501684
B2305164740576N12001674WA0163301681
B2305174740577N12001686WA0163101678
B2305184740579N12001698WA0162901675
B2305194740582N12001710WA0162701672
B2305204740584N12001722WA0162501670
B2305214740586N12001733WA0162301669
B2305224740588N12001744WA0162101668
B2305234740588N12001755WA0161901668
B2305244740589N12001765WA0161801668
B2305254740589N12001775WA0161701668
B2305264740590N12001785WA0161601668
B2305274740590N12001796WA0161401666
B2305284740591N12001807WA0161301664
B2305294740592N12001818WA0161101661
B2305304740594N12001830WA0161001658
B2305314740595N12001842WA0160801654
B2305324740597N12001855WA0160601652
B2305334740599N12001867WA0160401650
B2305344740600N12001878WA0160201648
B2305354740600N12001890WA0160001647
B2305364740601N12001901WA0159901646
B2305374740602N12001912WA0159701645
B2305384740603N12001924WA0159501643
B2305394740604N12001936WA0159301641
B2305404740605N12001948WA0159201639
B2305414740605N12001961WA0159001637
B2305424740606N12001974WA0158801635
B2305434740607N12001988WA0158601634
B2305444740607N12002002WA0158501634
B2305454740608N12002014WA0158301634
B2305464740610N12002026WA0158301634
B2305474740612N12002038WA0158101634
B2305484740613N12002049WA0158101633
B2305494740614N12002059WA0157901631
B2305504740614N12002070WA0157801629
B2305514740615N12002081WA0157701627
B2305524740616N12002092WA0157601624
B2305534740617N12002104WA0157401621
B2305544740619N12002116WA0157201618
B2305554740622N12002128WA0157001615
B2305564740625N12002139WA0156801612
B2305574740628N12002151WA0156601610
B2305584740630N12002162WA0156401609
B2305594740631N12002173WA0156201608
B2306004740631N12002184WA0156101606
B2306014740632N12002195WA0155801605
B2306024740633N12002207WA0155701602
B2306034740635N12002219WA0155501600
B2306044740636N12002230WA0155301599
B2306054740637N12002241WA0155101598
B2306064740639N12002251WA0155001598
B2306074740642N12002261WA0154801596
B2306084740644N12002271WA0154701594
B2306094740646N12002282WA0154501592
B2306104740648N12002293WA0154401590
B2306114740650N12002305WA0154201589
B2306124740651N12002316WA0154101588
B2306134740653N12002327WA0153901588
B2306144740655N12002339WA0153801587
B2306154740656N12002351WA0153701587
B2306164740658N12002363WA0153601586
B2306174740659N12002373WA0153501587
B2306184740661N12002383WA0153401587
B2306194740663N12002392WA0153401587
B2306204740664N12002401WA0153301586
B2306214740666N12002411WA0153201584
B2306224740668N12002420WA0153101580
B2306234740670N12002431WA0152901576
B2306244740672N12002442WA0152801572
B2306254740673N12002453WA0152501569
B2306264740674N12002464WA0152401567
B2306274740674N12002473WA0152101567
B2306284740675N12002481WA0152001566
B2306294740675N12002489WA0151801565
B2306304740676N12002497WA0151701562
B2306314740676N12002507WA0151501558
B2306324740677N12002517WA0151301553
B2306334740677N12002528WA0150901548
B2306344740678N12002539WA0150701544
B2306354740679N12002550WA0150401540
B2306364740679N12002560WA0150101538
B2306374740680N12002571WA0149801536
B2306384740681N12002580WA0149601533
B2306394740682N12002590WA0149301530
B2306404740683N12002599WA0149101527
B2306414740684N12002609WA0148701522
B2306424740685N12002619WA0148501518
B2306434740686N12002629WA0148101516
B2306444740687N12002637WA0147901515
B2306454740687N12002645WA0147601514
B2306464740688N12002653WA0147401512
B2306474740689N12002662WA0147101508
B2306484740690N12002671WA0146901504
B2306494740690N12002682WA0146501500
B2306504740691N12002692WA0146301497
B2306514740692N12002702WA0146001495
B2306524740694N12002711WA0145801494
B2306534740695N12002720WA0145501493
B2306544740697N12002730WA0145301491
B2306554740699N12002739WA0145101490
B2306564740700N12002748WA0144901488
B2306574740701N12002757WA0144601487
B2306584740702N12002766WA0144501485
B2306594740703N12002775WA0144201483
B2307004740705N12002785WA0144101481
B2307014740706N12002794WA0143801480
B2307024740708N12002803WA0143701478
B2307034740709N12002811WA0143501478
B2307044740711N12002818WA0143401477
B2307054740713N12002826WA0143201475
B2307064740714N12002833WA0143001472
B2307074740715N12002842WA0142801469
B2307084740716N12002851WA0142701466
B2307094740718N12002860WA0142401463
B2307104740719N12002870WA0142201462
B2307114740721N12002879WA0142001461
B2307124740723N12002887WA0141901460
B2307134740724N12002895WA0141701459
B2307144740725N12002904WA0141601457
B2307154740727N12002913WA0141401455
B2307164740728N12002923WA0141201451
B2307174740730N12002932WA0140901449
B2307184740731N12002941WA0140801448
B2307194740732N12002951WA0140601446
B2307204740733N12002960WA0140401443
B2307214740735N12002970WA0140101440
B2307224740738N12002980WA0140001438
B2307234740740N12002990WA0139701436
B2307244740742N12002999WA0139601436
B2307254740744N12003007WA0139401435
B2307264740745N12003016WA0139301434
B2307274740746N12003024WA0139101433
B2307284740748N12003032WA0138901430
B2307294740749N12003041WA0138701427
B2307304740750N12003050WA0138601424
B2307314740752N12003060WA0138301420
B2307324740753N12003071WA0138101416
B2307334740753N12003081WA0137801413
B2307344740754N12003090WA0137601409
B2307354740754N12003100WA0137201405
B2307364740755N12003109WA0137001401
B2307374740756N12003118WA0136601397
B2307384740756N12003129WA0136401392
B2307394740756N12003139WA0135901387
B2307404740757N12003149WA0135701384
B2307414740757N12003158WA0135301382
B2307424740758N12003167WA0135001380
B2307434740758N12003176WA0134701377
B2307444740759N12003186WA0134401374
B2307454740760N12003195WA0134101371
B2307464740761N12003205WA0133801367
B2307474740761N12003215WA0133501364
B2307484740762N12003225WA0133201362
B2307494740763N12003235WA0132901359
B2307504740765N12003245WA0132701356
B2307514740766N12003256WA0132301352
B2307524740767N12003267WA0132001348
B2307534740768N12003278WA0131701345
B2307544740770N12003289WA0131401342
B2307554740772N12003299WA0131101340
B2307564740773N12003309WA0130801338
B2307574740775N12003319WA0130501336
B2307584740776N12003330WA0130301334
B2307594740778N12003340WA0130001332
B2308004740779N12003350WA0129801329
B2308014740780N12003360WA0129501327
B2308024740781N12003370WA0129301325
B2308034740781N12003380WA0129001323
B2308044740782N12003391WA0128901320
B2308054740783N12003402WA0128601318
B2308064740783N12003413WA0128401316
B2308074740785N12003424WA0128101314
B2308084740786N12003434WA0127901313
B2308094740787N12003444WA0127701312
B2308104740789N12003453WA0127601312
B2308114740791N12003462WA0127401311
B2308124740793N12003471WA0127301310
B2308134740796N12003480WA0127101308
B2308144740798N12003490WA0127001306
B2308154740800N12003500WA0126701303
B2308164740803N12003511WA0126601300
B2308174740806N12003522WA0126301297
B2308184740809N12003532WA0126201294
B2308194740813N12003544WA0125901291
B2308204740817N12003557WA0125701289
B2308214740821N12003569WA0125501288
B2308224740825N12003582WA0125301289
B2308234740829N12003594WA0125201290
B2308244740832N12003606WA0125101290
B2308254740836N12003618WA0125001290
B2308264740840N12003631WA0124901289
B2308274740845N12003642WA0124801288
B2308284740849N12003654WA0124701287
B2308294740853N12003666WA0124601286
B2308304740858N12003678WA0124501285
B2308314740862N12003689WA0124301283
B2308324740866N12003701WA0124201281
B2308334740870N12003713WA0124101279
B2308344740875N12003724WA0124001276
B2308354740880N12003735WA0123801274
B2308364740886N12003745WA0123701273
B2308374740891N12003755WA0123501271
B2308384740895N12003766WA0123401269
B2308394740899N12003778WA0123201267
B2308404740904N12003790WA0123001265
B2308414740909N12003802WA0122801262
B2308424740914N12003814WA0122601260
B2308434740918N12003826WA0122401258
B2308444740923N12003838WA0122301258
B2308454740927N12003850WA0122101258
B2308464740931N12003861WA0122001259
B2308474740935N12003871WA0121901261
B2308484740938N12003881WA0121901262
B2308494740941N12003891WA0121901265
B2308504740943N12003900WA0121901267
B2308514740944N12003908WA0122001269
B2308524740946N12003916WA0122101272
B2308534740946N12003923WA0122201275
B2308544740946N12003930WA0122301277
B2308554740945N12003936WA0122501279
B2308564740943N12003942WA0122601281
B2308574740941N12003947WA0122701281
B2308584740941N12003952WA0122801281
B2308594740940N12003960WA0122901280
B2309004740941N12003969WA0122901276
B2309014740943N12003980WA0122801274
B2309024740947N12003990WA0122801273
B2309034740951N12003998WA0122801274
B2309044740956N12004005WA0122801275
B2309054740961N12004011WA0122801277
B2309064740966N12004016WA0122901278
B2309074740971N12004021WA0122901278
B2309084740977N12004024WA0122901279
B2309094740983N12004025WA0123001279
B2309104740989N12004023WA0123001279
B2309114740993N12004020WA0123001279
B2309124740998N12004016WA0123001279
B2309134741002N12004012WA0123101279
B2309144741006N12004007WA0123101280
B2309154741009N12004001WA0123201281
B2309164741011N12003996WA0123201283
B2309174741011N12003991WA0123301285
B2309184741011N12003986WA0123401287
B2309194741011N12003982WA0123501289
B2309204741010N12003979WA0123601291
B2309214741008N12003975WA0123801293
B2309224741006N12003973WA0123901294
B2309234741003N12003972WA0124001295
B2309244741000N12003973WA0124101296
B2309254740996N12003976WA0124201298
B2309264740994N12003982WA0124301299
B2309274740993N12003990WA0124501301
B2309284740994N12003999WA0124601301
B2309294740997N12004007WA0124701302
B2309304741002N12004014WA0124801303
B2309314741008N12004018WA0124901303
B2309324741015N12004019WA0124901304
B2309334741021N12004017WA0125101306
B2309344741027N12004014WA0125201307
B2309354741032N12004010WA0125301310
B2309364741036N12004005WA0125401312
B2309374741040N12004000WA0125601315
B2309384741042N12003995WA0125701317
B2309394741043N12003990WA0126001319
B2309404741042N12003985WA0126101321
B2309414741040N12003981WA0126301322
B2309424741037N12003979WA0126401324
B2309434741033N12003980WA0126601326
B2309444741031N12003983WA0126801328
B2309454741028N12003987WA0127001330
B2309464741027N12003994WA0127101331
B2309474741027N12004000WA0127301332
B2309484741028N12004008WA0127401332
B2309494741030N12004017WA0127501332
B2309504741034N12004025WA0127601331
B2309514741040N12004034WA0127601331
B2309524741045N12004041WA0127701333
B2309534741050N12004048WA0127901336
B2309544741055N12004054WA0128001339
B2309554741060N12004059WA0128201342
B2309564741066N12004064WA0128301344
B2309574741072N12004067WA0128501346
B2309584741079N12004068WA0128601347
B2309594741086N12004066WA0128801348
B2310004741091N12004061WA0128901349
B2310014741095N12004055WA0129101351
B2310024741096N12004049WA0129201352
B2310034741095N12004042WA0129301353
B2310044741093N12004038WA0129401354
B2310054741089N12004038WA0129601356
B2310064741086N12004040WA0129801358
B2310074741084N12004046WA0129901361
B2310084741083N12004053WA0130101363
B2310094741083N12004062WA0130301364
B2310104741085N12004071WA0130401366
B2310114741089N12004080WA0130601367
B2310124741094N12004088WA0130701370
B2310134741099N12004094WA0131001373
B2310144741105N12004099WA0131101375
B2310154741110N12004101WA0131301377
B2310164741117N12004102WA0131501378
B2310174741123N12004100WA0131701378
B2310184741129N12004095WA0131801378
B2310194741132N12004088WA0131901379
B2310204741132N12004081WA0132001380
B2310214741131N12004076WA0132201383
B2310224741128N12004074WA0132301386
B2310234741125N12004075WA0132601388
B2310244741122N12004077WA0132701391
B2310254741120N12004081WA0132901393
B2310264741118N12004087WA0133101394
B2310274741117N12004095WA0133301396
B2310284741118N12004104WA0133401398
B2310294741120N12004113WA0133601400
B2310304741124N12004121WA0133801402
B2310314741128N12004127WA0134001404
B2310324741133N12004133WA0134101406
B2310334741139N12004138WA0134401408
B2310344741146N12004140WA0134501409
B2310354741153N12004140WA0134701409
B2310364741159N12004137WA0134801411
B2310374741163N12004131WA0135001413
B2310384741165N12004125WA0135201416
B2310394741164N12004118WA0135401419
B2310404741162N12004114WA0135601423
B2310414741160N12004111WA0135901427
B2310424741157N12004111WA0136101431
B2310434741154N12004114WA0136401434
B2310444741152N12004120WA0136601437
B2310454741151N12004127WA0136901440
B2310464741153N12004135WA0137201443
B2310474741156N12004143WA0137501445
B2310484741161N12004150WA0137701446
B2310494741166N12004157WA0137901449
B2310504741173N12004162WA0138101451
B2310514741179N12004167WA0138401454
B2310524741186N12004171WA0138601456
B2310534741193N12004175WA0138901458
B2310544741200N12004178WA0139101460
B2310554741207N12004180WA0139401463
B2310564741213N12004181WA0139601466
B2310574741220N12004182WA0139901469
B2310584741227N12004181WA0140101471
B2310594741233N12004180WA0140301473
B2311004741239N12004177WA0140501476
B2311014741244N12004172WA0140801478
B2311024741248N12004167WA0141001480
B2311034741251N12004160WA0141301483
B2311044741252N12004154WA0141501486
B2311054741252N12004148WA0141801489
B2311064741250N12004144WA0142001492
B2311074741247N12004141WA0142301495
B2311084741243N12004141WA0142501497
B2311094741239N12004143WA0142801500
B2311104741236N12004148WA0143001504
B2311114741235N12004154WA0143401508
B2311124741235N12004162WA0143601511
B2311134741238N12004169WA0144001514
B2311144741243N12004175WA0144201516
B2311154741250N12004178WA0144501518
B2311164741257N12004178WA0144701520
B2311174741263N12004174WA0145001522
B2311184741268N12004168WA0145201525
B2311194741271N12004162WA0145501528
B2311204741272N12004155WA0145701532
B2311214741270N12004150WA0146101536
B2311224741268N12004146WA0146301539
B2311234741264N12004144WA0146601541
B2311244741261N12004144WA0146901545
B2311254741258N12004145WA0147201549
B2311264741255N12004148WA0147501553
B2311274741254N12004154WA0147901556
B2311284741254N12004161WA0148101560
B2311294741256N12004169WA0148501564
B2311304741260N12004175WA0148801568
B2311314741265N12004180WA0149201571
B2311324741270N12004182WA0149501574
B2311334741277N12004183WA0149801575
B2311344741283N12004182WA0150001577
B2311354741289N12004177WA0150401580
B2311364741292N12004171WA0150601583
B2311374741294N12004164WA0151001587
B2311384741293N12004159WA0151201590
B2311394741291N12004155WA0151601594
B2311404741288N12004153WA0151801596
B2311414741285N12004153WA0152201600
B2311424741283N12004156WA0152401604
B2311434741281N12004162WA0152801607
B2311444741282N12004169WA0153101610
B2311454741284N12004177WA0153401613
B2311464741287N12004184WA0153701616
B2311474741293N12004188WA0154001619
B2311484741299N12004191WA0154301620
B2311494741306N12004191WA0154601622
B2311504741312N12004189WA0154801625
B2311514741317N12004187WA0155101627
B2311524741322N12004183WA0155301631
B2311534741325N12004177WA0155701635
B2311544741327N12004171WA0155901637
B2311554741327N12004165WA0156201640
B2311564741326N12004159WA0156401643
B2311574741324N12004155WA0156801646
B2311584741321N12004154WA0157001649
B2311594741318N12004156WA0157301652
B2312004741315N12004161WA0157601655
B2312014741314N12004167WA0157901659
B2312024741314N12004173WA0158201662
B2312034741316N12004180WA0158501665
B2312044741320N12004187WA0158801668
B2312054741325N12004191WA0159101669
B2312064741331N12004194WA0159301671
B2312074741337N12004195WA0159601674
B2312084741343N12004193WA0159801677
B2312094741348N12004189WA0160101680
B2312104741351N12004183WA0160401683
B2312114741353N12004176WA0160701685
B2312124741353N12004169WA0160901689
B2312134741352N12004164WA0161301692
B2312144741349N12004161WA0161501696
B2312154741345N12004160WA0161801699
B2312164741342N12004162WA0162101702
B2312174741339N12004166WA0162401706
B2312184741338N12004172WA0162701709
B2312194741338N12004178WA0163101712
B2312204741339N12004185WA0163301714
B2312214741341N12004191WA0163601717
B2312224741346N12004197WA0163801718
B2312234741351N12004202WA0164101720
B2312244741356N12004206WA0164301723
B2312254741362N12004208WA0164701726
B2312264741367N12004208WA0164901729
B2312274741372N12004206WA0165201732
B2312284741377N12004203WA0165401733
B2312294741383N12004200WA0165701735
B2312304741389N12004198WA0165901738
B2312314741394N12004198WA0166201741
B2312324741400N12004200WA0166401744
B2312334741405N12004205WA0166701746
B2312344741409N12004211WA0166901748
B2312354741411N12004219WA0167201751
B2312364741412N12004227WA0167401753
B2312374741411N12004234WA0167601756
B2312384741410N12004240WA0167801758
B2312394741409N12004246WA0168101760
B2312404741408N12004253WA0168301762
B2312414741407N12004261WA0168501761
B2312424741406N12004270WA0168601760
B2312434741404N12004278WA0168701760
B2312444741403N12004286WA0168801761
B2312454741401N12004293WA0169001763
B2312464741399N12004300WA0169101764
B2312474741398N12004307WA0169201765
B2312484741396N12004314WA0169301765
B2312494741394N12004323WA0169401764
B2312504741392N12004332WA0169501764
B2312514741390N12004340WA0169501764
B2312524741389N12004348WA0169601766
B2312534741387N12004356WA0169701768
B2312544741387N12004363WA0169801769
B2312554741386N12004371WA0169901768
B2312564741384N12004380WA0169901767
B2312574741383N12004390WA0169901765
B2312584741381N12004400WA0169901765
B2312594741380N12004409WA0169901765
B2313004741380N12004418WA0170001766
B2313014741381N12004427WA0170001767
B2313024741385N12004434WA0170001767
B2313034741391N12004440WA0170101767
B2313044741399N12004443WA0170101765
B2313054741407N12004443WA0170101764
B2313064741414N12004441WA0170101764
B2313074741421N12004439WA0170101765
B2313084741427N12004437WA0170101767
B2313094741433N12004435WA0170201768
B2313104741439N12004431WA0170201769
B2313114741445N12004427WA0170301768
B2313124741452N12004422WA0170301767
B2313134741459N12004417WA0170301765
B2313144741466N12004411WA0170201765
B2313154741473N12004405WA0170201765
B2313164741480N12004399WA0170201766
B2313174741486N12004395WA0170301767
B2313184741493N12004392WA0170301768
B2313194741500N12004389WA0170401768
B2313204741508N12004385WA0170401768
B2313214741516N12004381WA0170401767
B2313224741524N12004378WA0170401767
B2313234741531N12004375WA0170401769
B2313244741538N12004373WA0170501771
B2313254741544N12004371WA0170501773
B2313264741549N12004369WA0170601774
B2313274741555N12004366WA0170701774
B2313284741561N12004363WA0170701774
B2313294741567N12004361WA0170801774
B2313304741574N12004359WA0170801774
B2313314741580N12004357WA0170901775
B2313324741586N12004355WA0171001776
B2313334741593N12004352WA0171001776
B2313344741599N12004349WA0171101776
B2313354741605N12004347WA0171101776
B2313364741611N12004344WA0171101776
B2313374741617N12004341WA0171201777
B2313384741624N12004339WA0171201778
B2313394741630N12004336WA0171301778
B2313404741636N12004334WA0171301779
B2313414741642N12004331WA0171301779
B2313424741649N12004327WA0171301777
B2313434741656N12004324WA0171301776
B2313444741664N12004319WA0171301774
B2313454741671N12004315WA0171301773
B2313464741678N12004310WA0171201773
B2313474741685N12004305WA0171201773
B2313484741692N12004300WA0171201772
B2313494741700N12004294WA0171101771
B2313504741707N12004288WA0171101769
B2313514741716N12004281WA0171001766
B2313524741724N12004273WA0170901764
B2313534741732N12004266WA0170801764
B2313544741739N12004259WA0170701765
B2313554741747N12004253WA0170701766
B2313564741754N12004247WA0170601767
B2313574741761N12004240WA0170601768
B2313584741769N12004233WA0170601768
B2313594741777N12004227WA0170601768
B2314004741785N12004220WA0170601769
B2314014741792N12004214WA0170601770
B2314024741799N12004208WA0170701773
B2314034741804N12004203WA0170801777
B2314044741808N12004198WA0170901781
B2314054741812N12004191WA0171101783
B2314064741814N12004184WA0171201784
B2314074741816N12004175WA0171401787
B2314084741816N12004167WA0171501789
B2314094741815N12004161WA0171801792
B2314104741812N12004159WA0171901795
B2314114741809N12004159WA0172201797
B2314124741807N12004162WA0172301801
B2314134741806N12004167WA0172601803
B2314144741806N12004173WA0172801806
B2314154741808N12004180WA0173001807
B2314164741812N12004187WA0173201808
B2314174741819N12004192WA0173401810
B2314184741826N12004195WA0173501812
B2314194741833N12004195WA0173801815
B2314204741839N12004192WA0173901818
B2314214741844N12004188WA0174201821
B2314224741849N12004182WA0174401823
B2314234741853N12004175WA0174701826
B2314244741856N12004167WA0174901828
B2314254741858N12004158WA0175101831
B2314264741858N12004150WA0175301834
B2314274741858N12004142WA0175601836
B2314284741856N12004136WA0175801838
B2314294741854N12004132WA0176101840
B2314304741852N12004131WA0176201841
B2314314741849N12004133WA0176501841
B2314324741847N12004138WA0176601841
B2314334741847N12004145WA0176801842
B2314344741848N12004154WA0176901842
B2314354741850N12004161WA0177001844
B2314364741853N12004168WA0177201847
B2314374741855N12004174WA0177401850
B2314384741859N12004179WA0177501853
B2314394741864N12004184WA0177701855
B2314404741869N12004189WA0177901856
B2314414741875N12004192WA0178101858
B2314424741882N12004194WA0178301860
B2314434741889N12004195WA0178501862
B2314444741897N12004193WA0178601863
B2314454741903N12004189WA0178801865
B2314464741908N12004183WA0179001867
B2314474741912N12004177WA0179201869
B2314484741915N12004170WA0179401872
B2314494741916N12004164WA0179601875
B2314504741916N12004159WA0179801878
B2314514741915N12004155WA0180001881
B2314524741913N12004153WA0180201884
B2314534741911N12004152WA0180501887
B2314544741909N12004152WA0180701889
B2314554741909N12004152WA0181001892
B2314564741909N12004154WA0181201893
B2314574741909N12004159WA0181401893
B2314584741910N12004166WA0181501893
B2314594741913N12004173WA0181701892
B2315004741918N12004180WA0181801892
B2315014741924N12004186WA0181901893
B2315024741929N12004190WA0182001894
B2315034741935N12004193WA0182101896
B2315044741941N12004195WA0182201897
B2315054741947N12004196WA0182301897
B2315064741954N12004196WA0182401896
B2315074741962N12004196WA0182501895
B2315084741969N12004194WA0182501895
B2315094741977N12004192WA0182501895
B2315104741985N12004190WA0182601897
B2315114741991N12004186WA0182701899
B2315124741998N12004183WA0182801901
B2315134742004N12004178WA0182901901
B2315144742010N12004173WA0182901901
B2315154742017N12004168WA0183001900
B2315164742024N12004162WA0183001899
B2315174742030N12004155WA0183001897
B2315184742036N12004148WA0183001897
B2315194742041N12004141WA0183001897
B2315204742046N12004135WA0183001898
B2315214742051N12004129WA0183001898
B2315224742057N12004123WA0183101898
B2315234742062N12004118WA0183101898
B2315244742067N12004111WA0183101897
B2315254742073N12004105WA0183101896
B2315264742080N12004098WA0183001894
B2315274742086N12004092WA0183001893
B2315284742092N12004086WA0182901893
B2315294742098N12004080WA0182901893
B2315304742104N12004075WA0182901893
B2315314742110N12004071WA0182901893
B2315324742116N12004065WA0182901892
B2315334742122N12004059WA0182801891
B2315344742129N12004053WA0182801890
B2315354742136N12004046WA0182701889
B2315364742143N12004039WA0182601888
B2315374742148N12004031WA0182601890
B2315384742154N12004024WA0182601892
B2315394742159N12004018WA0182601893
B2315404742165N12004012WA0182601894
B2315414742171N12004006WA0182701894
B2315424742178N12004000WA0182701893
B2315434742185N12003993WA0182601891
B2315444742192N12003985WA0182601888
B2315454742198N12003976WA0182501885
B2315464742205N12003966WA0182401881
B2315474742212N12003957WA0182201879
B2315484742218N12003949WA0182101877
B2315494742224N12003941WA0182001876
B2315504742231N12003934WA0181901875
B2315514742237N12003928WA0181701874
B2315524742244N12003922WA0181601872
B2315534742251N12003917WA0181501870
B2315544742260N12003911WA0181301868
B2315554742268N12003905WA0181201866
B2315564742276N12003898WA0181001863
B2315574742284N12003892WA0180801861
B2315584742292N12003886WA0180701858
B2315594742300N12003880WA0180401856
B2316004742307N12003874WA0180301854
B2316014742315N12003867WA0180101851
B2316024742323N12003860WA0179901849
B2316034742331N12003854WA0179701848
B2316044742338N12003847WA0179501846
B2316054742345N12003841WA0179301846
B2316064742351N12003834WA0179201845
B2316074742358N12003829WA0179001843
B2316084742364N12003823WA0178901841
B2316094742371N12003817WA0178701838
B2316104742378N12003811WA0178501835
B2316114742385N12003803WA0178301831
B2316124742392N12003796WA0178101827
B2316134742399N12003788WA0177801824
B2316144742406N12003781WA0177601822
B2316154742413N12003774WA0177301819
B2316164742421N12003768WA0177101817
B2316174742428N12003763WA0176901815
B2316184742435N12003757WA0176701813
B2316194742442N12003751WA0176401811
B2316204742450N12003746WA0176201807
B2316214742458N12003741WA0175901803
B2316224742467N12003735WA0175601798
B2316234742475N12003730WA0175301793
B2316244742484N12003724WA0175001790
B2316254742492N12003718WA0174601788
B2316264742500N12003713WA0174401786
B2316274742507N12003707WA0174101784
B2316284742515N12003701WA0173901783
B2316294742522N12003694WA0173601781
B2316304742530N12003688WA0173401779
B2316314742539N12003682WA0173101777
B2316324742547N12003676WA0173001776
B2316334742554N12003669WA0172701775
B2316344742561N12003662WA0172601774
B2316354742568N12003655WA0172301773
B2316364742574N12003648WA0172201770
B2316374742582N12003640WA0172001768
B2316384742589N12003632WA0171801764
B2316394742596N12003624WA0171601762
B2316404742603N12003617WA0171401761
B2316414742610N12003610WA0171201760
B2316424742618N12003604WA0171101762
B2316434742624N12003599WA0171001765
B2316444742629N12003595WA0171001771
B2316454742633N12003593WA0171101776
B2316464742636N12003590WA0171201779
B2316474742640N12003586WA0171301781
B2316484742643N12003580WA0171401783
B2316494742647N12003574WA0171501783
B2316504742651N12003567WA0171601784
B2316514742655N12003560WA0171701785
B2316524742659N12003554WA0171801787
B2316534742663N12003548WA0172001789
B2316544742667N12003543WA0172101792
B2316554742671N12003537WA0172301794
B2316564742676N12003531WA0172401796
B2316574742680N12003525WA0172501798
B2316584742684N12003519WA0172701800
B2316594742688N12003514WA0172901803
B2317004742692N12003509WA0173001805
B2317014742696N12003503WA0173301807
B2317024742699N12003499WA0173401808
B2317034742703N12003494WA0173601808
B2317044742707N12003488WA0173701807
B2317054742712N12003482WA0173701805
B2317064742719N12003475WA0173701802
B2317074742725N12003469WA0173701801
B2317084742731N12003463WA0173801802
B2317094742736N12003458WA0173901804
B2317104742740N12003452WA0173901807
B2317114742745N12003446WA0174001808
B2317124742749N12003441WA0174101809
B2317134742754N12003436WA0174201808
B2317144742759N12003431WA0174201807
B2317154742765N12003425WA0174201806
B2317164742770N12003419WA0174201805
B2317174742775N12003414WA0174201804
B2317184742780N12003408WA0174201804
B2317194742784N12003403WA0174201805
B2317204742788N12003398WA0174301806
B2317214742792N12003393WA0174301804
B2317224742797N12003388WA0174201802
B2317234742803N12003382WA0174101799
B2317244742809N12003376WA0174001796
B2317254742816N12003369WA0173901794
B2317264742823N12003362WA0173801794
B2317274742829N12003355WA0173801795
B2317284742835N12003348WA0173701797
B2317294742841N12003342WA0173701799
B2317304742846N12003336WA0173801802
B2317314742850N12003331WA0173901805
B2317324742854N12003327WA0173901807
B2317334742858N12003323WA0174101809
B2317344742862N12003318WA0174201810
B2317354742867N12003313WA0174301810
B2317364742872N12003306WA0174301811
B2317374742877N12003300WA0174401810
B2317384742883N12003292WA0174501809
B2317394742890N12003283WA0174401807
B2317404742896N12003273WA0174401806
B2317414742902N12003264WA0174401806
B2317424742907N12003256WA0174401808
B2317434742912N12003249WA0174501810
B2317444742917N12003243WA0174501810
B2317454742922N12003238WA0174601810
B2317464742928N12003231WA0174601807
B2317474742934N12003224WA0174501805
B2317484742940N12003217WA0174401802
B2317494742946N12003210WA0174301799
B2317504742952N12003203WA0174201796
B2317514742958N12003196WA0174101795
B2317524742963N12003190WA0174001794
B2317534742968N12003184WA0173801792
B2317544742974N12003178WA0173701788
B2317554742980N12003173WA0173501784
B2317564742987N12003167WA0173301779
B2317574742994N12003160WA0173001774
B2317584743001N12003153WA0172701770
B2317594743008N12003145WA0172401766
B2318004743014N12003138WA0172201763
B2318014743021N12003131WA0171801761
B2318024743027N12003124WA0171601758
B2318034743034N12003118WA0171301755
B2318044743041N12003112WA0171101751
B2318054743048N12003106WA0170701747
B2318064743055N12003099WA0170401743
B2318074743062N12003091WA0170001738
B2318084743069N12003082WA0169701733
B2318094743076N12003073WA0169301727
B2318104743084N12003064WA0169001723
B2318114743091N12003057WA0168501719
B2318124743098N12003050WA0168201716
B2318134743105N12003044WA0167801712
B2318144743112N12003037WA0167501708
B2318154743119N12003029WA0167101703
B2318164743125N12003021WA0166801699
B2318174743132N12003013WA0166301696
B2318184743138N12003004WA0166001694
B2318194743143N12002997WA0165701692
B2318204743149N12002989WA0165401689
B2318214743155N12002983WA0165001686
B2318224743162N12002976WA0164801682
B2318234743169N12002970WA0164401678
B2318244743176N12002963WA0164101674
B2318254743183N12002956WA0163701671
B2318264743190N12002949WA0163501668
B2318274743197N12002942WA0163101665
B2318284743204N12002936WA0162801663
B2318294743211N12002930WA0162501660
B2318304743218N12002924WA0162201657
B2318314743225N12002917WA0161901654
B2318324743232N12002910WA0161601651
B2318334743239N12002904WA0161301648
B2318344743247N12002897WA0161001645
B2318354743255N12002889WA0160701642
B2318364743262N12002882WA0160501639
B2318374743269N12002875WA0160101637
B2318384743276N12002868WA0159901635
B2318394743283N12002861WA0159601633
B2318404743289N12002854WA0159401629
B2318414743296N12002846WA0159001625
B2318424743303N12002839WA0158701619
B2318434743310N12002831WA0158301614
B2318444743318N12002823WA0158001608
B2318454743326N12002815WA0157501603
B2318464743334N12002808WA0157201599
B2318474743341N12002801WA0156801596
B2318484743348N12002795WA0156501594
B2318494743355N12002788WA0156101591
B2318504743362N12002781WA0155801588
B2318514743369N12002774WA0155401584
B2318524743377N12002767WA0155101580
B2318534743384N12002760WA0154601575
B2318544743392N12002753WA0154301572
B2318554743399N12002746WA0153901568
B2318564743407N12002738WA0153601565
B2318574743414N12002730WA0153201561
B2318584743420N12002722WA0152901557
B2318594743427N12002714WA0152501553
B2319004743434N12002705WA0152201548
B2319014743441N12002698WA0151701545
B2319024743449N12002692WA0151401542
B2319034743457N12002686WA0151001539
B2319044743463N12002679WA0150701537
B2319054743470N12002672WA0150401535
B2319064743476N12002665WA0150101532
B2319074743483N12002659WA0149701529
B2319084743490N12002653WA0149501525
B2319094743496N12002647WA0149101521
B2319104743503N12002640WA0148801517
B2319114743509N12002634WA0148401513
B2319124743516N12002627WA0148101509
B2319134743523N12002621WA0147701506
B2319144743530N12002615WA0147401503
B2319154743536N12002608WA0147101500
B2319164743542N12002601WA0146801496
B2319174743549N12002594WA0146401492
B2319184743556N12002586WA0146101488
B2319194743563N12002578WA0145701485
B2319204743570N12002571WA0145401483
B2319214743577N12002564WA0145001480
B2319224743584N12002557WA0144801478
B2319234743591N12002551WA0144401475
B2319244743598N12002545WA0144201472
B2319254743606N12002538WA0143801469
B2319264743613N12002531WA0143601465
B2319274743620N12002524WA0143201461
B2319284743628N12002517WA0142901458
B2319294743635N12002510WA0142501454
B2319304743642N12002503WA0142301449
B2319314743649N12002496WA0141801444
B2319324743656N12002489WA0141501440
B2319334743663N12002482WA0141101436
B2319344743670N12002475WA0140801432
B2319354743676N12002469WA0140401429
B2319364743683N12002463WA0140101425
B2319374743689N12002457WA0139601421
B2319384743695N12002451WA0139301417
B2319394743702N12002445WA0138901412
B2319404743708N12002438WA0138601408
B2319414743715N12002431WA0138101404
B2319424743721N12002425WA0137801401
B2319434743727N12002418WA0137401398
B2319444743733N12002412WA0137101394
B2319454743740N12002406WA0136701390
B2319464743747N12002400WA0136401387
B2319474743754N12002394WA0135901383
B2319484743761N12002387WA0135601379
B2319494743767N12002380WA0135201375
B2319504743773N12002373WA0134901370
B2319514743780N12002365WA0134401365
B2319524743786N12002358WA0134101361
B2319534743793N12002350WA0133601357
B2319544743799N12002343WA0133301353
B2319554743805N12002335WA0132801349
B2319564743812N12002328WA0132501345
B2319574743819N12002321WA0132001341
B2319584743826N12002314WA0131701336
B2319594743833N12002307WA0131201331
B2320004743841N12002300WA0130801327
B2320014743848N12002293WA0130401324
B2320024743855N12002287WA0130101322
B2320034743862N12002280WA0129701320
B2320044743868N12002272WA0129401318
B2320054743875N12002265WA0129101318
B2320064743881N12002259WA0128801317
B2320074743886N12002252WA0128601317
B2320084743891N12002246WA0128401316
B2320094743896N12002239WA0128201314
B2320104743902N12002231WA0128001311
B2320114743907N12002222WA0127701310
B2320124743910N12002213WA0127601313
B2320134743913N12002207WA0127601318
B2320144743915N12002203WA0127601323
B2320154743919N12002200WA0127701326
B2320164743922N12002195WA0127801328
B2320174743927N12002189WA0127801329
B2320184743932N12002184WA0127901330
B2320194743937N12002178WA0127901331
B2320204743943N12002175WA0128001333
B2320214743949N12002174WA0128101336
B2320224743955N12002175WA0128301340
B2320234743960N12002177WA0128501345
B2320244743964N12002181WA0128601349
B2320254743967N12002187WA0128901352
B2320264743970N12002193WA0129101355
B2320274743970N12002199WA0129401358
B2320284743969N12002205WA0129601361
B2320294743966N12002210WA0129801363
B2320304743963N12002214WA0130001364
B2320314743959N12002217WA0130201365
B2320324743956N12002219WA0130401367
B2320334743953N12002218WA0130601369
B2320344743951N12002216WA0130801369
B2320354743949N12002213WA0131001370
B2320364743948N12002209WA0131101371
B2320374743948N12002204WA0131201372
B2320384743951N12002198WA0131301372
B2320394743954N12002192WA0131501371
B2320404743958N12002186WA0131501372
B2320414743963N12002180WA0131701374
B2320424743969N12002176WA0131801376
B2320434743975N12002172WA0131901378
B2320444743981N12002167WA0132001380
B2320454743986N12002162WA0132201384
B2320464743992N12002157WA0132401387
B2320474743997N12002152WA0132601390
B2320484744002N12002146WA0132801392
B2320494744008N12002140WA0133001394
B2320504744013N12002135WA0133201396
B2320514744019N12002129WA0133401399
B2320524744024N12002124WA0133601402
B2320534744030N12002119WA0133901405
B2320544744036N12002113WA0134001407
B2320554744042N12002107WA0134301410
B2320564744048N12002101WA0134501411
B2320574744055N12002093WA0134701412
B2320584744061N12002085WA0134901414
B2320594744067N12002078WA0135101416
B2321004744073N12002073WA0135301419
B2321014744078N12002069WA0135501422
B2321024744084N12002064WA0135701423
B2321034744090N12002058WA0136001424
B2321044744096N12002052WA0136101424
B2321054744103N12002044WA0136301423
B2321064744111N12002037WA0136301423
B2321074744118N12002031WA0136501425
B2321084744125N12002024WA0136601427
B2321094744131N12002017WA0136801429
B2321104744136N12002011WA0136901430
B2321114744143N12002004WA0137001430
B2321124744149N12001997WA0137101430
B2321134744155N12001990WA0137201430
B2321144744162N12001982WA0137301429
B2321154744167N12001974WA0137301429
B2321164744173N12001967WA0137401430
B2321174744179N12001961WA0137501431
B2321184744185N12001956WA0137501431
B2321194744190N12001951WA0137601434
B2321204744195N12001949WA0137701437
B2321214744199N12001947WA0137901440
B2321224744204N12001945WA0138001441
B2321234744209N12001941WA0138201441
B2321244744214N12001937WA0138201441
B2321254744220N12001932WA0138301442
B2321264744225N12001928WA0138401444
B2321274744231N12001923WA0138601446
B2321284744237N12001919WA0138701448
B2321294744242N12001916WA0138901451
B2321304744247N12001912WA0139001454
B2321314744252N12001908WA0139301456
B2321324744257N12001902WA0139401458
B2321334744262N12001897WA0139601461
B2321344744267N12001892WA0139801465
B2321354744272N12001888WA0140101469
B2321364744276N12001883WA0140301472
B2321374744281N12001878WA0140601474
B2321384744287N12001872WA0140701476
B2321394744293N12001866WA0141001478
B2321404744299N12001862WA0141201480
B2321414744304N12001857WA0141501483
B2321424744310N12001853WA0141601486
B2321434744315N12001849WA0141901490
B2321444744321N12001845WA0142101493
B2321454744326N12001840WA0142501496
B2321464744331N12001835WA0142701499
B2321474744336N12001831WA0143001502
B2321484744341N12001826WA0143201505
B2321494744346N12001821WA0143501508
B2321504744352N12001816WA0143801511
B2321514744357N12001812WA0144101515
B2321524744362N12001807WA0144401519
B2321534744367N12001803WA0144701523
B2321544744372N12001798WA0145001527
B2321554744377N12001794WA0145401530
B2321564744383N12001789WA0145601534
B2321574744389N12001784WA0146001537
B2321584744394N12001779WA0146301542
B2321594744400N12001774WA0146701546
B2322004744405N12001769WA0147001551
B2322014744410N12001764WA0147501555
B2322024744416N12001759WA0147801558
B2322034744422N12001754WA0148201561
B2322044744428N12001749WA0148501564
B2322054744434N12001743WA0148901568
B2322064744440N12001738WA0149201571
B2322074744445N12001734WA0149601574
B2322084744450N12001729WA0149801578
B2322094744455N12001725WA0150201580
B2322104744460N12001719WA0150501582
B2322114744466N12001715WA0150801583
B2322124744472N12001711WA0151101585
B2322134744478N12001707WA0151401587
B2322144744483N12001703WA0151601589
B2322154744488N12001700WA0151901591
B2322164744494N12001696WA0152101593
B2322174744500N12001693WA0152301593
B2322184744506N12001689WA0152501592
B2322194744514N12001685WA0152601591
B2322204744521N12001681WA0152701590
B2322214744529N12001676WA0152801589
B2322224744536N12001672WA0152801589
B2322234744543N12001668WA0152901590
B2322244744549N12001664WA0152901590
B2322254744555N12001660WA0153001589
B2322264744562N12001656WA0153001589
B2322274744569N12001651WA0153101588
B2322284744576N12001647WA0153101587
B2322294744583N12001643WA0153101587
B2322304744589N12001639WA0153101588
B2322314744596N12001634WA0153101588
B2322324744601N12001629WA0153101589
B2322334744607N12001625WA0153201590
B2322344744614N12001622WA0153201590
B2322354744621N12001619WA0153201589
B2322364744628N12001615WA0153201587
B2322374744636N12001610WA0153201586
B2322384744644N12001605WA0153101586
B2322394744652N12001599WA0153101586
B2322404744659N12001594WA0153101588
B2322414744665N12001589WA0153101589
B2322424744672N12001585WA0153201589
B2322434744678N12001581WA0153201589
B2322444744685N12001577WA0153201588
B2322454744692N12001572WA0153101586
B2322464744699N12001567WA0153101584
B2322474744706N12001562WA0153001582
B2322484744713N12001558WA0153001580
B2322494744719N12001554WA0152901579
B2322504744726N12001550WA0152801577
B2322514744733N12001546WA0152701575
B2322524744740N12001541WA0152601573
B2322534744746N12001536WA0152401571
B2322544744753N12001532WA0152301569
B2322554744761N12001527WA0152101567
B2322564744768N12001522WA0152001565
B2322574744776N12001518WA0151901564
B2322584744783N12001514WA0151801563
B2322594744790N12001509WA0151601562
B2323004744797N12001504WA0151501561
B2323014744804N12001499WA0151401560
B2323024744812N12001494WA0151301559
B2323034744819N12001490WA0151101558
B2323044744826N12001486WA0151001557
B2323054744833N12001482WA0150901555
B2323064744840N12001478WA0150801553
B2323074744847N12001473WA0150601550
B2323084744855N12001468WA0150501548
B2323094744862N12001464WA0150301546
B2323104744869N12001460WA0150201545
B2323114744876N12001456WA0150001544
B2323124744884N12001452WA0149901541
B2323134744891N12001447WA0149701538
B2323144744898N12001442WA0149501535
B2323154744906N12001436WA0149201532
B2323164744913N12001431WA0149001529
B2323174744921N12001426WA0148701526
B2323184744928N12001422WA0148601522
B2323194744935N12001419WA0148201518
B2323204744942N12001416WA0148001514
B2323214744950N12001413WA0147701510
B2323224744957N12001409WA0147401506
B2323234744965N12001405WA0147001501
B2323244744972N12001401WA0146701496
B2323254744979N12001396WA0146301491
B2323264744987N12001392WA0146001486
B2323274744993N12001388WA0145501482
B2323284745000N12001384WA0145201480
B2323294745007N12001380WA0144801477
B2323304745014N12001375WA0144601474
B2323314745022N12001370WA0144201472
B2323324745029N12001365WA0144001471
B2323334745036N12001359WA0143601470
B2323344745042N12001353WA0143401469
B2323354745048N12001346WA0143201469
B2323364745054N12001340WA0143001469
B2323374745059N12001335WA0142801468
B2323384745064N12001330WA0142701466
B2323394745068N12001325WA0142401462
B2323404745074N12001319WA0142201457
B2323414745079N12001312WA0141901452
B2323424745085N12001304WA0141601447
B2323434745092N12001297WA0141301444
B2323444745098N12001290WA0141001443
B2323454745103N12001284WA0140801444
B2323464745109N12001278WA0140601445
B2323474745114N12001273WA0140501446
B2323484745119N12001267WA0140401446
B2323494745124N12001259WA0140201445
B2323504745129N12001253WA0140101445
B2323514745135N12001247WA0140001444
B2323524745141N12001243WA0139901445
B2323534745147N12001239WA0139801445
B2323544745153N12001235WA0139801445
B2323554745158N12001230WA0139701444
B2323564745164N12001225WA0139601443
B2323574745170N12001219WA0139501441
B2323584745177N12001214WA0139501440
B2323594745183N12001208WA0139401441
B2324004745189N12001203WA0139401442
B2324014745195N12001198WA0139401443
B2324024745201N12001193WA0139401443
B2324034745207N12001187WA0139301443
B2324044745214N12001181WA0139301443
B2324054745221N12001175WA0139301444
B2324064745228N12001169WA0139301445
B2324074745235N12001164WA0139401447
B2324084745241N12001158WA0139401449
B2324094745247N12001153WA0139501451
B2324104745254N12001148WA0139601452
B2324114745260N12001143WA0139601451
B2324124745267N12001137WA0139701451
B2324134745274N12001132WA0139701451
B2324144745281N12001128WA0139801452
B2324154745288N12001125WA0139801452
B2324164745295N12001122WA0139801452
B2324174745302N12001119WA0139901451
B2324184745309N12001115WA0139901449
B2324194745318N12001110WA0139801447
B2324204745327N12001104WA0139701445
B2324214745335N12001099WA0139701446
B2324224745343N12001095WA0139701448
B2324234745349N12001091WA0139701451
B2324244745356N12001087WA0139801454
B2324254745363N12001083WA0139901456
B2324264745370N12001078WA0140001456
B2324274745378N12001073WA0140001455
B2324284745386N12001068WA0140001455
B2324294745393N12001062WA0140101455
B2324304745400N12001057WA0140101455
B2324314745407N12001052WA0140201457
B2324324745414N12001048WA0140201459
B2324334745420N12001045WA0140401460
B2324344745427N12001041WA0140401461
B2324354745434N12001036WA0140501461
B2324364745441N12001030WA0140501460
B2324374745448N12001025WA0140601460
B2324384745455N12001019WA0140601461
B2324394745461N12001015WA0140701462
B2324404745467N12001010WA0140701462
B2324414745474N12001005WA0140801463
B2324424745480N12000999WA0140801462
B2324434745487N12000993WA0140901462
B2324444745493N12000987WA0140901462
B2324454745500N12000982WA0140901465
B2324464745506N12000978WA0141001467
B2324474745512N12000974WA0141101469
B2324484745518N12000969WA0141201469
B2324494745525N12000963WA0141201469
B2324504745532N12000957WA0141301469
B2324514745540N12000952WA0141301469
B2324524745548N12000947WA0141401471
B2324534745555N12000943WA0141501475
B2324544745560N12000939WA0141601479
B2324554745564N12000934WA0141901485
B2324564745567N12000930WA0142101489
B2324574745571N12000926WA0142401492
B2324584745576N12000922WA0142601492
B2324594745582N12000917WA0142801492
B2325004745589N12000912WA0142901492
B2325014745595N12000908WA0143101493
B2325024745600N12000905WA0143201495
B2325034745606N12000902WA0143401496
B2325044745612N12000899WA0143501496
B2325054745618N12000895WA0143501493
B2325064745625N12000891WA0143501490
B2325074745632N12000888WA0143501487
B2325084745638N12000885WA0143501486
B2325094745644N12000881WA0143501484
B2325104745649N12000878WA0143401482
B2325114745654N12000874WA0143301479
B2325124745660N12000870WA0143201474
B2325134745667N12000865WA0143001469
B2325144745674N12000861WA0142801464
B2325154745680N12000857WA0142501463
B2325164745687N12000854WA0142401462
B2325174745692N12000850WA0142201462
B2325184745697N12000846WA0142101461
B2325194745703N12000842WA0141901460
B2325204745709N12000838WA0141801457
B2325214745715N12000835WA0141601455
B2325224745721N12000832WA0141401452
B2325234745728N12000830WA0141101449
B2325244745734N12000828WA0141001446
B2325254745740N12000825WA0140701442
B2325264745747N12000821WA0140501438
B2325274745753N12000817WA0140101435
B2325284745760N12000813WA0139901432
B2325294745766N12000809WA0139601429
B2325304745772N12000805WA0139401427
B2325314745779N12000801WA0139101425
B2325324745785N12000797WA0138901422
B2325334745792N12000793WA0138601419
B2325344745798N12000789WA0138401416
B2325354745805N12000785WA0138101413
B2325364745812N12000782WA0137901411
B2325374745819N12000779WA0137601409
B2325384745826N12000777WA0137401408
B2325394745832N12000773WA0137101406
B2325404745838N12000768WA0136901404
B2325414745843N12000762WA0136701402
B2325424745849N12000756WA0136501400
B2325434745855N12000750WA0136301399
B2325444745861N12000746WA0136101397
B2325454745866N12000742WA0135901396
B2325464745872N12000738WA0135801395
B2325474745878N12000733WA0135601394
B2325484745883N12000728WA0135401392
B2325494745889N12000724WA0135201390
B2325504745895N12000720WA0135101388
B2325514745900N12000715WA0134901386
B2325524745905N12000710WA0134701384
B2325534745910N12000705WA0134501380
B2325544745916N12000701WA0134301376
B2325554745922N12000696WA0134001372
B2325564745928N12000692WA0133801368
B2325574745934N12000687WA0133401364
B2325584745940N12000682WA0133201360
B2325594745947N12000678WA0132901357
B2326004745953N12000674WA0132701355
B2326014745959N12000670WA0132301353
B2326024745965N12000666WA0132101351
B2326034745971N12000662WA0131801348
B2326044745977N12000657WA0131601344
B2326054745983N12000652WA0131201340
B2326064745988N12000646WA0131001336
B2326074745994N12000641WA0130601333
B2326084746001N12000635WA0130401329
B2326094746007N12000631WA0130001326
B2326104746013N12000626WA0129701323
B2326114746018N12000621WA0129401320
B2326124746024N12000615WA0129101317
B2326134746029N12000610WA0128801315
B2326144746035N12000606WA0128601313
B2326154746041N12000601WA0128201310
B2326164746047N12000596WA0128001307
B2326174746053N12000590WA0127701304
B2326184746058N12000583WA0127501301
B2326194746064N12000576WA0127101298
B2326204746069N12000569WA0126901296
B2326214746074N12000563WA0126601294
B2326224746079N12000557WA0126401292
B2326234746084N12000551WA0126101290
B2326244746089N12000546WA0125901286
B2326254746095N12000539WA0125501282
B2326264746100N12000532WA0125301278
B2326274746106N12000525WA0124901274
B2326284746111N12000518WA0124701271
B2326294746116N12000511WA0124301268
B2326304746121N12000504WA0124101266
B2326314746125N12000496WA0123701264
B2326324746130N12000490WA0123501261
B2326334746134N12000483WA0123201258
B2326344746140N12000477WA0123001254
B2326354746145N12000471WA0122601251
B2326364746149N12000466WA0122401249
B2326374746152N12000461WA0122101248
B2326384746154N12000456WA0121901247
B2326394746157N12000452WA0121701245
B2326404746161N12000447WA0121501240
B2326414746166N12000442WA0121101233
B2326424746171N12000437WA0120801229
B2326434746175N12000434WA0120501228
B2326444746177N12000430WA0120301229
B2326454746178N12000427WA0120101228
B2326464746180N12000423WA0119901226
B2326474746183N12000419WA0119601221
B2326484746187N12000414WA0119401216
B2326494746191N12000410WA0119001213
B2326504746196N12000407WA0118801211
B2326514746199N12000405WA0118601211
B2326524746203N12000403WA0118401210
B2326534746206N12000400WA0118101208
B2326544746210N12000395WA0118001205
B2326554746216N12000390WA0117601200
B2326564746221N12000385WA0117401197
B2326574746226N12000380WA0117101195
B2326584746230N12000376WA0116901194
B2326594746234N12000372WA0116701194
B2327004746238N12000368WA0116501192
B2327014746242N12000364WA0116201189
B2327024746246N12000358WA0116001184
B2327034746251N12000351WA0115701180
B2327044746255N12000343WA0115501178
B2327054746259N12000337WA0115201176
B2327064746262N12000331WA0115001176
B2327074746266N12000327WA0114801175
B2327084746270N12000323WA0114601174
B2327094746274N12000319WA0114401173
B2327104746278N12000315WA0114301172
B2327114746282N12000310WA0114101171
B2327124746286N12000306WA0114001170
B2327134746291N12000301WA0113801169
B2327144746295N12000297WA0113701168
B2327154746299N12000293WA0113601166
B2327164746303N12000289WA0113401164
B2327174746307N12000284WA0113301162
B2327184746312N12000280WA0113101160
B2327194746316N12000276WA0112901158
B2327204746320N12000273WA0112801157
B2327214746324N12000269WA0112601156
B2327224746329N12000265WA0112501155
B2327234746333N12000262WA0112401154
B2327244746338N12000259WA0112301154
B2327254746342N12000257WA0112101153
B2327264746347N12000254WA0112101153
B2327274746351N12000251WA0111901153
B2327284746354N12000249WA0111901153
B2327294746358N12000246WA0111801152
B2327304746362N12000243WA0111701149
B2327314746367N12000240WA0111501145
B2327324746372N12000237WA0111401141
B2327334746378N12000235WA0111101137
B2327344746384N12000233WA0110901134
B2327354746389N12000231WA0110701131
B2327364746394N12000230WA0110501129
B2327374746399N12000228WA0110201127
B2327384746404N12000226WA0110101124
B2327394746410N12000225WA0109801120
B2327404746415N12000223WA0109601116
B2327414746421N12000220WA0109201112
B2327424746426N12000217WA0109001108
B2327434746432N12000215WA0108701105
B2327444746437N12000212WA0108401102
B2327454746442N12000210WA0108101098
B2327464746448N12000207WA0107801094
B2327474746454N12000203WA0107401090
B2327484746461N12000200WA0107201086
B2327494746468N12000196WA0106801084
B2327504746474N12000193WA0106501082
B2327514746481N12000191WA0106201080
B2327524746487N12000189WA0106001079
B2327534746492N12000187WA0105701077
B2327544746498N12000185WA0105501075
B2327554746504N12000182WA0105201072
B2327564746510N12000179WA0105001068
B2327574746517N12000175WA0104601066
B2327584746523N12000172WA0104401064
B2327594746529N12000170WA0104201064
B2328004746534N12000167WA0104001063
B2328014746539N12000165WA0103801062
B2328024746544N12000162WA0103601059
B2328034746550N12000158WA0103401056
B2328044746556N12000155WA0103201053
B2328054746562N12000152WA0102901052
B2328064746567N12000149WA0102801051
B2328074746573N12000147WA0102601050
B2328084746578N12000144WA0102401048
B2328094746584N12000141WA0102201045
B2328104746590N12000137WA0102001042
B2328114746597N12000134WA0101801040
B2328124746603N12000132WA0101601037
B2328134746610N12000129WA0101301035
B2328144746616N12000126WA0101101032
B2328154746622N12000122WA0100901029
B2328164746629N12000119WA0100701026
B2328174746635N12000117WA0100401024
B2328184746641N12000114WA0100201022
B2328194746647N12000112WA0099901020
B2328204746653N12000111WA0099801017
B2328214746659N12000109WA0099501014
B2328224746665N12000106WA0099301010
B2328234746671N12000104WA0098901006
B2328244746677N12000101WA0098701003
B2328254746684N12000098WA0098401000
B2328264746690N12000095WA0098200998
B2328274746696N12000091WA0097800995
B2328284746702N12000086WA0097600993
B2328294746709N12000081WA0097300990
B2328304746715N12000077WA0097100987
B2328314746722N12000072WA0096800985
B2328324746728N12000068WA0096600984
B2328334746735N12000064WA0096300982
B2328344746741N12000061WA0096200981
B2328354746748N12000057WA0095900979
B2328364746754N12000054WA0095700977
B2328374746761N12000050WA0095500974
B2328384746768N12000046WA0095300971
B2328394746775N12000042WA0095000968
B2328404746781N12000038WA0094800965
B2328414746788N12000034WA0094500961
B2328424746794N12000029WA0094300958
B2328434746800N12000025WA0093900953
B2328444746807N12000020WA0093700948
B2328454746814N12000015WA0093300944
B2328464746821N12000010WA0093000940
B2328474746827N12000005WA0092600937
B2328484746833N12000000WA0092400934
B2328494746840N11959996WA0092000930
B2328504746846N11959992WA0091700926
B2328514746853N11959988WA0091300923
B2328524746859N11959983WA0091100919
B2328534746865N11959978WA0090600915
B2328544746871N11959972WA0090400911
B2328554746877N11959967WA0089900907
B2328564746884N11959962WA0089600902
B2328574746891N11959956WA0089200899
B2328584746898N11959951WA0088900896
B2328594746904N11959945WA0088600894
B2329004746909N11959939WA0088300892
B2329014746915N11959934WA0088000890
B2329024746921N11959930WA0087700887
B2329034746928N11959926WA0087400884
B2329044746935N11959921WA0087100880
B2329054746942N11959915WA0086800877
B2329064746949N11959909WA0086500875
B2329074746955N11959904WA0086200873
B2329084746961N11959900WA0086000872
B2329094746967N11959897WA0085700871
B2329104746973N11959893WA0085500869
B2329114746979N11959889WA0085300866
B2329124746986N11959885WA0085000862
B2329134746992N11959879WA0084700859
B2329144746999N11959874WA0084500856
B2329154747006N11959870WA0084200855
B2329164747012N11959866WA0084000853
B2329174747018N11959863WA0083800853
B2329184747024N11959860WA0083600851
B2329194747030N11959857WA0083400848
B2329204747036N11959853WA0083200845
B2329214747042N11959849WA0082900842
B2329224747049N11959844WA0082700840
B2329234747055N11959840WA0082500838
B2329244747061N11959835WA0082300836
B2329254747067N11959831WA0082000834
B2329264747073N11959828WA0081900832
B2329274747079N11959824WA0081600829
B2329284747086N11959820WA0081400827
B2329294747092N11959816WA0081200824
B2329304747098N11959812WA0081000822
B2329314747105N11959807WA0080700819
B2329324747111N11959804WA0080500816
B2329334747117N11959800WA0080300814
B2329344747123N11959796WA0080100811
B2329354747129N11959792WA0079800809
B2329364747136N11959787WA0079600805
B2329374747143N11959783WA0079300802
B2329384747149N11959778WA0079100799
B2329394747156N11959773WA0078800796
B2329404747162N11959768WA0078600794
B2329414747168N11959764WA0078300791
B2329424747175N11959760WA0078100788
B2329434747182N11959756WA0077700786
B2329444747188N11959752WA0077500783
B2329454747195N11959749WA0077200780
B2329464747202N11959746WA0077000777
B2329474747208N11959742WA0076700774
B2329484747215N11959737WA0076500771
B2329494747222N11959731WA0076100768
B2329504747229N11959725WA0075900765
B2329514747236N11959719WA0075600763
B2329524747242N11959714WA0075400761
B2329534747249N11959709WA0075100759
B2329544747256N11959704WA0074900757
B2329554747262N11959699WA0074600755
B2329564747269N11959694WA0074400752
B2329574747276N11959688WA0074100749
B2329584747282N11959681WA0073900746
B2329594747289N11959674WA0073600743
B2330004747295N11959667WA0073400741
B2330014747301N11959661WA0073200740
B2330024747307N11959657WA0073000738
B2330034747313N11959652WA0072700736
B2330044747319N11959647WA0072500733
B2330054747325N11959642WA0072300730
B2330064747331N11959636WA0072000727
B2330074747338N11959630WA0071800724
B2330084747344N11959624WA0071600722
B2330094747349N11959617WA0071300720
B2330104747354N11959610WA0071100718
B2330114747360N11959604WA0070800715
B2330124747366N11959598WA0070600713
B2330134747372N11959593WA0070400711
B2330144747377N11959588WA0070200708
B2330154747383N11959583WA0069900705
B2330164747389N11959578WA0069700702
B2330174747395N11959572WA0069400699
B2330184747402N11959567WA0069100695
B2330194747408N11959561WA0068800692
B2330204747414N11959556WA0068600690
B2330214747420N11959551WA0068300687
B2330224747426N11959545WA0068100685
B2330234747432N11959539WA0067800682
B2330244747439N11959532WA0067600678
B2330254747445N11959525WA0067200675
B2330264747452N11959518WA0067000673
B2330274747459N11959511WA0066700672
B2330284747465N11959504WA0066600671
B2330294747471N11959499WA0066400672
B2330304747477N11959494WA0066200672
B2330314747483N11959489WA0066100672
B2330324747489N11959483WA0066000670
B2330334747495N11959476WA0065800669
B2330344747501N11959469WA0065700667
B2330354747508N11959463WA0065500666
B2330364747514N11959457WA0065400665
B2330374747520N11959452WA0065200665
B2330384747525N11959447WA0065200665
B2330394747531N11959442WA0065000663
B2330404747537N11959436WA0064900661
B2330414747544N11959430WA0064700659
B2330424747550N11959424WA0064600657
B2330434747557N11959419WA0064400656
B2330444747563N11959413WA0064300655
B2330454747570N11959408WA0064200654
B2330464747576N11959402WA0064100652
B2330474747583N11959396WA0063900651
B2330484747590N11959391WA0063800650
B2330494747597N11959386WA0063700649
B2330504747603N11959382WA0063600649
B2330514747610N11959378WA0063500648
B2330524747616N11959374WA0063400647
B2330534747622N11959370WA0063300645
B2330544747628N11959365WA0063200644
B2330554747634N11959360WA0063000642
B2330564747640N11959355WA0062900640
B2330574747646N11959349WA0062700637
B2330584747653N11959344WA0062600634
B2330594747659N11959338WA0062400632
B2331004747666N11959332WA0062200629
B2331014747673N11959327WA0062000627
B2331024747679N11959321WA0061900626
B2331034747685N11959315WA0061700625
B2331044747690N11959310WA0061600625
B2331054747696N11959305WA0061400624
B2331064747702N11959300WA0061300622
B2331074747709N11959295WA0061100621
B2331084747715N11959289WA0061000619
B2331094747722N11959284WA0060800617
B2331104747728N11959279WA0060700617
B2331114747735N11959275WA0060500616
B2331124747741N11959270WA0060400615
B2331134747746N11959265WA0060300613
B2331144747751N11959259WA0060200612
B2331154747757N11959255WA0060000611
B2331164747762N11959251WA0059900609
B2331174747768N11959246WA0059800607
B2331184747774N11959242WA0059600604
B2331194747780N11959238WA0059400601
B2331204747786N11959233WA0059200597
B2331214747792N11959228WA0059000593
B2331224747798N11959222WA0058800589
B2331234747804N11959217WA0058500586
B2331244747809N11959213WA0058300584
B2331254747815N11959209WA0058000582
B2331264747821N11959205WA0057800579
B2331274747827N11959199WA0057500575
B2331284747833N11959193WA0057300571
B2331294747839N11959187WA0056900568
B2331304747846N11959182WA0056700566
B2331314747852N11959177WA0056400564
B2331324747857N11959173WA0056200562
B2331334747864N11959169WA0055900560
B2331344747870N11959164WA0055700557
B2331354747876N11959160WA0055400554
B2331364747882N11959155WA0055300554
B2331374747886N11959151WA0055000553
B2331384747891N11959146WA0054900552
B2331394747896N11959141WA0054700550
B2331404747901N11959137WA0054500548
B2331414747907N11959133WA0054200545
B2331424747914N11959129WA0054100542
B2331434747920N11959125WA0053800541
B2331444747925N11959120WA0053700539
B2331454747931N11959116WA0053400537
B2331464747937N11959111WA0053300535
B2331474747943N11959107WA0053000531
B2331484747949N11959102WA0052800528
B2331494747956N11959098WA0052500525
B2331504747962N11959093WA0052300521
B2331514747968N11959088WA0052000519
B2331524747974N11959083WA0051900517
B2331534747980N11959078WA0051600515
B2331544747985N11959072WA0051400512
B2331554747990N11959067WA0051100511
B2331564747996N11959062WA0051000509
B2331574748001N11959059WA0050700508
B2331584748006N11959057WA0050600507
B2331594748011N11959055WA0050400508
B2332004748015N11959053WA0050300509
B2332014748019N11959050WA0050200509
B2332024748023N11959045WA0050100509
B2332034748026N11959038WA0050000508
B2332044748027N11959030WA0049900507
B2332054748026N11959022WA0049800507
B2332064748024N11959015WA0049800506
B2332074748022N11959009WA0049700507
B2332084748022N11959001WA0049600507
B2332094748022N11958994WA0049600506
B2332104748022N11958986WA0049500505
B2332114748021N11958979WA0049400504
B2332124748021N11958972WA0049400503
B2332134748020N11958965WA0049300502
B2332144748021N11958958WA0049200500
B2332154748020N11958950WA0049100498
B2332164748019N11958943WA0049000496
B2332174748017N11958937WA0048900495
B2332184748013N11958932WA0048800494
B2332194748010N11958929WA0048700494
B2332204748006N11958925WA0048600493
B2332214748003N11958920WA0048500493
B2332224748000N11958915WA0048500493
B2332234747996N11958912WA0048400493
B2332244747993N11958909WA0048300493
B2332254747990N11958908WA0048300493
B2332264747986N11958909WA0048300494
B2332274747982N11958911WA0048300494
B2332284747978N11958913WA0048200493
B2332294747974N11958914WA0048200492
B2332304747970N11958912WA0048100491
B2332314747966N11958910WA0048100491
B2332324747962N11958907WA0048100489
B2332334747959N11958904WA0048000488
B2332344747955N11958900WA0047900487
B2332354747951N11958898WA0047900486
B2332364747947N11958897WA0047800484
B2332374747943N11958898WA0047700483
B2332384747939N11958899WA0047600483
B2332394747935N11958900WA0047600483
B2332404747931N11958900WA0047500482
B2332414747927N11958899WA0047400480
B2332424747922N11958896WA0047300478
B2332434747918N11958890WA0047200477
B2332444747915N11958882WA0047100476
B2332454747917N11958874WA0047000475
B2332464747921N11958867WA0046900473
B2332474747926N11958863WA0046800471
B2332484747932N11958864WA0046700469
B2332494747936N11958869WA0046600468
B2332504747936N11958877WA0046500467
B2332514747933N11958882WA0046300466
B2332524747928N11958883WA0046200465
B2332534747922N11958879WA0046100463
B2332544747919N11958872WA0046000461
B2332554747918N11958863WA0045800460
B2332564747919N11958856WA0045700460
B2332574747922N11958850WA0045600459
B2332584747927N11958845WA0045500457
B2332594747932N11958842WA0045400456
B2333004747938N11958839WA0045200454
B2333014747943N11958835WA0045100452
B2333024747946N11958829WA0045000451
B2333034747948N11958821WA0044800450
B2333044747946N11958814WA0044700448
B2333054747943N11958808WA0044500445
B2333064747939N11958806WA0044400443
B2333074747934N11958808WA0044200441
B2333084747931N11958813WA0044000440
B2333094747929N11958820WA0043800438
B2333104747929N11958827WA0043700437
B2333114747932N11958834WA0043600436
B2333124747937N11958837WA0043400435
B2333134747943N11958837WA0043200432
B2333144747948N11958833WA0043100429
B2333154747952N11958826WA0042900427
B2333164747954N11958818WA0042700425
B2333174747953N11958811WA0042500423
B2333184747951N11958804WA0042400421
B2333194747948N11958799WA0042200421
B2333204747944N11958795WA0042100419
B2333214747940N11958792WA0041900419
B2333224747935N11958792WA0041800419
B2333234747931N11958795WA0041600418
B2333244747926N11958797WA0041500417
B2333254747922N11958799WA0041300416
B2333264747917N11958801WA0041300416
B2333274747913N11958804WA0041100415
B2333284747909N11958808WA0041000414
B2333294747906N11958813WA0040900412
B2333304747903N11958819WA0040800411
B2333314747901N11958825WA0040700411
B2333324747899N11958830WA0040600410
B2333334747897N11958835WA0040500409
B2333344747894N11958840WA0040400407
B2333354747891N11958847WA0040200404
B2333364747890N11958853WA0040100403
B2333374747890N11958859WA0040000402
B2333384747892N11958865WA0039900400
B2333394747897N11958868WA0039700396
B2333404747904N11958867WA0039500393
B2333414747909N11958862WA0039300390
B2333424747910N11958853WA0039100388
B2333434747908N11958846WA0038900384
B2333444747902N11958842WA0038700379
B2333454747897N11958845WA0038300376
B2333464747894N11958853WA0038100372
B2333474747897N11958862WA0037800369
B2333484747903N11958866WA0037600366
B2333494747910N11958864WA0037200363
B2333504747916N11958859WA0037000362
B2333514747921N11958856WA0036800362
B2333524747924N11958854WA0036600363
B2333534747929N11958852WA0036500363
B2333544747933N11958850WA0036300360
B2333554747939N11958847WA0036100357
B2333564747945N11958847WA0035900356
B2333574747950N11958850WA0035800355
B2333584747953N11958855WA0035600354
B2333594747956N11958862WA0035400352
B2334004747956N11958869WA0035300351
B2334014747956N11958876WA0035100351
B2334024747955N11958882WA0035000351
B2334034747955N11958889WA0034900350
B2334044747955N11958895WA0034800348
B2334054747957N11958901WA0034600346
B2334064747961N11958906WA0034500344
B2334074747966N11958909WA0034300343
B2334084747972N11958909WA0034200341
B2334094747977N11958907WA0034100341
B2334104747980N11958901WA0034000340
B2334114747982N11958894WA0033900340
B2334124747981N11958887WA0033800339
B2334134747979N11958880WA0033600338
B2334144747975N11958877WA0033500338
B2334154747970N11958877WA0033400337
B2334164747966N11958881WA0033300335
B2334174747963N11958888WA0033100334
B2334184747963N11958896WA0033000333
B2334194747966N11958903WA0032900332
B2334204747970N11958908WA0032800331
B2334214747975N11958910WA0032600331
B2334224747981N11958908WA0032500330
B2334234747985N11958902WA0032400330
B2334244747986N11958893WA0032300330
B2334254747984N11958886WA0032100331
B2334264747979N11958882WA0032000330
B2334274747973N11958884WA0031800331
B2334284747972N11958893WA0031600332
B2334294747975N11958901WA0031400331
B2334304747983N11958915WA0031200336
B2334314747986N11958899WA0030900111
B2334324747988N11958889WA0030700112
B2334334747984N11958883WA0030400116
B2334344747980N11958885WA0030200109
B2334354747978N11958891WA0029900102
B2334364747975N11958899WA0029800097
B2334374747974N11958906WA0029600104
B2334384747976N11958912WA0029500109
B2334394747977N11958917WA0029300111
B2334404747981N11958920WA0029200113
B2334414747986N11958923WA0029100114
B2334424747991N11958926WA0029000115
B2334434747995N11958926WA0028800116
B2334444748000N11958925WA0028700116
B2334454748004N11958924WA0028600117
B2334464748008N11958922WA0028500117
B2334474748013N11958924WA0028400118
B2334484748017N11958927WA0028300116
B2334494748021N11958930WA0028200118
B2334504748025N11958934WA0028100120
B2334514748029N11958937WA0028000122
B2334524748033N11958940WA0028000127
B2334534748036N11958943WA0028000130
B2334544748040N11958945WA0027900134
B2334554748043N11958948WA0027900136
B2334564748046N11958951WA0027900138
B2334574748050N11958953WA0027800140
B2334584748053N11958956WA0027800142
B2334594748056N11958959WA0027700143
B2335004748058N11958963WA0027700143
B2335014748060N11958970WA0027600143
B2335024748060N11958976WA0027500143
B2335034748059N11958981WA0027400144
B2335044748057N11958985WA0027300146
B2335054748054N11958988WA0027200147
B2335064748051N11958989WA0027100149
B2335074748049N11958988WA0027000150
B2335084748046N11958986WA0026900151
B2335094748043N11958983WA0026800151
B2335104748040N11958981WA0026700152
B2335114748038N11958979WA0026600153
B2335124748035N11958976WA0026500154
B2335134748032N11958974WA0026400154
B2335144748028N11958972WA0026300155
B2335154748025N11958972WA0026200155
B2335164748021N11958974WA0026100156
B2335174748018N11958979WA0025900157
B2335184748016N11958985WA0025900157
B2335194748016N11958991WA0025700158
B2335204748016N11958997WA0025600159
B2335214748017N11959002WA0025500160
B2335224748018N11959008WA0025500161
B2335234748017N11959014WA0025400162
B2335244748016N11959019WA0025300164
B2335254748015N11959024WA0025200166
B2335264748013N11959027WA0025100168
B2335274748010N11959028WA0025100169
B2335284748006N11959029WA0025000169
B2335294748002N11959027WA0024900169
B2335304747998N11959025WA0024800169
B2335314747995N11959023WA0024700170
B2335324747991N11959023WA0024600172
B2335334747988N11959025WA0024500172
B2335344747985N11959029WA0024500172
B2335354747983N11959033WA0024400173
B2335364747980N11959036WA0024300174
B2335374747977N11959040WA0024200174
B2335384747973N11959044WA0024100174
B2335394747970N11959048WA0024000175
B2335404747966N11959051WA0024000176
B2335414747963N11959053WA0023900177
B2335424747960N11959056WA0023800177
B2335434747958N11959059WA0023700178
B2335444747955N11959062WA0023700178
B2335454747952N11959065WA0023600178
B2335464747949N11959068WA0023500178
B2335474747946N11959071WA0023400177
B2335484747942N11959075WA0023300177
B2335494747938N11959079WA0023200175
B2335504747934N11959084WA0023100174
B2335514747930N11959088WA0022900175
B2335524747926N11959093WA0022900175
B2335534747922N11959096WA0022700176
B2335544747919N11959100WA0022700177
B2335554747917N11959103WA0022600177
B2335564747915N11959105WA0022500177
B2335574747914N11959106WA0022500178
B2335584747914N11959106WA0022400178
B2335594747913N11959106WA0022400179
B2336004747913N11959106WA0022300180
B2336014747913N11959106WA0022300180
B2336024747913N11959106WA0022300181
B2336034747913N11959106WA0022200182
B2336044747913N11959106WA0022200183
B2336054747913N11959106WA0022200184
B2336064747913N11959106WA0022200185
B2336074747913N11959106WA0022200186
B2336084747913N11959106WA0022200187
B2336094747913N11959106WA0022200187
B2336104747913N11959106WA0022100187
B2336114747913N11959106WA0022100188
B2336124747913N11959106WA0022100189
B2336134747913N11959106WA0022100189
B2336144747913N11959106WA0022100190
B2336154747913N11959106WA0022100191
B2336164747913N11959106WA0022100191
B2336174747913N11959106WA0022100192
B2336184747913N11959107WA0022100192
B2336194747913N11959107WA0022100193
B2336204747913N11959108WA0022100193
B2336214747913N11959109WA0022100194
B2336224747913N11959110WA0022100194
B2336234747913N11959110WA0022100195
B2336244747913N11959110WA0022100195
B2336254747913N11959110WA0022100196
B2336264747913N11959109WA0022100196
B2336274747914N11959108WA0022100197
B2336284747914N11959108WA0022100197
B2336294747914N11959108WA0022100197
B2336304747915N11959108WA0022100197
B2336314747916N11959107WA0022100200
B2336324747915N11959107WA0022100202
B2336334747915N11959106WA0022100203
B2336344747915N11959106WA0022100205
B2336354747915N11959105WA0022100206
B2336364747914N11959105WA0022100206
B2336374747914N11959105WA0022100206
B2336384747914N11959105WA0022100208
B2336394747914N11959105WA0022100209
B2336404747914N11959105WA0022100209
B2336414747914N11959105WA0022100209
B2336424747914N11959105WA0022000210
B2336434747914N11959104WA0022000211
B2336444747914N11959104WA0022000212
B2336454747914N11959104WA0022100213
B2336464747914N11959104WA0022000213
B2336474747914N11959104WA0022000214
B2336484747914N11959104WA0022000214
B2336494747914N11959104WA0022000214
B2336504747914N11959104WA0022000215
B2336514747914N11959104WA0022000215
B2336524747914N11959104WA0022000216
B2336534747914N11959105WA0022000216
B2336544747914N11959105WA0022000216
B2336554747914N11959106WA0022100216
B2336564747914N11959106WA0022100216
B2336574747915N11959106WA0022100216
B2336584747915N11959107WA0022100216
B2336594747915N11959107WA0022100216
B2337004747915N11959107WA0022100216
B2337014747915N11959107WA0022100216
B2337024747915N11959107WA0022100216
B2337034747915N11959107WA0022100216
B2337044747915N11959107WA0022100215
B2337054747915N11959107WA0022100215
B2337064747915N11959107WA0022100215
B2337074747915N11959107WA0022100215
B2337084747915N11959108WA0022100215
B2337094747914N11959108WA0022100215
B2337104747914N11959109WA0022100215
B2337114747913N11959109WA0022100215
B2337124747913N11959110WA0022100215
B2337134747912N11959111WA0022100215
B2337144747912N11959112WA0022100215
B2337154747912N11959112WA0022100215
B2337164747912N11959113WA0022100216
B2337174747911N11959114WA0022100217
B2337184747911N11959114WA0022100217
B2337194747911N11959115WA0022100217
B2337204747910N11959116WA0022100217
B2337214747910N11959116WA0022100217
B2337224747910N11959117WA0022100217
B2337234747910N11959118WA0022100217
B2337244747909N11959118WA0022100218
B2337254747909N11959119WA0022100218
B2337264747909N11959120WA0022100218
B2337274747909N11959121WA0022100218
B2337284747909N11959122WA0022100218
B2337294747908N11959122WA0022100219
B2337304747908N11959123WA0022100219
B2337314747908N11959123WA0022100219
B2337324747908N11959124WA0022100219
B2337334747908N11959125WA0022200219
B2337344747908N11959125WA0022200219
B2337354747907N11959126WA0022200219
B2337364747907N11959127WA0022200219
B2337374747907N11959127WA0022200219
B2337384747907N11959127WA0022200219
B2337394747906N11959128WA0022200219
B2337404747906N11959129WA0022200219
B2337414747906N11959129WA0022200219
B2337424747906N11959130WA0022200220
B2337434747906N11959131WA0022200219
B2337444747906N11959131WA0022200220
B2337454747905N11959132WA0022200220
B2337464747905N11959133WA0022200220
B2337474747905N11959133WA0022200220
B2337484747905N11959134WA0022200220
B2337494747905N11959134WA0022200220
B2337504747905N11959135WA0022200220
B2337514747904N11959135WA0022200220
B2337524747904N11959135WA0022200220
B2337534747905N11959135WA0022200221
B2337544747905N11959135WA0022200220
B2337554747905N11959135WA0022200220
B2337564747905N11959135WA0022200220
B2337574747905N11959135WA0022200220
B2337584747905N11959135WA0022200221
B2337594747905N11959135WA0022200221
B2338004747905N11959135WA0022200221
B2338014747905N11959135WA0022200221
B2338024747905N11959135WA0022200221
B2338034747905N11959134WA0022200221
B2338044747905N11959134WA0022200221
B2338054747905N11959135WA0022300222
B2338064747905N11959135WA0022200222
B2338074747905N11959135WA0022200222
B2338084747905N11959135WA0022200222
B2338094747905N11959135WA0022300222
B2338104747905N11959135WA0022300223
B2338114747905N11959135WA0022300223
B2338124747905N11959135WA0022300223
B2338134747905N11959135WA0022300222
B2338144747905N11959135WA0022300222
B2338154747905N11959134WA0022300222
B2338164747905N11959134WA0022300222
B2338174747905N11959134WA0022300222
B2338184747905N11959134WA0022300222
B2338194747905N11959134WA0022300222
B2338204747905N11959134WA0022300222
B2338214747905N11959134WA0022300222
B2338224747905N11959134WA0022300222
B2338234747905N11959134WA0022200222
B2338244747905N11959134WA0022200222
B2338254747905N11959133WA0022200221
B2338264747905N11959133WA0022200221
B2338274747905N11959133WA0022200221
B2338284747905N11959133WA0022200220
B2338294747905N11959133WA0022200220
B2338304747905N11959133WA0022200220
B2338314747905N11959133WA0022200220
B2338324747905N11959133WA0022200220
B2338334747905N11959133WA0022200219
B2338344747905N11959133WA0022100219
B2338354747905N11959133WA0022100219
B2338364747905N11959133WA0022100219
B2338374747905N11959133WA0022100219
B2338384747905N11959133WA0022100218
B2338394747905N11959133WA0022100218
B2338404747905N11959133WA0022100218
B2338414747905N11959133WA0022100218
B2338424747905N11959133WA0022100218
B2338434747905N11959133WA0022100217
B2338444747905N11959133WA0022100217
B2338454747905N11959133WA0022100217
B2338464747904N11959133WA0022100217
B2338474747904N11959133WA0022100217
B2338484747904N11959132WA0022100217
B2338494747904N11959132WA0022100216
B2338504747904N11959132WA0022100216
B2338514747904N11959132WA0022100216
B2338524747904N11959132WA0022100216
B2338534747904N11959132WA0022100216
B2338544747904N11959132WA0022100216
B2338554747904N11959132WA0022100216
B2338564747904N11959132WA0022100216
B2338574747904N11959132WA0022100216
B2338584747904N11959132WA0022100216
B2338594747904N11959132WA0022100216
B2339004747904N11959133WA0022100216
B2339014747904N11959133WA0022100216
B2339024747904N11959133WA0022100216
B2339034747904N11959133WA0022100216
B2339044747904N11959133WA0022100216
B2339054747904N11959133WA0022100216
B2339064747904N11959133WA0022100216
B2339074747904N11959133WA0022100216
B2339084747904N11959133WA0022100217
B2339094747904N11959133WA0022100217
B2339104747904N11959133WA0022100217
B2339114747904N11959133WA0022100217
B2339124747904N11959133WA0022100216
B2339134747904N11959133WA0022100216
B2339144747904N11959133WA0022100216
B2339154747904N11959133WA0022100216
B2339164747904N11959133WA0022100216
B2339174747904N11959133WA0022100216
B2339184747904N11959133WA0022100216
B2339194747904N11959133WA0022100216
B2339204747905N11959132WA0022100216
B2339214747905N11959132WA0022100216
B2339224747905N11959132WA0022100215
B2339234747905N11959132WA0022100215
B2339244747905N11959132WA0022100215
B2339254747905N11959132WA0022100215
B2339264747905N11959132WA0022100215
B2339274747905N11959132WA0022100215
B2339284747905N11959132WA0022100215
B2339294747905N11959132WA0022100215
B2339304747905N11959132WA0022100215
B2339314747905N11959132WA0022100215
B2339324747905N11959132WA0022100215
B2339334747905N11959132WA0022100215
B2339344747905N11959132WA0022100215
B2339354747905N11959133WA0022100216
B2339364747905N11959133WA0022100216
B2339374747905N11959133WA0022100216
B2339384747905N11959133WA0022100216
B2339394747905N11959133WA0022100217
B2339404747905N11959133WA0022100217
B2339414747905N11959132WA0022100217
B2339424747905N11959132WA0022100217
B2339434747905N11959132WA0022100217
B2339444747905N11959132WA0022100217
B2339454747905N11959132WA0022100218
B2339464747905N11959132WA0022100218
B2339474747905N11959132WA0022100218
B2339484747905N11959132WA0022100218
B2339494747905N11959132WA0022100218
B2339504747905N11959132WA0022100219
B2339514747905N11959132WA0022100219
B2339524747905N11959132WA0022100219
B2339534747905N11959132WA0022100219
B2339544747905N11959132WA0022100219
B2339554747905N11959132WA0022100219
B2339564747905N11959132WA0022100220
B2339574747905N11959132WA0022100219
B2339584747905N11959132WA0022100219
B2339594747905N11959132WA0022100219
B2340004747905N11959132WA0022100219
B2340014747905N11959132WA0022100219
B2340024747905N11959132WA0022100219
B2340034747905N11959132WA0022100219
B2340044747905N11959132WA0022100219
B2340054747905N11959132WA0022100219
B2340064747905N11959132WA0022100219
B2340074747905N11959132WA0022100218
B2340084747905N11959132WA0022100218
B2340094747905N11959132WA0022100218
B2340104747905N11959132WA0022100218
B2340114747905N11959132WA0022100218
B2340124747905N11959132WA0022100218
B2340134747905N11959132WA0022100218
B2340144747905N11959132WA0022100218
B2340154747905N11959132WA0022100218
B2340164747905N11959132WA0022100218
B2340174747904N11959131WA0022100218
B2340184747904N11959131WA0022100218
B2340194747904N11959131WA0022100218
B2340204747904N11959131WA0022100218
B2340214747904N11959131WA0022100218
B2340224747904N11959131WA0022100218
B2340234747904N11959131WA0022100218
B2340244747904N11959131WA0022100218
B2340254747904N11959131WA0022100218
B2340264747904N11959131WA0022100218
B2340274747904N11959131WA0022100218
B2340284747904N11959131WA0022100218
B2340294747904N11959131WA0022100218
B2340304747904N11959131WA0022100219
B2340314747904N11959131WA0022100219
B2340324747904N11959132WA0022100219
B2340334747904N11959132WA0022100219
B2340344747904N11959132WA0022100219
B2340354747904N11959132WA0022100219
B2340364747904N11959132WA0022100219
B2340374747904N11959132WA0022100219
B2340384747904N11959132WA0022100218
B2340394747904N11959132WA0022100218
B2340404747904N11959132WA0022100218
B2340414747904N11959131WA0022100218
B2340424747904N11959131WA0022100218
B2340434747904N11959131WA0022100218
B2340444747904N11959131WA0022100218
B2340454747904N11959131WA0022100218
B2340464747904N11959131WA0022100218
B2340474747904N11959131WA0022100218
B2340484747904N11959131WA0022100218
B2340494747904N11959131WA0022100218
B2340504747904N11959131WA0022100218
B2340514747904N11959131WA0022100218
B2340524747904N11959131WA0022100218
B2340534747904N11959131WA0022100218
B2340544747904N11959131WA0022100218
B2340554747904N11959130WA0022100218
B2340564747904N11959130WA0022100218
B2340574747904N11959130WA0022100218
B2340584747904N11959130WA0022100218
B2340594747904N11959130WA0022100218
B2341004747904N11959130WA0022100218
B2341014747904N11959130WA0022100218
B2341024747904N11959130WA0022100217
B2341034747904N11959130WA0022100217
B2341044747904N11959130WA0022100217
B2341054747904N11959130WA0022100217
B2341064747904N11959130WA0022100217
B2341074747904N11959130WA0022100217
B2341084747904N11959130WA0022100217
B2341094747904N11959130WA0022100216
B2341104747904N11959130WA0022100216
B2341114747904N11959130WA0022100216
B2341124747904N11959130WA0022100216
B2341134747904N11959130WA0022100216
B2341144747904N11959130WA0022100216
B2341154747904N11959131WA0022100216
B2341164747904N11959131WA0022100215
B2341174747904N11959131WA0022100215
B2341184747904N11959131WA0022100215
B2341194747904N11959131WA0022100215
B2341204747904N11959131WA0022100215
B2341214747904N11959131WA0022100215
B2341224747904N11959131WA0022100215
B2341234747904N11959132WA0022100215
B2341244747904N11959132WA0022100215
B2341254747904N11959132WA0022100215
B2341264747904N11959132WA0022100215
B2341274747904N11959132WA0022100215
B2341284747904N11959132WA0022100215
B2341294747904N11959132WA0022100215
B2341304747904N11959132WA0022100215
B2341314747904N11959132WA0022100215
B2341324747904N11959132WA0022100215
B2341334747904N11959132WA0022100215
B2341344747904N11959132WA0022100215
B2341354747904N11959133WA0022100215
B2341364747904N11959133WA0022100216
B2341374747904N11959133WA0022100216
B2341384747904N11959133WA0022100215
B2341394747904N11959133WA0022100215
B2341404747904N11959133WA0022100215
B2341414747904N11959133WA0022100215
B2341424747904N11959133WA0022100215
B2341434747904N11959133WA0022100215
B2341444747904N11959133WA0022100215
B2341454747904N11959133WA0022100216
B2341464747904N11959133WA0022100216
B2341474747904N11959133WA0022100216
B2341484747904N11959133WA0022100216
B2341494747904N11959133WA0022100216
B2341504747904N11959133WA0022100216
B2341514747904N11959133WA0022100216
B2341524747904N11959133WA0022100216
B2341534747904N11959133WA0022100216
B2341544747904N11959133WA0022100216
B2341554747904N11959133WA0022100216
B2341564747904N11959133WA0022100216
B2341574747904N11959133WA0022100216
B2341584747904N11959133WA0022100216
B2341594747904N11959133WA0022100216
B2342004747904N11959133WA0022100216
B2342014747904N11959133WA0022100216
B2342024747904N11959133WA0022100216
B2342034747904N11959133WA0022100216
B2342044747904N11959133WA0022100216
B2342054747904N11959133WA0022100217
B2342064747904N11959133WA0022100216
B2342074747904N11959133WA0022100216
B2342084747904N11959133WA0022100216
B2342094747904N11959133WA0022100216
B2342104747904N11959133WA0022100216
B2342114747904N11959133WA0022100216
B2342124747904N11959133WA0022100216
B2342134747904N11959133WA0022100216
B2342144747904N11959133WA0022100216
B2342154747904N11959133WA0022100216
B2342164747904N11959133WA0022100216
B2342174747904N11959133WA0022100217
B2342184747905N11959133WA0022200217
B2342194747905N11959133WA0022200217
B2342204747905N11959133WA0022200217
B2342214747905N11959133WA0022200217
B2342224747905N11959133WA0022200217
B2342234747905N11959133WA0022200217
B2342244747905N11959133WA0022200217
B2342254747905N11959133WA0022100217
B2342264747905N11959133WA0022100217
B2342274747905N11959133WA0022100217
B2342284747905N11959133WA0022100216
B2342294747904N11959133WA0022100216
B2342304747904N11959133WA0022100216
B2342314747905N11959133WA0022100216
B2342324747905N11959133WA0022100216
B2342334747905N11959133WA0022100216
B2342344747905N11959133WA0022100216
B2342354747905N11959133WA0022100216
B2342364747905N11959133WA0022100216
B2342374747905N11959133WA0022100216
B2342384747905N11959133WA0022100216
B2342394747905N11959133WA0022100216
B2342404747905N11959133WA0022100216
B2342414747905N11959133WA0022100215
B2342424747905N11959133WA0022100215
B2342434747905N11959133WA0022100215
B2342444747905N11959132WA0022100215
B2342454747905N11959132WA0022100216
B2342464747905N11959132WA0022100216
B2342474747905N11959133WA0022100216
B2342484747905N11959133WA0022100216
B2342494747905N11959133WA0022200216
B2342504747905N11959133WA0022200216
B2342514747905N11959133WA0022200216
B2342524747905N11959133WA0022200216
B2342534747905N11959132WA0022200216
B2342544747905N11959132WA0022200217
B2342554747905N11959132WA0022200217
B2342564747905N11959132WA0022200217
B2342574747905N11959132WA0022200216
B2342584747905N11959132WA0022200216
B2342594747905N11959132WA0022200216
B2343004747905N11959132WA0022200216
B2343014747905N11959132WA0022200216
B2343024747905N11959132WA0022200216
B2343034747905N11959132WA0022200216
B2343044747905N11959132WA0022200216
B2343054747905N11959132WA0022200217
B2343064747905N11959132WA0022200217
B2343074747905N11959132WA0022200217
B2343084747905N11959132WA0022200217
B2343094747905N11959132WA0022200217
B2343104747905N11959132WA0022200218
B2343114747905N11959132WA0022200218
B2343124747905N11959132WA0022200218
B2343134747905N11959132WA0022200219
B2343144747905N11959133WA0022200219
B2343154747905N11959133WA0022200219
B2343164747905N11959133WA0022200219
B2343174747905N11959133WA0022200219
B2343184747905N11959133WA0022200219
B2343194747905N11959133WA0022200219
B2343204747905N11959133WA0022200219
B2343214747905N11959133WA0022200219
B2343224747905N11959133WA0022100219
B2343234747905N11959133WA0022200219
B2343244747905N11959133WA0022200219
B2343254747905N11959133WA0022200219
B2343264747905N11959133WA0022200219
B2343274747905N11959133WA0022200219
B2343284747905N11959133WA0022200219
B2343294747905N11959133WA0022200219
B2343304747905N11959132WA0022200219
B2343314747905N11959132WA0022200219
B2343324747906N11959132WA0022200219
B2343334747906N11959132WA0022200219
B2343344747906N11959132WA0022200219
B2343354747906N11959132WA0022200219
B2343364747906N11959133WA0022200219
B2343374747906N11959133WA0022200218
B2343384747906N11959133WA0022200218
B2343394747906N11959133WA0022200218
B2343404747906N11959133WA0022200218
B2343414747906N11959133WA0022200218
B2343424747906N11959133WA0022200217
B2343434747906N11959133WA0022200217
B2343444747906N11959133WA0022200217
B2343454747906N11959133WA0022200217
B2343464747906N11959133WA0022200217
B2343474747906N11959133WA0022200217
B2343484747906N11959133WA0022200217
B2343494747906N11959133WA0022200217
B2343504747906N11959134WA0022200217
B2343514747906N11959134WA0022200217
B2343524747906N11959134WA0022200217
B2343534747906N11959134WA0022200218
B2343544747906N11959134WA0022200218
B2343554747906N11959134WA0022200218
B2343564747906N11959134WA0022200218
B2343574747906N11959134WA0022200218
B2343584747906N11959134WA0022200218
B2343594747906N11959134WA0022200218
B2344004747907N11959134WA0022200218
B2344014747907N11959134WA0022200218
B2344024747907N11959134WA0022200219
B2344034747907N11959134WA0022200219
B2344044747907N11959134WA0022200219
B2344054747907N11959134WA0022200219
B2344064747906N11959134WA0022200219
B2344074747906N11959134WA0022200219
B2344084747906N11959134WA0022200218
B2344094747906N11959134WA0022200218
B2344104747906N11959134WA0022200218
B2344114747906N11959133WA0022200218
B2344124747906N11959133WA0022200218
B2344134747906N11959133WA0022200218
B2344144747906N11959133WA0022200217
B2344154747906N11959133WA0022200217
B2344164747905N11959133WA0022200217
B2344174747905N11959133WA0022200217
B2344184747905N11959133WA0022200217
B2344194747905N11959133WA0022200217
B2344204747905N11959133WA0022200217
B2344214747905N11959133WA0022200217
B2344224747905N11959132WA0022200217
B2344234747905N11959132WA0022200217
B2344244747905N11959132WA0022200217
B2344254747905N11959132WA0022200217
B2344264747905N11959132WA0022200217
B2344274747905N11959132WA0022200217
B2344284747905N11959132WA0022200217
B2344294747905N11959132WA0022200217
B2344304747905N11959132WA0022200217
B2344314747905N11959132WA0022200217
B2344324747905N11959132WA0022200217
B2344334747905N11959132WA0022200216
B2344344747905N11959132WA0022200216
B2344354747905N11959132WA0022200216
B2344364747905N11959132WA0022200216
B2344374747905N11959132WA0022200216
B2344384747905N11959132WA0022200216
B2344394747905N11959132WA0022200216
B2344404747905N11959132WA0022200216
B2344414747905N11959132WA0022200216
B2344424747905N11959132WA0022200216
B2344434747905N11959132WA0022200216
B2344444747905N11959132WA0022200216
B2344454747905N11959132WA0022200217
B2344464747906N11959132WA0022200217
B2344474747906N11959132WA0022200217
B2344484747906N11959132WA0022200217
B2344494747906N11959132WA0022200217
B2344504747906N11959132WA0022200217
B2344514747906N11959132WA0022200217
B2344524747906N11959132WA0022200217
B2344534747906N11959132WA0022200217
B2344544747906N11959132WA0022200217
B2344554747906N11959132WA0022200217
B2344564747906N11959132WA0022200217
B2344574747906N11959132WA0022200217
B2344584747906N11959132WA0022200216
B2344594747906N11959132WA0022200216
B2345004747906N11959132WA0022200216
B2345014747906N11959132WA0022200216
B2345024747906N11959132WA0022200216
B2345034747906N11959132WA0022200216
B2345044747906N11959132WA0022200216
B2345054747906N11959132WA0022200216
B2345064747906N11959132WA0022200216
B2345074747906N11959132WA0022200216
B2345084747906N11959132WA0022200216
B2345094747906N11959132WA0022200216
B2345104747906N11959132WA0022200216
B2345114747906N11959132WA0022200216
B2345124747906N11959132WA0022200216
B2345134747906N11959132WA0022200216
B2345144747906N11959132WA0022200216
B2345154747906N11959132WA0022200216
B2345164747906N11959133WA0022200216
B2345174747906N11959133WA0022200216
B2345184747906N11959133WA0022200216
B2345194747906N11959133WA0022200217
B2345204747906N11959133WA0022200217
B2345214747906N11959133WA0022200217
B2345224747907N11959133WA0022200217
B2345234747907N11959133WA0022200217
B2345244747907N11959133WA0022200217
B2345254747907N11959133WA0022200217
B2345264747907N11959133WA0022200217
B2345274747907N11959133WA0022200217
B2345284747907N11959133WA0022200217
B2345294747907N11959134WA0022200217
B2345304747907N11959134WA0022200217
B2345314747906N11959134WA0022200217
B2345324747906N11959134WA0022200217
B2345334747906N11959134WA0022200217
B2345344747906N11959134WA0022200217
B2345354747907N11959134WA0022200217
B2345364747907N11959134WA0022200217
B2345374747907N11959134WA0022200217
B2345384747907N11959134WA0022200217
B2345394747907N11959134WA0022200217
B2345404747907N11959134WA0022200217
B2345414747907N11959134WA0022200216
B2345424747907N11959134WA0022200216
B2345434747906N11959134WA0022200216
B2345444747906N11959134WA0022200216
B2345454747906N11959133WA0022200216
B2345464747906N11959133WA0022200216
B2345474747906N11959133WA0022200216
B2345484747906N11959133WA0022200216
B2345494747906N11959133WA0022200216
B2345504747906N11959133WA0022200217
B2345514747906N11959133WA0022200217
B2345524747906N11959133WA0022200217
B2345534747906N11959133WA0022200217
B2345544747906N11959133WA0022200217
B2345554747906N11959133WA0022200217
B2345564747905N11959133WA0022200217
B2345574747905N11959133WA0022200217
B2345584747905N11959133WA0022200217
B2345594747905N11959133WA0022200217
B2346004747905N11959133WA0022200217
B2346014747905N11959133WA0022200217
B2346024747905N11959133WA0022200217
B2346034747905N11959133WA0022200217
B2346044747905N11959133WA0022200217
B2346054747905N11959133WA0022200217
B2346064747905N11959133WA0022200217
B2346074747905N11959133WA0022200217
B2346084747905N11959133WA0022200217
B2346094747905N11959133WA0022200217
B2346104747905N11959133WA0022200217
B2346114747905N11959133WA0022200218
B2346124747905N11959133WA0022200218
B2346134747905N11959133WA0022200218
B2346144747905N11959133WA0022200218
B2346154747905N11959133WA0022200217
B2346164747905N11959133WA0022200217
B2346174747905N11959133WA0022200217
B2346184747905N11959133WA0022200217
B2346194747905N11959133WA0022200217
B2346204747905N11959133WA0022200218
B2346214747905N11959133WA0022200218
B2346224747904N11959133WA0022200218
B2346234747904N11959133WA0022200218
B2346244747904N11959133WA0022200218
B2346254747904N11959133WA0022200218
B2346264747904N11959133WA0022200218
B2346274747904N11959133WA0022200219
B2346284747904N11959133WA0022200219
B2346294747904N11959133WA0022200219
B2346304747904N11959133WA0022200219
B2346314747904N11959133WA0022200219
B2346324747904N11959133WA0022200219
B2346334747904N11959133WA0022200220
B2346344747904N11959133WA0022200220
B2346354747904N11959133WA0022200220
B2346364747904N11959133WA0022200220
B2346374747904N11959133WA0022200221
B2346384747904N11959133WA0022200221
B2346394747904N11959132WA0022200220
B2346404747904N11959132WA0022200220
B2346414747904N11959132WA0022200220
B2346424747904N11959132WA0022200220
B2346434747904N11959132WA0022200220
B2346444747904N11959132WA0022200220
B2346454747904N11959132WA0022200220
B2346464747904N11959132WA0022200220
B2346474747904N11959132WA0022200220
B2346484747904N11959132WA0022200221
B2346494747904N11959131WA0022200221
B2346504747904N11959131WA0022200221
B2346514747904N11959131WA0022200221
B2346524747904N11959131WA0022200221
B2346534747904N11959131WA0022200221
B2346544747903N11959131WA0022200221
B2346554747903N11959131WA0022200221
B2346564747903N11959131WA0022200221
B2346574747903N11959131WA0022200221
B2346584747903N11959131WA0022200221
B2346594747903N11959131WA0022200221
B2347004747903N11959131WA0022200221
B2347014747903N11959131WA0022200221
B2347024747903N11959131WA0022200221
B2347034747903N11959131WA0022200221
B2347044747903N11959131WA0022200221
B2347054747903N11959131WA0022200221
B2347064747903N11959131WA0022200221
B2347074747903N11959131WA0022200221
B2347084747903N11959131WA0022200221
B2347094747903N11959131WA0022200221
B2347104747903N11959131WA0022200221
B2347114747903N11959131WA0022200221
B2347124747903N11959131WA0022200221
B2347134747903N11959131WA0022200221
B2347144747903N11959131WA0022200221
B2347154747903N11959131WA0022200221
B2347164747903N11959131WA0022200221
B2347174747903N11959131WA0022200221
B2347184747903N11959131WA0022200221
B2347194747903N11959131WA0022200221
B2347204747903N11959131WA0022200221
B2347214747903N11959131WA0022200221
B2347224747903N11959131WA0022200222
B2347234747903N11959131WA0022200222
B2347244747903N11959131WA0022200222
B2347254747903N11959131WA0022200222
B2347264747903N11959131WA0022200222
B2347274747903N11959131WA0022200222
B2347284747903N11959131WA0022200222
B2347294747903N11959131WA0022200222
B2347304747903N11959132WA0022200222
B2347314747903N11959132WA0022200222
B2347324747903N11959132WA0022200223
B2347334747903N11959132WA0022200223
B2347344747903N11959132WA0022200223
B2347354747903N11959132WA0022200223
B2347364747903N11959132WA0022200223
B2347374747903N11959132WA0022200223
B2347384747903N11959132WA0022200223
B2347394747903N11959132WA0022200223
B2347404747903N11959132WA0022200223
B2347414747903N11959132WA0022200223
B2347424747904N11959132WA0022200223
B2347434747904N11959132WA0022200223
B2347444747904N11959132WA0022200223
B2347454747904N11959132WA0022200223
B2347464747904N11959131WA0022200223
B2347474747904N11959131WA0022200223
B2347484747904N11959131WA0022200223
B2347494747904N11959131WA0022200223
B2347504747904N11959131WA0022200223
B2347514747904N11959131WA0022200223
B2347524747904N11959131WA0022200223
B2347534747904N11959131WA0022200223
B2347544747904N11959131WA0022200223
B2347554747904N11959131WA0022200223
B2347564747904N11959131WA0022200222
B2347574747904N11959131WA0022200222
B2347584747904N11959131WA0022200222
B2347594747904N11959131WA0022200222
B2348004747904N11959131WA0022200222
B2348014747904N11959131WA0022200222
B2348024747904N11959131WA0022200222
B2348034747904N11959131WA0022200222
B2348044747904N11959131WA0022200221
B2348054747904N11959131WA0022200221
B2348064747904N11959131WA0022200221
B2348074747904N11959131WA0022200221
B2348084747904N11959131WA0022200221
B2348094747904N11959131WA0022200221
B2348104747904N11959131WA0022200221
B2348114747904N11959131WA0022200221
B2348124747904N11959131WA0022200221
B2348134747904N11959131WA0022200221
B2348144747904N11959131WA0022200221
B2348154747904N11959131WA0022200221
B2348164747904N11959131WA0022200221
B2348174747904N11959131WA0022200220
B2348184747904N11959131WA0022200220
B2348194747904N11959132WA0022200220
B2348204747904N11959132WA0022200220
B2348214747904N11959132WA0022200220
B2348224747904N11959131WA0022200220
B2348234747904N11959131WA0022200220
B2348244747904N11959131WA0022200220
B2348254747904N11959131WA0022200219
B2348264747904N11959131WA0022200219
B2348274747904N11959131WA0022200219
B2348284747904N11959131WA0022200219
B2348294747904N11959131WA0022200218
B2348304747904N11959131WA0022200218
B2348314747904N11959131WA0022200218
B2348324747904N11959131WA0022200218
B2348334747904N11959131WA0022200217
B2348344747904N11959131WA0022200217
B2348354747904N11959131WA0022200217
B2348364747904N11959131WA0022200217
B2348374747904N11959131WA0022200217
B2348384747904N11959131WA0022200216
B2348394747904N11959131WA0022200216
B2348404747904N11959131WA0022200216
B2348414747904N11959131WA0022200216
B2348424747904N11959131WA0022200216
B2348434747904N11959131WA0022200216
B2348444747904N11959131WA0022200216
B2348454747904N11959131WA0022200216
B2348464747904N11959131WA0022200216
B2348474747904N11959131WA0022200216
B2348484747904N11959131WA0022200216
B2348494747904N11959131WA0022200216
B2348504747904N11959131WA0022200216
B2348514747904N11959131WA0022200216
B2348524747904N11959131WA0022200216
B2348534747904N11959131WA0022200216
B2348544747904N11959132WA0022200216
B2348554747904N11959132WA0022200216
B2348564747904N11959132WA0022200216
B2348574747904N11959132WA0022200216
B2348584747904N11959132WA0022200216
B2348594747904N11959132WA0022200217
B2349004747904N11959132WA0022200216
B2349014747904N11959132WA0022200216
B2349024747904N11959132WA0022200216
B2349034747904N11959132WA0022200217
B2349044747904N11959132WA0022200217
B2349054747904N11959132WA0022200217
B2349064747904N11959132WA0022200217
B2349074747904N11959132WA0022200217
B2349084747904N11959132WA0022200217
B2349094747904N11959132WA0022200217
B2349104747904N11959132WA0022200217
B2349114747904N11959132WA0022200217
B2349124747904N11959132WA0022200217
B2349134747904N11959132WA0022200216
B2349144747904N11959132WA0022200216
B2349154747904N11959132WA0022200216
B2349164747904N11959132WA0022200216
B2349174747904N11959132WA0022200216
B2349184747904N11959133WA0022200216
B2349194747904N11959133WA0022200216
B2349204747904N11959133WA0022200216
B2349214747904N11959133WA0022200215
B2349224747904N11959133WA0022200216
B2349234747904N11959132WA0022200216
B2349244747904N11959132WA0022200216
B2349254747904N11959132WA0022200216
B2349264747904N11959132WA0022200216
B2349274747904N11959132WA0022200216
B2349284747904N11959132WA0022200216
B2349294747904N11959132WA0022200216
B2349304747904N11959132WA0022200216
B2349314747904N11959132WA0022200217
B2349324747904N11959132WA0022200217
B2349334747904N11959132WA0022200217
B2349344747904N11959132WA0022200217
B2349354747904N11959132WA0022200217
B2349364747904N11959132WA0022200217
B2349374747904N11959132WA0022200218
B2349384747904N11959132WA0022200218
B2349394747904N11959132WA0022200218
B2349404747904N11959132WA0022200218
B2349414747904N11959132WA0022200218
B2349424747904N11959132WA0022200218
B2349434747904N11959132WA0022200218
B2349444747904N11959132WA0022200218
B2349454747904N11959132WA0022200218
B2349464747904N11959132WA0022200218
B2349474747904N11959132WA0022200218
B2349484747904N11959132WA0022200218
B2349494747904N11959132WA0022200218
B2349504747904N11959132WA0022200218
B2349514747904N11959132WA0022200218
B2349524747904N11959132WA0022200218
B2349534747904N11959132WA0022200218
B2349544747905N11959132WA0022200218
B2349554747905N11959132WA0022200218
B2349564747905N11959132WA0022200218
B2349574747905N11959132WA0022200218
B2349584747905N11959132WA0022200218
B2349594747905N11959132WA0022200218
B2350004747905N11959132WA0022200218
B2350014747905N11959132WA0022200218
B2350024747905N11959132WA0022200218
B2350034747905N11959132WA0022200218
B2350044747905N11959132WA0022200218
B2350054747905N11959132WA0022200218
B2350064747905N11959132WA0022200219
B2350074747905N11959132WA0022200219
B2350084747905N11959132WA0022200219
B2350094747905N11959132WA0022200219
B2350104747905N11959132WA0022200219
B2350114747905N11959132WA0022200219
B2350124747905N11959132WA0022200219
B2350134747905N11959132WA0022200219
B2350144747905N11959132WA0022200219
B2350154747905N11959132WA0022200219
B2350164747905N11959132WA0022200219
B2350174747905N11959132WA0022200218
B2350184747905N11959132WA0022200218
B2350194747905N11959132WA0022200218
B2350204747905N11959132WA0022200218
B2350214747905N11959132WA0022200219
B2350224747905N11959132WA0022200219
B2350234747905N11959132WA0022200219
B2350244747905N11959132WA0022200219
B2350254747905N11959132WA0022200219
B2350264747905N11959132WA0022200219
B2350274747905N11959132WA0022200219
B2350284747905N11959132WA0022200219
B2350294747905N11959132WA0022200219
B2350304747905N11959132WA0022200219
B2350314747905N11959132WA0022200219
B2350324747905N11959132WA0022200219
B2350334747905N11959132WA0022200219
B2350344747905N11959132WA0022200219
B2350354747905N11959132WA0022200219
B2350364747905N11959132WA0022200219
B2350374747905N11959132WA0022200219
B2350384747905N11959132WA0022200219
B2350394747905N11959132WA0022200219
B2350404747905N11959132WA0022200219
B2350414747905N11959132WA0022200219
B2350424747905N11959132WA0022200219
B2350434747905N11959132WA0022200219
B2350444747905N11959132WA0022200219
B2350454747905N11959132WA0022200218
B2350464747905N11959132WA0022200218
B2350474747905N11959132WA0022200218
B2350484747905N11959132WA0022200218
B2350494747905N11959132WA0022200218
B2350504747905N11959132WA0022200218
B2350514747905N11959132WA0022200218
B2350524747904N11959132WA0022200218
B2350534747904N11959132WA0022200218
B2350544747904N11959132WA0022200218
B2350554747904N11959132WA0022200218
B2350564747904N11959132WA0022200218
B2350574747904N11959132WA0022200218
B2350584747904N11959132WA0022200218
B2350594747904N11959132WA0022200218
B2351004747904N11959132WA0022200218
B2351014747904N11959132WA0022200218
B2351024747904N11959132WA0022200218
B2351034747904N11959132WA0022200218
B2351044747904N11959132WA0022200218
B2351054747904N11959132WA0022200218
B2351064747904N11959132WA0022200218
B2351074747904N11959132WA0022200218
B2351084747904N11959132WA0022200218
B2351094747904N11959132WA0022200219
B2351104747904N11959132WA0022200219
B2351114747904N11959132WA0022200219
B2351124747904N11959132WA0022200219
B2351134747904N11959132WA0022200219
B2351144747904N11959132WA0022200219
B2351154747905N11959132WA0022200219
B2351164747905N11959132WA0022200219
B2351174747905N11959132WA0022200219
B2351184747905N11959132WA0022200219
B2351194747905N11959132WA0022200219
B2351204747905N11959133WA0022200219
B2351214747905N11959133WA0022200219
B2351224747905N11959133WA0022200219
B2351234747905N11959133WA0022200218
B2351244747905N11959133WA0022200218
B2351254747905N11959132WA0022200218
B2351264747905N11959132WA0022200218
B2351274747905N11959132WA0022200218
B2351284747905N11959132WA0022200218
B2351294747905N11959133WA0022200217
B2351304747905N11959133WA0022200217
B2351314747905N11959133WA0022200217
B2351324747905N11959133WA0022200217
B2351334747905N11959133WA0022200217
B2351344747905N11959133WA0022200217
B2351354747905N11959133WA0022200217
B2351364747905N11959133WA0022200217
B2351374747905N11959133WA0022200217
B2351384747905N11959133WA0022200217
B2351394747905N11959133WA0022200217
B2351404747905N11959133WA0022200217
B2351414747905N11959133WA0022200217
B2351424747905N11959133WA0022200217
B2351434747905N11959133WA0022200217
B2351444747905N11959133WA0022200217
B2351454747905N11959133WA0022200217
B2351464747905N11959134WA0022200217
B2351474747905N11959134WA0022200217
B2351484747905N11959134WA0022200217
B2351494747905N11959134WA0022200217
B2351504747905N11959134WA0022200217
B2351514747905N11959134WA0022200217
B2351524747905N11959134WA0022200217
B2351534747905N11959134WA0022200217
B2351544747905N11959134WA0022200217
B2351554747905N11959134WA0022200217
B2351564747905N11959134WA0022200218
B2351574747905N11959134WA0022200218
B2351584747905N11959134WA0022200218
B2351594747905N11959134WA0022200218
B2352004747905N11959134WA0022200218
B2352014747905N11959134WA0022200219
B2352024747905N11959134WA0022200219
B2352034747905N11959134WA0022200219
B2352044747905N11959134WA0022200219
B2352054747904N11959134WA0022200220
B2352064747904N11959134WA0022200220
B2352074747904N11959134WA0022200220
B2352084747904N11959134WA0022200220
B2352094747904N11959134WA0022200221
B2352104747904N11959134WA0022200221
B2352114747904N11959134WA0022200221
B2352124747904N11959134WA0022200221
B2352134747904N11959134WA0022200221
B2352144747904N11959134WA0022200221
B2352154747904N11959135WA0022200221
B2352164747903N11959135WA0022200222
B2352174747903N11959135WA0022200221
B2352184747903N11959135WA0022200221
B2352194747903N11959135WA0022200221
B2352204747903N11959135WA0022200221
B2352214747903N11959135WA0022200221
B2352224747903N11959135WA0022200221
B2352234747903N11959135WA0022200221
B2352244747903N11959135WA0022200221
B2352254747903N11959135WA0022200221
B2352264747903N11959135WA0022200221
B2352274747903N11959135WA0022200221
B2352284747903N11959135WA0022200220
B2352294747903N11959135WA0022200220
B2352304747903N11959135WA0022200220
B2352314747903N11959135WA0022200220
B2352324747903N11959135WA0022200220
B2352334747903N11959135WA0022200220
B2352344747903N11959135WA0022200220
B2352354747903N11959135WA0022200220
B2352364747903N11959135WA0022200220
B2352374747903N11959135WA0022200220
B2352384747903N11959135WA0022200220
B2352394747903N11959135WA0022200219
B2352404747903N11959135WA0022200220
B2352414747904N11959135WA0022200220
B2352424747904N11959135WA0022200220
B2352434747904N11959135WA0022200220
B2352444747904N11959135WA0022200220
B2352454747904N11959135WA0022200220
B2352464747904N11959135WA0022200221
B2352474747904N11959135WA0022200221
B2352484747904N11959134WA0022200221
B2352494747904N11959134WA0022200221
B2352504747904N11959134WA0022200220
B2352514747904N11959134WA0022200220
B2352524747904N11959134WA0022200220
B2352534747904N11959134WA0022200219
B2352544747904N11959134WA0022200219
B2352554747904N11959134WA0022200219
B2352564747904N11959134WA0022200219
B2352574747904N11959134WA0022200219
B2352584747904N11959134WA0022200218
B2352594747904N11959134WA0022200218
B2353004747904N11959134WA0022200218
B2353014747904N11959134WA0022200218
B2353024747904N11959134WA0022200217
B2353034747904N11959134WA0022200217
B2353044747904N11959134WA0022200217
B2353054747904N11959134WA0022200217
B2353064747904N11959134WA0022200216
B2353074747904N11959134WA0022200216
B2353084747904N11959134WA0022200216
B2353094747904N11959134WA0022200216
B2353104747904N11959134WA0022200216
B2353114747904N11959134WA0022200216
B2353124747904N11959134WA0022200217
B2353134747904N11959134WA0022200217
B2353144747904N11959134WA0022200217
B2353154747904N11959134WA0022200217
B2353164747904N11959134WA0022200217
B2353174747904N11959134WA0022200217
B2353184747904N11959134WA0022200217
B2353194747904N11959134WA0022200217
B2353204747904N11959134WA0022200217
B2353214747904N11959134WA0022200218
B2353224747904N11959134WA0022200218
B2353234747904N11959134WA0022200218
B2353244747904N11959134WA0022200218
B2353254747904N11959134WA0022200218
B2353264747904N11959134WA0022200218
B2353274747904N11959134WA0022200218
B2353284747904N11959134WA0022200218
B2353294747904N11959134WA0022200218
B2353304747904N11959134WA0022200218
B2353314747904N11959134WA0022200218
B2353324747904N11959134WA0022200218
B2353334747904N11959134WA0022200218
B2353344747903N11959134WA0022200218
B2353354747904N11959134WA0022200218
B2353364747904N11959134WA0022200218
B2353374747904N11959134WA0022200219
B2353384747904N11959134WA0022200219
B2353394747904N11959134WA0022200219
B2353404747904N11959134WA0022200219
B2353414747904N11959134WA0022200219
B2353424747904N11959134WA0022200219
B2353434747904N11959134WA0022200219
B2353444747904N11959134WA0022200219
B2353454747904N11959134WA0022200219
B2353464747904N11959134WA0022200219
B2353474747904N11959134WA0022200219
B2353484747904N11959134WA0022200219
B2353494747904N11959134WA0022200219
B2353504747904N11959134WA0022200219
B2353514747904N11959134WA0022200219
B2353524747904N11959134WA0022200219
B2353534747904N11959134WA0022200219
B2353544747904N11959134WA0022200219
B2353554747904N11959134WA0022200219
B2353564747904N11959134WA0022200219
B2353574747904N11959134WA0022200219
B2353584747904N11959134WA0022200219
B2353594747904N11959134WA0022200219
B2354004747904N11959134WA0022200219
B2354014747904N11959134WA0022200219
B2354024747904N11959134WA0022200219
B2354034747904N11959134WA0022200219
B2354044747904N11959134WA0022200219
B2354054747904N11959134WA0022200219
B2354064747904N11959134WA0022200218
B2354074747904N11959134WA0022200218
B2354084747904N11959134WA0022200218
B2354094747904N11959134WA0022200218
B2354104747904N11959134WA0022200218
B2354114747904N11959134WA0022200218
B2354124747904N11959134WA0022200218
B2354134747904N11959134WA0022200218
B2354144747904N11959134WA0022200218
B2354154747904N11959134WA0022200218
B2354164747904N11959134WA0022200218
B2354174747904N11959134WA0022200218
B2354184747904N11959134WA0022200218
B2354194747904N11959134WA0022200218
B2354204747904N11959134WA0022200218
B2354214747904N11959134WA0022200218
B2354224747904N11959134WA0022200218
B2354234747904N11959134WA0022200218
B2354244747904N11959134WA0022200218
B2354254747904N11959133WA0022200218
B2354264747904N11959133WA0022200218
B2354274747904N11959133WA0022200218
B2354284747904N11959133WA0022200218
B2354294747904N11959133WA0022200218
B2354304747904N11959133WA0022200218
B2354314747904N11959133WA0022200218
B2354324747904N11959133WA0022200218
B2354334747904N11959133WA0022200218
B2354344747904N11959133WA0022200218
B2354354747904N11959133WA0022200218
B2354364747904N11959133WA0022200218
B2354374747904N11959133WA0022200218
B2354384747904N11959133WA0022200219
B2354394747904N11959133WA0022200219
B2354404747904N11959133WA0022200219
B2354414747904N11959133WA0022200219
B2354424747904N11959133WA0022200219
B2354434747904N11959133WA0022200219
B2354444747904N11959133WA0022200219
B2354454747904N11959133WA0022200219
B2354464747904N11959133WA0022200219
B2354474747904N11959133WA0022200219
B2354484747904N11959133WA0022200219
B2354494747904N11959133WA0022200219
B2354504747904N11959133WA0022200219
B2354514747904N11959133WA0022200219
B2354524747904N11959133WA0022200219
B2354534747904N11959133WA0022200220
B2354544747904N11959133WA0022200220
B2354554747904N11959133WA0022200220
B2354564747904N11959133WA0022200220
B2354574747904N11959133WA0022200220
B2354584747904N11959133WA0022200220
B2354594747904N11959133WA0022200220
B2355004747904N11959133WA0022200220
B2355014747904N11959133WA0022200220
B2355024747904N11959133WA0022200221
B2355034747904N11959133WA0022200221
B2355044747904N11959133WA0022200221
B2355054747904N11959133WA0022200221
B2355064747904N11959133WA0022200221
B2355074747904N11959133WA0022200221
B2355084747904N11959133WA0022200221
B2355094747904N11959133WA0022200221
B2355104747904N11959133WA0022200221
B2355114747904N11959133WA0022200221
B2355124747904N11959133WA0022200221
B2355134747904N11959133WA0022200221
B2355144747904N11959133WA0022200221
B2355154747904N11959133WA0022200221
B2355164747904N11959133WA0022200222
B2355174747904N11959133WA0022200222
B2355184747904N11959133WA0022200222
B2355194747904N11959133WA0022200222
B2355204747904N11959133WA0022200222
B2355214747904N11959133WA0022200223
B2355224747904N11959133WA0022200223
B2355234747904N11959133WA0022200223
B2355244747904N11959133WA0022200223
B2355254747904N11959133WA0022200223
B2355264747904N11959133WA0022200223
B2355274747904N11959133WA0022200223
B2355284747904N11959133WA0022200224
B2355294747904N11959133WA0022200224
B2355304747904N11959133WA0022200224
B2355314747904N11959133WA0022200224
B2355324747904N11959133WA0022200224
B2355334747904N11959133WA0022200224
B2355344747904N11959133WA0022200224
B2355354747904N11959133WA0022200223
B2355364747904N11959133WA0022200223
B2355374747904N11959133WA0022200223
B2355384747904N11959133WA0022200223
B2355394747904N11959133WA0022200223
B2355404747904N11959133WA0022200222
B2355414747904N11959133WA0022200222
B2355424747904N11959133WA0022200222
B2355434747904N11959133WA0022200222
B2355444747904N11959133WA0022200222
B2355454747904N11959132WA0022200222
B2355464747904N11959132WA0022200222
B2355474747904N11959132WA0022200221
B2355484747904N11959132WA0022200221
B2355494747904N11959132WA0022200221
B2355504747904N11959132WA0022200221
B2355514747904N11959132WA0022200220
B2355524747904N11959132WA0022200220
B2355534747904N11959132WA0022200220
B2355544747904N11959133WA0022200220
B2355554747904N11959133WA0022200220
B2355564747904N11959133WA0022200220
B2355574747904N11959133WA0022200220
B2355584747904N11959133WA0022200220
B2355594747904N11959133WA0022200220
B2356004747904N11959133WA0022200220
B2356014747904N11959133WA0022200220
B2356024747904N11959133WA0022200220
B2356034747904N11959133WA0022200219
B2356044747904N11959133WA0022200219
B2356054747904N11959133WA0022200219
B2356064747904N11959133WA0022200220
B2356074747904N11959133WA0022200220
B2356084747904N11959133WA0022200220
B2356094747904N11959133WA0022200220
B2356104747904N11959133WA0022200220
B2356114747904N11959133WA0022200220
B2356124747904N11959133WA0022200220
B2356134747904N11959133WA0022200220
B2356144747904N11959133WA0022200220
B2356154747904N11959133WA0022200220
B2356164747904N11959133WA0022200220
B2356174747904N11959133WA0022200221
B2356184747904N11959133WA0022200221
B2356194747904N11959133WA0022200221
B2356204747904N11959133WA0022200221
B2356214747904N11959133WA0022200221
B2356224747904N11959133WA0022200221
B2356234747904N11959133WA0022200222
B2356244747904N11959133WA0022200222
B2356254747904N11959133WA0022200222
B2356264747904N11959133WA0022200222
B2356274747904N11959133WA0022200223
B2356284747904N11959132WA0022200223
B2356294747904N11959132WA0022200223
B2356304747904N11959132WA0022200223
B2356314747904N11959132WA0022200223
B2356324747904N11959132WA0022200224
B2356334747904N11959132WA0022200224
B2356344747904N11959132WA0022200224
B2356354747904N11959132WA0022200224
B2356364747904N11959132WA0022200224
B2356374747904N11959132WA0022200225
B2356384747904N11959132WA0022200225
B2356394747904N11959132WA0022200225
B2356404747904N11959132WA0022200225
B2356414747904N11959132WA0022200225
B2356424747904N11959132WA0022200225
B2356434747904N11959132WA0022200225
B2356444747904N11959132WA0022200226
B2356454747904N11959132WA0022200226
B2356464747904N11959132WA0022200226
B2356474747904N11959132WA0022200226
B2356484747904N11959132WA0022200226
B2356494747904N11959132WA0022200226
B2356504747904N11959132WA0022200226
B2356514747904N11959133WA0022200225
B2356524747904N11959133WA0022200225
B2356534747904N11959133WA0022200225
B2356544747904N11959133WA0022200225
B2356554747904N11959133WA0022200225
B2356564747904N11959133WA0022200225
B2356574747904N11959133WA0022200225
B2356584747904N11959133WA0022200225
B2356594747904N11959133WA0022200225
B2357004747904N11959133WA0022200224
B2357014747904N11959133WA0022200224
B2357024747904N11959133WA0022200224
B2357034747904N11959133WA0022200224
B2357044747904N11959133WA0022200224
B2357054747904N11959133WA0022200224
B2357064747904N11959133WA0022200224
B2357074747904N11959133WA0022200224
B2357084747904N11959133WA0022200224
B2357094747904N11959133WA0022200223
B2357104747904N11959133WA0022200223
B2357114747904N11959133WA0022200223
B2357124747904N11959133WA0022200223
B2357134747904N11959133WA0022200223
B2357144747904N11959133WA0022200223
B2357154747904N11959133WA0022200223
B2357164747904N11959133WA0022200223
B2357174747904N11959133WA0022200223
B2357184747904N11959133WA0022200223
B2357194747904N11959133WA0022200223
B2357204747904N11959133WA0022200223
B2357214747904N11959133WA0022200223
B2357224747905N11959133WA0022200223
B2357234747905N11959133WA0022200222
B2357244747905N11959133WA0022200222
B2357254747905N11959133WA0022200222
B2357264747905N11959133WA0022200222
B2357274747905N11959133WA0022200222
B2357284747905N11959133WA0022200222
B2357294747905N11959133WA0022200222
B2357304747905N11959133WA0022200222
B2357314747905N11959133WA0022200222
B2357324747905N11959133WA0022200222
B2357334747905N11959133WA0022200222
B2357344747905N11959133WA0022200222
B2357354747905N11959133WA0022200222
B2357364747905N11959133WA0022200221
B2357374747905N11959133WA0022200221
B2357384747905N11959133WA0022200221
B2357394747905N11959133WA0022200221
B2357404747905N11959133WA0022200221
B2357414747905N11959133WA0022200221
B2357424747905N11959133WA0022200221
B2357434747905N11959133WA0022200221
B2357444747905N11959134WA0022200221
B2357454747905N11959134WA0022200220
B2357464747905N11959134WA0022200220
B2357474747905N11959134WA0022200220
B2357484747905N11959134WA0022200220
B2357494747905N11959134WA0022200220
B2357504747905N11959134WA0022200220
B2357514747905N11959134WA0022200220
B2357524747905N11959134WA0022200220
B2357534747905N11959134WA0022200219
B2357544747905N11959134WA0022200219
B2357554747905N11959134WA0022200219
B2357564747905N11959134WA0022200219
B2357574747905N11959134WA0022200219
B2357584747905N11959134WA0022200219
B2357594747905N11959134WA0022200219
B2358004747905N11959134WA0022200219
B2358014747905N11959134WA0022200219
B2358024747905N11959134WA0022200219
B2358034747905N11959134WA0022200219
B2358044747905N11959134WA0022200219
B2358054747905N11959134WA0022200219
B2358064747905N11959134WA0022200219
B2358074747905N11959134WA0022200219
B2358084747905N11959134WA0022200219
B2358094747905N11959134WA0022200219
B2358104747905N11959134WA0022200219
B2358114747905N11959134WA0022200219
B2358124747905N11959134WA0022200220
B2358134747905N11959134WA0022200220
B2358144747905N11959134WA0022200220
B2358154747905N11959134WA0022200220
B2358164747905N11959134WA0022200220
B2358174747905N11959134WA0022200220
B2358184747905N11959134WA0022200220
B2358194747905N11959134WA0022200220
B2358204747905N11959134WA0022200220
B2358214747905N11959134WA0022200220
B2358224747905N11959133WA0022200220
B2358234747905N11959133WA0022200220
B2358244747905N11959133WA0022200220
B2358254747905N11959133WA0022200220
B2358264747905N11959133WA0022200220
B2358274747905N11959133WA0022200220
B2358284747905N11959133WA0022200220
B2358294747905N11959133WA0022200220
B2358304747905N11959133WA0022200219
B2358314747905N11959133WA0022200219
B2358324747905N11959133WA0022200219
B2358334747905N11959133WA0022200219
B2358344747905N11959133WA0022200219
B2358354747905N11959133WA0022200219
B2358364747905N11959133WA0022200219
B2358374747905N11959133WA0022200219
B2358384747905N11959133WA0022200219
B2358394747905N11959133WA0022200219
B2358404747905N11959133WA0022200219
B2358414747905N11959133WA0022200219
B2358424747905N11959133WA0022200219
B2358434747905N11959133WA0022200219
B2358444747905N11959133WA0022200219
B2358454747905N11959133WA0022200219
B2358464747905N11959133WA0022200219
B2358474747905N11959133WA0022200218
B2358484747905N11959133WA0022200218
B2358494747906N11959132WA0022200218
B2358504747906N11959132WA0022200218
B2358514747907N11959132WA0022200218
B2358524747907N11959132WA0022200219
B2358534747908N11959131WA0022200219
B2358544747909N11959130WA0022300220
B2358554747910N11959129WA0022300221
B2358564747910N11959128WA0022300221
B2358574747911N11959128WA0022300221
B2358584747911N11959127WA0022300222
B2358594747912N11959127WA0022300223
B2359004747912N11959127WA0022300221
B2359014747913N11959127WA0022300221
B2359024747913N11959126WA0022300220
B2359034747914N11959126WA0022300221
B2359044747914N11959125WA0022300221
B2359054747915N11959124WA0022300220
B2359064747914N11959124WA0022300220
B2359074747915N11959124WA0022300216
B2359084747915N11959122WA0022300215
B2359094747915N11959122WA0022300215
B2359104747915N11959121WA0022300214
B2359114747916N11959121WA0022300215
B2359124747916N11959121WA0022300217
B2359134747916N11959120WA0022300216
B2359144747917N11959120WA0022200217
B2359154747917N11959120WA0022300218
B2359164747918N11959120WA0022300219
B2359174747918N11959120WA0022300219
B2359184747919N11959120WA0022300220
B2359194747919N11959120WA0022300219
B2359204747920N11959120WA0022300219
B2359214747920N11959120WA0022300219
B2359224747921N11959120WA0022300219
B2359234747921N11959121WA0022300219
B2359244747921N11959121WA0022300218
B2359254747921N11959121WA0022300217
B2359264747922N11959121WA0022300218
B2359274747922N11959121WA0022300218
B2359284747922N11959121WA0022300218
B2359294747922N11959121WA0022300218
B2359304747922N11959121WA0022300217
B2359314747923N11959121WA0022300217
B2359324747922N11959121WA0022300217
B2359334747922N11959121WA0022300217
B2359344747922N11959120WA0022300218
B2359354747922N11959122WA0022300218
B2359364747922N11959123WA0022300218
B2359374747923N11959123WA0022300218
B2359384747923N11959123WA0022300218
B2359394747923N11959123WA0022300218
B2359404747923N11959123WA0022300218
B2359414747923N11959123WA0022300218
B2359424747923N11959123WA0022300218
B2359434747923N11959123WA0022300218
B2359444747923N11959123WA0022300217
B2359454747923N11959123WA0022300218
B2359464747923N11959123WA0022300217
B2359474747924N11959123WA0022300218
B2359484747924N11959123WA0022300217
B2359494747923N11959123WA0022300217
B2359504747923N11959123WA0022300217
B2359514747923N11959123WA0022300217
B2359524747923N11959123WA0022300218
B2359534747923N11959123WA0022300218
B2359544747923N11959123WA0022300218
B2359554747923N11959123WA0022300218
B2359564747923N11959123WA0022300218
B2359574747924N11959123WA0022300218
B2359584747923N11959123WA0022300218
B2359594747923N11959123WA0022300218
B0000004747923N11959123WA0022300218
B0000014747923N11959123WA0022300218
B0000024747923N11959123WA0022300218
B0000034747923N11959123WA0022300218
B0000044747924N11959123WA0022300218
B0000054747924N11959123WA0022300217
B0000064747924N11959123WA0022300217
B0000074747924N11959123WA0022300217
B0000084747924N11959123WA0022300217
B0000094747924N11959123WA0022300217
B0000104747924N11959122WA0022300217
B0000114747924N11959122WA0022300218
B0000124747924N11959122WA0022300218
B0000134747924N11959122WA0022300217
B0000144747924N11959122WA0022300217
B0000154747924N11959122WA0022300217
B0000164747924N11959122WA0022300217
B0000174747924N11959122WA0022300216
B0000184747924N11959122WA0022300216
B0000194747923N11959122WA0022300216
B0000204747923N11959122WA0022300216
B0000214747923N11959122WA0022400216
B0000224747924N11959122WA0022400216
B0000234747924N11959122WA0022400216
B0000244747924N11959122WA0022400217
B0000254747924N11959122WA0022400217
B0000264747924N11959122WA0022400217
B0000274747924N11959122WA0022300217
B0000284747924N11959122WA0022300218
B0000294747924N11959122WA0022300218
B0000304747924N11959122WA0022300218
B0000314747924N11959122WA0022300218
B0000324747923N11959122WA0022300218
B0000334747923N11959122WA0022300219
B0000344747923N11959122WA0022300219
B0000354747924N11959122WA0022300219
B0000364747924N11959122WA0022300219
B0000374747924N11959121WA0022300220
B0000384747924N11959121WA0022300220
B0000394747924N11959121WA0022300221
B0000404747924N11959121WA0022300221
B0000414747924N11959121WA0022300221
B0000424747923N11959122WA0022300222
B0000434747923N11959122WA0022400222
B0000444747923N11959122WA0022400223
B0000454747923N11959121WA0022400222
B0000464747923N11959121WA0022400222
B0000474747923N11959121WA0022400221
B0000484747923N11959121WA0022400221
B0000494747923N11959121WA0022300221
B0000504747923N11959121WA0022300221
B0000514747923N11959121WA0022300220
B0000524747923N11959121WA0022300220
B0000534747923N11959121WA0022300219
B0000544747923N11959121WA0022300219
B0000554747923N11959121WA0022300219
B0000564747923N11959121WA0022300219
B0000574747923N11959121WA0022300219
B0000584747923N11959121WA0022300219
B0000594747923N11959121WA0022300218
B0001004747923N11959121WA0022300218
B0001014747923N11959121WA0022300218
B0001024747923N11959121WA0022300218
B0001034747923N11959121WA0022300218
B0001044747923N11959121WA0022300218
B0001054747923N11959121WA0022300218
B0001064747923N11959121WA0022300219
B0001074747923N11959121WA0022300219
B0001084747922N11959121WA0022300217
B0001094747923N11959121WA0022300217
B0001104747923N11959121WA0022300217
B0001114747923N11959121WA0022300217
B0001124747923N11959121WA0022300218
B0001134747922N11959120WA0022300218
B0001144747922N11959120WA0022300218
B0001154747922N11959119WA0022300218
B0001164747922N11959119WA0022300219
B0001174747922N11959119WA0022300219
B0001184747922N11959119WA0022300219
B0001194747922N11959119WA0022300219
B0001204747922N11959119WA0022400220
B0001214747922N11959120WA0022400221
B0001224747922N11959120WA0022400221
B0001234747922N11959119WA0022400221
B0001244747922N11959118WA0022400218
B0001254747921N11959118WA0022400218
B0001264747921N11959118WA0022400218
B0001274747922N11959119WA0022300218
B0001284747922N11959118WA0022300218
B0001294747922N11959118WA0022300217
B0001304747922N11959118WA0022300218
B0001314747922N11959118WA0022300216
B0001324747922N11959118WA0022300216
B0001334747922N11959118WA0022300214
B0001344747922N11959119WA0022300213
B0001354747921N11959119WA0022300212
B0001364747921N11959119WA0022300213
B0001374747921N11959119WA0022300214
B0001384747921N11959119WA0022300215
B0001394747922N11959119WA0022300215
B0001404747922N11959119WA0022300214
B0001414747922N11959119WA0022300214
B0001424747922N11959119WA0022300214
B0001434747922N11959119WA0022300213
B0001444747922N11959119WA0022300212
B0001454747922N11959119WA0022400213
B0001464747922N11959119WA0022400213
B0001474747922N11959119WA0022400214
B0001484747922N11959119WA0022400213
B0001494747922N11959119WA0022400213
B0001504747921N11959119WA0022400213
B0001514747921N11959119WA0022400213
B0001524747921N11959119WA0022400213
B0001534747921N11959119WA0022400213
B0001544747921N11959120WA0022400214
B0001554747921N11959120WA0022400214
B0001564747921N11959120WA0022400214
B0001574747921N11959119WA0022400214
B0001584747921N11959119WA0022400215
B0001594747921N11959119WA0022400215
B0002004747922N11959119WA0022400215
B0002014747922N11959119WA0022400215
B0002024747922N11959120WA0022400215
B0002034747922N11959120WA0022400215
B0002044747922N11959120WA0022400214
B0002054747922N11959120WA0022400214
B0002064747922N11959121WA0022400215
B0002074747922N11959121WA0022400215
B0002084747922N11959121WA0022400216
B0002094747922N11959121WA0022400216
B0002104747922N11959121WA0022400216
B0002114747922N11959121WA0022400216
B0002124747922N11959121WA0022400217
B0002134747922N11959121WA0022400217
B0002144747922N11959120WA0022400217
B0002154747922N11959120WA0022400218
B0002164747922N11959121WA0022400218
B0002174747922N11959121WA0022400217
B0002184747922N11959121WA0022400217
B0002194747922N11959121WA0022400217
B0002204747922N11959121WA0022400217
B0002214747922N11959121WA0022400217
B0002224747921N11959121WA0022400218
B0002234747921N11959122WA0022400218
B0002244747921N11959122WA0022400218
B0002254747921N11959122WA0022400219
B0002264747921N11959122WA0022300220
B0002274747921N11959122WA0022300220
B0002284747921N11959123WA0022300220
B0002294747921N11959123WA0022300220
B0002304747921N11959123WA0022300221
B0002314747921N11959123WA0022300221
B0002324747921N11959123WA0022300221
B0002334747921N11959123WA0022300221
B0002344747921N11959123WA0022300221
B0002354747921N11959123WA0022300221
B0002364747921N11959123WA0022300221
B0002374747921N11959123WA0022300221
B0002384747921N11959122WA0022300221
B0002394747921N11959122WA0022300221
B0002404747921N11959122WA0022300220
B0002414747921N11959122WA0022300220
B0002424747920N11959122WA0022300219
B0002434747920N11959122WA0022300219
B0002444747920N11959122WA0022300219
B0002454747920N11959122WA0022300218
B0002464747920N11959122WA0022400219
B0002474747920N11959121WA0022400217
B0002484747920N11959121WA0022300218
B0002494747920N11959121WA0022300217
B0002504747921N11959120WA0022300217
B0002514747921N11959119WA0022300216
B0002524747921N11959119WA0022300216
B0002534747922N11959119WA0022300216
B0002544747922N11959118WA0022300216
B0002554747922N11959118WA0022300216
B0002564747922N11959118WA0022300215
B0002574747922N11959118WA0022300214
B0002584747922N11959118WA0022300214
B0002594747922N11959118WA0022300214
B0003004747922N11959118WA0022300215
B0003014747922N11959117WA0022300215
B0003024747923N11959117WA0022300216
B0003034747923N11959117WA0022300216
B0003044747923N11959117WA0022300216
B0003054747923N11959117WA0022300216
B0003064747923N11959117WA0022300216
B0003074747923N11959117WA0022300216
B0003084747923N11959117WA0022300216
B0003094747923N11959117WA0022300216
B0003104747923N11959117WA0022300216
B0003114747923N11959117WA0022300216
B0003124747923N11959117WA0022300216
B0003134747923N11959117WA0022300216
B0003144747923N11959117WA0022300216
B0003154747923N11959117WA0022300216
B0003164747923N11959117WA0022300216
B0003174747923N11959117WA0022300217
B0003184747923N11959117WA0022300217
B0003194747923N11959117WA0022300217
B0003204747923N11959117WA0022200217
B0003214747923N11959117WA0022200217
B0003224747923N11959117WA0022200217
B0003234747923N11959117WA0022200217
B0003244747923N11959117WA0022300217
B0003254747923N11959117WA0022300217
B0003264747923N11959117WA0022300217
B0003274747923N11959117WA0022300217
B0003284747923N11959117WA0022300218
B0003294747923N11959118WA0022300218
B0003304747923N11959118WA0022300218
B0003314747923N11959118WA0022300218
B0003324747923N11959118WA0022300218
B0003334747923N11959118WA0022300218
B0003344747923N11959118WA0022300218
B0003354747923N11959118WA0022300218
B0003364747923N11959118WA0022300218
B0003374747923N11959118WA0022300218
B0003384747923N11959118WA0022300218
B0003394747923N11959118WA0022300218
B0003404747923N11959118WA0022300218
B0003414747923N11959118WA0022300218
B0003424747923N11959118WA0022300218
B0003434747923N11959118WA0022300218
B0003444747923N11959118WA0022300218
B0003454747923N11959118WA0022300218
B0003464747923N11959118WA0022300218
B0003474747923N11959118WA0022300218
B0003484747923N11959118WA0022300218
B0003494747923N11959118WA0022300218
B0003504747923N11959118WA0022300218
B0003514747923N11959118WA0022300218
B0003524747923N11959118WA0022300218
B0003534747923N11959118WA0022300218
B0003544747923N11959118WA0022300218
B0003554747923N11959118WA0022300218
B0003564747923N11959118WA0022300218
B0003574747923N11959118WA0022300218
B0003584747923N11959118WA0022300218
B0003594747923N11959118WA0022300218
B0004004747923N11959118WA0022300218
B0004014747923N11959118WA0022300218
B0004024747923N11959118WA0022300218
B0004034747923N11959118WA0022300218
B0004044747923N11959118WA0022300218
B0004054747923N11959118WA0022300218
B0004064747923N11959118WA0022300218
B0004074747923N11959118WA0022300218
B0004084747923N11959118WA0022300218
B0004094747923N11959118WA0022300219
B0004104747923N11959118WA0022300219
B0004114747923N11959118WA0022300219
B0004124747923N11959118WA0022300219
B0004134747923N11959118WA0022300219
B0004144747923N11959118WA0022300219
B0004154747923N11959118WA0022300219
B0004164747923N11959118WA0022300219
B0004174747923N11959118WA0022300219
B0004184747923N11959118WA0022300219
B0004194747923N11959118WA0022300219
B0004204747923N11959118WA0022300219
B0004214747923N11959118WA0022300220
B0004224747923N11959118WA0022300220
B0004234747923N11959118WA0022300220
B0004244747923N11959118WA0022300220
B0004254747923N11959118WA0022300220
B0004264747923N11959118WA0022300220
B0004274747923N11959118WA0022300220
B0004284747923N11959118WA0022300220
B0004294747923N11959118WA0022300219
B0004304747923N11959118WA0022300219
B0004314747923N11959118WA0022300219
B0004324747923N11959118WA0022300219
B0004334747923N11959118WA0022300219
B0004344747923N11959118WA0022300219
B0004354747923N11959118WA0022300219
B0004364747923N11959118WA0022300219
B0004374747923N11959118WA0022300219
B0004384747923N11959118WA0022300219
B0004394747923N11959118WA0022300219
B0004404747923N11959118WA0022300219
B0004414747923N11959118WA0022300219
B0004424747923N11959118WA0022300219
B0004434747923N11959118WA0022300219
B0004444747923N11959118WA0022300218
B0004454747923N11959118WA0022300218
B0004464747923N11959118WA0022300218
B0004474747923N11959118WA0022300218
B0004484747923N11959118WA0022300218
B0004494747923N11959118WA0022300218
B0004504747923N11959118WA0022300218
B0004514747923N11959118WA0022300218
B0004524747923N11959119WA0022300218
B0004534747923N11959119WA0022300218
B0004544747923N11959119WA0022300218
B0004554747923N11959119WA0022300218
B0004564747923N11959119WA0022300218
B0004574747923N11959119WA0022300218
B0004584747923N11959119WA0022300218
B0004594747923N11959119WA0022300218
B0005004747923N11959119WA0022300218
B0005014747923N11959119WA0022300218
B0005024747923N11959119WA0022300218
B0005034747923N11959119WA0022300218
B0005044747923N11959119WA0022300218
B0005054747923N11959119WA0022300218
B0005064747923N11959119WA0022300218
B0005074747923N11959119WA0022300218
B0005084747923N11959119WA0022300218
B0005094747923N11959119WA0022300218
B0005104747923N11959120WA0022300218
B0005114747923N11959120WA0022300218
B0005124747923N11959120WA0022300218
B0005134747923N11959120WA0022300218
B0005144747923N11959120WA0022300218
B0005154747923N11959120WA0022300219
B0005164747923N11959120WA0022300219
B0005174747923N11959120WA0022300219
B0005184747923N11959120WA0022300219
B0005194747923N11959120WA0022300219
B0005204747923N11959120WA0022300219
B0005214747923N11959120WA0022300219
B0005224747923N11959120WA0022300219
B0005234747923N11959120WA0022300219
B0005244747923N11959120WA0022300219
B0005254747923N11959120WA0022300219
B0005264747923N11959120WA0022300219
B0005274747923N11959120WA0022300219
B0005284747923N11959120WA0022300219
B0005294747923N11959120WA0022300219
B0005304747923N11959120WA0022300219
B0005314747923N11959120WA0022300219
B0005324747923N11959120WA0022300219
B0005334747923N11959120WA0022300219
B0005344747923N11959120WA0022300219
B0005354747923N11959121WA0022300219
B0005364747923N11959121WA0022300219
B0005374747923N11959121WA0022300220
B0005384747923N11959121WA0022300220
B0005394747923N11959121WA0022300220
B0005404747923N11959121WA0022300220
B0005414747923N11959121WA0022300220
B0005424747923N11959121WA0022300220
B0005434747923N11959121WA0022300220
B0005444747923N11959121WA0022300221
B0005454747923N11959121WA0022300221
B0005464747923N11959121WA0022300221
B0005474747923N11959121WA0022300221
B0005484747923N11959121WA0022300221
B0005494747923N11959121WA0022300221
B0005504747923N11959121WA0022300220
B0005514747923N11959121WA0022300220
B0005524747923N11959121WA0022300220
B0005534747923N11959121WA0022300220
B0005544747923N11959121WA0022300220
B0005554747923N11959121WA0022300220
B0005564747923N11959121WA0022300220
B0005574747923N11959121WA0022300220
B0005584747923N11959121WA0022300220
B0005594747923N11959121WA0022300220
B0006004747923N11959121WA0022300220
B0006014747923N11959121WA0022300219
B0006024747923N11959121WA0022300219
B0006034747923N11959120WA0022300219
B0006044747923N11959120WA0022300219
B0006054747923N11959120WA0022300219
B0006064747923N11959120WA0022300219
B0006074747923N11959120WA0022300219
B0006084747923N11959120WA0022300219
B0006094747923N11959120WA0022300219
B0006104747923N11959120WA0022300218
B0006114747923N11959120WA0022300218
B0006124747923N11959120WA0022300218
B0006134747923N11959120WA0022300218
B0006144747923N11959120WA0022300218
B0006154747923N11959120WA0022300218
B0006164747923N11959120WA0022300217
B0006174747923N11959120WA0022300217
B0006184747923N11959120WA0022300217
B0006194747923N11959120WA0022300217
B0006204747923N11959120WA0022300217
B0006214747923N11959120WA0022300217
B0006224747923N11959120WA0022300217
B0006234747923N11959120WA0022300217
B0006244747923N11959120WA0022300217
B0006254747923N11959120WA0022300217
B0006264747923N11959120WA0022300217
B0006274747923N11959120WA0022300217
B0006284747923N11959120WA0022300217
B0006294747923N11959120WA0022300217
B0006304747923N11959120WA0022300217
B0006314747923N11959120WA0022300217
B0006324747923N11959120WA0022300217
B0006334747923N11959120WA0022300217
B0006344747923N11959120WA0022300217
B0006354747923N11959120WA0022300217
B0006364747923N11959119WA0022300217
B0006374747923N11959119WA0022300217
B0006384747923N11959119WA0022300217
B0006394747923N11959119WA0022300217
B0006404747923N11959119WA0022300217
B0006414747923N11959119WA0022300216
B0006424747923N11959119WA0022300216
B0006434747923N11959119WA0022300216
B0006444747923N11959119WA0022300216
B0006454747924N11959119WA0022300216
B0006464747924N11959119WA0022300216
B0006474747924N11959119WA0022300216
B0006484747924N11959119WA0022300216
B0006494747924N11959119WA0022300216
B0006504747924N11959119WA0022300216
B0006514747924N11959119WA0022300216
B0006524747924N11959119WA0022300216
B0006534747924N11959119WA0022300215
B0006544747924N11959119WA0022300215
B0006554747924N11959119WA0022300215
B0006564747924N11959119WA0022300215
B0006574747923N11959119WA0022300215
B0006584747923N11959119WA0022300215
B0006594747923N11959119WA0022300215
B0007004747923N11959119WA0022300215
B0007014747923N11959119WA0022300215
B0007024747923N11959119WA0022300215
B0007034747923N11959119WA0022300216
B0007044747923N11959119WA0022300216
B0007054747923N11959119WA0022300216
B0007064747923N11959119WA0022300216
B0007074747923N11959119WA0022300216
B0007084747923N11959119WA0022300216
B0007094747923N11959119WA0022300216
B0007104747923N11959119WA0022300216
B0007114747923N11959119WA0022300216
B0007124747923N11959119WA0022300216
B0007134747923N11959119WA0022300216
B0007144747923N11959119WA0022300216
B0007154747923N11959119WA0022300216
B0007164747923N11959119WA0022300217
B0007174747923N11959119WA0022300217
B0007184747923N11959119WA0022300217
B0007194747923N11959119WA0022300217
B0007204747923N11959119WA0022300217
B0007214747923N11959119WA0022300217
B0007224747923N11959119WA0022300217
B0007234747923N11959119WA0022300217
B0007244747923N11959119WA0022300217
B0007254747923N11959119WA0022300217
B0007264747923N11959119WA0022300217
B0007274747923N11959119WA0022300217
B0007284747923N11959119WA0022300217
B0007294747923N11959119WA0022300217
B0007304747923N11959119WA0022300217
B0007314747923N11959119WA0022300217
B0007324747923N11959119WA0022300217
B0007334747923N11959119WA0022300217
B0007344747923N11959119WA0022300217
B0007354747923N11959119WA0022300217
B0007364747923N11959119WA0022300217
B0007374747923N11959119WA0022300217
B0007384747923N11959119WA0022300217
B0007394747923N11959119WA0022300217
B0007404747923N11959119WA0022300217
B0007414747923N11959119WA0022300217
B0007424747923N11959119WA0022300217
B0007434747923N11959119WA0022300217
B0007444747923N11959119WA0022300217
B0007454747923N11959119WA0022300217
B0007464747923N11959119WA0022300217
B0007474747923N11959119WA0022300218
B0007484747923N11959119WA0022300218
B0007494747923N11959119WA0022300218
B0007504747923N11959119WA0022300218
B0007514747923N11959119WA0022300217
B0007524747923N11959119WA0022300217
B0007534747923N11959119WA0022300217
B0007544747923N11959119WA0022300218
B0007554747923N11959119WA0022300217
B0007564747923N11959119WA0022300218
B0007574747923N11959119WA0022300218
B0007584747923N11959119WA0022300218
B0007594747923N11959119WA0022300217
B0008004747923N11959119WA0022300218
B0008014747923N11959119WA0022300218
B0008024747923N11959119WA0022300218
B0008034747923N11959119WA0022300218
B0008044747923N11959119WA0022300218
B0008054747923N11959119WA0022300218
B0008064747924N11959119WA0022300218
B0008074747924N11959119WA0022300217
B0008084747924N11959119WA0022300216
B0008094747924N11959119WA0022300215
B0008104747924N11959119WA0022300216
B0008114747924N11959119WA0022300216
B0008124747924N11959119WA0022300216
B0008134747924N11959119WA0022300218
B0008144747924N11959119WA0022300216
B0008154747924N11959119WA0022300216
B0008164747924N11959119WA0022300216
B0008174747924N11959119WA0022300217
B0008184747924N11959119WA0022300216
B0008194747924N11959119WA0022300217
B0008204747924N11959119WA0022300217
B0008214747924N11959119WA0022300217
B0008224747924N11959119WA0022300216
B0008234747924N11959119WA0022300217
B0008244747924N11959119WA0022300218
B0008254747924N11959119WA0022300218
B0008264747924N11959119WA0022300218
B0008274747924N11959119WA0022300218
B0008284747924N11959119WA0022300218
B0008294747924N11959119WA0022300218
B0008304747924N11959119WA0022300219
B0008314747924N11959119WA0022300220
B0008324747924N11959119WA0022300220
B0008334747924N11959119WA0022300219
B0008344747923N11959119WA0022300219
B0008354747924N11959119WA0022300219
B0008364747924N11959119WA0022300219
B0008374747924N11959119WA0022300220
B0008384747924N11959119WA0022300220
B0008394747923N11959119WA0022300220
B0008404747923N11959119WA0022300219
B0008414747923N11959119WA0022300219
B0008424747923N11959119WA0022300220
B0008434747923N11959118WA0022300220
B0008444747923N11959118WA0022300220
B0008454747923N11959118WA0022300219
B0008464747923N11959118WA0022300220
B0008474747923N11959118WA0022300220
B0008484747923N11959118WA0022300220
B0008494747923N11959118WA0022300220
B0008504747923N11959118WA0022300220
B0008514747923N11959118WA0022300220
B0008524747923N11959118WA0022300220
B0008534747923N11959118WA0022300221
B0008544747923N11959118WA0022300221
B0008554747923N11959118WA0022300221
B0008564747923N11959118WA0022300221
B0008574747923N11959118WA0022300221
B0008584747923N11959118WA0022300221
B0008594747923N11959118WA0022300221
B0009004747923N11959118WA0022300221
B0009014747923N11959118WA0022300221
B0009024747923N11959118WA0022300222
B0009034747923N11959118WA0022300221
B0009044747923N11959118WA0022300221
B0009054747923N11959118WA0022300221
B0009064747923N11959118WA0022300221
B0009074747923N11959118WA0022300221
B0009084747923N11959118WA0022300221
B0009094747923N11959118WA0022300221
B0009104747923N11959118WA0022300221
B0009114747923N11959118WA0022300221
B0009124747923N11959119WA0022300221
B0009134747923N11959119WA0022300221
B0009144747923N11959119WA0022300221
B0009154747923N11959119WA0022300221
B0009164747923N11959119WA0022300221
B0009174747923N11959119WA0022300221
B0009184747923N11959119WA0022300221
B0009194747923N11959119WA0022300221
B0009204747923N11959119WA0022300221
B0009214747923N11959119WA0022300221
B0009224747923N11959119WA0022300221
B0009234747923N11959120WA0022300221
B0009244747923N11959120WA0022300221
B0009254747923N11959120WA0022300221
B0009264747923N11959120WA0022300220
B0009274747923N11959120WA0022300220
B0009284747923N11959120WA0022300220
B0009294747923N11959120WA0022300220
B0009304747924N11959120WA0022300220
B0009314747924N11959120WA0022300220
B0009324747924N11959120WA0022300220
B0009334747924N11959120WA0022300220
B0009344747924N11959120WA0022300220
B0009354747924N11959120WA0022300219
B0009364747924N11959120WA0022300219
B0009374747924N11959120WA0022300219
B0009384747924N11959120WA0022300220
B0009394747924N11959120WA0022300219
B0009404747924N11959120WA0022300219
B0009414747924N11959120WA0022300219
B0009424747923N11959120WA0022300219
B0009434747923N11959120WA0022300219
B0009444747923N11959120WA0022300219
B0009454747923N11959120WA0022300219
B0009464747923N11959120WA0022300219
B0009474747923N11959120WA0022300219
B0009484747923N11959120WA0022300219
B0009494747923N11959120WA0022300219
B0009504747923N11959120WA0022300219
B0009514747923N11959120WA0022300219
B0009524747923N11959120WA0022300219
B0009534747923N11959120WA0022300219
B0009544747923N11959120WA0022300219
B0009554747923N11959120WA0022300219
B0009564747923N11959120WA0022300219
B0009574747923N11959120WA0022300219
B0009584747923N11959120WA0022300220
B0009594747923N11959120WA0022300220
B0010004747923N11959120WA0022300220
B0010014747923N11959120WA0022300220
B0010024747923N11959120WA0022300219
B0010034747923N11959120WA0022300219
B0010044747923N11959120WA0022300219
B0010054747923N11959120WA0022300219
B0010064747923N11959120WA0022300219
B0010074747923N11959120WA0022300219
B0010084747923N11959120WA0022300220
B0010094747923N11959120WA0022300220
B0010104747923N11959120WA0022300220
B0010114747923N11959121WA0022300220
B0010124747923N11959121WA0022300220
B0010134747923N11959121WA0022300219
B0010144747923N11959121WA0022300219
B0010154747923N11959121WA0022300219
B0010164747923N11959121WA0022300219
B0010174747924N11959120WA0022300218
B0010184747924N11959121WA0022300219
B0010194747924N11959121WA0022300218
B0010204747924N11959121WA0022300218
B0010214747924N11959120WA0022300218
B0010224747924N11959120WA0022300218
B0010234747924N11959120WA0022300218
B0010244747924N11959120WA0022300219
B0010254747924N11959120WA0022300219
B0010264747924N11959120WA0022300219
B0010274747924N11959120WA0022300219
B0010284747924N11959120WA0022300219
B0010294747924N11959120WA0022300219
B0010304747924N11959120WA0022300219
B0010314747924N11959120WA0022300219
B0010324747924N11959120WA0022300219
B0010334747924N11959120WA0022300219
B0010344747924N11959120WA0022300219
B0010354747924N11959120WA0022300219
B0010364747924N11959120WA0022300220
B0010374747924N11959120WA0022300221
B0010384747924N11959119WA0022300221
B0010394747924N11959119WA0022300221
B0010404747924N11959119WA0022300221
B0010414747924N11959120WA0022300221
B0010424747925N11959120WA0022300221
B0010434747925N11959120WA0022300221
B0010444747925N11959120WA0022300221
B0010454747925N11959120WA0022300221
B0010464747925N11959119WA0022300220
B0010474747925N11959119WA0022300220
B0010484747925N11959119WA0022300221
B0010494747925N11959119WA0022300220
B0010504747925N11959119WA0022300221
B0010514747925N11959119WA0022300221
B0010524747925N11959119WA0022300221
B0010534747925N11959119WA0022300221
B0010544747925N11959119WA0022300220
B0010554747925N11959119WA0022300220
B0010564747925N11959119WA0022300220
B0010574747925N11959119WA0022300219
B0010584747925N11959120WA0022300219
B0010594747925N11959119WA0022300219
B0011004747925N11959119WA0022300219
B0011014747925N11959119WA0022300220
B0011024747925N11959119WA0022300220
B0011034747925N11959119WA0022300220
B0011044747925N11959119WA0022300220
B0011054747925N11959119WA0022300220
B0011064747925N11959119WA0022300220
B0011074747925N11959119WA0022300221
B0011084747925N11959119WA0022300221
B0011094747925N11959119WA0022300221
B0011104747925N11959119WA0022300221
B0011114747925N11959119WA0022300222
B0011124747925N11959119WA0022300222
B0011134747925N11959119WA0022300222
B0011144747925N11959119WA0022300222
B0011154747925N11959119WA0022300222
B0011164747925N11959119WA0022300222
B0011174747925N11959119WA0022300223
B0011184747925N11959119WA0022300223
B0011194747925N11959119WA0022300224
B0011204747925N11959119WA0022300224
B0011214747925N11959119WA0022300223
B0011224747925N11959119WA0022300223
B0011234747925N11959119WA0022300223
B0011244747925N11959119WA0022300223
B0011254747925N11959119WA0022300223
B0011264747925N11959119WA0022300223
B0011274747925N11959119WA0022300223
B0011284747925N11959119WA0022300222
B0011294747925N11959119WA0022300222
B0011304747925N11959120WA0022300222
B0011314747925N11959120WA0022300221
B0011324747925N11959120WA0022300221
B0011334747925N11959120WA0022300221
B0011344747925N11959120WA0022400221
B0011354747924N11959120WA0022400220
B0011364747924N11959120WA0022400220
B0011374747924N11959120WA0022400219
B0011384747924N11959120WA0022400219
B0011394747924N11959120WA0022400219
B0011404747924N11959120WA0022400219
B0011414747924N11959120WA0022400218
B0011424747924N11959120WA0022400218
B0011434747924N11959121WA0022400218
B0011444747924N11959121WA0022400218
B0011454747924N11959121WA0022400218
B0011464747924N11959121WA0022400217
B0011474747924N11959121WA0022400218
B0011484747924N11959121WA0022400218
B0011494747924N11959121WA0022400218
B0011504747924N11959121WA0022400218
B0011514747924N11959121WA0022400218
B0011524747924N11959121WA0022400218
B0011534747924N11959121WA0022400218
B0011544747924N11959121WA0022400218
B0011554747924N11959121WA0022400218
B0011564747924N11959121WA0022400219
B0011574747924N11959121WA0022400219
B0011584747924N11959121WA0022400219
B0011594747924N11959121WA0022400219
B0012004747924N11959121WA0022400220
B0012014747924N11959121WA0022400220
B0012024747924N11959120WA0022400220
B0012034747924N11959120WA0022400220
B0012044747924N11959120WA0022400220
B0012054747924N11959120WA0022400220
B0012064747924N11959120WA0022400220
B0012074747924N11959120WA0022400220
B0012084747924N11959120WA0022400220
B0012094747924N11959120WA0022400220
B0012104747924N11959120WA0022400220
B0012114747924N11959120WA0022400221
B0012124747924N11959120WA0022400221
B0012134747924N11959120WA0022400221
B0012144747924N11959120WA0022400221
B0012154747924N11959120WA0022400221
B0012164747924N11959120WA0022400221
B0012174747924N11959120WA0022400221
B0012184747924N11959120WA0022400221
B0012194747924N11959120WA0022400221
B0012204747924N11959120WA0022400221
B0012214747924N11959120WA0022400221
B0012224747924N11959120WA0022400221
B0012234747924N11959120WA0022400221
B0012244747924N11959120WA0022400221
B0012254747924N11959120WA0022400221
B0012264747925N11959120WA0022400221
B0012274747925N11959120WA0022400220
B0012284747925N11959120WA0022400220
B0012294747925N11959120WA0022400220
B0012304747925N11959120WA0022400220
B0012314747925N11959120WA0022400220
B0012324747925N11959120WA0022400220
B0012334747924N11959120WA0022400220
B0012344747924N11959120WA0022400220
B0012354747924N11959120WA0022400220
B0012364747924N11959120WA0022400221
B0012374747924N11959120WA0022400221
B0012384747924N11959120WA0022400221
B0012394747924N11959120WA0022400220
B0012404747924N11959120WA0022400220
B0012414747924N11959120WA0022400220
B0012424747924N11959120WA0022400220
B0012434747924N11959119WA0022400219
B0012444747924N11959119WA0022400219
B0012454747924N11959119WA0022400219
B0012464747924N11959119WA0022400219
B0012474747924N11959119WA0022400219
B0012484747924N11959119WA0022400219
B0012494747924N11959119WA0022400218
B0012504747924N11959119WA0022400218
B0012514747924N11959119WA0022400218
B0012524747924N11959119WA0022400218
B0012534747924N11959119WA0022400218
B0012544747924N11959119WA0022400218
B0012554747924N11959119WA0022400218
B0012564747924N11959119WA0022400218
B0012574747924N11959119WA0022400218
B0012584747924N11959119WA0022400218
B0012594747924N11959119WA0022400218
B0013004747924N11959119WA0022400218
B0013014747924N11959119WA0022400218
B0013024747924N11959119WA0022400219
B0013034747924N11959119WA0022400219
B0013044747924N11959119WA0022400219
B0013054747924N11959119WA0022400219
B0013064747924N11959118WA0022400219
B0013074747924N11959118WA0022400220
B0013084747924N11959118WA0022400220
B0013094747924N11959118WA0022400220
B0013104747924N11959118WA0022400220
B0013114747924N11959118WA0022400220
B0013124747924N11959118WA0022400220
B0013134747924N11959118WA0022400220
B0013144747924N11959118WA0022400220
B0013154747924N11959118WA0022400220
B0013164747924N11959118WA0022400220
B0013174747924N11959118WA0022400221
B0013184747924N11959119WA0022400221
B0013194747924N11959119WA0022400221
B0013204747924N11959119WA0022400221
B0013214747924N11959119WA0022400221
B0013224747924N11959119WA0022400221
B0013234747924N11959119WA0022400222
B0013244747924N11959119WA0022400222
B0013254747924N11959119WA0022400222
B0013264747924N11959119WA0022400222
B0013274747924N11959119WA0022400222
B0013284747924N11959119WA0022400223
B0013294747924N11959119WA0022400223
B0013304747924N11959119WA0022400223
B0013314747924N11959119WA0022400223
B0013324747924N11959119WA0022400223
B0013334747924N11959119WA0022400224
B0013344747924N11959119WA0022400224
B0013354747924N11959118WA0022400224
B0013364747924N11959118WA0022400224
B0013374747924N11959118WA0022400225
B0013384747924N11959118WA0022400225
B0013394747924N11959118WA0022400225
B0013404747924N11959118WA0022400225
B0013414747924N11959118WA0022400225
B0013424747924N11959119WA0022400225
B0013434747924N11959119WA0022400225
B0013444747924N11959119WA0022400225
B0013454747924N11959119WA0022400225
B0013464747924N11959119WA0022400225
B0013474747924N11959119WA0022400225
B0013484747924N11959119WA0022400225
B0013494747924N11959119WA0022400225
B0013504747924N11959119WA0022400225
B0013514747924N11959119WA0022400225
B0013524747924N11959119WA0022400225
B0013534747924N11959119WA0022400225
B0013544747924N11959119WA0022400225
B0013554747924N11959119WA0022400226
B0013564747924N11959119WA0022400226
B0013574747924N11959119WA0022400226
B0013584747924N11959119WA0022400226
B0013594747924N11959119WA0022400225
B0014004747924N11959119WA0022400226
B0014014747924N11959119WA0022400226
B0014024747924N11959119WA0022400226
B0014034747924N11959119WA0022400226
B0014044747924N11959119WA0022400226
B0014054747924N11959119WA0022400227
B0014064747925N11959119WA0022400227
B0014074747924N11959119WA0022400227
B0014084747925N11959119WA0022400227
B0014094747925N11959119WA0022400227
B0014104747925N11959119WA0022400228
B0014114747925N11959119WA0022400228
B0014124747925N11959119WA0022400227
B0014134747925N11959119WA0022400227
B0014144747925N11959119WA0022400227
B0014154747925N11959119WA0022400227
B0014164747925N11959119WA0022400227
B0014174747925N11959119WA0022400227
B0014184747925N11959119WA0022400226
B0014194747925N11959119WA0022400226
B0014204747925N11959119WA0022400226
B0014214747925N11959119WA0022400226
B0014224747925N11959119WA0022400227
B0014234747925N11959119WA0022400227
B0014244747925N11959119WA0022400227
B0014254747925N11959119WA0022400227
B0014264747924N11959119WA0022400226
B0014274747924N11959119WA0022400226
B0014284747924N11959119WA0022400226
B0014294747924N11959119WA0022400225
B0014304747924N11959120WA0022400225
B0014314747924N11959120WA0022400224
B0014324747924N11959120WA0022400224
B0014334747924N11959120WA0022400224
B0014344747924N11959120WA0022400223
B0014354747924N11959120WA0022400223
B0014364747924N11959120WA0022400223
B0014374747924N11959120WA0022400223
B0014384747924N11959119WA0022400223
B0014394747924N11959120WA0022400223
B0014404747924N11959120WA0022400223
B0014414747924N11959120WA0022400223
B0014424747924N11959120WA0022400223
B0014434747924N11959119WA0022400223
B0014444747924N11959119WA0022400223
B0014454747924N11959119WA0022400223
B0014464747924N11959120WA0022400223
B0014474747924N11959119WA0022400223
B0014484747924N11959119WA0022400223
B0014494747924N11959119WA0022400223
B0014504747924N11959119WA0022400223
B0014514747924N11959119WA0022400224
B0014524747924N11959119WA0022400224
B0014534747924N11959119WA0022400224
B0014544747924N11959119WA0022400224
B0014554747924N11959119WA0022400224
B0014564747924N11959119WA0022400225
B0014574747924N11959119WA0022400225
B0014584747924N11959119WA0022400224
B0014594747924N11959119WA0022400224
B0015004747924N11959119WA0022400225
B0015014747924N11959119WA0022400225
B0015024747924N11959119WA0022400225
B0015034747924N11959119WA0022400225
B0015044747923N11959119WA0022400225
B0015054747923N11959119WA0022400224
B0015064747923N11959119WA0022400224
B0015074747923N11959119WA0022400224
B0015084747923N11959119WA0022400224
B0015094747923N11959119WA0022400224
B0015104747923N11959119WA0022400224
B0015114747923N11959119WA0022400224
B0015124747923N11959119WA0022400224
B0015134747923N11959119WA0022400223
B0015144747923N11959119WA0022400223
B0015154747923N11959119WA0022400223
B0015164747923N11959119WA0022400223
B0015174747923N11959119WA0022400222
B0015184747923N11959119WA0022400222
B0015194747923N11959119WA0022400221
B0015204747923N11959119WA0022400221
B0015214747923N11959119WA0022400220
B0015224747923N11959119WA0022400220
B0015234747923N11959119WA0022400220
B0015244747923N11959119WA0022400219
B0015254747923N11959119WA0022400219
B0015264747923N11959120WA0022400219
B0015274747923N11959120WA0022400218
B0015284747923N11959120WA0022400218
B0015294747923N11959120WA0022400217
B0015304747923N11959120WA0022400217
B0015314747923N11959120WA0022400217
B0015324747923N11959120WA0022400217
B0015334747923N11959120WA0022400217
B0015344747923N11959120WA0022400217
B0015354747923N11959120WA0022400217
B0015364747923N11959120WA0022400217
B0015374747923N11959120WA0022400217
B0015384747923N11959120WA0022400217
B0015394747923N11959120WA0022400217
B0015404747923N11959120WA0022400217
B0015414747923N11959120WA0022400217
B0015424747923N11959120WA0022400217
B0015434747923N11959120WA0022400218
B0015444747923N11959120WA0022400218
B0015454747923N11959120WA0022400218
B0015464747923N11959120WA0022400218
B0015474747923N11959120WA0022400218
B0015484747923N11959119WA0022400218
B0015494747923N11959119WA0022400218
B0015504747923N11959119WA0022400218
B0015514747923N11959120WA0022400218
B0015524747923N11959120WA0022400218
B0015534747923N11959120WA0022400218
B0015544747923N11959120WA0022400218
B0015554747924N11959120WA0022400219
B0015564747924N11959120WA0022400219
B0015574747924N11959120WA0022400219
B0015584747924N11959120WA0022400219
B0015594747924N11959120WA0022400219
B0016004747924N11959120WA0022400219
B0016014747924N11959120WA0022400219
B0016024747924N11959120WA0022400218
B0016034747924N11959120WA0022400218
B0016044747924N11959120WA0022400218
B0016054747924N11959120WA0022400218
B0016064747924N11959120WA0022400218
B0016074747924N11959120WA0022400218
B0016084747924N11959120WA0022400217
B0016094747924N11959120WA0022400217
B0016104747924N11959120WA0022400217
B0016114747925N11959120WA0022400217
B0016124747925N11959120WA0022400217
B0016134747925N11959120WA0022400217
B0016144747925N11959120WA0022400218
B0016154747925N11959120WA0022400218
B0016164747925N11959120WA0022400217
B0016174747925N11959120WA0022400217
B0016184747925N11959120WA0022400217
B0016194747925N11959120WA0022400217
B0016204747925N11959120WA0022400217
B0016214747925N11959120WA0022400217
B0016224747925N11959120WA0022400217
B0016234747925N11959120WA0022400217
B0016244747925N11959120WA0022400217
B0016254747925N11959120WA0022400217
B0016264747925N11959120WA0022400218
B0016274747925N11959120WA0022400218
B0016284747925N11959120WA0022400218
B0016294747925N11959120WA0022400218
B0016304747925N11959120WA0022400218
B0016314747925N11959120WA0022400218
B0016324747925N11959120WA0022400219
B0016334747925N11959120WA0022400219
B0016344747925N11959120WA0022400219
B0016354747925N11959120WA0022400219
B0016364747925N11959120WA0022400220
B0016374747925N11959120WA0022400220
B0016384747925N11959120WA0022400220
B0016394747925N11959120WA0022400221
B0016404747925N11959120WA0022400221
B0016414747925N11959119WA0022400222
B0016424747925N11959119WA0022400222
B0016434747925N11959119WA0022400222
B0016444747924N11959119WA0022400223
B0016454747924N11959119WA0022400223
B0016464747924N11959119WA0022400223
B0016474747924N11959118WA0022400223
B0016484747924N11959118WA0022400224
B0016494747924N11959118WA0022400224
B0016504747924N11959118WA0022400223
B0016514747924N11959118WA0022400224
B0016524747924N11959118WA0022400224
B0016534747924N11959118WA0022400224
B0016544747924N11959118WA0022400224
B0016554747924N11959118WA0022400224
B0016564747924N11959118WA0022400225
B0016574747924N11959118WA0022400225
B0016584747924N11959118WA0022400225
B0016594747924N11959118WA0022400225
B0017004747924N11959119WA0022400224
B0017014747924N11959119WA0022400224
B0017024747924N11959119WA0022400224
B0017034747924N11959119WA0022400224
B0017044747924N11959119WA0022400224
B0017054747924N11959119WA0022400224
B0017064747924N11959119WA0022400223
B0017074747924N11959119WA0022400223
B0017084747924N11959119WA0022400223
B0017094747924N11959119WA0022400223
B0017104747924N11959119WA0022400223
B0017114747924N11959119WA0022400224
B0017124747924N11959119WA0022400224
B0017134747924N11959119WA0022400224
B0017144747924N11959119WA0022400223
B0017154747924N11959119WA0022400223
B0017164747924N11959119WA0022400223
B0017174747924N11959119WA0022400223
B0017184747924N11959119WA0022400223
B0017194747924N11959119WA0022400223
B0017204747924N11959119WA0022400223
B0017214747924N11959118WA0022400224
B0017224747924N11959118WA0022400224
B0017234747924N11959119WA0022400224
B0017244747924N11959119WA0022400224
B0017254747924N11959119WA0022400224
B0017264747924N11959118WA0022400224
B0017274747923N11959118WA0022400224
B0017284747923N11959118WA0022400224
B0017294747923N11959118WA0022400223
B0017304747923N11959118WA0022400224
B0017314747923N11959118WA0022400224
B0017324747923N11959118WA0022400224
B0017334747923N11959118WA0022400224
B0017344747923N11959118WA0022400224
B0017354747923N11959118WA0022400224
B0017364747923N11959118WA0022400224
B0017374747923N11959118WA0022400224
B0017384747923N11959118WA0022400224
B0017394747923N11959118WA0022400224
B0017404747923N11959118WA0022400224
B0017414747923N11959118WA0022400223
B0017424747923N11959118WA0022400223
B0017434747923N11959118WA0022400223
B0017444747923N11959118WA0022400223
B0017454747923N11959118WA0022400223
B0017464747923N11959118WA0022400223
B0017474747923N11959118WA0022400222
B0017484747923N11959118WA0022400222
B0017494747923N11959118WA0022400223
B0017504747923N11959118WA0022400223
B0017514747923N11959118WA0022400223
B0017524747923N11959118WA0022400223
B0017534747923N11959118WA0022400223
B0017544747923N11959118WA0022400224
B0017554747923N11959118WA0022400224
B0017564747923N11959118WA0022400224
B0017574747923N11959118WA0022400224
B0017584747923N11959118WA0022400224
B0017594747923N11959118WA0022400224
B0018004747923N11959118WA0022400225
B0018014747923N11959118WA0022400225
B0018024747923N11959118WA0022400224
B0018034747923N11959118WA0022400225
B0018044747923N11959118WA0022400225
B0018054747923N11959118WA0022400225
B0018064747923N11959118WA0022400225
B0018074747923N11959118WA0022400225
B0018084747923N11959118WA0022400225
B0018094747923N11959118WA0022400224
B0018104747923N11959118WA0022400225
B0018114747923N11959118WA0022400225
B0018124747923N11959118WA0022400225
B0018134747924N11959118WA0022400226
B0018144747924N11959119WA0022400226
B0018154747924N11959119WA0022400226
B0018164747924N11959119WA0022400226
B0018174747924N11959119WA0022400226
B0018184747924N11959119WA0022400226
B0018194747924N11959119WA0022400226
B0018204747925N11959119WA0022400226
B0018214747925N11959119WA0022400225
B0018224747925N11959119WA0022400225
B0018234747925N11959119WA0022400225
B0018244747925N11959119WA0022400225
B0018254747925N11959119WA0022400224
B0018264747925N11959119WA0022400224
B0018274747925N11959119WA0022400224
B0018284747925N11959119WA0022400224
B0018294747925N11959119WA0022400224
B0018304747925N11959119WA0022400224
B0018314747925N11959119WA0022400224
B0018324747925N11959119WA0022400224
B0018334747925N11959119WA0022400224
B0018344747925N11959119WA0022400224
B0018354747925N11959119WA0022400224
B0018364747925N11959119WA0022400224
B0018374747925N11959119WA0022400224
B0018384747925N11959119WA0022400225
B0018394747925N11959119WA0022400225
B0018404747925N11959119WA0022400225
B0018414747925N11959119WA0022400225
B0018424747925N11959119WA0022400225
B0018434747925N11959119WA0022400225
B0018444747925N11959119WA0022500225
B0018454747924N11959119WA0022400225
B0018464747924N11959120WA0022400225
B0018474747924N11959120WA0022400225
B0018484747925N11959120WA0022400225
B0018494747925N11959120WA0022400225
B0018504747925N11959120WA0022500225
B0018514747925N11959120WA0022500226
B0018524747925N11959120WA0022500226
B0018534747925N11959120WA0022500226
B0018544747925N11959120WA0022500226
B0018554747925N11959120WA0022500227
B0018564747924N11959120WA0022400226
B0018574747924N11959120WA0022500225
B0018584747924N11959120WA0022500226
B0018594747924N11959120WA0022500225
B0019004747924N11959120WA0022500225
B0019014747924N11959120WA0022500225
B0019024747924N11959120WA0022500226
B0019034747925N11959120WA0022500225
B0019044747924N11959120WA0022500225
B0019054747924N11959120WA0022500225
B0019064747924N11959120WA0022500226
B0019074747924N11959120WA0022500226
B0019084747924N11959120WA0022500226
B0019094747924N11959120WA0022500226
B0019104747924N11959120WA0022500226
B0019114747924N11959120WA0022500226
B0019124747924N11959120WA0022500226
B0019134747923N11959120WA0022500226
B0019144747923N11959120WA0022500226
B0019154747923N11959120WA0022500226
B0019164747923N11959120WA0022500226
B0019174747923N11959120WA0022500226
B0019184747923N11959120WA0022500226
B0019194747923N11959120WA0022500225
B0019204747923N11959121WA0022500225
B0019214747923N11959120WA0022500225
B0019224747923N11959120WA0022500225
B0019234747923N11959120WA0022500224
B0019244747923N11959120WA0022500224
B0019254747923N11959121WA0022500224
B0019264747923N11959121WA0022500224
B0019274747923N11959121WA0022500223
B0019284747923N11959121WA0022500223
B0019294747923N11959121WA0022500223
B0019304747923N11959121WA0022500223
B0019314747923N11959121WA0022500222
B0019324747923N11959121WA0022500222
B0019334747923N11959121WA0022500222
B0019344747923N11959121WA0022500222
B0019354747923N11959121WA0022500221
B0019364747923N11959121WA0022500221
B0019374747923N11959121WA0022500220
B0019384747923N11959121WA0022500220
B0019394747923N11959121WA0022500220
B0019404747923N11959121WA0022500220
B0019414747923N11959121WA0022500220
B0019424747924N11959121WA0022500220
B0019434747923N11959121WA0022500219
B0019444747924N11959121WA0022500219
B0019454747924N11959121WA0022500219
B0019464747923N11959121WA0022500219
B0019474747923N11959121WA0022500219
B0019484747923N11959121WA0022500219
B0019494747923N11959121WA0022500219
B0019504747923N11959121WA0022500219
B0019514747923N11959121WA0022500219
B0019524747923N11959121WA0022500219
B0019534747923N11959121WA0022500219
B0019544747923N11959121WA0022500219
B0019554747923N11959121WA0022500219
B0019564747923N11959121WA0022500219
B0019574747923N11959121WA0022500219
B0019584747923N11959121WA0022500219
B0019594747923N11959121WA0022500219
B0020004747923N11959121WA0022500220
B0020014747923N11959121WA0022500220
B0020024747923N11959121WA0022500220
B0020034747923N11959121WA0022500220
B0020044747923N11959121WA0022500220
B0020054747923N11959121WA0022500220
B0020064747923N11959121WA0022500220
B0020074747923N11959121WA0022500220
B0020084747923N11959120WA0022500221
B0020094747923N11959120WA0022500220
B0020104747923N11959120WA0022500221
B0020114747923N11959120WA0022500221
B0020124747923N11959120WA0022500221
B0020134747923N11959120WA0022500221
B0020144747923N11959120WA0022500221
B0020154747923N11959120WA0022500221
B0020164747923N11959120WA0022500221
B0020174747923N11959120WA0022500221
B0020184747923N11959120WA0022500221
B0020194747923N11959120WA0022500221
B0020204747923N11959120WA0022500222
B0020214747923N11959120WA0022500221
B0020224747923N11959120WA0022500221
B0020234747923N11959120WA0022500221
B0020244747923N11959121WA0022500220
B0020254747923N11959121WA0022500220
B0020264747923N11959121WA0022500220
B0020274747923N11959121WA0022500220
B0020284747923N11959121WA0022500220
B0020294747923N11959121WA0022500220
B0020304747923N11959121WA0022500220
B0020314747923N11959121WA0022500219
B0020324747923N11959121WA0022500219
B0020334747923N11959121WA0022500219
B0020344747923N11959121WA0022500219
B0020354747923N11959121WA0022500219
B0020364747923N11959121WA0022500220
B0020374747923N11959122WA0022500220
B0020384747923N11959122WA0022500220
B0020394747923N11959122WA0022500220
B0020404747923N11959122WA0022500220
B0020414747923N11959122WA0022500220
B0020424747923N11959122WA0022500220
B0020434747923N11959122WA0022500220
B0020444747923N11959122WA0022500220
B0020454747923N11959122WA0022500221
B0020464747923N11959122WA0022500221
B0020474747923N11959123WA0022500221
B0020484747923N11959123WA0022500221
B0020494747923N11959122WA0022500221
B0020504747923N11959122WA0022500221
B0020514747923N11959122WA0022500222
B0020524747923N11959122WA0022500222
B0020534747923N11959122WA0022500222
B0020544747923N11959122WA0022500222
B0020554747923N11959122WA0022500222
B0020564747923N11959122WA0022500222
B0020574747923N11959122WA0022500222
B0020584747923N11959122WA0022500222
B0020594747923N11959122WA0022500222
B0021004747923N11959122WA0022500222
B0021014747923N11959122WA0022500223
B0021024747923N11959122WA0022500223
B0021034747923N11959122WA0022500223
B0021044747923N11959122WA0022500223
B0021054747923N11959122WA0022500223
B0021064747923N11959122WA0022500223
B0021074747923N11959122WA0022500223
B0021084747923N11959122WA0022500223
B0021094747923N11959122WA0022500223
B0021104747923N11959122WA0022500223
B0021114747924N11959122WA0022500223
B0021124747924N11959122WA0022500222
B0021134747924N11959122WA0022500222
B0021144747924N11959122WA0022500223
B0021154747924N11959122WA0022500223
B0021164747924N11959122WA0022500223
B0021174747924N11959122WA0022500223
B0021184747924N11959122WA0022500223
B0021194747924N11959122WA0022500224
B0021204747924N11959122WA0022500223
B0021214747924N11959122WA0022500223
B0021224747924N11959122WA0022500223
B0021234747924N11959122WA0022500223
B0021244747924N11959122WA0022500223
B0021254747924N11959122WA0022500223
B0021264747924N11959122WA0022500224
B0021274747924N11959122WA0022500224
B0021284747924N11959122WA0022500224
B0021294747924N11959122WA0022500224
B0021304747924N11959122WA0022500224
B0021314747924N11959122WA0022500224
B0021324747924N11959122WA0022500224
B0021334747924N11959122WA0022500224
B0021344747924N11959122WA0022500224
B0021354747924N11959122WA0022500225
B0021364747924N11959122WA0022500224
B0021374747924N11959122WA0022500224
B0021384747924N11959122WA0022500224
B0021394747923N11959121WA0022500224
B0021404747923N11959121WA0022500223
B0021414747923N11959121WA0022500224
B0021424747923N11959122WA0022500224
B0021434747923N11959123WA0022500224
B0021444747923N11959123WA0022500224
B0021454747923N11959124WA0022500224
B0021464747922N11959125WA0022600223
B0021474747922N11959125WA0022600223
B0021484747922N11959126WA0022600223
B0021494747922N11959127WA0022600223
B0021504747922N11959128WA0022600223
B0021514747922N11959129WA0022600223
B0021524747921N11959129WA0022600223
B0021534747921N11959130WA0022600223
B0021544747921N11959131WA0022600223
B0021554747921N11959132WA0022600223
B0021564747920N11959132WA0022700224
B0021574747920N11959133WA0022700224
B0021584747920N11959133WA0022700225
B0021594747920N11959133WA0022700225
B0022004747920N11959134WA0022700225
B0022014747920N11959134WA0022700225
B0022024747920N11959134WA0022700226
B0022034747920N11959134WA0022700225
B0022044747920N11959134WA0022700225
B0022054747920N11959134WA0022700226
B0022064747920N11959135WA0022700227
B0022074747920N11959135WA0022700227
B0022084747920N11959134WA0022700226
B0022094747921N11959134WA0022700226
B0022104747921N11959134WA0022700227
B0022114747921N11959134WA0022700228
B0022124747921N11959134WA0022700228
B0022134747921N11959134WA0022700229
B0022144747921N11959134WA0022700229
B0022154747921N11959134WA0022700229
B0022164747921N11959134WA0022700230
B0022174747920N11959135WA0022700230
B0022184747920N11959135WA0022700228
B0022194747920N11959135WA0022700228
B0022204747919N11959136WA0022700227
B0022214747919N11959136WA0022700225
B0022224747919N11959136WA0022700224
B0022234747919N11959136WA0022700224
B0022244747919N11959136WA0022700224
B0022254747919N11959136WA0022700224
B0022264747919N11959136WA0022700225
B0022274747919N11959136WA0022700224
B0022284747919N11959137WA0022700224
B0022294747919N11959137WA0022700224
B0022304747918N11959137WA0022700224
B0022314747918N11959137WA0022700223
B0022324747918N11959137WA0022700223
B0022334747918N11959137WA0022700223
B0022344747918N11959137WA0022700223
B0022354747918N11959137WA0022700223
B0022364747918N11959137WA0022700223
B0022374747919N11959137WA0022700224
B0022384747919N11959137WA0022700224
B0022394747919N11959137WA0022700223
B0022404747919N11959137WA0022700224
B0022414747919N11959137WA0022700224
B0022424747919N11959137WA0022700224
B0022434747919N11959138WA0022700224
B0022444747919N11959138WA0022700224
B0022454747919N11959137WA0022700224
B0022464747919N11959137WA0022700224
B0022474747919N11959137WA0022700224
B0022484747919N11959137WA0022700224
B0022494747920N11959137WA0022700224
B0022504747920N11959137WA0022700224
B0022514747920N11959137WA0022700224
B0022524747920N11959137WA0022700224
B0022534747920N11959137WA0022700224
B0022544747920N11959137WA0022700223
B0022554747920N11959137WA0022700224
B0022564747920N11959137WA0022700224
B0022574747920N11959137WA0022700224
B0022584747920N11959137WA0022700224
B0022594747920N11959137WA0022700224
B0023004747920N11959137WA0022700224
B0023014747920N11959137WA0022700224
B0023024747920N11959137WA0022700225
B0023034747920N11959137WA0022700225
B0023044747920N11959137WA0022700225
B0023054747920N11959137WA0022700226
B0023064747921N11959137WA0022700227
B0023074747921N11959137WA0022700227
B0023084747921N11959137WA0022700226
B0023094747921N11959137WA0022700226
B0023104747921N11959137WA0022700226
B0023114747920N11959137WA0022700227
B0023124747920N11959137WA0022700227
B0023134747920N11959137WA0022700228
B0023144747920N11959137WA0022700228
B0023154747920N11959137WA0022700228
B0023164747920N11959137WA0022700228
B0023174747920N11959137WA0022700228
B0023184747920N11959137WA0022700228
B0023194747920N11959137WA0022700229
B0023204747920N11959137WA0022700230
B0023214747920N11959137WA0022700230
B0023224747920N11959136WA0022700231
B0023234747920N11959136WA0022700231
B0023244747920N11959137WA0022700231
B0023254747920N11959136WA0022700231
B0023264747920N11959136WA0022700230
B0023274747921N11959136WA0022700231
B0023284747921N11959136WA0022700231
B0023294747920N11959136WA0022700231
B0023304747920N11959136WA0022700232
B0023314747920N11959136WA0022700232
B0023324747920N11959136WA0022700232
B0023334747920N11959136WA0022700234
B0023344747920N11959136WA0022700234
B0023354747919N11959136WA0022700235
B0023364747919N11959136WA0022700236
B0023374747919N11959136WA0022700237
B0023384747919N11959136WA0022700238
B0023394747919N11959136WA0022700238
B0023404747918N11959136WA0022700239
B0023414747919N11959135WA0022700239
B0023424747918N11959135WA0022700239
B0023434747919N11959135WA0022700241
B0023444747919N11959135WA0022700241
B0023454747919N11959135WA0022700241
B0023464747919N11959135WA0022700241
B0023474747920N11959135WA0022700242
B0023484747921N11959135WA0022700241
B0023494747922N11959135WA0022700241
B0023504747924N11959134WA0022700241
B0023514747926N11959133WA0022700241
B0023524747928N11959132WA0022700241
B0023534747930N11959132WA0022800241
B0023544747932N11959131WA0022800242
B0023554747934N11959132WA0022800243
B0023564747937N11959134WA0022800243
B0023574747939N11959136WA0022800243
B0023584747941N11959141WA0022800243
B0023594747943N11959146WA0022800242
B0024004747945N11959151WA0022800241
B0024014747946N11959156WA0022800241
B0024024747948N11959161WA0022800240
B0024034747949N11959167WA0022800238
B0024044747950N11959172WA0022900238
B0024054747952N11959177WA0022900237
B0024064747953N11959181WA0022900236
B0024074747954N11959185WA0022900237
B0024084747955N11959190WA0022900236
B0024094747956N11959195WA0022900236
B0024104747957N11959199WA0023000237
B0024114747958N11959203WA0023000236
B0024124747959N11959207WA0023000235
B0024134747961N11959211WA0023000233
B0024144747963N11959213WA0023000233
B0024154747966N11959214WA0023000234
B0024164747970N11959214WA0023000233
B0024174747975N11959212WA0023000232
B0024184747980N11959209WA0023000231
B0024194747986N11959206WA0023000231
B0024204747992N11959203WA0023000229
B0024214747998N11959199WA0023100229
B0024224748005N11959196WA0023100228
B0024234748012N11959192WA0023100227
B0024244748019N11959189WA0023100227
B0024254748026N11959185WA0023100227
B0024264748034N11959181WA0023200226
B0024274748041N11959178WA0023200226
B0024284748049N11959174WA0023200226
B0024294748056N11959170WA0023200226
B0024304748064N11959166WA0023200227
B0024314748071N11959161WA0023300228
B0024324748079N11959157WA0023300228
B0024334748087N11959153WA0023300228
B0024344748094N11959148WA0023400228
B0024354748102N11959144WA0023400228
B0024364748110N11959140WA0023500228
B0024374748118N11959136WA0023500228
B0024384748126N11959132WA0023600229
B0024394748135N11959128WA0023600229
B0024404748143N11959123WA0023600229
B0024414748152N11959119WA0023600229
B0024424748161N11959115WA0023700229
B0024434748170N11959111WA0023700228
B0024444748180N11959107WA0023700227
B0024454748190N11959103WA0023700226
B0024464748199N11959099WA0023700225
B0024474748209N11959094WA0023700225
B0024484748219N11959090WA0023600225
B0024494748229N11959085WA0023600225
B0024504748239N11959080WA0023600225
B0024514748249N11959075WA0023600225
B0024524748259N11959070WA0023600224
B0024534748269N11959064WA0023600224
B0024544748279N11959059WA0023600224
B0024554748289N11959054WA0023600224
B0024564748300N11959049WA0023600224
B0024574748310N11959044WA0023600223
B0024584748321N11959038WA0023600223
B0024594748332N11959033WA0023600222
B0025004748342N11959028WA0023600223
B0025014748353N11959022WA0023600222
B0025024748364N11959017WA0023600223
B0025034748375N11959011WA0023500222
B0025044748386N11959005WA0023500222
B0025054748397N11959000WA0023500222
B0025064748409N11958994WA0023500222
B0025074748420N11958989WA0023500221
B0025084748431N11958983WA0023500221
B0025094748443N11958977WA0023500221
B0025104748454N11958972WA0023500221
B0025114748466N11958966WA0023500219
B0025124748478N11958959WA0023600220
B0025134748490N11958953WA0023600220
B0025144748502N11958947WA0023600220
B0025154748514N11958942WA0023600220
B0025164748525N11958936WA0023700220
B0025174748537N11958932WA0023700219
B0025184748549N11958928WA0023700221
B0025194748560N11958925WA0023700221
B0025204748572N11958923WA0023800222
B0025214748583N11958921WA0023800223
B0025224748594N11958918WA0023800223
B0025234748605N11958913WA0023800224
B0025244748615N11958909WA0023900224
B0025254748626N11958903WA0023900225
B0025264748637N11958898WA0024000224
B0025274748647N11958892WA0024000225
B0025284748658N11958886WA0024000226
B0025294748669N11958881WA0024000227
B0025304748680N11958876WA0024100226
B0025314748690N11958870WA0024100227
B0025324748700N11958865WA0024100228
B0025334748710N11958860WA0024100229
B0025344748720N11958855WA0024100230
B0025354748730N11958850WA0024100230
B0025364748739N11958845WA0024000231
B0025374748748N11958840WA0024000232
B0025384748757N11958835WA0024000233
B0025394748766N11958830WA0024100237
B0025404748773N11958826WA0024100238
B0025414748780N11958822WA0024100240
B0025424748786N11958819WA0024100242
B0025434748792N11958817WA0024100243
B0025444748798N11958815WA0024100244
B0025454748803N11958814WA0024100246
B0025464748808N11958815WA0024100247
B0025474748811N11958818WA0024100248
B0025484748814N11958822WA0024100247
B0025494748817N11958826WA0024100247
B0025504748819N11958829WA0024100248
B0025514748820N11958833WA0024100248
B0025524748821N11958836WA0024100249
B0025534748822N11958838WA0024100248
B0025544748823N11958841WA0024100249
B0025554748824N11958845WA0024100248
B0025564748823N11958850WA0024100249
B0025574748820N11958854WA0024100250
B0025584748817N11958857WA0024100251
B0025594748813N11958861WA0024100250
B0026004748809N11958864WA0024200249
B0026014748804N11958867WA0024200248
B0026024748798N11958871WA0024200248
B0026034748792N11958875WA0024300248
B0026044748786N11958879WA0024300248
B0026054748780N11958883WA0024400248
B0026064748773N11958888WA0024400249
B0026074748767N11958892WA0024500249
B0026084748760N11958897WA0024600249
B0026094748752N11958903WA0024600249
B0026104748746N11958909WA0024700250
B0026114748741N11958917WA0024800250
B0026124748737N11958925WA0024900251
B0026134748734N11958934WA0024900251
B0026144748732N11958944WA0025000251
B0026154748732N11958955WA0025100252
B0026164748733N11958965WA0025200252
B0026174748735N11958976WA0025300252
B0026184748738N11958986WA0025400253
B0026194748742N11958994WA0025400255
B0026204748747N11959002WA0025500255
B0026214748753N11959008WA0025600257
B0026224748760N11959013WA0025700259
B0026234748768N11959016WA0025800260
B0026244748775N11959017WA0025900262
B0026254748784N11959014WA0026000261
B0026264748792N11959011WA0026100263
B0026274748799N11959006WA0026200264
B0026284748807N11959002WA0026300266
B0026294748815N11958997WA0026400267
B0026304748824N11958991WA0026500268
B0026314748832N11958984WA0026600269
B0026324748840N11958976WA0026800271
B0026334748848N11958967WA0026900273
B0026344748856N11958958WA0027000275
B0026354748864N11958949WA0027100277
B0026364748872N11958941WA0027300278
B0026374748880N11958932WA0027400278
B0026384748887N11958922WA0027500279
B0026394748894N11958912WA0027600280
B0026404748900N11958900WA0027700281
B0026414748907N11958890WA0027800281
B0026424748914N11958880WA0027900283
B0026434748922N11958871WA0028000284
B0026444748930N11958864WA0028200286
B0026454748938N11958857WA0028300287
B0026464748947N11958851WA0028400288
B0026474748956N11958847WA0028500290
B0026484748966N11958846WA0028600292
B0026494748975N11958845WA0028700293
B0026504748985N11958843WA0028800293
B0026514748995N11958839WA0028900295
B0026524749005N11958834WA0029000294
B0026534749013N11958828WA0029100294
B0026544749022N11958821WA0029200293
B0026554749030N11958812WA0029300294
B0026564749039N11958805WA0029400296
B0026574749048N11958799WA0029500294
B0026584749059N11958794WA0029600297
B0026594749069N11958791WA0029700296
B0027004749080N11958788WA0029900296
B0027014749091N11958787WA0030000297
B0027024749102N11958788WA0030100298
B0027034749114N11958790WA0030200297
B0027044749126N11958791WA0030300295
B0027054749138N11958791WA0030400296
B0027064749151N11958789WA0030600297
B0027074749163N11958787WA0030700298
B0027084749175N11958784WA0030800299
B0027094749188N11958782WA0030900301
B0027104749200N11958781WA0031100304
B0027114749213N11958780WA0031200305
B0027124749225N11958779WA0031300307
B0027134749237N11958778WA0031400310
B0027144749248N11958778WA0031500311
B0027154749260N11958777WA0031600311
B0027164749271N11958775WA0031700312
B0027174749283N11958773WA0031800313
B0027184749293N11958771WA0031900314
B0027194749304N11958770WA0032000316
B0027204749315N11958769WA0032100317
B0027214749326N11958770WA0032200319
B0027224749336N11958772WA0032300320
B0027234749347N11958774WA0032300321
B0027244749357N11958776WA0032500322
B0027254749367N11958776WA0032500321
B0027264749377N11958775WA0032600321
B0027274749388N11958772WA0032700321
B0027284749398N11958768WA0032800321
B0027294749408N11958763WA0032900323
B0027304749418N11958756WA0033000324
B0027314749427N11958749WA0033100325
B0027324749436N11958741WA0033200327
B0027334749446N11958735WA0033200328
B0027344749456N11958729WA0033300330
B0027354749466N11958724WA0033400331
B0027364749477N11958720WA0033500332
B0027374749487N11958717WA0033600334
B0027384749499N11958716WA0033700335
B0027394749510N11958715WA0033800338
B0027404749522N11958715WA0033900339
B0027414749533N11958714WA0034000340
B0027424749545N11958714WA0034100341
B0027434749556N11958713WA0034200343
B0027444749567N11958712WA0034300344
B0027454749578N11958712WA0034300345
B0027464749588N11958713WA0034400347
B0027474749598N11958716WA0034400348
B0027484749607N11958721WA0034500348
B0027494749616N11958728WA0034500348
B0027504749624N11958738WA0034600349
B0027514749631N11958751WA0034700350
B0027524749637N11958764WA0034800351
B0027534749640N11958778WA0034800351
B0027544749642N11958794WA0034900352
B0027554749642N11958811WA0035000353
B0027564749643N11958827WA0035000353
B0027574749643N11958842WA0035100354
B0027584749642N11958858WA0035200354
B0027594749642N11958873WA0035200355
B0028004749642N11958887WA0035300355
B0028014749642N11958900WA0035300356
B0028024749642N11958910WA0035300357
B0028034749643N11958919WA0035300358
B0028044749643N11958926WA0035300360
B0028054749645N11958933WA0035300360
B0028064749647N11958937WA0035300361
B0028074749651N11958940WA0035300362
B0028084749656N11958941WA0035300362
B0028094749661N11958942WA0035300362
B0028104749667N11958942WA0035300363
B0028114749673N11958943WA0035300363
B0028124749680N11958944WA0035300364
B0028134749687N11958945WA0035300366
B0028144749695N11958946WA0035400367
B0028154749703N11958947WA0035400368
B0028164749711N11958948WA0035500369
B0028174749720N11958950WA0035500371
B0028184749729N11958951WA0035600373
B0028194749738N11958952WA0035600375
B0028204749748N11958953WA0035700377
B0028214749757N11958955WA0035800379
B0028224749766N11958956WA0035800381
B0028234749776N11958957WA0035900383
B0028244749786N11958958WA0036000385
B0028254749795N11958958WA0036000386
B0028264749806N11958958WA0036100388
B0028274749816N11958956WA0036200389
B0028284749827N11958953WA0036300390
B0028294749837N11958950WA0036300389
B0028304749847N11958945WA0036400388
B0028314749857N11958939WA0036500389
B0028324749866N11958932WA0036600389
B0028334749875N11958923WA0036600390
B0028344749884N11958913WA0036700390
B0028354749892N11958903WA0036800390
B0028364749900N11958892WA0036800389
B0028374749907N11958880WA0036900389
B0028384749914N11958868WA0036900389
B0028394749922N11958857WA0037000390
B0028404749930N11958845WA0037000390
B0028414749939N11958835WA0037100390
B0028424749948N11958825WA0037200390
B0028434749958N11958817WA0037200390
B0028444749968N11958809WA0037300391
B0028454749979N11958802WA0037300391
B0028464749990N11958795WA0037400392
B0028474750000N11958788WA0037500394
B0028484750011N11958782WA0037500395
B0028494750022N11958775WA0037600396
B0028504750033N11958769WA0037700397
B0028514750044N11958763WA0037800397
B0028524750055N11958758WA0037800398
B0028534750065N11958752WA0037900399
B0028544750075N11958747WA0038000399
B0028554750084N11958742WA0038000400
B0028564750093N11958737WA0038100401
B0028574750101N11958731WA0038100402
B0028584750109N11958726WA0038200402
B0028594750116N11958720WA0038200403
B0029004750122N11958715WA0038300403
B0029014750126N11958711WA0038300404
B0029024750130N11958707WA0038300404
B0029034750134N11958705WA0038400404
B0029044750137N11958704WA0038400405
B0029054750141N11958706WA0038400405
B0029064750144N11958709WA0038400405
B0029074750146N11958714WA0038400406
B0029084750149N11958718WA0038500407
B0029094750151N11958723WA0038500407
B0029104750154N11958729WA0038600408
B0029114750156N11958735WA0038600409
B0029124750159N11958741WA0038700409
B0029134750163N11958747WA0038700410
B0029144750166N11958754WA0038800410
B0029154750170N11958761WA0038800410
B0029164750173N11958768WA0038800410
B0029174750177N11958775WA0038800410
B0029184750180N11958781WA0038900410
B0029194750183N11958788WA0038900409
B0029204750186N11958794WA0038900408
B0029214750189N11958801WA0038900408
B0029224750191N11958808WA0038900408
B0029234750194N11958814WA0038900407
B0029244750197N11958821WA0038900407
B0029254750200N11958828WA0038900407
B0029264750203N11958834WA0038900406
B0029274750206N11958841WA0038900406
B0029284750209N11958848WA0038900406
B0029294750212N11958855WA0038900405
B0029304750215N11958863WA0038900404
B0029314750217N11958871WA0038900403
B0029324750218N11958878WA0038800402
B0029334750219N11958886WA0038800402
B0029344750219N11958894WA0038800401
B0029354750219N11958901WA0038800401
B0029364750220N11958906WA0038800400
B0029374750220N11958911WA0038800399
B0029384750220N11958915WA0038700398
B0029394750219N11958918WA0038700398
B0029404750218N11958922WA0038700399
B0029414750217N11958924WA0038700398
B0029424750215N11958926WA0038700397
B0029434750213N11958927WA0038700397
B0029444750211N11958927WA0038600396
B0029454750209N11958926WA0038600396
B0029464750208N11958926WA0038600396
B0029474750206N11958925WA0038600396
B0029484750204N11958924WA0038600395
B0029494750203N11958923WA0038600394
B0029504750202N11958922WA0038600394
B0029514750201N11958921WA0038600394
B0029524750200N11958921WA0038500394
B0029534750199N11958920WA0038500394
B0029544750198N11958919WA0038500393
B0029554750198N11958918WA0038500394
B0029564750197N11958918WA0038500395
B0029574750196N11958917WA0038500394
B0029584750195N11958916WA0038500395
B0029594750195N11958915WA0038500394
B0030004750194N11958915WA0038500394
B0030014750194N11958914WA0038500394
B0030024750194N11958913WA0038500393
B0030034750194N11958913WA0038500393
B0030044750194N11958912WA0038500392
B0030054750194N11958912WA0038500391
B0030064750194N11958912WA0038500390
B0030074750194N11958912WA0038500390
B0030084750194N11958912WA0038500390
B0030094750193N11958912WA0038500391
B0030104750193N11958912WA0038500391
B0030114750193N11958912WA0038500390
B0030124750193N11958912WA0038500390
B0030134750193N11958912WA0038500390
B0030144750194N11958912WA0038500389
B0030154750194N11958912WA0038500389
B0030164750194N11958912WA0038500389
B0030174750194N11958912WA0038500389
B0030184750194N11958912WA0038500389
B0030194750194N11958912WA0038500389
B0030204750194N11958912WA0038500389
B0030214750194N11958912WA0038500388
B0030224750194N11958911WA0038500388
B0030234750194N11958911WA0038500388
B0030244750194N11958911WA0038500388
B0030254750194N11958911WA0038500388
B0030264750194N11958911WA0038500389
B0030274750194N11958911WA0038500388
B0030284750194N11958911WA0038500388
B0030294750194N11958911WA0038500388
B0030304750194N11958911WA0038500388
B0030314750194N11958911WA0038500387
B0030324750194N11958911WA0038500387
B0030334750194N11958911WA0038500388
B0030344750194N11958910WA0038500388
B0030354750194N11958910WA0038500388
B0030364750194N11958910WA0038500389
B0030374750194N11958910WA0038500389
B0030384750194N11958910WA0038500390
B0030394750194N11958910WA0038500390
B0030404750194N11958910WA0038500391
B0030414750194N11958910WA0038500390
B0030424750194N11958910WA0038500390
B0030434750194N11958910WA0038500390
B0030444750194N11958910WA0038500389
B0030454750194N11958910WA0038500388
B0030464750194N11958910WA0038500387
B0030474750193N11958910WA0038500387
B0030484750193N11958910WA0038500386
B0030494750193N11958910WA0038500386
B0030504750193N11958910WA0038500386
B0030514750193N11958910WA0038500385
B0030524750193N11958910WA0038500386
B0030534750193N11958910WA0038500386
B0030544750193N11958910WA0038500387
B0030554750193N11958910WA0038500388
B0030564750193N11958910WA0038500388
B0030574750193N11958911WA0038500388
B0030584750193N11958911WA0038500389
B0030594750193N11958911WA0038500389
B0031004750192N11958912WA0038500388
B0031014750192N11958912WA0038500389
B0031024750191N11958912WA0038500389
B0031034750191N11958913WA0038500388
B0031044750190N11958913WA0038500388
B0031054750190N11958913WA0038500388
B0031064750189N11958913WA0038500388
B0031074750189N11958913WA0038500388
B0031084750188N11958914WA0038500388
B0031094750188N11958914WA0038500388
B0031104750187N11958913WA0038500388
B0031114750187N11958913WA0038500388
B0031124750186N11958913WA0038500388
B0031134750186N11958913WA0038500388
B0031144750185N11958913WA0038500388
B0031154750185N11958913WA0038500389
B0031164750184N11958912WA0038500388
B0031174750184N11958912WA0038500388
B0031184750183N11958912WA0038500387
B0031194750183N11958912WA0038500387
B0031204750183N11958912WA0038400386
B0031214750183N11958912WA0038400386
B0031224750183N11958912WA0038400386
B0031234750183N11958912WA0038400386
B0031244750183N11958911WA0038400385
B0031254750183N11958911WA0038400385
B0031264750183N11958911WA0038400385
B0031274750183N11958911WA0038400385
B0031284750183N11958911WA0038400385
B0031294750183N11958911WA0038400385
B0031304750183N11958911WA0038400385
B0031314750183N11958911WA0038400384
B0031324750182N11958911WA0038400384
B0031334750182N11958911WA0038400385
B0031344750182N11958911WA0038400385
B0031354750182N11958911WA0038400385
B0031364750182N11958911WA0038400386
B0031374750182N11958911WA0038400386
B0031384750182N11958911WA0038400386
B0031394750182N11958911WA0038400386
B0031404750182N11958911WA0038400386
B0031414750182N11958911WA0038400386
B0031424750182N11958911WA0038400387
B0031434750182N11958911WA0038400387
B0031444750182N11958911WA0038400387
B0031454750182N11958911WA0038400387
B0031464750182N11958911WA0038400387
B0031474750182N11958911WA0038400387
B0031484750182N11958911WA0038400388
B0031494750182N11958911WA0038400388
B0031504750182N11958911WA0038400388
B0031514750182N11958911WA0038400388
B0031524750182N11958911WA0038400388
B0031534750182N11958911WA0038400388
B0031544750182N11958911WA0038400388
B0031554750182N11958911WA0038400389
B0031564750182N11958911WA0038400389
B0031574750182N11958911WA0038400389
B0031584750182N11958911WA0038400389
B0031594750182N11958911WA0038400389
B0032004750182N11958911WA0038400389
B0032014750182N11958911WA0038400390
B0032024750182N11958911WA0038400390
B0032034750182N11958911WA0038400390
B0032044750182N11958911WA0038400390
B0032054750182N11958911WA0038400390
B0032064750182N11958911WA0038400390
B0032074750182N11958911WA0038400390
B0032084750182N11958911WA0038400390
B0032094750182N11958911WA0038400389
B0032104750182N11958911WA0038400389
B0032114750182N11958911WA0038400389
B0032124750182N11958911WA0038400389
B0032134750182N11958911WA0038400389
B0032144750182N11958911WA0038400389
B0032154750182N11958911WA0038400389
B0032164750182N11958911WA0038400389
B0032174750182N11958911WA0038400389
B0032184750182N11958911WA0038400389
B0032194750182N11958911WA0038400389
B0032204750182N11958911WA0038400389
B0032214750182N11958911WA0038400389
B0032224750182N11958911WA0038400389
B0032234750182N11958911WA0038400389
B0032244750182N11958911WA0038400389
B0032254750182N11958911WA0038400389
B0032264750182N11958911WA0038400389
B0032274750182N11958911WA0038400389
B0032284750182N11958911WA0038400389
B0032294750182N11958911WA0038400389
B0032304750182N11958911WA0038400389
B0032314750182N11958911WA0038400389
B0032324750182N11958910WA0038400389
B0032334750182N11958910WA0038400388
B0032344750182N11958910WA0038400388
B0032354750182N11958910WA0038400388
B0032364750182N11958910WA0038400388
B0032374750182N11958910WA0038400388
B0032384750182N11958910WA0038400388
B0032394750182N11958910WA0038400388
B0032404750182N11958910WA0038400387
B0032414750182N11958910WA0038400387
B0032424750182N11958910WA0038400387
B0032434750182N11958910WA0038400387
B0032444750182N11958910WA0038400387
B0032454750182N11958910WA0038400387
B0032464750182N11958910WA0038400387
B0032474750182N11958910WA0038400386
B0032484750182N11958910WA0038400386
B0032494750182N11958910WA0038400386
B0032504750182N11958910WA0038400386
B0032514750182N11958910WA0038400386
B0032524750182N11958910WA0038400386
B0032534750182N11958910WA0038400386
B0032544750182N11958910WA0038400386
B0032554750182N11958910WA0038400386
B0032564750182N11958910WA0038400386
B0032574750182N11958910WA0038400386
B0032584750182N11958910WA0038400386
B0032594750182N11958910WA0038400386
B0033004750182N11958910WA0038400386
B0033014750182N11958910WA0038400386
B0033024750182N11958910WA0038400386
B0033034750182N11958910WA0038400386
B0033044750182N11958909WA0038400386
B0033054750182N11958909WA0038400386
B0033064750182N11958909WA0038400386
B0033074750182N11958909WA0038400386
B0033084750182N11958909WA0038400386
B0033094750182N11958909WA0038400386
B0033104750182N11958909WA0038400385
B0033114750182N11958909WA0038400385
B0033124750182N11958909WA0038400385
B0033134750182N11958909WA0038400385
B0033144750182N11958909WA0038400385
B0033154750182N11958909WA0038400385
B0033164750182N11958909WA0038400385
B0033174750182N11958909WA0038400385
B0033184750182N11958909WA0038400385
B0033194750182N11958910WA0038400385
B0033204750182N11958910WA0038400385
B0033214750182N11958910WA0038400385
B0033224750182N11958910WA0038400385
B0033234750182N11958910WA0038400385
B0033244750182N11958910WA0038400385
B0033254750182N11958910WA0038400385
B0033264750182N11958910WA0038400385
B0033274750182N11958910WA0038400385
B0033284750182N11958910WA0038400385
B0033294750182N11958910WA0038400385
B0033304750182N11958910WA0038400385
B0033314750182N11958910WA0038400385
B0033324750182N11958910WA0038400385
B0033334750182N11958910WA0038400385
B0033344750182N11958910WA0038400385
B0033354750182N11958910WA0038400385
B0033364750182N11958911WA0038400385
B0033374750182N11958911WA0038400385
B0033384750182N11958911WA0038400385
B0033394750182N11958911WA0038400386
B0033404750182N11958911WA0038400386
B0033414750182N11958911WA0038400386
B0033424750182N11958911WA0038400386
B0033434750182N11958911WA0038400386
B0033444750182N11958911WA0038400386
B0033454750182N11958911WA0038400386
B0033464750182N11958911WA0038400386
B0033474750182N11958911WA0038400386
B0033484750182N11958911WA0038400386
B0033494750182N11958911WA0038400386
B0033504750182N11958911WA0038400386
B0033514750182N11958911WA0038400386
B0033524750182N11958911WA0038400386
B0033534750182N11958911WA0038400386
B0033544750182N11958911WA0038400386
B0033554750181N11958911WA0038400386
B0033564750181N11958911WA0038400386
B0033574750181N11958911WA0038400386
B0033584750181N11958911WA0038400386
B0033594750181N11958911WA0038400386
B0034004750181N11958911WA0038400386
B0034014750181N11958911WA0038400386
B0034024750181N11958911WA0038400386
B0034034750181N11958911WA0038400386
B0034044750181N11958911WA0038400386
B0034054750181N11958911WA0038400386
B0034064750181N11958911WA0038400386
B0034074750181N11958911WA0038400386
B0034084750181N11958911WA0038400386
B0034094750181N11958911WA0038400385
B0034104750181N11958911WA0038400385
B0034114750181N11958911WA0038400385
B0034124750181N11958911WA0038400385
B0034134750181N11958911WA0038400385
B0034144750181N11958911WA0038400385
B0034154750181N11958911WA0038400385
B0034164750181N11958911WA0038400385
B0034174750181N11958911WA0038400385
B0034184750181N11958911WA0038400385
B0034194750181N11958911WA0038400385
B0034204750181N11958911WA0038400385
B0034214750181N11958911WA0038400385
B0034224750181N11958911WA0038400385
B0034234750181N11958911WA0038400385
B0034244750181N11958911WA0038400385
B0034254750181N11958911WA0038400385
B0034264750181N11958911WA0038400385
B0034274750181N11958911WA0038400385
B0034284750181N11958911WA0038400385
B0034294750181N11958911WA0038400385
B0034304750181N11958911WA0038400385
B0034314750181N11958911WA0038400385
B0034324750181N11958911WA0038400385
B0034334750181N11958911WA0038400386
B0034344750181N11958911WA0038400386
B0034354750181N11958911WA0038400386
B0034364750181N11958911WA0038400386
B0034374750181N11958911WA0038400386
B0034384750181N11958911WA0038400386
B0034394750181N11958911WA0038400386
B0034404750181N11958911WA0038400386
B0034414750181N11958911WA0038400386
B0034424750181N11958911WA0038400386
B0034434750181N11958911WA0038400386
B0034444750181N11958911WA0038400386
B0034454750181N11958911WA0038400386
B0034464750181N11958911WA0038400386
B0034474750181N11958911WA0038400386
B0034484750181N11958911WA0038400386
B0034494750181N11958911WA0038400386
B0034504750181N11958911WA0038400386
B0034514750181N11958911WA0038400386
B0034524750181N11958911WA0038400386
B0034534750181N11958911WA0038400385
B0034544750181N11958911WA0038400385
B0034554750181N11958911WA0038400385
B0034564750181N11958911WA0038400385
B0034574750181N11958911WA0038400385
B0034584750181N11958911WA0038400385
B0034594750181N11958911WA0038400385
B0035004750181N11958911WA0038400385
B0035014750181N11958911WA0038400385
B0035024750181N11958911WA0038400385
B0035034750181N11958911WA0038400385
B0035044750181N11958911WA0038400385
B0035054750181N11958911WA0038400385
B0035064750181N11958911WA0038400385
B0035074750182N11958910WA0038400385
B0035084750182N11958910WA0038400385
B0035094750182N11958910WA0038400385
B0035104750182N11958910WA0038400384
B0035114750182N11958910WA0038400384
B0035124750182N11958910WA0038400384
B0035134750182N11958910WA0038400384
B0035144750182N11958910WA0038400384
B0035154750182N11958910WA0038400384
B0035164750182N11958910WA0038400384
B0035174750182N11958910WA0038400385
B0035184750182N11958910WA0038400385
B0035194750182N11958910WA0038400385
B0035204750182N11958910WA0038400385
B0035214750182N11958910WA0038400385
B0035224750182N11958910WA0038400385
B0035234750182N11958910WA0038400385
B0035244750182N11958910WA0038400385
B0035254750182N11958910WA0038400385
B0035264750182N11958910WA0038400385
B0035274750182N11958910WA0038400385
B0035284750182N11958910WA0038400385
B0035294750182N11958910WA0038400385
B0035304750182N11958910WA0038400385
B0035314750182N11958910WA0038400385
B0035324750182N11958910WA0038400385
B0035334750182N11958910WA0038400385
B0035344750182N11958910WA0038400385
B0035354750182N11958910WA0038400386
B0035364750182N11958910WA0038400386
B0035374750182N11958910WA0038400386
B0035384750182N11958910WA0038400386
B0035394750182N11958910WA0038400386
B0035404750182N11958910WA0038400386
B0035414750182N11958910WA0038400386
B0035424750182N11958910WA0038400386
B0035434750182N11958910WA0038400386
B0035444750182N11958910WA0038400386
B0035454750182N11958910WA0038400386
B0035464750182N11958910WA0038500386
B0035474750182N11958910WA0038500386
B0035484750182N11958910WA0038500386
B0035494750182N11958910WA0038500386
B0035504750182N11958910WA0038500386
B0035514750182N11958910WA0038500386
B0035524750182N11958910WA0038500386
B0035534750182N11958910WA0038500386
B0035544750182N11958910WA0038500386
B0035554750182N11958910WA0038500386
B0035564750182N11958910WA0038500386
B0035574750182N11958910WA0038500386
B0035584750182N11958910WA0038500386
B0035594750182N11958910WA0038500386
B0036004750182N11958910WA0038500386
B0036014750182N11958910WA0038500386
B0036024750182N11958910WA0038500386
B0036034750182N11958910WA0038500386
B0036044750182N11958910WA0038500386
B0036054750182N11958910WA0038500386
B0036064750182N11958910WA0038500386
B0036074750182N11958910WA0038500386
B0036084750182N11958910WA0038500386
B0036094750182N11958910WA0038500386
B0036104750182N11958910WA0038500386
B0036114750182N11958910WA0038500386
B0036124750182N11958910WA0038500386
B0036134750182N11958910WA0038500386
B0036144750182N11958910WA0038500386
B0036154750182N11958910WA0038500386
B0036164750182N11958910WA0038500386
B0036174750182N11958910WA0038500386
B0036184750182N11958910WA0038500386
B0036194750182N11958910WA0038500386
B0036204750182N11958910WA0038500386
B0036214750182N11958910WA0038500386
B0036224750182N11958910WA0038500386
B0036234750182N11958910WA0038500385
B0036244750182N11958910WA0038500385
B0036254750182N11958910WA0038500385
B0036264750182N11958910WA0038500385
B0036274750182N11958910WA0038500385
B0036284750182N11958910WA0038500385
B0036294750182N11958910WA0038500385
B0036304750182N11958910WA0038500385
B0036314750182N11958910WA0038500385
B0036324750182N11958910WA0038500385
B0036334750182N11958910WA0038500385
B0036344750182N11958910WA0038500385
B0036354750182N11958910WA0038500385
B0036364750182N11958910WA0038500385
B0036374750182N11958910WA0038500385
B0036384750182N11958910WA0038500385
B0036394750182N11958910WA0038500385
B0036404750182N11958910WA0038500385
B0036414750182N11958910WA0038500385
B0036424750182N11958910WA0038500385
B0036434750182N11958910WA0038500385
B0036444750182N11958910WA0038500385
B0036454750182N11958910WA0038500385
B0036464750182N11958910WA0038500385
B0036474750182N11958910WA0038500385
B0036484750182N11958910WA0038500385
B0036494750182N11958910WA0038500385
B0036504750182N11958910WA0038500385
B0036514750182N11958910WA0038500385
B0036524750182N11958910WA0038500385
B0036534750182N11958910WA0038500385
B0036544750182N11958910WA0038500385
B0036554750182N11958910WA0038500385
B0036564750182N11958910WA0038500385
B0036574750182N11958910WA0038500385
B0036584750182N11958910WA0038500385
B0036594750182N11958910WA0038500385
B0037004750182N11958910WA0038500385
B0037014750182N11958911WA0038500385
B0037024750182N11958911WA0038500385
B0037034750182N11958911WA0038500385
B0037044750182N11958911WA0038500385
B0037054750182N11958911WA0038500385
B0037064750182N11958911WA0038500385
B0037074750182N11958911WA0038500385
B0037084750182N11958911WA0038500385
B0037094750182N11958911WA0038500385
B0037104750182N11958911WA0038500385
B0037114750182N11958911WA0038500385
B0037124750182N11958911WA0038500385
B0037134750182N11958911WA0038500385
B0037144750182N11958911WA0038500385
B0037154750182N11958911WA0038500385
B0037164750182N11958910WA0038500385
B0037174750182N11958910WA0038500386
B0037184750182N11958910WA0038500386
B0037194750182N11958911WA0038500386
B0037204750182N11958911WA0038500386
B0037214750182N11958911WA0038500386
B0037224750182N11958911WA0038500386
B0037234750182N11958911WA0038500386
B0037244750182N11958911WA0038500386
B0037254750182N11958910WA0038500386
B0037264750182N11958910WA0038500386
B0037274750182N11958910WA0038500386
B0037284750182N11958911WA0038500386
B0037294750182N11958911WA0038500386
B0037304750182N11958911WA0038500386
B0037314750182N11958911WA0038500386
B0037324750182N11958911WA0038500386
B0037334750182N11958911WA0038500386
B0037344750182N11958911WA0038500386
B0037354750182N11958911WA0038500386
B0037364750182N11958911WA0038500386
B0037374750182N11958911WA0038500386
B0037384750182N11958911WA0038500385
B0037394750182N11958911WA0038500385
B0037404750182N11958911WA0038500385
B0037414750182N11958911WA0038500385
B0037424750182N11958911WA0038500385
B0037434750182N11958911WA0038500385
B0037444750182N11958911WA0038500385
B0037454750182N11958911WA0038500385
B0037464750182N11958911WA0038500385
B0037474750182N11958911WA0038500385
B0037484750182N11958911WA0038500385
B0037494750182N11958911WA0038500385
B0037504750182N11958911WA0038500385
B0037514750182N11958911WA0038500385
B0037524750182N11958911WA0038500385
B0037534750182N11958911WA0038500384
B0037544750182N11958910WA0038500384
B0037554750182N11958910WA0038500384
B0037564750182N11958910WA0038500384
B0037574750182N11958910WA0038500384
B0037584750182N11958910WA0038500384
B0037594750182N11958910WA0038500384
B0038004750182N11958910WA0038500384
B0038014750182N11958910WA0038500384
B0038024750182N11958910WA0038500384
B0038034750182N11958910WA0038500384
B0038044750182N11958910WA0038500384
B0038054750182N11958910WA0038500385
B0038064750182N11958910WA0038500385
B0038074750182N11958910WA0038500385
B0038084750182N11958910WA0038500385
B0038094750182N11958910WA0038500385
B0038104750182N11958910WA0038500385
B0038114750182N11958910WA0038500385
B0038124750182N11958910WA0038500385
B0038134750182N11958910WA0038500385
B0038144750182N11958910WA0038500385
B0038154750182N11958910WA0038500385
B0038164750182N11958910WA0038500385
B0038174750182N11958910WA0038500385
B0038184750182N11958910WA0038500385
B0038194750182N11958910WA0038500385
B0038204750182N11958910WA0038500385
B0038214750182N11958910WA0038500385
B0038224750182N11958910WA0038500385
B0038234750182N11958910WA0038500385
B0038244750182N11958910WA0038500385
B0038254750182N11958910WA0038500385
B0038264750182N11958910WA0038500386
B0038274750182N11958910WA0038500386
B0038284750182N11958910WA0038500386
B0038294750182N11958910WA0038500386
B0038304750182N11958910WA0038500386
B0038314750182N11958910WA0038500386
B0038324750182N11958910WA0038500386
B0038334750182N11958910WA0038500386
B0038344750182N11958910WA0038500386
B0038354750182N11958910WA0038500386
B0038364750182N11958910WA0038500386
B0038374750182N11958910WA0038500386
B0038384750182N11958910WA0038500386
B0038394750182N11958910WA0038500386
B0038404750182N11958910WA0038500386
B0038414750182N11958910WA0038500386
B0038424750182N11958910WA0038500386
B0038434750182N11958910WA0038500386
B0038444750182N11958910WA0038500386
B0038454750182N11958910WA0038500386
B0038464750182N11958910WA0038500386
B0038474750182N11958910WA0038500386
B0038484750182N11958910WA0038500386
B0038494750182N11958910WA0038500386
B0038504750182N11958910WA0038500386
B0038514750182N11958910WA0038500386
B0038524750182N11958910WA0038500385
B0038534750182N11958910WA0038500385
B0038544750182N11958910WA0038500385
B0038554750182N11958910WA0038500385
B0038564750182N11958910WA0038500385
B0038574750182N11958910WA0038500386
B0038584750182N11958910WA0038500386
B0038594750182N11958910WA0038500386
B0039004750182N11958910WA0038500386
B0039014750182N11958910WA0038500386
B0039024750182N11958910WA0038500386
B0039034750182N11958910WA0038500386
B0039044750182N11958910WA0038500386
B0039054750182N11958910WA0038500386
B0039064750182N11958910WA0038500386
B0039074750182N11958910WA0038500386
B0039084750182N11958910WA0038500386
B0039094750182N11958910WA0038500386
B0039104750182N11958910WA0038500386
B0039114750182N11958910WA0038500386
B0039124750182N11958910WA0038500386
B0039134750182N11958910WA0038500386
B0039144750182N11958910WA0038500386
B0039154750182N11958910WA0038500386
B0039164750182N11958910WA0038500386
B0039174750182N11958910WA0038500386
B0039184750182N11958910WA0038500385
B0039194750182N11958910WA0038500385
B0039204750182N11958910WA0038500385
B0039214750182N11958910WA0038500385
B0039224750182N11958910WA0038500385
B0039234750182N11958910WA0038500385
B0039244750182N11958910WA0038500385
B0039254750182N11958910WA0038500385
B0039264750182N11958910WA0038500385
B0039274750182N11958910WA0038500385
B0039284750182N11958910WA0038500385
B0039294750182N11958910WA0038500384
B0039304750182N11958910WA0038500384
B0039314750182N11958910WA0038500384
B0039324750182N11958910WA0038500384
B0039334750182N11958910WA0038500384
B0039344750182N11958910WA0038500384
B0039354750182N11958910WA0038500384
B0039364750182N11958910WA0038500384
B0039374750183N11958910WA0038500384
B0039384750183N11958910WA0038500384
B0039394750183N11958910WA0038500384
B0039404750182N11958910WA0038500384
B0039414750182N11958910WA0038500384
B0039424750182N11958910WA0038500384
B0039434750182N11958910WA0038500384
B0039444750182N11958910WA0038500384
B0039454750182N11958910WA0038500384
B0039464750182N11958910WA0038500384
B0039474750182N11958911WA0038500384
B0039484750182N11958911WA0038500384
B0039494750182N11958911WA0038500384
B0039504750182N11958911WA0038500385
B0039514750182N11958911WA0038500385
B0039524750183N11958911WA0038500384
B0039534750183N11958911WA0038500384
B0039544750183N11958911WA0038500384
B0039554750183N11958911WA0038500384
B0039564750182N11958911WA0038500384
B0039574750182N11958911WA0038500384
B0039584750182N11958911WA0038500384
B0039594750183N11958911WA0038500384
B0040004750183N11958911WA0038500385
B0040014750183N11958911WA0038500384
B0040024750183N11958911WA0038500384
B0040034750183N11958911WA0038500384
B0040044750183N11958911WA0038500384
B0040054750182N11958911WA0038500384
B0040064750182N11958911WA0038500385
B0040074750182N11958911WA0038500385
B0040084750182N11958911WA0038500385
B0040094750182N11958911WA0038500385
B0040104750182N11958911WA0038500385
B0040114750182N11958911WA0038500385
B0040124750182N11958911WA0038500385
B0040134750182N11958911WA0038500385
B0040144750182N11958911WA0038500385
B0040154750182N11958911WA0038500385
B0040164750182N11958911WA0038500385
B0040174750182N11958911WA0038500385
B0040184750182N11958911WA0038500385
B0040194750182N11958911WA0038500385
B0040204750182N11958911WA0038500385
B0040214750182N11958911WA0038500385
B0040224750182N11958911WA0038500385
B0040234750182N11958911WA0038500385
B0040244750182N11958911WA0038500385
B0040254750182N11958911WA0038500385
B0040264750182N11958911WA0038500385
B0040274750182N11958911WA0038500385
B0040284750182N11958911WA0038500385
B0040294750182N11958911WA0038500385
B0040304750182N11958911WA0038500385
B0040314750182N11958911WA0038500386
B0040324750182N11958911WA0038500386
B0040334750182N11958911WA0038500386
B0040344750182N11958911WA0038500386
B0040354750182N11958911WA0038500386
B0040364750182N11958911WA0038500386
B0040374750182N11958911WA0038500386
B0040384750182N11958911WA0038500386
B0040394750182N11958911WA0038500386
B0040404750181N11958911WA0038500386
B0040414750181N11958911WA0038500386
B0040424750181N11958911WA0038500386
B0040434750181N11958911WA0038500386
B0040444750181N11958911WA0038500386
B0040454750181N11958911WA0038500386
B0040464750181N11958911WA0038500386
B0040474750181N11958911WA0038500386
B0040484750181N11958911WA0038500386
B0040494750181N11958911WA0038500386
B0040504750181N11958911WA0038500386
B0040514750181N11958911WA0038500386
B0040524750181N11958911WA0038500386
B0040534750181N11958911WA0038500386
B0040544750181N11958911WA0038500386
B0040554750181N11958911WA0038500386
B0040564750181N11958911WA0038500386
B0040574750181N11958911WA0038500386
B0040584750181N11958911WA0038500386
B0040594750181N11958911WA0038500386
B0041004750181N11958911WA0038500386
B0041014750181N11958911WA0038500386
B0041024750181N11958911WA0038500386
B0041034750181N11958911WA0038500386
B0041044750182N11958911WA0038500386
B0041054750182N11958911WA0038500386
B0041064750182N11958911WA0038500386
B0041074750182N11958911WA0038500386
B0041084750182N11958911WA0038500386
B0041094750182N11958911WA0038500386
B0041104750182N11958910WA0038500387
B0041114750182N11958910WA0038500387
B0041124750182N11958910WA0038500387
B0041134750182N11958910WA0038500387
B0041144750182N11958910WA0038500387
B0041154750182N11958910WA0038500387
B0041164750182N11958910WA0038500387
B0041174750182N11958910WA0038500387
B0041184750182N11958910WA0038500387
B0041194750182N11958910WA0038500387
B0041204750182N11958910WA0038500387
B0041214750182N11958910WA0038500387
B0041224750182N11958910WA0038500387
B0041234750182N11958910WA0038500387
B0041244750182N11958910WA0038500387
B0041254750182N11958910WA0038500387
B0041264750182N11958910WA0038500387
B0041274750182N11958910WA0038500387
B0041284750182N11958910WA0038500387
B0041294750182N11958910WA0038500387
B0041304750182N11958910WA0038500387
B0041314750182N11958910WA0038500387
B0041324750182N11958910WA0038500387
B0041334750182N11958910WA0038500388
B0041344750182N11958909WA0038500388
B0041354750182N11958909WA0038500388
B0041364750182N11958909WA0038500388
B0041374750182N11958909WA0038500388
B0041384750182N11958909WA0038500388
B0041394750182N11958909WA0038500388
B0041404750182N11958909WA0038500388
B0041414750182N11958909WA0038500388
B0041424750182N11958909WA0038500388
B0041434750182N11958909WA0038500388
B0041444750182N11958909WA0038500388
B0041454750182N11958909WA0038500388
B0041464750182N11958909WA0038500388
B0041474750182N11958909WA0038500388
B0041484750182N11958909WA0038500388
B0041494750182N11958909WA0038500388
B0041504750182N11958909WA0038500388
B0041514750182N11958909WA0038500388
B0041524750182N11958909WA0038500388
B0041534750182N11958909WA0038500388
B0041544750182N11958909WA0038500388
B0041554750182N11958909WA0038500388
B0041564750182N11958909WA0038500388
B0041574750182N11958909WA0038500388
B0041584750182N11958909WA0038500388
B0041594750182N11958909WA0038500388
B0042004750182N11958909WA0038500389
B0042014750182N11958909WA0038500389
B0042024750182N11958909WA0038500389
B0042034750182N11958909WA0038500389
B0042044750182N11958909WA0038500389
B0042054750182N11958909WA0038500389
B0042064750182N11958909WA0038500389
B0042074750182N11958909WA0038500389
B0042084750182N11958909WA0038500388
B0042094750182N11958909WA0038500388
B0042104750182N11958909WA0038500388
B0042114750182N11958910WA0038500388
B0042124750182N11958910WA0038500388
B0042134750182N11958910WA0038500388
B0042144750182N11958910WA0038500388
B0042154750182N11958910WA0038500388
B0042164750182N11958910WA0038500387
B0042174750182N11958910WA0038500387
B0042184750182N11958910WA0038500387
B0042194750182N11958910WA0038500387
B0042204750182N11958910WA0038500387
B0042214750182N11958910WA0038500387
B0042224750182N11958910WA0038500387
B0042234750182N11958910WA0038500387
B0042244750182N11958910WA0038500387
B0042254750182N11958910WA0038500387
B0042264750182N11958910WA0038500386
B0042274750182N11958910WA0038500386
B0042284750182N11958910WA0038500386
B0042294750182N11958910WA0038500386
B0042304750182N11958910WA0038500386
B0042314750182N11958910WA0038500386
B0042324750182N11958910WA0038500386
B0042334750182N11958910WA0038600386
B0042344750182N11958910WA0038500386
B0042354750182N11958910WA0038600386
B0042364750182N11958910WA0038600386
B0042374750182N11958910WA0038600386
B0042384750182N11958910WA0038500386
B0042394750182N11958910WA0038600386
B0042404750182N11958910WA0038600386
B0042414750182N11958910WA0038600386
B0042424750182N11958910WA0038500386
B0042434750182N11958910WA0038500386
B0042444750182N11958910WA0038500386
B0042454750182N11958910WA0038600386
B0042464750182N11958910WA0038600386
B0042474750182N11958910WA0038600386
B0042484750182N11958910WA0038600386
B0042494750182N11958910WA0038600386
B0042504750182N11958910WA0038600386
B0042514750182N11958910WA0038600386
B0042524750182N11958910WA0038600386
B0042534750182N11958910WA0038600386
B0042544750182N11958910WA0038600386
B0042554750182N11958910WA0038600386
B0042564750182N11958910WA0038600386
B0042574750182N11958910WA0038600386
B0042584750182N11958910WA0038600386
B0042594750182N11958910WA0038600386
B0043004750182N11958910WA0038600386
B0043014750182N11958910WA0038600386
B0043024750182N11958910WA0038600386
B0043034750182N11958910WA0038600386
B0043044750182N11958910WA0038600387
B0043054750182N11958910WA0038600387
B0043064750182N11958910WA0038600387
B0043074750182N11958910WA0038600387
B0043084750182N11958910WA0038600387
B0043094750182N11958910WA0038600387
B0043104750182N11958910WA0038600387
B0043114750182N11958910WA0038600387
B0043124750182N11958910WA0038600387
B0043134750182N11958910WA0038600387
B0043144750182N11958910WA0038600387
B0043154750182N11958910WA0038600387
B0043164750182N11958910WA0038600387
B0043174750182N11958910WA0038600387
B0043184750182N11958910WA0038600387
B0043194750182N11958910WA0038600387
B0043204750182N11958910WA0038600387
B0043214750182N11958910WA0038600387
B0043224750182N11958910WA0038600387
B0043234750182N11958910WA0038600387
B0043244750182N11958910WA0038600387
B0043254750182N11958910WA0038600387
B0043264750182N11958910WA0038600388
B0043274750182N11958910WA0038600388
B0043284750182N11958910WA0038600388
B0043294750182N11958910WA0038600388
B0043304750182N11958910WA0038600388
B0043314750182N11958910WA0038600388
B0043324750182N11958910WA0038600388
B0043334750182N11958910WA0038600388
B0043344750182N11958910WA0038600388
B0043354750182N11958910WA0038600388
B0043364750182N11958910WA0038600388
B0043374750182N11958910WA0038600388
B0043384750182N11958910WA0038600388
B0043394750182N11958910WA0038600388
B0043404750182N11958910WA0038600388
B0043414750182N11958910WA0038600388
B0043424750182N11958910WA0038600388
B0043434750183N11958910WA0038600388
B0043444750183N11958910WA0038600388
B0043454750183N11958910WA0038600388
B0043464750183N11958910WA0038600388
B0043474750183N11958910WA0038600388
B0043484750183N11958910WA0038600388
B0043494750183N11958910WA0038600388
B0043504750183N11958910WA0038600388
B0043514750183N11958910WA0038600388
B0043524750183N11958910WA0038600388
B0043534750183N11958910WA0038600388
B0043544750183N11958910WA0038600388
B0043554750183N11958910WA0038600388
B0043564750183N11958910WA0038600388
B0043574750183N11958910WA0038600388
B0043584750183N11958910WA0038600388
B0043594750183N11958910WA0038600388
B0044004750183N11958910WA0038600388
B0044014750183N11958910WA0038600388
B0044024750183N11958910WA0038600388
B0044034750183N11958910WA0038600388
B0044044750183N11958910WA0038600388
B0044054750183N11958910WA0038600388
B0044064750183N11958910WA0038600388
B0044074750183N11958910WA0038600388
B0044084750183N11958910WA0038600388
B0044094750183N11958909WA0038600388
B0044104750183N11958910WA0038600388
B0044114750183N11958910WA0038600388
B0044124750183N11958910WA0038600388
B0044134750183N11958910WA0038600388
B0044144750183N11958910WA0038600388
B0044154750183N11958910WA0038600388
B0044164750183N11958910WA0038600388
B0044174750183N11958910WA0038600388
B0044184750183N11958910WA0038600388
B0044194750183N11958910WA0038600388
B0044204750183N11958910WA0038600388
B0044214750183N11958910WA0038600388
B0044224750183N11958910WA0038600388
B0044234750183N11958910WA0038600388
B0044244750183N11958910WA0038600388
B0044254750183N11958910WA0038600388
B0044264750183N11958910WA0038600388
B0044274750183N11958910WA0038600388
B0044284750183N11958910WA0038600388
B0044294750183N11958910WA0038600388
B0044304750183N11958910WA0038600388
B0044314750183N11958910WA0038600388
B0044324750183N11958910WA0038600388
B0044334750183N11958910WA0038600388
B0044344750183N11958910WA0038600388
B0044354750183N11958910WA0038600388
B0044364750183N11958910WA0038600388
B0044374750183N11958910WA0038600388
B0044384750183N11958910WA0038600388
B0044394750183N11958910WA0038600388
B0044404750183N11958910WA0038600388
B0044414750183N11958910WA0038600388
B0044424750183N11958910WA0038600388
B0044434750183N11958910WA0038600388
B0044444750183N11958910WA0038600388
B0044454750183N11958910WA0038600388
B0044464750183N11958910WA0038600388
B0044474750183N11958910WA0038600388
B0044484750183N11958910WA0038600388
B0044494750183N11958910WA0038600388
B0044504750183N11958910WA0038600388
B0044514750183N11958910WA0038600388
B0044524750183N11958910WA0038600389
B0044534750183N11958910WA0038600389
B0044544750183N11958910WA0038600389
B0044554750183N11958910WA0038600389
B0044564750183N11958910WA0038600389
B0044574750183N11958910WA0038600389
B0044584750183N11958910WA0038600389
B0044594750183N11958910WA0038600389
B0045004750183N11958910WA0038600389
B0045014750183N11958910WA0038600389
B0045024750183N11958910WA0038600389
B0045034750183N11958910WA0038600389
B0045044750183N11958910WA0038600389
B0045054750183N11958910WA0038600389
B0045064750183N11958910WA0038600389
B0045074750183N11958910WA0038600389
B0045084750183N11958910WA0038600389
B0045094750182N11958910WA0038600389
B0045104750182N11958910WA0038600389
B0045114750182N11958910WA0038600389
B0045124750182N11958910WA0038600389
B0045134750182N11958910WA0038600389
B0045144750182N11958910WA0038600389
B0045154750182N11958910WA0038600389
B0045164750182N11958910WA0038600390
B0045174750182N11958910WA0038600390
B0045184750182N11958910WA0038600390
B0045194750182N11958910WA0038600390
B0045204750182N11958910WA0038600390
B0045214750182N11958910WA0038600390
B0045224750182N11958909WA0038600390
B0045234750182N11958909WA0038600390
B0045244750183N11958909WA0038600390
B0045254750183N11958909WA0038600390
B0045264750183N11958909WA0038600390
B0045274750183N11958909WA0038600390
B0045284750183N11958909WA0038600390
B0045294750183N11958909WA0038600390
B0045304750183N11958909WA0038600390
B0045314750183N11958909WA0038600390
B0045324750183N11958909WA0038600390
B0045334750183N11958909WA0038600390
B0045344750182N11958909WA0038600390
B0045354750182N11958909WA0038600390
B0045364750182N11958910WA0038600390
B0045374750182N11958910WA0038600390
B0045384750182N11958910WA0038600390
B0045394750182N11958910WA0038600390
B0045404750182N11958910WA0038600390
B0045414750182N11958910WA0038600390
B0045424750182N11958910WA0038600390
B0045434750182N11958910WA0038600390
B0045444750182N11958910WA0038600390
B0045454750182N11958910WA0038600390
B0045464750182N11958910WA0038600390
B0045474750182N11958910WA0038600390
B0045484750182N11958910WA0038600390
B0045494750182N11958910WA0038600389
B0045504750182N11958910WA0038600389
B0045514750182N11958910WA0038600389
B0045524750182N11958910WA0038600389
B0045534750182N11958910WA0038600389
B0045544750182N11958910WA0038600389
B0045554750182N11958910WA0038600389
B0045564750182N11958910WA0038600388
B0045574750182N11958910WA0038600388
B0045584750182N11958910WA0038600388
B0045594750182N11958910WA0038600388
B0046004750182N11958910WA0038600388
B0046014750182N11958910WA0038600388
B0046024750182N11958910WA0038600388
B0046034750182N11958910WA0038600388
B0046044750182N11958911WA0038600388
B0046054750182N11958911WA0038600388
B0046064750182N11958911WA0038600387
B0046074750182N11958911WA0038600387
B0046084750182N11958911WA0038600387
B0046094750182N11958911WA0038600387
B0046104750182N11958911WA0038600387
B0046114750182N11958911WA0038600387
B0046124750182N11958911WA0038600386
B0046134750182N11958911WA0038600386
B0046144750181N11958911WA0038600386
B0046154750181N11958911WA0038600386
B0046164750181N11958911WA0038600386
B0046174750181N11958911WA0038600386
B0046184750181N11958911WA0038600385
B0046194750181N11958911WA0038600385
B0046204750181N11958911WA0038600385
B0046214750181N11958911WA0038600385
B0046224750181N11958911WA0038600385
B0046234750181N11958911WA0038600385
B0046244750181N11958911WA0038600385
B0046254750181N11958911WA0038600385
B0046264750181N11958911WA0038600385
B0046274750181N11958911WA0038600385
B0046284750181N11958911WA0038600385
B0046294750181N11958911WA0038600385
B0046304750181N11958911WA0038600385
B0046314750181N11958911WA0038600385
B0046324750181N11958911WA0038600385
B0046334750181N11958911WA0038600385
B0046344750181N11958911WA0038600385
B0046354750181N11958912WA0038600385
B0046364750181N11958912WA0038600386
B0046374750181N11958912WA0038600386
B0046384750181N11958912WA0038600386
B0046394750181N11958911WA0038600386
B0046404750181N11958911WA0038600386
B0046414750181N11958911WA0038600386
B0046424750181N11958911WA0038600386
B0046434750181N11958911WA0038600386
B0046444750181N11958911WA0038600386
B0046454750181N11958911WA0038600386
B0046464750181N11958911WA0038600387
B0046474750182N11958911WA0038600387
B0046484750182N11958911WA0038600387
B0046494750182N11958911WA0038600387
B0046504750182N11958911WA0038600387
B0046514750182N11958911WA0038600387
B0046524750182N11958911WA0038600387
B0046534750182N11958911WA0038600387
B0046544750182N11958911WA0038600387
B0046554750182N11958911WA0038600387
B0046564750182N11958911WA0038600387
B0046574750182N11958911WA0038600387
B0046584750182N11958911WA0038600387
B0046594750182N11958911WA0038600387
B0047004750182N11958911WA0038600387
B0047014750182N11958911WA0038600387
B0047024750182N11958911WA0038600387
B0047034750182N11958911WA0038600387
B0047044750182N11958911WA0038600387
B0047054750182N11958911WA0038600387
B0047064750182N11958911WA0038600387
B0047074750182N11958911WA0038600387
B0047084750182N11958911WA0038600387
B0047094750182N11958911WA0038600387
B0047104750182N11958911WA0038600387
B0047114750182N11958911WA0038600387
B0047124750182N11958911WA0038600387
B0047134750182N11958911WA0038600387
B0047144750182N11958911WA0038600387
B0047154750182N11958911WA0038600387
B0047164750182N11958911WA0038600388
B0047174750182N11958911WA0038600388
B0047184750182N11958911WA0038600388
B0047194750182N11958911WA0038600388
B0047204750182N11958911WA0038600388
B0047214750182N11958911WA0038600388
B0047224750182N11958911WA0038600388
B0047234750182N11958910WA0038600388
B0047244750182N11958910WA0038600388
B0047254750182N11958910WA0038600389
B0047264750182N11958910WA0038600389
B0047274750182N11958910WA0038600389
B0047284750182N11958910WA0038600389
B0047294750182N11958910WA0038600389
B0047304750182N11958910WA0038600389
B0047314750182N11958910WA0038600389
B0047324750182N11958910WA0038600389
B0047334750182N11958910WA0038600389
B0047344750182N11958910WA0038600389
B0047354750182N11958910WA0038600390
B0047364750182N11958910WA0038600390
B0047374750182N11958910WA0038600390
B0047384750182N11958910WA0038600390
B0047394750182N11958910WA0038600390
B0047404750182N11958910WA0038600390
B0047414750182N11958910WA0038600390
B0047424750182N11958910WA0038600390
B0047434750182N11958910WA0038600390
B0047444750182N11958910WA0038600390
B0047454750182N11958910WA0038600390
B0047464750182N11958910WA0038600390
B0047474750182N11958910WA0038600390
B0047484750182N11958910WA0038600390
B0047494750182N11958910WA0038600390
B0047504750182N11958910WA0038600390
B0047514750182N11958910WA0038600390
B0047524750182N11958910WA0038600390
B0047534750182N11958910WA0038600390
B0047544750182N11958910WA0038600390
B0047554750182N11958910WA0038600390
B0047564750182N11958910WA0038600390
B0047574750182N11958910WA0038600390
B0047584750182N11958910WA0038600390
B0047594750182N11958910WA0038600390
B0048004750182N11958910WA0038600390
B0048014750182N11958910WA0038600390
B0048024750181N11958910WA0038600390
B0048034750181N11958910WA0038600390
B0048044750181N11958910WA0038600390
B0048054750181N11958910WA0038600390
B0048064750181N11958910WA0038600390
B0048074750181N11958910WA0038600390
B0048084750181N11958911WA0038600390
B0048094750181N11958911WA0038600390
B0048104750181N11958911WA0038600390
B0048114750181N11958911WA0038600390
B0048124750181N11958911WA0038600390
B0048134750181N11958911WA0038600390
B0048144750181N11958911WA0038600390
B0048154750181N11958911WA0038600390
B0048164750181N11958911WA0038600390
B0048174750181N11958911WA0038600390
B0048184750181N11958911WA0038600391
B0048194750181N11958911WA0038600391
B0048204750181N11958911WA0038600391
B0048214750181N11958911WA0038600391
B0048224750181N11958911WA0038600391
B0048234750181N11958911WA0038600391
B0048244750181N11958911WA0038600391
B0048254750181N11958911WA0038600391
B0048264750181N11958911WA0038600391
B0048274750181N11958911WA0038600391
B0048284750181N11958911WA0038600391
B0048294750181N11958911WA0038600391
B0048304750181N11958911WA0038600392
B0048314750181N11958911WA0038600392
B0048324750181N11958911WA0038600392
B0048334750181N11958911WA0038600392
B0048344750181N11958911WA0038600392
B0048354750181N11958911WA0038600391
B0048364750181N11958911WA0038600391
B0048374750181N11958911WA0038600391
B0048384750181N11958911WA0038600391
B0048394750181N11958911WA0038600391
B0048404750181N11958911WA0038600391
B0048414750181N11958911WA0038600391
B0048424750181N11958911WA0038600390
B0048434750181N11958911WA0038600390
B0048444750181N11958911WA0038600390
B0048454750181N11958911WA0038600390
B0048464750181N11958911WA0038600390
B0048474750181N11958911WA0038600390
B0048484750181N11958911WA0038600390
B0048494750181N11958911WA0038600389
B0048504750181N11958911WA0038600389
B0048514750181N11958911WA0038600389
B0048524750181N11958911WA0038600389
B0048534750181N11958911WA0038600389
B0048544750181N11958911WA0038600389
B0048554750181N11958911WA0038600389
B0048564750181N11958911WA0038600388
B0048574750181N11958911WA0038600388
B0048584750181N11958911WA0038600388
B0048594750181N11958911WA0038600388
B0049004750181N11958911WA0038600388
B0049014750181N11958911WA0038600388
B0049024750181N11958911WA0038600388
B0049034750181N11958910WA0038600388
B0049044750181N11958910WA0038600388
B0049054750181N11958910WA0038600388
B0049064750181N11958910WA0038600388
B0049074750181N11958910WA0038600388
B0049084750182N11958910WA0038600388
B0049094750182N11958910WA0038600389
B0049104750182N11958910WA0038600389
B0049114750182N11958910WA0038600389
B0049124750182N11958910WA0038600389
B0049134750182N11958910WA0038600389
B0049144750182N11958910WA0038600389
B0049154750182N11958910WA0038600389
B0049164750182N11958910WA0038600389
B0049174750182N11958910WA0038600389
B0049184750182N11958910WA0038600389
B0049194750182N11958910WA0038600389
B0049204750182N11958909WA0038600390
B0049214750182N11958909WA0038600390
B0049224750182N11958909WA0038600389
B0049234750182N11958909WA0038600389
B0049244750182N11958909WA0038600389
B0049254750182N11958909WA0038600389
B0049264750182N11958909WA0038600389
B0049274750182N11958909WA0038600390
B0049284750182N11958909WA0038600390
B0049294750182N11958909WA0038600389
B0049304750182N11958909WA0038600389
B0049314750182N11958909WA0038600389
B0049324750182N11958909WA0038600389
B0049334750182N11958909WA0038600389
B0049344750182N11958909WA0038600389
B0049354750182N11958909WA0038600389
B0049364750182N11958909WA0038600389
B0049374750182N11958909WA0038600389
B0049384750182N11958909WA0038600389
B0049394750182N11958909WA0038600389
B0049404750182N11958909WA0038600389
B0049414750182N11958909WA0038600389
B0049424750182N11958909WA0038600389
B0049434750182N11958909WA0038600389
B0049444750182N11958909WA0038600389
B0049454750182N11958909WA0038600389
B0049464750182N11958909WA0038600389
B0049474750182N11958909WA0038600389
B0049484750182N11958909WA0038600389
B0049494750182N11958909WA0038600389
B0049504750183N11958909WA0038600389
B0049514750183N11958909WA0038600389
B0049524750182N11958909WA0038600389
B0049534750182N11958909WA0038600389
B0049544750182N11958909WA0038600389
B0049554750182N11958909WA0038600389
B0049564750182N11958909WA0038600389
B0049574750182N11958909WA0038600389
B0049584750182N11958909WA0038600389
B0049594750182N11958909WA0038600389
B0050004750182N11958909WA0038600389
B0050014750182N11958909WA0038600389
B0050024750182N11958909WA0038600389
B0050034750182N11958909WA0038600389
B0050044750182N11958909WA0038600389
B0050054750182N11958909WA0038600389
B0050064750182N11958909WA0038600389
B0050074750182N11958909WA0038600389
B0050084750182N11958909WA0038600389
B0050094750183N11958909WA0038600389
B0050104750183N11958909WA0038600389
B0050114750183N11958909WA0038600389
B0050124750183N11958909WA0038600389
B0050134750182N11958909WA0038600389
B0050144750182N11958909WA0038600389
B0050154750182N11958909WA0038600389
B0050164750182N11958909WA0038600389
B0050174750182N11958909WA0038600389
B0050184750182N11958909WA0038600389
B0050194750182N11958909WA0038600389
B0050204750182N11958909WA0038600390
B0050214750182N11958909WA0038600390
B0050224750182N11958909WA0038600390
B0050234750182N11958909WA0038600390
B0050244750182N11958909WA0038600390
B0050254750182N11958909WA0038600390
B0050264750182N11958909WA0038600390
B0050274750182N11958909WA0038600390
B0050284750182N11958909WA0038600390
B0050294750182N11958909WA0038600390
B0050304750182N11958910WA0038600390
B0050314750182N11958910WA0038600391
B0050324750182N11958910WA0038600391
B0050334750182N11958910WA0038600391
B0050344750182N11958910WA0038600391
B0050354750182N11958910WA0038600391
B0050364750182N11958910WA0038600391
B0050374750182N11958910WA0038600391
B0050384750182N11958910WA0038600391
B0050394750182N11958910WA0038600391
B0050404750182N11958910WA0038600391
B0050414750182N11958910WA0038600391
B0050424750182N11958910WA0038600391
B0050434750182N11958910WA0038600392
B0050444750182N11958910WA0038600392
B0050454750182N11958910WA0038600392
B0050464750182N11958910WA0038600392
B0050474750182N11958910WA0038600392
B0050484750182N11958910WA0038600392
B0050494750182N11958910WA0038600392
B0050504750182N11958909WA0038600392
B0050514750182N11958909WA0038600392
B0050524750182N11958909WA0038600392
B0050534750182N11958909WA0038600392
B0050544750182N11958909WA0038600392
B0050554750182N11958909WA0038600392
B0050564750182N11958909WA0038600392
B0050574750182N11958909WA0038600392
B0050584750182N11958909WA0038600392
B0050594750182N11958909WA0038600392
B0051004750182N11958909WA0038600392
B0051014750182N11958909WA0038600392
B0051024750181N11958909WA0038600392
B0051034750181N11958909WA0038600392
B0051044750181N11958909WA0038600392
B0051054750181N11958909WA0038600392
B0051064750181N11958909WA0038600392
B0051074750181N11958909WA0038600392
B0051084750181N11958909WA0038600392
B0051094750181N11958909WA0038600392
B0051104750181N11958909WA0038600391
B0051114750181N11958909WA0038600391
B0051124750181N11958909WA0038600391
B0051134750181N11958909WA0038600391
B0051144750181N11958909WA0038600391
B0051154750181N11958909WA0038600391
B0051164750181N11958909WA0038600391
B0051174750181N11958909WA0038600391
B0051184750181N11958909WA0038600391
B0051194750181N11958909WA0038600391
B0051204750181N11958909WA0038600391
B0051214750181N11958909WA0038600390
B0051224750181N11958909WA0038600390
B0051234750181N11958909WA0038600390
B0051244750181N11958909WA0038600390
B0051254750181N11958909WA0038600390
B0051264750181N11958909WA0038600389
B0051274750181N11958909WA0038600389
B0051284750181N11958909WA0038600389
B0051294750181N11958909WA0038600389
B0051304750181N11958909WA0038600389
B0051314750181N11958909WA0038600389
B0051324750181N11958909WA0038600389
B0051334750181N11958909WA0038600389
B0051344750181N11958909WA0038600388
B0051354750182N11958909WA0038600388
B0051364750182N11958909WA0038600388
B0051374750182N11958909WA0038600388
B0051384750182N11958909WA0038600388
B0051394750182N11958909WA0038600388
B0051404750181N11958909WA0038600388
B0051414750181N11958909WA0038600388
B0051424750181N11958909WA0038600388
B0051434750181N11958909WA0038600388
B0051444750181N11958909WA0038600388
B0051454750181N11958909WA0038600388
B0051464750181N11958909WA0038600388
B0051474750181N11958909WA0038600387
B0051484750181N11958909WA0038600387
B0051494750181N11958909WA0038600387
B0051504750181N11958909WA0038600387
B0051514750181N11958910WA0038600387
B0051524750181N11958910WA0038600387
B0051534750181N11958910WA0038600387
B0051544750181N11958909WA0038600387
B0051554750182N11958909WA0038600387
B0051564750182N11958910WA0038600387
B0051574750182N11958909WA0038600387
B0051584750182N11958909WA0038600387
B0051594750182N11958909WA0038600387
B0052004750182N11958909WA0038600387
B0052014750182N11958909WA0038600387
B0052024750182N11958909WA0038600387
B0052034750182N11958909WA0038600386
B0052044750182N11958909WA0038600386
B0052054750182N11958909WA0038600386
B0052064750182N11958909WA0038600386
B0052074750182N11958909WA0038600386
B0052084750182N11958909WA0038600386
B0052094750182N11958909WA0038600386
B0052104750182N11958909WA0038600386
B0052114750182N11958909WA0038600386
B0052124750182N11958909WA0038600386
B0052134750182N11958909WA0038600386
B0052144750182N11958909WA0038600386
B0052154750182N11958909WA0038600386
B0052164750182N11958909WA0038600385
B0052174750182N11958909WA0038600385
B0052184750182N11958909WA0038600386
B0052194750182N11958909WA0038600386
B0052204750182N11958909WA0038600386
B0052214750182N11958909WA0038600386
B0052224750182N11958909WA0038600386
B0052234750182N11958909WA0038600386
B0052244750182N11958909WA0038600386
B0052254750182N11958909WA0038600386
B0052264750182N11958909WA0038600386
B0052274750182N11958909WA0038600386
B0052284750182N11958909WA0038600386
B0052294750182N11958909WA0038600386
B0052304750182N11958909WA0038600386
B0052314750182N11958909WA0038600386
B0052324750182N11958909WA0038600387
B0052334750182N11958909WA0038600387
B0052344750182N11958909WA0038600387
B0052354750182N11958909WA0038600387
B0052364750182N11958909WA0038600387
B0052374750182N11958909WA0038600387
B0052384750182N11958909WA0038600387
B0052394750182N11958909WA0038600387
B0052404750182N11958909WA0038600387
B0052414750182N11958909WA0038600387
B0052424750182N11958909WA0038600387
B0052434750182N11958909WA0038600387
B0052444750182N11958909WA0038600387
B0052454750182N11958909WA0038600387
B0052464750182N11958909WA0038600387
B0052474750182N11958909WA0038600387
B0052484750182N11958909WA0038600387
B0052494750182N11958909WA0038600387
B0052504750182N11958909WA0038600387
B0052514750182N11958909WA0038600388
B0052524750182N11958909WA0038600388
B0052534750181N11958909WA0038600388
B0052544750182N11958909WA0038600388
B0052554750182N11958909WA0038600388
B0052564750181N11958909WA0038600388
B0052574750181N11958909WA0038600388
B0052584750181N11958909WA0038600388
B0052594750181N11958909WA0038700388
B0053004750181N11958909WA0038700388
B0053014750181N11958909WA0038700388
B0053024750181N11958909WA0038700388
B0053034750181N11958909WA0038700388
B0053044750181N11958909WA0038700388
B0053054750181N11958909WA0038700388
B0053064750181N11958909WA0038700388
B0053074750181N11958909WA0038700388
B0053084750181N11958909WA0038700388
B0053094750181N11958909WA0038700388
B0053104750181N11958909WA0038700388
B0053114750181N11958909WA0038700388
B0053124750181N11958909WA0038700388
B0053134750181N11958909WA0038700388
B0053144750181N11958909WA0038700388
B0053154750181N11958909WA0038700388
B0053164750181N11958909WA0038700388
B0053174750181N11958909WA0038700389
B0053184750181N11958909WA0038700389
B0053194750181N11958909WA0038700389
B0053204750181N11958910WA0038700389
B0053214750181N11958910WA0038700389
B0053224750181N11958910WA0038700388
B0053234750181N11958910WA0038700388
B0053244750181N11958910WA0038700388
B0053254750181N11958910WA0038700388
B0053264750181N11958910WA0038700388
B0053274750181N11958910WA0038700388
B0053284750181N11958909WA0038700388
B0053294750181N11958909WA0038700388
B0053304750181N11958909WA0038700388
B0053314750181N11958909WA0038700388
B0053324750181N11958909WA0038700388
B0053334750181N11958909WA0038700388
B0053344750181N11958909WA0038700388
B0053354750181N11958909WA0038700388
B0053364750181N11958909WA0038700388
B0053374750181N11958909WA0038700388
B0053384750181N11958909WA0038700388
B0053394750181N11958909WA0038700388
B0053404750181N11958909WA0038700388
B0053414750181N11958909WA0038700388
B0053424750181N11958909WA0038700388
B0053434750181N11958909WA0038700388
B0053444750182N11958909WA0038700388
B0053454750182N11958909WA0038700388
B0053464750182N11958909WA0038700388
B0053474750182N11958909WA0038700388
B0053484750182N11958909WA0038700388
B0053494750182N11958909WA0038700388
B0053504750182N11958909WA0038700388
B0053514750182N11958909WA0038700388
B0053524750182N11958909WA0038700387
B0053534750182N11958909WA0038700388
B0053544750182N11958909WA0038700387
B0053554750182N11958909WA0038700387
B0053564750182N11958909WA0038700387
B0053574750182N11958910WA0038700387
B0053584750182N11958910WA0038700387
B0053594750182N11958910WA0038700387
B0054004750182N11958910WA0038700387
B0054014750182N11958910WA0038700387
B0054024750182N11958910WA0038700387
B0054034750182N11958910WA0038700388
B0054044750182N11958910WA0038700388
B0054054750182N11958910WA0038700388
B0054064750182N11958910WA0038700388
B0054074750182N11958910WA0038700388
B0054084750182N11958910WA0038700388
B0054094750182N11958910WA0038700388
B0054104750182N11958910WA0038700388
B0054114750182N11958910WA0038700388
B0054124750182N11958910WA0038700388
B0054134750182N11958910WA0038700388
B0054144750182N11958910WA0038700388
B0054154750182N11958910WA0038700388
B0054164750182N11958910WA0038700388
B0054174750182N11958910WA0038700388
B0054184750182N11958910WA0038700388
B0054194750182N11958910WA0038700389
B0054204750182N11958910WA0038700389
B0054214750182N11958910WA0038700389
B0054224750182N11958910WA0038700389
B0054234750182N11958910WA0038600389
B0054244750182N11958910WA0038600389
B0054254750182N11958910WA0038600389
B0054264750182N11958910WA0038700389
B0054274750182N11958910WA0038700389
B0054284750182N11958910WA0038700389
B0054294750182N11958910WA0038700389
B0054304750182N11958910WA0038700389
B0054314750182N11958910WA0038700389
B0054324750182N11958910WA0038700390
B0054334750182N11958910WA0038700390
B0054344750182N11958910WA0038700390
B0054354750182N11958910WA0038700390
B0054364750182N11958910WA0038700390
B0054374750182N11958910WA0038700390
B0054384750181N11958910WA0038700390
B0054394750181N11958910WA0038700390
B0054404750181N11958910WA0038700390
B0054414750181N11958910WA0038700390
B0054424750182N11958910WA0038700390
B0054434750182N11958910WA0038700390
B0054444750182N11958910WA0038700390
B0054454750182N11958910WA0038700390
B0054464750182N11958910WA0038700389
B0054474750182N11958910WA0038700389
B0054484750182N11958910WA0038700389
B0054494750182N11958910WA0038700389
B0054504750182N11958910WA0038700389
B0054514750182N11958910WA0038700389
B0054524750182N11958910WA0038700389
B0054534750182N11958910WA0038700389
B0054544750182N11958910WA0038700389
B0054554750182N11958910WA0038700389
B0054564750182N11958910WA0038700389
B0054574750182N11958910WA0038700389
B0054584750182N11958910WA0038700388
B0054594750182N11958910WA0038700388
B0055004750182N11958910WA0038700388
B0055014750182N11958910WA0038700388
B0055024750182N11958910WA0038700388
B0055034750182N11958910WA0038700388
B0055044750182N11958910WA0038700388
B0055054750182N11958910WA0038700388
B0055064750182N11958910WA0038700388
B0055074750182N11958910WA0038700388
B0055084750182N11958910WA0038700388
B0055094750182N11958910WA0038700388
B0055104750182N11958910WA0038700388
B0055114750182N11958910WA0038700388
B0055124750182N11958910WA0038700388
B0055134750182N11958910WA0038700388
B0055144750182N11958910WA0038700388
B0055154750182N11958910WA0038700388
B0055164750182N11958910WA0038700388
B0055174750182N11958910WA0038700388
B0055184750182N11958910WA0038700389
B0055194750182N11958910WA0038700389
B0055204750182N11958910WA0038700389
B0055214750182N11958910WA0038700389
B0055224750182N11958910WA0038700389
B0055234750182N11958910WA0038700389
B0055244750182N11958910WA0038700389
B0055254750182N11958910WA0038700389
B0055264750182N11958910WA0038700389
B0055274750182N11958910WA0038700388
B0055284750182N11958910WA0038700388
B0055294750182N11958910WA0038700388
B0055304750182N11958910WA0038700388
B0055314750182N11958910WA0038700388
B0055324750182N11958910WA0038700388
B0055334750182N11958910WA0038700388
B0055344750182N11958910WA0038700388
B0055354750182N11958910WA0038700388
B0055364750182N11958910WA0038600388
B0055374750182N11958910WA0038700388
B0055384750182N11958910WA0038700388
B0055394750182N11958910WA0038700388
B0055404750182N11958910WA0038700388
B0055414750182N11958910WA0038700388
B0055424750182N11958910WA0038700388
B0055434750182N11958910WA0038700388
B0055444750182N11958910WA0038700388
B0055454750182N11958910WA0038700388
B0055464750182N11958910WA0038700388
B0055474750182N11958910WA0038700388
B0055484750182N11958910WA0038700388
B0055494750182N11958910WA0038700388
B0055504750182N11958910WA0038700388
B0055514750182N11958910WA0038700388
B0055524750182N11958910WA0038700388
B0055534750182N11958910WA0038700388
B0055544750182N11958910WA0038700388
B0055554750182N11958910WA0038700388
B0055564750182N11958910WA0038700389
B0055574750182N11958910WA0038700389
B0055584750182N11958910WA0038700389
B0055594750182N11958910WA0038700389
B0056004750182N11958910WA0038700389
B0056014750182N11958910WA0038700389
B0056024750182N11958910WA0038700389
B0056034750182N11958910WA0038700389
B0056044750182N11958910WA0038700389
B0056054750182N11958910WA0038700389
B0056064750182N11958910WA0038700389
B0056074750182N11958910WA0038700389
B0056084750182N11958910WA0038700389
B0056094750182N11958910WA0038700389
B0056104750181N11958910WA0038700389
B0056114750181N11958910WA0038700389
B0056124750181N11958910WA0038700389
B0056134750181N11958910WA0038700389
B0056144750181N11958910WA0038700389
B0056154750181N11958910WA0038700389
B0056164750181N11958910WA0038700389
B0056174750181N11958910WA0038700389
B0056184750181N11958910WA0038700390
B0056194750181N11958910WA0038700390
B0056204750181N11958910WA0038700390
B0056214750181N11958910WA0038700390
B0056224750181N11958910WA0038700390
B0056234750181N11958910WA0038700390
B0056244750181N11958910WA0038700390
B0056254750181N11958910WA0038700390
B0056264750181N11958910WA0038700390
B0056274750181N11958910WA0038700390
B0056284750181N11958910WA0038700390
B0056294750181N11958910WA0038700390
B0056304750181N11958910WA0038700390
B0056314750181N11958910WA0038700390
B0056324750181N11958910WA0038700390
B0056334750181N11958910WA0038700389
B0056344750181N11958910WA0038700389
B0056354750181N11958910WA0038700389
B0056364750181N11958910WA0038700389
B0056374750181N11958910WA0038700389
B0056384750181N11958910WA0038700389
B0056394750181N11958910WA0038700389
B0056404750181N11958910WA0038700389
B0056414750181N11958910WA0038700389
B0056424750181N11958910WA0038700389
B0056434750181N11958910WA0038700388
B0056444750181N11958910WA0038700388
B0056454750181N11958910WA0038700388
B0056464750181N11958910WA0038700388
B0056474750181N11958910WA0038700388
B0056484750181N11958910WA0038700388
B0056494750181N11958910WA0038700388
B0056504750181N11958910WA0038700388
B0056514750181N11958910WA0038700388
B0056524750181N11958910WA0038700388
B0056534750181N11958910WA0038700388
B0056544750181N11958910WA0038700388
B0056554750181N11958910WA0038700388
B0056564750181N11958910WA0038700388
B0056574750181N11958910WA0038700388
B0056584750181N11958910WA0038700388
B0056594750181N11958910WA0038700388
B0057004750181N11958910WA0038700388
B0057014750181N11958910WA0038700388
B0057024750181N11958910WA0038700388
B0057034750181N11958910WA0038700388
B0057044750181N11958910WA0038700388
B0057054750181N11958910WA0038700388
B0057064750181N11958910WA0038700388
B0057074750181N11958910WA0038700388
B0057084750181N11958910WA0038700389
B0057094750181N11958910WA0038700389
B0057104750181N11958910WA0038700389
B0057114750181N11958910WA0038700389
B0057124750181N11958910WA0038700389
B0057134750181N11958910WA0038700389
B0057144750181N11958910WA0038700389
B0057154750182N11958910WA0038700388
B0057164750182N11958910WA0038700388
B0057174750182N11958910WA0038700388
B0057184750182N11958910WA0038700388
B0057194750182N11958910WA0038700388
B0057204750182N11958910WA0038700388
B0057214750182N11958910WA0038700388
B0057224750182N11958910WA0038700388
B0057234750182N11958910WA0038700388
B0057244750182N11958910WA0038700388
B0057254750181N11958910WA0038700388
B0057264750181N11958910WA0038700388
B0057274750181N11958910WA0038700388
B0057284750181N11958910WA0038700388
B0057294750181N11958910WA0038700388
B0057304750181N11958910WA0038700388
B0057314750181N11958910WA0038700388
B0057324750181N11958910WA0038700388
B0057334750181N11958910WA0038700388
B0057344750181N11958910WA0038700388
B0057354750181N11958910WA0038700388
B0057364750181N11958910WA0038700388
B0057374750181N11958911WA0038700388
B0057384750181N11958911WA0038700388
B0057394750181N11958911WA0038700388
B0057404750181N11958911WA0038700388
B0057414750181N11958911WA0038700388
B0057424750181N11958911WA0038700388
B0057434750181N11958911WA0038700388
B0057444750181N11958911WA0038700388
B0057454750181N11958911WA0038700388
B0057464750181N11958911WA0038700388
B0057474750181N11958911WA0038700388
B0057484750181N11958911WA0038700388
B0057494750181N11958911WA0038700388
B0057504750181N11958911WA0038700388
B0057514750181N11958911WA0038700388
B0057524750182N11958911WA0038700388
B0057534750182N11958911WA0038700388
B0057544750182N11958911WA0038700388
B0057554750182N11958911WA0038700387
B0057564750182N11958911WA0038700387
B0057574750182N11958911WA0038700387
B0057584750182N11958911WA0038700387
B0057594750182N11958911WA0038700387
B0058004750182N11958911WA0038700387
B0058014750182N11958911WA0038700387
B0058024750182N11958911WA0038700386
B0058034750182N11958911WA0038700387
B0058044750182N11958911WA0038700387
B0058054750182N11958911WA0038700386
B0058064750182N11958911WA0038700386
B0058074750182N11958911WA0038700387
B0058084750182N11958911WA0038700387
B0058094750182N11958911WA0038700387
B0058104750182N11958911WA0038700387
B0058114750182N11958911WA0038700387
B0058124750182N11958911WA0038700387
B0058134750182N11958911WA0038700388
B0058144750182N11958911WA0038700388
B0058154750182N11958911WA0038700388
B0058164750182N11958911WA0038700388
B0058174750181N11958911WA0038700388
B0058184750181N11958911WA0038700388
B0058194750181N11958911WA0038700388
B0058204750181N11958911WA0038700388
B0058214750181N11958911WA0038700388
B0058224750181N11958911WA0038700388
B0058234750181N11958911WA0038700388
B0058244750181N11958911WA0038700388
B0058254750181N11958911WA0038700388
B0058264750181N11958911WA0038700388
B0058274750181N11958911WA0038700388
B0058284750181N11958911WA0038700389
B0058294750181N11958911WA0038700388
B0058304750181N11958911WA0038700388
B0058314750181N11958911WA0038700388
B0058324750181N11958911WA0038700388
B0058334750181N11958911WA0038700388
B0058344750181N11958911WA0038700388
B0058354750181N11958911WA0038700388
B0058364750181N11958911WA0038700388
B0058374750181N11958911WA0038700388
B0058384750181N11958911WA0038700388
B0058394750181N11958911WA0038700388
B0058404750181N11958911WA0038700388
B0058414750181N11958911WA0038700388
B0058424750181N11958911WA0038700388
B0058434750181N11958911WA0038700388
B0058444750181N11958911WA0038700388
B0058454750181N11958911WA0038700388
B0058464750181N11958911WA0038700388
B0058474750181N11958911WA0038700388
B0058484750181N11958911WA0038700388
B0058494750181N11958911WA0038700388
B0058504750181N11958911WA0038700388
B0058514750181N11958911WA0038700388
B0058524750181N11958911WA0038700388
B0058534750181N11958911WA0038700388
B0058544750181N11958911WA0038700388
B0058554750181N11958912WA0038700388
B0058564750181N11958912WA0038700388
B0058574750181N11958912WA0038700388
B0058584750181N11958912WA0038700388
B0058594750181N11958912WA0038700388
B0059004750181N11958912WA0038700388
B0059014750181N11958911WA0038700388
B0059024750181N11958911WA0038700388
B0059034750181N11958911WA0038700388
B0059044750181N11958911WA0038700388
B0059054750181N11958911WA0038700388
B0059064750181N11958911WA0038700388
B0059074750181N11958911WA0038700388
B0059084750181N11958911WA0038700388
B0059094750181N11958911WA0038700388
B0059104750181N11958911WA0038700388
B0059114750181N11958911WA0038700388
B0059124750181N11958911WA0038700388
B0059134750181N11958911WA0038700388
B0059144750181N11958911WA0038700388
B0059154750181N11958911WA0038700388
B0059164750181N11958911WA0038700388
B0059174750181N11958911WA0038700388
B0059184750181N11958911WA0038700388
B0059194750181N11958911WA0038700388
B0059204750181N11958911WA0038700388
B0059214750181N11958911WA0038700387
B0059224750181N11958911WA0038700387
B0059234750181N11958911WA0038700387
B0059244750181N11958911WA0038700387
B0059254750181N11958911WA0038700387
B0059264750181N11958911WA0038700387
B0059274750181N11958911WA0038700387
B0059284750181N11958911WA0038700387
B0059294750181N11958911WA0038700387
B0059304750181N11958911WA0038700387
B0059314750181N11958911WA0038700387
B0059324750181N11958911WA0038700387
B0059334750181N11958911WA0038700387
B0059344750181N11958911WA0038700387
B0059354750181N11958911WA0038700387
B0059364750181N11958911WA0038700387
B0059374750181N11958911WA0038700387
B0059384750181N11958911WA0038700387
B0059394750181N11958911WA0038700387
B0059404750181N11958911WA0038700387
B0059414750181N11958911WA0038700387
B0059424750181N11958911WA0038700387
B0059434750181N11958911WA0038700387
B0059444750181N11958911WA0038700387
B0059454750181N11958911WA0038700387
B0059464750181N11958911WA0038700387
B0059474750181N11958911WA0038700387
B0059484750181N11958911WA0038700387
B0059494750181N11958911WA0038700387
B0059504750181N11958911WA0038700387
B0059514750181N11958911WA0038700387
B0059524750181N11958911WA0038700387
B0059534750181N11958911WA0038700387
B0059544750181N11958911WA0038700387
B0059554750181N11958911WA0038700387
B0059564750181N11958911WA0038700387
B0059574750181N11958911WA0038700387
B0059584750181N11958911WA0038700387
B0059594750181N11958911WA0038700387
B0100004750181N11958911WA0038700387
B0100014750181N11958911WA0038700387
B0100024750181N11958911WA0038700387
B0100034750181N11958911WA0038700387
B0100044750181N11958911WA0038700387
B0100054750181N11958911WA0038700387
B0100064750181N11958911WA0038700387
B0100074750181N11958911WA0038700387
B0100084750181N11958911WA0038700387
B0100094750181N11958911WA0038700387
B0100104750181N11958911WA0038700387
B0100114750181N11958911WA0038700387
B0100124750181N11958911WA0038700387
B0100134750181N11958911WA0038700387
B0100144750181N11958911WA0038700387
B0100154750181N11958911WA0038700387
B0100164750181N11958911WA0038700387
B0100174750181N11958911WA0038700387
B0100184750181N11958911WA0038700387
B0100194750181N11958911WA0038700387
B0100204750181N11958911WA0038700387
B0100214750181N11958911WA0038700387
B0100224750181N11958911WA0038700387
B0100234750181N11958911WA0038700387
B0100244750181N11958911WA0038700387
B0100254750181N11958911WA0038700387
B0100264750181N11958911WA0038700387
B0100274750181N11958911WA0038700387
B0100284750181N11958911WA0038700387
B0100294750181N11958911WA0038700387
B0100304750181N11958911WA0038700387
B0100314750181N11958911WA0038700387
B0100324750181N11958911WA0038700387
B0100334750181N11958911WA0038700387
B0100344750181N11958911WA0038700386
B0100354750181N11958911WA0038700386
B0100364750181N11958911WA0038700386
B0100374750181N11958911WA0038700386
B0100384750181N11958911WA0038700386
B0100394750181N11958911WA0038700386
B0100404750181N11958911WA0038700386
B0100414750181N11958911WA0038700386
B0100424750181N11958911WA0038700386
B0100434750181N11958911WA0038700386
B0100444750181N11958911WA0038700386
B0100454750181N11958911WA0038700386
B0100464750181N11958911WA0038700386
B0100474750181N11958911WA0038700386
B0100484750181N11958911WA0038700386
B0100494750181N11958911WA0038700386
B0100504750181N11958911WA0038700386
B0100514750181N11958911WA0038700386
B0100524750181N11958911WA0038700386
B0100534750181N11958911WA0038700386
B0100544750181N11958910WA0038700386
B0100554750181N11958910WA0038700386
B0100564750181N11958910WA0038700386
B0100574750181N11958910WA0038700386
B0100584750181N11958910WA0038700386
B0100594750181N11958910WA0038700386
B0101004750181N11958910WA0038700385
B0101014750181N11958910WA0038700385
B0101024750181N11958910WA0038700385
B0101034750181N11958910WA0038700385
B0101044750181N11958910WA0038700385
B0101054750181N11958910WA0038700385
B0101064750181N11958910WA0038700385
B0101074750181N11958910WA0038700385
B0101084750181N11958910WA0038700385
B0101094750181N11958910WA0038700385
B0101104750181N11958910WA0038700385
B0101114750181N11958910WA0038700385
B0101124750181N11958910WA0038700385
B0101134750181N11958910WA0038700385
B0101144750181N11958910WA0038700385
B0101154750181N11958910WA0038700384
B0101164750181N11958910WA0038700384
B0101174750181N11958910WA0038700384
B0101184750181N11958910WA0038700384
B0101194750181N11958910WA0038700384
B0101204750181N11958910WA0038700384
B0101214750181N11958910WA0038700384
B0101224750181N11958910WA0038700384
B0101234750181N11958910WA0038700383
B0101244750181N11958910WA0038700383
B0101254750181N11958910WA0038700383
B0101264750181N11958910WA0038700383
B0101274750181N11958910WA0038700383
B0101284750182N11958910WA0038700383
B0101294750182N11958910WA0038700383
B0101304750182N11958910WA0038700383
B0101314750182N11958910WA0038700383
B0101324750182N11958910WA0038700383
B0101334750182N11958910WA0038700383
B0101344750182N11958910WA0038700383
B0101354750182N11958910WA0038700383
B0101364750182N11958910WA0038700383
B0101374750182N11958910WA0038700383
B0101384750182N11958910WA0038700383
B0101394750182N11958910WA0038700383
B0101404750182N11958910WA0038700383
B0101414750182N11958910WA0038700383
B0101424750181N11958910WA0038700383
B0101434750181N11958910WA0038700383
B0101444750181N11958910WA0038700383
B0101454750181N11958910WA0038700383
B0101464750181N11958910WA0038700383
B0101474750181N11958910WA0038700383
B0101484750181N11958910WA0038700383
B0101494750181N11958910WA0038700383
B0101504750181N11958910WA0038700383
B0101514750181N11958910WA0038700383
B0101524750181N11958910WA0038700383
B0101534750181N11958910WA0038700383
B0101544750181N11958910WA0038700383
B0101554750181N11958910WA0038700383
B0101564750181N11958910WA0038700383
B0101574750181N11958910WA0038700383
B0101584750181N11958910WA0038700383
B0101594750181N11958910WA0038700383
B0102004750182N11958910WA0038700383
B0102014750182N11958910WA0038700383
B0102024750182N11958910WA0038700383
B0102034750182N11958910WA0038700383
B0102044750182N11958910WA0038700383
B0102054750182N11958910WA0038700382
B0102064750182N11958910WA0038700382
B0102074750182N11958910WA0038700382
B0102084750182N11958910WA0038700382
B0102094750182N11958910WA0038700382
B0102104750182N11958910WA0038700382
B0102114750182N11958910WA0038700382
B0102124750182N11958911WA0038700382
B0102134750182N11958911WA0038700382
B0102144750182N11958911WA0038700382
B0102154750182N11958911WA0038700382
B0102164750182N11958911WA0038700382
B0102174750182N11958911WA0038700382
B0102184750182N11958911WA0038700382
B0102194750182N11958911WA0038700382
B0102204750182N11958911WA0038700383
B0102214750182N11958911WA0038700383
B0102224750182N11958911WA0038700383
B0102234750182N11958911WA0038700383
B0102244750182N11958911WA0038700383
B0102254750182N11958911WA0038700383
B0102264750182N11958911WA0038700383
B0102274750182N11958911WA0038700384
B0102284750182N11958911WA0038700384
B0102294750181N11958911WA0038700384
B0102304750181N11958911WA0038700384
B0102314750181N11958911WA0038700384
B0102324750181N11958911WA0038700384
B0102334750181N11958911WA0038700385
B0102344750181N11958910WA0038700385
B0102354750181N11958910WA0038700385
B0102364750181N11958910WA0038700385
B0102374750181N11958910WA0038700385
B0102384750181N11958910WA0038700386
B0102394750181N11958910WA0038700386
B0102404750181N11958910WA0038700386
B0102414750181N11958910WA0038700386
B0102424750181N11958910WA0038700386
B0102434750181N11958910WA0038700386
B0102444750181N11958910WA0038700386
B0102454750181N11958910WA0038700386
B0102464750181N11958910WA0038700386
B0102474750181N11958910WA0038700386
B0102484750181N11958910WA0038700386
B0102494750181N11958910WA0038700386
B0102504750181N11958910WA0038700386
B0102514750181N11958910WA0038700386
B0102524750181N11958910WA0038700386
B0102534750181N11958910WA0038700386
B0102544750181N11958910WA0038700386
B0102554750181N11958910WA0038700386
B0102564750181N11958910WA0038700386
B0102574750181N11958910WA0038700386
B0102584750181N11958910WA0038700386
B0102594750181N11958910WA0038700386
B0103004750181N11958910WA0038700386
B0103014750181N11958910WA0038700386
B0103024750181N11958910WA0038700386
B0103034750181N11958910WA0038700386
B0103044750181N11958910WA0038700386
B0103054750181N11958910WA0038700386
B0103064750181N11958910WA0038700386
B0103074750181N11958910WA0038700386
B0103084750181N11958910WA0038700386
B0103094750181N11958910WA0038700386
B0103104750181N11958910WA0038700386
B0103114750181N11958910WA0038700386
B0103124750181N11958910WA0038700386
B0103134750181N11958911WA0038700386
B0103144750181N11958911WA0038700386
B0103154750181N11958911WA0038700386
B0103164750181N11958911WA0038700386
B0103174750181N11958911WA0038700386
B0103184750181N11958911WA0038700386
B0103194750181N11958911WA0038700386
B0103204750181N11958911WA0038700386
B0103214750181N11958911WA0038700386
B0103224750181N11958910WA0038700386
B0103234750181N11958910WA0038700386
B0103244750182N11958910WA0038700386
B0103254750182N11958910WA0038700386
B0103264750182N11958910WA0038700386
B0103274750182N11958910WA0038700386
B0103284750182N11958910WA0038700385
B0103294750182N11958910WA0038700385
B0103304750182N11958910WA0038700385
B0103314750182N11958910WA0038700385
B0103324750182N11958910WA0038700385
B0103334750182N11958910WA0038700385
B0103344750182N11958910WA0038700385
B0103354750182N11958910WA0038700385
B0103364750182N11958910WA0038700385
B0103374750182N11958910WA0038700385
B0103384750182N11958910WA0038700385
B0103394750182N11958910WA0038700385
B0103404750182N11958910WA0038700385
B0103414750182N11958910WA0038700385
B0103424750182N11958910WA0038700385
B0103434750182N11958910WA0038700385
B0103444750182N11958910WA0038700385
B0103454750182N11958910WA0038700385
B0103464750182N11958910WA0038700386
B0103474750182N11958910WA0038700386
B0103484750182N11958910WA0038700386
B0103494750182N11958910WA0038700386
B0103504750182N11958910WA0038700386
B0103514750182N11958910WA0038700386
B0103524750182N11958910WA0038700386
B0103534750182N11958910WA0038700386
B0103544750182N11958910WA0038700386
B0103554750182N11958910WA0038700386
B0103564750182N11958910WA0038700387
B0103574750182N11958910WA0038700387
B0103584750182N11958910WA0038700387
B0103594750182N11958910WA0038700387
B0104004750182N11958910WA0038700387
B0104014750182N11958910WA0038700387
B0104024750182N11958910WA0038700387
B0104034750182N11958910WA0038700387
B0104044750182N11958910WA0038700387
B0104054750182N11958910WA0038700387
B0104064750182N11958910WA0038700387
B0104074750182N11958910WA0038700387
B0104084750182N11958910WA0038700387
B0104094750182N11958910WA0038700387
B0104104750182N11958910WA0038700388
B0104114750182N11958910WA0038700388
B0104124750182N11958910WA0038700388
B0104134750181N11958909WA0038700388
B0104144750181N11958909WA0038700388
B0104154750181N11958909WA0038700388
B0104164750181N11958909WA0038700388
B0104174750181N11958909WA0038700388
B0104184750181N11958909WA0038700388
B0104194750181N11958909WA0038700388
B0104204750181N11958909WA0038700388
B0104214750181N11958909WA0038700388
B0104224750181N11958909WA0038700388
B0104234750181N11958909WA0038700388
B0104244750181N11958909WA0038700388
B0104254750181N11958909WA0038700388
B0104264750181N11958909WA0038700388
B0104274750181N11958909WA0038700388
B0104284750181N11958909WA0038700388
B0104294750181N11958909WA0038700388
B0104304750181N11958909WA0038700388
B0104314750181N11958909WA0038700388
B0104324750181N11958909WA0038700388
B0104334750181N11958909WA0038700388
B0104344750181N11958909WA0038700388
B0104354750181N11958909WA0038700388
B0104364750181N11958909WA0038700388
B0104374750181N11958909WA0038700388
B0104384750181N11958909WA0038700388
B0104394750181N11958909WA0038700388
B0104404750181N11958909WA0038700388
B0104414750181N11958909WA0038700388
B0104424750181N11958909WA0038700389
B0104434750181N11958909WA0038700389
B0104444750182N11958909WA0038700389
B0104454750182N11958909WA0038700389
B0104464750182N11958909WA0038700389
B0104474750182N11958909WA0038700388
B0104484750181N11958909WA0038700388
B0104494750181N11958909WA0038700388
B0104504750181N11958909WA0038700388
B0104514750181N11958909WA0038700388
B0104524750181N11958909WA0038700388
B0104534750181N11958909WA0038700388
B0104544750181N11958910WA0038700388
B0104554750181N11958910WA0038700388
B0104564750181N11958910WA0038700388
B0104574750181N11958910WA0038700388
B0104584750181N11958910WA0038700388
B0104594750181N11958910WA0038700388
B0105004750181N11958910WA0038700388
B0105014750181N11958910WA0038700387
B0105024750181N11958910WA0038700387
B0105034750181N11958910WA0038700387
B0105044750181N11958910WA0038700387
B0105054750181N11958910WA0038700387
B0105064750181N11958910WA0038700387
B0105074750181N11958910WA0038700387
B0105084750181N11958910WA0038700387
B0105094750181N11958910WA0038700387
B0105104750181N11958910WA0038700387
B0105114750181N11958910WA0038700387
B0105124750181N11958909WA0038700387
B0105134750181N11958909WA0038700387
B0105144750181N11958909WA0038700387
B0105154750181N11958909WA0038700387
B0105164750181N11958909WA0038700387
B0105174750181N11958909WA0038700387
B0105184750181N11958909WA0038700387
B0105194750181N11958909WA0038700387
B0105204750181N11958909WA0038700387
B0105214750181N11958909WA0038700387
B0105224750181N11958909WA0038700387
B0105234750181N11958909WA0038700387
B0105244750181N11958909WA0038700387
B0105254750181N11958909WA0038700387
B0105264750181N11958909WA0038700386
B0105274750181N11958909WA0038700386
B0105284750181N11958909WA0038700386
B0105294750181N11958909WA0038700386
B0105304750181N11958909WA0038700386
B0105314750181N11958909WA0038700386
B0105324750181N11958909WA0038700386
B0105334750181N11958909WA0038700386
B0105344750181N11958909WA0038700386
B0105354750182N11958910WA0038700386
B0105364750182N11958910WA0038700386
B0105374750182N11958910WA0038700387
B0105384750182N11958910WA0038700386
B0105394750182N11958910WA0038700386
B0105404750182N11958910WA0038700386
B0105414750182N11958910WA0038700386
B0105424750182N11958910WA0038700386
B0105434750182N11958910WA0038700386
B0105444750183N11958911WA0038700386
B0105454750183N11958911WA0038700386
B0105464750183N11958911WA0038700386
B0105474750183N11958911WA0038700386
B0105484750183N11958911WA0038700386
B0105494750183N11958911WA0038700386
B0105504750182N11958911WA0038700386
B0105514750182N11958911WA0038700386
B0105524750182N11958911WA0038700386
B0105534750182N11958911WA0038700387
B0105544750182N11958911WA0038700387
B0105554750182N11958911WA0038700387
B0105564750182N11958911WA0038700387
B0105574750182N11958911WA0038700387
B0105584750182N11958911WA0038700387
B0105594750182N11958911WA0038700387
B0106004750182N11958911WA0038700387
B0106014750182N11958911WA0038700387
B0106024750182N11958911WA0038700387
B0106034750182N11958911WA0038700387
B0106044750182N11958911WA0038700387
B0106054750182N11958911WA0038700387
B0106064750182N11958911WA0038700387
B0106074750182N11958911WA0038700387
B0106084750182N11958911WA0038700387
B0106094750182N11958911WA0038700387
B0106104750182N11958911WA0038700387
B0106114750182N11958911WA0038700387
B0106124750182N11958911WA0038700387
B0106134750182N11958911WA0038700387
B0106144750182N11958911WA0038700387
B0106154750182N11958911WA0038700387
B0106164750182N11958911WA0038700387
B0106174750182N11958911WA0038700387
B0106184750182N11958911WA0038700387
B0106194750182N11958911WA0038700386
B0106204750182N11958911WA0038700386
B0106214750182N11958911WA0038700386
B0106224750182N11958911WA0038700386
B0106234750182N11958911WA0038700386
B0106244750182N11958911WA0038700386
B0106254750182N11958911WA0038700387
B0106264750182N11958911WA0038700387
B0106274750182N11958911WA0038700387
B0106284750182N11958911WA0038700387
B0106294750182N11958911WA0038700387
B0106304750182N11958911WA0038700387
B0106314750182N11958911WA0038700387
B0106324750182N11958911WA0038700387
B0106334750182N11958911WA0038700387
B0106344750182N11958911WA0038700387
B0106354750182N11958911WA0038700387
B0106364750182N11958911WA0038700387
B0106374750182N11958911WA0038700387
B0106384750182N11958911WA0038700387
B0106394750182N11958911WA0038700387
B0106404750182N11958911WA0038700387
B0106414750182N11958911WA0038700387
B0106424750182N11958911WA0038700387
B0106434750182N11958911WA0038700387
B0106444750182N11958911WA0038700387
B0106454750182N11958911WA0038700387
B0106464750182N11958911WA0038700387
B0106474750182N11958911WA0038700387
B0106484750182N11958911WA0038700387
B0106494750182N11958911WA0038700387
B0106504750182N11958911WA0038700387
B0106514750182N11958911WA0038700386
B0106524750182N11958911WA0038700386
B0106534750182N11958911WA0038700386
B0106544750182N11958911WA0038700386
B0106554750182N11958911WA0038700386
B0106564750182N11958911WA0038700386
B0106574750182N11958911WA0038700386
B0106584750182N11958911WA0038700385
B0106594750182N11958911WA0038700385
B0107004750182N11958911WA0038700385
B0107014750182N11958911WA0038700385
B0107024750182N11958911WA0038700385
B0107034750182N11958911WA0038700385
B0107044750182N11958911WA0038700385
B0107054750182N11958911WA0038700385
B0107064750183N11958911WA0038700385
B0107074750183N11958911WA0038700385
B0107084750183N11958911WA0038700385
B0107094750183N11958911WA0038700385
B0107104750183N11958911WA0038700385
B0107114750183N11958911WA0038700385
B0107124750183N11958911WA0038700385
B0107134750183N11958911WA0038700385
B0107144750183N11958911WA0038700385
B0107154750183N11958911WA0038700385
B0107164750183N11958911WA0038700385
B0107174750183N11958911WA0038700385
B0107184750183N11958911WA0038700385
B0107194750183N11958911WA0038700385
B0107204750183N11958911WA0038700385
B0107214750183N11958911WA0038700385
B0107224750183N11958911WA0038700385
B0107234750183N11958911WA0038700385
B0107244750183N11958911WA0038700385
B0107254750183N11958911WA0038700385
B0107264750183N11958911WA0038700385
B0107274750183N11958911WA0038700385
B0107284750183N11958911WA0038700385
B0107294750183N11958911WA0038700385
B0107304750183N11958911WA0038800386
B0107314750183N11958911WA0038800386
B0107324750183N11958911WA0038800386
B0107334750183N11958911WA0038800386
B0107344750183N11958911WA0038800386
B0107354750183N11958911WA0038800386
B0107364750183N11958911WA0038800386
B0107374750182N11958911WA0038800386
B0107384750182N11958911WA0038800385
B0107394750182N11958911WA0038800385
B0107404750182N11958911WA0038800385
B0107414750182N11958911WA0038800385
B0107424750182N11958911WA0038800385
B0107434750182N11958911WA0038800385
B0107444750182N11958911WA0038800385
B0107454750182N11958911WA0038800385
B0107464750182N11958911WA0038800385
B0107474750182N11958911WA0038800385
B0107484750182N11958911WA0038800385
B0107494750182N11958911WA0038800385
B0107504750182N11958911WA0038800385
B0107514750182N11958911WA0038800384
B0107524750182N11958911WA0038800384
B0107534750182N11958911WA0038800384
B0107544750182N11958911WA0038800384
B0107554750182N11958910WA0038800384
B0107564750182N11958910WA0038800384
B0107574750182N11958910WA0038800384
B0107584750182N11958910WA0038800384
B0107594750182N11958910WA0038800384
B0108004750182N11958910WA0038800384
B0108014750182N11958910WA0038800384
B0108024750182N11958910WA0038800384
B0108034750182N11958910WA0038800384
B0108044750182N11958910WA0038800384
B0108054750182N11958911WA0038800384
B0108064750182N11958911WA0038800384
B0108074750182N11958911WA0038800384
B0108084750182N11958911WA0038800384
B0108094750182N11958911WA0038800384
B0108104750182N11958911WA0038800384
B0108114750182N11958911WA0038800385
B0108124750182N11958911WA0038800385
B0108134750182N11958911WA0038800385
B0108144750182N11958911WA0038800385
B0108154750182N11958911WA0038800385
B0108164750182N11958911WA0038800385
B0108174750182N11958911WA0038800385
B0108184750182N11958911WA0038800385
B0108194750182N11958911WA0038800386
B0108204750182N11958911WA0038800386
B0108214750182N11958911WA0038800386
B0108224750182N11958911WA0038800386
B0108234750182N11958911WA0038800386
B0108244750182N11958911WA0038800386
B0108254750182N11958911WA0038800386
B0108264750183N11958911WA0038800386
B0108274750183N11958911WA0038800386
B0108284750183N11958911WA0038800386
B0108294750183N11958911WA0038800386
B0108304750183N11958911WA0038800386
B0108314750183N11958911WA0038800387
B0108324750183N11958911WA0038800387
B0108334750183N11958911WA0038800387
B0108344750183N11958911WA0038800387
B0108354750183N11958911WA0038800387
B0108364750183N11958911WA0038800387
B0108374750183N11958911WA0038800387
B0108384750183N11958911WA0038800387
B0108394750183N11958911WA0038800387
B0108404750183N11958911WA0038800387
B0108414750183N11958911WA0038800387
B0108424750183N11958911WA0038800387
B0108434750183N11958911WA0038800387
B0108444750183N11958911WA0038800387
B0108454750183N11958911WA0038800387
B0108464750183N11958911WA0038800387
B0108474750183N11958911WA0038800387
B0108484750183N11958911WA0038800387
B0108494750183N11958911WA0038800387
B0108504750183N11958911WA0038800387
B0108514750183N11958911WA0038800387
B0108524750183N11958911WA0038800387
B0108534750183N11958910WA0038800387
B0108544750183N11958910WA0038800387
B0108554750183N11958910WA0038800387
B0108564750183N11958910WA0038800387
B0108574750183N11958910WA0038800386
B0108584750183N11958910WA0038800386
B0108594750183N11958910WA0038800386
B0109004750183N11958910WA0038800386
B0109014750183N11958910WA0038800386
B0109024750183N11958910WA0038800386
B0109034750183N11958910WA0038800386
B0109044750183N11958910WA0038800386
B0109054750183N11958910WA0038800386
B0109064750183N11958910WA0038800386
B0109074750183N11958910WA0038800386
B0109084750183N11958910WA0038800386
B0109094750183N11958910WA0038800386
B0109104750183N11958910WA0038800386
B0109114750183N11958910WA0038800386
B0109124750183N11958910WA0038800386
B0109134750183N11958910WA0038800386
B0109144750183N11958910WA0038800386
B0109154750183N11958910WA0038800386
B0109164750183N11958910WA0038800386
B0109174750183N11958910WA0038800386
B0109184750183N11958910WA0038800386
B0109194750183N11958910WA0038800386
B0109204750184N11958910WA0038800386
B0109214750184N11958910WA0038800387
B0109224750184N11958910WA0038800387
B0109234750184N11958910WA0038800387
B0109244750184N11958910WA0038800387
B0109254750184N11958910WA0038800387
B0109264750184N11958910WA0038800388
B0109274750184N11958910WA0038800388
B0109284750184N11958909WA0038800388
B0109294750184N11958909WA0038800389
B0109304750184N11958909WA0038800389
B0109314750184N11958909WA0038800389
B0109324750184N11958909WA0038800389
B0109334750184N11958909WA0038800389
B0109344750184N11958909WA0038800389
B0109354750184N11958909WA0038800390
B0109364750184N11958909WA0038800390
B0109374750184N11958909WA0038800390
B0109384750184N11958909WA0038800390
B0109394750184N11958909WA0038800390
B0109404750184N11958908WA0038800390
B0109414750184N11958908WA0038800390
B0109424750184N11958908WA0038800390
B0109434750184N11958908WA0038800390
B0109444750184N11958908WA0038800390
B0109454750184N11958908WA0038800391
B0109464750184N11958908WA0038800391
B0109474750184N11958908WA0038800391
B0109484750184N11958908WA0038800392
B0109494750184N11958908WA0038800392
B0109504750184N11958908WA0038800392
B0109514750184N11958908WA0038800392
B0109524750184N11958908WA0038800392
B0109534750184N11958908WA0038800392
B0109544750184N11958908WA0038800392
B0109554750184N11958908WA0038800392
B0109564750184N11958908WA0038800392
B0109574750184N11958908WA0038800392
B0109584750184N11958908WA0038800392
B0109594750183N11958908WA0038800392
B0110004750183N11958908WA0038800392
B0110014750183N11958908WA0038800392
B0110024750183N11958908WA0038800392
B0110034750183N11958908WA0038800391
B0110044750183N11958908WA0038800391
B0110054750183N11958908WA0038800391
B0110064750183N11958908WA0038800391
B0110074750183N11958908WA0038800391
B0110084750183N11958908WA0038800391
B0110094750183N11958908WA0038800391
B0110104750183N11958908WA0038800391
B0110114750183N11958908WA0038800391
B0110124750183N11958908WA0038800391
B0110134750183N11958908WA0038800390
B0110144750183N11958908WA0038800390
B0110154750183N11958908WA0038800390
B0110164750183N11958908WA0038800390
B0110174750183N11958908WA0038800390
B0110184750183N11958908WA0038800390
B0110194750183N11958908WA0038800389
B0110204750183N11958908WA0038800389
B0110214750183N11958909WA0038800388
B0110224750183N11958908WA0038800388
B0110234750183N11958908WA0038800387
B0110244750183N11958908WA0038800387
B0110254750183N11958908WA0038800387
B0110264750183N11958908WA0038800387
B0110274750183N11958908WA0038800387
B0110284750183N11958908WA0038800387
B0110294750183N11958908WA0038800387
B0110304750183N11958908WA0038800387
B0110314750183N11958908WA0038800387
B0110324750183N11958908WA0038800387
B0110334750183N11958908WA0038800387
B0110344750183N11958908WA0038800387
B0110354750183N11958908WA0038800387
B0110364750183N11958908WA0038800387
B0110374750183N11958908WA0038800387
B0110384750183N11958908WA0038800387
B0110394750183N11958908WA0038800387
B0110404750184N11958908WA0038800387
B0110414750184N11958908WA0038800387
B0110424750184N11958908WA0038800387
B0110434750184N11958908WA0038800387
B0110444750183N11958908WA0038800387
B0110454750183N11958908WA0038800387
B0110464750183N11958908WA0038800387
B0110474750183N11958908WA0038800387
B0110484750183N11958908WA0038800387
B0110494750183N11958908WA0038800387
B0110504750183N11958908WA0038800387
B0110514750183N11958908WA0038800387
B0110524750183N11958908WA0038800387
B0110534750183N11958908WA0038800387
B0110544750183N11958908WA0038800387
B0110554750183N11958908WA0038800387
B0110564750183N11958908WA0038800387
B0110574750183N11958908WA0038800387
B0110584750183N11958908WA0038800387
B0110594750183N11958908WA0038800387
B0111004750183N11958908WA0038800387
B0111014750184N11958908WA0038800387
B0111024750184N11958908WA0038800387
B0111034750184N11958908WA0038800387
B0111044750184N11958908WA0038800387
B0111054750184N11958908WA0038800387
B0111064750184N11958908WA0038800387
B0111074750184N11958908WA0038800387
B0111084750184N11958908WA0038800387
B0111094750184N11958908WA0038800387
B0111104750184N11958908WA0038800386
B0111114750184N11958908WA0038800387
B0111124750184N11958908WA0038800387
B0111134750184N11958908WA0038800387
B0111144750184N11958908WA0038800387
B0111154750184N11958908WA0038800387
B0111164750184N11958909WA0038800387
B0111174750184N11958909WA0038800387
B0111184750184N11958908WA0038800387
B0111194750184N11958909WA0038800387
B0111204750184N11958909WA0038800387
B0111214750184N11958909WA0038800387
B0111224750184N11958909WA0038800387
B0111234750183N11958909WA0038800388
B0111244750183N11958909WA0038800388
B0111254750183N11958909WA0038800388
B0111264750183N11958909WA0038800387
B0111274750183N11958909WA0038800388
B0111284750183N11958909WA0038800388
B0111294750183N11958909WA0038800388
B0111304750183N11958909WA0038800388
B0111314750183N11958909WA0038800388
B0111324750183N11958909WA0038800388
B0111334750183N11958909WA0038800388
B0111344750183N11958909WA0038800388
B0111354750183N11958909WA0038800388
B0111364750183N11958909WA0038800389
B0111374750183N11958909WA0038800389
B0111384750183N11958909WA0038800389
B0111394750183N11958909WA0038800389
B0111404750183N11958909WA0038800389
B0111414750183N11958909WA0038800389
B0111424750183N11958909WA0038800389
B0111434750183N11958910WA0038800389
B0111444750183N11958910WA0038800389
B0111454750183N11958910WA0038800390
B0111464750183N11958910WA0038800390
B0111474750183N11958910WA0038800390
B0111484750183N11958910WA0038800390
B0111494750183N11958910WA0038800390
B0111504750183N11958910WA0038800390
B0111514750183N11958910WA0038800390
B0111524750183N11958910WA0038800390
B0111534750183N11958910WA0038800390
B0111544750183N11958910WA0038800390
B0111554750183N11958910WA0038800390
B0111564750183N11958910WA0038800390
B0111574750183N11958910WA0038800390
B0111584750183N11958910WA0038800390
B0111594750183N11958910WA0038800390
B0112004750183N11958910WA0038800390
B0112014750183N11958910WA0038800390
B0112024750183N11958910WA0038800390
B0112034750183N11958910WA0038800390
B0112044750183N11958910WA0038800390
B0112054750183N11958910WA0038800390
B0112064750183N11958910WA0038800390
B0112074750183N11958910WA0038800390
B0112084750183N11958910WA0038800390
B0112094750183N11958910WA0038800390
B0112104750183N11958910WA0038800390
B0112114750183N11958910WA0038800390
B0112124750183N11958910WA0038800390
B0112134750183N11958910WA0038800390
B0112144750183N11958910WA0038800390
B0112154750183N11958910WA0038800390
B0112164750183N11958910WA0038800390
B0112174750183N11958910WA0038800390
B0112184750183N11958910WA0038800390
B0112194750183N11958910WA0038800390
B0112204750183N11958910WA0038800389
B0112214750183N11958910WA0038800389
B0112224750183N11958910WA0038800389
B0112234750183N11958910WA0038800389
B0112244750182N11958910WA0038800389
B0112254750182N11958910WA0038800388
B0112264750182N11958910WA0038800388
B0112274750182N11958910WA0038800388
B0112284750182N11958910WA0038800388
B0112294750182N11958910WA0038800388
B0112304750182N11958910WA0038800388
B0112314750182N11958910WA0038800388
B0112324750182N11958910WA0038800388
B0112334750182N11958910WA0038800388
B0112344750182N11958910WA0038800388
B0112354750182N11958910WA0038800388
B0112364750182N11958910WA0038800388
B0112374750182N11958910WA0038800388
B0112384750182N11958910WA0038800388
B0112394750182N11958910WA0038800388
B0112404750182N11958910WA0038800388
B0112414750182N11958910WA0038800388
B0112424750182N11958910WA0038800388
B0112434750182N11958910WA0038800388
B0112444750182N11958910WA0038800388
B0112454750182N11958910WA0038800388
B0112464750182N11958910WA0038800387
B0112474750182N11958910WA0038800388
B0112484750182N11958910WA0038800388
B0112494750182N11958910WA0038800388
B0112504750182N11958910WA0038800388
B0112514750182N11958910WA0038800388
B0112524750182N11958910WA0038800388
B0112534750182N11958910WA0038700388
B0112544750182N11958910WA0038800388
B0112554750182N11958910WA0038800388
B0112564750182N11958911WA0038800387
B0112574750182N11958911WA0038800387
B0112584750181N11958911WA0038800387
B0112594750181N11958910WA0038800387
B0113004750181N11958910WA0038800387
B0113014750181N11958910WA0038800386
B0113024750181N11958910WA0038800386
B0113034750181N11958910WA0038800386
B0113044750181N11958910WA0038800386
B0113054750181N11958910WA0038800385
B0113064750181N11958910WA0038800385
B0113074750181N11958910WA0038800385
B0113084750181N11958910WA0038800385
B0113094750181N11958910WA0038800385
B0113104750181N11958910WA0038800385
B0113114750181N11958910WA0038800385
B0113124750181N11958910WA0038800385
B0113134750181N11958910WA0038800384
B0113144750181N11958910WA0038800384
B0113154750181N11958910WA0038800384
B0113164750181N11958910WA0038800384
B0113174750181N11958910WA0038800384
B0113184750181N11958910WA0038800384
B0113194750181N11958910WA0038800384
B0113204750181N11958910WA0038800385
B0113214750181N11958909WA0038800385
B0113224750181N11958909WA0038800385
B0113234750181N11958909WA0038800386
B0113244750181N11958909WA0038800387
B0113254750181N11958909WA0038800387
B0113264750181N11958909WA0038800387
B0113274750181N11958909WA0038800387
B0113284750181N11958909WA0038800388
B0113294750181N11958909WA0038800388
B0113304750181N11958909WA0038800388
B0113314750181N11958909WA0038800388
B0113324750181N11958909WA0038800388
B0113334750181N11958909WA0038800388
B0113344750181N11958909WA0038800388
B0113354750181N11958909WA0038800388
B0113364750181N11958909WA0038800388
B0113374750181N11958909WA0038800388
B0113384750181N11958909WA0038800388
B0113394750181N11958909WA0038800388
B0113404750181N11958909WA0038800388
B0113414750181N11958909WA0038800388
B0113424750181N11958909WA0038800387
B0113434750181N11958909WA0038800387
LXFM live.flymaster.net version 1.01
LXFM Created 2025-06-24 01:45:14
LXFM flight id 1614426
G7820F07DDBF6341317F00BAFEAF4F948
